error_type,layer,median_auc_s0,median_auc_s16,median_delta,method_group,metric_name,object_type,paired_n,region,statistic,tasks_improved,tasks_regressed,ties
source_state_norm_drift,0,0.0,0.0,0.0,pattern,abs_log_norm_ratio,hidden,12,all_tokens,max,0,0,12
source_state_norm_drift,0,0.0,0.0,0.0,pattern,abs_log_norm_ratio,hidden,12,all_tokens,mean,0,0,12
source_state_norm_drift,0,0.0,0.0,0.0,pattern,abs_log_norm_ratio,hidden,12,all_tokens,p50,0,0,12
source_state_norm_drift,0,0.0,0.0,0.0,pattern,abs_log_norm_ratio,hidden,12,all_tokens,p90,0,0,12
source_state_norm_drift,0,0.0,0.0,0.0,pattern,abs_log_norm_ratio,hidden,12,all_tokens,p95,0,0,12
source_state_norm_drift,0,0.0,0.0,0.0,pattern,abs_log_norm_ratio,hidden,12,all_tokens,p99,0,0,12
source_state_norm_drift,0,0.0,0.0,0.0,pattern,direction_error,hidden,12,all_tokens,max,0,0,12
source_state_norm_drift,0,0.0,0.0,0.0,pattern,direction_error,hidden,12,all_tokens,mean,0,0,12
source_state_norm_drift,0,0.0,0.0,0.0,pattern,direction_error,hidden,12,all_tokens,p50,0,0,12
source_state_norm_drift,0,0.0,0.0,0.0,pattern,direction_error,hidden,12,all_tokens,p90,0,0,12
source_state_norm_drift,0,0.0,0.0,0.0,pattern,direction_error,hidden,12,all_tokens,p95,0,0,12
source_state_norm_drift,0,0.0,0.0,0.0,pattern,direction_error,hidden,12,all_tokens,p99,0,0,12
source_state_norm_drift,0,0.0,0.0,0.0,pattern,norm_ratio,hidden,12,all_tokens,max,0,0,12
source_state_norm_drift,0,0.0,0.0,0.0,pattern,norm_ratio,hidden,12,all_tokens,mean,0,0,12
source_state_norm_drift,0,0.0,0.0,0.0,pattern,norm_ratio,hidden,12,all_tokens,p50,0,0,12
source_state_norm_drift,0,0.0,0.0,0.0,pattern,norm_ratio,hidden,12,all_tokens,p90,0,0,12
source_state_norm_drift,0,0.0,0.0,0.0,pattern,norm_ratio,hidden,12,all_tokens,p95,0,0,12
source_state_norm_drift,0,0.0,0.0,0.0,pattern,norm_ratio,hidden,12,all_tokens,p99,0,0,12
source_state_norm_drift,0,0.0,0.0,0.0,pattern,relative_L2,hidden,12,all_tokens,max,0,0,12
source_state_norm_drift,0,0.0,0.0,0.0,pattern,relative_L2,hidden,12,all_tokens,mean,0,0,12
source_state_norm_drift,0,0.0,0.0,0.0,pattern,relative_L2,hidden,12,all_tokens,p50,0,0,12
source_state_norm_drift,0,0.0,0.0,0.0,pattern,relative_L2,hidden,12,all_tokens,p90,0,0,12
source_state_norm_drift,0,0.0,0.0,0.0,pattern,relative_L2,hidden,12,all_tokens,p95,0,0,12
source_state_norm_drift,0,0.0,0.0,0.0,pattern,relative_L2,hidden,12,all_tokens,p99,0,0,12
source_state_norm_drift,0,0.0,0.0,0.0,pattern,relative_norm_error,hidden,12,all_tokens,max,0,0,12
source_state_norm_drift,0,0.0,0.0,0.0,pattern,relative_norm_error,hidden,12,all_tokens,mean,0,0,12
source_state_norm_drift,0,0.0,0.0,0.0,pattern,relative_norm_error,hidden,12,all_tokens,p50,0,0,12
source_state_norm_drift,0,0.0,0.0,0.0,pattern,relative_norm_error,hidden,12,all_tokens,p90,0,0,12
source_state_norm_drift,0,0.0,0.0,0.0,pattern,relative_norm_error,hidden,12,all_tokens,p95,0,0,12
source_state_norm_drift,0,0.0,0.0,0.0,pattern,relative_norm_error,hidden,12,all_tokens,p99,0,0,12
source_state_norm_drift,0,0.0,0.0,0.0,pattern,signed_norm_drift,hidden,12,all_tokens,max,0,0,12
source_state_norm_drift,0,0.0,0.0,0.0,pattern,signed_norm_drift,hidden,12,all_tokens,mean,0,0,12
source_state_norm_drift,0,0.0,0.0,0.0,pattern,signed_norm_drift,hidden,12,all_tokens,p50,0,0,12
source_state_norm_drift,0,0.0,0.0,0.0,pattern,signed_norm_drift,hidden,12,all_tokens,p90,0,0,12
source_state_norm_drift,0,0.0,0.0,0.0,pattern,signed_norm_drift,hidden,12,all_tokens,p95,0,0,12
source_state_norm_drift,0,0.0,0.0,0.0,pattern,signed_norm_drift,hidden,12,all_tokens,p99,0,0,12
source_state_norm_drift,0,0.0,0.0,0.0,pattern,abs_log_norm_ratio,k_source,12,all_tokens,max,0,0,12
source_state_norm_drift,0,0.0,0.0,0.0,pattern,abs_log_norm_ratio,k_source,12,all_tokens,mean,0,0,12
source_state_norm_drift,0,0.0,0.0,0.0,pattern,abs_log_norm_ratio,k_source,12,all_tokens,p50,0,0,12
source_state_norm_drift,0,0.0,0.0,0.0,pattern,abs_log_norm_ratio,k_source,12,all_tokens,p90,0,0,12
source_state_norm_drift,0,0.0,0.0,0.0,pattern,abs_log_norm_ratio,k_source,12,all_tokens,p95,0,0,12
source_state_norm_drift,0,0.0,0.0,0.0,pattern,abs_log_norm_ratio,k_source,12,all_tokens,p99,0,0,12
source_state_norm_drift,0,1.4901161193847656e-08,1.4901161193847656e-08,0.0,pattern,direction_error,k_source,12,all_tokens,max,0,0,12
source_state_norm_drift,0,-9.411211685869764e-10,-9.411211685869764e-10,0.0,pattern,direction_error,k_source,12,all_tokens,mean,0,0,12
source_state_norm_drift,0,0.0,0.0,0.0,pattern,direction_error,k_source,12,all_tokens,p50,0,0,12
source_state_norm_drift,0,0.0,0.0,0.0,pattern,direction_error,k_source,12,all_tokens,p90,0,0,12
source_state_norm_drift,0,0.0,0.0,0.0,pattern,direction_error,k_source,12,all_tokens,p95,0,0,12
source_state_norm_drift,0,0.0,0.0,0.0,pattern,direction_error,k_source,12,all_tokens,p99,0,0,12
source_state_norm_drift,0,0.0,0.0,0.0,pattern,norm_ratio,k_source,12,all_tokens,max,0,0,12
source_state_norm_drift,0,0.0,0.0,0.0,pattern,norm_ratio,k_source,12,all_tokens,mean,0,0,12
source_state_norm_drift,0,0.0,0.0,0.0,pattern,norm_ratio,k_source,12,all_tokens,p50,0,0,12
source_state_norm_drift,0,0.0,0.0,0.0,pattern,norm_ratio,k_source,12,all_tokens,p90,0,0,12
source_state_norm_drift,0,0.0,0.0,0.0,pattern,norm_ratio,k_source,12,all_tokens,p95,0,0,12
source_state_norm_drift,0,0.0,0.0,0.0,pattern,norm_ratio,k_source,12,all_tokens,p99,0,0,12
source_state_norm_drift,0,0.0,0.0,0.0,pattern,relative_L2,k_source,12,all_tokens,max,0,0,12
source_state_norm_drift,0,0.0,0.0,0.0,pattern,relative_L2,k_source,12,all_tokens,mean,0,0,12
source_state_norm_drift,0,0.0,0.0,0.0,pattern,relative_L2,k_source,12,all_tokens,p50,0,0,12
source_state_norm_drift,0,0.0,0.0,0.0,pattern,relative_L2,k_source,12,all_tokens,p90,0,0,12
source_state_norm_drift,0,0.0,0.0,0.0,pattern,relative_L2,k_source,12,all_tokens,p95,0,0,12
source_state_norm_drift,0,0.0,0.0,0.0,pattern,relative_L2,k_source,12,all_tokens,p99,0,0,12
source_state_norm_drift,0,0.0,0.0,0.0,pattern,relative_norm_error,k_source,12,all_tokens,max,0,0,12
source_state_norm_drift,0,0.0,0.0,0.0,pattern,relative_norm_error,k_source,12,all_tokens,mean,0,0,12
source_state_norm_drift,0,0.0,0.0,0.0,pattern,relative_norm_error,k_source,12,all_tokens,p50,0,0,12
source_state_norm_drift,0,0.0,0.0,0.0,pattern,relative_norm_error,k_source,12,all_tokens,p90,0,0,12
source_state_norm_drift,0,0.0,0.0,0.0,pattern,relative_norm_error,k_source,12,all_tokens,p95,0,0,12
source_state_norm_drift,0,0.0,0.0,0.0,pattern,relative_norm_error,k_source,12,all_tokens,p99,0,0,12
source_state_norm_drift,0,0.0,0.0,0.0,pattern,signed_norm_drift,k_source,12,all_tokens,max,0,0,12
source_state_norm_drift,0,0.0,0.0,0.0,pattern,signed_norm_drift,k_source,12,all_tokens,mean,0,0,12
source_state_norm_drift,0,0.0,0.0,0.0,pattern,signed_norm_drift,k_source,12,all_tokens,p50,0,0,12
source_state_norm_drift,0,0.0,0.0,0.0,pattern,signed_norm_drift,k_source,12,all_tokens,p90,0,0,12
source_state_norm_drift,0,0.0,0.0,0.0,pattern,signed_norm_drift,k_source,12,all_tokens,p95,0,0,12
source_state_norm_drift,0,0.0,0.0,0.0,pattern,signed_norm_drift,k_source,12,all_tokens,p99,0,0,12
representation_norm_error,0,0.1831333041191101,0.39114558696746826,0.20801228284835815,pattern,abs_log_norm_ratio,k_stored,1,packed_history,max,0,1,0
representation_norm_error,0,0.04496325340219288,0.04595802705780625,0.0009947736556133735,pattern,abs_log_norm_ratio,k_stored,1,packed_history,mean,0,1,0
representation_norm_error,0,0.0409874627366662,0.04062103107571602,-0.00036643166095018387,pattern,abs_log_norm_ratio,k_stored,1,packed_history,p50,1,0,0
representation_norm_error,0,0.07807342223823072,0.08571665734052664,0.00764323510229592,pattern,abs_log_norm_ratio,k_stored,1,packed_history,p90,0,1,0
representation_norm_error,0,0.09874466527253388,0.10987067837268116,0.011126013100147283,pattern,abs_log_norm_ratio,k_stored,1,packed_history,p95,0,1,0
representation_norm_error,0,0.10066700752824698,0.1526576037704949,0.051990596242247916,pattern,abs_log_norm_ratio,k_stored,1,packed_history,p99,0,1,0
representation_norm_error,0,0.3552417755126953,0.33405643701553345,-0.021185338497161865,pattern,direction_error,k_stored,1,packed_history,max,1,0,0
representation_norm_error,0,0.0438037154799531,0.046130812982482894,0.0023270975025297957,pattern,direction_error,k_stored,1,packed_history,mean,0,1,0
representation_norm_error,0,0.042414501309394836,0.04563981294631958,0.0032253116369247437,pattern,direction_error,k_stored,1,packed_history,p50,0,1,0
representation_norm_error,0,0.06496509015560151,0.06657674610614775,0.0016116559505462424,pattern,direction_error,k_stored,1,packed_history,p90,0,1,0
representation_norm_error,0,0.08209083974361409,0.08214715272188182,5.6312978267733516e-05,pattern,direction_error,k_stored,1,packed_history,p95,0,1,0
representation_norm_error,0,0.08700019359588684,0.11525422066450121,0.028254027068614365,pattern,direction_error,k_stored,1,packed_history,p99,0,1,0
representation_norm_error,0,0.4871084690093994,1.025017261505127,0.5379087924957275,pattern,norm_ratio,k_stored,1,packed_history,max,0,1,0
representation_norm_error,0,0.052422737996494106,0.05147591060267587,-0.0009468273938182392,pattern,norm_ratio,k_stored,1,packed_history,mean,1,0,0
representation_norm_error,0,0.04343986511230469,0.04220116138458252,-0.001238703727722168,pattern,norm_ratio,k_stored,1,packed_history,p50,1,0,0
representation_norm_error,0,0.08525680899620047,0.09347906112670912,0.008222252130508645,pattern,norm_ratio,k_stored,1,packed_history,p90,0,1,0
representation_norm_error,0,0.1096170753240584,0.12169333994388576,0.01207626461982736,pattern,norm_ratio,k_stored,1,packed_history,p95,0,1,0
representation_norm_error,0,0.11561581432819545,0.17520200550556275,0.0595861911773673,pattern,norm_ratio,k_stored,1,packed_history,p99,0,1,0
representation_norm_error,0,0.9595746994018555,1.149418294429779,0.18984359502792358,pattern,relative_L2,k_stored,1,packed_history,max,0,1,0
representation_norm_error,0,0.1696210282748325,0.18023974890627414,0.010618720631441647,pattern,relative_L2,k_stored,1,packed_history,mean,0,1,0
representation_norm_error,0,0.17355696856975555,0.18371783196926117,0.010160863399505615,pattern,relative_L2,k_stored,1,packed_history,p50,0,1,0
representation_norm_error,0,0.20077664256095884,0.21472927778959275,0.013952635228633908,pattern,relative_L2,k_stored,1,packed_history,p90,0,1,0
representation_norm_error,0,0.26524955928325655,0.26806186512112606,0.002812305837869511,pattern,relative_L2,k_stored,1,packed_history,p95,0,1,0
representation_norm_error,0,0.23003129288554325,0.3428577019274239,0.11282640904188063,pattern,relative_L2,k_stored,1,packed_history,p99,0,1,0
representation_norm_error,0,0.4871087074279785,1.02501779794693,0.5379090905189514,pattern,relative_norm_error,k_stored,1,packed_history,max,0,1,0
representation_norm_error,0,0.049531781517765903,0.050891702123063966,0.0013599206052980622,pattern,relative_norm_error,k_stored,1,packed_history,mean,0,1,0
representation_norm_error,0,0.04285391420125961,0.042257921770215034,-0.0005959924310445786,pattern,relative_norm_error,k_stored,1,packed_history,p50,1,0,0
representation_norm_error,0,0.08525673411786558,0.09347895495593551,0.008222220838069935,pattern,relative_norm_error,k_stored,1,packed_history,p90,0,1,0
representation_norm_error,0,0.10961721893399952,0.1216932322829962,0.012076013348996675,pattern,relative_norm_error,k_stored,1,packed_history,p95,0,1,0
representation_norm_error,0,0.11561585772782751,0.17520188018679672,0.05958602245896921,pattern,relative_norm_error,k_stored,1,packed_history,p99,0,1,0
representation_norm_error,0,0.4871087074279785,1.02501779794693,0.5379090905189514,pattern,signed_norm_drift,k_stored,1,packed_history,max,0,1,0
representation_norm_error,0,0.05242273872179281,0.051475910368679094,-0.0009468283531137156,pattern,signed_norm_drift,k_stored,1,packed_history,mean,1,0,0
representation_norm_error,0,0.043439882807433605,0.042201331816613674,-0.001238550990819931,pattern,signed_norm_drift,k_stored,1,packed_history,p50,1,0,0
representation_norm_error,0,0.08525673411786558,0.09347895495593551,0.008222220838069935,pattern,signed_norm_drift,k_stored,1,packed_history,p90,0,1,0
representation_norm_error,0,0.10961721893399952,0.1216932322829962,0.012076013348996675,pattern,signed_norm_drift,k_stored,1,packed_history,p95,0,1,0
representation_norm_error,0,0.11561585772782751,0.17520188018679672,0.05958602245896921,pattern,signed_norm_drift,k_stored,1,packed_history,p99,0,1,0
representation_norm_error,0,0.0,0.0,0.0,pattern,abs_log_norm_ratio,k_stored,12,pending_history,max,0,0,12
representation_norm_error,0,0.0,0.0,0.0,pattern,abs_log_norm_ratio,k_stored,12,pending_history,mean,0,0,12
representation_norm_error,0,0.0,0.0,0.0,pattern,abs_log_norm_ratio,k_stored,12,pending_history,p50,0,0,12
representation_norm_error,0,0.0,0.0,0.0,pattern,abs_log_norm_ratio,k_stored,12,pending_history,p90,0,0,12
representation_norm_error,0,0.0,0.0,0.0,pattern,abs_log_norm_ratio,k_stored,12,pending_history,p95,0,0,12
representation_norm_error,0,0.0,0.0,0.0,pattern,abs_log_norm_ratio,k_stored,12,pending_history,p99,0,0,12
representation_norm_error,0,1.4901161193847656e-08,1.4901161193847656e-08,0.0,pattern,direction_error,k_stored,12,pending_history,max,1,3,8
representation_norm_error,0,-6.565824151039124e-10,-5.621272965596106e-10,6.25504191569324e-10,pattern,direction_error,k_stored,12,pending_history,mean,5,7,0
representation_norm_error,0,0.0,0.0,0.0,pattern,direction_error,k_stored,12,pending_history,p50,0,0,12
representation_norm_error,0,2.9802322387695312e-08,2.9802322387695312e-08,0.0,pattern,direction_error,k_stored,12,pending_history,p90,5,5,2
representation_norm_error,0,0.0,0.0,0.0,pattern,direction_error,k_stored,12,pending_history,p95,0,1,11
representation_norm_error,0,0.0,-2.041459083557157e-08,0.0,pattern,direction_error,k_stored,12,pending_history,p99,3,2,7
representation_norm_error,0,0.0,0.0,0.0,pattern,norm_ratio,k_stored,12,pending_history,max,0,0,12
representation_norm_error,0,0.0,0.0,0.0,pattern,norm_ratio,k_stored,12,pending_history,mean,0,0,12
representation_norm_error,0,0.0,0.0,0.0,pattern,norm_ratio,k_stored,12,pending_history,p50,0,0,12
representation_norm_error,0,0.0,0.0,0.0,pattern,norm_ratio,k_stored,12,pending_history,p90,0,0,12
representation_norm_error,0,0.0,0.0,0.0,pattern,norm_ratio,k_stored,12,pending_history,p95,0,0,12
representation_norm_error,0,0.0,0.0,0.0,pattern,norm_ratio,k_stored,12,pending_history,p99,0,0,12
representation_norm_error,0,0.0,0.0,0.0,pattern,relative_L2,k_stored,12,pending_history,max,0,0,12
representation_norm_error,0,0.0,0.0,0.0,pattern,relative_L2,k_stored,12,pending_history,mean,0,0,12
representation_norm_error,0,0.0,0.0,0.0,pattern,relative_L2,k_stored,12,pending_history,p50,0,0,12
representation_norm_error,0,0.0,0.0,0.0,pattern,relative_L2,k_stored,12,pending_history,p90,0,0,12
representation_norm_error,0,0.0,0.0,0.0,pattern,relative_L2,k_stored,12,pending_history,p95,0,0,12
representation_norm_error,0,0.0,0.0,0.0,pattern,relative_L2,k_stored,12,pending_history,p99,0,0,12
representation_norm_error,0,0.0,0.0,0.0,pattern,relative_norm_error,k_stored,12,pending_history,max,0,0,12
representation_norm_error,0,0.0,0.0,0.0,pattern,relative_norm_error,k_stored,12,pending_history,mean,0,0,12
representation_norm_error,0,0.0,0.0,0.0,pattern,relative_norm_error,k_stored,12,pending_history,p50,0,0,12
representation_norm_error,0,0.0,0.0,0.0,pattern,relative_norm_error,k_stored,12,pending_history,p90,0,0,12
representation_norm_error,0,0.0,0.0,0.0,pattern,relative_norm_error,k_stored,12,pending_history,p95,0,0,12
representation_norm_error,0,0.0,0.0,0.0,pattern,relative_norm_error,k_stored,12,pending_history,p99,0,0,12
representation_norm_error,0,0.0,0.0,0.0,pattern,signed_norm_drift,k_stored,12,pending_history,max,0,0,12
representation_norm_error,0,0.0,0.0,0.0,pattern,signed_norm_drift,k_stored,12,pending_history,mean,0,0,12
representation_norm_error,0,0.0,0.0,0.0,pattern,signed_norm_drift,k_stored,12,pending_history,p50,0,0,12
representation_norm_error,0,0.0,0.0,0.0,pattern,signed_norm_drift,k_stored,12,pending_history,p90,0,0,12
representation_norm_error,0,0.0,0.0,0.0,pattern,signed_norm_drift,k_stored,12,pending_history,p95,0,0,12
representation_norm_error,0,0.0,0.0,0.0,pattern,signed_norm_drift,k_stored,12,pending_history,p99,0,0,12
representation_norm_error,0,0.0,0.0,0.0,pattern,abs_log_norm_ratio,k_stored,12,recent,max,0,0,12
representation_norm_error,0,0.0,0.0,0.0,pattern,abs_log_norm_ratio,k_stored,12,recent,mean,0,0,12
representation_norm_error,0,0.0,0.0,0.0,pattern,abs_log_norm_ratio,k_stored,12,recent,p50,0,0,12
representation_norm_error,0,0.0,0.0,0.0,pattern,abs_log_norm_ratio,k_stored,12,recent,p90,0,0,12
representation_norm_error,0,0.0,0.0,0.0,pattern,abs_log_norm_ratio,k_stored,12,recent,p95,0,0,12
representation_norm_error,0,0.0,0.0,0.0,pattern,abs_log_norm_ratio,k_stored,12,recent,p99,0,0,12
representation_norm_error,0,0.0,0.0,0.0,pattern,direction_error,k_stored,12,recent,max,0,0,12
representation_norm_error,0,-7.8580342233181e-10,-7.8580342233181e-10,0.0,pattern,direction_error,k_stored,12,recent,mean,0,0,12
representation_norm_error,0,0.0,0.0,0.0,pattern,direction_error,k_stored,12,recent,p50,0,0,12
representation_norm_error,0,0.0,0.0,0.0,pattern,direction_error,k_stored,12,recent,p90,0,0,12
representation_norm_error,0,0.0,0.0,0.0,pattern,direction_error,k_stored,12,recent,p95,0,0,12
representation_norm_error,0,0.0,0.0,0.0,pattern,direction_error,k_stored,12,recent,p99,0,0,12
representation_norm_error,0,0.0,0.0,0.0,pattern,norm_ratio,k_stored,12,recent,max,0,0,12
representation_norm_error,0,0.0,0.0,0.0,pattern,norm_ratio,k_stored,12,recent,mean,0,0,12
representation_norm_error,0,0.0,0.0,0.0,pattern,norm_ratio,k_stored,12,recent,p50,0,0,12
representation_norm_error,0,0.0,0.0,0.0,pattern,norm_ratio,k_stored,12,recent,p90,0,0,12
representation_norm_error,0,0.0,0.0,0.0,pattern,norm_ratio,k_stored,12,recent,p95,0,0,12
representation_norm_error,0,0.0,0.0,0.0,pattern,norm_ratio,k_stored,12,recent,p99,0,0,12
representation_norm_error,0,0.0,0.0,0.0,pattern,relative_L2,k_stored,12,recent,max,0,0,12
representation_norm_error,0,0.0,0.0,0.0,pattern,relative_L2,k_stored,12,recent,mean,0,0,12
representation_norm_error,0,0.0,0.0,0.0,pattern,relative_L2,k_stored,12,recent,p50,0,0,12
representation_norm_error,0,0.0,0.0,0.0,pattern,relative_L2,k_stored,12,recent,p90,0,0,12
representation_norm_error,0,0.0,0.0,0.0,pattern,relative_L2,k_stored,12,recent,p95,0,0,12
representation_norm_error,0,0.0,0.0,0.0,pattern,relative_L2,k_stored,12,recent,p99,0,0,12
representation_norm_error,0,0.0,0.0,0.0,pattern,relative_norm_error,k_stored,12,recent,max,0,0,12
representation_norm_error,0,0.0,0.0,0.0,pattern,relative_norm_error,k_stored,12,recent,mean,0,0,12
representation_norm_error,0,0.0,0.0,0.0,pattern,relative_norm_error,k_stored,12,recent,p50,0,0,12
representation_norm_error,0,0.0,0.0,0.0,pattern,relative_norm_error,k_stored,12,recent,p90,0,0,12
representation_norm_error,0,0.0,0.0,0.0,pattern,relative_norm_error,k_stored,12,recent,p95,0,0,12
representation_norm_error,0,0.0,0.0,0.0,pattern,relative_norm_error,k_stored,12,recent,p99,0,0,12
representation_norm_error,0,0.0,0.0,0.0,pattern,signed_norm_drift,k_stored,12,recent,max,0,0,12
representation_norm_error,0,0.0,0.0,0.0,pattern,signed_norm_drift,k_stored,12,recent,mean,0,0,12
representation_norm_error,0,0.0,0.0,0.0,pattern,signed_norm_drift,k_stored,12,recent,p50,0,0,12
representation_norm_error,0,0.0,0.0,0.0,pattern,signed_norm_drift,k_stored,12,recent,p90,0,0,12
representation_norm_error,0,0.0,0.0,0.0,pattern,signed_norm_drift,k_stored,12,recent,p95,0,0,12
representation_norm_error,0,0.0,0.0,0.0,pattern,signed_norm_drift,k_stored,12,recent,p99,0,0,12
stored_norm_error,0,0.1831333041191101,0.39114558696746826,0.20801228284835815,pattern,abs_log_norm_ratio,k_stored,1,packed_history,max,0,1,0
stored_norm_error,0,0.04496325340219288,0.04595802705780625,0.0009947736556133735,pattern,abs_log_norm_ratio,k_stored,1,packed_history,mean,0,1,0
stored_norm_error,0,0.0409874627366662,0.04062103107571602,-0.00036643166095018387,pattern,abs_log_norm_ratio,k_stored,1,packed_history,p50,1,0,0
stored_norm_error,0,0.07807342223823072,0.08571665734052664,0.00764323510229592,pattern,abs_log_norm_ratio,k_stored,1,packed_history,p90,0,1,0
stored_norm_error,0,0.09874466527253388,0.10987067837268116,0.011126013100147283,pattern,abs_log_norm_ratio,k_stored,1,packed_history,p95,0,1,0
stored_norm_error,0,0.10066700752824698,0.1526576037704949,0.051990596242247916,pattern,abs_log_norm_ratio,k_stored,1,packed_history,p99,0,1,0
stored_norm_error,0,0.3552417755126953,0.33405643701553345,-0.021185338497161865,pattern,direction_error,k_stored,1,packed_history,max,1,0,0
stored_norm_error,0,0.0438037154799531,0.046130812982482894,0.0023270975025297957,pattern,direction_error,k_stored,1,packed_history,mean,0,1,0
stored_norm_error,0,0.042414501309394836,0.04563981294631958,0.0032253116369247437,pattern,direction_error,k_stored,1,packed_history,p50,0,1,0
stored_norm_error,0,0.06496509015560151,0.06657674610614775,0.0016116559505462424,pattern,direction_error,k_stored,1,packed_history,p90,0,1,0
stored_norm_error,0,0.08209083974361409,0.08214715272188182,5.6312978267733516e-05,pattern,direction_error,k_stored,1,packed_history,p95,0,1,0
stored_norm_error,0,0.08700019359588684,0.11525422066450121,0.028254027068614365,pattern,direction_error,k_stored,1,packed_history,p99,0,1,0
stored_norm_error,0,0.4871084690093994,1.025017261505127,0.5379087924957275,pattern,norm_ratio,k_stored,1,packed_history,max,0,1,0
stored_norm_error,0,0.052422737996494106,0.05147591060267587,-0.0009468273938182392,pattern,norm_ratio,k_stored,1,packed_history,mean,1,0,0
stored_norm_error,0,0.04343986511230469,0.04220116138458252,-0.001238703727722168,pattern,norm_ratio,k_stored,1,packed_history,p50,1,0,0
stored_norm_error,0,0.08525680899620047,0.09347906112670912,0.008222252130508645,pattern,norm_ratio,k_stored,1,packed_history,p90,0,1,0
stored_norm_error,0,0.1096170753240584,0.12169333994388576,0.01207626461982736,pattern,norm_ratio,k_stored,1,packed_history,p95,0,1,0
stored_norm_error,0,0.11561581432819545,0.17520200550556275,0.0595861911773673,pattern,norm_ratio,k_stored,1,packed_history,p99,0,1,0
stored_norm_error,0,0.9595746994018555,1.149418294429779,0.18984359502792358,pattern,relative_L2,k_stored,1,packed_history,max,0,1,0
stored_norm_error,0,0.1696210282748325,0.18023974890627414,0.010618720631441647,pattern,relative_L2,k_stored,1,packed_history,mean,0,1,0
stored_norm_error,0,0.17355696856975555,0.18371783196926117,0.010160863399505615,pattern,relative_L2,k_stored,1,packed_history,p50,0,1,0
stored_norm_error,0,0.20077664256095884,0.21472927778959275,0.013952635228633908,pattern,relative_L2,k_stored,1,packed_history,p90,0,1,0
stored_norm_error,0,0.26524955928325655,0.26806186512112606,0.002812305837869511,pattern,relative_L2,k_stored,1,packed_history,p95,0,1,0
stored_norm_error,0,0.23003129288554325,0.3428577019274239,0.11282640904188063,pattern,relative_L2,k_stored,1,packed_history,p99,0,1,0
stored_norm_error,0,0.4871087074279785,1.02501779794693,0.5379090905189514,pattern,relative_norm_error,k_stored,1,packed_history,max,0,1,0
stored_norm_error,0,0.049531781517765903,0.050891702123063966,0.0013599206052980622,pattern,relative_norm_error,k_stored,1,packed_history,mean,0,1,0
stored_norm_error,0,0.04285391420125961,0.042257921770215034,-0.0005959924310445786,pattern,relative_norm_error,k_stored,1,packed_history,p50,1,0,0
stored_norm_error,0,0.08525673411786558,0.09347895495593551,0.008222220838069935,pattern,relative_norm_error,k_stored,1,packed_history,p90,0,1,0
stored_norm_error,0,0.10961721893399952,0.1216932322829962,0.012076013348996675,pattern,relative_norm_error,k_stored,1,packed_history,p95,0,1,0
stored_norm_error,0,0.11561585772782751,0.17520188018679672,0.05958602245896921,pattern,relative_norm_error,k_stored,1,packed_history,p99,0,1,0
stored_norm_error,0,0.4871087074279785,1.02501779794693,0.5379090905189514,pattern,signed_norm_drift,k_stored,1,packed_history,max,0,1,0
stored_norm_error,0,0.05242273872179281,0.051475910368679094,-0.0009468283531137156,pattern,signed_norm_drift,k_stored,1,packed_history,mean,1,0,0
stored_norm_error,0,0.043439882807433605,0.042201331816613674,-0.001238550990819931,pattern,signed_norm_drift,k_stored,1,packed_history,p50,1,0,0
stored_norm_error,0,0.08525673411786558,0.09347895495593551,0.008222220838069935,pattern,signed_norm_drift,k_stored,1,packed_history,p90,0,1,0
stored_norm_error,0,0.10961721893399952,0.1216932322829962,0.012076013348996675,pattern,signed_norm_drift,k_stored,1,packed_history,p95,0,1,0
stored_norm_error,0,0.11561585772782751,0.17520188018679672,0.05958602245896921,pattern,signed_norm_drift,k_stored,1,packed_history,p99,0,1,0
stored_norm_error,0,0.0,0.0,0.0,pattern,abs_log_norm_ratio,k_stored,12,pending_history,max,0,0,12
stored_norm_error,0,0.0,0.0,0.0,pattern,abs_log_norm_ratio,k_stored,12,pending_history,mean,0,0,12
stored_norm_error,0,0.0,0.0,0.0,pattern,abs_log_norm_ratio,k_stored,12,pending_history,p50,0,0,12
stored_norm_error,0,0.0,0.0,0.0,pattern,abs_log_norm_ratio,k_stored,12,pending_history,p90,0,0,12
stored_norm_error,0,0.0,0.0,0.0,pattern,abs_log_norm_ratio,k_stored,12,pending_history,p95,0,0,12
stored_norm_error,0,0.0,0.0,0.0,pattern,abs_log_norm_ratio,k_stored,12,pending_history,p99,0,0,12
stored_norm_error,0,1.4901161193847656e-08,1.4901161193847656e-08,0.0,pattern,direction_error,k_stored,12,pending_history,max,1,3,8
stored_norm_error,0,-6.565824151039124e-10,-5.621272965596106e-10,6.25504191569324e-10,pattern,direction_error,k_stored,12,pending_history,mean,5,7,0
stored_norm_error,0,0.0,0.0,0.0,pattern,direction_error,k_stored,12,pending_history,p50,0,0,12
stored_norm_error,0,2.9802322387695312e-08,2.9802322387695312e-08,0.0,pattern,direction_error,k_stored,12,pending_history,p90,5,5,2
stored_norm_error,0,0.0,0.0,0.0,pattern,direction_error,k_stored,12,pending_history,p95,0,1,11
stored_norm_error,0,0.0,-2.041459083557157e-08,0.0,pattern,direction_error,k_stored,12,pending_history,p99,3,2,7
stored_norm_error,0,0.0,0.0,0.0,pattern,norm_ratio,k_stored,12,pending_history,max,0,0,12
stored_norm_error,0,0.0,0.0,0.0,pattern,norm_ratio,k_stored,12,pending_history,mean,0,0,12
stored_norm_error,0,0.0,0.0,0.0,pattern,norm_ratio,k_stored,12,pending_history,p50,0,0,12
stored_norm_error,0,0.0,0.0,0.0,pattern,norm_ratio,k_stored,12,pending_history,p90,0,0,12
stored_norm_error,0,0.0,0.0,0.0,pattern,norm_ratio,k_stored,12,pending_history,p95,0,0,12
stored_norm_error,0,0.0,0.0,0.0,pattern,norm_ratio,k_stored,12,pending_history,p99,0,0,12
stored_norm_error,0,0.0,0.0,0.0,pattern,relative_L2,k_stored,12,pending_history,max,0,0,12
stored_norm_error,0,0.0,0.0,0.0,pattern,relative_L2,k_stored,12,pending_history,mean,0,0,12
stored_norm_error,0,0.0,0.0,0.0,pattern,relative_L2,k_stored,12,pending_history,p50,0,0,12
stored_norm_error,0,0.0,0.0,0.0,pattern,relative_L2,k_stored,12,pending_history,p90,0,0,12
stored_norm_error,0,0.0,0.0,0.0,pattern,relative_L2,k_stored,12,pending_history,p95,0,0,12
stored_norm_error,0,0.0,0.0,0.0,pattern,relative_L2,k_stored,12,pending_history,p99,0,0,12
stored_norm_error,0,0.0,0.0,0.0,pattern,relative_norm_error,k_stored,12,pending_history,max,0,0,12
stored_norm_error,0,0.0,0.0,0.0,pattern,relative_norm_error,k_stored,12,pending_history,mean,0,0,12
stored_norm_error,0,0.0,0.0,0.0,pattern,relative_norm_error,k_stored,12,pending_history,p50,0,0,12
stored_norm_error,0,0.0,0.0,0.0,pattern,relative_norm_error,k_stored,12,pending_history,p90,0,0,12
stored_norm_error,0,0.0,0.0,0.0,pattern,relative_norm_error,k_stored,12,pending_history,p95,0,0,12
stored_norm_error,0,0.0,0.0,0.0,pattern,relative_norm_error,k_stored,12,pending_history,p99,0,0,12
stored_norm_error,0,0.0,0.0,0.0,pattern,signed_norm_drift,k_stored,12,pending_history,max,0,0,12
stored_norm_error,0,0.0,0.0,0.0,pattern,signed_norm_drift,k_stored,12,pending_history,mean,0,0,12
stored_norm_error,0,0.0,0.0,0.0,pattern,signed_norm_drift,k_stored,12,pending_history,p50,0,0,12
stored_norm_error,0,0.0,0.0,0.0,pattern,signed_norm_drift,k_stored,12,pending_history,p90,0,0,12
stored_norm_error,0,0.0,0.0,0.0,pattern,signed_norm_drift,k_stored,12,pending_history,p95,0,0,12
stored_norm_error,0,0.0,0.0,0.0,pattern,signed_norm_drift,k_stored,12,pending_history,p99,0,0,12
stored_norm_error,0,0.0,0.0,0.0,pattern,abs_log_norm_ratio,k_stored,12,recent,max,0,0,12
stored_norm_error,0,0.0,0.0,0.0,pattern,abs_log_norm_ratio,k_stored,12,recent,mean,0,0,12
stored_norm_error,0,0.0,0.0,0.0,pattern,abs_log_norm_ratio,k_stored,12,recent,p50,0,0,12
stored_norm_error,0,0.0,0.0,0.0,pattern,abs_log_norm_ratio,k_stored,12,recent,p90,0,0,12
stored_norm_error,0,0.0,0.0,0.0,pattern,abs_log_norm_ratio,k_stored,12,recent,p95,0,0,12
stored_norm_error,0,0.0,0.0,0.0,pattern,abs_log_norm_ratio,k_stored,12,recent,p99,0,0,12
stored_norm_error,0,0.0,0.0,0.0,pattern,direction_error,k_stored,12,recent,max,0,0,12
stored_norm_error,0,-7.8580342233181e-10,-7.8580342233181e-10,0.0,pattern,direction_error,k_stored,12,recent,mean,0,0,12
stored_norm_error,0,0.0,0.0,0.0,pattern,direction_error,k_stored,12,recent,p50,0,0,12
stored_norm_error,0,0.0,0.0,0.0,pattern,direction_error,k_stored,12,recent,p90,0,0,12
stored_norm_error,0,0.0,0.0,0.0,pattern,direction_error,k_stored,12,recent,p95,0,0,12
stored_norm_error,0,0.0,0.0,0.0,pattern,direction_error,k_stored,12,recent,p99,0,0,12
stored_norm_error,0,0.0,0.0,0.0,pattern,norm_ratio,k_stored,12,recent,max,0,0,12
stored_norm_error,0,0.0,0.0,0.0,pattern,norm_ratio,k_stored,12,recent,mean,0,0,12
stored_norm_error,0,0.0,0.0,0.0,pattern,norm_ratio,k_stored,12,recent,p50,0,0,12
stored_norm_error,0,0.0,0.0,0.0,pattern,norm_ratio,k_stored,12,recent,p90,0,0,12
stored_norm_error,0,0.0,0.0,0.0,pattern,norm_ratio,k_stored,12,recent,p95,0,0,12
stored_norm_error,0,0.0,0.0,0.0,pattern,norm_ratio,k_stored,12,recent,p99,0,0,12
stored_norm_error,0,0.0,0.0,0.0,pattern,relative_L2,k_stored,12,recent,max,0,0,12
stored_norm_error,0,0.0,0.0,0.0,pattern,relative_L2,k_stored,12,recent,mean,0,0,12
stored_norm_error,0,0.0,0.0,0.0,pattern,relative_L2,k_stored,12,recent,p50,0,0,12
stored_norm_error,0,0.0,0.0,0.0,pattern,relative_L2,k_stored,12,recent,p90,0,0,12
stored_norm_error,0,0.0,0.0,0.0,pattern,relative_L2,k_stored,12,recent,p95,0,0,12
stored_norm_error,0,0.0,0.0,0.0,pattern,relative_L2,k_stored,12,recent,p99,0,0,12
stored_norm_error,0,0.0,0.0,0.0,pattern,relative_norm_error,k_stored,12,recent,max,0,0,12
stored_norm_error,0,0.0,0.0,0.0,pattern,relative_norm_error,k_stored,12,recent,mean,0,0,12
stored_norm_error,0,0.0,0.0,0.0,pattern,relative_norm_error,k_stored,12,recent,p50,0,0,12
stored_norm_error,0,0.0,0.0,0.0,pattern,relative_norm_error,k_stored,12,recent,p90,0,0,12
stored_norm_error,0,0.0,0.0,0.0,pattern,relative_norm_error,k_stored,12,recent,p95,0,0,12
stored_norm_error,0,0.0,0.0,0.0,pattern,relative_norm_error,k_stored,12,recent,p99,0,0,12
stored_norm_error,0,0.0,0.0,0.0,pattern,signed_norm_drift,k_stored,12,recent,max,0,0,12
stored_norm_error,0,0.0,0.0,0.0,pattern,signed_norm_drift,k_stored,12,recent,mean,0,0,12
stored_norm_error,0,0.0,0.0,0.0,pattern,signed_norm_drift,k_stored,12,recent,p50,0,0,12
stored_norm_error,0,0.0,0.0,0.0,pattern,signed_norm_drift,k_stored,12,recent,p90,0,0,12
stored_norm_error,0,0.0,0.0,0.0,pattern,signed_norm_drift,k_stored,12,recent,p95,0,0,12
stored_norm_error,0,0.0,0.0,0.0,pattern,signed_norm_drift,k_stored,12,recent,p99,0,0,12
source_state_norm_drift,0,0.0,0.0,0.0,pattern,abs_log_norm_ratio,q_source,12,all_tokens,max,0,0,12
source_state_norm_drift,0,0.0,0.0,0.0,pattern,abs_log_norm_ratio,q_source,12,all_tokens,mean,0,0,12
source_state_norm_drift,0,0.0,0.0,0.0,pattern,abs_log_norm_ratio,q_source,12,all_tokens,p50,0,0,12
source_state_norm_drift,0,0.0,0.0,0.0,pattern,abs_log_norm_ratio,q_source,12,all_tokens,p90,0,0,12
source_state_norm_drift,0,0.0,0.0,0.0,pattern,abs_log_norm_ratio,q_source,12,all_tokens,p95,0,0,12
source_state_norm_drift,0,0.0,0.0,0.0,pattern,abs_log_norm_ratio,q_source,12,all_tokens,p99,0,0,12
source_state_norm_drift,0,2.9802322387695312e-08,2.9802322387695312e-08,0.0,pattern,direction_error,q_source,12,all_tokens,max,0,0,12
source_state_norm_drift,0,-4.2329424159315933e-10,-4.2329424159315933e-10,0.0,pattern,direction_error,q_source,12,all_tokens,mean,0,0,12
source_state_norm_drift,0,0.0,0.0,0.0,pattern,direction_error,q_source,12,all_tokens,p50,0,0,12
source_state_norm_drift,0,0.0,0.0,0.0,pattern,direction_error,q_source,12,all_tokens,p90,0,0,12
source_state_norm_drift,0,0.0,0.0,0.0,pattern,direction_error,q_source,12,all_tokens,p95,0,0,12
source_state_norm_drift,0,0.0,0.0,0.0,pattern,direction_error,q_source,12,all_tokens,p99,0,0,12
source_state_norm_drift,0,0.0,0.0,0.0,pattern,norm_ratio,q_source,12,all_tokens,max,0,0,12
source_state_norm_drift,0,0.0,0.0,0.0,pattern,norm_ratio,q_source,12,all_tokens,mean,0,0,12
source_state_norm_drift,0,0.0,0.0,0.0,pattern,norm_ratio,q_source,12,all_tokens,p50,0,0,12
source_state_norm_drift,0,0.0,0.0,0.0,pattern,norm_ratio,q_source,12,all_tokens,p90,0,0,12
source_state_norm_drift,0,0.0,0.0,0.0,pattern,norm_ratio,q_source,12,all_tokens,p95,0,0,12
source_state_norm_drift,0,0.0,0.0,0.0,pattern,norm_ratio,q_source,12,all_tokens,p99,0,0,12
source_state_norm_drift,0,0.0,0.0,0.0,pattern,relative_L2,q_source,12,all_tokens,max,0,0,12
source_state_norm_drift,0,0.0,0.0,0.0,pattern,relative_L2,q_source,12,all_tokens,mean,0,0,12
source_state_norm_drift,0,0.0,0.0,0.0,pattern,relative_L2,q_source,12,all_tokens,p50,0,0,12
source_state_norm_drift,0,0.0,0.0,0.0,pattern,relative_L2,q_source,12,all_tokens,p90,0,0,12
source_state_norm_drift,0,0.0,0.0,0.0,pattern,relative_L2,q_source,12,all_tokens,p95,0,0,12
source_state_norm_drift,0,0.0,0.0,0.0,pattern,relative_L2,q_source,12,all_tokens,p99,0,0,12
source_state_norm_drift,0,0.0,0.0,0.0,pattern,relative_norm_error,q_source,12,all_tokens,max,0,0,12
source_state_norm_drift,0,0.0,0.0,0.0,pattern,relative_norm_error,q_source,12,all_tokens,mean,0,0,12
source_state_norm_drift,0,0.0,0.0,0.0,pattern,relative_norm_error,q_source,12,all_tokens,p50,0,0,12
source_state_norm_drift,0,0.0,0.0,0.0,pattern,relative_norm_error,q_source,12,all_tokens,p90,0,0,12
source_state_norm_drift,0,0.0,0.0,0.0,pattern,relative_norm_error,q_source,12,all_tokens,p95,0,0,12
source_state_norm_drift,0,0.0,0.0,0.0,pattern,relative_norm_error,q_source,12,all_tokens,p99,0,0,12
source_state_norm_drift,0,0.0,0.0,0.0,pattern,signed_norm_drift,q_source,12,all_tokens,max,0,0,12
source_state_norm_drift,0,0.0,0.0,0.0,pattern,signed_norm_drift,q_source,12,all_tokens,mean,0,0,12
source_state_norm_drift,0,0.0,0.0,0.0,pattern,signed_norm_drift,q_source,12,all_tokens,p50,0,0,12
source_state_norm_drift,0,0.0,0.0,0.0,pattern,signed_norm_drift,q_source,12,all_tokens,p90,0,0,12
source_state_norm_drift,0,0.0,0.0,0.0,pattern,signed_norm_drift,q_source,12,all_tokens,p95,0,0,12
source_state_norm_drift,0,0.0,0.0,0.0,pattern,signed_norm_drift,q_source,12,all_tokens,p99,0,0,12
source_state_norm_drift,0,0.0,0.0,0.0,pattern,abs_log_norm_ratio,v_source,12,all_tokens,max,0,0,12
source_state_norm_drift,0,0.0,0.0,0.0,pattern,abs_log_norm_ratio,v_source,12,all_tokens,mean,0,0,12
source_state_norm_drift,0,0.0,0.0,0.0,pattern,abs_log_norm_ratio,v_source,12,all_tokens,p50,0,0,12
source_state_norm_drift,0,0.0,0.0,0.0,pattern,abs_log_norm_ratio,v_source,12,all_tokens,p90,0,0,12
source_state_norm_drift,0,0.0,0.0,0.0,pattern,abs_log_norm_ratio,v_source,12,all_tokens,p95,0,0,12
source_state_norm_drift,0,0.0,0.0,0.0,pattern,abs_log_norm_ratio,v_source,12,all_tokens,p99,0,0,12
source_state_norm_drift,0,0.0,0.0,0.0,pattern,direction_error,v_source,12,all_tokens,max,0,0,12
source_state_norm_drift,0,-2.497711808767065e-09,-2.497711808767065e-09,0.0,pattern,direction_error,v_source,12,all_tokens,mean,0,0,12
source_state_norm_drift,0,0.0,0.0,0.0,pattern,direction_error,v_source,12,all_tokens,p50,0,0,12
source_state_norm_drift,0,0.0,0.0,0.0,pattern,direction_error,v_source,12,all_tokens,p90,0,0,12
source_state_norm_drift,0,0.0,0.0,0.0,pattern,direction_error,v_source,12,all_tokens,p95,0,0,12
source_state_norm_drift,0,1.4901161193847656e-08,1.4901161193847656e-08,0.0,pattern,direction_error,v_source,12,all_tokens,p99,0,0,12
source_state_norm_drift,0,0.0,0.0,0.0,pattern,norm_ratio,v_source,12,all_tokens,max,0,0,12
source_state_norm_drift,0,0.0,0.0,0.0,pattern,norm_ratio,v_source,12,all_tokens,mean,0,0,12
source_state_norm_drift,0,0.0,0.0,0.0,pattern,norm_ratio,v_source,12,all_tokens,p50,0,0,12
source_state_norm_drift,0,0.0,0.0,0.0,pattern,norm_ratio,v_source,12,all_tokens,p90,0,0,12
source_state_norm_drift,0,0.0,0.0,0.0,pattern,norm_ratio,v_source,12,all_tokens,p95,0,0,12
source_state_norm_drift,0,0.0,0.0,0.0,pattern,norm_ratio,v_source,12,all_tokens,p99,0,0,12
source_state_norm_drift,0,0.0,0.0,0.0,pattern,relative_L2,v_source,12,all_tokens,max,0,0,12
source_state_norm_drift,0,0.0,0.0,0.0,pattern,relative_L2,v_source,12,all_tokens,mean,0,0,12
source_state_norm_drift,0,0.0,0.0,0.0,pattern,relative_L2,v_source,12,all_tokens,p50,0,0,12
source_state_norm_drift,0,0.0,0.0,0.0,pattern,relative_L2,v_source,12,all_tokens,p90,0,0,12
source_state_norm_drift,0,0.0,0.0,0.0,pattern,relative_L2,v_source,12,all_tokens,p95,0,0,12
source_state_norm_drift,0,0.0,0.0,0.0,pattern,relative_L2,v_source,12,all_tokens,p99,0,0,12
source_state_norm_drift,0,0.0,0.0,0.0,pattern,relative_norm_error,v_source,12,all_tokens,max,0,0,12
source_state_norm_drift,0,0.0,0.0,0.0,pattern,relative_norm_error,v_source,12,all_tokens,mean,0,0,12
source_state_norm_drift,0,0.0,0.0,0.0,pattern,relative_norm_error,v_source,12,all_tokens,p50,0,0,12
source_state_norm_drift,0,0.0,0.0,0.0,pattern,relative_norm_error,v_source,12,all_tokens,p90,0,0,12
source_state_norm_drift,0,0.0,0.0,0.0,pattern,relative_norm_error,v_source,12,all_tokens,p95,0,0,12
source_state_norm_drift,0,0.0,0.0,0.0,pattern,relative_norm_error,v_source,12,all_tokens,p99,0,0,12
source_state_norm_drift,0,0.0,0.0,0.0,pattern,signed_norm_drift,v_source,12,all_tokens,max,0,0,12
source_state_norm_drift,0,0.0,0.0,0.0,pattern,signed_norm_drift,v_source,12,all_tokens,mean,0,0,12
source_state_norm_drift,0,0.0,0.0,0.0,pattern,signed_norm_drift,v_source,12,all_tokens,p50,0,0,12
source_state_norm_drift,0,0.0,0.0,0.0,pattern,signed_norm_drift,v_source,12,all_tokens,p90,0,0,12
source_state_norm_drift,0,0.0,0.0,0.0,pattern,signed_norm_drift,v_source,12,all_tokens,p95,0,0,12
source_state_norm_drift,0,0.0,0.0,0.0,pattern,signed_norm_drift,v_source,12,all_tokens,p99,0,0,12
representation_norm_error,0,-0.1785212755203247,-0.983149528503418,-0.8046282529830933,pattern,abs_log_norm_ratio,v_stored,1,packed_history,max,1,0,0
representation_norm_error,0,0.029192614843232663,0.03169549640488933,0.002502881561656664,pattern,abs_log_norm_ratio,v_stored,1,packed_history,mean,0,1,0
representation_norm_error,0,0.06612315960228443,0.07577335741370916,0.009650197811424732,pattern,abs_log_norm_ratio,v_stored,1,packed_history,p50,0,1,0
representation_norm_error,0,0.018514089286327,0.026999169588089122,0.008485080301762121,pattern,abs_log_norm_ratio,v_stored,1,packed_history,p90,0,1,0
representation_norm_error,0,-0.00581560097634784,-0.008007305487989558,-0.0021917045116417178,pattern,abs_log_norm_ratio,v_stored,1,packed_history,p95,1,0,0
representation_norm_error,0,-0.09812818557023942,-0.20834210984408896,-0.11021392427384955,pattern,abs_log_norm_ratio,v_stored,1,packed_history,p99,1,0,0
representation_norm_error,0,-0.09268420934677124,-0.41422897577285767,-0.3215447664260864,pattern,direction_error,v_stored,1,packed_history,max,1,0,0
representation_norm_error,0,0.023540063550171908,0.026974706980581686,0.0034346434304097784,pattern,direction_error,v_stored,1,packed_history,mean,0,1,0
representation_norm_error,0,0.0690784752368927,0.07386182248592377,0.004783347249031067,pattern,direction_error,v_stored,1,packed_history,p50,0,1,0
representation_norm_error,0,-0.01602349281311051,-0.011716386675834689,0.004307106137275821,pattern,direction_error,v_stored,1,packed_history,p90,0,1,0
representation_norm_error,0,-0.04881053566932694,-0.0466577395796772,0.0021527960896497444,pattern,direction_error,v_stored,1,packed_history,p95,0,1,0
representation_norm_error,0,0.04741498321295198,-0.03736302196978977,-0.08477800518274176,pattern,direction_error,v_stored,1,packed_history,p99,1,0,0
representation_norm_error,0,-0.36729133129119873,-1.7607049942016602,-1.3934136629104614,pattern,norm_ratio,v_stored,1,packed_history,max,1,0,0
representation_norm_error,0,0.032590812158559856,0.03459030227713811,0.001999490118578251,pattern,norm_ratio,v_stored,1,packed_history,mean,0,1,0
representation_norm_error,0,0.07266855239868164,0.08253800868988037,0.00986945629119873,pattern,norm_ratio,v_stored,1,packed_history,p50,0,1,0
representation_norm_error,0,0.0219890177249904,0.03196092247962956,0.00997190475463916,pattern,norm_ratio,v_stored,1,packed_history,p90,0,1,0
representation_norm_error,0,-0.006454679369926275,-0.008791831135748884,-0.0023371517658226093,pattern,norm_ratio,v_stored,1,packed_history,p95,1,0,0
representation_norm_error,0,-0.13053955078124901,-0.2754073083400732,-0.1448677575588242,pattern,norm_ratio,v_stored,1,packed_history,p99,1,0,0
representation_norm_error,0,-0.08993315696716309,-1.7059272527694702,-1.6159940958023071,pattern,relative_L2,v_stored,1,packed_history,max,1,0,0
representation_norm_error,0,0.06789889782520675,0.0862208566417112,0.018321958816504447,pattern,relative_L2,v_stored,1,packed_history,mean,0,1,0
representation_norm_error,0,0.19894012063741684,0.2334880530834198,0.03454793244600296,pattern,relative_L2,v_stored,1,packed_history,p50,0,1,0
representation_norm_error,0,-0.03522732555866237,-0.021442192792892167,0.013785132765770203,pattern,relative_L2,v_stored,1,packed_history,p90,0,1,0
representation_norm_error,0,-0.0831948474049563,-0.0560099259018898,0.027184921503066506,pattern,relative_L2,v_stored,1,packed_history,p95,0,1,0
representation_norm_error,0,0.2177018177509243,-0.16721709489822312,-0.3849189126491474,pattern,relative_L2,v_stored,1,packed_history,p99,1,0,0
representation_norm_error,0,-0.36729133129119873,-1.7607051730155945,-1.3934138417243958,pattern,relative_norm_error,v_stored,1,packed_history,max,1,0,0
representation_norm_error,0,0.02874153338719255,0.030775841460076094,0.002034308072883545,pattern,relative_norm_error,v_stored,1,packed_history,mean,0,1,0
representation_norm_error,0,0.07201697677373886,0.08215264230966568,0.010135665535926819,pattern,relative_norm_error,v_stored,1,packed_history,p50,0,1,0
representation_norm_error,0,0.02198910489678345,0.031960882991552475,0.009971778094769027,pattern,relative_norm_error,v_stored,1,packed_history,p90,0,1,0
representation_norm_error,0,-0.00645484253764142,-0.00879190005361935,-0.0023370575159779305,pattern,relative_norm_error,v_stored,1,packed_history,p95,1,0,0
representation_norm_error,0,-0.13053967669606126,-0.2754076460003859,-0.14486796930432466,pattern,relative_norm_error,v_stored,1,packed_history,p99,1,0,0
representation_norm_error,0,-0.36729133129119873,-1.7607051730155945,-1.3934138417243958,pattern,signed_norm_drift,v_stored,1,packed_history,max,1,0,0
representation_norm_error,0,0.032590806252831735,0.03459029553595807,0.001999489283126335,pattern,signed_norm_drift,v_stored,1,packed_history,mean,0,1,0
representation_norm_error,0,0.07266840897500515,0.08253800962120295,0.009869600646197796,pattern,signed_norm_drift,v_stored,1,packed_history,p50,0,1,0
representation_norm_error,0,0.02198910489678345,0.031960882991552475,0.009971778094769027,pattern,signed_norm_drift,v_stored,1,packed_history,p90,0,1,0
representation_norm_error,0,-0.00645484253764142,-0.00879190005361935,-0.0023370575159779305,pattern,signed_norm_drift,v_stored,1,packed_history,p95,1,0,0
representation_norm_error,0,-0.13053967669606126,-0.2754076460003859,-0.14486796930432466,pattern,signed_norm_drift,v_stored,1,packed_history,p99,1,0,0
representation_norm_error,0,0.0,0.0,0.0,pattern,abs_log_norm_ratio,v_stored,12,pending_history,max,0,0,12
representation_norm_error,0,0.0,0.0,0.0,pattern,abs_log_norm_ratio,v_stored,12,pending_history,mean,0,0,12
representation_norm_error,0,0.0,0.0,0.0,pattern,abs_log_norm_ratio,v_stored,12,pending_history,p50,0,0,12
representation_norm_error,0,0.0,0.0,0.0,pattern,abs_log_norm_ratio,v_stored,12,pending_history,p90,0,0,12
representation_norm_error,0,0.0,0.0,0.0,pattern,abs_log_norm_ratio,v_stored,12,pending_history,p95,0,0,12
representation_norm_error,0,0.0,0.0,0.0,pattern,abs_log_norm_ratio,v_stored,12,pending_history,p99,0,0,12
representation_norm_error,0,5.960464477539063e-08,2.9802322387695312e-08,0.0,pattern,direction_error,v_stored,12,pending_history,max,3,0,9
representation_norm_error,0,-5.03571594462675e-09,-5.944679349155754e-09,-1.9549926249330642e-10,pattern,direction_error,v_stored,12,pending_history,mean,7,5,0
representation_norm_error,0,0.0,0.0,0.0,pattern,direction_error,v_stored,12,pending_history,p50,0,0,12
representation_norm_error,0,0.0,0.0,0.0,pattern,direction_error,v_stored,12,pending_history,p90,2,1,9
representation_norm_error,0,-2.2351741790771484e-08,-1.4901161193847656e-08,0.0,pattern,direction_error,v_stored,12,pending_history,p95,2,3,7
representation_norm_error,0,1.0281801223754849e-08,-2.875924110412523e-08,-2.4139881134034965e-08,pattern,direction_error,v_stored,12,pending_history,p99,10,1,1
representation_norm_error,0,0.0,0.0,0.0,pattern,norm_ratio,v_stored,12,pending_history,max,0,0,12
representation_norm_error,0,0.0,0.0,0.0,pattern,norm_ratio,v_stored,12,pending_history,mean,0,0,12
representation_norm_error,0,0.0,0.0,0.0,pattern,norm_ratio,v_stored,12,pending_history,p50,0,0,12
representation_norm_error,0,0.0,0.0,0.0,pattern,norm_ratio,v_stored,12,pending_history,p90,0,0,12
representation_norm_error,0,0.0,0.0,0.0,pattern,norm_ratio,v_stored,12,pending_history,p95,0,0,12
representation_norm_error,0,0.0,0.0,0.0,pattern,norm_ratio,v_stored,12,pending_history,p99,0,0,12
representation_norm_error,0,0.0,0.0,0.0,pattern,relative_L2,v_stored,12,pending_history,max,0,0,12
representation_norm_error,0,0.0,0.0,0.0,pattern,relative_L2,v_stored,12,pending_history,mean,0,0,12
representation_norm_error,0,0.0,0.0,0.0,pattern,relative_L2,v_stored,12,pending_history,p50,0,0,12
representation_norm_error,0,0.0,0.0,0.0,pattern,relative_L2,v_stored,12,pending_history,p90,0,0,12
representation_norm_error,0,0.0,0.0,0.0,pattern,relative_L2,v_stored,12,pending_history,p95,0,0,12
representation_norm_error,0,0.0,0.0,0.0,pattern,relative_L2,v_stored,12,pending_history,p99,0,0,12
representation_norm_error,0,0.0,0.0,0.0,pattern,relative_norm_error,v_stored,12,pending_history,max,0,0,12
representation_norm_error,0,0.0,0.0,0.0,pattern,relative_norm_error,v_stored,12,pending_history,mean,0,0,12
representation_norm_error,0,0.0,0.0,0.0,pattern,relative_norm_error,v_stored,12,pending_history,p50,0,0,12
representation_norm_error,0,0.0,0.0,0.0,pattern,relative_norm_error,v_stored,12,pending_history,p90,0,0,12
representation_norm_error,0,0.0,0.0,0.0,pattern,relative_norm_error,v_stored,12,pending_history,p95,0,0,12
representation_norm_error,0,0.0,0.0,0.0,pattern,relative_norm_error,v_stored,12,pending_history,p99,0,0,12
representation_norm_error,0,0.0,0.0,0.0,pattern,signed_norm_drift,v_stored,12,pending_history,max,0,0,12
representation_norm_error,0,0.0,0.0,0.0,pattern,signed_norm_drift,v_stored,12,pending_history,mean,0,0,12
representation_norm_error,0,0.0,0.0,0.0,pattern,signed_norm_drift,v_stored,12,pending_history,p50,0,0,12
representation_norm_error,0,0.0,0.0,0.0,pattern,signed_norm_drift,v_stored,12,pending_history,p90,0,0,12
representation_norm_error,0,0.0,0.0,0.0,pattern,signed_norm_drift,v_stored,12,pending_history,p95,0,0,12
representation_norm_error,0,0.0,0.0,0.0,pattern,signed_norm_drift,v_stored,12,pending_history,p99,0,0,12
representation_norm_error,0,0.0,0.0,0.0,pattern,abs_log_norm_ratio,v_stored,12,recent,max,0,0,12
representation_norm_error,0,0.0,0.0,0.0,pattern,abs_log_norm_ratio,v_stored,12,recent,mean,0,0,12
representation_norm_error,0,0.0,0.0,0.0,pattern,abs_log_norm_ratio,v_stored,12,recent,p50,0,0,12
representation_norm_error,0,0.0,0.0,0.0,pattern,abs_log_norm_ratio,v_stored,12,recent,p90,0,0,12
representation_norm_error,0,0.0,0.0,0.0,pattern,abs_log_norm_ratio,v_stored,12,recent,p95,0,0,12
representation_norm_error,0,0.0,0.0,0.0,pattern,abs_log_norm_ratio,v_stored,12,recent,p99,0,0,12
representation_norm_error,0,7.450580596923828e-08,7.450580596923828e-08,0.0,pattern,direction_error,v_stored,12,recent,max,0,0,12
representation_norm_error,0,-5.529727786779404e-09,-5.529727786779404e-09,0.0,pattern,direction_error,v_stored,12,recent,mean,0,0,12
representation_norm_error,0,0.0,0.0,0.0,pattern,direction_error,v_stored,12,recent,p50,0,0,12
representation_norm_error,0,0.0,0.0,0.0,pattern,direction_error,v_stored,12,recent,p90,0,0,12
representation_norm_error,0,0.0,0.0,0.0,pattern,direction_error,v_stored,12,recent,p95,0,0,12
representation_norm_error,0,0.0,0.0,0.0,pattern,direction_error,v_stored,12,recent,p99,0,0,12
representation_norm_error,0,0.0,0.0,0.0,pattern,norm_ratio,v_stored,12,recent,max,0,0,12
representation_norm_error,0,0.0,0.0,0.0,pattern,norm_ratio,v_stored,12,recent,mean,0,0,12
representation_norm_error,0,0.0,0.0,0.0,pattern,norm_ratio,v_stored,12,recent,p50,0,0,12
representation_norm_error,0,0.0,0.0,0.0,pattern,norm_ratio,v_stored,12,recent,p90,0,0,12
representation_norm_error,0,0.0,0.0,0.0,pattern,norm_ratio,v_stored,12,recent,p95,0,0,12
representation_norm_error,0,0.0,0.0,0.0,pattern,norm_ratio,v_stored,12,recent,p99,0,0,12
representation_norm_error,0,0.0,0.0,0.0,pattern,relative_L2,v_stored,12,recent,max,0,0,12
representation_norm_error,0,0.0,0.0,0.0,pattern,relative_L2,v_stored,12,recent,mean,0,0,12
representation_norm_error,0,0.0,0.0,0.0,pattern,relative_L2,v_stored,12,recent,p50,0,0,12
representation_norm_error,0,0.0,0.0,0.0,pattern,relative_L2,v_stored,12,recent,p90,0,0,12
representation_norm_error,0,0.0,0.0,0.0,pattern,relative_L2,v_stored,12,recent,p95,0,0,12
representation_norm_error,0,0.0,0.0,0.0,pattern,relative_L2,v_stored,12,recent,p99,0,0,12
representation_norm_error,0,0.0,0.0,0.0,pattern,relative_norm_error,v_stored,12,recent,max,0,0,12
representation_norm_error,0,0.0,0.0,0.0,pattern,relative_norm_error,v_stored,12,recent,mean,0,0,12
representation_norm_error,0,0.0,0.0,0.0,pattern,relative_norm_error,v_stored,12,recent,p50,0,0,12
representation_norm_error,0,0.0,0.0,0.0,pattern,relative_norm_error,v_stored,12,recent,p90,0,0,12
representation_norm_error,0,0.0,0.0,0.0,pattern,relative_norm_error,v_stored,12,recent,p95,0,0,12
representation_norm_error,0,0.0,0.0,0.0,pattern,relative_norm_error,v_stored,12,recent,p99,0,0,12
representation_norm_error,0,0.0,0.0,0.0,pattern,signed_norm_drift,v_stored,12,recent,max,0,0,12
representation_norm_error,0,0.0,0.0,0.0,pattern,signed_norm_drift,v_stored,12,recent,mean,0,0,12
representation_norm_error,0,0.0,0.0,0.0,pattern,signed_norm_drift,v_stored,12,recent,p50,0,0,12
representation_norm_error,0,0.0,0.0,0.0,pattern,signed_norm_drift,v_stored,12,recent,p90,0,0,12
representation_norm_error,0,0.0,0.0,0.0,pattern,signed_norm_drift,v_stored,12,recent,p95,0,0,12
representation_norm_error,0,0.0,0.0,0.0,pattern,signed_norm_drift,v_stored,12,recent,p99,0,0,12
stored_norm_error,0,-0.1785212755203247,-0.983149528503418,-0.8046282529830933,pattern,abs_log_norm_ratio,v_stored,1,packed_history,max,1,0,0
stored_norm_error,0,0.029192614843232663,0.03169549640488933,0.002502881561656664,pattern,abs_log_norm_ratio,v_stored,1,packed_history,mean,0,1,0
stored_norm_error,0,0.06612315960228443,0.07577335741370916,0.009650197811424732,pattern,abs_log_norm_ratio,v_stored,1,packed_history,p50,0,1,0
stored_norm_error,0,0.018514089286327,0.026999169588089122,0.008485080301762121,pattern,abs_log_norm_ratio,v_stored,1,packed_history,p90,0,1,0
stored_norm_error,0,-0.00581560097634784,-0.008007305487989558,-0.0021917045116417178,pattern,abs_log_norm_ratio,v_stored,1,packed_history,p95,1,0,0
stored_norm_error,0,-0.09812818557023942,-0.20834210984408896,-0.11021392427384955,pattern,abs_log_norm_ratio,v_stored,1,packed_history,p99,1,0,0
stored_norm_error,0,-0.09268420934677124,-0.41422897577285767,-0.3215447664260864,pattern,direction_error,v_stored,1,packed_history,max,1,0,0
stored_norm_error,0,0.023540063550171908,0.026974706980581686,0.0034346434304097784,pattern,direction_error,v_stored,1,packed_history,mean,0,1,0
stored_norm_error,0,0.0690784752368927,0.07386182248592377,0.004783347249031067,pattern,direction_error,v_stored,1,packed_history,p50,0,1,0
stored_norm_error,0,-0.01602349281311051,-0.011716386675834689,0.004307106137275821,pattern,direction_error,v_stored,1,packed_history,p90,0,1,0
stored_norm_error,0,-0.04881053566932694,-0.0466577395796772,0.0021527960896497444,pattern,direction_error,v_stored,1,packed_history,p95,0,1,0
stored_norm_error,0,0.04741498321295198,-0.03736302196978977,-0.08477800518274176,pattern,direction_error,v_stored,1,packed_history,p99,1,0,0
stored_norm_error,0,-0.36729133129119873,-1.7607049942016602,-1.3934136629104614,pattern,norm_ratio,v_stored,1,packed_history,max,1,0,0
stored_norm_error,0,0.032590812158559856,0.03459030227713811,0.001999490118578251,pattern,norm_ratio,v_stored,1,packed_history,mean,0,1,0
stored_norm_error,0,0.07266855239868164,0.08253800868988037,0.00986945629119873,pattern,norm_ratio,v_stored,1,packed_history,p50,0,1,0
stored_norm_error,0,0.0219890177249904,0.03196092247962956,0.00997190475463916,pattern,norm_ratio,v_stored,1,packed_history,p90,0,1,0
stored_norm_error,0,-0.006454679369926275,-0.008791831135748884,-0.0023371517658226093,pattern,norm_ratio,v_stored,1,packed_history,p95,1,0,0
stored_norm_error,0,-0.13053955078124901,-0.2754073083400732,-0.1448677575588242,pattern,norm_ratio,v_stored,1,packed_history,p99,1,0,0
stored_norm_error,0,-0.08993315696716309,-1.7059272527694702,-1.6159940958023071,pattern,relative_L2,v_stored,1,packed_history,max,1,0,0
stored_norm_error,0,0.06789889782520675,0.0862208566417112,0.018321958816504447,pattern,relative_L2,v_stored,1,packed_history,mean,0,1,0
stored_norm_error,0,0.19894012063741684,0.2334880530834198,0.03454793244600296,pattern,relative_L2,v_stored,1,packed_history,p50,0,1,0
stored_norm_error,0,-0.03522732555866237,-0.021442192792892167,0.013785132765770203,pattern,relative_L2,v_stored,1,packed_history,p90,0,1,0
stored_norm_error,0,-0.0831948474049563,-0.0560099259018898,0.027184921503066506,pattern,relative_L2,v_stored,1,packed_history,p95,0,1,0
stored_norm_error,0,0.2177018177509243,-0.16721709489822312,-0.3849189126491474,pattern,relative_L2,v_stored,1,packed_history,p99,1,0,0
stored_norm_error,0,-0.36729133129119873,-1.7607051730155945,-1.3934138417243958,pattern,relative_norm_error,v_stored,1,packed_history,max,1,0,0
stored_norm_error,0,0.02874153338719255,0.030775841460076094,0.002034308072883545,pattern,relative_norm_error,v_stored,1,packed_history,mean,0,1,0
stored_norm_error,0,0.07201697677373886,0.08215264230966568,0.010135665535926819,pattern,relative_norm_error,v_stored,1,packed_history,p50,0,1,0
stored_norm_error,0,0.02198910489678345,0.031960882991552475,0.009971778094769027,pattern,relative_norm_error,v_stored,1,packed_history,p90,0,1,0
stored_norm_error,0,-0.00645484253764142,-0.00879190005361935,-0.0023370575159779305,pattern,relative_norm_error,v_stored,1,packed_history,p95,1,0,0
stored_norm_error,0,-0.13053967669606126,-0.2754076460003859,-0.14486796930432466,pattern,relative_norm_error,v_stored,1,packed_history,p99,1,0,0
stored_norm_error,0,-0.36729133129119873,-1.7607051730155945,-1.3934138417243958,pattern,signed_norm_drift,v_stored,1,packed_history,max,1,0,0
stored_norm_error,0,0.032590806252831735,0.03459029553595807,0.001999489283126335,pattern,signed_norm_drift,v_stored,1,packed_history,mean,0,1,0
stored_norm_error,0,0.07266840897500515,0.08253800962120295,0.009869600646197796,pattern,signed_norm_drift,v_stored,1,packed_history,p50,0,1,0
stored_norm_error,0,0.02198910489678345,0.031960882991552475,0.009971778094769027,pattern,signed_norm_drift,v_stored,1,packed_history,p90,0,1,0
stored_norm_error,0,-0.00645484253764142,-0.00879190005361935,-0.0023370575159779305,pattern,signed_norm_drift,v_stored,1,packed_history,p95,1,0,0
stored_norm_error,0,-0.13053967669606126,-0.2754076460003859,-0.14486796930432466,pattern,signed_norm_drift,v_stored,1,packed_history,p99,1,0,0
stored_norm_error,0,0.0,0.0,0.0,pattern,abs_log_norm_ratio,v_stored,12,pending_history,max,0,0,12
stored_norm_error,0,0.0,0.0,0.0,pattern,abs_log_norm_ratio,v_stored,12,pending_history,mean,0,0,12
stored_norm_error,0,0.0,0.0,0.0,pattern,abs_log_norm_ratio,v_stored,12,pending_history,p50,0,0,12
stored_norm_error,0,0.0,0.0,0.0,pattern,abs_log_norm_ratio,v_stored,12,pending_history,p90,0,0,12
stored_norm_error,0,0.0,0.0,0.0,pattern,abs_log_norm_ratio,v_stored,12,pending_history,p95,0,0,12
stored_norm_error,0,0.0,0.0,0.0,pattern,abs_log_norm_ratio,v_stored,12,pending_history,p99,0,0,12
stored_norm_error,0,5.960464477539063e-08,2.9802322387695312e-08,0.0,pattern,direction_error,v_stored,12,pending_history,max,3,0,9
stored_norm_error,0,-5.03571594462675e-09,-5.944679349155754e-09,-1.9549926249330642e-10,pattern,direction_error,v_stored,12,pending_history,mean,7,5,0
stored_norm_error,0,0.0,0.0,0.0,pattern,direction_error,v_stored,12,pending_history,p50,0,0,12
stored_norm_error,0,0.0,0.0,0.0,pattern,direction_error,v_stored,12,pending_history,p90,2,1,9
stored_norm_error,0,-2.2351741790771484e-08,-1.4901161193847656e-08,0.0,pattern,direction_error,v_stored,12,pending_history,p95,2,3,7
stored_norm_error,0,1.0281801223754849e-08,-2.875924110412523e-08,-2.4139881134034965e-08,pattern,direction_error,v_stored,12,pending_history,p99,10,1,1
stored_norm_error,0,0.0,0.0,0.0,pattern,norm_ratio,v_stored,12,pending_history,max,0,0,12
stored_norm_error,0,0.0,0.0,0.0,pattern,norm_ratio,v_stored,12,pending_history,mean,0,0,12
stored_norm_error,0,0.0,0.0,0.0,pattern,norm_ratio,v_stored,12,pending_history,p50,0,0,12
stored_norm_error,0,0.0,0.0,0.0,pattern,norm_ratio,v_stored,12,pending_history,p90,0,0,12
stored_norm_error,0,0.0,0.0,0.0,pattern,norm_ratio,v_stored,12,pending_history,p95,0,0,12
stored_norm_error,0,0.0,0.0,0.0,pattern,norm_ratio,v_stored,12,pending_history,p99,0,0,12
stored_norm_error,0,0.0,0.0,0.0,pattern,relative_L2,v_stored,12,pending_history,max,0,0,12
stored_norm_error,0,0.0,0.0,0.0,pattern,relative_L2,v_stored,12,pending_history,mean,0,0,12
stored_norm_error,0,0.0,0.0,0.0,pattern,relative_L2,v_stored,12,pending_history,p50,0,0,12
stored_norm_error,0,0.0,0.0,0.0,pattern,relative_L2,v_stored,12,pending_history,p90,0,0,12
stored_norm_error,0,0.0,0.0,0.0,pattern,relative_L2,v_stored,12,pending_history,p95,0,0,12
stored_norm_error,0,0.0,0.0,0.0,pattern,relative_L2,v_stored,12,pending_history,p99,0,0,12
stored_norm_error,0,0.0,0.0,0.0,pattern,relative_norm_error,v_stored,12,pending_history,max,0,0,12
stored_norm_error,0,0.0,0.0,0.0,pattern,relative_norm_error,v_stored,12,pending_history,mean,0,0,12
stored_norm_error,0,0.0,0.0,0.0,pattern,relative_norm_error,v_stored,12,pending_history,p50,0,0,12
stored_norm_error,0,0.0,0.0,0.0,pattern,relative_norm_error,v_stored,12,pending_history,p90,0,0,12
stored_norm_error,0,0.0,0.0,0.0,pattern,relative_norm_error,v_stored,12,pending_history,p95,0,0,12
stored_norm_error,0,0.0,0.0,0.0,pattern,relative_norm_error,v_stored,12,pending_history,p99,0,0,12
stored_norm_error,0,0.0,0.0,0.0,pattern,signed_norm_drift,v_stored,12,pending_history,max,0,0,12
stored_norm_error,0,0.0,0.0,0.0,pattern,signed_norm_drift,v_stored,12,pending_history,mean,0,0,12
stored_norm_error,0,0.0,0.0,0.0,pattern,signed_norm_drift,v_stored,12,pending_history,p50,0,0,12
stored_norm_error,0,0.0,0.0,0.0,pattern,signed_norm_drift,v_stored,12,pending_history,p90,0,0,12
stored_norm_error,0,0.0,0.0,0.0,pattern,signed_norm_drift,v_stored,12,pending_history,p95,0,0,12
stored_norm_error,0,0.0,0.0,0.0,pattern,signed_norm_drift,v_stored,12,pending_history,p99,0,0,12
stored_norm_error,0,0.0,0.0,0.0,pattern,abs_log_norm_ratio,v_stored,12,recent,max,0,0,12
stored_norm_error,0,0.0,0.0,0.0,pattern,abs_log_norm_ratio,v_stored,12,recent,mean,0,0,12
stored_norm_error,0,0.0,0.0,0.0,pattern,abs_log_norm_ratio,v_stored,12,recent,p50,0,0,12
stored_norm_error,0,0.0,0.0,0.0,pattern,abs_log_norm_ratio,v_stored,12,recent,p90,0,0,12
stored_norm_error,0,0.0,0.0,0.0,pattern,abs_log_norm_ratio,v_stored,12,recent,p95,0,0,12
stored_norm_error,0,0.0,0.0,0.0,pattern,abs_log_norm_ratio,v_stored,12,recent,p99,0,0,12
stored_norm_error,0,7.450580596923828e-08,7.450580596923828e-08,0.0,pattern,direction_error,v_stored,12,recent,max,0,0,12
stored_norm_error,0,-5.529727786779404e-09,-5.529727786779404e-09,0.0,pattern,direction_error,v_stored,12,recent,mean,0,0,12
stored_norm_error,0,0.0,0.0,0.0,pattern,direction_error,v_stored,12,recent,p50,0,0,12
stored_norm_error,0,0.0,0.0,0.0,pattern,direction_error,v_stored,12,recent,p90,0,0,12
stored_norm_error,0,0.0,0.0,0.0,pattern,direction_error,v_stored,12,recent,p95,0,0,12
stored_norm_error,0,0.0,0.0,0.0,pattern,direction_error,v_stored,12,recent,p99,0,0,12
stored_norm_error,0,0.0,0.0,0.0,pattern,norm_ratio,v_stored,12,recent,max,0,0,12
stored_norm_error,0,0.0,0.0,0.0,pattern,norm_ratio,v_stored,12,recent,mean,0,0,12
stored_norm_error,0,0.0,0.0,0.0,pattern,norm_ratio,v_stored,12,recent,p50,0,0,12
stored_norm_error,0,0.0,0.0,0.0,pattern,norm_ratio,v_stored,12,recent,p90,0,0,12
stored_norm_error,0,0.0,0.0,0.0,pattern,norm_ratio,v_stored,12,recent,p95,0,0,12
stored_norm_error,0,0.0,0.0,0.0,pattern,norm_ratio,v_stored,12,recent,p99,0,0,12
stored_norm_error,0,0.0,0.0,0.0,pattern,relative_L2,v_stored,12,recent,max,0,0,12
stored_norm_error,0,0.0,0.0,0.0,pattern,relative_L2,v_stored,12,recent,mean,0,0,12
stored_norm_error,0,0.0,0.0,0.0,pattern,relative_L2,v_stored,12,recent,p50,0,0,12
stored_norm_error,0,0.0,0.0,0.0,pattern,relative_L2,v_stored,12,recent,p90,0,0,12
stored_norm_error,0,0.0,0.0,0.0,pattern,relative_L2,v_stored,12,recent,p95,0,0,12
stored_norm_error,0,0.0,0.0,0.0,pattern,relative_L2,v_stored,12,recent,p99,0,0,12
stored_norm_error,0,0.0,0.0,0.0,pattern,relative_norm_error,v_stored,12,recent,max,0,0,12
stored_norm_error,0,0.0,0.0,0.0,pattern,relative_norm_error,v_stored,12,recent,mean,0,0,12
stored_norm_error,0,0.0,0.0,0.0,pattern,relative_norm_error,v_stored,12,recent,p50,0,0,12
stored_norm_error,0,0.0,0.0,0.0,pattern,relative_norm_error,v_stored,12,recent,p90,0,0,12
stored_norm_error,0,0.0,0.0,0.0,pattern,relative_norm_error,v_stored,12,recent,p95,0,0,12
stored_norm_error,0,0.0,0.0,0.0,pattern,relative_norm_error,v_stored,12,recent,p99,0,0,12
stored_norm_error,0,0.0,0.0,0.0,pattern,signed_norm_drift,v_stored,12,recent,max,0,0,12
stored_norm_error,0,0.0,0.0,0.0,pattern,signed_norm_drift,v_stored,12,recent,mean,0,0,12
stored_norm_error,0,0.0,0.0,0.0,pattern,signed_norm_drift,v_stored,12,recent,p50,0,0,12
stored_norm_error,0,0.0,0.0,0.0,pattern,signed_norm_drift,v_stored,12,recent,p90,0,0,12
stored_norm_error,0,0.0,0.0,0.0,pattern,signed_norm_drift,v_stored,12,recent,p95,0,0,12
stored_norm_error,0,0.0,0.0,0.0,pattern,signed_norm_drift,v_stored,12,recent,p99,0,0,12
source_state_norm_drift,15,0.2677860404510284,0.12790644183405675,-0.13306902327167336,pattern,abs_log_norm_ratio,hidden,12,all_tokens,max,12,0,0
source_state_norm_drift,15,0.030741080299678526,0.008969602678407757,-0.02164096980382519,pattern,abs_log_norm_ratio,hidden,12,all_tokens,mean,12,0,0
source_state_norm_drift,15,0.01949655971247921,0.005125395332925109,-0.014357582940647262,pattern,abs_log_norm_ratio,hidden,12,all_tokens,p50,12,0,0
source_state_norm_drift,15,0.0753172659129632,0.022256383780768378,-0.052952972464117926,pattern,abs_log_norm_ratio,hidden,12,all_tokens,p90,12,0,0
source_state_norm_drift,15,0.0975206313016315,0.029082606488373117,-0.06569948105752701,pattern,abs_log_norm_ratio,hidden,12,all_tokens,p95,12,0,0
source_state_norm_drift,15,0.1428894731340551,0.04691131704374127,-0.08924123620963637,pattern,abs_log_norm_ratio,hidden,12,all_tokens,p99,12,0,0
source_state_norm_drift,15,2.8372804522514343,1.7346452474594116,-1.0571705549955368,pattern,direction_error,hidden,12,all_tokens,max,12,0,0
source_state_norm_drift,15,0.32378876334299816,0.0367416499572394,-0.2870721029824244,pattern,direction_error,hidden,12,all_tokens,mean,12,0,0
source_state_norm_drift,15,0.3260000944137573,0.02065730094909668,-0.3022209256887436,pattern,direction_error,hidden,12,all_tokens,p50,12,0,0
source_state_norm_drift,15,0.5630379855632781,0.07517069727182389,-0.4930970817804336,pattern,direction_error,hidden,12,all_tokens,p90,12,0,0
source_state_norm_drift,15,0.7825166188180436,0.11768156141042707,-0.6605940461158741,pattern,direction_error,hidden,12,all_tokens,p95,12,0,0
source_state_norm_drift,15,1.7562999746203414,0.35280337452888466,-1.3268353192508218,pattern,direction_error,hidden,12,all_tokens,p99,12,0,0
source_state_norm_drift,15,0.27874013781547546,0.12115705013275146,-0.15139949321746826,pattern,norm_ratio,hidden,12,all_tokens,max,12,0,0
source_state_norm_drift,15,0.006939078885805056,0.004152391496975716,-0.004029234669213788,pattern,norm_ratio,hidden,12,all_tokens,mean,7,5,0
source_state_norm_drift,15,0.0004579201340675354,0.0017060339450836182,0.0016702637076377869,pattern,norm_ratio,hidden,12,all_tokens,p50,3,9,0
source_state_norm_drift,15,0.060037583112716564,0.01956614553928404,-0.041992855072021384,pattern,norm_ratio,hidden,12,all_tokens,p90,12,0,0
source_state_norm_drift,15,0.08185977637767777,0.02665281742811204,-0.05592272430658363,pattern,norm_ratio,hidden,12,all_tokens,p95,12,0,0
source_state_norm_drift,15,0.12281436085700981,0.04328386634588233,-0.08040010362863553,pattern,norm_ratio,hidden,12,all_tokens,p99,12,0,0
source_state_norm_drift,15,4.778276450699195,3.4944541083532386,-1.1741325110197067,pattern,relative_L2,hidden,12,all_tokens,max,12,0,0
source_state_norm_drift,15,1.3544999715095778,0.399980261922619,-0.9483350783861539,pattern,relative_L2,hidden,12,all_tokens,mean,12,0,0
source_state_norm_drift,15,1.60361114461557,0.3823555798444431,-1.1977242831490003,pattern,relative_L2,hidden,12,all_tokens,p50,12,0,0
source_state_norm_drift,15,2.1109242390841247,0.750922581824125,-1.390788280661218,pattern,relative_L2,hidden,12,all_tokens,p90,12,0,0
source_state_norm_drift,15,2.4782507207361046,0.9409050590795232,-1.5156211697787514,pattern,relative_L2,hidden,12,all_tokens,p95,12,0,0
source_state_norm_drift,15,3.743243576067033,1.6087665026716405,-1.9674987739149945,pattern,relative_L2,hidden,12,all_tokens,p99,12,0,0
source_state_norm_drift,15,0.27819168771384284,0.1286805325289606,-0.14497895378735848,pattern,relative_norm_error,hidden,12,all_tokens,max,12,0,0
source_state_norm_drift,15,0.030827701255239443,0.008985068652281563,-0.02170251080213386,pattern,relative_norm_error,hidden,12,all_tokens,mean,12,0,0
source_state_norm_drift,15,0.019515313025294745,0.00512777991434632,-0.014347836062370334,pattern,relative_norm_error,hidden,12,all_tokens,p50,12,0,0
source_state_norm_drift,15,0.07575152734316362,0.022287761539701027,-0.05337859543433297,pattern,relative_norm_error,hidden,12,all_tokens,p90,12,0,0
source_state_norm_drift,15,0.09792571106045211,0.029182307818518882,-0.0660115502942062,pattern,relative_norm_error,hidden,12,all_tokens,p95,12,0,0
source_state_norm_drift,15,0.14353543091870963,0.04708632615438545,-0.09022378647736326,pattern,relative_norm_error,hidden,12,all_tokens,p99,12,0,0
source_state_norm_drift,15,0.2787400222514407,0.12115701971924864,-0.15139957539213356,pattern,signed_norm_drift,hidden,12,all_tokens,max,12,0,0
source_state_norm_drift,15,0.0069390824800382896,0.0041523858517472445,-0.00402923649626314,pattern,signed_norm_drift,hidden,12,all_tokens,mean,7,5,0
source_state_norm_drift,15,0.0004578921243911793,0.001706033898244641,0.0016703641384765433,pattern,signed_norm_drift,hidden,12,all_tokens,p50,3,9,0
source_state_norm_drift,15,0.0600375830943449,0.019566123635195255,-0.04199283017114796,pattern,signed_norm_drift,hidden,12,all_tokens,p90,12,0,0
source_state_norm_drift,15,0.08185982263421462,0.026652845062380942,-0.0559226420213235,pattern,signed_norm_drift,hidden,12,all_tokens,p95,12,0,0
source_state_norm_drift,15,0.12281440048780493,0.043283940796281964,-0.08039998475825993,pattern,signed_norm_drift,hidden,12,all_tokens,p99,12,0,0
source_state_norm_drift,15,1.463288638566155,0.7374577814189252,-0.6861142670968547,pattern,abs_log_norm_ratio,k_source,12,all_tokens,max,12,0,0
source_state_norm_drift,15,0.11210294363026412,0.026545537090059464,-0.0831214900295622,pattern,abs_log_norm_ratio,k_source,12,all_tokens,mean,12,0,0
source_state_norm_drift,15,0.06663806498363556,0.013963529385364382,-0.051146530160622206,pattern,abs_log_norm_ratio,k_source,12,all_tokens,p50,12,0,0
source_state_norm_drift,15,0.27421608404256403,0.06350792512967018,-0.21011890887311896,pattern,abs_log_norm_ratio,k_source,12,all_tokens,p90,12,0,0
source_state_norm_drift,15,0.3754618045950336,0.08582008733719701,-0.2790765741141512,pattern,abs_log_norm_ratio,k_source,12,all_tokens,p95,12,0,0
source_state_norm_drift,15,0.6022061338242202,0.1695602461282395,-0.41944547838909785,pattern,abs_log_norm_ratio,k_source,12,all_tokens,p99,12,0,0
source_state_norm_drift,15,2.31716325879097,1.4051282703876495,-0.8415742963552475,pattern,direction_error,k_source,12,all_tokens,max,12,0,0
source_state_norm_drift,15,0.10302518862844125,0.010951426153246806,-0.09078821085373061,pattern,direction_error,k_source,12,all_tokens,mean,12,0,0
source_state_norm_drift,15,0.08502945303916931,0.0048586055636405945,-0.07970220595598221,pattern,direction_error,k_source,12,all_tokens,p50,12,0,0
source_state_norm_drift,15,0.19226814508438111,0.020088151097297675,-0.17377260327339172,pattern,direction_error,k_source,12,all_tokens,p90,12,0,0
source_state_norm_drift,15,0.27128068432211855,0.03270214721560476,-0.23799187019467336,pattern,direction_error,k_source,12,all_tokens,p95,12,0,0
source_state_norm_drift,15,0.8080670528113816,0.1239109885692598,-0.6615591715276217,pattern,direction_error,k_source,12,all_tokens,p99,12,0,0
source_state_norm_drift,15,1.7884882390499115,0.7584641575813293,-0.9837632775306702,pattern,norm_ratio,k_source,12,all_tokens,max,12,0,0
source_state_norm_drift,15,0.007809981608427913,0.008729721330602375,0.0016941690228623463,pattern,norm_ratio,k_source,12,all_tokens,mean,6,6,0
source_state_norm_drift,15,0.001239575445652008,0.0024756044149398804,0.001281149685382843,pattern,norm_ratio,k_source,12,all_tokens,p50,4,8,0
source_state_norm_drift,15,0.19817688465118422,0.05178397893905651,-0.14186356365680686,pattern,norm_ratio,k_source,12,all_tokens,p90,12,0,0
source_state_norm_drift,15,0.28431322127580627,0.07535278946161261,-0.21144870519638065,pattern,norm_ratio,k_source,12,all_tokens,p95,12,0,0
source_state_norm_drift,15,0.5538878548145292,0.14751039505004848,-0.39846559673547716,pattern,norm_ratio,k_source,12,all_tokens,p99,12,0,0
source_state_norm_drift,15,4.767327895271592,3.4866792625398375,-1.4476327144075185,pattern,relative_L2,k_source,12,all_tokens,max,12,0,0
source_state_norm_drift,15,0.7539990426417065,0.20438609247201162,-0.5408996857413226,pattern,relative_L2,k_source,12,all_tokens,mean,12,0,0
source_state_norm_drift,15,0.8269251057790825,0.18614871069439687,-0.6331330585526302,pattern,relative_L2,k_source,12,all_tokens,p50,12,0,0
source_state_norm_drift,15,1.2533305012882923,0.3940699284488801,-0.8741430217982269,pattern,relative_L2,k_source,12,all_tokens,p90,12,0,0
source_state_norm_drift,15,1.4954687304314573,0.5030223475245291,-1.000929717122926,pattern,relative_L2,k_source,12,all_tokens,p95,12,0,0
source_state_norm_drift,15,2.612986383531818,0.9822776438377342,-1.4696035341161777,pattern,relative_L2,k_source,12,all_tokens,p99,12,0,0
source_state_norm_drift,15,1.7853227534506004,0.7567448163463268,-0.9346955595246982,pattern,relative_norm_error,k_source,12,all_tokens,max,12,0,0
source_state_norm_drift,15,0.1124211421641084,0.026763734459124326,-0.08374643962042055,pattern,relative_norm_error,k_source,12,all_tokens,mean,12,0,0
source_state_norm_drift,15,0.06671462497251923,0.013968924848995812,-0.051108123690937646,pattern,relative_norm_error,k_source,12,all_tokens,p50,12,0,0
source_state_norm_drift,15,0.2752551259254688,0.06369558380101807,-0.2098472938290798,pattern,relative_norm_error,k_source,12,all_tokens,p90,12,0,0
source_state_norm_drift,15,0.37691358656811635,0.08634903518322967,-0.27959803311314313,pattern,relative_norm_error,k_source,12,all_tokens,p95,12,0,0
source_state_norm_drift,15,0.6084085254382807,0.17179541226607375,-0.43398535659449344,pattern,relative_norm_error,k_source,12,all_tokens,p99,12,0,0
source_state_norm_drift,15,1.7884881712379865,0.7584641014691442,-0.9837632329436019,pattern,signed_norm_drift,k_source,12,all_tokens,max,12,0,0
source_state_norm_drift,15,0.007809981710198003,0.008729721344135657,0.0016941689306310737,pattern,signed_norm_drift,k_source,12,all_tokens,mean,6,6,0
source_state_norm_drift,15,0.0012396127333218487,0.0024756486272643485,0.001281205401085117,pattern,signed_norm_drift,k_source,12,all_tokens,p50,4,8,0
source_state_norm_drift,15,0.1981768096826273,0.05178392676461954,-0.14186360289750158,pattern,signed_norm_drift,k_source,12,all_tokens,p90,12,0,0
source_state_norm_drift,15,0.28431318458242444,0.07535265384831288,-0.21144876018370257,pattern,signed_norm_drift,k_source,12,all_tokens,p95,12,0,0
source_state_norm_drift,15,0.5538877505724666,0.14751040608520255,-0.39846554481511676,pattern,signed_norm_drift,k_source,12,all_tokens,p99,12,0,0
representation_norm_error,15,-0.9892677068710327,0.1613776534795761,1.1506453603506088,pattern,abs_log_norm_ratio,k_stored,1,packed_history,max,0,1,0
representation_norm_error,15,0.021589168238880876,0.021496579151937454,-9.258908694342177e-05,pattern,abs_log_norm_ratio,k_stored,1,packed_history,mean,1,0,0
representation_norm_error,15,0.024997925385832787,0.019923992455005646,-0.005073932930827141,pattern,abs_log_norm_ratio,k_stored,1,packed_history,p50,1,0,0
representation_norm_error,15,0.032384178787469874,0.031808682158589396,-0.0005754966288804772,pattern,abs_log_norm_ratio,k_stored,1,packed_history,p90,1,0,0
representation_norm_error,15,0.03036022670567038,0.040498232841491705,0.010138006135821324,pattern,abs_log_norm_ratio,k_stored,1,packed_history,p95,0,1,0
representation_norm_error,15,0.014727811142802257,0.05983773458749055,0.045109923444688296,pattern,abs_log_norm_ratio,k_stored,1,packed_history,p99,0,1,0
representation_norm_error,15,-0.3957320749759674,0.10966718196868896,0.5053992569446564,pattern,direction_error,k_stored,1,packed_history,max,0,1,0
representation_norm_error,15,0.01606241449007939,0.0191826845975811,0.0031202701075017103,pattern,direction_error,k_stored,1,packed_history,mean,0,1,0
representation_norm_error,15,0.017707616090774536,0.020356997847557068,0.0026493817567825317,pattern,direction_error,k_stored,1,packed_history,p50,0,1,0
representation_norm_error,15,0.024457141757011434,0.02812016606330871,0.0036630243062972766,pattern,direction_error,k_stored,1,packed_history,p90,0,1,0
representation_norm_error,15,0.02590162754058837,0.03075457811355593,0.0048529505729675605,pattern,direction_error,k_stored,1,packed_history,p95,0,1,0
representation_norm_error,15,0.03372828423976909,0.03237434685230267,-0.0013539373874664196,pattern,direction_error,k_stored,1,packed_history,p99,1,0,0
representation_norm_error,15,-1.9767658710479736,0.19300401210784912,2.1697698831558228,pattern,norm_ratio,k_stored,1,packed_history,max,0,1,0
representation_norm_error,15,0.02492373296900041,0.02400655862857093,-0.000917174340429483,pattern,norm_ratio,k_stored,1,packed_history,mean,1,0,0
representation_norm_error,15,0.026927828788757324,0.020963191986083984,-0.00596463680267334,pattern,norm_ratio,k_stored,1,packed_history,p50,1,0,0
representation_norm_error,15,0.035237079858779774,0.03462125658988946,-0.0006158232688903142,pattern,norm_ratio,k_stored,1,packed_history,p90,1,0,0
representation_norm_error,15,0.03349095284938808,0.044494128227233753,0.011003175377845675,pattern,norm_ratio,k_stored,1,packed_history,p95,0,1,0
representation_norm_error,15,0.016485508680343486,0.06702590346336401,0.050540394783020526,pattern,norm_ratio,k_stored,1,packed_history,p99,0,1,0
representation_norm_error,15,-2.12056428194046,0.26747454702854156,2.3880388289690018,pattern,relative_L2,k_stored,1,packed_history,max,0,1,0
representation_norm_error,15,0.06088642783129217,0.07129344891086475,0.010407021079572587,pattern,relative_L2,k_stored,1,packed_history,mean,0,1,0
representation_norm_error,15,0.0679510310292244,0.07995735853910446,0.012006327509880066,pattern,relative_L2,k_stored,1,packed_history,p50,0,1,0
representation_norm_error,15,0.08967618495225915,0.09790808856487276,0.008231903612613611,pattern,relative_L2,k_stored,1,packed_history,p90,0,1,0
representation_norm_error,15,0.08942035511136048,0.0970273815095424,0.007607026398181921,pattern,relative_L2,k_stored,1,packed_history,p95,0,1,0
representation_norm_error,15,0.11938951566815392,0.11086741611361514,-0.008522099554538781,pattern,relative_L2,k_stored,1,packed_history,p99,1,0,0
representation_norm_error,15,-1.9767661094665527,0.19300395995378494,2.1697700694203377,pattern,relative_norm_error,k_stored,1,packed_history,max,0,1,0
representation_norm_error,15,0.02235430424617583,0.022878807678167218,0.0005245034319913862,pattern,relative_norm_error,k_stored,1,packed_history,mean,0,1,0
representation_norm_error,15,0.026324684731662273,0.020848375745117664,-0.005476308986544609,pattern,relative_norm_error,k_stored,1,packed_history,p50,1,0,0
representation_norm_error,15,0.035217381268739696,0.0346213184297085,-0.0005960628390311931,pattern,relative_norm_error,k_stored,1,packed_history,p90,1,0,0
representation_norm_error,15,0.03337918892502787,0.04449409898370503,0.011114910058677159,pattern,relative_norm_error,k_stored,1,packed_history,p95,0,1,0
representation_norm_error,15,0.01648548111319545,0.06702592842280866,0.05054044730961321,pattern,relative_norm_error,k_stored,1,packed_history,p99,0,1,0
representation_norm_error,15,-1.9767661094665527,0.19300395995378494,2.1697700694203377,pattern,signed_norm_drift,k_stored,1,packed_history,max,0,1,0
representation_norm_error,15,0.02492373117364387,0.0240065585402026,-0.0009171726334412725,pattern,signed_norm_drift,k_stored,1,packed_history,mean,1,0,0
representation_norm_error,15,0.026927798986434937,0.020963075570762157,-0.005964723415672779,pattern,signed_norm_drift,k_stored,1,packed_history,p50,1,0,0
representation_norm_error,15,0.03523727282881737,0.0346213184297085,-0.0006159543991088659,pattern,signed_norm_drift,k_stored,1,packed_history,p90,1,0,0
representation_norm_error,15,0.03349099159240724,0.04449409898370503,0.01100310739129779,pattern,signed_norm_drift,k_stored,1,packed_history,p95,0,1,0
representation_norm_error,15,0.01648548111319545,0.06702592842280866,0.05054044730961321,pattern,signed_norm_drift,k_stored,1,packed_history,p99,0,1,0
representation_norm_error,15,0.0,0.0,0.0,pattern,abs_log_norm_ratio,k_stored,12,pending_history,max,0,0,12
representation_norm_error,15,0.0,0.0,0.0,pattern,abs_log_norm_ratio,k_stored,12,pending_history,mean,0,0,12
representation_norm_error,15,0.0,0.0,0.0,pattern,abs_log_norm_ratio,k_stored,12,pending_history,p50,0,0,12
representation_norm_error,15,0.0,0.0,0.0,pattern,abs_log_norm_ratio,k_stored,12,pending_history,p90,0,0,12
representation_norm_error,15,0.0,0.0,0.0,pattern,abs_log_norm_ratio,k_stored,12,pending_history,p95,0,0,12
representation_norm_error,15,0.0,0.0,0.0,pattern,abs_log_norm_ratio,k_stored,12,pending_history,p99,0,0,12
representation_norm_error,15,0.0,4.470348358154297e-08,4.470348358154297e-08,pattern,direction_error,k_stored,12,pending_history,max,3,8,1
representation_norm_error,15,9.90226737454401e-10,1.0189572528814608e-09,-3.686485191186291e-10,pattern,direction_error,k_stored,12,pending_history,mean,7,5,0
representation_norm_error,15,0.0,0.0,0.0,pattern,direction_error,k_stored,12,pending_history,p50,0,0,12
representation_norm_error,15,0.0,0.0,0.0,pattern,direction_error,k_stored,12,pending_history,p90,5,3,4
representation_norm_error,15,0.0,0.0,0.0,pattern,direction_error,k_stored,12,pending_history,p95,0,1,11
representation_norm_error,15,1.4901161193834104e-10,2.9802322387695312e-08,2.965331077575697e-08,pattern,direction_error,k_stored,12,pending_history,p99,4,7,1
representation_norm_error,15,0.0,0.0,0.0,pattern,norm_ratio,k_stored,12,pending_history,max,0,0,12
representation_norm_error,15,0.0,0.0,0.0,pattern,norm_ratio,k_stored,12,pending_history,mean,0,0,12
representation_norm_error,15,0.0,0.0,0.0,pattern,norm_ratio,k_stored,12,pending_history,p50,0,0,12
representation_norm_error,15,0.0,0.0,0.0,pattern,norm_ratio,k_stored,12,pending_history,p90,0,0,12
representation_norm_error,15,0.0,0.0,0.0,pattern,norm_ratio,k_stored,12,pending_history,p95,0,0,12
representation_norm_error,15,0.0,0.0,0.0,pattern,norm_ratio,k_stored,12,pending_history,p99,0,0,12
representation_norm_error,15,0.0,0.0,0.0,pattern,relative_L2,k_stored,12,pending_history,max,0,0,12
representation_norm_error,15,0.0,0.0,0.0,pattern,relative_L2,k_stored,12,pending_history,mean,0,0,12
representation_norm_error,15,0.0,0.0,0.0,pattern,relative_L2,k_stored,12,pending_history,p50,0,0,12
representation_norm_error,15,0.0,0.0,0.0,pattern,relative_L2,k_stored,12,pending_history,p90,0,0,12
representation_norm_error,15,0.0,0.0,0.0,pattern,relative_L2,k_stored,12,pending_history,p95,0,0,12
representation_norm_error,15,0.0,0.0,0.0,pattern,relative_L2,k_stored,12,pending_history,p99,0,0,12
representation_norm_error,15,0.0,0.0,0.0,pattern,relative_norm_error,k_stored,12,pending_history,max,0,0,12
representation_norm_error,15,0.0,0.0,0.0,pattern,relative_norm_error,k_stored,12,pending_history,mean,0,0,12
representation_norm_error,15,0.0,0.0,0.0,pattern,relative_norm_error,k_stored,12,pending_history,p50,0,0,12
representation_norm_error,15,0.0,0.0,0.0,pattern,relative_norm_error,k_stored,12,pending_history,p90,0,0,12
representation_norm_error,15,0.0,0.0,0.0,pattern,relative_norm_error,k_stored,12,pending_history,p95,0,0,12
representation_norm_error,15,0.0,0.0,0.0,pattern,relative_norm_error,k_stored,12,pending_history,p99,0,0,12
representation_norm_error,15,0.0,0.0,0.0,pattern,signed_norm_drift,k_stored,12,pending_history,max,0,0,12
representation_norm_error,15,0.0,0.0,0.0,pattern,signed_norm_drift,k_stored,12,pending_history,mean,0,0,12
representation_norm_error,15,0.0,0.0,0.0,pattern,signed_norm_drift,k_stored,12,pending_history,p50,0,0,12
representation_norm_error,15,0.0,0.0,0.0,pattern,signed_norm_drift,k_stored,12,pending_history,p90,0,0,12
representation_norm_error,15,0.0,0.0,0.0,pattern,signed_norm_drift,k_stored,12,pending_history,p95,0,0,12
representation_norm_error,15,0.0,0.0,0.0,pattern,signed_norm_drift,k_stored,12,pending_history,p99,0,0,12
representation_norm_error,15,0.0,0.0,0.0,pattern,abs_log_norm_ratio,k_stored,12,recent,max,0,0,12
representation_norm_error,15,0.0,0.0,0.0,pattern,abs_log_norm_ratio,k_stored,12,recent,mean,0,0,12
representation_norm_error,15,0.0,0.0,0.0,pattern,abs_log_norm_ratio,k_stored,12,recent,p50,0,0,12
representation_norm_error,15,0.0,0.0,0.0,pattern,abs_log_norm_ratio,k_stored,12,recent,p90,0,0,12
representation_norm_error,15,0.0,0.0,0.0,pattern,abs_log_norm_ratio,k_stored,12,recent,p95,0,0,12
representation_norm_error,15,0.0,0.0,0.0,pattern,abs_log_norm_ratio,k_stored,12,recent,p99,0,0,12
representation_norm_error,15,-1.4901161193847656e-08,5.960464477539063e-08,5.960464477539063e-08,pattern,direction_error,k_stored,12,recent,max,2,9,1
representation_norm_error,15,3.7834979593753815e-10,-1.4260876923799515e-09,4.3655745685100555e-11,pattern,direction_error,k_stored,12,recent,mean,6,6,0
representation_norm_error,15,0.0,0.0,0.0,pattern,direction_error,k_stored,12,recent,p50,0,0,12
representation_norm_error,15,0.0,0.0,0.0,pattern,direction_error,k_stored,12,recent,p90,5,3,4
representation_norm_error,15,0.0,0.0,0.0,pattern,direction_error,k_stored,12,recent,p95,0,0,12
representation_norm_error,15,0.0,0.0,0.0,pattern,direction_error,k_stored,12,recent,p99,2,2,8
representation_norm_error,15,0.0,0.0,0.0,pattern,norm_ratio,k_stored,12,recent,max,0,0,12
representation_norm_error,15,0.0,0.0,0.0,pattern,norm_ratio,k_stored,12,recent,mean,0,0,12
representation_norm_error,15,0.0,0.0,0.0,pattern,norm_ratio,k_stored,12,recent,p50,0,0,12
representation_norm_error,15,0.0,0.0,0.0,pattern,norm_ratio,k_stored,12,recent,p90,0,0,12
representation_norm_error,15,0.0,0.0,0.0,pattern,norm_ratio,k_stored,12,recent,p95,0,0,12
representation_norm_error,15,0.0,0.0,0.0,pattern,norm_ratio,k_stored,12,recent,p99,0,0,12
representation_norm_error,15,0.0,0.0,0.0,pattern,relative_L2,k_stored,12,recent,max,0,0,12
representation_norm_error,15,0.0,0.0,0.0,pattern,relative_L2,k_stored,12,recent,mean,0,0,12
representation_norm_error,15,0.0,0.0,0.0,pattern,relative_L2,k_stored,12,recent,p50,0,0,12
representation_norm_error,15,0.0,0.0,0.0,pattern,relative_L2,k_stored,12,recent,p90,0,0,12
representation_norm_error,15,0.0,0.0,0.0,pattern,relative_L2,k_stored,12,recent,p95,0,0,12
representation_norm_error,15,0.0,0.0,0.0,pattern,relative_L2,k_stored,12,recent,p99,0,0,12
representation_norm_error,15,0.0,0.0,0.0,pattern,relative_norm_error,k_stored,12,recent,max,0,0,12
representation_norm_error,15,0.0,0.0,0.0,pattern,relative_norm_error,k_stored,12,recent,mean,0,0,12
representation_norm_error,15,0.0,0.0,0.0,pattern,relative_norm_error,k_stored,12,recent,p50,0,0,12
representation_norm_error,15,0.0,0.0,0.0,pattern,relative_norm_error,k_stored,12,recent,p90,0,0,12
representation_norm_error,15,0.0,0.0,0.0,pattern,relative_norm_error,k_stored,12,recent,p95,0,0,12
representation_norm_error,15,0.0,0.0,0.0,pattern,relative_norm_error,k_stored,12,recent,p99,0,0,12
representation_norm_error,15,0.0,0.0,0.0,pattern,signed_norm_drift,k_stored,12,recent,max,0,0,12
representation_norm_error,15,0.0,0.0,0.0,pattern,signed_norm_drift,k_stored,12,recent,mean,0,0,12
representation_norm_error,15,0.0,0.0,0.0,pattern,signed_norm_drift,k_stored,12,recent,p50,0,0,12
representation_norm_error,15,0.0,0.0,0.0,pattern,signed_norm_drift,k_stored,12,recent,p90,0,0,12
representation_norm_error,15,0.0,0.0,0.0,pattern,signed_norm_drift,k_stored,12,recent,p95,0,0,12
representation_norm_error,15,0.0,0.0,0.0,pattern,signed_norm_drift,k_stored,12,recent,p99,0,0,12
stored_norm_error,15,-0.9892677068710327,0.47924472391605377,1.4685124307870865,pattern,abs_log_norm_ratio,k_stored,1,packed_history,max,0,1,0
stored_norm_error,15,0.07327133699359072,0.03079951570961389,-0.04247182128397682,pattern,abs_log_norm_ratio,k_stored,1,packed_history,mean,1,0,0
stored_norm_error,15,0.054197424091398716,0.026664446108043194,-0.027532977983355522,pattern,abs_log_norm_ratio,k_stored,1,packed_history,p50,1,0,0
stored_norm_error,15,0.1619991563260556,0.05211249254643916,-0.10988666377961645,pattern,abs_log_norm_ratio,k_stored,1,packed_history,p90,1,0,0
stored_norm_error,15,0.211647280305624,0.06551041081547741,-0.1461368694901466,pattern,abs_log_norm_ratio,k_stored,1,packed_history,p95,1,0,0
stored_norm_error,15,0.35022250901907703,0.10442692149430507,-0.24579558752477196,pattern,abs_log_norm_ratio,k_stored,1,packed_history,p99,1,0,0
stored_norm_error,15,0.07014384865760803,1.4564912021160126,1.3863473534584045,pattern,direction_error,k_stored,1,packed_history,max,0,1,0
stored_norm_error,15,0.10867861108181387,0.033715108546857664,-0.0749635025349562,pattern,direction_error,k_stored,1,packed_history,mean,1,0,0
stored_norm_error,15,0.08302704989910126,0.030039608478546143,-0.052987441420555115,pattern,direction_error,k_stored,1,packed_history,p50,1,0,0
stored_norm_error,15,0.18236642181873325,0.047214451432228084,-0.13515197038650517,pattern,direction_error,k_stored,1,packed_history,p90,1,0,0
stored_norm_error,15,0.2582867860794066,0.056509479880332975,-0.2017773061990736,pattern,direction_error,k_stored,1,packed_history,p95,1,0,0
stored_norm_error,15,0.799969772398472,0.1416010484099396,-0.6583687239885324,pattern,direction_error,k_stored,1,packed_history,p99,1,0,0
stored_norm_error,15,-1.9767658710479736,0.6044257879257202,2.581191658973694,pattern,norm_ratio,k_stored,1,packed_history,max,0,1,0
stored_norm_error,15,0.067593069375107,0.032616777617477055,-0.03497629175762995,pattern,norm_ratio,k_stored,1,packed_history,mean,1,0,0
stored_norm_error,15,0.05351889133453369,0.02771472930908203,-0.02580416202545166,pattern,norm_ratio,k_stored,1,packed_history,p50,1,0,0
stored_norm_error,15,0.17745741605758658,0.05671296119689928,-0.1207444548606873,pattern,norm_ratio,k_stored,1,packed_history,p90,1,0,0
stored_norm_error,15,0.23756857812404641,0.07205747067928348,-0.16551110744476294,pattern,norm_ratio,k_stored,1,packed_history,p95,1,0,0
stored_norm_error,15,0.4102909034490585,0.11720853269100173,-0.29308237075805676,pattern,norm_ratio,k_stored,1,packed_history,p99,1,0,0
stored_norm_error,15,-2.12056428194046,2.051039144396782,4.171603426337242,pattern,relative_L2,k_stored,1,packed_history,max,0,1,0
stored_norm_error,15,0.32757642042270163,0.11594364728171058,-0.21163277314099105,pattern,relative_L2,k_stored,1,packed_history,mean,1,0,0
stored_norm_error,15,0.29289165884256363,0.11503241211175919,-0.17785924673080444,pattern,relative_L2,k_stored,1,packed_history,p50,1,0,0
stored_norm_error,15,0.5361558064818382,0.15981988906860356,-0.3763359174132347,pattern,relative_L2,k_stored,1,packed_history,p90,1,0,0
stored_norm_error,15,0.6917225778102873,0.17917781397700316,-0.5125447638332842,pattern,relative_L2,k_stored,1,packed_history,p95,1,0,0
stored_norm_error,15,1.6305943660438071,0.4106315530836592,-1.2199628129601479,pattern,relative_L2,k_stored,1,packed_history,p99,1,0,0
stored_norm_error,15,-1.9767661094665527,0.6044259667396545,2.5811920762062073,pattern,relative_norm_error,k_stored,1,packed_history,max,0,1,0
stored_norm_error,15,0.07911160117932794,0.032940709104133714,-0.04617089207519423,pattern,relative_norm_error,k_stored,1,packed_history,mean,1,0,0
stored_norm_error,15,0.05668700020760298,0.027885225601494312,-0.028801774606108665,pattern,relative_norm_error,k_stored,1,packed_history,p50,1,0,0
stored_norm_error,15,0.17807544693350794,0.0567969560623169,-0.12127849087119104,pattern,relative_norm_error,k_stored,1,packed_history,p90,1,0,0
stored_norm_error,15,0.23770876061171284,0.07214192692190415,-0.16556683368980868,pattern,relative_norm_error,k_stored,1,packed_history,p95,1,0,0
stored_norm_error,15,0.4102908842265609,0.11762504771351812,-0.2926658365130428,pattern,relative_norm_error,k_stored,1,packed_history,p99,1,0,0
stored_norm_error,15,-1.9767661094665527,0.6044259667396545,2.5811920762062073,pattern,signed_norm_drift,k_stored,1,packed_history,max,0,1,0
stored_norm_error,15,0.06759307064313326,0.03261677615351183,-0.03497629448962143,pattern,signed_norm_drift,k_stored,1,packed_history,mean,1,0,0
stored_norm_error,15,0.053518871776759624,0.027714716270565987,-0.025804155506193638,pattern,signed_norm_drift,k_stored,1,packed_history,p50,1,0,0
stored_norm_error,15,0.17745747007429608,0.05671310164034368,-0.12074436843395239,pattern,signed_norm_drift,k_stored,1,packed_history,p90,1,0,0
stored_norm_error,15,0.23756861295551057,0.07205746360123166,-0.1655111493542789,pattern,signed_norm_drift,k_stored,1,packed_history,p95,1,0,0
stored_norm_error,15,0.4102908842265609,0.11720853492617607,-0.29308234930038485,pattern,signed_norm_drift,k_stored,1,packed_history,p99,1,0,0
stored_norm_error,15,1.018250256194733,0.32909721293253824,-0.6385945464717224,pattern,abs_log_norm_ratio,k_stored,12,pending_history,max,12,0,0
stored_norm_error,15,0.1524511042782996,0.040120281775749105,-0.10461648251966457,pattern,abs_log_norm_ratio,k_stored,12,pending_history,mean,12,0,0
stored_norm_error,15,0.11701761643962527,0.030994551430012507,-0.08323968124386738,pattern,abs_log_norm_ratio,k_stored,12,pending_history,p50,12,0,0
stored_norm_error,15,0.3201065432527685,0.0809182047014474,-0.23024753865101955,pattern,abs_log_norm_ratio,k_stored,12,pending_history,p90,12,0,0
stored_norm_error,15,0.4134677499478129,0.10938266286648285,-0.29844419653709325,pattern,abs_log_norm_ratio,k_stored,12,pending_history,p95,12,0,0
stored_norm_error,15,0.6467750891903399,0.18634567129745883,-0.45768347655655817,pattern,abs_log_norm_ratio,k_stored,12,pending_history,p99,12,0,0
stored_norm_error,15,1.4374132305383682,0.3230403661727905,-0.9713876843452454,pattern,direction_error,k_stored,12,pending_history,max,12,0,0
stored_norm_error,15,0.1363334957071735,0.0158484715557197,-0.12132454936569531,pattern,direction_error,k_stored,12,pending_history,mean,12,0,0
stored_norm_error,15,0.11092476546764374,0.010096602141857147,-0.10174565762281418,pattern,direction_error,k_stored,12,pending_history,p50,12,0,0
stored_norm_error,15,0.21584318429231644,0.025188302993774427,-0.1915934443473816,pattern,direction_error,k_stored,12,pending_history,p90,12,0,0
stored_norm_error,15,0.30678208768367743,0.0412429243326187,-0.270620782673359,pattern,direction_error,k_stored,12,pending_history,p95,12,0,0
stored_norm_error,15,0.8139173309504979,0.1559717589616774,-0.6826597432792179,pattern,direction_error,k_stored,12,pending_history,p99,12,0,0
stored_norm_error,15,1.0323738753795624,0.3089350163936615,-0.6327776312828064,pattern,norm_ratio,k_stored,12,pending_history,max,12,0,0
stored_norm_error,15,0.008458139399727338,0.013078130910005925,0.006761748184742067,pattern,norm_ratio,k_stored,12,pending_history,mean,5,7,0
stored_norm_error,15,0.00906728208065033,0.014090701937675476,0.004023291170597076,pattern,norm_ratio,k_stored,12,pending_history,p50,5,7,0
stored_norm_error,15,0.23388530313968658,0.07163330614566815,-0.15492849349975596,pattern,norm_ratio,k_stored,12,pending_history,p90,12,0,0
stored_norm_error,15,0.3344441220164298,0.10014073401689505,-0.22105952799320217,pattern,norm_ratio,k_stored,12,pending_history,p95,12,0,0
stored_norm_error,15,0.5984264767169944,0.16673656523227715,-0.4016791123151781,pattern,norm_ratio,k_stored,12,pending_history,p99,12,0,0
stored_norm_error,15,3.5239571004349273,1.5991440777142998,-2.0008517730166204,pattern,relative_L2,k_stored,12,pending_history,max,12,0,0
stored_norm_error,15,1.0068797488758348,0.3024187659996503,-0.703665423981499,pattern,relative_L2,k_stored,12,pending_history,mean,12,0,0
stored_norm_error,15,0.9492103505835985,0.27312372704182053,-0.6820705035424908,pattern,relative_L2,k_stored,12,pending_history,p50,12,0,0
stored_norm_error,15,1.3266080348723335,0.4388148571422791,-0.8946188540547153,pattern,relative_L2,k_stored,12,pending_history,p90,12,0,0
stored_norm_error,15,1.5767535570659665,0.5537896253008512,-1.0070146741170904,pattern,relative_L2,k_stored,12,pending_history,p95,12,0,0
stored_norm_error,15,2.4970573038401174,1.0496378422976702,-1.5377102733077475,pattern,relative_L2,k_stored,12,pending_history,p99,12,0,0
stored_norm_error,15,1.094364227494225,0.33839982993958984,-0.7413117508112919,pattern,relative_norm_error,k_stored,12,pending_history,max,12,0,0
stored_norm_error,15,0.15162901974195397,0.040313568233222505,-0.10440418464672258,pattern,relative_norm_error,k_stored,12,pending_history,mean,12,0,0
stored_norm_error,15,0.11727209076798317,0.03104842126231233,-0.08338384579656122,pattern,relative_norm_error,k_stored,12,pending_history,p50,12,0,0
stored_norm_error,15,0.31490505035326355,0.08147937564717722,-0.23261249043716814,pattern,relative_norm_error,k_stored,12,pending_history,p90,12,0,0
stored_norm_error,15,0.4075427300791489,0.11032573454685915,-0.2996233101497637,pattern,relative_norm_error,k_stored,12,pending_history,p95,12,0,0
stored_norm_error,15,0.6439161135423644,0.1883507600922898,-0.4586363437656835,pattern,relative_norm_error,k_stored,12,pending_history,p99,12,0,0
stored_norm_error,15,1.0323739162704442,0.30893509261659347,-0.6327775013633072,pattern,signed_norm_drift,k_stored,12,pending_history,max,12,0,0
stored_norm_error,15,0.008458141064793003,0.013078132135703205,0.0067617505743995865,pattern,signed_norm_drift,k_stored,12,pending_history,mean,5,7,0
stored_norm_error,15,0.00906731775513947,0.014090692634638913,0.004023198135101325,pattern,signed_norm_drift,k_stored,12,pending_history,p50,5,7,0
stored_norm_error,15,0.23388531606542529,0.07163323790373402,-0.15492848216672428,pattern,signed_norm_drift,k_stored,12,pending_history,p90,12,0,0
stored_norm_error,15,0.3344441384811943,0.10014074584178159,-0.22105961591551015,pattern,signed_norm_drift,k_stored,12,pending_history,p95,12,0,0
stored_norm_error,15,0.5984263669526257,0.1667365779522516,-0.40167901514942084,pattern,signed_norm_drift,k_stored,12,pending_history,p99,12,0,0
stored_norm_error,15,1.0387448835535906,0.4575813938427018,-0.4972736519994214,pattern,abs_log_norm_ratio,k_stored,12,recent,max,12,0,0
stored_norm_error,15,0.15156797679370843,0.04135045620655007,-0.10917749601787238,pattern,abs_log_norm_ratio,k_stored,12,recent,mean,12,0,0
stored_norm_error,15,0.11415649783702975,0.030989311575467582,-0.08378449662450294,pattern,abs_log_norm_ratio,k_stored,12,recent,p50,12,0,0
stored_norm_error,15,0.32316911752350286,0.08649946574005299,-0.24021087147702938,pattern,abs_log_norm_ratio,k_stored,12,recent,p90,12,0,0
stored_norm_error,15,0.42446603322241544,0.11549504834547403,-0.30392623816369435,pattern,abs_log_norm_ratio,k_stored,12,recent,p95,12,0,0
stored_norm_error,15,0.664010996379511,0.23954390141865578,-0.3932325468788619,pattern,abs_log_norm_ratio,k_stored,12,recent,p99,12,0,0
stored_norm_error,15,1.6093981266021729,0.659099280834198,-0.9341352432966232,pattern,direction_error,k_stored,12,recent,max,12,0,0
stored_norm_error,15,0.14580387160822283,0.019661631900817156,-0.12872857444745023,pattern,direction_error,k_stored,12,recent,mean,12,0,0
stored_norm_error,15,0.10920139402151108,0.010495156049728394,-0.09959442913532257,pattern,direction_error,k_stored,12,recent,p50,12,0,0
stored_norm_error,15,0.23819637000560767,0.029408805072307607,-0.20804622322320943,pattern,direction_error,k_stored,12,recent,p90,12,0,0
stored_norm_error,15,0.32845100313425046,0.05298150926828378,-0.27540793791413287,pattern,direction_error,k_stored,12,recent,p95,12,0,0
stored_norm_error,15,0.810622033476829,0.23517955362796758,-0.5747953663766382,pattern,direction_error,k_stored,12,recent,p99,12,0,0
stored_norm_error,15,1.148809015750885,0.47195494174957275,-0.5829441249370575,pattern,norm_ratio,k_stored,12,recent,max,12,0,0
stored_norm_error,15,0.03405351753463037,0.017013944074278697,-0.01912226137937978,pattern,norm_ratio,k_stored,12,recent,mean,7,5,0
stored_norm_error,15,0.026284098625183105,0.0137576162815094,-0.00971376895904541,pattern,norm_ratio,k_stored,12,recent,p50,7,5,0
stored_norm_error,15,0.24784845411777473,0.07426228821277625,-0.17278974652290335,pattern,norm_ratio,k_stored,12,recent,p90,12,0,0
stored_norm_error,15,0.3486723259091374,0.10171141028404218,-0.24935546517372148,pattern,norm_ratio,k_stored,12,recent,p95,12,0,0
stored_norm_error,15,0.6718732100725169,0.21572818785905817,-0.411604681611061,pattern,norm_ratio,k_stored,12,recent,p99,12,0,0
stored_norm_error,15,3.930021170875989,2.23593259556219,-1.5932373474352062,pattern,relative_L2,k_stored,12,recent,max,12,0,0
stored_norm_error,15,1.014373821630798,0.311312985837489,-0.7233696436102406,pattern,relative_L2,k_stored,12,recent,mean,12,0,0
stored_norm_error,15,0.9430685123079456,0.28115548696223414,-0.6737124365754426,pattern,relative_L2,k_stored,12,recent,p50,12,0,0
stored_norm_error,15,1.4181237832759508,0.4844597204006278,-0.952516352967359,pattern,relative_L2,k_stored,12,recent,p90,12,0,0
stored_norm_error,15,1.690308233024552,0.6387207807871161,-1.0650782269687626,pattern,relative_L2,k_stored,12,recent,p95,12,0,0
stored_norm_error,15,2.699173267771256,1.2684788660815671,-1.336323861365672,pattern,relative_L2,k_stored,12,recent,p99,12,0,0
stored_norm_error,15,1.1485921818821225,0.4761052346439101,-0.5807145702419803,pattern,relative_norm_error,k_stored,12,recent,max,12,0,0
stored_norm_error,15,0.15296592155793676,0.04193027357067863,-0.11001757453193332,pattern,relative_norm_error,k_stored,12,recent,mean,12,0,0
stored_norm_error,15,0.11427610340251704,0.03106199764442863,-0.08406738383928314,pattern,relative_norm_error,k_stored,12,recent,p50,12,0,0
stored_norm_error,15,0.326235717797681,0.08700013186535216,-0.23817158564925198,pattern,relative_norm_error,k_stored,12,recent,p90,12,0,0
stored_norm_error,15,0.425565150742477,0.11619534886085593,-0.30943971419546856,pattern,relative_norm_error,k_stored,12,recent,p95,12,0,0
stored_norm_error,15,0.6966853608205563,0.2437525441123579,-0.42358599277620645,pattern,relative_norm_error,k_stored,12,recent,p99,12,0,0
stored_norm_error,15,1.148809092817828,0.4719549564906629,-0.5829441751120612,pattern,signed_norm_drift,k_stored,12,recent,max,12,0,0
stored_norm_error,15,0.034053515165465786,0.01701394328366185,-0.019122261549913887,pattern,signed_norm_drift,k_stored,12,recent,mean,7,5,0
stored_norm_error,15,0.026284055494244285,0.013757566785969289,-0.00971376133315971,pattern,signed_norm_drift,k_stored,12,recent,p50,7,5,0
stored_norm_error,15,0.24784849191200922,0.07426237739928185,-0.17278982379575614,pattern,signed_norm_drift,k_stored,12,recent,p90,12,0,0
stored_norm_error,15,0.3486722374393137,0.10171145628773953,-0.24935543641695393,pattern,signed_norm_drift,k_stored,12,recent,p95,12,0,0
stored_norm_error,15,0.6718732048947998,0.21572817903128444,-0.41160462938423703,pattern,signed_norm_drift,k_stored,12,recent,p99,12,0,0
source_state_norm_drift,15,1.5177024294971488,0.8627759501687251,-0.7352099058334716,pattern,abs_log_norm_ratio,q_source,12,all_tokens,max,12,0,0
source_state_norm_drift,15,0.09590364175084862,0.03063046129804322,-0.06595820684413792,pattern,abs_log_norm_ratio,q_source,12,all_tokens,mean,12,0,0
source_state_norm_drift,15,0.06125742957374314,0.018118306855285482,-0.04371518526750151,pattern,abs_log_norm_ratio,q_source,12,all_tokens,p50,12,0,0
source_state_norm_drift,15,0.23759107786390815,0.07468037501166691,-0.1601095867663389,pattern,abs_log_norm_ratio,q_source,12,all_tokens,p90,12,0,0
source_state_norm_drift,15,0.30149744083500984,0.09792891904035059,-0.20157029310357752,pattern,abs_log_norm_ratio,q_source,12,all_tokens,p95,12,0,0
source_state_norm_drift,15,0.46116500335512656,0.1673236138781067,-0.28078527286066657,pattern,abs_log_norm_ratio,q_source,12,all_tokens,p99,12,0,0
source_state_norm_drift,15,2.087218016386032,1.185413345694542,-0.9599531292915344,pattern,direction_error,q_source,12,all_tokens,max,12,0,0
source_state_norm_drift,15,0.09738400491097295,0.011325363297078886,-0.08350762935815756,pattern,direction_error,q_source,12,all_tokens,mean,12,0,0
source_state_norm_drift,15,0.0779508426785469,0.005181536078453064,-0.07214000821113586,pattern,direction_error,q_source,12,all_tokens,p50,12,0,0
source_state_norm_drift,15,0.1876885339617729,0.023682355880737305,-0.16595400124788284,pattern,direction_error,q_source,12,all_tokens,p90,12,0,0
source_state_norm_drift,15,0.26933304071426395,0.03645116090774527,-0.22872191220521929,pattern,direction_error,q_source,12,all_tokens,p95,12,0,0
source_state_norm_drift,15,0.6673437675833717,0.11820908799767531,-0.541209180802106,pattern,direction_error,q_source,12,all_tokens,p99,12,0,0
source_state_norm_drift,15,1.8687283396720886,0.7728042304515839,-1.028586357831955,pattern,norm_ratio,q_source,12,all_tokens,max,12,0,0
source_state_norm_drift,15,0.04535070912464939,0.01914812605924565,-0.02451220654820324,pattern,norm_ratio,q_source,12,all_tokens,mean,10,2,0
source_state_norm_drift,15,0.017472997307777405,0.010606557130813599,-0.005490854382514954,pattern,norm_ratio,q_source,12,all_tokens,p50,7,5,0
source_state_norm_drift,15,0.217507576942444,0.06887688338756565,-0.1489400178194048,pattern,norm_ratio,q_source,12,all_tokens,p90,12,0,0
source_state_norm_drift,15,0.2872582733631132,0.09336433857679372,-0.19650717079639418,pattern,norm_ratio,q_source,12,all_tokens,p95,12,0,0
source_state_norm_drift,15,0.44379545509815266,0.1583108273148539,-0.28721756964921896,pattern,norm_ratio,q_source,12,all_tokens,p99,12,0,0
source_state_norm_drift,15,4.359855253191199,2.991480386466719,-1.3726672190241516,pattern,relative_L2,q_source,12,all_tokens,max,12,0,0
source_state_norm_drift,15,0.7362064942645654,0.2156443061308402,-0.5081156271777609,pattern,relative_L2,q_source,12,all_tokens,mean,12,0,0
source_state_norm_drift,15,0.7918225849207374,0.19245446210697992,-0.5902256090776064,pattern,relative_L2,q_source,12,all_tokens,p50,12,0,0
source_state_norm_drift,15,1.2421313810482388,0.42835089717700614,-0.8344556695315988,pattern,relative_L2,q_source,12,all_tokens,p90,12,0,0
source_state_norm_drift,15,1.4772449249983761,0.5323618598660685,-0.9416050081548746,pattern,relative_L2,q_source,12,all_tokens,p95,12,0,0
source_state_norm_drift,15,2.3462819522729843,0.955562837019679,-1.2551504516904228,pattern,relative_L2,q_source,12,all_tokens,p99,12,0,0
source_state_norm_drift,15,1.8614780108327977,0.8259134611289483,-1.027401463710703,pattern,relative_norm_error,q_source,12,all_tokens,max,12,0,0
source_state_norm_drift,15,0.09761107819474764,0.03086498283164626,-0.06744585488237836,pattern,relative_norm_error,q_source,12,all_tokens,mean,12,0,0
source_state_norm_drift,15,0.061402154478855664,0.01815726861150324,-0.04382532688396168,pattern,relative_norm_error,q_source,12,all_tokens,p50,12,0,0
source_state_norm_drift,15,0.24182099489553366,0.07525983421001001,-0.16402706612134355,pattern,relative_norm_error,q_source,12,all_tokens,p90,12,0,0
source_state_norm_drift,15,0.30633071234587983,0.09895742916305605,-0.2064248264563502,pattern,relative_norm_error,q_source,12,all_tokens,p95,12,0,0
source_state_norm_drift,15,0.4704166617225558,0.17007693262814444,-0.2940501768293328,pattern,relative_norm_error,q_source,12,all_tokens,p99,12,0,0
source_state_norm_drift,15,1.8687282318423968,0.7728042294183979,-1.028586201951839,pattern,signed_norm_drift,q_source,12,all_tokens,max,12,0,0
source_state_norm_drift,15,0.045350708847737196,0.01914812587850051,-0.02451220612574325,pattern,signed_norm_drift,q_source,12,all_tokens,mean,10,2,0
source_state_norm_drift,15,0.017473027541960562,0.010606561546801174,-0.005490841705295679,pattern,signed_norm_drift,q_source,12,all_tokens,p50,7,5,0
source_state_norm_drift,15,0.21750760318718676,0.06887679942556134,-0.14894006429676662,pattern,signed_norm_drift,q_source,12,all_tokens,p90,12,0,0
source_state_norm_drift,15,0.287258304771967,0.09336441893683513,-0.19650727338157575,pattern,signed_norm_drift,q_source,12,all_tokens,p95,12,0,0
source_state_norm_drift,15,0.4437954157181232,0.15831085204517875,-0.28721764540096023,pattern,signed_norm_drift,q_source,12,all_tokens,p99,12,0,0
source_state_norm_drift,15,2.429313543078024,1.4304838425596245,-0.9115659674280323,pattern,abs_log_norm_ratio,v_source,12,all_tokens,max,12,0,0
source_state_norm_drift,15,0.17545845408673244,0.05282427500818218,-0.12205843806828082,pattern,abs_log_norm_ratio,v_source,12,all_tokens,mean,12,0,0
source_state_norm_drift,15,0.10466170899053395,0.025678396410512505,-0.07967381395428674,pattern,abs_log_norm_ratio,v_source,12,all_tokens,p50,12,0,0
source_state_norm_drift,15,0.4271536877888139,0.1321271400622209,-0.3003686187963468,pattern,abs_log_norm_ratio,v_source,12,all_tokens,p90,12,0,0
source_state_norm_drift,15,0.5826747948878617,0.1856052004812227,-0.38202784897148345,pattern,abs_log_norm_ratio,v_source,12,all_tokens,p95,12,0,0
source_state_norm_drift,15,0.9610826124795128,0.35855716049889413,-0.5764524642107418,pattern,abs_log_norm_ratio,v_source,12,all_tokens,p99,12,0,0
source_state_norm_drift,15,4.697197467088699,3.00037445127964,-1.4435279816389084,pattern,direction_error,v_source,12,all_tokens,max,12,0,0
source_state_norm_drift,15,0.3928141164392527,0.050431866122227595,-0.3401083124482337,pattern,direction_error,v_source,12,all_tokens,mean,12,0,0
source_state_norm_drift,15,0.32222291827201843,0.023306220769882202,-0.29618386179208755,pattern,direction_error,v_source,12,all_tokens,p50,12,0,0
source_state_norm_drift,15,0.8032800495624544,0.11144896596670154,-0.6971696808934214,pattern,direction_error,v_source,12,all_tokens,p90,12,0,0
source_state_norm_drift,15,1.0914207279682158,0.1718148753046989,-0.9074017331004142,pattern,direction_error,v_source,12,all_tokens,p95,12,0,0
source_state_norm_drift,15,2.4383378702402076,0.5276911558210843,-1.7759178949892545,pattern,direction_error,v_source,12,all_tokens,p99,12,0,0
source_state_norm_drift,15,2.8132908642292023,1.5845038890838623,-1.3740292489528656,pattern,norm_ratio,v_source,12,all_tokens,max,12,0,0
source_state_norm_drift,15,0.04269974200840762,0.008993123046154239,-0.034093850193705144,pattern,norm_ratio,v_source,12,all_tokens,mean,12,0,0
source_state_norm_drift,15,0.007248625159263611,0.0014143362641334534,-0.005561500787734985,pattern,norm_ratio,v_source,12,all_tokens,p50,12,0,0
source_state_norm_drift,15,0.3654931426048279,0.09527656435966503,-0.25136579573154444,pattern,norm_ratio,v_source,12,all_tokens,p90,12,0,0
source_state_norm_drift,15,0.5110317289829251,0.14765738993883132,-0.3314574003219605,pattern,norm_ratio,v_source,12,all_tokens,p95,12,0,0
source_state_norm_drift,15,0.8843147996068006,0.30674545466899894,-0.5183314576745026,pattern,norm_ratio,v_source,12,all_tokens,p99,12,0,0
source_state_norm_drift,15,7.441477012005635,5.3335064825369045,-1.8603412709198892,pattern,relative_L2,v_source,12,all_tokens,max,12,0,0
source_state_norm_drift,15,1.4779872244362458,0.45511926797219604,-1.0174906360953655,pattern,relative_L2,v_source,12,all_tokens,mean,12,0,0
source_state_norm_drift,15,1.5916292869660538,0.39913593271921854,-1.1926313269650564,pattern,relative_L2,v_source,12,all_tokens,p50,12,0,0
source_state_norm_drift,15,2.5597628039889972,0.9231460969662295,-1.6699639238999229,pattern,relative_L2,v_source,12,all_tokens,p90,12,0,0
source_state_norm_drift,15,3.0497952067002188,1.149039214121876,-1.8715691868972497,pattern,relative_L2,v_source,12,all_tokens,p95,12,0,0
source_state_norm_drift,15,4.43259022074402,2.000068251182092,-2.2060703486588302,pattern,relative_L2,v_source,12,all_tokens,p99,12,0,0
source_state_norm_drift,15,2.7916887074825354,1.576687336055329,-1.2414564354112372,pattern,relative_norm_error,v_source,12,all_tokens,max,12,0,0
source_state_norm_drift,15,0.17709422962529486,0.05307292329833767,-0.12370164743545234,pattern,relative_norm_error,v_source,12,all_tokens,mean,12,0,0
source_state_norm_drift,15,0.10486649989979924,0.025679040683826315,-0.08000291169810225,pattern,relative_norm_error,v_source,12,all_tokens,p50,12,0,0
source_state_norm_drift,15,0.4317956189501274,0.13247644834918904,-0.3071630233695032,pattern,relative_norm_error,v_source,12,all_tokens,p90,12,0,0
source_state_norm_drift,15,0.5930260453875233,0.18696414024889235,-0.39241509704734195,pattern,relative_norm_error,v_source,12,all_tokens,p95,12,0,0
source_state_norm_drift,15,0.9979917780071264,0.3649066148763812,-0.5841000985613221,pattern,relative_norm_error,v_source,12,all_tokens,p99,12,0,0
source_state_norm_drift,15,2.8132908624829724,1.5845039183623157,-1.374029116355814,pattern,signed_norm_drift,v_source,12,all_tokens,max,12,0,0
source_state_norm_drift,15,0.04269974089661843,0.008993122335080768,-0.034093849580710614,pattern,signed_norm_drift,v_source,12,all_tokens,mean,12,0,0
source_state_norm_drift,15,0.007248623414305655,0.001414361854500612,-0.005561469033921185,pattern,signed_norm_drift,v_source,12,all_tokens,p50,12,0,0
source_state_norm_drift,15,0.36549308802568703,0.09527655558340485,-0.25136577378434594,pattern,signed_norm_drift,v_source,12,all_tokens,p90,12,0,0
source_state_norm_drift,15,0.5110317698297875,0.1476573699957952,-0.3314574673800963,pattern,signed_norm_drift,v_source,12,all_tokens,p95,12,0,0
source_state_norm_drift,15,0.8843147413893897,0.3067454715735219,-0.5183313908660778,pattern,signed_norm_drift,v_source,12,all_tokens,p99,12,0,0
representation_norm_error,15,-1.1823345720767975,-0.17854101210832596,1.0037935599684715,pattern,abs_log_norm_ratio,v_stored,1,packed_history,max,0,1,0
representation_norm_error,15,0.0373910780699645,0.04055501719999663,0.0031639391300321285,pattern,abs_log_norm_ratio,v_stored,1,packed_history,mean,0,1,0
representation_norm_error,15,0.05013285577297211,0.05226697027683258,0.0021341145038604736,pattern,abs_log_norm_ratio,v_stored,1,packed_history,p50,0,1,0
representation_norm_error,15,0.02608348131179805,0.02570921331644066,-0.0003742679953573913,pattern,abs_log_norm_ratio,v_stored,1,packed_history,p90,1,0,0
representation_norm_error,15,0.0179840717464686,0.02424782402813437,0.0062637522816657715,pattern,abs_log_norm_ratio,v_stored,1,packed_history,p95,0,1,0
representation_norm_error,15,-0.03445458203554154,0.0016015795618294915,0.03605616159737103,pattern,abs_log_norm_ratio,v_stored,1,packed_history,p99,0,1,0
representation_norm_error,15,-0.00012987852096557617,-0.15614742040634155,-0.15601754188537598,pattern,direction_error,v_stored,1,packed_history,max,1,0,0
representation_norm_error,15,0.021497233828995377,0.023680315980527666,0.0021830821515322896,pattern,direction_error,v_stored,1,packed_history,mean,0,1,0
representation_norm_error,15,0.03417198359966278,0.03620995581150055,0.0020379722118377686,pattern,direction_error,v_stored,1,packed_history,p50,0,1,0
representation_norm_error,15,-0.0019118964672088512,0.0006702899932861384,0.0025821864604949896,pattern,direction_error,v_stored,1,packed_history,p90,0,1,0
representation_norm_error,15,-0.014369337260723022,-0.01172298640012745,0.0026463508605955727,pattern,direction_error,v_stored,1,packed_history,p95,0,1,0
representation_norm_error,15,-0.047063869833946184,-0.03507200926542289,0.011991860568523291,pattern,direction_error,v_stored,1,packed_history,p99,0,1,0
representation_norm_error,15,-2.177565097808838,-0.23112094402313232,1.9464441537857056,pattern,norm_ratio,v_stored,1,packed_history,max,0,1,0
representation_norm_error,15,0.04021926739915216,0.04424253635261266,0.0040232689534605015,pattern,norm_ratio,v_stored,1,packed_history,mean,0,1,0
representation_norm_error,15,0.05502629280090332,0.05739358067512512,0.0023672878742218018,pattern,norm_ratio,v_stored,1,packed_history,p50,0,1,0
representation_norm_error,15,0.03026989102363542,0.02985713481903096,-0.0004127562046044586,pattern,norm_ratio,v_stored,1,packed_history,p90,1,0,0
representation_norm_error,15,0.021228489279746854,0.02842893898487109,0.0072004497051242344,pattern,norm_ratio,v_stored,1,packed_history,p95,0,1,0
representation_norm_error,15,-0.04135665714740777,0.0022410374879835437,0.043597694635391315,pattern,norm_ratio,v_stored,1,packed_history,p99,0,1,0
representation_norm_error,15,-1.7632549405097961,-0.2539837956428528,1.5092711448669434,pattern,relative_L2,v_stored,1,packed_history,max,0,1,0
representation_norm_error,15,0.06874937959332783,0.07618791096979294,0.007438531376465107,pattern,relative_L2,v_stored,1,packed_history,mean,0,1,0
representation_norm_error,15,0.11113221198320389,0.1187715008854866,0.007639288902282715,pattern,relative_L2,v_stored,1,packed_history,p50,0,1,0
representation_norm_error,15,-0.0076561048626900274,-0.0010880097746849282,0.006568095088005099,pattern,relative_L2,v_stored,1,packed_history,p90,0,1,0
representation_norm_error,15,-0.04047815948724748,-0.029227115213870947,0.011251044273376531,pattern,relative_L2,v_stored,1,packed_history,p95,0,1,0
representation_norm_error,15,-0.12619636178016624,-0.08557378232479085,0.040622579455375396,pattern,relative_L2,v_stored,1,packed_history,p99,0,1,0
representation_norm_error,15,-2.1775654554367065,-0.23112095147371292,1.9464445039629936,pattern,relative_norm_error,v_stored,1,packed_history,max,0,1,0
representation_norm_error,15,0.04054307854284507,0.04451650331333125,0.003973424770486178,pattern,relative_norm_error,v_stored,1,packed_history,mean,0,1,0
representation_norm_error,15,0.05502638965845108,0.057393694296479225,0.002367304638028145,pattern,relative_norm_error,v_stored,1,packed_history,p50,0,1,0
representation_norm_error,15,0.030269896984100278,0.029857129603624438,-0.0004127673804758397,pattern,relative_norm_error,v_stored,1,packed_history,p90,1,0,0
representation_norm_error,15,0.021228650212287883,0.028429017588496183,0.0072003673762083,pattern,relative_norm_error,v_stored,1,packed_history,p95,0,1,0
representation_norm_error,15,-0.041356518045067694,0.0022411140054462986,0.04359763205051399,pattern,relative_norm_error,v_stored,1,packed_history,p99,0,1,0
representation_norm_error,15,-2.1775654554367065,-0.23112095147371292,1.9464445039629936,pattern,signed_norm_drift,v_stored,1,packed_history,max,0,1,0
representation_norm_error,15,0.04021926460714435,0.04424253318918579,0.004023268582041439,pattern,signed_norm_drift,v_stored,1,packed_history,mean,0,1,0
representation_norm_error,15,0.05502638965845108,0.057393694296479225,0.002367304638028145,pattern,signed_norm_drift,v_stored,1,packed_history,p50,0,1,0
representation_norm_error,15,0.030269896984100278,0.029857129603624438,-0.0004127673804758397,pattern,signed_norm_drift,v_stored,1,packed_history,p90,1,0,0
representation_norm_error,15,0.021228650212287883,0.028429017588496183,0.0072003673762083,pattern,signed_norm_drift,v_stored,1,packed_history,p95,0,1,0
representation_norm_error,15,-0.041356518045067694,0.0022411140054462986,0.04359763205051399,pattern,signed_norm_drift,v_stored,1,packed_history,p99,0,1,0
representation_norm_error,15,0.0,0.0,0.0,pattern,abs_log_norm_ratio,v_stored,12,pending_history,max,0,0,12
representation_norm_error,15,0.0,0.0,0.0,pattern,abs_log_norm_ratio,v_stored,12,pending_history,mean,0,0,12
representation_norm_error,15,0.0,0.0,0.0,pattern,abs_log_norm_ratio,v_stored,12,pending_history,p50,0,0,12
representation_norm_error,15,0.0,0.0,0.0,pattern,abs_log_norm_ratio,v_stored,12,pending_history,p90,0,0,12
representation_norm_error,15,0.0,0.0,0.0,pattern,abs_log_norm_ratio,v_stored,12,pending_history,p95,0,0,12
representation_norm_error,15,0.0,0.0,0.0,pattern,abs_log_norm_ratio,v_stored,12,pending_history,p99,0,0,12
representation_norm_error,15,-2.9802322387695312e-08,1.4901161193847656e-08,5.960464477539063e-08,pattern,direction_error,v_stored,12,pending_history,max,4,8,0
representation_norm_error,15,-5.663448088877908e-10,1.402447944825137e-09,2.58061018857089e-09,pattern,direction_error,v_stored,12,pending_history,mean,4,8,0
representation_norm_error,15,0.0,0.0,0.0,pattern,direction_error,v_stored,12,pending_history,p50,0,0,12
representation_norm_error,15,-1.4901161193847656e-08,-2.9802322387695312e-08,0.0,pattern,direction_error,v_stored,12,pending_history,p90,4,5,3
representation_norm_error,15,0.0,0.0,0.0,pattern,direction_error,v_stored,12,pending_history,p95,0,0,12
representation_norm_error,15,0.0,0.0,0.0,pattern,direction_error,v_stored,12,pending_history,p99,5,5,2
representation_norm_error,15,0.0,0.0,0.0,pattern,norm_ratio,v_stored,12,pending_history,max,0,0,12
representation_norm_error,15,0.0,0.0,0.0,pattern,norm_ratio,v_stored,12,pending_history,mean,0,0,12
representation_norm_error,15,0.0,0.0,0.0,pattern,norm_ratio,v_stored,12,pending_history,p50,0,0,12
representation_norm_error,15,0.0,0.0,0.0,pattern,norm_ratio,v_stored,12,pending_history,p90,0,0,12
representation_norm_error,15,0.0,0.0,0.0,pattern,norm_ratio,v_stored,12,pending_history,p95,0,0,12
representation_norm_error,15,0.0,0.0,0.0,pattern,norm_ratio,v_stored,12,pending_history,p99,0,0,12
representation_norm_error,15,0.0,0.0,0.0,pattern,relative_L2,v_stored,12,pending_history,max,0,0,12
representation_norm_error,15,0.0,0.0,0.0,pattern,relative_L2,v_stored,12,pending_history,mean,0,0,12
representation_norm_error,15,0.0,0.0,0.0,pattern,relative_L2,v_stored,12,pending_history,p50,0,0,12
representation_norm_error,15,0.0,0.0,0.0,pattern,relative_L2,v_stored,12,pending_history,p90,0,0,12
representation_norm_error,15,0.0,0.0,0.0,pattern,relative_L2,v_stored,12,pending_history,p95,0,0,12
representation_norm_error,15,0.0,0.0,0.0,pattern,relative_L2,v_stored,12,pending_history,p99,0,0,12
representation_norm_error,15,0.0,0.0,0.0,pattern,relative_norm_error,v_stored,12,pending_history,max,0,0,12
representation_norm_error,15,0.0,0.0,0.0,pattern,relative_norm_error,v_stored,12,pending_history,mean,0,0,12
representation_norm_error,15,0.0,0.0,0.0,pattern,relative_norm_error,v_stored,12,pending_history,p50,0,0,12
representation_norm_error,15,0.0,0.0,0.0,pattern,relative_norm_error,v_stored,12,pending_history,p90,0,0,12
representation_norm_error,15,0.0,0.0,0.0,pattern,relative_norm_error,v_stored,12,pending_history,p95,0,0,12
representation_norm_error,15,0.0,0.0,0.0,pattern,relative_norm_error,v_stored,12,pending_history,p99,0,0,12
representation_norm_error,15,0.0,0.0,0.0,pattern,signed_norm_drift,v_stored,12,pending_history,max,0,0,12
representation_norm_error,15,0.0,0.0,0.0,pattern,signed_norm_drift,v_stored,12,pending_history,mean,0,0,12
representation_norm_error,15,0.0,0.0,0.0,pattern,signed_norm_drift,v_stored,12,pending_history,p50,0,0,12
representation_norm_error,15,0.0,0.0,0.0,pattern,signed_norm_drift,v_stored,12,pending_history,p90,0,0,12
representation_norm_error,15,0.0,0.0,0.0,pattern,signed_norm_drift,v_stored,12,pending_history,p95,0,0,12
representation_norm_error,15,0.0,0.0,0.0,pattern,signed_norm_drift,v_stored,12,pending_history,p99,0,0,12
representation_norm_error,15,0.0,0.0,0.0,pattern,abs_log_norm_ratio,v_stored,12,recent,max,0,0,12
representation_norm_error,15,0.0,0.0,0.0,pattern,abs_log_norm_ratio,v_stored,12,recent,mean,0,0,12
representation_norm_error,15,0.0,0.0,0.0,pattern,abs_log_norm_ratio,v_stored,12,recent,p50,0,0,12
representation_norm_error,15,0.0,0.0,0.0,pattern,abs_log_norm_ratio,v_stored,12,recent,p90,0,0,12
representation_norm_error,15,0.0,0.0,0.0,pattern,abs_log_norm_ratio,v_stored,12,recent,p95,0,0,12
representation_norm_error,15,0.0,0.0,0.0,pattern,abs_log_norm_ratio,v_stored,12,recent,p99,0,0,12
representation_norm_error,15,1.4901161193847656e-08,-1.4901161193847656e-08,-2.9802322387695312e-08,pattern,direction_error,v_stored,12,recent,max,6,4,2
representation_norm_error,15,-8.731149137020111e-11,5.238689482212067e-10,7.8580342233181e-10,pattern,direction_error,v_stored,12,recent,mean,5,7,0
representation_norm_error,15,0.0,0.0,0.0,pattern,direction_error,v_stored,12,recent,p50,0,0,12
representation_norm_error,15,0.0,0.0,0.0,pattern,direction_error,v_stored,12,recent,p90,5,5,2
representation_norm_error,15,0.0,0.0,0.0,pattern,direction_error,v_stored,12,recent,p95,0,0,12
representation_norm_error,15,0.0,0.0,0.0,pattern,direction_error,v_stored,12,recent,p99,2,2,8
representation_norm_error,15,0.0,0.0,0.0,pattern,norm_ratio,v_stored,12,recent,max,0,0,12
representation_norm_error,15,0.0,0.0,0.0,pattern,norm_ratio,v_stored,12,recent,mean,0,0,12
representation_norm_error,15,0.0,0.0,0.0,pattern,norm_ratio,v_stored,12,recent,p50,0,0,12
representation_norm_error,15,0.0,0.0,0.0,pattern,norm_ratio,v_stored,12,recent,p90,0,0,12
representation_norm_error,15,0.0,0.0,0.0,pattern,norm_ratio,v_stored,12,recent,p95,0,0,12
representation_norm_error,15,0.0,0.0,0.0,pattern,norm_ratio,v_stored,12,recent,p99,0,0,12
representation_norm_error,15,0.0,0.0,0.0,pattern,relative_L2,v_stored,12,recent,max,0,0,12
representation_norm_error,15,0.0,0.0,0.0,pattern,relative_L2,v_stored,12,recent,mean,0,0,12
representation_norm_error,15,0.0,0.0,0.0,pattern,relative_L2,v_stored,12,recent,p50,0,0,12
representation_norm_error,15,0.0,0.0,0.0,pattern,relative_L2,v_stored,12,recent,p90,0,0,12
representation_norm_error,15,0.0,0.0,0.0,pattern,relative_L2,v_stored,12,recent,p95,0,0,12
representation_norm_error,15,0.0,0.0,0.0,pattern,relative_L2,v_stored,12,recent,p99,0,0,12
representation_norm_error,15,0.0,0.0,0.0,pattern,relative_norm_error,v_stored,12,recent,max,0,0,12
representation_norm_error,15,0.0,0.0,0.0,pattern,relative_norm_error,v_stored,12,recent,mean,0,0,12
representation_norm_error,15,0.0,0.0,0.0,pattern,relative_norm_error,v_stored,12,recent,p50,0,0,12
representation_norm_error,15,0.0,0.0,0.0,pattern,relative_norm_error,v_stored,12,recent,p90,0,0,12
representation_norm_error,15,0.0,0.0,0.0,pattern,relative_norm_error,v_stored,12,recent,p95,0,0,12
representation_norm_error,15,0.0,0.0,0.0,pattern,relative_norm_error,v_stored,12,recent,p99,0,0,12
representation_norm_error,15,0.0,0.0,0.0,pattern,signed_norm_drift,v_stored,12,recent,max,0,0,12
representation_norm_error,15,0.0,0.0,0.0,pattern,signed_norm_drift,v_stored,12,recent,mean,0,0,12
representation_norm_error,15,0.0,0.0,0.0,pattern,signed_norm_drift,v_stored,12,recent,p50,0,0,12
representation_norm_error,15,0.0,0.0,0.0,pattern,signed_norm_drift,v_stored,12,recent,p90,0,0,12
representation_norm_error,15,0.0,0.0,0.0,pattern,signed_norm_drift,v_stored,12,recent,p95,0,0,12
representation_norm_error,15,0.0,0.0,0.0,pattern,signed_norm_drift,v_stored,12,recent,p99,0,0,12
stored_norm_error,15,-0.42602381110191345,0.8863789886236191,1.3124027997255325,pattern,abs_log_norm_ratio,v_stored,1,packed_history,max,0,1,0
stored_norm_error,15,0.08668691949746017,0.05151317731899062,-0.03517374217846955,pattern,abs_log_norm_ratio,v_stored,1,packed_history,mean,1,0,0
stored_norm_error,15,0.0703549962490797,0.05795617960393429,-0.012398816645145416,pattern,abs_log_norm_ratio,v_stored,1,packed_history,p50,1,0,0
stored_norm_error,15,0.21271904706954953,0.07161456495523455,-0.14110448211431498,pattern,abs_log_norm_ratio,v_stored,1,packed_history,p90,1,0,0
stored_norm_error,15,0.2765762336552143,0.08721215464174736,-0.1893640790134669,pattern,abs_log_norm_ratio,v_stored,1,packed_history,p95,1,0,0
stored_norm_error,15,0.4485098563134665,0.10005631320178494,-0.3484535431116816,pattern,abs_log_norm_ratio,v_stored,1,packed_history,p99,1,0,0
stored_norm_error,15,3.1374977827072144,3.1515024304389954,0.014004647731781006,pattern,direction_error,v_stored,1,packed_history,max,0,1,0
stored_norm_error,15,0.3486126978050379,0.0839860428677639,-0.264626654937274,pattern,direction_error,v_stored,1,packed_history,mean,1,0,0
stored_norm_error,15,0.2685747444629669,0.0757741630077362,-0.1928005814552307,pattern,direction_error,v_stored,1,packed_history,p50,1,0,0
stored_norm_error,15,0.6273281633853917,0.08636319041252136,-0.5409649729728703,pattern,direction_error,v_stored,1,packed_history,p90,1,0,0
stored_norm_error,15,0.8614423945546146,0.11130926162004459,-0.75013313293457,pattern,direction_error,v_stored,1,packed_history,p95,1,0,0
stored_norm_error,15,2.036292715072635,0.45436520099639965,-1.5819275140762352,pattern,direction_error,v_stored,1,packed_history,p99,1,0,0
stored_norm_error,15,-0.9519163966178894,1.173694908618927,2.1256113052368164,pattern,norm_ratio,v_stored,1,packed_history,max,0,1,0
stored_norm_error,15,0.07013554639434005,0.053333021938669845,-0.01680252445567021,pattern,norm_ratio,v_stored,1,packed_history,mean,1,0,0
stored_norm_error,15,0.06906086206436157,0.06297028064727783,-0.00609058141708374,pattern,norm_ratio,v_stored,1,packed_history,p50,1,0,0
stored_norm_error,15,0.24128704071044926,0.0824476718902587,-0.15883936882019056,pattern,norm_ratio,v_stored,1,packed_history,p90,1,0,0
stored_norm_error,15,0.31761465370655073,0.10227176845073704,-0.2153428852558137,pattern,norm_ratio,v_stored,1,packed_history,p95,1,0,0
stored_norm_error,15,0.5427270346879953,0.11961392104625623,-0.4231131136417391,pattern,norm_ratio,v_stored,1,packed_history,p99,1,0,0
stored_norm_error,15,0.6046540141105652,4.076761722564697,3.472107708454132,pattern,relative_L2,v_stored,1,packed_history,max,0,1,0
stored_norm_error,15,0.6951365720879599,0.20863321723196115,-0.4865033548559987,pattern,relative_L2,v_stored,1,packed_history,mean,1,0,0
stored_norm_error,15,0.6443996578454971,0.22160977125167847,-0.42278988659381866,pattern,relative_L2,v_stored,1,packed_history,p50,1,0,0
stored_norm_error,15,1.1314430952072143,0.19954096078872674,-0.9319021344184876,pattern,relative_L2,v_stored,1,packed_history,p90,1,0,0
stored_norm_error,15,1.4247979104518889,0.234589220583439,-1.1902086898684499,pattern,relative_L2,v_stored,1,packed_history,p95,1,0,0
stored_norm_error,15,2.513759632110596,0.7018411415815375,-1.8119184905290586,pattern,relative_L2,v_stored,1,packed_history,p99,1,0,0
stored_norm_error,15,-0.9519170522689819,1.1736948490142822,2.125611901283264,pattern,relative_norm_error,v_stored,1,packed_history,max,0,1,0
stored_norm_error,15,0.09946229982542135,0.05770072724340008,-0.04176157258202127,pattern,relative_norm_error,v_stored,1,packed_history,mean,1,0,0
stored_norm_error,15,0.07611090317368507,0.06354025937616825,-0.012570643797516823,pattern,relative_norm_error,v_stored,1,packed_history,p50,1,0,0
stored_norm_error,15,0.24769398346543317,0.08301521912217148,-0.16467876434326167,pattern,relative_norm_error,v_stored,1,packed_history,p90,1,0,0
stored_norm_error,15,0.3304549545049668,0.10282577797770504,-0.22762917652726178,pattern,relative_norm_error,v_stored,1,packed_history,p95,1,0,0
stored_norm_error,15,0.5478449729830049,0.121754682585597,-0.4260902903974079,pattern,relative_norm_error,v_stored,1,packed_history,p99,1,0,0
stored_norm_error,15,-0.9519170522689819,1.1736948490142822,2.125611901283264,pattern,signed_norm_drift,v_stored,1,packed_history,max,0,1,0
stored_norm_error,15,0.0701355496875464,0.05333302372276332,-0.01680252596478308,pattern,signed_norm_drift,v_stored,1,packed_history,mean,1,0,0
stored_norm_error,15,0.0690609272569418,0.06297034025192261,-0.006090587005019188,pattern,signed_norm_drift,v_stored,1,packed_history,p50,1,0,0
stored_norm_error,15,0.24128698557615286,0.08244770318269733,-0.15883928239345552,pattern,signed_norm_drift,v_stored,1,packed_history,p90,1,0,0
stored_norm_error,15,0.3176146950572728,0.10227166414260866,-0.21534303091466414,pattern,signed_norm_drift,v_stored,1,packed_history,p95,1,0,0
stored_norm_error,15,0.5427270311862229,0.1196140616387128,-0.4231129695475101,pattern,signed_norm_drift,v_stored,1,packed_history,p99,1,0,0
stored_norm_error,15,1.6946868003578857,0.7678808303317055,-0.9500028606125852,pattern,abs_log_norm_ratio,v_stored,12,pending_history,max,12,0,0
stored_norm_error,15,0.23801889671378262,0.07769849128089622,-0.16522748749946495,pattern,abs_log_norm_ratio,v_stored,12,pending_history,mean,12,0,0
stored_norm_error,15,0.1879674316442106,0.05556601240277814,-0.13398840252921218,pattern,abs_log_norm_ratio,v_stored,12,pending_history,p50,12,0,0
stored_norm_error,15,0.498744647287822,0.16921305879950532,-0.33271872182813245,pattern,abs_log_norm_ratio,v_stored,12,pending_history,p90,12,0,0
stored_norm_error,15,0.6348098280206612,0.2223462241621746,-0.4028461210946259,pattern,abs_log_norm_ratio,v_stored,12,pending_history,p95,12,0,0
stored_norm_error,15,0.96797147777048,0.41091453606801176,-0.5746749680866198,pattern,abs_log_norm_ratio,v_stored,12,pending_history,p99,12,0,0
stored_norm_error,15,3.5535403192043304,1.1916650384664536,-2.2532256096601486,pattern,direction_error,v_stored,12,pending_history,max,12,0,0
stored_norm_error,15,0.5510718231436771,0.07774271555826315,-0.4782108148166474,pattern,direction_error,v_stored,12,pending_history,mean,12,0,0
stored_norm_error,15,0.46186747401952744,0.05462069809436798,-0.41718722879886627,pattern,direction_error,v_stored,12,pending_history,p50,12,0,0
stored_norm_error,15,0.9411894381046295,0.1550537735223771,-0.7955590590834619,pattern,direction_error,v_stored,12,pending_history,p90,12,0,0
stored_norm_error,15,1.2393255375325678,0.23882085010409349,-0.9975881345570089,pattern,direction_error,v_stored,12,pending_history,p95,12,0,0
stored_norm_error,15,2.3964222168922404,0.6491777081787566,-1.8242711909115306,pattern,direction_error,v_stored,12,pending_history,p99,12,0,0
stored_norm_error,15,1.9232046604156494,0.8049992024898529,-0.9285987317562103,pattern,norm_ratio,v_stored,12,pending_history,max,12,0,0
stored_norm_error,15,0.06379809606386619,0.011733795364655353,-0.05133192239994938,pattern,norm_ratio,v_stored,12,pending_history,mean,12,0,0
stored_norm_error,15,0.0527583584189415,0.01057802140712738,-0.0412752702832222,pattern,norm_ratio,v_stored,12,pending_history,p50,11,1,0
stored_norm_error,15,0.45430941581726075,0.12982735037803683,-0.3200467407703405,pattern,norm_ratio,v_stored,12,pending_history,p90,12,0,0
stored_norm_error,15,0.59741553068161,0.188726569712162,-0.38645589798688884,pattern,norm_ratio,v_stored,12,pending_history,p95,12,0,0
stored_norm_error,15,0.9705081105232234,0.35573622852563963,-0.5799620619416228,pattern,norm_ratio,v_stored,12,pending_history,p99,12,0,0
stored_norm_error,15,5.956870452384464,2.9891019912902266,-3.0416429392062128,pattern,relative_L2,v_stored,12,pending_history,max,12,0,0
stored_norm_error,15,2.024820494884205,0.6810158817142558,-1.3453733134421977,pattern,relative_L2,v_stored,12,pending_history,mean,12,0,0
stored_norm_error,15,1.9434915560268564,0.6263319375721039,-1.353000153132598,pattern,relative_L2,v_stored,12,pending_history,p50,12,0,0
stored_norm_error,15,2.787152697442798,1.0703414700110445,-1.7231025010813028,pattern,relative_L2,v_stored,12,pending_history,p90,12,0,0
stored_norm_error,15,3.1854354631563178,1.3428567313501842,-1.8252155420195781,pattern,relative_L2,v_stored,12,pending_history,p95,12,0,0
stored_norm_error,15,4.445874791879323,2.1317582071246557,-2.2545335007714975,pattern,relative_L2,v_stored,12,pending_history,p99,12,0,0
stored_norm_error,15,1.9181108686025254,0.807735260023037,-1.0357410768046975,pattern,relative_norm_error,v_stored,12,pending_history,max,12,0,0
stored_norm_error,15,0.2435384307632836,0.0780445142660234,-0.16808764363943463,pattern,relative_norm_error,v_stored,12,pending_history,mean,12,0,0
stored_norm_error,15,0.1893176822395617,0.05563379206614627,-0.13418327781255357,pattern,relative_norm_error,v_stored,12,pending_history,p50,12,0,0
stored_norm_error,15,0.511977432126878,0.1689969459890563,-0.34648419470831865,pattern,relative_norm_error,v_stored,12,pending_history,p90,12,0,0
stored_norm_error,15,0.6570545935901462,0.22585046401291034,-0.4236064954457105,pattern,relative_norm_error,v_stored,12,pending_history,p95,12,0,0
stored_norm_error,15,1.0512727001457827,0.4240168890613125,-0.5832801464882494,pattern,relative_norm_error,v_stored,12,pending_history,p99,12,0,0
stored_norm_error,15,1.9232047136174515,0.8049992067099083,-0.9285985223250464,pattern,signed_norm_drift,v_stored,12,pending_history,max,12,0,0
stored_norm_error,15,0.0637980949492737,0.011733791407743142,-0.05133192369967521,pattern,signed_norm_drift,v_stored,12,pending_history,mean,12,0,0
stored_norm_error,15,0.052758295750436446,0.010578025688232628,-0.041275395669316595,pattern,signed_norm_drift,v_stored,12,pending_history,p50,11,1,0
stored_norm_error,15,0.4543094762630062,0.12982746709240023,-0.32004669018133436,pattern,signed_norm_drift,v_stored,12,pending_history,p90,12,0,0
stored_norm_error,15,0.5974155898216847,0.18872654507831604,-0.3864559865913176,pattern,signed_norm_drift,v_stored,12,pending_history,p95,12,0,0
stored_norm_error,15,0.9705080663233817,0.3557362334188664,-0.5799619655887358,pattern,signed_norm_drift,v_stored,12,pending_history,p99,12,0,0
stored_norm_error,15,1.8238591267727315,0.9971609911590349,-0.8723276260425337,pattern,abs_log_norm_ratio,v_stored,12,recent,max,12,0,0
stored_norm_error,15,0.2421088189751477,0.08091701650806898,-0.16798836969501646,pattern,abs_log_norm_ratio,v_stored,12,recent,mean,12,0,0
stored_norm_error,15,0.18535754014374106,0.05721603821621102,-0.13296917519983253,pattern,abs_log_norm_ratio,v_stored,12,recent,p50,12,0,0
stored_norm_error,15,0.5139317732850033,0.17529713990661552,-0.34211903581308434,pattern,abs_log_norm_ratio,v_stored,12,recent,p90,12,0,0
stored_norm_error,15,0.6760929438278249,0.2352735406813735,-0.42619651090935806,pattern,abs_log_norm_ratio,v_stored,12,recent,p95,12,0,0
stored_norm_error,15,1.0935219447223057,0.47411387284198975,-0.6117823519956436,pattern,abs_log_norm_ratio,v_stored,12,recent,p99,12,0,0
stored_norm_error,15,3.8428500443696976,1.801648661494255,-2.0338286608457565,pattern,direction_error,v_stored,12,recent,max,12,0,0
stored_norm_error,15,0.5700439920183271,0.08886888589768205,-0.4917113651463296,pattern,direction_error,v_stored,12,recent,mean,12,0,0
stored_norm_error,15,0.4662015363574028,0.05666467547416687,-0.41476989537477493,pattern,direction_error,v_stored,12,recent,p50,12,0,0
stored_norm_error,15,0.9873284086585048,0.16992128938436515,-0.8378861576318744,pattern,direction_error,v_stored,12,recent,p90,12,0,0
stored_norm_error,15,1.3542014732956877,0.2770715221762653,-1.062272126972675,pattern,direction_error,v_stored,12,recent,p95,12,0,0
stored_norm_error,15,2.498411466479301,0.7896527315676207,-1.6588678990304468,pattern,direction_error,v_stored,12,recent,p99,12,0,0
stored_norm_error,15,2.000436782836914,0.984029233455658,-0.967549592256546,pattern,norm_ratio,v_stored,12,recent,max,12,0,0
stored_norm_error,15,0.05952343560056761,0.01588132412871346,-0.04324062980595045,pattern,norm_ratio,v_stored,12,recent,mean,11,1,0
stored_norm_error,15,0.04382578283548355,0.011100120842456818,-0.032636143267154694,pattern,norm_ratio,v_stored,12,recent,p50,11,1,0
stored_norm_error,15,0.4463650643825531,0.13362997174262997,-0.29211940467357633,pattern,norm_ratio,v_stored,12,recent,p90,12,0,0
stored_norm_error,15,0.6032925009727468,0.19334978461265562,-0.3803106129169462,pattern,norm_ratio,v_stored,12,recent,p95,12,0,0
stored_norm_error,15,0.9479697215557099,0.3946423754096027,-0.5638680419325828,pattern,norm_ratio,v_stored,12,recent,p99,12,0,0
stored_norm_error,15,6.012206001090817,3.6639102603076026,-2.325683175586164,pattern,relative_L2,v_stored,12,recent,max,12,0,0
stored_norm_error,15,2.031732483674304,0.7080229520820609,-1.3821675280606769,pattern,relative_L2,v_stored,12,recent,mean,12,0,0
stored_norm_error,15,1.9490589840279426,0.6517226456053322,-1.3503602645068895,pattern,relative_L2,v_stored,12,recent,p50,12,0,0
stored_norm_error,15,2.9059391486691313,1.1471823945583313,-1.7815644616843205,pattern,relative_L2,v_stored,12,recent,p90,12,0,0
stored_norm_error,15,3.5045353548746774,1.4944872161693632,-1.9829715533065615,pattern,relative_L2,v_stored,12,recent,p95,12,0,0
stored_norm_error,15,4.52182084518019,2.2790764590090835,-2.004109898583265,pattern,relative_L2,v_stored,12,recent,p99,12,0,0
stored_norm_error,15,2.0499211483984254,1.0576930749521125,-0.9931205895263702,pattern,relative_norm_error,v_stored,12,recent,max,12,0,0
stored_norm_error,15,0.24613771310082133,0.08111107081045452,-0.1704425921328558,pattern,relative_norm_error,v_stored,12,recent,mean,12,0,0
stored_norm_error,15,0.18626720077554637,0.057249898607551586,-0.1332158395453007,pattern,relative_norm_error,v_stored,12,recent,p50,12,0,0
stored_norm_error,15,0.5274859024168109,0.1760052411060315,-0.3490309556858848,pattern,relative_norm_error,v_stored,12,recent,p90,12,0,0
stored_norm_error,15,0.6849192261215644,0.23733922804167354,-0.4295918912772318,pattern,relative_norm_error,v_stored,12,recent,p95,12,0,0
stored_norm_error,15,1.1155285375216037,0.47722906088383743,-0.5895162060784054,pattern,relative_norm_error,v_stored,12,recent,p99,12,0,0
stored_norm_error,15,2.0004367224755697,0.9840292829903774,-0.9675495292758569,pattern,signed_norm_drift,v_stored,12,recent,max,12,0,0
stored_norm_error,15,0.059523437837099964,0.01588132693875443,-0.043240628735998654,pattern,signed_norm_drift,v_stored,12,recent,mean,11,1,0
stored_norm_error,15,0.04382577698779144,0.01110007943941227,-0.03263621021221752,pattern,signed_norm_drift,v_stored,12,recent,p50,11,1,0
stored_norm_error,15,0.44636498068794034,0.13363005785722637,-0.29211939578235613,pattern,signed_norm_drift,v_stored,12,recent,p90,12,0,0
stored_norm_error,15,0.6032924496019396,0.19334978317638152,-0.38031057607877256,pattern,signed_norm_drift,v_stored,12,recent,p95,12,0,0
stored_norm_error,15,0.9479698718586584,0.39464238649990857,-0.5638681448478018,pattern,signed_norm_drift,v_stored,12,recent,p99,12,0,0
source_state_norm_drift,23,0.8076594981539529,0.38888869888614863,-0.399477153972839,pattern,abs_log_norm_ratio,hidden,12,all_tokens,max,11,1,0
source_state_norm_drift,23,0.029382995573941716,0.009592021298783235,-0.020745801928285366,pattern,abs_log_norm_ratio,hidden,12,all_tokens,mean,12,0,0
source_state_norm_drift,23,0.01651304083316063,0.00474381807134705,-0.012012417172627465,pattern,abs_log_norm_ratio,hidden,12,all_tokens,p50,12,0,0
source_state_norm_drift,23,0.07372680817225047,0.02246214546976262,-0.05213864986653789,pattern,abs_log_norm_ratio,hidden,12,all_tokens,p90,12,0,0
source_state_norm_drift,23,0.0974990001954211,0.031780406553298224,-0.06635459507451741,pattern,abs_log_norm_ratio,hidden,12,all_tokens,p95,12,0,0
source_state_norm_drift,23,0.1627294889579206,0.06202497488127833,-0.10070661090227082,pattern,abs_log_norm_ratio,hidden,12,all_tokens,p99,12,0,0
source_state_norm_drift,23,2.848509579896927,1.8273056596517563,-1.0004953444004059,pattern,direction_error,hidden,12,all_tokens,max,12,0,0
source_state_norm_drift,23,0.2174707754845936,0.03489332638375043,-0.18672682667801715,pattern,direction_error,hidden,12,all_tokens,mean,12,0,0
source_state_norm_drift,23,0.19482562690973282,0.017992094159126282,-0.17630019038915634,pattern,direction_error,hidden,12,all_tokens,p50,12,0,0
source_state_norm_drift,23,0.3752500995993615,0.06151070892810824,-0.32054105103015906,pattern,direction_error,hidden,12,all_tokens,p90,12,0,0
source_state_norm_drift,23,0.553958041965961,0.10573624446988099,-0.4548779569566246,pattern,direction_error,hidden,12,all_tokens,p95,12,0,0
source_state_norm_drift,23,1.6733692003786549,0.36928996503353173,-1.152029871195555,pattern,direction_error,hidden,12,all_tokens,p99,12,0,0
source_state_norm_drift,23,0.8936331570148468,0.3910490870475769,-0.49251222610473633,pattern,norm_ratio,hidden,12,all_tokens,max,12,0,0
source_state_norm_drift,23,-0.004644978138329869,0.004991168438350263,0.009897203874055321,pattern,norm_ratio,hidden,12,all_tokens,mean,3,9,0
source_state_norm_drift,23,-0.00114499032497406,0.002098396420478821,0.002972140908241272,pattern,norm_ratio,hidden,12,all_tokens,p50,0,12,0
source_state_norm_drift,23,0.044159430265426625,0.01949140131473548,-0.021682897210121233,pattern,norm_ratio,hidden,12,all_tokens,p90,12,0,0
source_state_norm_drift,23,0.068224388360977,0.028508144617080733,-0.0368523865938189,pattern,norm_ratio,hidden,12,all_tokens,p95,12,0,0
source_state_norm_drift,23,0.13290996640920627,0.057790439128875715,-0.07756630837917305,pattern,norm_ratio,hidden,12,all_tokens,p99,12,0,0
source_state_norm_drift,23,4.816383733181283,3.6185827273875475,-1.2342342287302017,pattern,relative_L2,hidden,12,all_tokens,max,12,0,0
source_state_norm_drift,23,1.074834651665463,0.36475701740299604,-0.7323215233721532,pattern,relative_L2,hidden,12,all_tokens,mean,12,0,0
source_state_norm_drift,23,1.2354371477849782,0.3550586412748089,-0.889964948699344,pattern,relative_L2,hidden,12,all_tokens,p50,12,0,0
source_state_norm_drift,23,1.7142855078855064,0.6795974467939233,-1.0831703189294783,pattern,relative_L2,hidden,12,all_tokens,p90,12,0,0
source_state_norm_drift,23,2.1281119257182577,0.8892393173329766,-1.273886634566588,pattern,relative_L2,hidden,12,all_tokens,p95,12,0,0
source_state_norm_drift,23,3.6373419212514966,1.6520947619329673,-1.8157049598032644,pattern,relative_L2,hidden,12,all_tokens,p99,12,0,0
source_state_norm_drift,23,0.8926875161851058,0.4079035677568754,-0.47603462444385514,pattern,relative_norm_error,hidden,12,all_tokens,max,12,0,0
source_state_norm_drift,23,0.02931346881945904,0.00962246197900661,-0.020651011022791863,pattern,relative_norm_error,hidden,12,all_tokens,mean,12,0,0
source_state_norm_drift,23,0.016521350945822633,0.004744615976051136,-0.012018650973914191,pattern,relative_norm_error,hidden,12,all_tokens,p50,12,0,0
source_state_norm_drift,23,0.07337543336743695,0.0225028384327743,-0.05166687235032441,pattern,relative_norm_error,hidden,12,all_tokens,p90,12,0,0
source_state_norm_drift,23,0.09722305998166118,0.03182740083775569,-0.06584222965393566,pattern,relative_norm_error,hidden,12,all_tokens,p95,12,0,0
source_state_norm_drift,23,0.1626902774359042,0.06241174103874062,-0.09938666003552452,pattern,relative_norm_error,hidden,12,all_tokens,p99,12,0,0
source_state_norm_drift,23,0.8936331413715379,0.3910490886992193,-0.4925121832638979,pattern,signed_norm_drift,hidden,12,all_tokens,max,12,0,0
source_state_norm_drift,23,-0.004644977021897212,0.00499116930670403,0.009897200914197754,pattern,signed_norm_drift,hidden,12,all_tokens,mean,3,9,0
source_state_norm_drift,23,-0.001144953927692427,0.0020982844233259357,0.0029720435260962574,pattern,signed_norm_drift,hidden,12,all_tokens,p50,0,12,0
source_state_norm_drift,23,0.04415941072966234,0.019491376152655,-0.021682815533495166,pattern,signed_norm_drift,hidden,12,all_tokens,p90,12,0,0
source_state_norm_drift,23,0.0682243793335146,0.028508070556563306,-0.03685242930805542,pattern,signed_norm_drift,hidden,12,all_tokens,p95,12,0,0
source_state_norm_drift,23,0.13290991536538074,0.057790441412944385,-0.07756625591529887,pattern,signed_norm_drift,hidden,12,all_tokens,p99,12,0,0
source_state_norm_drift,23,1.589584928806289,0.8364478657022119,-0.7513565160043072,pattern,abs_log_norm_ratio,k_source,12,all_tokens,max,12,0,0
source_state_norm_drift,23,0.07668168247801682,0.027100596964531053,-0.051411621404132996,pattern,abs_log_norm_ratio,k_source,12,all_tokens,mean,12,0,0
source_state_norm_drift,23,0.04573689251083124,0.01409036194854707,-0.031871411032625474,pattern,abs_log_norm_ratio,k_source,12,all_tokens,p50,12,0,0
source_state_norm_drift,23,0.18165572899742985,0.06368899731605782,-0.12369947896804662,pattern,abs_log_norm_ratio,k_source,12,all_tokens,p90,12,0,0
source_state_norm_drift,23,0.24720667880174,0.08465162918910207,-0.1597279890702339,pattern,abs_log_norm_ratio,k_source,12,all_tokens,p95,12,0,0
source_state_norm_drift,23,0.47596489406729275,0.17282683050681935,-0.29119507246330545,pattern,abs_log_norm_ratio,k_source,12,all_tokens,p99,12,0,0
source_state_norm_drift,23,2.0223598182201385,1.1448262631893158,-0.8352931886911392,pattern,direction_error,k_source,12,all_tokens,max,12,0,0
source_state_norm_drift,23,0.06079991208375581,0.009081029259931588,-0.052268731267365566,pattern,direction_error,k_source,12,all_tokens,mean,12,0,0
source_state_norm_drift,23,0.04295194894075394,0.0036734268069267273,-0.03917782008647919,pattern,direction_error,k_source,12,all_tokens,p50,12,0,0
source_state_norm_drift,23,0.10501591414213182,0.01414978057146073,-0.09251875132322313,pattern,direction_error,k_source,12,all_tokens,p90,12,0,0
source_state_norm_drift,23,0.1608961656689643,0.024893821775913233,-0.13739234954118723,pattern,direction_error,k_source,12,all_tokens,p95,12,0,0
source_state_norm_drift,23,0.6222225762903684,0.1156406025588512,-0.4796537379920474,pattern,direction_error,k_source,12,all_tokens,p99,12,0,0
source_state_norm_drift,23,1.9911624193191528,0.9428236186504364,-1.1240949034690857,pattern,norm_ratio,k_source,12,all_tokens,max,12,0,0
source_state_norm_drift,23,0.012217867252744263,0.01635160791475035,0.004614734878168186,pattern,norm_ratio,k_source,12,all_tokens,mean,4,8,0
source_state_norm_drift,23,0.0007868334650993347,0.006637074053287506,0.005864955484867096,pattern,norm_ratio,k_source,12,all_tokens,p50,2,10,0
source_state_norm_drift,23,0.1421179324388505,0.06029897630214687,-0.08079211413860293,pattern,norm_ratio,k_source,12,all_tokens,p90,12,0,0
source_state_norm_drift,23,0.20198331624269472,0.08279098570346854,-0.11756649166345584,pattern,norm_ratio,k_source,12,all_tokens,p95,12,0,0
source_state_norm_drift,23,0.4393457719683649,0.1624394765496251,-0.2654228353500368,pattern,norm_ratio,k_source,12,all_tokens,p99,12,0,0
source_state_norm_drift,23,4.5717568539548665,3.0174486428732052,-1.414359264774248,pattern,relative_L2,k_source,12,all_tokens,max,12,0,0
source_state_norm_drift,23,0.551790395951032,0.1771662824184919,-0.3845781340754752,pattern,relative_L2,k_source,12,all_tokens,mean,12,0,0
source_state_norm_drift,23,0.5855613063031342,0.16446520082536153,-0.4288314455188811,pattern,relative_L2,k_source,12,all_tokens,p50,12,0,0
source_state_norm_drift,23,0.9216699972399511,0.33226016303524375,-0.6122626273252538,pattern,relative_L2,k_source,12,all_tokens,p90,12,0,0
source_state_norm_drift,23,1.1593869368502052,0.44388335300318416,-0.7391116843646158,pattern,relative_L2,k_source,12,all_tokens,p95,12,0,0
source_state_norm_drift,23,2.3313613353524127,0.9545641986158435,-1.236397992472631,pattern,relative_L2,k_source,12,all_tokens,p99,12,0,0
source_state_norm_drift,23,1.9880806946312077,0.9405174871790223,-1.1106191765284166,pattern,relative_norm_error,k_source,12,all_tokens,max,12,0,0
source_state_norm_drift,23,0.07733682037118148,0.027387734198333964,-0.051906738511791894,pattern,relative_norm_error,k_source,12,all_tokens,mean,12,0,0
source_state_norm_drift,23,0.04580727467237011,0.014105780815043545,-0.03184934997261735,pattern,relative_norm_error,k_source,12,all_tokens,p50,12,0,0
source_state_norm_drift,23,0.18271017799488623,0.06418791000542115,-0.12352303459774702,pattern,relative_norm_error,k_source,12,all_tokens,p90,12,0,0
source_state_norm_drift,23,0.24582959180042963,0.08547886290907626,-0.16017080122255717,pattern,relative_norm_error,k_source,12,all_tokens,p95,12,0,0
source_state_norm_drift,23,0.48377169327897684,0.17504865932860397,-0.2999550884132619,pattern,relative_norm_error,k_source,12,all_tokens,p99,12,0,0
source_state_norm_drift,23,1.9911624312226195,0.9428236120584188,-1.1240950605133548,pattern,signed_norm_drift,k_source,12,all_tokens,max,12,0,0
source_state_norm_drift,23,0.01221786535073128,0.0163516072905142,0.00461473597896621,pattern,signed_norm_drift,k_source,12,all_tokens,mean,4,8,0
source_state_norm_drift,23,0.0007868408307842856,0.006637113889972568,0.005864951932153417,pattern,signed_norm_drift,k_source,12,all_tokens,p50,2,10,0
source_state_norm_drift,23,0.14211777474774867,0.06029886702817748,-0.08079206645925299,pattern,signed_norm_drift,k_source,12,all_tokens,p90,12,0,0
source_state_norm_drift,23,0.2019833930327876,0.08279105891379002,-0.11756651381801925,pattern,signed_norm_drift,k_source,12,all_tokens,p95,12,0,0
source_state_norm_drift,23,0.439345710756461,0.1624394082979415,-0.26542284013179607,pattern,signed_norm_drift,k_source,12,all_tokens,p99,12,0,0
representation_norm_error,23,-0.4061111807823181,0.034467533230781555,0.44057871401309967,pattern,abs_log_norm_ratio,k_stored,1,packed_history,max,0,1,0
representation_norm_error,23,0.019352581356895427,0.02137456782523006,0.0020219864683346314,pattern,abs_log_norm_ratio,k_stored,1,packed_history,mean,0,1,0
representation_norm_error,23,0.025606081821024418,0.023759168572723866,-0.0018469132483005524,pattern,abs_log_norm_ratio,k_stored,1,packed_history,p50,1,0,0
representation_norm_error,23,0.022386582195758807,0.03276112377643585,0.010374541580677042,pattern,abs_log_norm_ratio,k_stored,1,packed_history,p90,0,1,0
representation_norm_error,23,0.02045747134834521,0.038254510611295686,0.017797039262950475,pattern,abs_log_norm_ratio,k_stored,1,packed_history,p95,0,1,0
representation_norm_error,23,-0.01908480040729031,0.04520876150578251,0.06429356191307282,pattern,abs_log_norm_ratio,k_stored,1,packed_history,p99,0,1,0
representation_norm_error,23,-0.2891964316368103,0.02831876277923584,0.31751519441604614,pattern,direction_error,k_stored,1,packed_history,max,0,1,0
representation_norm_error,23,0.01574291399356298,0.018219303582554858,0.0024763895889918786,pattern,direction_error,k_stored,1,packed_history,mean,0,1,0
representation_norm_error,23,0.0165330171585083,0.01745671033859253,0.0009236931800842285,pattern,direction_error,k_stored,1,packed_history,p50,0,1,0
representation_norm_error,23,0.020349100232124336,0.030715510249137896,0.01036641001701356,pattern,direction_error,k_stored,1,packed_history,p90,0,1,0
representation_norm_error,23,0.020785044133663198,0.0340131238102913,0.013228079676628101,pattern,direction_error,k_stored,1,packed_history,p95,0,1,0
representation_norm_error,23,0.027591064274310975,0.04112485557794573,0.013533791303634753,pattern,direction_error,k_stored,1,packed_history,p99,0,1,0
representation_norm_error,23,-0.718014121055603,0.04157298803329468,0.7595871090888977,pattern,norm_ratio,k_stored,1,packed_history,max,0,1,0
representation_norm_error,23,0.027327686411808827,0.023562519449114916,-0.003765166962693911,pattern,norm_ratio,k_stored,1,packed_history,mean,1,0,0
representation_norm_error,23,0.029868632555007935,0.02524799108505249,-0.004620641469955444,pattern,norm_ratio,k_stored,1,packed_history,p50,1,0,0
representation_norm_error,23,0.025744003057479814,0.035661739110946944,0.00991773605346713,pattern,norm_ratio,k_stored,1,packed_history,p90,0,1,0
representation_norm_error,23,0.023328596353530573,0.04213384389877317,0.018805247545242598,pattern,norm_ratio,k_stored,1,packed_history,p95,0,1,0
representation_norm_error,23,-0.021726797223090344,0.05082912802696238,0.07255592525005272,pattern,norm_ratio,k_stored,1,packed_history,p99,0,1,0
representation_norm_error,23,-0.8964198231697083,0.22170774638652802,1.1181275695562363,pattern,relative_L2,k_stored,1,packed_history,max,0,1,0
representation_norm_error,23,0.061565281379898806,0.06746339988694672,0.005898118507047911,pattern,relative_L2,k_stored,1,packed_history,mean,0,1,0
representation_norm_error,23,0.06608973443508148,0.06997307389974594,0.0038833394646644592,pattern,relative_L2,k_stored,1,packed_history,p50,0,1,0
representation_norm_error,23,0.07299764603376391,0.10308577865362165,0.030088132619857738,pattern,relative_L2,k_stored,1,packed_history,p90,0,1,0
representation_norm_error,23,0.07532894164323814,0.10781861990690236,0.03248967826366422,pattern,relative_L2,k_stored,1,packed_history,p95,0,1,0
representation_norm_error,23,0.0818303659558294,0.11455465644598037,0.032724290490150965,pattern,relative_L2,k_stored,1,packed_history,p99,0,1,0
representation_norm_error,23,-0.7180144488811493,0.0415729284286499,0.7595873773097992,pattern,relative_norm_error,k_stored,1,packed_history,max,0,1,0
representation_norm_error,23,0.020156816423287236,0.022706842426742004,0.002550026003454768,pattern,relative_norm_error,k_stored,1,packed_history,mean,0,1,0
representation_norm_error,23,0.02664460428059101,0.024864770472049713,-0.001779833808541298,pattern,relative_norm_error,k_stored,1,packed_history,p50,1,0,0
representation_norm_error,23,0.025022877752780864,0.035661819577217126,0.010638941824436261,pattern,relative_norm_error,k_stored,1,packed_history,p90,0,1,0
representation_norm_error,23,0.022743321768939333,0.04213394317775967,0.019390621408820335,pattern,relative_norm_error,k_stored,1,packed_history,p95,0,1,0
representation_norm_error,23,-0.021733127273618973,0.05082918919622888,0.07256231646984784,pattern,relative_norm_error,k_stored,1,packed_history,p99,0,1,0
representation_norm_error,23,-0.7180144488811493,0.0415729284286499,0.7595873773097992,pattern,signed_norm_drift,k_stored,1,packed_history,max,0,1,0
representation_norm_error,23,0.027327684618198924,0.023562520010771974,-0.0037651646074269504,pattern,signed_norm_drift,k_stored,1,packed_history,mean,1,0,0
representation_norm_error,23,0.02986860927194357,0.025248133577406406,-0.004620475694537163,pattern,signed_norm_drift,k_stored,1,packed_history,p50,1,0,0
representation_norm_error,23,0.025744016468524956,0.035661819577217126,0.00991780310869217,pattern,signed_norm_drift,k_stored,1,packed_history,p90,0,1,0
representation_norm_error,23,0.023328472115099273,0.04213394317775967,0.018805471062660395,pattern,signed_norm_drift,k_stored,1,packed_history,p95,0,1,0
representation_norm_error,23,-0.02172665849328019,0.05082918919622888,0.07255584768950907,pattern,signed_norm_drift,k_stored,1,packed_history,p99,0,1,0
representation_norm_error,23,0.0,0.0,0.0,pattern,abs_log_norm_ratio,k_stored,12,pending_history,max,0,0,12
representation_norm_error,23,0.0,0.0,0.0,pattern,abs_log_norm_ratio,k_stored,12,pending_history,mean,0,0,12
representation_norm_error,23,0.0,0.0,0.0,pattern,abs_log_norm_ratio,k_stored,12,pending_history,p50,0,0,12
representation_norm_error,23,0.0,0.0,0.0,pattern,abs_log_norm_ratio,k_stored,12,pending_history,p90,0,0,12
representation_norm_error,23,0.0,0.0,0.0,pattern,abs_log_norm_ratio,k_stored,12,pending_history,p95,0,0,12
representation_norm_error,23,0.0,0.0,0.0,pattern,abs_log_norm_ratio,k_stored,12,pending_history,p99,0,0,12
representation_norm_error,23,1.4901161193847656e-08,0.0,-1.4901161193847656e-08,pattern,direction_error,k_stored,12,pending_history,max,6,6,0
representation_norm_error,23,-6.626718319379359e-10,2.616580390033959e-09,8.372327501503294e-10,pattern,direction_error,k_stored,12,pending_history,mean,4,8,0
representation_norm_error,23,0.0,0.0,0.0,pattern,direction_error,k_stored,12,pending_history,p50,0,0,12
representation_norm_error,23,0.0,4.470348358154297e-08,2.2351741790771484e-08,pattern,direction_error,k_stored,12,pending_history,p90,3,6,3
representation_norm_error,23,0.0,0.0,0.0,pattern,direction_error,k_stored,12,pending_history,p95,0,1,11
representation_norm_error,23,-4.2319297790526124e-08,-8.64267349243225e-09,1.326203346252421e-08,pattern,direction_error,k_stored,12,pending_history,p99,3,7,2
representation_norm_error,23,0.0,0.0,0.0,pattern,norm_ratio,k_stored,12,pending_history,max,0,0,12
representation_norm_error,23,0.0,0.0,0.0,pattern,norm_ratio,k_stored,12,pending_history,mean,0,0,12
representation_norm_error,23,0.0,0.0,0.0,pattern,norm_ratio,k_stored,12,pending_history,p50,0,0,12
representation_norm_error,23,0.0,0.0,0.0,pattern,norm_ratio,k_stored,12,pending_history,p90,0,0,12
representation_norm_error,23,0.0,0.0,0.0,pattern,norm_ratio,k_stored,12,pending_history,p95,0,0,12
representation_norm_error,23,0.0,0.0,0.0,pattern,norm_ratio,k_stored,12,pending_history,p99,0,0,12
representation_norm_error,23,0.0,0.0,0.0,pattern,relative_L2,k_stored,12,pending_history,max,0,0,12
representation_norm_error,23,0.0,0.0,0.0,pattern,relative_L2,k_stored,12,pending_history,mean,0,0,12
representation_norm_error,23,0.0,0.0,0.0,pattern,relative_L2,k_stored,12,pending_history,p50,0,0,12
representation_norm_error,23,0.0,0.0,0.0,pattern,relative_L2,k_stored,12,pending_history,p90,0,0,12
representation_norm_error,23,0.0,0.0,0.0,pattern,relative_L2,k_stored,12,pending_history,p95,0,0,12
representation_norm_error,23,0.0,0.0,0.0,pattern,relative_L2,k_stored,12,pending_history,p99,0,0,12
representation_norm_error,23,0.0,0.0,0.0,pattern,relative_norm_error,k_stored,12,pending_history,max,0,0,12
representation_norm_error,23,0.0,0.0,0.0,pattern,relative_norm_error,k_stored,12,pending_history,mean,0,0,12
representation_norm_error,23,0.0,0.0,0.0,pattern,relative_norm_error,k_stored,12,pending_history,p50,0,0,12
representation_norm_error,23,0.0,0.0,0.0,pattern,relative_norm_error,k_stored,12,pending_history,p90,0,0,12
representation_norm_error,23,0.0,0.0,0.0,pattern,relative_norm_error,k_stored,12,pending_history,p95,0,0,12
representation_norm_error,23,0.0,0.0,0.0,pattern,relative_norm_error,k_stored,12,pending_history,p99,0,0,12
representation_norm_error,23,0.0,0.0,0.0,pattern,signed_norm_drift,k_stored,12,pending_history,max,0,0,12
representation_norm_error,23,0.0,0.0,0.0,pattern,signed_norm_drift,k_stored,12,pending_history,mean,0,0,12
representation_norm_error,23,0.0,0.0,0.0,pattern,signed_norm_drift,k_stored,12,pending_history,p50,0,0,12
representation_norm_error,23,0.0,0.0,0.0,pattern,signed_norm_drift,k_stored,12,pending_history,p90,0,0,12
representation_norm_error,23,0.0,0.0,0.0,pattern,signed_norm_drift,k_stored,12,pending_history,p95,0,0,12
representation_norm_error,23,0.0,0.0,0.0,pattern,signed_norm_drift,k_stored,12,pending_history,p99,0,0,12
representation_norm_error,23,0.0,0.0,0.0,pattern,abs_log_norm_ratio,k_stored,12,recent,max,0,0,12
representation_norm_error,23,0.0,0.0,0.0,pattern,abs_log_norm_ratio,k_stored,12,recent,mean,0,0,12
representation_norm_error,23,0.0,0.0,0.0,pattern,abs_log_norm_ratio,k_stored,12,recent,p50,0,0,12
representation_norm_error,23,0.0,0.0,0.0,pattern,abs_log_norm_ratio,k_stored,12,recent,p90,0,0,12
representation_norm_error,23,0.0,0.0,0.0,pattern,abs_log_norm_ratio,k_stored,12,recent,p95,0,0,12
representation_norm_error,23,0.0,0.0,0.0,pattern,abs_log_norm_ratio,k_stored,12,recent,p99,0,0,12
representation_norm_error,23,4.470348358154297e-08,0.0,-2.9802322387695312e-08,pattern,direction_error,k_stored,12,recent,max,8,3,1
representation_norm_error,23,2.4156179279088974e-09,-1.8480932340025902e-09,-1.2514647096395493e-09,pattern,direction_error,k_stored,12,recent,mean,6,6,0
representation_norm_error,23,0.0,0.0,0.0,pattern,direction_error,k_stored,12,recent,p50,0,0,12
representation_norm_error,23,0.0,0.0,0.0,pattern,direction_error,k_stored,12,recent,p90,4,1,7
representation_norm_error,23,0.0,0.0,0.0,pattern,direction_error,k_stored,12,recent,p95,0,0,12
representation_norm_error,23,1.3709068298340928e-08,-1.8328428268432888e-08,-4.470348358154297e-08,pattern,direction_error,k_stored,12,recent,p99,9,3,0
representation_norm_error,23,0.0,0.0,0.0,pattern,norm_ratio,k_stored,12,recent,max,0,0,12
representation_norm_error,23,0.0,0.0,0.0,pattern,norm_ratio,k_stored,12,recent,mean,0,0,12
representation_norm_error,23,0.0,0.0,0.0,pattern,norm_ratio,k_stored,12,recent,p50,0,0,12
representation_norm_error,23,0.0,0.0,0.0,pattern,norm_ratio,k_stored,12,recent,p90,0,0,12
representation_norm_error,23,0.0,0.0,0.0,pattern,norm_ratio,k_stored,12,recent,p95,0,0,12
representation_norm_error,23,0.0,0.0,0.0,pattern,norm_ratio,k_stored,12,recent,p99,0,0,12
representation_norm_error,23,0.0,0.0,0.0,pattern,relative_L2,k_stored,12,recent,max,0,0,12
representation_norm_error,23,0.0,0.0,0.0,pattern,relative_L2,k_stored,12,recent,mean,0,0,12
representation_norm_error,23,0.0,0.0,0.0,pattern,relative_L2,k_stored,12,recent,p50,0,0,12
representation_norm_error,23,0.0,0.0,0.0,pattern,relative_L2,k_stored,12,recent,p90,0,0,12
representation_norm_error,23,0.0,0.0,0.0,pattern,relative_L2,k_stored,12,recent,p95,0,0,12
representation_norm_error,23,0.0,0.0,0.0,pattern,relative_L2,k_stored,12,recent,p99,0,0,12
representation_norm_error,23,0.0,0.0,0.0,pattern,relative_norm_error,k_stored,12,recent,max,0,0,12
representation_norm_error,23,0.0,0.0,0.0,pattern,relative_norm_error,k_stored,12,recent,mean,0,0,12
representation_norm_error,23,0.0,0.0,0.0,pattern,relative_norm_error,k_stored,12,recent,p50,0,0,12
representation_norm_error,23,0.0,0.0,0.0,pattern,relative_norm_error,k_stored,12,recent,p90,0,0,12
representation_norm_error,23,0.0,0.0,0.0,pattern,relative_norm_error,k_stored,12,recent,p95,0,0,12
representation_norm_error,23,0.0,0.0,0.0,pattern,relative_norm_error,k_stored,12,recent,p99,0,0,12
representation_norm_error,23,0.0,0.0,0.0,pattern,signed_norm_drift,k_stored,12,recent,max,0,0,12
representation_norm_error,23,0.0,0.0,0.0,pattern,signed_norm_drift,k_stored,12,recent,mean,0,0,12
representation_norm_error,23,0.0,0.0,0.0,pattern,signed_norm_drift,k_stored,12,recent,p50,0,0,12
representation_norm_error,23,0.0,0.0,0.0,pattern,signed_norm_drift,k_stored,12,recent,p90,0,0,12
representation_norm_error,23,0.0,0.0,0.0,pattern,signed_norm_drift,k_stored,12,recent,p95,0,0,12
representation_norm_error,23,0.0,0.0,0.0,pattern,signed_norm_drift,k_stored,12,recent,p99,0,0,12
stored_norm_error,23,-0.4061111807823181,0.4420531913638115,0.8481643721461296,pattern,abs_log_norm_ratio,k_stored,1,packed_history,max,0,1,0
stored_norm_error,23,0.022557824604474454,0.0361675886052321,0.013609764000757647,pattern,abs_log_norm_ratio,k_stored,1,packed_history,mean,0,1,0
stored_norm_error,23,0.01611994206905365,0.03505643457174301,0.01893649250268936,pattern,abs_log_norm_ratio,k_stored,1,packed_history,p50,0,1,0
stored_norm_error,23,0.050377232953906066,0.05844869017601012,0.008071457222104055,pattern,abs_log_norm_ratio,k_stored,1,packed_history,p90,0,1,0
stored_norm_error,23,0.06122171375900498,0.07046006862074133,0.009238354861736353,pattern,abs_log_norm_ratio,k_stored,1,packed_history,p95,0,1,0
stored_norm_error,23,0.1875744470581421,0.10404394492506985,-0.08353050213307225,pattern,abs_log_norm_ratio,k_stored,1,packed_history,p99,1,0,0
stored_norm_error,23,0.21783673763275146,0.8692343235015869,0.6513975858688354,pattern,direction_error,k_stored,1,packed_history,max,0,1,0
stored_norm_error,23,0.06866002777951508,0.028830660861785873,-0.0398293669177292,pattern,direction_error,k_stored,1,packed_history,mean,1,0,0
stored_norm_error,23,0.05405944585800171,0.024217799305915833,-0.029841646552085876,pattern,direction_error,k_stored,1,packed_history,p50,1,0,0
stored_norm_error,23,0.09466173946857452,0.04433121681213381,-0.05033052265644071,pattern,direction_error,k_stored,1,packed_history,p90,1,0,0
stored_norm_error,23,0.1293826714158057,0.053037944436073306,-0.0763447269797324,pattern,direction_error,k_stored,1,packed_history,p95,1,0,0
stored_norm_error,23,0.5541911333799372,0.11945415228605266,-0.43473698109388453,pattern,direction_error,k_stored,1,packed_history,p99,1,0,0
stored_norm_error,23,-0.718014121055603,0.5683097243309021,1.2863238453865051,pattern,norm_ratio,k_stored,1,packed_history,max,0,1,0
stored_norm_error,23,0.01603476455238706,0.038702408933204424,0.022667644380817364,pattern,norm_ratio,k_stored,1,packed_history,mean,0,1,0
stored_norm_error,23,0.01402011513710022,0.036502957344055176,0.022482842206954956,pattern,norm_ratio,k_stored,1,packed_history,p50,0,1,0
stored_norm_error,23,0.05544207692146319,0.06328414678573613,0.007842069864272938,pattern,norm_ratio,k_stored,1,packed_history,p90,0,1,0
stored_norm_error,23,0.06730602979660028,0.0772232413291929,0.009917211532592618,pattern,norm_ratio,k_stored,1,packed_history,p95,0,1,0
stored_norm_error,23,0.21207586467266193,0.11708917498588567,-0.09498668968677626,pattern,norm_ratio,k_stored,1,packed_history,p99,1,0,0
stored_norm_error,23,-0.8964198231697083,1.572681576013565,2.4691013991832733,pattern,relative_L2,k_stored,1,packed_history,max,0,1,0
stored_norm_error,23,0.21018446553807735,0.10363975688164828,-0.10654470865642907,pattern,relative_L2,k_stored,1,packed_history,mean,1,0,0
stored_norm_error,23,0.18696904927492142,0.09748920798301697,-0.08947984129190445,pattern,relative_L2,k_stored,1,packed_history,p50,1,0,0
stored_norm_error,23,0.2698608815670012,0.14806406348943701,-0.1217968180775642,pattern,relative_L2,k_stored,1,packed_history,p90,1,0,0
stored_norm_error,23,0.341959648579359,0.1680992625653743,-0.1738603860139847,pattern,relative_L2,k_stored,1,packed_history,p95,1,0,0
stored_norm_error,23,1.2451845526695267,0.334456174522638,-0.9107283781468887,pattern,relative_L2,k_stored,1,packed_history,p99,1,0,0
stored_norm_error,23,-0.7180144488811493,0.5683095827698708,1.28632403165102,pattern,relative_norm_error,k_stored,1,packed_history,max,0,1,0
stored_norm_error,23,0.024356108075955007,0.038654842357391174,0.014298734281436166,pattern,relative_norm_error,k_stored,1,packed_history,mean,0,1,0
stored_norm_error,23,0.016305300407111645,0.0367348762229085,0.020429575815796852,pattern,relative_norm_error,k_stored,1,packed_history,p50,0,1,0
stored_norm_error,23,0.05570994503796098,0.06371937282383441,0.008009427785873435,pattern,relative_norm_error,k_stored,1,packed_history,p90,0,1,0
stored_norm_error,23,0.06753719728440036,0.0775510441511869,0.010013846866786538,pattern,relative_norm_error,k_stored,1,packed_history,p95,0,1,0
stored_norm_error,23,0.2121216464042675,0.11719121586531386,-0.09493043053895364,pattern,relative_norm_error,k_stored,1,packed_history,p99,1,0,0
stored_norm_error,23,-0.7180144488811493,0.5683095827698708,1.28632403165102,pattern,signed_norm_drift,k_stored,1,packed_history,max,0,1,0
stored_norm_error,23,0.016034765392729036,0.038702406846435236,0.0226676414537062,pattern,signed_norm_drift,k_stored,1,packed_history,mean,0,1,0
stored_norm_error,23,0.014020058326423168,0.03650281112641096,0.022482752799987793,pattern,signed_norm_drift,k_stored,1,packed_history,p50,0,1,0
stored_norm_error,23,0.055441981926560385,0.0632841791957617,0.00784219726920131,pattern,signed_norm_drift,k_stored,1,packed_history,p90,0,1,0
stored_norm_error,23,0.06730614490807033,0.07722306866198769,0.009916923753917367,pattern,signed_norm_drift,k_stored,1,packed_history,p95,0,1,0
stored_norm_error,23,0.21207580078393337,0.11708918865770097,-0.0949866121262324,pattern,signed_norm_drift,k_stored,1,packed_history,p99,1,0,0
stored_norm_error,23,0.8916926564997993,0.2964069794397801,-0.4919197177514434,pattern,abs_log_norm_ratio,k_stored,12,pending_history,max,12,0,0
stored_norm_error,23,0.10415626465146038,0.04060908267486007,-0.06641691886054524,pattern,abs_log_norm_ratio,k_stored,12,pending_history,mean,12,0,0
stored_norm_error,23,0.08141856367547007,0.03092980507244647,-0.05177623298641265,pattern,abs_log_norm_ratio,k_stored,12,pending_history,p50,12,0,0
stored_norm_error,23,0.21047184293347526,0.08181279745622308,-0.13738678704612534,pattern,abs_log_norm_ratio,k_stored,12,pending_history,p90,12,0,0
stored_norm_error,23,0.2598272581140918,0.10170518078812163,-0.16774044179655906,pattern,abs_log_norm_ratio,k_stored,12,pending_history,p95,12,0,0
stored_norm_error,23,0.528926514936175,0.178421761391364,-0.32327306055216465,pattern,abs_log_norm_ratio,k_stored,12,pending_history,p99,12,0,0
stored_norm_error,23,0.9955332726240158,0.272341713309288,-0.632728174328804,pattern,direction_error,k_stored,12,pending_history,max,12,0,0
stored_norm_error,23,0.0861284647258317,0.011815174799279534,-0.07154040230490169,pattern,direction_error,k_stored,12,pending_history,mean,12,0,0
stored_norm_error,23,0.06417591869831085,0.006974615156650543,-0.05699694901704788,pattern,direction_error,k_stored,12,pending_history,p50,12,0,0
stored_norm_error,23,0.13221429437398913,0.016122651100158696,-0.11037244051694874,pattern,direction_error,k_stored,12,pending_history,p90,12,0,0
stored_norm_error,23,0.18737881332635864,0.03382932394742964,-0.15109447762370098,pattern,direction_error,k_stored,12,pending_history,p95,12,0,0
stored_norm_error,23,0.6075414198637006,0.15862269297242165,-0.45880028605461104,pattern,direction_error,k_stored,12,pending_history,p99,12,0,0
stored_norm_error,23,1.0289150178432465,0.3107806146144867,-0.5904786586761475,pattern,norm_ratio,k_stored,12,pending_history,max,12,0,0
stored_norm_error,23,0.015233472676740717,0.02519967783580676,0.01291625565300128,pattern,norm_ratio,k_stored,12,pending_history,mean,4,8,0
stored_norm_error,23,0.012879475951194763,0.022229984402656555,0.014088012278079987,pattern,norm_ratio,k_stored,12,pending_history,p50,3,9,0
stored_norm_error,23,0.16021211445331573,0.0733756512403489,-0.0878680914640424,pattern,norm_ratio,k_stored,12,pending_history,p90,12,0,0
stored_norm_error,23,0.22082463651895523,0.09637134224176391,-0.12484204024076473,pattern,norm_ratio,k_stored,12,pending_history,p95,12,0,0
stored_norm_error,23,0.5065441551804553,0.17564897298812793,-0.3200221595168122,pattern,norm_ratio,k_stored,12,pending_history,p99,12,0,0
stored_norm_error,23,2.9303074651397765,1.3583659113792237,-1.6533047161065042,pattern,relative_L2,k_stored,12,pending_history,max,12,0,0
stored_norm_error,23,0.779542246963764,0.25420158957522215,-0.5098338637750508,pattern,relative_L2,k_stored,12,pending_history,mean,12,0,0
stored_norm_error,23,0.7207955114281503,0.23190485990198795,-0.48237208399223164,pattern,relative_L2,k_stored,12,pending_history,p50,12,0,0
stored_norm_error,23,1.0293508075497813,0.3554511223657756,-0.6332536893110955,pattern,relative_L2,k_stored,12,pending_history,p90,12,0,0
stored_norm_error,23,1.2185528441419589,0.49669822422292764,-0.6819893950509146,pattern,relative_L2,k_stored,12,pending_history,p95,12,0,0
stored_norm_error,23,2.370793182062333,1.0235964623172182,-1.3997043869132166,pattern,relative_L2,k_stored,12,pending_history,p99,12,0,0
stored_norm_error,23,1.039702166148345,0.309638539532898,-0.5904362853616476,pattern,relative_norm_error,k_stored,12,pending_history,max,11,1,0
stored_norm_error,23,0.105235235272473,0.04091627071566132,-0.06662077033303002,pattern,relative_norm_error,k_stored,12,pending_history,mean,12,0,0
stored_norm_error,23,0.08163282576515485,0.030960697035880003,-0.05180400091376214,pattern,relative_norm_error,k_stored,12,pending_history,p50,12,0,0
stored_norm_error,23,0.20954379714021343,0.082541612865316,-0.13640860668601815,pattern,relative_norm_error,k_stored,12,pending_history,p90,12,0,0
stored_norm_error,23,0.257970272318198,0.10325708870223024,-0.1647503514406708,pattern,relative_norm_error,k_stored,12,pending_history,p95,12,0,0
stored_norm_error,23,0.5497511037722876,0.1827224847787872,-0.3434459307957155,pattern,relative_norm_error,k_stored,12,pending_history,p99,12,0,0
stored_norm_error,23,1.0289149701129645,0.31078059234278044,-0.5904787438630592,pattern,signed_norm_drift,k_stored,12,pending_history,max,12,0,0
stored_norm_error,23,0.01523347103555894,0.025199672332075686,0.012916253706553634,pattern,signed_norm_drift,k_stored,12,pending_history,mean,4,8,0
stored_norm_error,23,0.012879480391688958,0.02222994922507837,0.014088106283466573,pattern,signed_norm_drift,k_stored,12,pending_history,p50,3,9,0
stored_norm_error,23,0.16021211274710367,0.07337577994512688,-0.08786798342371183,pattern,signed_norm_drift,k_stored,12,pending_history,p90,12,0,0
stored_norm_error,23,0.22082463243350503,0.09637132740608642,-0.12484200886683532,pattern,signed_norm_drift,k_stored,12,pending_history,p95,12,0,0
stored_norm_error,23,0.5065441481049501,0.17564888513305016,-0.3200223094114337,pattern,signed_norm_drift,k_stored,12,pending_history,p99,12,0,0
stored_norm_error,23,1.0561369349743472,0.5561585726973135,-0.46321154190809466,pattern,abs_log_norm_ratio,k_stored,12,recent,max,12,0,0
stored_norm_error,23,0.11007318751771461,0.04319511902043554,-0.06717942274975919,pattern,abs_log_norm_ratio,k_stored,12,recent,mean,12,0,0
stored_norm_error,23,0.08277010265828721,0.030403188364289235,-0.051330032394616865,pattern,abs_log_norm_ratio,k_stored,12,recent,p50,12,0,0
stored_norm_error,23,0.22548806645500014,0.08351678606632051,-0.14167065549991098,pattern,abs_log_norm_ratio,k_stored,12,recent,p90,12,0,0
stored_norm_error,23,0.28925193267132254,0.1181388729528407,-0.17957308983604875,pattern,abs_log_norm_ratio,k_stored,12,recent,p95,12,0,0
stored_norm_error,23,0.5458860853628715,0.27996018155405167,-0.2862600212253161,pattern,abs_log_norm_ratio,k_stored,12,recent,p99,12,0,0
stored_norm_error,23,1.4887834787368774,0.49195054173469543,-0.8397910892963409,pattern,direction_error,k_stored,12,recent,max,12,0,0
stored_norm_error,23,0.09150745817169081,0.014733044983586296,-0.07677441318810452,pattern,direction_error,k_stored,12,recent,mean,12,0,0
stored_norm_error,23,0.058245234191417694,0.007009543478488922,-0.051586709916591644,pattern,direction_error,k_stored,12,recent,p50,12,0,0
stored_norm_error,23,0.13258654028177264,0.020096661150455483,-0.11192272603511813,pattern,direction_error,k_stored,12,recent,p90,12,0,0
stored_norm_error,23,0.21078914403915386,0.04606185033917411,-0.17015651613473878,pattern,direction_error,k_stored,12,recent,p95,12,0,0
stored_norm_error,23,0.7161352528631684,0.2189228531718252,-0.5415631936490534,pattern,direction_error,k_stored,12,recent,p99,12,0,0
stored_norm_error,23,1.2102326154708862,0.5538686811923981,-0.6042482256889343,pattern,norm_ratio,k_stored,12,recent,max,12,0,0
stored_norm_error,23,0.022118315668194555,0.028455906620365568,0.00683223907253705,pattern,norm_ratio,k_stored,12,recent,mean,5,7,0
stored_norm_error,23,0.012849554419517517,0.02015490084886551,0.007316090166568756,pattern,norm_ratio,k_stored,12,recent,p50,4,8,0
stored_norm_error,23,0.18465030789375314,0.07926084399223327,-0.10296560525894177,pattern,norm_ratio,k_stored,12,recent,p90,12,0,0
stored_norm_error,23,0.2647669076919556,0.10559761375188836,-0.15062102079391465,pattern,norm_ratio,k_stored,12,recent,p95,12,0,0
stored_norm_error,23,0.5620170950889583,0.2655107969045637,-0.27995304465293847,pattern,norm_ratio,k_stored,12,recent,p99,12,0,0
stored_norm_error,23,3.6142700280761346,1.9031801180681214,-1.5573255772469565,pattern,relative_L2,k_stored,12,recent,max,12,0,0
stored_norm_error,23,0.7853493468417128,0.2741748063114642,-0.5160979483970607,pattern,relative_L2,k_stored,12,recent,mean,12,0,0
stored_norm_error,23,0.6905370228851098,0.23412662203918444,-0.4792689507594332,pattern,relative_L2,k_stored,12,recent,p50,12,0,0
stored_norm_error,23,1.0316674907313428,0.40139174264331823,-0.6349242689437234,pattern,relative_L2,k_stored,12,recent,p90,12,0,0
stored_norm_error,23,1.341947464062832,0.5912769862581619,-0.7467969155492029,pattern,relative_L2,k_stored,12,recent,p95,12,0,0
stored_norm_error,23,2.4783030153179415,1.2475257352620241,-1.156319277361617,pattern,relative_L2,k_stored,12,recent,p99,12,0,0
stored_norm_error,23,1.2067938162072096,0.5822516754706157,-0.6042767557664774,pattern,relative_norm_error,k_stored,12,recent,max,12,0,0
stored_norm_error,23,0.11238496253355632,0.043839135703017826,-0.06880229766697815,pattern,relative_norm_error,k_stored,12,recent,mean,12,0,0
stored_norm_error,23,0.08286917983514286,0.030470537540168152,-0.05121638717355381,pattern,relative_norm_error,k_stored,12,recent,p50,12,0,0
stored_norm_error,23,0.2290474438341335,0.08440681421488991,-0.1458928148975247,pattern,relative_norm_error,k_stored,12,recent,p90,12,0,0
stored_norm_error,23,0.2965227171007423,0.11992995925029384,-0.18529385605434034,pattern,relative_norm_error,k_stored,12,recent,p95,12,0,0
stored_norm_error,23,0.5780724491422728,0.2934750812956189,-0.295824328671733,pattern,relative_norm_error,k_stored,12,recent,p99,12,0,0
stored_norm_error,23,1.210232383586117,0.5538685540959705,-0.6042482845077757,pattern,signed_norm_drift,k_stored,12,recent,max,12,0,0
stored_norm_error,23,0.02211831345724905,0.028455907503441524,0.006832240704268584,pattern,signed_norm_drift,k_stored,12,recent,mean,5,7,0
stored_norm_error,23,0.01284965761411172,0.020154898918427477,0.007316015391005237,pattern,signed_norm_drift,k_stored,12,recent,p50,4,8,0
stored_norm_error,23,0.18465029221333681,0.07926071359506752,-0.10296545845922082,pattern,signed_norm_drift,k_stored,12,recent,p90,12,0,0
stored_norm_error,23,0.26476681086605797,0.10559747919432985,-0.15062104939788679,pattern,signed_norm_drift,k_stored,12,recent,p95,12,0,0
stored_norm_error,23,0.5620171092142112,0.26551081206234806,-0.279953017223888,pattern,signed_norm_drift,k_stored,12,recent,p99,12,0,0
source_state_norm_drift,23,1.2070646690262947,0.7546171176654752,-0.5294992852723226,pattern,abs_log_norm_ratio,q_source,12,all_tokens,max,11,1,0
source_state_norm_drift,23,0.07065735943436538,0.02954552928970447,-0.04146332572608828,pattern,abs_log_norm_ratio,q_source,12,all_tokens,mean,12,0,0
source_state_norm_drift,23,0.045691216213526786,0.01951405086037994,-0.02703074704913888,pattern,abs_log_norm_ratio,q_source,12,all_tokens,p50,12,0,0
source_state_norm_drift,23,0.17002638357807884,0.0680682280813926,-0.1031446094144485,pattern,abs_log_norm_ratio,q_source,12,all_tokens,p90,12,0,0
source_state_norm_drift,23,0.2171633828562335,0.08928888483533227,-0.12850822448381222,pattern,abs_log_norm_ratio,q_source,12,all_tokens,p95,12,0,0
source_state_norm_drift,23,0.35155440717964664,0.15715359996509495,-0.19043675988650655,pattern,abs_log_norm_ratio,q_source,12,all_tokens,p99,12,0,0
source_state_norm_drift,23,1.6872200518846512,1.0333277732133865,-0.6503252536058426,pattern,direction_error,q_source,12,all_tokens,max,12,0,0
source_state_norm_drift,23,0.06145690216537618,0.010246794671649302,-0.052275348554448126,pattern,direction_error,q_source,12,all_tokens,mean,12,0,0
source_state_norm_drift,23,0.048490263521671295,0.004570811986923218,-0.04385437071323395,pattern,direction_error,q_source,12,all_tokens,p50,12,0,0
source_state_norm_drift,23,0.11371380388736727,0.019028253853321075,-0.09700583815574648,pattern,direction_error,q_source,12,all_tokens,p90,12,0,0
source_state_norm_drift,23,0.1652202025055884,0.0329347304999828,-0.134640522301197,pattern,direction_error,q_source,12,all_tokens,p95,12,0,0
source_state_norm_drift,23,0.48306139782071167,0.10632638841867478,-0.3585543850064278,pattern,direction_error,q_source,12,all_tokens,p99,12,0,0
source_state_norm_drift,23,1.4287415444850922,0.7609885036945343,-0.6965349614620209,pattern,norm_ratio,q_source,12,all_tokens,max,12,0,0
source_state_norm_drift,23,0.0378782100731091,0.02469203700785344,-0.014192533673352437,pattern,norm_ratio,q_source,12,all_tokens,mean,10,2,0
source_state_norm_drift,23,0.016998231410980225,0.016049779951572418,-0.0004147142171859741,pattern,norm_ratio,q_source,12,all_tokens,p50,7,5,0
source_state_norm_drift,23,0.16364555954933163,0.06703979074955008,-0.09781359732151018,pattern,norm_ratio,q_source,12,all_tokens,p90,12,0,0
source_state_norm_drift,23,0.20912247598171235,0.08748978227376969,-0.12437375336885453,pattern,norm_ratio,q_source,12,all_tokens,p95,12,0,0
source_state_norm_drift,23,0.3469023218750954,0.15552273184061038,-0.19630715459585213,pattern,norm_ratio,q_source,12,all_tokens,p99,12,0,0
source_state_norm_drift,23,4.044754408765584,2.7963288403116167,-1.2251057177782059,pattern,relative_L2,q_source,12,all_tokens,max,12,0,0
source_state_norm_drift,23,0.5748161129371491,0.19612283263765354,-0.38622287608265493,pattern,relative_L2,q_source,12,all_tokens,mean,12,0,0
source_state_norm_drift,23,0.624338034504035,0.181298428637092,-0.45155044170678593,pattern,relative_L2,q_source,12,all_tokens,p50,12,0,0
source_state_norm_drift,23,0.9621071555506205,0.38524711990321525,-0.6029189821158071,pattern,relative_L2,q_source,12,all_tokens,p90,12,0,0
source_state_norm_drift,23,1.2008447060186878,0.5059268410972433,-0.7100251989962998,pattern,relative_L2,q_source,12,all_tokens,p95,12,0,0
source_state_norm_drift,23,2.003128004575263,0.90726386375376,-1.0122784578066788,pattern,relative_L2,q_source,12,all_tokens,p99,12,0,0
source_state_norm_drift,23,1.4224267628160305,0.820994253444951,-0.6893933766405098,pattern,relative_norm_error,q_source,12,all_tokens,max,12,0,0
source_state_norm_drift,23,0.07170515285522477,0.029792340860099208,-0.042196682479735764,pattern,relative_norm_error,q_source,12,all_tokens,mean,12,0,0
source_state_norm_drift,23,0.04577171096480015,0.019578012915189902,-0.02707472225665697,pattern,relative_norm_error,q_source,12,all_tokens,p50,12,0,0
source_state_norm_drift,23,0.17287925888376776,0.06865358824870785,-0.10534122129611206,pattern,relative_norm_error,q_source,12,all_tokens,p90,12,0,0
source_state_norm_drift,23,0.2215437048671447,0.09028094825043809,-0.13198306906269863,pattern,relative_norm_error,q_source,12,all_tokens,p95,12,0,0
source_state_norm_drift,23,0.36199354007010687,0.1597807098880002,-0.1991462987646811,pattern,relative_norm_error,q_source,12,all_tokens,p99,12,0,0
source_state_norm_drift,23,1.4287414204736706,0.760988504596753,-0.6965349970269017,pattern,signed_norm_drift,q_source,12,all_tokens,max,12,0,0
source_state_norm_drift,23,0.03787820970488065,0.024692036998973092,-0.014192532833557375,pattern,signed_norm_drift,q_source,12,all_tokens,mean,10,2,0
source_state_norm_drift,23,0.016998226674573402,0.01604960838142233,-0.0004147450909499639,pattern,signed_norm_drift,q_source,12,all_tokens,p50,7,5,0
source_state_norm_drift,23,0.16364567791824808,0.06703972898976646,-0.09781371482531542,pattern,signed_norm_drift,q_source,12,all_tokens,p90,12,0,0
source_state_norm_drift,23,0.20912240377620034,0.08748978649782657,-0.12437372924905504,pattern,signed_norm_drift,q_source,12,all_tokens,p95,12,0,0
source_state_norm_drift,23,0.3469022940867581,0.1555227256909711,-0.19630705821560696,pattern,signed_norm_drift,q_source,12,all_tokens,p99,12,0,0
source_state_norm_drift,23,2.3316060215584002,1.363669792714063,-0.7865505855879746,pattern,abs_log_norm_ratio,v_source,12,all_tokens,max,12,0,0
source_state_norm_drift,23,0.1100519988295814,0.03640689319595877,-0.07662102742393859,pattern,abs_log_norm_ratio,v_source,12,all_tokens,mean,12,0,0
source_state_norm_drift,23,0.06587625615611614,0.018025674120508484,-0.050064999144524336,pattern,abs_log_norm_ratio,v_source,12,all_tokens,p50,12,0,0
source_state_norm_drift,23,0.2673609618839692,0.08804082473652672,-0.18556305435486142,pattern,abs_log_norm_ratio,v_source,12,all_tokens,p90,12,0,0
source_state_norm_drift,23,0.3546216721188101,0.12480818452677338,-0.23855029784172066,pattern,abs_log_norm_ratio,v_source,12,all_tokens,p95,12,0,0
source_state_norm_drift,23,0.6223899679903108,0.2460915051394843,-0.35230721804342324,pattern,abs_log_norm_ratio,v_source,12,all_tokens,p99,12,0,0
source_state_norm_drift,23,4.111939117312431,2.8242247700691223,-1.1066030710935593,pattern,direction_error,v_source,12,all_tokens,max,12,0,0
source_state_norm_drift,23,0.2501145752978505,0.04361991678261928,-0.2082648228080517,pattern,direction_error,v_source,12,all_tokens,mean,12,0,0
source_state_norm_drift,23,0.18552643805742264,0.017198629677295685,-0.16681457310914993,pattern,direction_error,v_source,12,all_tokens,p50,12,0,0
source_state_norm_drift,23,0.4563708543777468,0.074016971886158,-0.3897266983985902,pattern,direction_error,v_source,12,all_tokens,p90,12,0,0
source_state_norm_drift,23,0.7451495215296744,0.13998126909136765,-0.6081646353006362,pattern,direction_error,v_source,12,all_tokens,p95,12,0,0
source_state_norm_drift,23,2.1811785516142828,0.5549556918442259,-1.4738911122083658,pattern,direction_error,v_source,12,all_tokens,p99,12,0,0
source_state_norm_drift,23,3.0216449797153473,1.3340078294277191,-1.512406587600708,pattern,norm_ratio,v_source,12,all_tokens,max,11,1,0
source_state_norm_drift,23,0.02500636592029684,0.0014529563197230033,-0.0221291862544864,pattern,norm_ratio,v_source,12,all_tokens,mean,12,0,0
source_state_norm_drift,23,0.0005559548735618591,3.8467347621917725e-05,-0.0006628483533859253,pattern,norm_ratio,v_source,12,all_tokens,p50,10,2,0
source_state_norm_drift,23,0.22057601213455197,0.05708500146865847,-0.16395093202590938,pattern,norm_ratio,v_source,12,all_tokens,p90,12,0,0
source_state_norm_drift,23,0.3158166125416753,0.0898060813546181,-0.226172012090683,pattern,norm_ratio,v_source,12,all_tokens,p95,12,0,0
source_state_norm_drift,23,0.5685091704130167,0.19027286320924736,-0.3805682682991031,pattern,norm_ratio,v_source,12,all_tokens,p99,12,0,0
source_state_norm_drift,23,6.86569491121918,4.9670578591758385,-1.9865328923333436,pattern,relative_L2,v_source,12,all_tokens,max,12,0,0
source_state_norm_drift,23,1.1394974217474538,0.38809424692304606,-0.7644982009211694,pattern,relative_L2,v_source,12,all_tokens,mean,12,0,0
source_state_norm_drift,23,1.2022193223674549,0.34603206379688345,-0.879175377136562,pattern,relative_L2,v_source,12,all_tokens,p50,12,0,0
source_state_norm_drift,23,1.918758105806774,0.7457878793647981,-1.221639879432041,pattern,relative_L2,v_source,12,all_tokens,p90,12,0,0
source_state_norm_drift,23,2.4852791842975415,1.0307889505667838,-1.4862356145458757,pattern,relative_L2,v_source,12,all_tokens,p95,12,0,0
source_state_norm_drift,23,4.224707584069109,2.0064387541881294,-2.060651744176868,pattern,relative_L2,v_source,12,all_tokens,p99,12,0,0
source_state_norm_drift,23,3.019618163933046,1.3904232286149636,-1.5056570507003926,pattern,relative_norm_error,v_source,12,all_tokens,max,11,1,0
source_state_norm_drift,23,0.11142260143145089,0.036386727537626645,-0.07796204330881816,pattern,relative_norm_error,v_source,12,all_tokens,mean,12,0,0
source_state_norm_drift,23,0.06594659495021915,0.018025420849880902,-0.05008459306191071,pattern,relative_norm_error,v_source,12,all_tokens,p50,12,0,0
source_state_norm_drift,23,0.27017191692430065,0.08782892530143728,-0.1883049115393078,pattern,relative_norm_error,v_source,12,all_tokens,p90,12,0,0
source_state_norm_drift,23,0.3604132583539466,0.12464174999186062,-0.24419993621850145,pattern,relative_norm_error,v_source,12,all_tokens,p95,12,0,0
source_state_norm_drift,23,0.6361053103233274,0.24756865507806652,-0.3684195088307012,pattern,relative_norm_error,v_source,12,all_tokens,p99,12,0,0
source_state_norm_drift,23,3.0216449180443306,1.3340078173205256,-1.51240668958053,pattern,signed_norm_drift,v_source,12,all_tokens,max,11,1,0
source_state_norm_drift,23,0.025006366578354044,0.001452956978326713,-0.022129186150658668,pattern,signed_norm_drift,v_source,12,all_tokens,mean,12,0,0
source_state_norm_drift,23,0.0005560170621770055,3.847343658947011e-05,-0.0006628256329008764,pattern,signed_norm_drift,v_source,12,all_tokens,p50,10,2,0
source_state_norm_drift,23,0.22057600774205643,0.05708498226158554,-0.16395083304378205,pattern,signed_norm_drift,v_source,12,all_tokens,p90,12,0,0
source_state_norm_drift,23,0.31581661091440744,0.08980607856392452,-0.22617202453548085,pattern,signed_norm_drift,v_source,12,all_tokens,p95,12,0,0
source_state_norm_drift,23,0.5685090795501304,0.19027271283004654,-0.3805682689161042,pattern,signed_norm_drift,v_source,12,all_tokens,p99,12,0,0
representation_norm_error,23,-1.1593103408813477e-05,-0.22425181418657303,-0.22424022108316422,pattern,abs_log_norm_ratio,v_stored,1,packed_history,max,1,0,0
representation_norm_error,23,0.029724953974468046,0.03332228724065793,0.003597333266189884,pattern,abs_log_norm_ratio,v_stored,1,packed_history,mean,0,1,0
representation_norm_error,23,0.03835239075124264,0.04191244952380657,0.0035600587725639343,pattern,abs_log_norm_ratio,v_stored,1,packed_history,p50,0,1,0
representation_norm_error,23,0.018343750387430205,0.02140555903315547,0.003061808645725264,pattern,abs_log_norm_ratio,v_stored,1,packed_history,p90,0,1,0
representation_norm_error,23,0.011132154986262396,0.014892897754907597,0.0037607427686452005,pattern,abs_log_norm_ratio,v_stored,1,packed_history,p95,0,1,0
representation_norm_error,23,-0.028776944205164787,-0.007754227593541399,0.021022716611623388,pattern,abs_log_norm_ratio,v_stored,1,packed_history,p99,0,1,0
representation_norm_error,23,0.001204460859298706,-0.03985559940338135,-0.041060060262680054,pattern,direction_error,v_stored,1,packed_history,max,1,0,0
representation_norm_error,23,0.016575364241361967,0.020190150024973263,0.003614785783611296,pattern,direction_error,v_stored,1,packed_history,mean,0,1,0
representation_norm_error,23,0.024026915431022644,0.028041884303092957,0.0040149688720703125,pattern,direction_error,v_stored,1,packed_history,p50,0,1,0
representation_norm_error,23,-0.011574634909629816,-0.006043606996536263,0.005531027913093553,pattern,direction_error,v_stored,1,packed_history,p90,0,1,0
representation_norm_error,23,-0.019363926351070405,-0.017041875422000897,0.002322050929069508,pattern,direction_error,v_stored,1,packed_history,p95,0,1,0
representation_norm_error,23,-0.031770164668559905,-0.03727338790893564,-0.005503223240375735,pattern,direction_error,v_stored,1,packed_history,p99,1,0,0
representation_norm_error,23,-2.467632293701172e-05,-0.29540640115737915,-0.29538172483444214,pattern,norm_ratio,v_stored,1,packed_history,max,1,0,0
representation_norm_error,23,0.0329570491985578,0.0367924701758966,0.0038354209773387993,pattern,norm_ratio,v_stored,1,packed_history,mean,0,1,0
representation_norm_error,23,0.042213648557662964,0.04598972201347351,0.003776073455810547,pattern,norm_ratio,v_stored,1,packed_history,p50,0,1,0
representation_norm_error,23,0.02124505639076213,0.024791306257248014,0.0035462498664858844,pattern,norm_ratio,v_stored,1,packed_history,p90,0,1,0
representation_norm_error,23,0.013123661279678456,0.017571857571601845,0.00444819629192339,pattern,norm_ratio,v_stored,1,packed_history,p95,0,1,0
representation_norm_error,23,-0.03444818377494818,-0.009208668470383041,0.02523951530456514,pattern,norm_ratio,v_stored,1,packed_history,p99,0,1,0
representation_norm_error,23,-0.0011072754859924316,-0.5193337500095367,-0.5182264745235443,pattern,relative_L2,v_stored,1,packed_history,max,1,0,0
representation_norm_error,23,0.05256329465703402,0.06521515634528896,0.01265186168825494,pattern,relative_L2,v_stored,1,packed_history,mean,0,1,0
representation_norm_error,23,0.08201602846384048,0.0899682343006134,0.007952205836772919,pattern,relative_L2,v_stored,1,packed_history,p50,0,1,0
representation_norm_error,23,-0.02518892139196388,-0.016055463254451896,0.009133458137511985,pattern,relative_L2,v_stored,1,packed_history,p90,0,1,0
representation_norm_error,23,-0.05681012570858002,-0.04665998965501772,0.010150136053562298,pattern,relative_L2,v_stored,1,packed_history,p95,0,1,0
representation_norm_error,23,-0.10055116176605228,-0.10569081485271442,-0.005139653086662144,pattern,relative_L2,v_stored,1,packed_history,p99,1,0,0
representation_norm_error,23,-2.5272369384765625e-05,-0.2954062670469284,-0.29538099467754364,pattern,relative_norm_error,v_stored,1,packed_history,max,1,0,0
representation_norm_error,23,0.03244220066925105,0.03635835670417331,0.0039161560349222635,pattern,relative_norm_error,v_stored,1,packed_history,mean,0,1,0
representation_norm_error,23,0.042104922235012054,0.045989761129021645,0.00388483889400959,pattern,relative_norm_error,v_stored,1,packed_history,p50,0,1,0
representation_norm_error,23,0.021245150268077828,0.024791257083415993,0.0035461068153381653,pattern,relative_norm_error,v_stored,1,packed_history,p90,0,1,0
representation_norm_error,23,0.013123803585767813,0.017572038248181307,0.004448234662413494,pattern,relative_norm_error,v_stored,1,packed_history,p95,0,1,0
representation_norm_error,23,-0.034448230490088355,-0.00920864373445536,0.025239586755632995,pattern,relative_norm_error,v_stored,1,packed_history,p99,0,1,0
representation_norm_error,23,-2.5272369384765625e-05,-0.2954062670469284,-0.29538099467754364,pattern,signed_norm_drift,v_stored,1,packed_history,max,1,0,0
representation_norm_error,23,0.03295705026992182,0.03679246814502646,0.0038354178751046353,pattern,signed_norm_drift,v_stored,1,packed_history,mean,0,1,0
representation_norm_error,23,0.04221376217901707,0.045989761129021645,0.0037759989500045776,pattern,signed_norm_drift,v_stored,1,packed_history,p50,0,1,0
representation_norm_error,23,0.021245150268077828,0.024791257083415993,0.0035461068153381653,pattern,signed_norm_drift,v_stored,1,packed_history,p90,0,1,0
representation_norm_error,23,0.013123803585767813,0.017572038248181307,0.004448234662413494,pattern,signed_norm_drift,v_stored,1,packed_history,p95,0,1,0
representation_norm_error,23,-0.034448230490088355,-0.00920864373445536,0.025239586755632995,pattern,signed_norm_drift,v_stored,1,packed_history,p99,0,1,0
representation_norm_error,23,0.0,0.0,0.0,pattern,abs_log_norm_ratio,v_stored,12,pending_history,max,0,0,12
representation_norm_error,23,0.0,0.0,0.0,pattern,abs_log_norm_ratio,v_stored,12,pending_history,mean,0,0,12
representation_norm_error,23,0.0,0.0,0.0,pattern,abs_log_norm_ratio,v_stored,12,pending_history,p50,0,0,12
representation_norm_error,23,0.0,0.0,0.0,pattern,abs_log_norm_ratio,v_stored,12,pending_history,p90,0,0,12
representation_norm_error,23,0.0,0.0,0.0,pattern,abs_log_norm_ratio,v_stored,12,pending_history,p95,0,0,12
representation_norm_error,23,0.0,0.0,0.0,pattern,abs_log_norm_ratio,v_stored,12,pending_history,p99,0,0,12
representation_norm_error,23,-1.043081283569336e-07,-7.450580596923828e-08,1.4901161193847656e-08,pattern,direction_error,v_stored,12,pending_history,max,5,6,1
representation_norm_error,23,1.1180066042118251e-09,-2.0668197136658906e-09,-2.353966135814626e-09,pattern,direction_error,v_stored,12,pending_history,mean,8,4,0
representation_norm_error,23,0.0,0.0,0.0,pattern,direction_error,v_stored,12,pending_history,p50,0,0,12
representation_norm_error,23,0.0,-1.4901161193851044e-09,-7.450580596923828e-09,pattern,direction_error,v_stored,12,pending_history,p90,7,4,1
representation_norm_error,23,0.0,0.0,0.0,pattern,direction_error,v_stored,12,pending_history,p95,0,0,12
representation_norm_error,23,0.0,0.0,-3.859400749206506e-08,pattern,direction_error,v_stored,12,pending_history,p99,7,3,2
representation_norm_error,23,0.0,0.0,0.0,pattern,norm_ratio,v_stored,12,pending_history,max,0,0,12
representation_norm_error,23,0.0,0.0,0.0,pattern,norm_ratio,v_stored,12,pending_history,mean,0,0,12
representation_norm_error,23,0.0,0.0,0.0,pattern,norm_ratio,v_stored,12,pending_history,p50,0,0,12
representation_norm_error,23,0.0,0.0,0.0,pattern,norm_ratio,v_stored,12,pending_history,p90,0,0,12
representation_norm_error,23,0.0,0.0,0.0,pattern,norm_ratio,v_stored,12,pending_history,p95,0,0,12
representation_norm_error,23,0.0,0.0,0.0,pattern,norm_ratio,v_stored,12,pending_history,p99,0,0,12
representation_norm_error,23,0.0,0.0,0.0,pattern,relative_L2,v_stored,12,pending_history,max,0,0,12
representation_norm_error,23,0.0,0.0,0.0,pattern,relative_L2,v_stored,12,pending_history,mean,0,0,12
representation_norm_error,23,0.0,0.0,0.0,pattern,relative_L2,v_stored,12,pending_history,p50,0,0,12
representation_norm_error,23,0.0,0.0,0.0,pattern,relative_L2,v_stored,12,pending_history,p90,0,0,12
representation_norm_error,23,0.0,0.0,0.0,pattern,relative_L2,v_stored,12,pending_history,p95,0,0,12
representation_norm_error,23,0.0,0.0,0.0,pattern,relative_L2,v_stored,12,pending_history,p99,0,0,12
representation_norm_error,23,0.0,0.0,0.0,pattern,relative_norm_error,v_stored,12,pending_history,max,0,0,12
representation_norm_error,23,0.0,0.0,0.0,pattern,relative_norm_error,v_stored,12,pending_history,mean,0,0,12
representation_norm_error,23,0.0,0.0,0.0,pattern,relative_norm_error,v_stored,12,pending_history,p50,0,0,12
representation_norm_error,23,0.0,0.0,0.0,pattern,relative_norm_error,v_stored,12,pending_history,p90,0,0,12
representation_norm_error,23,0.0,0.0,0.0,pattern,relative_norm_error,v_stored,12,pending_history,p95,0,0,12
representation_norm_error,23,0.0,0.0,0.0,pattern,relative_norm_error,v_stored,12,pending_history,p99,0,0,12
representation_norm_error,23,0.0,0.0,0.0,pattern,signed_norm_drift,v_stored,12,pending_history,max,0,0,12
representation_norm_error,23,0.0,0.0,0.0,pattern,signed_norm_drift,v_stored,12,pending_history,mean,0,0,12
representation_norm_error,23,0.0,0.0,0.0,pattern,signed_norm_drift,v_stored,12,pending_history,p50,0,0,12
representation_norm_error,23,0.0,0.0,0.0,pattern,signed_norm_drift,v_stored,12,pending_history,p90,0,0,12
representation_norm_error,23,0.0,0.0,0.0,pattern,signed_norm_drift,v_stored,12,pending_history,p95,0,0,12
representation_norm_error,23,0.0,0.0,0.0,pattern,signed_norm_drift,v_stored,12,pending_history,p99,0,0,12
representation_norm_error,23,0.0,0.0,0.0,pattern,abs_log_norm_ratio,v_stored,12,recent,max,0,0,12
representation_norm_error,23,0.0,0.0,0.0,pattern,abs_log_norm_ratio,v_stored,12,recent,mean,0,0,12
representation_norm_error,23,0.0,0.0,0.0,pattern,abs_log_norm_ratio,v_stored,12,recent,p50,0,0,12
representation_norm_error,23,0.0,0.0,0.0,pattern,abs_log_norm_ratio,v_stored,12,recent,p90,0,0,12
representation_norm_error,23,0.0,0.0,0.0,pattern,abs_log_norm_ratio,v_stored,12,recent,p95,0,0,12
representation_norm_error,23,0.0,0.0,0.0,pattern,abs_log_norm_ratio,v_stored,12,recent,p99,0,0,12
representation_norm_error,23,0.0,2.9802322387695312e-08,0.0,pattern,direction_error,v_stored,12,recent,max,5,5,2
representation_norm_error,23,2.5756889954209328e-09,2.270098775625229e-09,-1.6007106751203537e-10,pattern,direction_error,v_stored,12,recent,mean,7,4,1
representation_norm_error,23,0.0,0.0,0.0,pattern,direction_error,v_stored,12,recent,p50,0,0,12
representation_norm_error,23,0.0,0.0,0.0,pattern,direction_error,v_stored,12,recent,p90,1,3,8
representation_norm_error,23,0.0,0.0,0.0,pattern,direction_error,v_stored,12,recent,p95,0,0,12
representation_norm_error,23,0.0,0.0,0.0,pattern,direction_error,v_stored,12,recent,p99,1,5,6
representation_norm_error,23,0.0,0.0,0.0,pattern,norm_ratio,v_stored,12,recent,max,0,0,12
representation_norm_error,23,0.0,0.0,0.0,pattern,norm_ratio,v_stored,12,recent,mean,0,0,12
representation_norm_error,23,0.0,0.0,0.0,pattern,norm_ratio,v_stored,12,recent,p50,0,0,12
representation_norm_error,23,0.0,0.0,0.0,pattern,norm_ratio,v_stored,12,recent,p90,0,0,12
representation_norm_error,23,0.0,0.0,0.0,pattern,norm_ratio,v_stored,12,recent,p95,0,0,12
representation_norm_error,23,0.0,0.0,0.0,pattern,norm_ratio,v_stored,12,recent,p99,0,0,12
representation_norm_error,23,0.0,0.0,0.0,pattern,relative_L2,v_stored,12,recent,max,0,0,12
representation_norm_error,23,0.0,0.0,0.0,pattern,relative_L2,v_stored,12,recent,mean,0,0,12
representation_norm_error,23,0.0,0.0,0.0,pattern,relative_L2,v_stored,12,recent,p50,0,0,12
representation_norm_error,23,0.0,0.0,0.0,pattern,relative_L2,v_stored,12,recent,p90,0,0,12
representation_norm_error,23,0.0,0.0,0.0,pattern,relative_L2,v_stored,12,recent,p95,0,0,12
representation_norm_error,23,0.0,0.0,0.0,pattern,relative_L2,v_stored,12,recent,p99,0,0,12
representation_norm_error,23,0.0,0.0,0.0,pattern,relative_norm_error,v_stored,12,recent,max,0,0,12
representation_norm_error,23,0.0,0.0,0.0,pattern,relative_norm_error,v_stored,12,recent,mean,0,0,12
representation_norm_error,23,0.0,0.0,0.0,pattern,relative_norm_error,v_stored,12,recent,p50,0,0,12
representation_norm_error,23,0.0,0.0,0.0,pattern,relative_norm_error,v_stored,12,recent,p90,0,0,12
representation_norm_error,23,0.0,0.0,0.0,pattern,relative_norm_error,v_stored,12,recent,p95,0,0,12
representation_norm_error,23,0.0,0.0,0.0,pattern,relative_norm_error,v_stored,12,recent,p99,0,0,12
representation_norm_error,23,0.0,0.0,0.0,pattern,signed_norm_drift,v_stored,12,recent,max,0,0,12
representation_norm_error,23,0.0,0.0,0.0,pattern,signed_norm_drift,v_stored,12,recent,mean,0,0,12
representation_norm_error,23,0.0,0.0,0.0,pattern,signed_norm_drift,v_stored,12,recent,p50,0,0,12
representation_norm_error,23,0.0,0.0,0.0,pattern,signed_norm_drift,v_stored,12,recent,p90,0,0,12
representation_norm_error,23,0.0,0.0,0.0,pattern,signed_norm_drift,v_stored,12,recent,p95,0,0,12
representation_norm_error,23,0.0,0.0,0.0,pattern,signed_norm_drift,v_stored,12,recent,p99,0,0,12
stored_norm_error,23,0.16194987297058105,1.1775813102722168,1.0156314373016357,pattern,abs_log_norm_ratio,v_stored,1,packed_history,max,0,1,0
stored_norm_error,23,0.05211079665149859,0.03584259455727293,-0.016268202094225664,pattern,abs_log_norm_ratio,v_stored,1,packed_history,mean,1,0,0
stored_norm_error,23,0.04446147568523884,0.03998938575387001,-0.004472089931368828,pattern,abs_log_norm_ratio,v_stored,1,packed_history,p50,1,0,0
stored_norm_error,23,0.1106818124651909,0.038819435238838226,-0.07186237722635268,pattern,abs_log_norm_ratio,v_stored,1,packed_history,p90,1,0,0
stored_norm_error,23,0.1327338114380836,0.038803958892822385,-0.09392985254526122,pattern,abs_log_norm_ratio,v_stored,1,packed_history,p95,1,0,0
stored_norm_error,23,0.23300926513969944,0.043353667110204636,-0.1896555980294948,pattern,abs_log_norm_ratio,v_stored,1,packed_history,p99,1,0,0
stored_norm_error,23,2.4524967968463898,2.5740728080272675,0.12157601118087769,pattern,direction_error,v_stored,1,packed_history,max,0,1,0
stored_norm_error,23,0.23061450900331693,0.06682897718474123,-0.1637855318185757,pattern,direction_error,v_stored,1,packed_history,mean,1,0,0
stored_norm_error,23,0.16811324656009674,0.054702118039131165,-0.11341112852096558,pattern,direction_error,v_stored,1,packed_history,p50,1,0,0
stored_norm_error,23,0.34133054614067077,0.05358335673809053,-0.28774718940258026,pattern,direction_error,v_stored,1,packed_history,p90,1,0,0
stored_norm_error,23,0.5490886002779004,0.07081686407327661,-0.4782717362046238,pattern,direction_error,v_stored,1,packed_history,p95,1,0,0
stored_norm_error,23,1.8611879667639761,0.5266564258933072,-1.3345315408706688,pattern,direction_error,v_stored,1,packed_history,p99,1,0,0
stored_norm_error,23,0.3639415502548218,2.2704105973243713,1.9064690470695496,pattern,norm_ratio,v_stored,1,packed_history,max,0,1,0
stored_norm_error,23,0.05272811096619989,0.037966073270581546,-0.014762037695618346,pattern,norm_ratio,v_stored,1,packed_history,mean,1,0,0
stored_norm_error,23,0.04742351174354553,0.04356372356414795,-0.003859788179397583,pattern,norm_ratio,v_stored,1,packed_history,p50,1,0,0
stored_norm_error,23,0.12699981927871717,0.04457258582115198,-0.0824272334575652,pattern,norm_ratio,v_stored,1,packed_history,p90,1,0,0
stored_norm_error,23,0.15343146920204132,0.045188218355179055,-0.10824325084686226,pattern,norm_ratio,v_stored,1,packed_history,p95,1,0,0
stored_norm_error,23,0.2810392034053807,0.05172258615493741,-0.22931661725044328,pattern,norm_ratio,v_stored,1,packed_history,p99,1,0,0
stored_norm_error,23,1.257952332496643,4.032026559114456,2.774074226617813,pattern,relative_L2,v_stored,1,packed_history,max,0,1,0
stored_norm_error,23,0.4814100041173255,0.16302001428165624,-0.31838998983566924,pattern,relative_L2,v_stored,1,packed_history,mean,1,0,0
stored_norm_error,23,0.4222988188266754,0.15887055546045303,-0.2634282633662224,pattern,relative_L2,v_stored,1,packed_history,p50,1,0,0
stored_norm_error,23,0.6723457381129267,0.11830022931098944,-0.5540455088019374,pattern,relative_L2,v_stored,1,packed_history,p90,1,0,0
stored_norm_error,23,0.9469204246997829,0.13405727893114083,-0.812863145768642,pattern,relative_L2,v_stored,1,packed_history,p95,1,0,0
stored_norm_error,23,2.3862944293022164,0.7774742671847362,-1.60882016211748,pattern,relative_L2,v_stored,1,packed_history,p99,1,0,0
stored_norm_error,23,0.3639411926269531,2.270410493016243,1.9064693003892899,pattern,relative_norm_error,v_stored,1,packed_history,max,0,1,0
stored_norm_error,23,0.05969086628288963,0.039670339931937235,-0.020020526350952396,pattern,relative_norm_error,v_stored,1,packed_history,mean,1,0,0
stored_norm_error,23,0.048729654401540756,0.04383129067718983,-0.004898363724350929,pattern,relative_norm_error,v_stored,1,packed_history,p50,1,0,0
stored_norm_error,23,0.1285859726369381,0.04487877115607271,-0.0837072014808654,pattern,relative_norm_error,v_stored,1,packed_history,p90,1,0,0
stored_norm_error,23,0.15558223538100718,0.0454640123993159,-0.11011822298169129,pattern,relative_norm_error,v_stored,1,packed_history,p95,1,0,0
stored_norm_error,23,0.28485701620578785,0.05219222277402866,-0.2326647934317592,pattern,relative_norm_error,v_stored,1,packed_history,p99,1,0,0
stored_norm_error,23,0.3639411926269531,2.270410493016243,1.9064693003892899,pattern,signed_norm_drift,v_stored,1,packed_history,max,0,1,0
stored_norm_error,23,0.05272811110032453,0.03796607184691744,-0.014762039253407085,pattern,signed_norm_drift,v_stored,1,packed_history,mean,1,0,0
stored_norm_error,23,0.047423481941223145,0.04356370121240616,-0.003859780728816986,pattern,signed_norm_drift,v_stored,1,packed_history,p50,1,0,0
stored_norm_error,23,0.12699986323714257,0.044572751969099086,-0.08242711126804349,pattern,signed_norm_drift,v_stored,1,packed_history,p90,1,0,0
stored_norm_error,23,0.1534315709024666,0.04518831633031377,-0.10824325457215282,pattern,signed_norm_drift,v_stored,1,packed_history,p95,1,0,0
stored_norm_error,23,0.28103919252753295,0.05172263339161873,-0.22931655913591423,pattern,signed_norm_drift,v_stored,1,packed_history,p99,1,0,0
stored_norm_error,23,1.545455830724677,0.6107271939108614,-0.7748687119601527,pattern,abs_log_norm_ratio,v_stored,12,pending_history,max,12,0,0
stored_norm_error,23,0.15745711016468858,0.052571061356603006,-0.10526006941009247,pattern,abs_log_norm_ratio,v_stored,12,pending_history,mean,12,0,0
stored_norm_error,23,0.12003805630774877,0.03804793472590973,-0.08555577279184945,pattern,abs_log_norm_ratio,v_stored,12,pending_history,p50,12,0,0
stored_norm_error,23,0.32443350892935996,0.11052174807773557,-0.2156486387728364,pattern,abs_log_norm_ratio,v_stored,12,pending_history,p90,12,0,0
stored_norm_error,23,0.40781258252682145,0.14719301856966915,-0.2665543043214712,pattern,abs_log_norm_ratio,v_stored,12,pending_history,p95,12,0,0
stored_norm_error,23,0.6727011144071007,0.2611260666187449,-0.3747604639391644,pattern,abs_log_norm_ratio,v_stored,12,pending_history,p99,12,0,0
stored_norm_error,23,2.7837587743997574,1.1553956717252731,-1.6082701683044434,pattern,direction_error,v_stored,12,pending_history,max,12,0,0
stored_norm_error,23,0.37651176576335466,0.058923510836719116,-0.3128636192490894,pattern,direction_error,v_stored,12,pending_history,mean,12,0,0
stored_norm_error,23,0.2815500274300575,0.03670267015695572,-0.2550191804766655,pattern,direction_error,v_stored,12,pending_history,p50,12,0,0
stored_norm_error,23,0.622406467795372,0.09593598991632465,-0.5181220084428788,pattern,direction_error,v_stored,12,pending_history,p90,12,0,0
stored_norm_error,23,0.9464717164635653,0.1970324307680128,-0.7444575652480123,pattern,direction_error,v_stored,12,pending_history,p95,12,0,0
stored_norm_error,23,2.0971201099455343,0.7586662256717652,-1.3603281162679193,pattern,direction_error,v_stored,12,pending_history,p99,12,0,0
stored_norm_error,23,1.5884174704551697,0.44296181201934814,-1.014844000339508,pattern,norm_ratio,v_stored,12,pending_history,max,12,0,0
stored_norm_error,23,0.03258951521168149,0.0013162562223968388,-0.024513321640150215,pattern,norm_ratio,v_stored,12,pending_history,mean,11,1,0
stored_norm_error,23,0.016754187643527985,0.0001332983374595642,-0.01590953767299652,pattern,norm_ratio,v_stored,12,pending_history,p50,11,1,0
stored_norm_error,23,0.28251865208148974,0.07823501229286195,-0.1932537764310836,pattern,norm_ratio,v_stored,12,pending_history,p90,12,0,0
stored_norm_error,23,0.38391033411025977,0.11237593889236447,-0.25863833874464004,pattern,norm_ratio,v_stored,12,pending_history,p95,12,0,0
stored_norm_error,23,0.6640057930350303,0.2104551440477369,-0.4100802242755887,pattern,norm_ratio,v_stored,12,pending_history,p99,12,0,0
stored_norm_error,23,5.25668620923534,2.764023536001332,-2.4925814979942515,pattern,relative_L2,v_stored,12,pending_history,max,12,0,0
stored_norm_error,23,1.62711450061762,0.5622359817383833,-1.0408378839246377,pattern,relative_L2,v_stored,12,pending_history,mean,12,0,0
stored_norm_error,23,1.4971755228325492,0.5168747980642365,-1.048667841241695,pattern,relative_L2,v_stored,12,pending_history,p50,12,0,0
stored_norm_error,23,2.261035844805883,0.8415312802069825,-1.3247949279844764,pattern,relative_L2,v_stored,12,pending_history,p90,12,0,0
stored_norm_error,23,2.769688352887168,1.1850364414858623,-1.464421401722939,pattern,relative_L2,v_stored,12,pending_history,p95,12,0,0
stored_norm_error,23,4.201599265983093,2.185584258269518,-1.9463844289293033,pattern,relative_L2,v_stored,12,pending_history,p99,12,0,0
stored_norm_error,23,1.6093608607479837,0.5884087691956665,-0.8864847403019667,pattern,relative_norm_error,v_stored,12,pending_history,max,12,0,0
stored_norm_error,23,0.16031285046993993,0.05274810253346973,-0.10718231629385483,pattern,relative_norm_error,v_stored,12,pending_history,mean,12,0,0
stored_norm_error,23,0.12017852357894299,0.038101805534097366,-0.08561105036460503,pattern,relative_norm_error,v_stored,12,pending_history,p50,12,0,0
stored_norm_error,23,0.3279900555615314,0.1103807850602607,-0.21724274525549842,pattern,relative_norm_error,v_stored,12,pending_history,p90,12,0,0
stored_norm_error,23,0.41762507152852757,0.14624427768794696,-0.27123909312940664,pattern,relative_norm_error,v_stored,12,pending_history,p95,12,0,0
stored_norm_error,23,0.7019692988781022,0.26305521776404917,-0.38139568286496767,pattern,relative_norm_error,v_stored,12,pending_history,p99,12,0,0
stored_norm_error,23,1.588417540624505,0.4429618257272523,-1.014843880198896,pattern,signed_norm_drift,v_stored,12,pending_history,max,12,0,0
stored_norm_error,23,0.03258951714283654,0.0013162581343995692,-0.024513317891672968,pattern,signed_norm_drift,v_stored,12,pending_history,mean,11,1,0
stored_norm_error,23,0.016754141592514316,0.0001333020046558886,-0.015909513592688995,pattern,signed_norm_drift,v_stored,12,pending_history,p50,11,1,0
stored_norm_error,23,0.28251883117845866,0.07823500338854503,-0.19325391137608672,pattern,signed_norm_drift,v_stored,12,pending_history,p90,12,0,0
stored_norm_error,23,0.38391030961647615,0.11237595625170796,-0.2586383896770711,pattern,signed_norm_drift,v_stored,12,pending_history,p95,12,0,0
stored_norm_error,23,0.6640058360998227,0.21045515945210352,-0.4100802037111131,pattern,signed_norm_drift,v_stored,12,pending_history,p99,12,0,0
stored_norm_error,23,1.485867603099905,0.9525234532484319,-0.5613725279108621,pattern,abs_log_norm_ratio,v_stored,12,recent,max,12,0,0
stored_norm_error,23,0.16162961562066697,0.05589102070559517,-0.10438076507889482,pattern,abs_log_norm_ratio,v_stored,12,recent,mean,12,0,0
stored_norm_error,23,0.12104336300217255,0.039462105411075754,-0.08580939772582497,pattern,abs_log_norm_ratio,v_stored,12,recent,p50,12,0,0
stored_norm_error,23,0.3382677056353715,0.11748779298068261,-0.21955116965982607,pattern,abs_log_norm_ratio,v_stored,12,recent,p90,12,0,0
stored_norm_error,23,0.4233214288447924,0.16491647957591332,-0.2603033533545386,pattern,abs_log_norm_ratio,v_stored,12,recent,p95,12,0,0
stored_norm_error,23,0.6952029089837739,0.32141003474564045,-0.35187633803288904,pattern,abs_log_norm_ratio,v_stored,12,recent,p99,12,0,0
stored_norm_error,23,3.510119691491127,1.7147926092147827,-1.5906067043542862,pattern,direction_error,v_stored,12,recent,max,12,0,0
stored_norm_error,23,0.3918355761707062,0.07361570726789068,-0.31931261146382894,pattern,direction_error,v_stored,12,recent,mean,12,0,0
stored_norm_error,23,0.27363958209753036,0.037170156836509705,-0.2437737062573433,pattern,direction_error,v_stored,12,recent,p50,12,0,0
stored_norm_error,23,0.653788547217846,0.11713368147611622,-0.5352120086550713,pattern,direction_error,v_stored,12,recent,p90,12,0,0
stored_norm_error,23,1.0119540609419322,0.26057730019092507,-0.7873926565051065,pattern,direction_error,v_stored,12,recent,p95,12,0,0
stored_norm_error,23,2.4776192957162846,0.9091109588742251,-1.3674707089364522,pattern,direction_error,v_stored,12,recent,p99,12,0,0
stored_norm_error,23,1.5967645645141602,0.7916695177555084,-0.7259929478168488,pattern,norm_ratio,v_stored,12,recent,max,12,0,0
stored_norm_error,23,0.03577019450312946,0.0022457981103798375,-0.031497399060754105,pattern,norm_ratio,v_stored,12,recent,mean,12,0,0
stored_norm_error,23,0.019728057086467743,0.00012053549289703369,-0.020099125802516937,pattern,norm_ratio,v_stored,12,recent,p50,11,1,0
stored_norm_error,23,0.2939942419528963,0.08045363128185279,-0.2094964444637299,pattern,norm_ratio,v_stored,12,recent,p90,12,0,0
stored_norm_error,23,0.396631887555122,0.11686580777168248,-0.2653542578220364,pattern,norm_ratio,v_stored,12,recent,p95,12,0,0
stored_norm_error,23,0.607069034576416,0.2483048060536383,-0.3584450617432591,pattern,norm_ratio,v_stored,12,recent,p99,12,0,0
stored_norm_error,23,5.744027892593294,3.640169559046626,-1.8399688159115613,pattern,relative_L2,v_stored,12,recent,max,12,0,0
stored_norm_error,23,1.6322635391884575,0.6016213710379219,-1.051753467952949,pattern,relative_L2,v_stored,12,recent,mean,12,0,0
stored_norm_error,23,1.4776545475178864,0.5300552489934489,-1.0227001862949692,pattern,relative_L2,v_stored,12,recent,p50,12,0,0
stored_norm_error,23,2.30308166834293,0.9420127711025998,-1.3592469037510455,pattern,relative_L2,v_stored,12,recent,p90,12,0,0
stored_norm_error,23,2.9292099576618043,1.3852877346187586,-1.5473048500600268,pattern,relative_L2,v_stored,12,recent,p95,12,0,0
stored_norm_error,23,4.554536182499722,2.5378502250637385,-1.8103793909866361,pattern,relative_L2,v_stored,12,recent,p99,12,0,0
stored_norm_error,23,1.667399357247632,0.9797777955536731,-0.7779076972510666,pattern,relative_norm_error,v_stored,12,recent,max,12,0,0
stored_norm_error,23,0.1641215767197945,0.05605705491850837,-0.10576704202431317,pattern,relative_norm_error,v_stored,12,recent,mean,12,0,0
stored_norm_error,23,0.12150190918873705,0.03943967029590567,-0.08596409471647348,pattern,relative_norm_error,v_stored,12,recent,p50,12,0,0
stored_norm_error,23,0.34410591980777105,0.11709209593827839,-0.22422713645064507,pattern,relative_norm_error,v_stored,12,recent,p90,12,0,0
stored_norm_error,23,0.4380325983656801,0.1660457260513793,-0.26903897679148947,pattern,relative_norm_error,v_stored,12,recent,p95,12,0,0
stored_norm_error,23,0.7222994705825101,0.3177117324189747,-0.3634040115619428,pattern,relative_norm_error,v_stored,12,recent,p99,12,0,0
stored_norm_error,23,1.5967644621850923,0.7916694705781993,-0.7259927918203175,pattern,signed_norm_drift,v_stored,12,recent,max,12,0,0
stored_norm_error,23,0.035770195147276376,0.002245799446486396,-0.03149739876054644,pattern,signed_norm_drift,v_stored,12,recent,mean,12,0,0
stored_norm_error,23,0.0197281243346481,0.00012059629803928829,-0.020099075481255113,pattern,signed_norm_drift,v_stored,12,recent,p50,11,1,0
stored_norm_error,23,0.2939941522170558,0.08045369334940916,-0.20949638945312482,pattern,signed_norm_drift,v_stored,12,recent,p90,12,0,0
stored_norm_error,23,0.39663181184296237,0.11686582201727998,-0.2653542949548864,pattern,signed_norm_drift,v_stored,12,recent,p95,12,0,0
stored_norm_error,23,0.6070690085651584,0.24830478625561211,-0.35844496939243964,pattern,signed_norm_drift,v_stored,12,recent,p99,12,0,0
source_state_norm_drift,31,0.5159071742964443,0.2923373350931797,-0.2527015978412237,pattern,abs_log_norm_ratio,hidden,12,all_tokens,max,12,0,0
source_state_norm_drift,31,0.051849198214667366,0.013700314005961426,-0.037763551579942246,pattern,abs_log_norm_ratio,hidden,12,all_tokens,mean,12,0,0
source_state_norm_drift,31,0.03376076674430806,0.007080821556883166,-0.025586431089323014,pattern,abs_log_norm_ratio,hidden,12,all_tokens,p50,12,0,0
source_state_norm_drift,31,0.12413358379199056,0.0341508061363129,-0.09044692216921252,pattern,abs_log_norm_ratio,hidden,12,all_tokens,p90,12,0,0
source_state_norm_drift,31,0.16185749646683678,0.04733642820719976,-0.11370454485659141,pattern,abs_log_norm_ratio,hidden,12,all_tokens,p95,12,0,0
source_state_norm_drift,31,0.253104223907576,0.080546986489644,-0.168507386663114,pattern,abs_log_norm_ratio,hidden,12,all_tokens,p99,12,0,0
source_state_norm_drift,31,1.6593029350042343,1.020306035876274,-0.6617768406867981,pattern,direction_error,hidden,12,all_tokens,max,12,0,0
source_state_norm_drift,31,0.20427341811944005,0.03104753789683835,-0.1740230376549597,pattern,direction_error,hidden,12,all_tokens,mean,12,0,0
source_state_norm_drift,31,0.19920113682746887,0.018337063491344452,-0.1776108518242836,pattern,direction_error,hidden,12,all_tokens,p50,12,0,0
source_state_norm_drift,31,0.37833359539508826,0.06625370383262635,-0.31272668391466146,pattern,direction_error,hidden,12,all_tokens,p90,12,0,0
source_state_norm_drift,31,0.4724360324442385,0.09214760437607761,-0.37940930873155587,pattern,direction_error,hidden,12,all_tokens,p95,12,0,0
source_state_norm_drift,31,1.0132579326629614,0.27175084367394375,-0.7069009926915146,pattern,direction_error,hidden,12,all_tokens,p99,12,0,0
source_state_norm_drift,31,0.46313026547431946,0.19480416178703308,-0.25595974922180176,pattern,norm_ratio,hidden,12,all_tokens,max,12,0,0
source_state_norm_drift,31,0.03043808227122044,0.0044572175390021895,-0.027588544450132257,pattern,norm_ratio,hidden,12,all_tokens,mean,12,0,0
source_state_norm_drift,31,0.015773028135299683,0.0013762116432189941,-0.013858318328857422,pattern,norm_ratio,hidden,12,all_tokens,p50,12,0,0
source_state_norm_drift,31,0.11578787565231319,0.02718430459499338,-0.08996584415435788,pattern,norm_ratio,hidden,12,all_tokens,p90,12,0,0
source_state_norm_drift,31,0.15273001790046697,0.039325527846813424,-0.11157918274402634,pattern,norm_ratio,hidden,12,all_tokens,p95,12,0,0
source_state_norm_drift,31,0.22976444602012652,0.06966008603572865,-0.16065554022789047,pattern,norm_ratio,hidden,12,all_tokens,p99,12,0,0
source_state_norm_drift,31,3.4918512273579836,2.650256084743887,-0.9594139233231544,pattern,relative_L2,hidden,12,all_tokens,max,12,0,0
source_state_norm_drift,31,1.0709813226171405,0.36666434265977976,-0.7205241579789144,pattern,relative_L2,hidden,12,all_tokens,mean,12,0,0
source_state_norm_drift,31,1.2535598035319708,0.36206871616013814,-0.9018424019450322,pattern,relative_L2,hidden,12,all_tokens,p50,12,0,0
source_state_norm_drift,31,1.7410514588002117,0.7110188582679255,-1.0402383714914323,pattern,relative_L2,hidden,12,all_tokens,p90,12,0,0
source_state_norm_drift,31,2.0057979737553975,0.8309521654038688,-1.1567957794293764,pattern,relative_L2,hidden,12,all_tokens,p95,12,0,0
source_state_norm_drift,31,2.8054560941620728,1.43888900292106,-1.3617240664549137,pattern,relative_L2,hidden,12,all_tokens,p99,12,0,0
source_state_norm_drift,31,0.552551396554918,0.28313248393533286,-0.24016279642819427,pattern,relative_norm_error,hidden,12,all_tokens,max,12,0,0
source_state_norm_drift,31,0.05232437713112745,0.013728306670525544,-0.038211699890645684,pattern,relative_norm_error,hidden,12,all_tokens,mean,12,0,0
source_state_norm_drift,31,0.03381558894579939,0.00708260198643984,-0.025690751817819546,pattern,relative_norm_error,hidden,12,all_tokens,p50,12,0,0
source_state_norm_drift,31,0.12578817550092938,0.03424585493994528,-0.09200404010698551,pattern,relative_norm_error,hidden,12,all_tokens,p90,12,0,0
source_state_norm_drift,31,0.16455344300884453,0.047376235019692084,-0.11547279239384801,pattern,relative_norm_error,hidden,12,all_tokens,p95,12,0,0
source_state_norm_drift,31,0.25753910928702706,0.0811944009262515,-0.17468927866750192,pattern,relative_norm_error,hidden,12,all_tokens,p99,12,0,0
source_state_norm_drift,31,0.4631303025671514,0.19480407661467325,-0.2559597464860417,pattern,signed_norm_drift,hidden,12,all_tokens,max,12,0,0
source_state_norm_drift,31,0.030438076187175606,0.004457214996260792,-0.027588545645422485,pattern,signed_norm_drift,hidden,12,all_tokens,mean,12,0,0
source_state_norm_drift,31,0.0157730026110805,0.0013761691632723227,-0.013858333656685318,pattern,signed_norm_drift,hidden,12,all_tokens,p50,12,0,0
source_state_norm_drift,31,0.11578785631500069,0.027184348558512286,-0.08996587594738228,pattern,signed_norm_drift,hidden,12,all_tokens,p90,12,0,0
source_state_norm_drift,31,0.152729997654751,0.03932556526506231,-0.11157913687966352,pattern,signed_norm_drift,hidden,12,all_tokens,p95,12,0,0
source_state_norm_drift,31,0.22976439433885382,0.06966003484762043,-0.16065562547883028,pattern,signed_norm_drift,hidden,12,all_tokens,p99,12,0,0
source_state_norm_drift,31,1.044938537714188,0.5524267030123156,-0.49892191495746374,pattern,abs_log_norm_ratio,k_source,12,all_tokens,max,12,0,0
source_state_norm_drift,31,0.0713443488319803,0.01937192188773494,-0.05255991280422097,pattern,abs_log_norm_ratio,k_source,12,all_tokens,mean,12,0,0
source_state_norm_drift,31,0.04235280414104636,0.01004279671360564,-0.0330199338040984,pattern,abs_log_norm_ratio,k_source,12,all_tokens,p50,12,0,0
source_state_norm_drift,31,0.17350699319358687,0.0466095073359611,-0.12788353597861718,pattern,abs_log_norm_ratio,k_source,12,all_tokens,p90,12,0,0
source_state_norm_drift,31,0.2299741434908355,0.06449998343341572,-0.16778915404938743,pattern,abs_log_norm_ratio,k_source,12,all_tokens,p95,12,0,0
source_state_norm_drift,31,0.3930624918265673,0.12295016757358085,-0.2572925630339886,pattern,abs_log_norm_ratio,k_source,12,all_tokens,p99,12,0,0
source_state_norm_drift,31,0.7396548092365265,0.41204629838466644,-0.30860818922519684,pattern,direction_error,k_source,12,all_tokens,max,12,0,0
source_state_norm_drift,31,0.03654654178317935,0.004420347761998295,-0.03244851449582299,pattern,direction_error,k_source,12,all_tokens,mean,12,0,0
source_state_norm_drift,31,0.026441380381584167,0.0021174028515815735,-0.024468600749969482,pattern,direction_error,k_source,12,all_tokens,p50,12,0,0
source_state_norm_drift,31,0.07658949345350266,0.009086865186691287,-0.06796651780605317,pattern,direction_error,k_source,12,all_tokens,p90,12,0,0
source_state_norm_drift,31,0.1039484396576881,0.013906829804182048,-0.0908709809184074,pattern,direction_error,k_source,12,all_tokens,p95,12,0,0
source_state_norm_drift,31,0.21938044592738126,0.04624126181006444,-0.17408519834280006,pattern,direction_error,k_source,12,all_tokens,p99,12,0,0
source_state_norm_drift,31,1.227340817451477,0.5701425671577454,-0.6318610906600952,pattern,norm_ratio,k_source,12,all_tokens,max,12,0,0
source_state_norm_drift,31,0.02233635602171477,0.00672963054938161,-0.01530967308747938,pattern,norm_ratio,k_source,12,all_tokens,mean,11,1,0
source_state_norm_drift,31,0.007837049663066864,0.0025003552436828613,-0.004952922463417053,pattern,norm_ratio,k_source,12,all_tokens,p50,11,1,0
source_state_norm_drift,31,0.1444266438484192,0.03920825719833387,-0.09909674823284137,pattern,norm_ratio,k_source,12,all_tokens,p90,12,0,0
source_state_norm_drift,31,0.1960194915533064,0.05598373711109156,-0.13292359858751307,pattern,norm_ratio,k_source,12,all_tokens,p95,12,0,0
source_state_norm_drift,31,0.35601167678832996,0.10513603568077079,-0.23229341298341777,pattern,norm_ratio,k_source,12,all_tokens,p99,12,0,0
source_state_norm_drift,31,2.6626931459177285,1.7843035655096173,-0.9106266988674179,pattern,relative_L2,k_source,12,all_tokens,max,12,0,0
source_state_norm_drift,31,0.44389429169288996,0.13305908072078212,-0.3142345504961657,pattern,relative_L2,k_source,12,all_tokens,mean,12,0,0
source_state_norm_drift,31,0.46180309716874035,0.12354821054759668,-0.3442085945716826,pattern,relative_L2,k_source,12,all_tokens,p50,12,0,0
source_state_norm_drift,31,0.7934536066488364,0.2656200749712298,-0.5316725874319672,pattern,relative_L2,k_source,12,all_tokens,p90,12,0,0
source_state_norm_drift,31,0.9383290557714644,0.3254542320122709,-0.6108819887449497,pattern,relative_L2,k_source,12,all_tokens,p95,12,0,0
source_state_norm_drift,31,1.3769495906057998,0.598919507915852,-0.7943223380087874,pattern,relative_L2,k_source,12,all_tokens,p99,12,0,0
source_state_norm_drift,31,1.2180116144299973,0.5726417044061236,-0.6032839174440596,pattern,relative_norm_error,k_source,12,all_tokens,max,12,0,0
source_state_norm_drift,31,0.07169363127386905,0.019470863084815444,-0.05267057896524906,pattern,relative_norm_error,k_source,12,all_tokens,mean,12,0,0
source_state_norm_drift,31,0.042421335245308,0.010050754321127897,-0.03308117900087382,pattern,relative_norm_error,k_source,12,all_tokens,p50,12,0,0
source_state_norm_drift,31,0.1743376887687192,0.046761196383886275,-0.12905236409569626,pattern,relative_norm_error,k_source,12,all_tokens,p90,12,0,0
source_state_norm_drift,31,0.23097114495685667,0.0648665711360081,-0.16853652182253426,pattern,relative_norm_error,k_source,12,all_tokens,p95,12,0,0
source_state_norm_drift,31,0.395343796445377,0.12321454676537538,-0.25992325892875673,pattern,relative_norm_error,k_source,12,all_tokens,p99,12,0,0
source_state_norm_drift,31,1.22734101882088,0.570142710552318,-0.6318609987210948,pattern,signed_norm_drift,k_source,12,all_tokens,max,12,0,0
source_state_norm_drift,31,0.022336355290777217,0.006729631945578929,-0.015309671472270607,pattern,signed_norm_drift,k_source,12,all_tokens,mean,11,1,0
source_state_norm_drift,31,0.007837026481055887,0.002500361275806995,-0.004952971487625746,pattern,signed_norm_drift,k_source,12,all_tokens,p50,11,1,0
source_state_norm_drift,31,0.14442667149414773,0.039208329058601527,-0.09909673489164564,pattern,signed_norm_drift,k_source,12,all_tokens,p90,12,0,0
source_state_norm_drift,31,0.19601951130243828,0.0559837948079803,-0.13292352369026045,pattern,signed_norm_drift,k_source,12,all_tokens,p95,12,0,0
source_state_norm_drift,31,0.35601160608188354,0.10513611867208948,-0.2322935067830258,pattern,signed_norm_drift,k_source,12,all_tokens,p99,12,0,0
representation_norm_error,31,-0.44312551617622375,0.07429305464029312,0.5174185708165169,pattern,abs_log_norm_ratio,k_stored,1,packed_history,max,0,1,0
representation_norm_error,31,0.02735898423772053,0.02897711565989873,0.0016181314221782005,pattern,abs_log_norm_ratio,k_stored,1,packed_history,mean,0,1,0
representation_norm_error,31,0.031306841410696507,0.02986838109791279,-0.0014384603127837181,pattern,abs_log_norm_ratio,k_stored,1,packed_history,p50,1,0,0
representation_norm_error,31,0.030812243372201946,0.041698867827653904,0.010886624455451958,pattern,abs_log_norm_ratio,k_stored,1,packed_history,p90,0,1,0
representation_norm_error,31,0.02231716029345994,0.04361088760197154,0.021293727308511604,pattern,abs_log_norm_ratio,k_stored,1,packed_history,p95,0,1,0
representation_norm_error,31,0.019159772694110663,0.0412390607967974,0.022079288102686737,pattern,abs_log_norm_ratio,k_stored,1,packed_history,p99,0,1,0
representation_norm_error,31,-0.015020489692687988,0.11838042736053467,0.13340091705322266,pattern,direction_error,k_stored,1,packed_history,max,0,1,0
representation_norm_error,31,0.017765441695701156,0.01984483056003228,0.002079388864331122,pattern,direction_error,k_stored,1,packed_history,mean,0,1,0
representation_norm_error,31,0.018914923071861267,0.02022966742515564,0.0013147443532943726,pattern,direction_error,k_stored,1,packed_history,p50,0,1,0
representation_norm_error,31,0.01707580089569092,0.022724059224128727,0.005648258328437808,pattern,direction_error,k_stored,1,packed_history,p90,0,1,0
representation_norm_error,31,0.01663029193878175,0.02533224225044247,0.008701950311660721,pattern,direction_error,k_stored,1,packed_history,p95,0,1,0
representation_norm_error,31,0.009391458034515486,0.030591338276863084,0.021199880242347598,pattern,direction_error,k_stored,1,packed_history,p99,0,1,0
representation_norm_error,31,-1.0150153636932373,0.08631420135498047,1.1013295650482178,pattern,norm_ratio,k_stored,1,packed_history,max,0,1,0
representation_norm_error,31,0.03493509590134636,0.03269255910618085,-0.002242536795165506,pattern,norm_ratio,k_stored,1,packed_history,mean,1,0,0
representation_norm_error,31,0.03578561544418335,0.031266868114471436,-0.004518747329711914,pattern,norm_ratio,k_stored,1,packed_history,p50,1,0,0
representation_norm_error,31,0.03331663012504571,0.04480618834495531,0.011489558219909601,pattern,norm_ratio,k_stored,1,packed_history,p90,0,1,0
representation_norm_error,31,0.02436110675334935,0.04733216166496268,0.02297105491161333,pattern,norm_ratio,k_stored,1,packed_history,p95,0,1,0
representation_norm_error,31,0.02127761840820286,0.04560908138751962,0.024331462979316765,pattern,norm_ratio,k_stored,1,packed_history,p99,0,1,0
representation_norm_error,31,-0.8163623809814453,0.38101302087306976,1.197375401854515,pattern,relative_L2,k_stored,1,packed_history,max,0,1,0
representation_norm_error,31,0.07534477563172004,0.08284385346814815,0.007499077836428114,pattern,relative_L2,k_stored,1,packed_history,mean,0,1,0
representation_norm_error,31,0.07900933921337128,0.08720944821834564,0.008200109004974365,pattern,relative_L2,k_stored,1,packed_history,p50,0,1,0
representation_norm_error,31,0.06639764159917827,0.08272395730018622,0.016326315701007954,pattern,relative_L2,k_stored,1,packed_history,p90,0,1,0
representation_norm_error,31,0.06590766087174427,0.08223322629928587,0.0163255654275416,pattern,relative_L2,k_stored,1,packed_history,p95,0,1,0
representation_norm_error,31,0.04988404780626293,0.08808713987469649,0.03820309206843356,pattern,relative_L2,k_stored,1,packed_history,p99,0,1,0
representation_norm_error,31,-1.0150147676467896,0.08631432801485062,1.1013290956616402,pattern,relative_norm_error,k_stored,1,packed_history,max,0,1,0
representation_norm_error,31,0.028494397470052567,0.03045587377208501,0.001961476302032441,pattern,relative_norm_error,k_stored,1,packed_history,mean,0,1,0
representation_norm_error,31,0.03297558147460222,0.031106160953640938,-0.0018694205209612846,pattern,relative_norm_error,k_stored,1,packed_history,p50,1,0,0
representation_norm_error,31,0.03326479122042653,0.04480604343116282,0.011541252210736284,pattern,relative_norm_error,k_stored,1,packed_history,p90,0,1,0
representation_norm_error,31,0.02430317550897603,0.04733227193355548,0.023029096424579447,pattern,relative_norm_error,k_stored,1,packed_history,p95,0,1,0
representation_norm_error,31,0.021277343109249856,0.04560899205505862,0.024331648945808762,pattern,relative_norm_error,k_stored,1,packed_history,p99,0,1,0
representation_norm_error,31,-1.0150147676467896,0.08631432801485062,1.1013290956616402,pattern,signed_norm_drift,k_stored,1,packed_history,max,0,1,0
representation_norm_error,31,0.0349350981631842,0.03269255773162263,-0.0022425404315615724,pattern,signed_norm_drift,k_stored,1,packed_history,mean,1,0,0
representation_norm_error,31,0.035785592161118984,0.031266952864825726,-0.004518639296293259,pattern,signed_norm_drift,k_stored,1,packed_history,p50,1,0,0
representation_norm_error,31,0.033316583558917014,0.04480604343116282,0.011489459872245804,pattern,signed_norm_drift,k_stored,1,packed_history,p90,0,1,0
representation_norm_error,31,0.024361111968755712,0.04733227193355548,0.022971159964799766,pattern,signed_norm_drift,k_stored,1,packed_history,p95,0,1,0
representation_norm_error,31,0.021277343109249856,0.04560899205505862,0.024331648945808762,pattern,signed_norm_drift,k_stored,1,packed_history,p99,0,1,0
representation_norm_error,31,0.0,0.0,0.0,pattern,abs_log_norm_ratio,k_stored,12,pending_history,max,0,0,12
representation_norm_error,31,0.0,0.0,0.0,pattern,abs_log_norm_ratio,k_stored,12,pending_history,mean,0,0,12
representation_norm_error,31,0.0,0.0,0.0,pattern,abs_log_norm_ratio,k_stored,12,pending_history,p50,0,0,12
representation_norm_error,31,0.0,0.0,0.0,pattern,abs_log_norm_ratio,k_stored,12,pending_history,p90,0,0,12
representation_norm_error,31,0.0,0.0,0.0,pattern,abs_log_norm_ratio,k_stored,12,pending_history,p95,0,0,12
representation_norm_error,31,0.0,0.0,0.0,pattern,abs_log_norm_ratio,k_stored,12,pending_history,p99,0,0,12
representation_norm_error,31,0.0,2.9802322387695312e-08,1.4901161193847656e-08,pattern,direction_error,k_stored,12,pending_history,max,4,6,2
representation_norm_error,31,1.7918009533841372e-09,3.2792051117833913e-09,2.3591062944113235e-09,pattern,direction_error,k_stored,12,pending_history,mean,4,8,0
representation_norm_error,31,0.0,0.0,0.0,pattern,direction_error,k_stored,12,pending_history,p50,0,0,12
representation_norm_error,31,0.0,0.0,0.0,pattern,direction_error,k_stored,12,pending_history,p90,2,4,6
representation_norm_error,31,0.0,0.0,0.0,pattern,direction_error,k_stored,12,pending_history,p95,0,0,12
representation_norm_error,31,1.4901161193834104e-10,1.3411045074450693e-09,-3.725290298463608e-09,pattern,direction_error,k_stored,12,pending_history,p99,6,6,0
representation_norm_error,31,0.0,0.0,0.0,pattern,norm_ratio,k_stored,12,pending_history,max,0,0,12
representation_norm_error,31,0.0,0.0,0.0,pattern,norm_ratio,k_stored,12,pending_history,mean,0,0,12
representation_norm_error,31,0.0,0.0,0.0,pattern,norm_ratio,k_stored,12,pending_history,p50,0,0,12
representation_norm_error,31,0.0,0.0,0.0,pattern,norm_ratio,k_stored,12,pending_history,p90,0,0,12
representation_norm_error,31,0.0,0.0,0.0,pattern,norm_ratio,k_stored,12,pending_history,p95,0,0,12
representation_norm_error,31,0.0,0.0,0.0,pattern,norm_ratio,k_stored,12,pending_history,p99,0,0,12
representation_norm_error,31,0.0,0.0,0.0,pattern,relative_L2,k_stored,12,pending_history,max,0,0,12
representation_norm_error,31,0.0,0.0,0.0,pattern,relative_L2,k_stored,12,pending_history,mean,0,0,12
representation_norm_error,31,0.0,0.0,0.0,pattern,relative_L2,k_stored,12,pending_history,p50,0,0,12
representation_norm_error,31,0.0,0.0,0.0,pattern,relative_L2,k_stored,12,pending_history,p90,0,0,12
representation_norm_error,31,0.0,0.0,0.0,pattern,relative_L2,k_stored,12,pending_history,p95,0,0,12
representation_norm_error,31,0.0,0.0,0.0,pattern,relative_L2,k_stored,12,pending_history,p99,0,0,12
representation_norm_error,31,0.0,0.0,0.0,pattern,relative_norm_error,k_stored,12,pending_history,max,0,0,12
representation_norm_error,31,0.0,0.0,0.0,pattern,relative_norm_error,k_stored,12,pending_history,mean,0,0,12
representation_norm_error,31,0.0,0.0,0.0,pattern,relative_norm_error,k_stored,12,pending_history,p50,0,0,12
representation_norm_error,31,0.0,0.0,0.0,pattern,relative_norm_error,k_stored,12,pending_history,p90,0,0,12
representation_norm_error,31,0.0,0.0,0.0,pattern,relative_norm_error,k_stored,12,pending_history,p95,0,0,12
representation_norm_error,31,0.0,0.0,0.0,pattern,relative_norm_error,k_stored,12,pending_history,p99,0,0,12
representation_norm_error,31,0.0,0.0,0.0,pattern,signed_norm_drift,k_stored,12,pending_history,max,0,0,12
representation_norm_error,31,0.0,0.0,0.0,pattern,signed_norm_drift,k_stored,12,pending_history,mean,0,0,12
representation_norm_error,31,0.0,0.0,0.0,pattern,signed_norm_drift,k_stored,12,pending_history,p50,0,0,12
representation_norm_error,31,0.0,0.0,0.0,pattern,signed_norm_drift,k_stored,12,pending_history,p90,0,0,12
representation_norm_error,31,0.0,0.0,0.0,pattern,signed_norm_drift,k_stored,12,pending_history,p95,0,0,12
representation_norm_error,31,0.0,0.0,0.0,pattern,signed_norm_drift,k_stored,12,pending_history,p99,0,0,12
representation_norm_error,31,0.0,0.0,0.0,pattern,abs_log_norm_ratio,k_stored,12,recent,max,0,0,12
representation_norm_error,31,0.0,0.0,0.0,pattern,abs_log_norm_ratio,k_stored,12,recent,mean,0,0,12
representation_norm_error,31,0.0,0.0,0.0,pattern,abs_log_norm_ratio,k_stored,12,recent,p50,0,0,12
representation_norm_error,31,0.0,0.0,0.0,pattern,abs_log_norm_ratio,k_stored,12,recent,p90,0,0,12
representation_norm_error,31,0.0,0.0,0.0,pattern,abs_log_norm_ratio,k_stored,12,recent,p95,0,0,12
representation_norm_error,31,0.0,0.0,0.0,pattern,abs_log_norm_ratio,k_stored,12,recent,p99,0,0,12
representation_norm_error,31,-2.9802322387695312e-08,0.0,-1.4901161193847656e-08,pattern,direction_error,k_stored,12,recent,max,6,5,1
representation_norm_error,31,-1.2223608791828156e-09,-5.820766091346741e-11,-7.275957614183426e-11,pattern,direction_error,k_stored,12,recent,mean,6,6,0
representation_norm_error,31,0.0,0.0,0.0,pattern,direction_error,k_stored,12,recent,p50,0,0,12
representation_norm_error,31,0.0,0.0,0.0,pattern,direction_error,k_stored,12,recent,p90,0,1,11
representation_norm_error,31,0.0,0.0,0.0,pattern,direction_error,k_stored,12,recent,p95,0,0,12
representation_norm_error,31,0.0,1.1920928955067283e-09,8.046627044677192e-09,pattern,direction_error,k_stored,12,recent,p99,2,6,4
representation_norm_error,31,0.0,0.0,0.0,pattern,norm_ratio,k_stored,12,recent,max,0,0,12
representation_norm_error,31,0.0,0.0,0.0,pattern,norm_ratio,k_stored,12,recent,mean,0,0,12
representation_norm_error,31,0.0,0.0,0.0,pattern,norm_ratio,k_stored,12,recent,p50,0,0,12
representation_norm_error,31,0.0,0.0,0.0,pattern,norm_ratio,k_stored,12,recent,p90,0,0,12
representation_norm_error,31,0.0,0.0,0.0,pattern,norm_ratio,k_stored,12,recent,p95,0,0,12
representation_norm_error,31,0.0,0.0,0.0,pattern,norm_ratio,k_stored,12,recent,p99,0,0,12
representation_norm_error,31,0.0,0.0,0.0,pattern,relative_L2,k_stored,12,recent,max,0,0,12
representation_norm_error,31,0.0,0.0,0.0,pattern,relative_L2,k_stored,12,recent,mean,0,0,12
representation_norm_error,31,0.0,0.0,0.0,pattern,relative_L2,k_stored,12,recent,p50,0,0,12
representation_norm_error,31,0.0,0.0,0.0,pattern,relative_L2,k_stored,12,recent,p90,0,0,12
representation_norm_error,31,0.0,0.0,0.0,pattern,relative_L2,k_stored,12,recent,p95,0,0,12
representation_norm_error,31,0.0,0.0,0.0,pattern,relative_L2,k_stored,12,recent,p99,0,0,12
representation_norm_error,31,0.0,0.0,0.0,pattern,relative_norm_error,k_stored,12,recent,max,0,0,12
representation_norm_error,31,0.0,0.0,0.0,pattern,relative_norm_error,k_stored,12,recent,mean,0,0,12
representation_norm_error,31,0.0,0.0,0.0,pattern,relative_norm_error,k_stored,12,recent,p50,0,0,12
representation_norm_error,31,0.0,0.0,0.0,pattern,relative_norm_error,k_stored,12,recent,p90,0,0,12
representation_norm_error,31,0.0,0.0,0.0,pattern,relative_norm_error,k_stored,12,recent,p95,0,0,12
representation_norm_error,31,0.0,0.0,0.0,pattern,relative_norm_error,k_stored,12,recent,p99,0,0,12
representation_norm_error,31,0.0,0.0,0.0,pattern,signed_norm_drift,k_stored,12,recent,max,0,0,12
representation_norm_error,31,0.0,0.0,0.0,pattern,signed_norm_drift,k_stored,12,recent,mean,0,0,12
representation_norm_error,31,0.0,0.0,0.0,pattern,signed_norm_drift,k_stored,12,recent,p50,0,0,12
representation_norm_error,31,0.0,0.0,0.0,pattern,signed_norm_drift,k_stored,12,recent,p90,0,0,12
representation_norm_error,31,0.0,0.0,0.0,pattern,signed_norm_drift,k_stored,12,recent,p95,0,0,12
representation_norm_error,31,0.0,0.0,0.0,pattern,signed_norm_drift,k_stored,12,recent,p99,0,0,12
stored_norm_error,31,-0.44312551617622375,0.2701913043856621,0.7133168205618858,pattern,abs_log_norm_ratio,k_stored,1,packed_history,max,0,1,0
stored_norm_error,31,0.053464091670862336,0.03534877533341034,-0.018115316337451996,pattern,abs_log_norm_ratio,k_stored,1,packed_history,mean,1,0,0
stored_norm_error,31,0.05180070362985134,0.03523902129381895,-0.01656168233603239,pattern,abs_log_norm_ratio,k_stored,1,packed_history,p50,1,0,0
stored_norm_error,31,0.0846577111631632,0.0541482374072075,-0.030509473755955703,pattern,abs_log_norm_ratio,k_stored,1,packed_history,p90,1,0,0
stored_norm_error,31,0.09284433238208291,0.05937539190053939,-0.033468940481543516,pattern,abs_log_norm_ratio,k_stored,1,packed_history,p95,1,0,0
stored_norm_error,31,0.14997520785778762,0.07267661042511453,-0.07729859743267309,pattern,abs_log_norm_ratio,k_stored,1,packed_history,p99,1,0,0
stored_norm_error,31,-0.015020489692687988,0.1575314700603485,0.1725519597530365,pattern,direction_error,k_stored,1,packed_history,max,0,1,0
stored_norm_error,31,0.045584610131299996,0.024142597265381482,-0.021442012865918514,pattern,direction_error,k_stored,1,packed_history,mean,1,0,0
stored_norm_error,31,0.04136848449707031,0.024005770683288574,-0.01736271381378174,pattern,direction_error,k_stored,1,packed_history,p50,1,0,0
stored_norm_error,31,0.0662984848022461,0.029240599274635303,-0.03705788552761079,pattern,direction_error,k_stored,1,packed_history,p90,1,0,0
stored_norm_error,31,0.08204905390739438,0.03269162178039548,-0.0493574321269989,pattern,direction_error,k_stored,1,packed_history,p95,1,0,0
stored_norm_error,31,0.1274435612559318,0.046628064215183326,-0.08081549704074846,pattern,direction_error,k_stored,1,packed_history,p99,1,0,0
stored_norm_error,31,-1.0150153636932373,0.3264380693435669,1.3414534330368042,pattern,norm_ratio,k_stored,1,packed_history,max,0,1,0
stored_norm_error,31,0.057227721823437605,0.03898452226167137,-0.018243199561766232,pattern,norm_ratio,k_stored,1,packed_history,mean,1,0,0
stored_norm_error,31,0.05582788586616516,0.03679239749908447,-0.01903548836708069,pattern,norm_ratio,k_stored,1,packed_history,p50,1,0,0
stored_norm_error,31,0.09152722358703602,0.058220231533051,-0.03330699205398502,pattern,norm_ratio,k_stored,1,packed_history,p90,1,0,0
stored_norm_error,31,0.10135868787765501,0.06445017755031579,-0.03690851032733922,pattern,norm_ratio,k_stored,1,packed_history,p95,1,0,0
stored_norm_error,31,0.1685662174224848,0.08067980527877772,-0.08788641214370707,pattern,norm_ratio,k_stored,1,packed_history,p99,1,0,0
stored_norm_error,31,-0.8163623809814453,0.3802788555622101,1.1966412365436554,pattern,relative_L2,k_stored,1,packed_history,max,0,1,0
stored_norm_error,31,0.17487866114811368,0.09982778015228178,-0.0750508809958319,pattern,relative_L2,k_stored,1,packed_history,mean,1,0,0
stored_norm_error,31,0.1668524444103241,0.10343489050865173,-0.06341755390167236,pattern,relative_L2,k_stored,1,packed_history,p50,1,0,0
stored_norm_error,31,0.22786671519279486,0.10392480045557018,-0.12394191473722468,pattern,relative_L2,k_stored,1,packed_history,p90,1,0,0
stored_norm_error,31,0.2615205563604832,0.1093865200877189,-0.1521340362727643,pattern,relative_L2,k_stored,1,packed_history,p95,1,0,0
stored_norm_error,31,0.39846089377999294,0.13627334579825398,-0.26218754798173893,pattern,relative_L2,k_stored,1,packed_history,p99,1,0,0
stored_norm_error,31,-1.0150147676467896,0.32643797993659973,1.3414527475833893,pattern,relative_norm_error,k_stored,1,packed_history,max,0,1,0
stored_norm_error,31,0.05653680303920865,0.037265239043596805,-0.01927156399561184,pattern,relative_norm_error,k_stored,1,packed_history,mean,1,0,0
stored_norm_error,31,0.054312894120812416,0.03670432325452566,-0.017608570866286755,pattern,relative_norm_error,k_stored,1,packed_history,p50,1,0,0
stored_norm_error,31,0.09173051528632645,0.058253859728574775,-0.03347665555775167,pattern,relative_norm_error,k_stored,1,packed_history,p90,1,0,0
stored_norm_error,31,0.10193358641117796,0.06454695407301181,-0.03738663233816615,pattern,relative_norm_error,k_stored,1,packed_history,p95,1,0,0
stored_norm_error,31,0.16889027845114468,0.080680035278201,-0.08821024317294368,pattern,relative_norm_error,k_stored,1,packed_history,p99,1,0,0
stored_norm_error,31,-1.0150147676467896,0.32643797993659973,1.3414527475833893,pattern,signed_norm_drift,k_stored,1,packed_history,max,0,1,0
stored_norm_error,31,0.05722772411392017,0.038984522859444135,-0.018243201254476038,pattern,signed_norm_drift,k_stored,1,packed_history,mean,1,0,0
stored_norm_error,31,0.055827900767326355,0.03679247573018074,-0.019035425037145615,pattern,signed_norm_drift,k_stored,1,packed_history,p50,1,0,0
stored_norm_error,31,0.09152705743908883,0.058220316842198416,-0.03330674059689041,pattern,signed_norm_drift,k_stored,1,packed_history,p90,1,0,0
stored_norm_error,31,0.10135859325528146,0.06445014271885158,-0.03690845053642988,pattern,signed_norm_drift,k_stored,1,packed_history,p95,1,0,0
stored_norm_error,31,0.1685662992671132,0.080680035278201,-0.0878862639889122,pattern,signed_norm_drift,k_stored,1,packed_history,p99,1,0,0
stored_norm_error,31,0.7158849246043246,0.2124043672956759,-0.4740783260203898,pattern,abs_log_norm_ratio,k_stored,12,pending_history,max,12,0,0
stored_norm_error,31,0.10082929182281376,0.02823119637316781,-0.06950816624969344,pattern,abs_log_norm_ratio,k_stored,12,pending_history,mean,12,0,0
stored_norm_error,31,0.07885116294892214,0.02105286227651959,-0.054073645967946504,pattern,abs_log_norm_ratio,k_stored,12,pending_history,p50,12,0,0
stored_norm_error,31,0.20848679784467097,0.05946067683544244,-0.1502752419357421,pattern,abs_log_norm_ratio,k_stored,12,pending_history,p90,12,0,0
stored_norm_error,31,0.26946131825570774,0.08011277926161708,-0.18723997234446857,pattern,abs_log_norm_ratio,k_stored,12,pending_history,p95,12,0,0
stored_norm_error,31,0.44198219693294966,0.13020237452801686,-0.3044984313767054,pattern,abs_log_norm_ratio,k_stored,12,pending_history,p99,12,0,0
stored_norm_error,31,0.3472384214401245,0.07049660384654999,-0.2582095116376877,pattern,direction_error,k_stored,12,pending_history,max,12,0,0
stored_norm_error,31,0.05211024090988983,0.006086275316633735,-0.04642254791463904,pattern,direction_error,k_stored,12,pending_history,mean,12,0,0
stored_norm_error,31,0.04153743386268616,0.004174388945102692,-0.03791668266057968,pattern,direction_error,k_stored,12,pending_history,p50,12,0,0
stored_norm_error,31,0.09374240040779114,0.010028941929340365,-0.08331410586833954,pattern,direction_error,k_stored,12,pending_history,p90,12,0,0
stored_norm_error,31,0.1231098361313343,0.015805401653051367,-0.10654431879520418,pattern,direction_error,k_stored,12,pending_history,p95,12,0,0
stored_norm_error,31,0.2194081544876096,0.04608948916196809,-0.17111157312989234,pattern,direction_error,k_stored,12,pending_history,p99,12,0,0
stored_norm_error,31,0.7150471210479736,0.21230459213256836,-0.483063280582428,pattern,norm_ratio,k_stored,12,pending_history,max,12,0,0
stored_norm_error,31,0.03289989465092463,0.011294862882912898,-0.018957136144143183,pattern,norm_ratio,k_stored,12,pending_history,mean,9,3,0
stored_norm_error,31,0.039917439222335815,0.010147929191589355,-0.026826635003089905,pattern,norm_ratio,k_stored,12,pending_history,p50,10,2,0
stored_norm_error,31,0.1728083193302154,0.05097745954990379,-0.11372327804565435,pattern,norm_ratio,k_stored,12,pending_history,p90,12,0,0
stored_norm_error,31,0.22502057850360846,0.06700074076652551,-0.15198052078485463,pattern,norm_ratio,k_stored,12,pending_history,p95,12,0,0
stored_norm_error,31,0.38685822546482085,0.118229041993618,-0.2578334167599681,pattern,norm_ratio,k_stored,12,pending_history,p99,12,0,0
stored_norm_error,31,1.8102679403091315,0.7420924982870929,-1.035821039637085,pattern,relative_L2,k_stored,12,pending_history,max,12,0,0
stored_norm_error,31,0.6225941511112736,0.19449059358334572,-0.42227706074119653,pattern,relative_L2,k_stored,12,pending_history,mean,12,0,0
stored_norm_error,31,0.5808518271805951,0.17506248584686546,-0.40073341043898836,pattern,relative_L2,k_stored,12,pending_history,p50,12,0,0
stored_norm_error,31,0.8777393375290559,0.2787205900909612,-0.5803987644612789,pattern,relative_L2,k_stored,12,pending_history,p90,12,0,0
stored_norm_error,31,1.0200605765290673,0.3397749077848856,-0.6505070810191684,pattern,relative_L2,k_stored,12,pending_history,p95,12,0,0
stored_norm_error,31,1.3614172425350985,0.5651114281394987,-0.7324368621502063,pattern,relative_L2,k_stored,12,pending_history,p99,12,0,0
stored_norm_error,31,0.7356972255511209,0.21721850213361904,-0.5057158475683536,pattern,relative_norm_error,k_stored,12,pending_history,max,12,0,0
stored_norm_error,31,0.10207821775223118,0.02835244745470826,-0.06988845693781456,pattern,relative_norm_error,k_stored,12,pending_history,mean,12,0,0
stored_norm_error,31,0.07926210137065937,0.021086702649881772,-0.05445530789438635,pattern,relative_norm_error,k_stored,12,pending_history,p50,12,0,0
stored_norm_error,31,0.20963776393909944,0.059759458720509445,-0.14923814311259775,pattern,relative_norm_error,k_stored,12,pending_history,p90,12,0,0
stored_norm_error,31,0.26863108245124745,0.08104207920659973,-0.18666237456127427,pattern,relative_norm_error,k_stored,12,pending_history,p95,12,0,0
stored_norm_error,31,0.4456840542204733,0.13100651361121002,-0.31172551524396097,pattern,relative_norm_error,k_stored,12,pending_history,p99,12,0,0
stored_norm_error,31,0.7150471744680544,0.21230458383797668,-0.48306323267752305,pattern,signed_norm_drift,k_stored,12,pending_history,max,12,0,0
stored_norm_error,31,0.032899893928883615,0.01129486307856076,-0.01895713728779362,pattern,signed_norm_drift,k_stored,12,pending_history,mean,9,3,0
stored_norm_error,31,0.039917439761836704,0.01014800037303587,-0.02682649603406162,pattern,signed_norm_drift,k_stored,12,pending_history,p50,10,2,0
stored_norm_error,31,0.17280841538813552,0.05097743209153124,-0.11372332668288436,pattern,signed_norm_drift,k_stored,12,pending_history,p90,12,0,0
stored_norm_error,31,0.2250205577332961,0.06700070863626023,-0.151980378119333,pattern,signed_norm_drift,k_stored,12,pending_history,p95,12,0,0
stored_norm_error,31,0.38685823285217347,0.11822912633040693,-0.2578334119324427,pattern,signed_norm_drift,k_stored,12,pending_history,p99,12,0,0
stored_norm_error,31,0.7424257945385762,0.34900701606238727,-0.37747793426387943,pattern,abs_log_norm_ratio,k_stored,12,recent,max,12,0,0
stored_norm_error,31,0.09889460965064653,0.0307707196227526,-0.06848268716107646,pattern,abs_log_norm_ratio,k_stored,12,recent,mean,12,0,0
stored_norm_error,31,0.07725726762964769,0.022621758641435008,-0.05534085060389771,pattern,abs_log_norm_ratio,k_stored,12,recent,p50,12,0,0
stored_norm_error,31,0.20305990799679424,0.06383626717288282,-0.1452240052094567,pattern,abs_log_norm_ratio,k_stored,12,recent,p90,12,0,0
stored_norm_error,31,0.2621366841271082,0.08638443155832644,-0.18109172430777098,pattern,abs_log_norm_ratio,k_stored,12,recent,p95,12,0,0
stored_norm_error,31,0.42488203236425737,0.15405938440089806,-0.27728355107567026,pattern,abs_log_norm_ratio,k_stored,12,recent,p99,12,0,0
stored_norm_error,31,0.5210526883602142,0.1890725940465927,-0.2867693305015564,pattern,direction_error,k_stored,12,recent,max,12,0,0
stored_norm_error,31,0.05214683976373635,0.007166583702201024,-0.04525023115274962,pattern,direction_error,k_stored,12,recent,mean,12,0,0
stored_norm_error,31,0.03906752169132233,0.004155546426773071,-0.03461732715368271,pattern,direction_error,k_stored,12,recent,p50,12,0,0
stored_norm_error,31,0.09346662610769274,0.012198001146316535,-0.08087886273860934,pattern,direction_error,k_stored,12,recent,p90,12,0,0
stored_norm_error,31,0.13345640450716006,0.02109504863619803,-0.11191918253898614,pattern,direction_error,k_stored,12,recent,p95,12,0,0
stored_norm_error,31,0.2460631005465983,0.07611384332180018,-0.1860801589488983,pattern,direction_error,k_stored,12,recent,p99,12,0,0
stored_norm_error,31,0.7866716682910919,0.3140220046043396,-0.39463943243026733,pattern,norm_ratio,k_stored,12,recent,max,12,0,0
stored_norm_error,31,0.028902300720801577,0.012093329409253784,-0.01895119006803725,pattern,norm_ratio,k_stored,12,recent,mean,11,1,0
stored_norm_error,31,0.03258192539215088,0.010938763618469238,-0.024684317409992218,pattern,norm_ratio,k_stored,12,recent,p50,11,1,0
stored_norm_error,31,0.1722007751464843,0.05332675278186777,-0.11263021826744074,pattern,norm_ratio,k_stored,12,recent,p90,12,0,0
stored_norm_error,31,0.2321302488446233,0.07327272742986679,-0.15059440881013897,pattern,norm_ratio,k_stored,12,recent,p95,12,0,0
stored_norm_error,31,0.39307924538850747,0.14131373137235614,-0.2386180117726322,pattern,norm_ratio,k_stored,12,recent,p99,12,0,0
stored_norm_error,31,2.1710554146557115,1.2053358974226285,-0.9433098889421672,pattern,relative_L2,k_stored,12,recent,max,12,0,0
stored_norm_error,31,0.6067611232604904,0.2017686851495739,-0.4113976048980703,pattern,relative_L2,k_stored,12,recent,mean,12,0,0
stored_norm_error,31,0.5640551174728898,0.17901018038537586,-0.3902084180008387,pattern,relative_L2,k_stored,12,recent,p50,12,0,0
stored_norm_error,31,0.8738891250366579,0.3115003674902255,-0.5513305376458447,pattern,relative_L2,k_stored,12,recent,p90,12,0,0
stored_norm_error,31,1.0398113645875124,0.41200644515338314,-0.6146951980015727,pattern,relative_L2,k_stored,12,recent,p95,12,0,0
stored_norm_error,31,1.4604611582955107,0.7351686075981705,-0.7176563436904688,pattern,relative_L2,k_stored,12,recent,p99,12,0,0
stored_norm_error,31,0.8003266448940849,0.3523562931804918,-0.37680497820838355,pattern,relative_norm_error,k_stored,12,recent,max,12,0,0
stored_norm_error,31,0.10006479183248176,0.030863311741152085,-0.06882064304570809,pattern,relative_norm_error,k_stored,12,recent,mean,12,0,0
stored_norm_error,31,0.07762090061987692,0.022622854878136422,-0.05552011930194567,pattern,relative_norm_error,k_stored,12,recent,p50,12,0,0
stored_norm_error,31,0.20407047640401293,0.06401952653832269,-0.14639713402575583,pattern,relative_norm_error,k_stored,12,recent,p90,12,0,0
stored_norm_error,31,0.26472510531457355,0.0870222053057659,-0.18455740092904296,pattern,relative_norm_error,k_stored,12,recent,p95,12,0,0
stored_norm_error,31,0.4274400263187997,0.1565926281217252,-0.27456672439060625,pattern,relative_norm_error,k_stored,12,recent,p99,12,0,0
stored_norm_error,31,0.7866717087017605,0.3140219083725242,-0.3946393722144421,pattern,signed_norm_drift,k_stored,12,recent,max,12,0,0
stored_norm_error,31,0.02890230272906779,0.012093329345770381,-0.018951188392396505,pattern,signed_norm_drift,k_stored,12,recent,mean,11,1,0
stored_norm_error,31,0.0325819891025958,0.010938763964887244,-0.024684301325862634,pattern,signed_norm_drift,k_stored,12,recent,p50,11,1,0
stored_norm_error,31,0.17220073854696244,0.05332677039041302,-0.11263020959595452,pattern,signed_norm_drift,k_stored,12,recent,p90,12,0,0
stored_norm_error,31,0.23213015782166607,0.07327286089202964,-0.15059439387914605,pattern,signed_norm_drift,k_stored,12,recent,p95,12,0,0
stored_norm_error,31,0.3930791444506757,0.14131366634021092,-0.23861803083069372,pattern,signed_norm_drift,k_stored,12,recent,p99,12,0,0
source_state_norm_drift,31,0.8994985692843329,0.5153489370131865,-0.36243253032444045,pattern,abs_log_norm_ratio,q_source,12,all_tokens,max,12,0,0
source_state_norm_drift,31,0.06854965702060017,0.018882107656179217,-0.048406851184234254,pattern,abs_log_norm_ratio,q_source,12,all_tokens,mean,12,0,0
source_state_norm_drift,31,0.05070958707074169,0.011765981376811396,-0.037962600736136665,pattern,abs_log_norm_ratio,q_source,12,all_tokens,p50,12,0,0
source_state_norm_drift,31,0.1574196204186592,0.04496386606988381,-0.1114758670140873,pattern,abs_log_norm_ratio,q_source,12,all_tokens,p90,12,0,0
source_state_norm_drift,31,0.19654436517666907,0.05884875010160612,-0.13079041584132936,pattern,abs_log_norm_ratio,q_source,12,all_tokens,p95,12,0,0
source_state_norm_drift,31,0.27848181393230304,0.10574073586394653,-0.17462203183415106,pattern,abs_log_norm_ratio,q_source,12,all_tokens,p99,12,0,0
source_state_norm_drift,31,0.6858445852994919,0.3156653195619583,-0.2898573726415634,pattern,direction_error,q_source,12,all_tokens,max,12,0,0
source_state_norm_drift,31,0.028192858237744253,0.0038011841050725054,-0.02460022114221569,pattern,direction_error,q_source,12,all_tokens,mean,12,0,0
source_state_norm_drift,31,0.02206079661846161,0.0019420906901359558,-0.02002844214439392,pattern,direction_error,q_source,12,all_tokens,p50,12,0,0
source_state_norm_drift,31,0.05868948847055436,0.00845097452402115,-0.05064116269350052,pattern,direction_error,q_source,12,all_tokens,p90,12,0,0
source_state_norm_drift,31,0.0782362163066864,0.012985844910144807,-0.06620143651962279,pattern,direction_error,q_source,12,all_tokens,p95,12,0,0
source_state_norm_drift,31,0.15471217513084412,0.0339380505681038,-0.11976748093962664,pattern,direction_error,q_source,12,all_tokens,p99,12,0,0
source_state_norm_drift,31,0.7829552292823792,0.4518059194087982,-0.33524608612060547,pattern,norm_ratio,q_source,12,all_tokens,max,12,0,0
source_state_norm_drift,31,0.05243576690673743,0.01277274547087856,-0.039190033725624296,pattern,norm_ratio,q_source,12,all_tokens,mean,12,0,0
source_state_norm_drift,31,0.034767016768455505,0.008717894554138184,-0.028289243578910828,pattern,norm_ratio,q_source,12,all_tokens,p50,12,0,0
source_state_norm_drift,31,0.15347652733325956,0.04221977591514586,-0.10986725687980647,pattern,norm_ratio,q_source,12,all_tokens,p90,12,0,0
source_state_norm_drift,31,0.18703679442405707,0.055430899560451774,-0.131470116972923,pattern,norm_ratio,q_source,12,all_tokens,p95,12,0,0
source_state_norm_drift,31,0.2674133422970769,0.09155655205249763,-0.1684450891613961,pattern,norm_ratio,q_source,12,all_tokens,p99,12,0,0
source_state_norm_drift,31,2.3160868630511686,1.5646056948462501,-0.7819068811368197,pattern,relative_L2,q_source,12,all_tokens,max,12,0,0
source_state_norm_drift,31,0.39620448236433903,0.1272482573253414,-0.2735119081107008,pattern,relative_L2,q_source,12,all_tokens,mean,12,0,0
source_state_norm_drift,31,0.43080627520248527,0.11872203926031943,-0.3133083341526799,pattern,relative_L2,q_source,12,all_tokens,p50,12,0,0
source_state_norm_drift,31,0.694421510992106,0.25736025726364464,-0.4477947372244671,pattern,relative_L2,q_source,12,all_tokens,p90,12,0,0
source_state_norm_drift,31,0.8152806854079244,0.3162159467872697,-0.4962354858434992,pattern,relative_L2,q_source,12,all_tokens,p95,12,0,0
source_state_norm_drift,31,1.1207945694934458,0.5132218376337545,-0.598615402984433,pattern,relative_L2,q_source,12,all_tokens,p99,12,0,0
source_state_norm_drift,31,0.8481922794890124,0.5060896041395608,-0.3039759882376529,pattern,relative_norm_error,q_source,12,all_tokens,max,12,0,0
source_state_norm_drift,31,0.06930823081900635,0.018955362093566477,-0.04901876191051065,pattern,relative_norm_error,q_source,12,all_tokens,mean,12,0,0
source_state_norm_drift,31,0.050936389592607156,0.011784367704422039,-0.03817192671886005,pattern,relative_norm_error,q_source,12,all_tokens,p50,12,0,0
source_state_norm_drift,31,0.16007159748551203,0.04519553666323191,-0.1139313776191557,pattern,relative_norm_error,q_source,12,all_tokens,p90,12,0,0
source_state_norm_drift,31,0.20073989969750983,0.05923712912153858,-0.1341814773128135,pattern,relative_norm_error,q_source,12,all_tokens,p95,12,0,0
source_state_norm_drift,31,0.28513887907654856,0.10661324757820678,-0.17986114486440785,pattern,relative_norm_error,q_source,12,all_tokens,p99,12,0,0
source_state_norm_drift,31,0.782955177302938,0.4518059623078443,-0.3352461466565728,pattern,signed_norm_drift,q_source,12,all_tokens,max,12,0,0
source_state_norm_drift,31,0.05243576677511022,0.012772745403827043,-0.03919003356963606,pattern,signed_norm_drift,q_source,12,all_tokens,mean,12,0,0
source_state_norm_drift,31,0.03476700458530502,0.008717937212836091,-0.02828923602055511,pattern,signed_norm_drift,q_source,12,all_tokens,p50,12,0,0
source_state_norm_drift,31,0.1534765757405694,0.042219735083199345,-0.10986721123190366,pattern,signed_norm_drift,q_source,12,all_tokens,p90,12,0,0
source_state_norm_drift,31,0.1870369320786266,0.055430842285568355,-0.1314700426555646,pattern,signed_norm_drift,q_source,12,all_tokens,p95,12,0,0
source_state_norm_drift,31,0.26741339852240326,0.09155664809593873,-0.16844502533669595,pattern,signed_norm_drift,q_source,12,all_tokens,p99,12,0,0
source_state_norm_drift,31,1.6706593012204394,0.7974179874872789,-0.8247120156884193,pattern,abs_log_norm_ratio,v_source,12,all_tokens,max,12,0,0
source_state_norm_drift,31,0.11410718086088983,0.03591259689653163,-0.08017031697589849,pattern,abs_log_norm_ratio,v_source,12,all_tokens,mean,12,0,0
source_state_norm_drift,31,0.06945209379045991,0.018246224497488583,-0.05314974340581102,pattern,abs_log_norm_ratio,v_source,12,all_tokens,p50,12,0,0
source_state_norm_drift,31,0.28475454920335325,0.09121519238251495,-0.19918266277527436,pattern,abs_log_norm_ratio,v_source,12,all_tokens,p90,12,0,0
source_state_norm_drift,31,0.37072298208950083,0.12636503052344777,-0.2555696607654681,pattern,abs_log_norm_ratio,v_source,12,all_tokens,p95,12,0,0
source_state_norm_drift,31,0.599124378495471,0.23282055789080908,-0.36397694929881186,pattern,abs_log_norm_ratio,v_source,12,all_tokens,p99,12,0,0
source_state_norm_drift,31,3.0164093524217606,1.824383094906807,-1.2415682077407837,pattern,direction_error,v_source,12,all_tokens,max,12,0,0
source_state_norm_drift,31,0.19524509163541892,0.03079488015075706,-0.1663822956434109,pattern,direction_error,v_source,12,all_tokens,mean,12,0,0
source_state_norm_drift,31,0.1451539322733879,0.013616159558296204,-0.13096258789300919,pattern,direction_error,v_source,12,all_tokens,p50,12,0,0
source_state_norm_drift,31,0.41521640717983255,0.06555154472589494,-0.35184179246425634,pattern,direction_error,v_source,12,all_tokens,p90,12,0,0
source_state_norm_drift,31,0.5549412332475183,0.09517100825905796,-0.4593809761106965,pattern,direction_error,v_source,12,all_tokens,p95,12,0,0
source_state_norm_drift,31,1.2152576617896536,0.313783795386554,-0.8500394393503652,pattern,direction_error,v_source,12,all_tokens,p99,12,0,0
source_state_norm_drift,31,1.8503119349479675,0.8249145448207855,-1.053577035665512,pattern,norm_ratio,v_source,12,all_tokens,max,11,1,0
source_state_norm_drift,31,0.031578458293064327,0.003443043252462419,-0.028130162792600666,pattern,norm_ratio,v_source,12,all_tokens,mean,10,2,0
source_state_norm_drift,31,0.0032340511679649353,0.0003259629011154175,-0.002905823290348053,pattern,norm_ratio,v_source,12,all_tokens,p50,9,3,0
source_state_norm_drift,31,0.24445979297161108,0.06309956014156354,-0.17456835210323363,pattern,norm_ratio,v_source,12,all_tokens,p90,12,0,0
source_state_norm_drift,31,0.3407268032431601,0.09496852308511711,-0.23162312507629385,pattern,norm_ratio,v_source,12,all_tokens,p95,12,0,0
source_state_norm_drift,31,0.5800641083717348,0.18887876808643306,-0.3765772497653954,pattern,norm_ratio,v_source,12,all_tokens,p99,12,0,0
source_state_norm_drift,31,5.202319195959717,3.520909389248118,-1.6741723637096584,pattern,relative_L2,v_source,12,all_tokens,max,12,0,0
source_state_norm_drift,31,1.0179125507226776,0.3455692901905108,-0.6903239324405823,pattern,relative_L2,v_source,12,all_tokens,mean,12,0,0
source_state_norm_drift,31,1.0648643762397114,0.3080102559761144,-0.7795702046714723,pattern,relative_L2,v_source,12,all_tokens,p50,12,0,0
source_state_norm_drift,31,1.8324557112646291,0.7054411432589405,-1.1566759481444024,pattern,relative_L2,v_source,12,all_tokens,p90,12,0,0
source_state_norm_drift,31,2.158427369664423,0.8515592572686728,-1.2985646497516428,pattern,relative_L2,v_source,12,all_tokens,p95,12,0,0
source_state_norm_drift,31,3.153027059675658,1.539738518063679,-1.5531649037310797,pattern,relative_L2,v_source,12,all_tokens,p99,12,0,0
source_state_norm_drift,31,1.8540676624397747,0.8447076550510246,-0.996475147549063,pattern,relative_norm_error,v_source,12,all_tokens,max,11,1,0
source_state_norm_drift,31,0.11537995306559054,0.03598328638928372,-0.08168128906158222,pattern,relative_norm_error,v_source,12,all_tokens,mean,12,0,0
source_state_norm_drift,31,0.0696296139540209,0.01824878629122395,-0.053315586992539465,pattern,relative_norm_error,v_source,12,all_tokens,p50,12,0,0
source_state_norm_drift,31,0.28780960494550534,0.09140273996090403,-0.20256897795188716,pattern,relative_norm_error,v_source,12,all_tokens,p90,12,0,0
source_state_norm_drift,31,0.3775638478960899,0.12649747485120316,-0.26289608653169116,pattern,relative_norm_error,v_source,12,all_tokens,p95,12,0,0
source_state_norm_drift,31,0.6159882012462181,0.23385147403270834,-0.3771148046766757,pattern,relative_norm_error,v_source,12,all_tokens,p99,12,0,0
source_state_norm_drift,31,1.8503120364039205,0.8249146571324673,-1.0535771385766566,pattern,signed_norm_drift,v_source,12,all_tokens,max,11,1,0
source_state_norm_drift,31,0.03157845757304274,0.003443044519619318,-0.028130164341039467,pattern,signed_norm_drift,v_source,12,all_tokens,mean,10,2,0
source_state_norm_drift,31,0.003234086541766601,0.00032595068563168184,-0.0029058222513071996,pattern,signed_norm_drift,v_source,12,all_tokens,p50,9,3,0
source_state_norm_drift,31,0.24445971853419918,0.0630995149294904,-0.17456836353812843,pattern,signed_norm_drift,v_source,12,all_tokens,p90,12,0,0
source_state_norm_drift,31,0.3407268735827527,0.09496860590879802,-0.23162308042155924,pattern,signed_norm_drift,v_source,12,all_tokens,p95,12,0,0
source_state_norm_drift,31,0.5800641862335034,0.18887878548674025,-0.3765771272723207,pattern,signed_norm_drift,v_source,12,all_tokens,p99,12,0,0
representation_norm_error,31,0.001375824213027954,-0.22766444087028503,-0.229040265083313,pattern,abs_log_norm_ratio,v_stored,1,packed_history,max,1,0,0
representation_norm_error,31,0.0501940735727992,0.056356962324119124,0.006162888751319921,pattern,abs_log_norm_ratio,v_stored,1,packed_history,mean,0,1,0
representation_norm_error,31,0.06692680530250072,0.07333352975547314,0.006406724452972412,pattern,abs_log_norm_ratio,v_stored,1,packed_history,p50,0,1,0
representation_norm_error,31,0.0365337707102298,0.04563769921660421,0.009103928506374412,pattern,abs_log_norm_ratio,v_stored,1,packed_history,p90,0,1,0
representation_norm_error,31,0.017106319963932012,0.02910433933138855,0.011998019367456536,pattern,abs_log_norm_ratio,v_stored,1,packed_history,p95,0,1,0
representation_norm_error,31,-0.023014296665787887,-0.023896606266498907,-0.0008823096007110204,pattern,abs_log_norm_ratio,v_stored,1,packed_history,p99,1,0,0
representation_norm_error,31,0.0008575320243835449,-0.13470637798309326,-0.1355639100074768,pattern,direction_error,v_stored,1,packed_history,max,1,0,0
representation_norm_error,31,0.03227831036383577,0.03724158214026829,0.004963271776432521,pattern,direction_error,v_stored,1,packed_history,mean,0,1,0
representation_norm_error,31,0.04121200740337372,0.047601521015167236,0.006389513611793518,pattern,direction_error,v_stored,1,packed_history,p50,0,1,0
representation_norm_error,31,0.007240670919418324,0.009188896417617817,0.0019482254981994934,pattern,direction_error,v_stored,1,packed_history,p90,0,1,0
representation_norm_error,31,-0.004362973570823589,-0.0009489163756371197,0.0034140571951864693,pattern,direction_error,v_stored,1,packed_history,p95,0,1,0
representation_norm_error,31,-0.022313934862613682,-0.024486341774463502,-0.0021724069118498196,pattern,direction_error,v_stored,1,packed_history,p99,1,0,0
representation_norm_error,31,0.002980947494506836,-0.2981565594673157,-0.3011375069618225,pattern,norm_ratio,v_stored,1,packed_history,max,1,0,0
representation_norm_error,31,0.054672246978043404,0.06154157055334508,0.006869323575301678,pattern,norm_ratio,v_stored,1,packed_history,mean,0,1,0
representation_norm_error,31,0.07252517342567444,0.07947060465812683,0.006945431232452393,pattern,norm_ratio,v_stored,1,packed_history,p50,0,1,0
representation_norm_error,31,0.04190653562545743,0.052337318658828735,0.010430783033371305,pattern,norm_ratio,v_stored,1,packed_history,p90,0,1,0
representation_norm_error,31,0.019975018501281472,0.033990100026130454,0.014015081524848982,pattern,norm_ratio,v_stored,1,packed_history,p95,0,1,0
representation_norm_error,31,-0.02821288287639656,-0.028645166754722506,-0.0004322838783259453,pattern,norm_ratio,v_stored,1,packed_history,p99,1,0,0
representation_norm_error,31,0.003711700439453125,-0.31653332710266113,-0.32024502754211426,pattern,relative_L2,v_stored,1,packed_history,max,1,0,0
representation_norm_error,31,0.1092813107601387,0.1288541855266203,0.01957287476648162,pattern,relative_L2,v_stored,1,packed_history,mean,0,1,0
representation_norm_error,31,0.14505700767040253,0.16359464079141617,0.01853763312101364,pattern,relative_L2,v_stored,1,packed_history,p50,0,1,0
representation_norm_error,31,0.017427931725978618,0.02559944093227401,0.008171509206295391,pattern,relative_L2,v_stored,1,packed_history,p90,0,1,0
representation_norm_error,31,-0.012979412078857389,0.0015883132815360246,0.014567725360393413,pattern,relative_L2,v_stored,1,packed_history,p95,0,1,0
representation_norm_error,31,-0.07098626375198408,-0.10577848047018085,-0.03479221671819677,pattern,relative_L2,v_stored,1,packed_history,p99,1,0,0
representation_norm_error,31,0.002981126308441162,-0.29815657436847687,-0.30113770067691803,pattern,relative_norm_error,v_stored,1,packed_history,max,1,0,0
representation_norm_error,31,0.05428113323945942,0.061055125924000614,0.006773992684541194,pattern,relative_norm_error,v_stored,1,packed_history,mean,0,1,0
representation_norm_error,31,0.0725251603871584,0.07947062142193317,0.00694546103477478,pattern,relative_norm_error,v_stored,1,packed_history,p50,0,1,0
representation_norm_error,31,0.041906560212373684,0.05233735367655748,0.010430793464183796,pattern,relative_norm_error,v_stored,1,packed_history,p90,0,1,0
representation_norm_error,31,0.019974983111023956,0.03399020917713652,0.014015226066112565,pattern,relative_norm_error,v_stored,1,packed_history,p95,0,1,0
representation_norm_error,31,-0.028212876766920317,-0.02864509418606799,-0.00043221741914767353,pattern,relative_norm_error,v_stored,1,packed_history,p99,1,0,0
representation_norm_error,31,0.002981126308441162,-0.29815657436847687,-0.30113770067691803,pattern,signed_norm_drift,v_stored,1,packed_history,max,1,0,0
representation_norm_error,31,0.054672243763488323,0.06154156801806268,0.006869324254574358,pattern,signed_norm_drift,v_stored,1,packed_history,mean,0,1,0
representation_norm_error,31,0.0725251603871584,0.07947062142193317,0.00694546103477478,pattern,signed_norm_drift,v_stored,1,packed_history,p50,0,1,0
representation_norm_error,31,0.041906560212373684,0.05233735367655748,0.010430793464183796,pattern,signed_norm_drift,v_stored,1,packed_history,p90,0,1,0
representation_norm_error,31,0.019974983111023956,0.03399020917713652,0.014015226066112565,pattern,signed_norm_drift,v_stored,1,packed_history,p95,0,1,0
representation_norm_error,31,-0.028212876766920317,-0.02864509418606799,-0.00043221741914767353,pattern,signed_norm_drift,v_stored,1,packed_history,p99,1,0,0
representation_norm_error,31,0.0,0.0,0.0,pattern,abs_log_norm_ratio,v_stored,12,pending_history,max,0,0,12
representation_norm_error,31,0.0,0.0,0.0,pattern,abs_log_norm_ratio,v_stored,12,pending_history,mean,0,0,12
representation_norm_error,31,0.0,0.0,0.0,pattern,abs_log_norm_ratio,v_stored,12,pending_history,p50,0,0,12
representation_norm_error,31,0.0,0.0,0.0,pattern,abs_log_norm_ratio,v_stored,12,pending_history,p90,0,0,12
representation_norm_error,31,0.0,0.0,0.0,pattern,abs_log_norm_ratio,v_stored,12,pending_history,p95,0,0,12
representation_norm_error,31,0.0,0.0,0.0,pattern,abs_log_norm_ratio,v_stored,12,pending_history,p99,0,0,12
representation_norm_error,31,7.450580596923828e-08,-4.470348358154297e-08,-4.470348358154297e-08,pattern,direction_error,v_stored,12,pending_history,max,8,3,1
representation_norm_error,31,-3.9852845172087336e-10,-1.5785128383313178e-09,8.499169430271406e-10,pattern,direction_error,v_stored,12,pending_history,mean,3,9,0
representation_norm_error,31,0.0,0.0,0.0,pattern,direction_error,v_stored,12,pending_history,p50,0,0,12
representation_norm_error,31,0.0,0.0,0.0,pattern,direction_error,v_stored,12,pending_history,p90,4,2,6
representation_norm_error,31,0.0,0.0,0.0,pattern,direction_error,v_stored,12,pending_history,p95,0,0,12
representation_norm_error,31,0.0,-3.874301910400255e-09,-3.874301910400255e-09,pattern,direction_error,v_stored,12,pending_history,p99,6,3,3
representation_norm_error,31,0.0,0.0,0.0,pattern,norm_ratio,v_stored,12,pending_history,max,0,0,12
representation_norm_error,31,0.0,0.0,0.0,pattern,norm_ratio,v_stored,12,pending_history,mean,0,0,12
representation_norm_error,31,0.0,0.0,0.0,pattern,norm_ratio,v_stored,12,pending_history,p50,0,0,12
representation_norm_error,31,0.0,0.0,0.0,pattern,norm_ratio,v_stored,12,pending_history,p90,0,0,12
representation_norm_error,31,0.0,0.0,0.0,pattern,norm_ratio,v_stored,12,pending_history,p95,0,0,12
representation_norm_error,31,0.0,0.0,0.0,pattern,norm_ratio,v_stored,12,pending_history,p99,0,0,12
representation_norm_error,31,0.0,0.0,0.0,pattern,relative_L2,v_stored,12,pending_history,max,0,0,12
representation_norm_error,31,0.0,0.0,0.0,pattern,relative_L2,v_stored,12,pending_history,mean,0,0,12
representation_norm_error,31,0.0,0.0,0.0,pattern,relative_L2,v_stored,12,pending_history,p50,0,0,12
representation_norm_error,31,0.0,0.0,0.0,pattern,relative_L2,v_stored,12,pending_history,p90,0,0,12
representation_norm_error,31,0.0,0.0,0.0,pattern,relative_L2,v_stored,12,pending_history,p95,0,0,12
representation_norm_error,31,0.0,0.0,0.0,pattern,relative_L2,v_stored,12,pending_history,p99,0,0,12
representation_norm_error,31,0.0,0.0,0.0,pattern,relative_norm_error,v_stored,12,pending_history,max,0,0,12
representation_norm_error,31,0.0,0.0,0.0,pattern,relative_norm_error,v_stored,12,pending_history,mean,0,0,12
representation_norm_error,31,0.0,0.0,0.0,pattern,relative_norm_error,v_stored,12,pending_history,p50,0,0,12
representation_norm_error,31,0.0,0.0,0.0,pattern,relative_norm_error,v_stored,12,pending_history,p90,0,0,12
representation_norm_error,31,0.0,0.0,0.0,pattern,relative_norm_error,v_stored,12,pending_history,p95,0,0,12
representation_norm_error,31,0.0,0.0,0.0,pattern,relative_norm_error,v_stored,12,pending_history,p99,0,0,12
representation_norm_error,31,0.0,0.0,0.0,pattern,signed_norm_drift,v_stored,12,pending_history,max,0,0,12
representation_norm_error,31,0.0,0.0,0.0,pattern,signed_norm_drift,v_stored,12,pending_history,mean,0,0,12
representation_norm_error,31,0.0,0.0,0.0,pattern,signed_norm_drift,v_stored,12,pending_history,p50,0,0,12
representation_norm_error,31,0.0,0.0,0.0,pattern,signed_norm_drift,v_stored,12,pending_history,p90,0,0,12
representation_norm_error,31,0.0,0.0,0.0,pattern,signed_norm_drift,v_stored,12,pending_history,p95,0,0,12
representation_norm_error,31,0.0,0.0,0.0,pattern,signed_norm_drift,v_stored,12,pending_history,p99,0,0,12
representation_norm_error,31,0.0,0.0,0.0,pattern,abs_log_norm_ratio,v_stored,12,recent,max,0,0,12
representation_norm_error,31,0.0,0.0,0.0,pattern,abs_log_norm_ratio,v_stored,12,recent,mean,0,0,12
representation_norm_error,31,0.0,0.0,0.0,pattern,abs_log_norm_ratio,v_stored,12,recent,p50,0,0,12
representation_norm_error,31,0.0,0.0,0.0,pattern,abs_log_norm_ratio,v_stored,12,recent,p90,0,0,12
representation_norm_error,31,0.0,0.0,0.0,pattern,abs_log_norm_ratio,v_stored,12,recent,p95,0,0,12
representation_norm_error,31,0.0,0.0,0.0,pattern,abs_log_norm_ratio,v_stored,12,recent,p99,0,0,12
representation_norm_error,31,5.960464477539063e-08,1.4901161193847656e-08,-1.4901161193847656e-08,pattern,direction_error,v_stored,12,recent,max,6,5,1
representation_norm_error,31,8.294591680169106e-10,3.92901711165905e-10,-9.313225746154785e-10,pattern,direction_error,v_stored,12,recent,mean,6,6,0
representation_norm_error,31,0.0,0.0,0.0,pattern,direction_error,v_stored,12,recent,p50,0,0,12
representation_norm_error,31,0.0,0.0,0.0,pattern,direction_error,v_stored,12,recent,p90,0,0,12
representation_norm_error,31,0.0,0.0,0.0,pattern,direction_error,v_stored,12,recent,p95,0,0,12
representation_norm_error,31,0.0,0.0,-6.854534149170464e-09,pattern,direction_error,v_stored,12,recent,p99,6,3,3
representation_norm_error,31,0.0,0.0,0.0,pattern,norm_ratio,v_stored,12,recent,max,0,0,12
representation_norm_error,31,0.0,0.0,0.0,pattern,norm_ratio,v_stored,12,recent,mean,0,0,12
representation_norm_error,31,0.0,0.0,0.0,pattern,norm_ratio,v_stored,12,recent,p50,0,0,12
representation_norm_error,31,0.0,0.0,0.0,pattern,norm_ratio,v_stored,12,recent,p90,0,0,12
representation_norm_error,31,0.0,0.0,0.0,pattern,norm_ratio,v_stored,12,recent,p95,0,0,12
representation_norm_error,31,0.0,0.0,0.0,pattern,norm_ratio,v_stored,12,recent,p99,0,0,12
representation_norm_error,31,0.0,0.0,0.0,pattern,relative_L2,v_stored,12,recent,max,0,0,12
representation_norm_error,31,0.0,0.0,0.0,pattern,relative_L2,v_stored,12,recent,mean,0,0,12
representation_norm_error,31,0.0,0.0,0.0,pattern,relative_L2,v_stored,12,recent,p50,0,0,12
representation_norm_error,31,0.0,0.0,0.0,pattern,relative_L2,v_stored,12,recent,p90,0,0,12
representation_norm_error,31,0.0,0.0,0.0,pattern,relative_L2,v_stored,12,recent,p95,0,0,12
representation_norm_error,31,0.0,0.0,0.0,pattern,relative_L2,v_stored,12,recent,p99,0,0,12
representation_norm_error,31,0.0,0.0,0.0,pattern,relative_norm_error,v_stored,12,recent,max,0,0,12
representation_norm_error,31,0.0,0.0,0.0,pattern,relative_norm_error,v_stored,12,recent,mean,0,0,12
representation_norm_error,31,0.0,0.0,0.0,pattern,relative_norm_error,v_stored,12,recent,p50,0,0,12
representation_norm_error,31,0.0,0.0,0.0,pattern,relative_norm_error,v_stored,12,recent,p90,0,0,12
representation_norm_error,31,0.0,0.0,0.0,pattern,relative_norm_error,v_stored,12,recent,p95,0,0,12
representation_norm_error,31,0.0,0.0,0.0,pattern,relative_norm_error,v_stored,12,recent,p99,0,0,12
representation_norm_error,31,0.0,0.0,0.0,pattern,signed_norm_drift,v_stored,12,recent,max,0,0,12
representation_norm_error,31,0.0,0.0,0.0,pattern,signed_norm_drift,v_stored,12,recent,mean,0,0,12
representation_norm_error,31,0.0,0.0,0.0,pattern,signed_norm_drift,v_stored,12,recent,p50,0,0,12
representation_norm_error,31,0.0,0.0,0.0,pattern,signed_norm_drift,v_stored,12,recent,p90,0,0,12
representation_norm_error,31,0.0,0.0,0.0,pattern,signed_norm_drift,v_stored,12,recent,p95,0,0,12
representation_norm_error,31,0.0,0.0,0.0,pattern,signed_norm_drift,v_stored,12,recent,p99,0,0,12
stored_norm_error,31,0.001375824213027954,0.5128461718559265,0.5114703476428986,pattern,abs_log_norm_ratio,v_stored,1,packed_history,max,0,1,0
stored_norm_error,31,0.08681447549795976,0.05888688278700832,-0.027927592710951438,pattern,abs_log_norm_ratio,v_stored,1,packed_history,mean,1,0,0
stored_norm_error,31,0.09058074280619621,0.07444572821259499,-0.016135014593601227,pattern,abs_log_norm_ratio,v_stored,1,packed_history,p50,1,0,0
stored_norm_error,31,0.13943901956081395,0.06116219013929364,-0.07827682942152031,pattern,abs_log_norm_ratio,v_stored,1,packed_history,p90,1,0,0
stored_norm_error,31,0.15927270501852045,0.051423007622361266,-0.10784969739615918,pattern,abs_log_norm_ratio,v_stored,1,packed_history,p95,1,0,0
stored_norm_error,31,0.22600533574819556,0.007228737398982041,-0.21877659834921354,pattern,abs_log_norm_ratio,v_stored,1,packed_history,p99,1,0,0
stored_norm_error,31,1.4010310173034668,1.5905876457691193,0.18955662846565247,pattern,direction_error,v_stored,1,packed_history,max,0,1,0
stored_norm_error,31,0.17609540049397765,0.06531086773247807,-0.11078453276149958,pattern,direction_error,v_stored,1,packed_history,mean,1,0,0
stored_norm_error,31,0.15384317934513092,0.06898827850818634,-0.08485490083694458,pattern,direction_error,v_stored,1,packed_history,p50,1,0,0
stored_norm_error,31,0.2630266845226288,0.05238499641418455,-0.21064168810844425,pattern,direction_error,v_stored,1,packed_history,p90,1,0,0
stored_norm_error,31,0.33160007148981097,0.051244463026523704,-0.2803556084632873,pattern,direction_error,v_stored,1,packed_history,p95,1,0,0
stored_norm_error,31,0.8948431119322776,0.13182202994823494,-0.7630210819840426,pattern,direction_error,v_stored,1,packed_history,p99,1,0,0
stored_norm_error,31,0.002980947494506836,0.8203586339950562,0.8173776865005493,pattern,norm_ratio,v_stored,1,packed_history,max,0,1,0
stored_norm_error,31,0.09063205334314262,0.06365820616792917,-0.02697384717521345,pattern,norm_ratio,v_stored,1,packed_history,mean,1,0,0
stored_norm_error,31,0.09760817885398865,0.08069238066673279,-0.01691579818725586,pattern,norm_ratio,v_stored,1,packed_history,p50,1,0,0
stored_norm_error,31,0.16084204316139217,0.07023917436599758,-0.09060286879539459,pattern,norm_ratio,v_stored,1,packed_history,p90,1,0,0
stored_norm_error,31,0.18708556890487682,0.060134729743004156,-0.12695083916187266,pattern,norm_ratio,v_stored,1,packed_history,p95,1,0,0
stored_norm_error,31,0.2686440014839171,0.008974267244338696,-0.2596697342395784,pattern,norm_ratio,v_stored,1,packed_history,p99,1,0,0
stored_norm_error,31,0.003711700439453125,1.9198763966560364,1.9161646962165833,pattern,relative_L2,v_stored,1,packed_history,max,0,1,0
stored_norm_error,31,0.4390226707684026,0.19562570516918143,-0.2433969655992212,pattern,relative_L2,v_stored,1,packed_history,mean,1,0,0
stored_norm_error,31,0.4343504309654236,0.21941791474819183,-0.21493251621723175,pattern,relative_L2,v_stored,1,packed_history,p50,1,0,0
stored_norm_error,31,0.5609141483902931,0.1213766098022461,-0.439537538588047,pattern,relative_L2,v_stored,1,packed_history,p90,1,0,0
stored_norm_error,31,0.6640416741371156,0.11978275626897805,-0.5442589178681375,pattern,relative_L2,v_stored,1,packed_history,p95,1,0,0
stored_norm_error,31,1.2741607430577275,0.1918091678619399,-1.0823515751957875,pattern,relative_L2,v_stored,1,packed_history,p99,1,0,0
stored_norm_error,31,0.002981126308441162,0.8203584253787994,0.8173772990703583,pattern,relative_norm_error,v_stored,1,packed_history,max,0,1,0
stored_norm_error,31,0.09701684884770595,0.0643246422249995,-0.03269220662270644,pattern,relative_norm_error,v_stored,1,packed_history,mean,1,0,0
stored_norm_error,31,0.098442692309618,0.08070619963109493,-0.017736492678523064,pattern,relative_norm_error,v_stored,1,packed_history,p50,1,0,0
stored_norm_error,31,0.1616132624447345,0.07024526149034499,-0.09136800095438952,pattern,relative_norm_error,v_stored,1,packed_history,p90,1,0,0
stored_norm_error,31,0.18867704346776015,0.060138584300875805,-0.12853845916688433,pattern,relative_norm_error,v_stored,1,packed_history,p95,1,0,0
stored_norm_error,31,0.2702206188440323,0.00897437073290347,-0.26124624811112884,pattern,relative_norm_error,v_stored,1,packed_history,p99,1,0,0
stored_norm_error,31,0.002981126308441162,0.8203584253787994,0.8173772990703583,pattern,signed_norm_drift,v_stored,1,packed_history,max,0,1,0
stored_norm_error,31,0.09063205297887192,0.06365820890204515,-0.026973844076826764,pattern,signed_norm_drift,v_stored,1,packed_history,mean,1,0,0
stored_norm_error,31,0.09760816767811775,0.08069238066673279,-0.016915787011384964,pattern,signed_norm_drift,v_stored,1,packed_history,p50,1,0,0
stored_norm_error,31,0.1608422391116619,0.07023919522762298,-0.09060304388403892,pattern,signed_norm_drift,v_stored,1,packed_history,p90,1,0,0
stored_norm_error,31,0.18708548657596127,0.06013461649417891,-0.12695087008178235,pattern,signed_norm_drift,v_stored,1,packed_history,p95,1,0,0
stored_norm_error,31,0.26864406913518907,0.00897437073290347,-0.2596696984022856,pattern,signed_norm_drift,v_stored,1,packed_history,p99,1,0,0
stored_norm_error,31,1.1407796267740196,0.4495986423717113,-0.6625406855018809,pattern,abs_log_norm_ratio,v_stored,12,pending_history,max,12,0,0
stored_norm_error,31,0.16317259614130297,0.05280783158907023,-0.11087570750593963,pattern,abs_log_norm_ratio,v_stored,12,pending_history,mean,12,0,0
stored_norm_error,31,0.12766074023966212,0.03895012705652334,-0.09059862650246941,pattern,abs_log_norm_ratio,v_stored,12,pending_history,p50,12,0,0
stored_norm_error,31,0.34684443444348295,0.11253350325132488,-0.2280334756578668,pattern,abs_log_norm_ratio,v_stored,12,pending_history,p90,12,0,0
stored_norm_error,31,0.4383105636250546,0.14702916684036604,-0.283088787404995,pattern,abs_log_norm_ratio,v_stored,12,pending_history,p95,12,0,0
stored_norm_error,31,0.6527877848563364,0.24647382183291494,-0.3874178595223927,pattern,abs_log_norm_ratio,v_stored,12,pending_history,p99,12,0,0
stored_norm_error,31,2.1140383183956146,0.5014820098876953,-1.47477425634861,pattern,direction_error,v_stored,12,pending_history,max,12,0,0
stored_norm_error,31,0.29370302912474683,0.04504297862621527,-0.25170829496850317,pattern,direction_error,v_stored,12,pending_history,mean,12,0,0
stored_norm_error,31,0.23806875199079514,0.02917473018169403,-0.21362657099962234,pattern,direction_error,v_stored,12,pending_history,p50,12,0,0
stored_norm_error,31,0.5329656764864923,0.07979122996330267,-0.4471510559320452,pattern,direction_error,v_stored,12,pending_history,p90,12,0,0
stored_norm_error,31,0.6956622160971164,0.11393132582306859,-0.5501637138426304,pattern,direction_error,v_stored,12,pending_history,p95,12,0,0
stored_norm_error,31,1.1956040538847441,0.3149828965961931,-0.7807742577791206,pattern,direction_error,v_stored,12,pending_history,p99,12,0,0
stored_norm_error,31,1.2304441034793854,0.4244712293148041,-0.7519954144954681,pattern,norm_ratio,v_stored,12,pending_history,max,12,0,0
stored_norm_error,31,0.03303064822195417,0.0062958500717942845,-0.03152841977806012,pattern,norm_ratio,v_stored,12,pending_history,mean,11,1,0
stored_norm_error,31,0.0312938392162323,0.00436720997095108,-0.03118705004453659,pattern,norm_ratio,v_stored,12,pending_history,p50,10,2,0
stored_norm_error,31,0.30660427510738375,0.08771671354770677,-0.20043042898178115,pattern,norm_ratio,v_stored,12,pending_history,p90,12,0,0
stored_norm_error,31,0.4107705280184746,0.12379536479711506,-0.2715625151991844,pattern,norm_ratio,v_stored,12,pending_history,p95,12,0,0
stored_norm_error,31,0.6318841922283167,0.2225664615631101,-0.3869671684503556,pattern,norm_ratio,v_stored,12,pending_history,p99,12,0,0
stored_norm_error,31,4.209999482554849,1.973066346370615,-2.1127799820387736,pattern,relative_L2,v_stored,12,pending_history,max,12,0,0
stored_norm_error,31,1.4591252393187026,0.5080579757350973,-0.948774384677868,pattern,relative_L2,v_stored,12,pending_history,mean,12,0,0
stored_norm_error,31,1.3827808829082642,0.4615429674158804,-0.9280413768865401,pattern,relative_L2,v_stored,12,pending_history,p50,12,0,0
stored_norm_error,31,2.084657563234214,0.7618004461983221,-1.270354122790741,pattern,relative_L2,v_stored,12,pending_history,p90,12,0,0
stored_norm_error,31,2.389815069551696,0.9348247453919611,-1.3687590773392007,pattern,relative_L2,v_stored,12,pending_history,p95,12,0,0
stored_norm_error,31,3.131336318406974,1.4997942111192977,-1.5528476768278034,pattern,relative_L2,v_stored,12,pending_history,p99,12,0,0
stored_norm_error,31,1.2330350707052276,0.46641232233378105,-0.7375891301780939,pattern,relative_norm_error,v_stored,12,pending_history,max,12,0,0
stored_norm_error,31,0.16558824422285012,0.0530015078525889,-0.1126407026167725,pattern,relative_norm_error,v_stored,12,pending_history,mean,12,0,0
stored_norm_error,31,0.1281763138522365,0.039015546928567346,-0.0905692900687427,pattern,relative_norm_error,v_stored,12,pending_history,p50,12,0,0
stored_norm_error,31,0.34922286776272815,0.11258191242377508,-0.2306489889961085,pattern,relative_norm_error,v_stored,12,pending_history,p90,12,0,0
stored_norm_error,31,0.44628763877844896,0.14651883549813643,-0.2933089107908018,pattern,relative_norm_error,v_stored,12,pending_history,p95,12,0,0
stored_norm_error,31,0.6814859882986635,0.24662179699691483,-0.4068379184285006,pattern,relative_norm_error,v_stored,12,pending_history,p99,12,0,0
stored_norm_error,31,1.2304439920408186,0.4244710880302591,-0.7519953119335696,pattern,signed_norm_drift,v_stored,12,pending_history,max,12,0,0
stored_norm_error,31,0.03303065241428527,0.006295851008498714,-0.03152842030336347,pattern,signed_norm_drift,v_stored,12,pending_history,mean,11,1,0
stored_norm_error,31,0.031293863108658115,0.0043672192521384545,-0.031187055638270067,pattern,signed_norm_drift,v_stored,12,pending_history,p50,10,2,0
stored_norm_error,31,0.3066043311810063,0.08771668878471246,-0.20043045018828706,pattern,signed_norm_drift,v_stored,12,pending_history,p90,12,0,0
stored_norm_error,31,0.4107706339818833,0.12379538343120651,-0.2715626171418989,pattern,signed_norm_drift,v_stored,12,pending_history,p95,12,0,0
stored_norm_error,31,0.6318841547527694,0.22256657060832358,-0.3869671966720488,pattern,signed_norm_drift,v_stored,12,pending_history,p99,12,0,0
stored_norm_error,31,1.2581061945529655,0.5504684939805884,-0.6914603156619705,pattern,abs_log_norm_ratio,v_stored,12,recent,max,12,0,0
stored_norm_error,31,0.16225429284169293,0.0542896356268234,-0.10835102632685667,pattern,abs_log_norm_ratio,v_stored,12,recent,mean,12,0,0
stored_norm_error,31,0.1236460436393827,0.04006169121930725,-0.08622640810426674,pattern,abs_log_norm_ratio,v_stored,12,recent,p50,12,0,0
stored_norm_error,31,0.34250727430408007,0.1182514744148648,-0.22632748415198878,pattern,abs_log_norm_ratio,v_stored,12,recent,p90,12,0,0
stored_norm_error,31,0.43186616927632687,0.1570461087634611,-0.2772954068277612,pattern,abs_log_norm_ratio,v_stored,12,recent,p95,12,0,0
stored_norm_error,31,0.6811852921234092,0.2785597037976548,-0.4050730648482567,pattern,abs_log_norm_ratio,v_stored,12,recent,p99,12,0,0
stored_norm_error,31,2.382225438952446,1.083316594362259,-1.296670749783516,pattern,direction_error,v_stored,12,recent,max,12,0,0
stored_norm_error,31,0.29194336490763817,0.04959449346642941,-0.24389313887513708,pattern,direction_error,v_stored,12,recent,mean,12,0,0
stored_norm_error,31,0.22260642796754837,0.029832638800144196,-0.19306062161922455,pattern,direction_error,v_stored,12,recent,p50,12,0,0
stored_norm_error,31,0.5288147896528246,0.09023749381303792,-0.43476399034261703,pattern,direction_error,v_stored,12,recent,p90,12,0,0
stored_norm_error,31,0.7423984639346595,0.15238259732723208,-0.5780779443681237,pattern,direction_error,v_stored,12,recent,p95,12,0,0
stored_norm_error,31,1.3488910011947146,0.46832624003291107,-0.8085958796739576,pattern,direction_error,v_stored,12,recent,p99,12,0,0
stored_norm_error,31,1.3432702124118805,0.573308527469635,-0.7664797902107239,pattern,norm_ratio,v_stored,12,recent,max,12,0,0
stored_norm_error,31,0.0420935905422084,0.005478407285409048,-0.03509899933123961,pattern,norm_ratio,v_stored,12,recent,mean,11,1,0
stored_norm_error,31,0.034160397946834564,0.003461092710494995,-0.030414775013923645,pattern,norm_ratio,v_stored,12,recent,p50,11,1,0
stored_norm_error,31,0.29971217811107664,0.08834793269634278,-0.19163490831851965,pattern,norm_ratio,v_stored,12,recent,p90,12,0,0
stored_norm_error,31,0.3902322918176653,0.12605271786451333,-0.2543039098381996,pattern,norm_ratio,v_stored,12,recent,p95,12,0,0
stored_norm_error,31,0.6401996055245398,0.2273580718040465,-0.4056366190314292,pattern,norm_ratio,v_stored,12,recent,p99,12,0,0
stored_norm_error,31,4.568925971863791,2.697015161276795,-1.9271026637870818,pattern,relative_L2,v_stored,12,recent,max,12,0,0
stored_norm_error,31,1.4260489343191267,0.5264992986408004,-0.9032128539631401,pattern,relative_L2,v_stored,12,recent,mean,12,0,0
stored_norm_error,31,1.334946750313975,0.4780052838177653,-0.8888433155952953,pattern,relative_L2,v_stored,12,recent,p50,12,0,0
stored_norm_error,31,2.076497201039456,0.8385766655439514,-1.2183274022536352,pattern,relative_L2,v_stored,12,recent,p90,12,0,0
stored_norm_error,31,2.450364605293725,1.074735187069745,-1.3083594124298534,pattern,relative_L2,v_stored,12,recent,p95,12,0,0
stored_norm_error,31,3.264769484006683,1.8047129917249545,-1.4333080195530785,pattern,relative_L2,v_stored,12,recent,p99,12,0,0
stored_norm_error,31,1.3404732991330093,0.5910951938130893,-0.7743757244024891,pattern,relative_norm_error,v_stored,12,recent,max,12,0,0
stored_norm_error,31,0.16339450652778606,0.05443671603669038,-0.10980456133283675,pattern,relative_norm_error,v_stored,12,recent,mean,12,0,0
stored_norm_error,31,0.1236265498391731,0.0400255961867515,-0.08662809724410181,pattern,relative_norm_error,v_stored,12,recent,p50,12,0,0
stored_norm_error,31,0.34723416567794635,0.11839890597475461,-0.23051823155110474,pattern,relative_norm_error,v_stored,12,recent,p90,12,0,0
stored_norm_error,31,0.44481039786114696,0.1572668516571865,-0.2875504129056933,pattern,relative_norm_error,v_stored,12,recent,p95,12,0,0
stored_norm_error,31,0.6905461543405543,0.2765035957942017,-0.42358514443301826,pattern,relative_norm_error,v_stored,12,recent,p99,12,0,0
stored_norm_error,31,1.3432703706639586,0.573308467399329,-0.7664797751640435,pattern,signed_norm_drift,v_stored,12,recent,max,12,0,0
stored_norm_error,31,0.042093589724678096,0.005478404963253372,-0.03509900148387787,pattern,signed_norm_drift,v_stored,12,recent,mean,11,1,0
stored_norm_error,31,0.034160487862521904,0.003461101438581693,-0.030414804620249924,pattern,signed_norm_drift,v_stored,12,recent,p50,11,1,0
stored_norm_error,31,0.2997121809159581,0.08834793967544104,-0.19163497786939848,pattern,signed_norm_drift,v_stored,12,recent,p90,12,0,0
stored_norm_error,31,0.3902323280181006,0.12605273263325195,-0.2543037606053985,pattern,signed_norm_drift,v_stored,12,recent,p95,12,0,0
stored_norm_error,31,0.6401996154755759,0.22735812081373277,-0.40563658993603874,pattern,signed_norm_drift,v_stored,12,recent,p99,12,0,0
source_state_norm_drift,7,0.21542381128529087,0.0859600319963647,-0.136238576604228,pattern,abs_log_norm_ratio,hidden,12,all_tokens,max,12,0,0
source_state_norm_drift,7,0.029344251535152552,0.006489798472919689,-0.02134335923057077,pattern,abs_log_norm_ratio,hidden,12,all_tokens,mean,12,0,0
source_state_norm_drift,7,0.019306445620259183,0.0037265840023792407,-0.015078733543305134,pattern,abs_log_norm_ratio,hidden,12,all_tokens,p50,12,0,0
source_state_norm_drift,7,0.07308161408127489,0.016284826438459278,-0.05310393495601601,pattern,abs_log_norm_ratio,hidden,12,all_tokens,p90,12,0,0
source_state_norm_drift,7,0.09200727541501688,0.022370217348179715,-0.0657319764515705,pattern,abs_log_norm_ratio,hidden,12,all_tokens,p95,12,0,0
source_state_norm_drift,7,0.12779987729903947,0.03847516302201254,-0.08504306872389852,pattern,abs_log_norm_ratio,hidden,12,all_tokens,p99,12,0,0
source_state_norm_drift,7,1.7281310111284256,0.28420446813106537,-1.2704303711652756,pattern,direction_error,hidden,12,all_tokens,max,12,0,0
source_state_norm_drift,7,0.2746978348302511,0.019076830634590355,-0.2575152973069852,pattern,direction_error,hidden,12,all_tokens,mean,12,0,0
source_state_norm_drift,7,0.28584805130958557,0.010650239884853363,-0.27533481270074844,pattern,direction_error,hidden,12,all_tokens,p50,12,0,0
source_state_norm_drift,7,0.49326557964086537,0.04578238427639007,-0.4491992413997651,pattern,direction_error,hidden,12,all_tokens,p90,12,0,0
source_state_norm_drift,7,0.5756133928894996,0.06524245664477343,-0.5090766750276087,pattern,direction_error,hidden,12,all_tokens,p95,12,0,0
source_state_norm_drift,7,0.8368463575839998,0.1125748303532603,-0.7058652612566945,pattern,direction_error,hidden,12,all_tokens,p99,12,0,0
source_state_norm_drift,7,0.22198450565338135,0.08715850114822388,-0.14204749464988708,pattern,norm_ratio,hidden,12,all_tokens,max,12,0,0
source_state_norm_drift,7,0.021276142661782904,0.004430843800276474,-0.017322724571797676,pattern,norm_ratio,hidden,12,all_tokens,mean,12,0,0
source_state_norm_drift,7,0.011818259954452515,0.002084203064441681,-0.00979815423488617,pattern,norm_ratio,hidden,12,all_tokens,p50,11,1,0
source_state_norm_drift,7,0.07133144140243525,0.015556004643440202,-0.053404346108436584,pattern,norm_ratio,hidden,12,all_tokens,p90,12,0,0
source_state_norm_drift,7,0.09109504967927928,0.02157883346080769,-0.06579532474279387,pattern,norm_ratio,hidden,12,all_tokens,p95,12,0,0
source_state_norm_drift,7,0.12916604220867173,0.03787198185920704,-0.08626326411962526,pattern,norm_ratio,hidden,12,all_tokens,p99,12,0,0
source_state_norm_drift,7,3.673424175591208,1.4425872147548944,-1.9936295034131035,pattern,relative_L2,hidden,12,all_tokens,max,12,0,0
source_state_norm_drift,7,1.2603825150371701,0.2954115475630906,-0.959429521730436,pattern,relative_L2,hidden,12,all_tokens,mean,12,0,0
source_state_norm_drift,7,1.5077131071739132,0.26796417743025813,-1.2209163083462045,pattern,relative_L2,hidden,12,all_tokens,p50,12,0,0
source_state_norm_drift,7,1.9913675673247782,0.5873801240813918,-1.3582609543285795,pattern,relative_L2,hidden,12,all_tokens,p90,12,0,0
source_state_norm_drift,7,2.201922963254037,0.710657867102418,-1.4031554567569398,pattern,relative_L2,hidden,12,all_tokens,p95,12,0,0
source_state_norm_drift,7,2.5894598066329486,0.9406602165242657,-1.5162478819082015,pattern,relative_L2,hidden,12,all_tokens,p99,12,0,0
source_state_norm_drift,7,0.22179753327509388,0.08697335411852691,-0.14204823528416455,pattern,relative_norm_error,hidden,12,all_tokens,max,12,0,0
source_state_norm_drift,7,0.029511798704993472,0.0065031368239678485,-0.02150542550207566,pattern,relative_norm_error,hidden,12,all_tokens,mean,12,0,0
source_state_norm_drift,7,0.019328840285197657,0.003727828095179575,-0.015098386839781597,pattern,relative_norm_error,hidden,12,all_tokens,p50,12,0,0
source_state_norm_drift,7,0.07359854037476907,0.01631871806112031,-0.05359173335345986,pattern,relative_norm_error,hidden,12,all_tokens,p90,12,0,0
source_state_norm_drift,7,0.09275024147718791,0.022413197300920718,-0.06646435506081615,pattern,relative_norm_error,hidden,12,all_tokens,p95,12,0,0
source_state_norm_drift,7,0.12990492027507566,0.038642646142652635,-0.08688500680844287,pattern,relative_norm_error,hidden,12,all_tokens,p99,12,0,0
source_state_norm_drift,7,0.2219845543113479,0.08715842894889647,-0.1420476545681595,pattern,signed_norm_drift,hidden,12,all_tokens,max,12,0,0
source_state_norm_drift,7,0.021276147004988498,0.004430848018282148,-0.01732272416217953,pattern,signed_norm_drift,hidden,12,all_tokens,mean,12,0,0
source_state_norm_drift,7,0.01181834055868336,0.0020841548762833284,-0.009798238208446719,pattern,signed_norm_drift,hidden,12,all_tokens,p50,11,1,0
source_state_norm_drift,7,0.07133142713264533,0.015556014805406453,-0.053404347913237865,pattern,signed_norm_drift,hidden,12,all_tokens,p90,12,0,0
source_state_norm_drift,7,0.09109520346446512,0.02157888806013943,-0.06579533272561092,pattern,signed_norm_drift,hidden,12,all_tokens,p95,12,0,0
source_state_norm_drift,7,0.12916607974028013,0.037872012061852714,-0.08626321256902883,pattern,signed_norm_drift,hidden,12,all_tokens,p99,12,0,0
source_state_norm_drift,7,1.5920776795537677,0.44906948573770933,-1.157601374143269,pattern,abs_log_norm_ratio,k_source,12,all_tokens,max,12,0,0
source_state_norm_drift,7,0.08392033868925858,0.020796218604606752,-0.06306944438113671,pattern,abs_log_norm_ratio,k_source,12,all_tokens,mean,12,0,0
source_state_norm_drift,7,0.05132889711694588,0.011070192570514337,-0.039999772190640215,pattern,abs_log_norm_ratio,k_source,12,all_tokens,p50,12,0,0
source_state_norm_drift,7,0.20017879478909895,0.05136528472285136,-0.1493739748839289,pattern,abs_log_norm_ratio,k_source,12,all_tokens,p90,12,0,0
source_state_norm_drift,7,0.25660280540796515,0.06942483690945662,-0.18910961035799104,pattern,abs_log_norm_ratio,k_source,12,all_tokens,p95,12,0,0
source_state_norm_drift,7,0.4213961528533398,0.1255575465979201,-0.30114016244391717,pattern,abs_log_norm_ratio,k_source,12,all_tokens,p99,12,0,0
source_state_norm_drift,7,0.8569227010011673,0.1337149441242218,-0.6301887035369873,pattern,direction_error,k_source,12,all_tokens,max,12,0,0
source_state_norm_drift,7,0.049885773664978955,0.003610966538252546,-0.04652607582102663,pattern,direction_error,k_source,12,all_tokens,mean,12,0,0
source_state_norm_drift,7,0.04348311573266983,0.001704871654510498,-0.04196187108755112,pattern,direction_error,k_source,12,all_tokens,p50,12,0,0
source_state_norm_drift,7,0.0979993686079979,0.008887223899364475,-0.08988913148641588,pattern,direction_error,k_source,12,all_tokens,p90,12,0,0
source_state_norm_drift,7,0.13139162957668302,0.01288438290357589,-0.11611832082271574,pattern,direction_error,k_source,12,all_tokens,p95,12,0,0
source_state_norm_drift,7,0.2210983499884604,0.02668114274740217,-0.19104383915662754,pattern,direction_error,k_source,12,all_tokens,p99,12,0,0
source_state_norm_drift,7,1.891665369272232,0.47426748275756836,-1.45577010512352,pattern,norm_ratio,k_source,12,all_tokens,max,12,0,0
source_state_norm_drift,7,0.0347422486111196,0.010320841046553536,-0.02589070556895906,pattern,norm_ratio,k_source,12,all_tokens,mean,11,1,0
source_state_norm_drift,7,0.008524097502231598,0.004341691732406616,-0.005006745457649231,pattern,norm_ratio,k_source,12,all_tokens,p50,7,5,0
source_state_norm_drift,7,0.17454912662506095,0.04586605727672555,-0.1308105885982513,pattern,norm_ratio,k_source,12,all_tokens,p90,12,0,0
source_state_norm_drift,7,0.23913665711879717,0.0657490745186804,-0.17837788611650457,pattern,norm_ratio,k_source,12,all_tokens,p95,12,0,0
source_state_norm_drift,7,0.4283568602800369,0.11708871811628374,-0.32252084344625426,pattern,norm_ratio,k_source,12,all_tokens,p99,12,0,0
source_state_norm_drift,7,3.1239380658371374,1.0462374943890609,-1.9784749671816826,pattern,relative_L2,k_source,12,all_tokens,max,12,0,0
source_state_norm_drift,7,0.5389626619031327,0.1279567709127134,-0.4150870799559916,pattern,relative_L2,k_source,12,all_tokens,mean,12,0,0
source_state_norm_drift,7,0.5979660891607637,0.1088817982308683,-0.49161515092418995,pattern,relative_L2,k_source,12,all_tokens,p50,12,0,0
source_state_norm_drift,7,0.904600117712107,0.26415588737290824,-0.639606774895219,pattern,relative_L2,k_source,12,all_tokens,p90,12,0,0
source_state_norm_drift,7,1.0516758475394454,0.321975159907015,-0.7045394610599032,pattern,relative_L2,k_source,12,all_tokens,p95,12,0,0
source_state_norm_drift,7,1.400565277960557,0.4694593106469256,-0.8960790647927189,pattern,relative_L2,k_source,12,all_tokens,p99,12,0,0
source_state_norm_drift,7,1.8899906566657592,0.4739036826649681,-1.4492546933761332,pattern,relative_norm_error,k_source,12,all_tokens,max,12,0,0
source_state_norm_drift,7,0.08476648079084204,0.020914195898352615,-0.06413011216817524,pattern,relative_norm_error,k_source,12,all_tokens,mean,12,0,0
source_state_norm_drift,7,0.05134765598177182,0.011080705346103059,-0.04002151996428438,pattern,relative_norm_error,k_source,12,all_tokens,p50,12,0,0
source_state_norm_drift,7,0.20113743991096272,0.05166447711308138,-0.15124730865936725,pattern,relative_norm_error,k_source,12,all_tokens,p90,12,0,0
source_state_norm_drift,7,0.259568520389439,0.06996411294130667,-0.19242501751868982,pattern,relative_norm_error,k_source,12,all_tokens,p95,12,0,0
source_state_norm_drift,7,0.441549454158739,0.12705430135043574,-0.3207720179131135,pattern,relative_norm_error,k_source,12,all_tokens,p99,12,0,0
source_state_norm_drift,7,1.8916654548520455,0.4742673877044581,-1.4557699766010046,pattern,signed_norm_drift,k_source,12,all_tokens,max,12,0,0
source_state_norm_drift,7,0.03474224925250313,0.010320840534826596,-0.0258907054599177,pattern,signed_norm_drift,k_source,12,all_tokens,mean,11,1,0
source_state_norm_drift,7,0.008524025629309762,0.004341687959961149,-0.0050066414879097465,pattern,signed_norm_drift,k_source,12,all_tokens,p50,7,5,0
source_state_norm_drift,7,0.17454914718946385,0.04586612039274769,-0.13081058938987553,pattern,signed_norm_drift,k_source,12,all_tokens,p90,12,0,0
source_state_norm_drift,7,0.23913664770807355,0.06574905069137454,-0.17837787272801492,pattern,signed_norm_drift,k_source,12,all_tokens,p95,12,0,0
source_state_norm_drift,7,0.42835689834471846,0.1170888141330944,-0.32252087366447035,pattern,signed_norm_drift,k_source,12,all_tokens,p99,12,0,0
representation_norm_error,7,-0.028880566358566284,0.30159811675548553,0.3304786831140518,pattern,abs_log_norm_ratio,k_stored,1,packed_history,max,0,1,0
representation_norm_error,7,0.005446809088305492,0.019719366721072645,0.014272557632767153,pattern,abs_log_norm_ratio,k_stored,1,packed_history,mean,0,1,0
representation_norm_error,7,0.011716560460627079,0.020334097556769848,0.008617537096142769,pattern,abs_log_norm_ratio,k_stored,1,packed_history,p50,0,1,0
representation_norm_error,7,0.0013404112309217536,0.030534207448363285,0.02919379621744153,pattern,abs_log_norm_ratio,k_stored,1,packed_history,p90,0,1,0
representation_norm_error,7,-0.008491536416113332,0.03385960608720784,0.04235114250332117,pattern,abs_log_norm_ratio,k_stored,1,packed_history,p95,0,1,0
representation_norm_error,7,-0.019240132756530984,0.048737107180059,0.06797723993658998,pattern,abs_log_norm_ratio,k_stored,1,packed_history,p99,0,1,0
representation_norm_error,7,-0.30447453260421753,0.07148918509483337,0.3759637176990509,pattern,direction_error,k_stored,1,packed_history,max,0,1,0
representation_norm_error,7,0.0100164869627406,0.014549289577189484,0.004532802614448883,pattern,direction_error,k_stored,1,packed_history,mean,0,1,0
representation_norm_error,7,0.012541711330413818,0.014782443642616272,0.0022407323122024536,pattern,direction_error,k_stored,1,packed_history,p50,0,1,0
representation_norm_error,7,0.009674170613288877,0.019279205799102788,0.00960503518581391,pattern,direction_error,k_stored,1,packed_history,p90,0,1,0
representation_norm_error,7,0.006662374734878532,0.019466553628444655,0.012804178893566123,pattern,direction_error,k_stored,1,packed_history,p95,0,1,0
representation_norm_error,7,-0.0010484766960142736,0.020207219123840388,0.02125569581985466,pattern,direction_error,k_stored,1,packed_history,p99,0,1,0
representation_norm_error,7,-0.0696479082107544,0.3781658411026001,0.4478137493133545,pattern,norm_ratio,k_stored,1,packed_history,max,0,1,0
representation_norm_error,7,0.009613190139134531,0.02190441281254607,0.01229122267341154,pattern,norm_ratio,k_stored,1,packed_history,mean,0,1,0
representation_norm_error,7,0.013552069664001465,0.021376699209213257,0.007824629545211792,pattern,norm_ratio,k_stored,1,packed_history,p50,0,1,0
representation_norm_error,7,0.002043044567108132,0.03287155032157896,0.030828505754470825,pattern,norm_ratio,k_stored,1,packed_history,p90,0,1,0
representation_norm_error,7,-0.00933983027935037,0.0368589162826537,0.04619874656200407,pattern,norm_ratio,k_stored,1,packed_history,p95,0,1,0
representation_norm_error,7,-0.021708065867423798,0.05424023509025555,0.07594830095767935,pattern,norm_ratio,k_stored,1,packed_history,p99,0,1,0
representation_norm_error,7,-0.3981831669807434,0.33913087844848633,0.7373140454292297,pattern,relative_L2,k_stored,1,packed_history,max,0,1,0
representation_norm_error,7,0.04070191547225477,0.05938068390059925,0.018678768428344483,pattern,relative_L2,k_stored,1,packed_history,mean,0,1,0
representation_norm_error,7,0.044878602027893066,0.0628248006105423,0.01794619858264923,pattern,relative_L2,k_stored,1,packed_history,p50,0,1,0
representation_norm_error,7,0.036276865005493236,0.0689889952540397,0.03271213024854647,pattern,relative_L2,k_stored,1,packed_history,p90,0,1,0
representation_norm_error,7,0.028143700212240302,0.06499623432755464,0.036852534115314334,pattern,relative_L2,k_stored,1,packed_history,p95,0,1,0
representation_norm_error,7,0.0200346367061138,0.06686145797371892,0.04682682126760512,pattern,relative_L2,k_stored,1,packed_history,p99,0,1,0
representation_norm_error,7,-0.069647878408432,0.37816569209098816,0.44781357049942017,pattern,relative_norm_error,k_stored,1,packed_history,max,0,1,0
representation_norm_error,7,0.005459374253537673,0.020876947457424747,0.015417573203887074,pattern,relative_norm_error,k_stored,1,packed_history,mean,0,1,0
representation_norm_error,7,0.01264591608196497,0.021268010139465332,0.008622094057500362,pattern,relative_norm_error,k_stored,1,packed_history,p50,0,1,0
representation_norm_error,7,0.0016424380242824957,0.03287559971213339,0.031233161687850897,pattern,relative_norm_error,k_stored,1,packed_history,p90,0,1,0
representation_norm_error,7,-0.009360546246170984,0.03686083350330598,0.04622137974947697,pattern,relative_norm_error,k_stored,1,packed_history,p95,0,1,0
representation_norm_error,7,-0.021708126738667205,0.054240280464291545,0.07594840720295876,pattern,relative_norm_error,k_stored,1,packed_history,p99,0,1,0
representation_norm_error,7,-0.069647878408432,0.37816569209098816,0.44781357049942017,pattern,signed_norm_drift,k_stored,1,packed_history,max,0,1,0
representation_norm_error,7,0.009613192890725077,0.02190441515229213,0.012291222261567054,pattern,signed_norm_drift,k_stored,1,packed_history,mean,0,1,0
representation_norm_error,7,0.013552026823163033,0.02137665916234255,0.007824632339179516,pattern,signed_norm_drift,k_stored,1,packed_history,p50,0,1,0
representation_norm_error,7,0.002042936161160469,0.03287143707275388,0.030828500911593414,pattern,signed_norm_drift,k_stored,1,packed_history,p90,0,1,0
representation_norm_error,7,-0.009339815564453582,0.03685871958732612,0.046198535151779706,pattern,signed_norm_drift,k_stored,1,packed_history,p95,0,1,0
representation_norm_error,7,-0.021708126738667205,0.054240280464291545,0.07594840720295876,pattern,signed_norm_drift,k_stored,1,packed_history,p99,0,1,0
representation_norm_error,7,0.0,0.0,0.0,pattern,abs_log_norm_ratio,k_stored,12,pending_history,max,0,0,12
representation_norm_error,7,0.0,0.0,0.0,pattern,abs_log_norm_ratio,k_stored,12,pending_history,mean,0,0,12
representation_norm_error,7,0.0,0.0,0.0,pattern,abs_log_norm_ratio,k_stored,12,pending_history,p50,0,0,12
representation_norm_error,7,0.0,0.0,0.0,pattern,abs_log_norm_ratio,k_stored,12,pending_history,p90,0,0,12
representation_norm_error,7,0.0,0.0,0.0,pattern,abs_log_norm_ratio,k_stored,12,pending_history,p95,0,0,12
representation_norm_error,7,0.0,0.0,0.0,pattern,abs_log_norm_ratio,k_stored,12,pending_history,p99,0,0,12
representation_norm_error,7,-1.4901161193847656e-08,-2.9802322387695312e-08,-2.9802322387695312e-08,pattern,direction_error,k_stored,12,pending_history,max,6,5,1
representation_norm_error,7,-1.2624164628883387e-09,1.2649983082627464e-09,3.274172621891558e-09,pattern,direction_error,k_stored,12,pending_history,mean,4,8,0
representation_norm_error,7,0.0,0.0,0.0,pattern,direction_error,k_stored,12,pending_history,p50,0,0,12
representation_norm_error,7,0.0,0.0,0.0,pattern,direction_error,k_stored,12,pending_history,p90,2,2,8
representation_norm_error,7,0.0,0.0,0.0,pattern,direction_error,k_stored,12,pending_history,p95,1,1,10
representation_norm_error,7,-2.9802322387695312e-08,-2.5928020477295057e-08,0.0,pattern,direction_error,k_stored,12,pending_history,p99,5,5,2
representation_norm_error,7,0.0,0.0,0.0,pattern,norm_ratio,k_stored,12,pending_history,max,0,0,12
representation_norm_error,7,0.0,0.0,0.0,pattern,norm_ratio,k_stored,12,pending_history,mean,0,0,12
representation_norm_error,7,0.0,0.0,0.0,pattern,norm_ratio,k_stored,12,pending_history,p50,0,0,12
representation_norm_error,7,0.0,0.0,0.0,pattern,norm_ratio,k_stored,12,pending_history,p90,0,0,12
representation_norm_error,7,0.0,0.0,0.0,pattern,norm_ratio,k_stored,12,pending_history,p95,0,0,12
representation_norm_error,7,0.0,0.0,0.0,pattern,norm_ratio,k_stored,12,pending_history,p99,0,0,12
representation_norm_error,7,0.0,0.0,0.0,pattern,relative_L2,k_stored,12,pending_history,max,0,0,12
representation_norm_error,7,0.0,0.0,0.0,pattern,relative_L2,k_stored,12,pending_history,mean,0,0,12
representation_norm_error,7,0.0,0.0,0.0,pattern,relative_L2,k_stored,12,pending_history,p50,0,0,12
representation_norm_error,7,0.0,0.0,0.0,pattern,relative_L2,k_stored,12,pending_history,p90,0,0,12
representation_norm_error,7,0.0,0.0,0.0,pattern,relative_L2,k_stored,12,pending_history,p95,0,0,12
representation_norm_error,7,0.0,0.0,0.0,pattern,relative_L2,k_stored,12,pending_history,p99,0,0,12
representation_norm_error,7,0.0,0.0,0.0,pattern,relative_norm_error,k_stored,12,pending_history,max,0,0,12
representation_norm_error,7,0.0,0.0,0.0,pattern,relative_norm_error,k_stored,12,pending_history,mean,0,0,12
representation_norm_error,7,0.0,0.0,0.0,pattern,relative_norm_error,k_stored,12,pending_history,p50,0,0,12
representation_norm_error,7,0.0,0.0,0.0,pattern,relative_norm_error,k_stored,12,pending_history,p90,0,0,12
representation_norm_error,7,0.0,0.0,0.0,pattern,relative_norm_error,k_stored,12,pending_history,p95,0,0,12
representation_norm_error,7,0.0,0.0,0.0,pattern,relative_norm_error,k_stored,12,pending_history,p99,0,0,12
representation_norm_error,7,0.0,0.0,0.0,pattern,signed_norm_drift,k_stored,12,pending_history,max,0,0,12
representation_norm_error,7,0.0,0.0,0.0,pattern,signed_norm_drift,k_stored,12,pending_history,mean,0,0,12
representation_norm_error,7,0.0,0.0,0.0,pattern,signed_norm_drift,k_stored,12,pending_history,p50,0,0,12
representation_norm_error,7,0.0,0.0,0.0,pattern,signed_norm_drift,k_stored,12,pending_history,p90,0,0,12
representation_norm_error,7,0.0,0.0,0.0,pattern,signed_norm_drift,k_stored,12,pending_history,p95,0,0,12
representation_norm_error,7,0.0,0.0,0.0,pattern,signed_norm_drift,k_stored,12,pending_history,p99,0,0,12
representation_norm_error,7,0.0,0.0,0.0,pattern,abs_log_norm_ratio,k_stored,12,recent,max,0,0,12
representation_norm_error,7,0.0,0.0,0.0,pattern,abs_log_norm_ratio,k_stored,12,recent,mean,0,0,12
representation_norm_error,7,0.0,0.0,0.0,pattern,abs_log_norm_ratio,k_stored,12,recent,p50,0,0,12
representation_norm_error,7,0.0,0.0,0.0,pattern,abs_log_norm_ratio,k_stored,12,recent,p90,0,0,12
representation_norm_error,7,0.0,0.0,0.0,pattern,abs_log_norm_ratio,k_stored,12,recent,p95,0,0,12
representation_norm_error,7,0.0,0.0,0.0,pattern,abs_log_norm_ratio,k_stored,12,recent,p99,0,0,12
representation_norm_error,7,-8.940696716308594e-08,-1.043081283569336e-07,-2.9802322387695312e-08,pattern,direction_error,k_stored,12,recent,max,7,4,1
representation_norm_error,7,-2.35741026699543e-09,4.94765117764473e-10,1.0477378964424133e-09,pattern,direction_error,k_stored,12,recent,mean,5,7,0
representation_norm_error,7,0.0,0.0,0.0,pattern,direction_error,k_stored,12,recent,p50,0,0,12
representation_norm_error,7,0.0,0.0,0.0,pattern,direction_error,k_stored,12,recent,p90,0,1,11
representation_norm_error,7,0.0,0.0,0.0,pattern,direction_error,k_stored,12,recent,p95,0,0,12
representation_norm_error,7,-5.275011062622016e-08,-4.008412361145101e-08,0.0,pattern,direction_error,k_stored,12,recent,p99,1,5,6
representation_norm_error,7,0.0,0.0,0.0,pattern,norm_ratio,k_stored,12,recent,max,0,0,12
representation_norm_error,7,0.0,0.0,0.0,pattern,norm_ratio,k_stored,12,recent,mean,0,0,12
representation_norm_error,7,0.0,0.0,0.0,pattern,norm_ratio,k_stored,12,recent,p50,0,0,12
representation_norm_error,7,0.0,0.0,0.0,pattern,norm_ratio,k_stored,12,recent,p90,0,0,12
representation_norm_error,7,0.0,0.0,0.0,pattern,norm_ratio,k_stored,12,recent,p95,0,0,12
representation_norm_error,7,0.0,0.0,0.0,pattern,norm_ratio,k_stored,12,recent,p99,0,0,12
representation_norm_error,7,0.0,0.0,0.0,pattern,relative_L2,k_stored,12,recent,max,0,0,12
representation_norm_error,7,0.0,0.0,0.0,pattern,relative_L2,k_stored,12,recent,mean,0,0,12
representation_norm_error,7,0.0,0.0,0.0,pattern,relative_L2,k_stored,12,recent,p50,0,0,12
representation_norm_error,7,0.0,0.0,0.0,pattern,relative_L2,k_stored,12,recent,p90,0,0,12
representation_norm_error,7,0.0,0.0,0.0,pattern,relative_L2,k_stored,12,recent,p95,0,0,12
representation_norm_error,7,0.0,0.0,0.0,pattern,relative_L2,k_stored,12,recent,p99,0,0,12
representation_norm_error,7,0.0,0.0,0.0,pattern,relative_norm_error,k_stored,12,recent,max,0,0,12
representation_norm_error,7,0.0,0.0,0.0,pattern,relative_norm_error,k_stored,12,recent,mean,0,0,12
representation_norm_error,7,0.0,0.0,0.0,pattern,relative_norm_error,k_stored,12,recent,p50,0,0,12
representation_norm_error,7,0.0,0.0,0.0,pattern,relative_norm_error,k_stored,12,recent,p90,0,0,12
representation_norm_error,7,0.0,0.0,0.0,pattern,relative_norm_error,k_stored,12,recent,p95,0,0,12
representation_norm_error,7,0.0,0.0,0.0,pattern,relative_norm_error,k_stored,12,recent,p99,0,0,12
representation_norm_error,7,0.0,0.0,0.0,pattern,signed_norm_drift,k_stored,12,recent,max,0,0,12
representation_norm_error,7,0.0,0.0,0.0,pattern,signed_norm_drift,k_stored,12,recent,mean,0,0,12
representation_norm_error,7,0.0,0.0,0.0,pattern,signed_norm_drift,k_stored,12,recent,p50,0,0,12
representation_norm_error,7,0.0,0.0,0.0,pattern,signed_norm_drift,k_stored,12,recent,p90,0,0,12
representation_norm_error,7,0.0,0.0,0.0,pattern,signed_norm_drift,k_stored,12,recent,p95,0,0,12
representation_norm_error,7,0.0,0.0,0.0,pattern,signed_norm_drift,k_stored,12,recent,p99,0,0,12
stored_norm_error,7,-0.028880566358566284,0.30157024413347244,0.3304508104920387,pattern,abs_log_norm_ratio,k_stored,1,packed_history,max,0,1,0
stored_norm_error,7,0.03395595794277153,0.02824182177421179,-0.005714136168559741,pattern,abs_log_norm_ratio,k_stored,1,packed_history,mean,1,0,0
stored_norm_error,7,0.029109589755535126,0.02685334999114275,-0.002256239764392376,pattern,abs_log_norm_ratio,k_stored,1,packed_history,p50,1,0,0
stored_norm_error,7,0.0716243527829647,0.046973414719104774,-0.02465093806385992,pattern,abs_log_norm_ratio,k_stored,1,packed_history,p90,1,0,0
stored_norm_error,7,0.08610752113163463,0.05526897702366112,-0.030838544107973508,pattern,abs_log_norm_ratio,k_stored,1,packed_history,p95,1,0,0
stored_norm_error,7,0.17629208497703103,0.07322057753801348,-0.10307150743901755,pattern,abs_log_norm_ratio,k_stored,1,packed_history,p99,1,0,0
stored_norm_error,7,-0.30447453260421753,0.07971757650375366,0.3841921091079712,pattern,direction_error,k_stored,1,packed_history,max,0,1,0
stored_norm_error,7,0.052165652115945704,0.01910933281214966,-0.033056319303796045,pattern,direction_error,k_stored,1,packed_history,mean,1,0,0
stored_norm_error,7,0.04890720546245575,0.019512712955474854,-0.029394492506980896,pattern,direction_error,k_stored,1,packed_history,p50,1,0,0
stored_norm_error,7,0.07951397299766542,0.026148450374603286,-0.05336552262306214,pattern,direction_error,k_stored,1,packed_history,p90,1,0,0
stored_norm_error,7,0.09722386002540583,0.02695403099060059,-0.07026982903480523,pattern,direction_error,k_stored,1,packed_history,p95,1,0,0
stored_norm_error,7,0.18023037105798703,0.027271007895469837,-0.15295936316251718,pattern,direction_error,k_stored,1,packed_history,p99,1,0,0
stored_norm_error,7,-0.0696479082107544,0.3781564235687256,0.44780433177948,pattern,norm_ratio,k_stored,1,packed_history,max,0,1,0
stored_norm_error,7,0.03330712348360976,0.030680400846904377,-0.002626722636705381,pattern,norm_ratio,k_stored,1,packed_history,mean,1,0,0
stored_norm_error,7,0.029661566019058228,0.028054535388946533,-0.0016070306301116943,pattern,norm_ratio,k_stored,1,packed_history,p50,1,0,0
stored_norm_error,7,0.07861029505729655,0.050672078132629195,-0.02793821692466736,pattern,norm_ratio,k_stored,1,packed_history,p90,1,0,0
stored_norm_error,7,0.09512585103511773,0.06029844880104085,-0.034827402234076876,pattern,norm_ratio,k_stored,1,packed_history,p95,1,0,0
stored_norm_error,7,0.2028727889060976,0.08171532273292526,-0.12115746617317236,pattern,norm_ratio,k_stored,1,packed_history,p99,1,0,0
stored_norm_error,7,-0.3981831669807434,0.3372817039489746,0.735464870929718,pattern,relative_L2,k_stored,1,packed_history,max,0,1,0
stored_norm_error,7,0.18645856238435954,0.07832656705681984,-0.1081319953275397,pattern,relative_L2,k_stored,1,packed_history,mean,1,0,0
stored_norm_error,7,0.1785404533147812,0.08238662779331207,-0.09615382552146912,pattern,relative_L2,k_stored,1,packed_history,p50,1,0,0
stored_norm_error,7,0.25591681450605397,0.09199911952018733,-0.16391769498586664,pattern,relative_L2,k_stored,1,packed_history,p90,1,0,0
stored_norm_error,7,0.3182249195873739,0.0927569560706614,-0.22546796351671253,pattern,relative_L2,k_stored,1,packed_history,p95,1,0,0
stored_norm_error,7,0.5461446143686768,0.10430604755878473,-0.4418385668098921,pattern,relative_L2,k_stored,1,packed_history,p99,1,0,0
stored_norm_error,7,-0.069647878408432,0.3781565651297569,0.44780444353818893,pattern,relative_norm_error,k_stored,1,packed_history,max,0,1,0
stored_norm_error,7,0.03657191674239351,0.02995911784106003,-0.00661279890133348,pattern,relative_norm_error,k_stored,1,packed_history,mean,1,0,0
stored_norm_error,7,0.030420701019465923,0.028034139424562454,-0.002386561594903469,pattern,relative_norm_error,k_stored,1,packed_history,p50,1,0,0
stored_norm_error,7,0.07841761745512485,0.05067372731864451,-0.02774389013648034,pattern,relative_norm_error,k_stored,1,packed_history,p90,1,0,0
stored_norm_error,7,0.09527413994073854,0.06030351147055622,-0.03497062847018231,pattern,relative_norm_error,k_stored,1,packed_history,p95,1,0,0
stored_norm_error,7,0.2036818179488185,0.08171551760286094,-0.12196630034595757,pattern,relative_norm_error,k_stored,1,packed_history,p99,1,0,0
stored_norm_error,7,-0.069647878408432,0.3781565651297569,0.44780444353818893,pattern,signed_norm_drift,k_stored,1,packed_history,max,0,1,0
stored_norm_error,7,0.03330712127924553,0.030680403786232182,-0.0026267174930133495,pattern,signed_norm_drift,k_stored,1,packed_history,mean,1,0,0
stored_norm_error,7,0.029661590233445168,0.028054517693817616,-0.001607072539627552,pattern,signed_norm_drift,k_stored,1,packed_history,p50,1,0,0
stored_norm_error,7,0.07861046157777309,0.05067206658422945,-0.027938394993543635,pattern,signed_norm_drift,k_stored,1,packed_history,p90,1,0,0
stored_norm_error,7,0.09512582831084704,0.06029840670526022,-0.03482742160558682,pattern,signed_norm_drift,k_stored,1,packed_history,p95,1,0,0
stored_norm_error,7,0.20287265941500698,0.08171551760286094,-0.12115714181214604,pattern,signed_norm_drift,k_stored,1,packed_history,p99,1,0,0
stored_norm_error,7,0.9600753498671111,0.19871390222397167,-0.7105399356805719,pattern,abs_log_norm_ratio,k_stored,12,pending_history,max,12,0,0
stored_norm_error,7,0.11570740948263782,0.03169173993204302,-0.0829857100672392,pattern,abs_log_norm_ratio,k_stored,12,pending_history,mean,12,0,0
stored_norm_error,7,0.08886805185193225,0.02565437725115771,-0.06473767969509936,pattern,abs_log_norm_ratio,k_stored,12,pending_history,p50,12,0,0
stored_norm_error,7,0.23025639542829596,0.06516688107367372,-0.16868586400087227,pattern,abs_log_norm_ratio,k_stored,12,pending_history,p90,12,0,0
stored_norm_error,7,0.28919914971265814,0.083163214517117,-0.21729031453978676,pattern,abs_log_norm_ratio,k_stored,12,pending_history,p95,12,0,0
stored_norm_error,7,0.5411276023266687,0.15031491463458233,-0.39628946395409004,pattern,abs_log_norm_ratio,k_stored,12,pending_history,p99,12,0,0
stored_norm_error,7,0.45715345442295074,0.057347819209098816,-0.41359464824199677,pattern,direction_error,k_stored,12,pending_history,max,12,0,0
stored_norm_error,7,0.06814869568060042,0.005764508413353769,-0.06294205597324225,pattern,direction_error,k_stored,12,pending_history,mean,12,0,0
stored_norm_error,7,0.05683835595846176,0.0038333088159561157,-0.05205756425857544,pattern,direction_error,k_stored,12,pending_history,p50,12,0,0
stored_norm_error,7,0.10854835212230683,0.011792548000812537,-0.09862736761569976,pattern,direction_error,k_stored,12,pending_history,p90,12,0,0
stored_norm_error,7,0.14968153163790698,0.015520577132701871,-0.13594477921724318,pattern,direction_error,k_stored,12,pending_history,p95,12,0,0
stored_norm_error,7,0.2798958492279051,0.031112090051174233,-0.25143607407808255,pattern,direction_error,k_stored,12,pending_history,p99,12,0,0
stored_norm_error,7,1.1075449287891388,0.18527719378471375,-0.8433746993541718,pattern,norm_ratio,k_stored,12,pending_history,max,12,0,0
stored_norm_error,7,0.04816003487212597,0.02110764192389339,-0.03019185877637967,pattern,norm_ratio,k_stored,12,pending_history,mean,10,2,0
stored_norm_error,7,0.03850407153367996,0.019601859152317047,-0.02243979275226593,pattern,norm_ratio,k_stored,12,pending_history,p50,10,2,0
stored_norm_error,7,0.20623352229595193,0.06267013549804729,-0.14582547247409833,pattern,norm_ratio,k_stored,12,pending_history,p90,12,0,0
stored_norm_error,7,0.2808354496955872,0.07883337438106541,-0.20200810134410846,pattern,norm_ratio,k_stored,12,pending_history,p95,12,0,0
stored_norm_error,7,0.5655092823505395,0.12848237544298163,-0.4369137078523633,pattern,norm_ratio,k_stored,12,pending_history,p99,12,0,0
stored_norm_error,7,2.102838923863601,0.6500542615540326,-1.2937345817335881,pattern,relative_L2,k_stored,12,pending_history,max,12,0,0
stored_norm_error,7,0.7325187029082662,0.1933515305709958,-0.5486843128655464,pattern,relative_L2,k_stored,12,pending_history,mean,12,0,0
stored_norm_error,7,0.6908051188656827,0.17158397179446183,-0.5236342114876607,pattern,relative_L2,k_stored,12,pending_history,p50,12,0,0
stored_norm_error,7,0.9516855546433363,0.2994319442746928,-0.6599539761431515,pattern,relative_L2,k_stored,12,pending_history,p90,12,0,0
stored_norm_error,7,1.113176781831862,0.35162932033927063,-0.7739524364711534,pattern,relative_L2,k_stored,12,pending_history,p95,12,0,0
stored_norm_error,7,1.5547123895879478,0.5034900301517342,-1.0265325559787737,pattern,relative_L2,k_stored,12,pending_history,p99,12,0,0
stored_norm_error,7,1.1073713099467568,0.19657167220429983,-0.8394943809980759,pattern,relative_norm_error,k_stored,12,pending_history,max,12,0,0
stored_norm_error,7,0.11848514345273198,0.03181307021090072,-0.08453500503847801,pattern,relative_norm_error,k_stored,12,pending_history,mean,12,0,0
stored_norm_error,7,0.08901624426835042,0.02572379488901788,-0.06481872678614309,pattern,relative_norm_error,k_stored,12,pending_history,p50,12,0,0
stored_norm_error,7,0.2335206059033226,0.0656634089849831,-0.17156425159409996,pattern,relative_norm_error,k_stored,12,pending_history,p90,12,0,0
stored_norm_error,7,0.2947494011270462,0.08387489039268983,-0.2175064247770933,pattern,relative_norm_error,k_stored,12,pending_history,p95,12,0,0
stored_norm_error,7,0.5774959084277353,0.15033796528950927,-0.4275080516593886,pattern,relative_norm_error,k_stored,12,pending_history,p99,12,0,0
stored_norm_error,7,1.1075449866330018,0.18527707045723218,-0.843374719916028,pattern,signed_norm_drift,k_stored,12,pending_history,max,12,0,0
stored_norm_error,7,0.04816003280378869,0.021107644406360263,-0.030191857110219038,pattern,signed_norm_drift,k_stored,12,pending_history,mean,10,2,0
stored_norm_error,7,0.038504118413243305,0.019601888191445482,-0.02243981236378545,pattern,signed_norm_drift,k_stored,12,pending_history,p50,10,2,0
stored_norm_error,7,0.20623346150277938,0.06267017920727085,-0.1458255553181516,pattern,signed_norm_drift,k_stored,12,pending_history,p90,12,0,0
stored_norm_error,7,0.28083544252112913,0.07883341602646395,-0.20200803213338056,pattern,signed_norm_drift,k_stored,12,pending_history,p95,12,0,0
stored_norm_error,7,0.5655092939009766,0.12848227114307514,-0.4369135993319646,pattern,signed_norm_drift,k_stored,12,pending_history,p99,12,0,0
stored_norm_error,7,1.068650936911581,0.3054964107723208,-0.7608320354192983,pattern,abs_log_norm_ratio,k_stored,12,recent,max,12,0,0
stored_norm_error,7,0.11229660564566896,0.03387552114472103,-0.08057287162566117,pattern,abs_log_norm_ratio,k_stored,12,recent,mean,12,0,0
stored_norm_error,7,0.08882768955663778,0.025108569871008513,-0.06342753069111495,pattern,abs_log_norm_ratio,k_stored,12,recent,p50,12,0,0
stored_norm_error,7,0.22443452642764902,0.07118234723457137,-0.15314779249602,pattern,abs_log_norm_ratio,k_stored,12,recent,p90,12,0,0
stored_norm_error,7,0.27894740982919747,0.09240199051346275,-0.1907546703558182,pattern,abs_log_norm_ratio,k_stored,12,recent,p95,12,0,0
stored_norm_error,7,0.5338850883047414,0.15453638423176014,-0.38151516549623893,pattern,abs_log_norm_ratio,k_stored,12,recent,p99,12,0,0
stored_norm_error,7,0.5462402701377869,0.08124402165412903,-0.4430101811885834,pattern,direction_error,k_stored,12,recent,max,12,0,0
stored_norm_error,7,0.07039761873602401,0.006426481835660525,-0.06342968919489067,pattern,direction_error,k_stored,12,recent,mean,12,0,0
stored_norm_error,7,0.059151194989681244,0.004018537700176239,-0.054940998554229736,pattern,direction_error,k_stored,12,recent,p50,12,0,0
stored_norm_error,7,0.11347166001796724,0.013319911062717439,-0.09774811714887621,pattern,direction_error,k_stored,12,recent,p90,12,0,0
stored_norm_error,7,0.14338419809937464,0.018270758539438235,-0.12135992646217336,pattern,direction_error,k_stored,12,recent,p95,12,0,0
stored_norm_error,7,0.2657487528026102,0.03750037133693693,-0.23201376482844333,pattern,direction_error,k_stored,12,recent,p99,12,0,0
stored_norm_error,7,1.0608247816562653,0.3217645585536957,-0.7841297686100006,pattern,norm_ratio,k_stored,12,recent,max,12,0,0
stored_norm_error,7,0.05510475829942152,0.0190999348560581,-0.029635711980517954,pattern,norm_ratio,k_stored,12,recent,mean,10,2,0
stored_norm_error,7,0.046683624386787415,0.014854863286018372,-0.02450716495513916,pattern,norm_ratio,k_stored,12,recent,p50,10,2,0
stored_norm_error,7,0.20031209290027635,0.06505855917930603,-0.13102170526981366,pattern,norm_ratio,k_stored,12,recent,p90,12,0,0
stored_norm_error,7,0.2646656274795534,0.08550661504268658,-0.17253716140985503,pattern,norm_ratio,k_stored,12,recent,p95,12,0,0
stored_norm_error,7,0.4553518033027645,0.1433168855309484,-0.3394208687543865,pattern,norm_ratio,k_stored,12,recent,p99,12,0,0
stored_norm_error,7,2.369735801970819,0.8258651971118525,-1.4273546820622869,pattern,relative_L2,k_stored,12,recent,max,12,0,0
stored_norm_error,7,0.7375730363958226,0.19843696029855096,-0.5270053397237575,pattern,relative_L2,k_stored,12,recent,mean,12,0,0
stored_norm_error,7,0.6992428456724156,0.17445448549551656,-0.5077595344628207,pattern,relative_L2,k_stored,12,recent,p50,12,0,0
stored_norm_error,7,0.9899203370820033,0.325050689476484,-0.6427122842287647,pattern,relative_L2,k_stored,12,recent,p90,12,0,0
stored_norm_error,7,1.1215686469833595,0.38045794962454216,-0.7043966096738581,pattern,relative_L2,k_stored,12,recent,p95,12,0,0
stored_norm_error,7,1.5982447377356577,0.5426426763494964,-1.0738828812690913,pattern,relative_L2,k_stored,12,recent,p99,12,0,0
stored_norm_error,7,1.1185153717378853,0.32129477460694034,-0.7760079215804581,pattern,relative_norm_error,k_stored,12,recent,max,12,0,0
stored_norm_error,7,0.11445448121927793,0.034043373488727775,-0.07979537747310644,pattern,relative_norm_error,k_stored,12,recent,mean,12,0,0
stored_norm_error,7,0.08912651680293493,0.025157566861707892,-0.06358697550422221,pattern,relative_norm_error,k_stored,12,recent,p50,12,0,0
stored_norm_error,7,0.22699509096928527,0.07157404803947431,-0.15310328204213874,pattern,relative_norm_error,k_stored,12,recent,p90,12,0,0
stored_norm_error,7,0.28605150373477944,0.09310150405326564,-0.19319869845421628,pattern,relative_norm_error,k_stored,12,recent,p95,12,0,0
stored_norm_error,7,0.5539127188601558,0.1577112457444309,-0.3996435026782271,pattern,relative_norm_error,k_stored,12,recent,p99,12,0,0
stored_norm_error,7,1.06082472729031,0.3217645160329994,-0.7841295026009902,pattern,signed_norm_drift,k_stored,12,recent,max,12,0,0
stored_norm_error,7,0.05510476083984045,0.019099934164233372,-0.02963570966146354,pattern,signed_norm_drift,k_stored,12,recent,mean,10,2,0
stored_norm_error,7,0.046683584004568957,0.014854877001141631,-0.024507188029829763,pattern,signed_norm_drift,k_stored,12,recent,p50,10,2,0
stored_norm_error,7,0.20031204294646163,0.06505858066993825,-0.1310216798738111,pattern,signed_norm_drift,k_stored,12,recent,p90,12,0,0
stored_norm_error,7,0.26466577419159854,0.08550664686736123,-0.17253723692701883,pattern,signed_norm_drift,k_stored,12,recent,p95,12,0,0
stored_norm_error,7,0.4553519111291821,0.14331685403485597,-0.33942095994861987,pattern,signed_norm_drift,k_stored,12,recent,p99,12,0,0
source_state_norm_drift,7,1.679535288887564,0.47652308594842907,-1.1026503778994083,pattern,abs_log_norm_ratio,q_source,12,all_tokens,max,12,0,0
source_state_norm_drift,7,0.0952177071438027,0.025521371010975236,-0.07119883070015157,pattern,abs_log_norm_ratio,q_source,12,all_tokens,mean,12,0,0
source_state_norm_drift,7,0.062078033151919954,0.015687286415413837,-0.04674769078701502,pattern,abs_log_norm_ratio,q_source,12,all_tokens,p50,12,0,0
source_state_norm_drift,7,0.23234308354149108,0.061782627813954605,-0.17253871581051503,pattern,abs_log_norm_ratio,q_source,12,all_tokens,p90,12,0,0
source_state_norm_drift,7,0.28869749390141797,0.08070074755014503,-0.2088541466284368,pattern,abs_log_norm_ratio,q_source,12,all_tokens,p95,12,0,0
source_state_norm_drift,7,0.4209102280682417,0.13068203227798209,-0.2929329836736723,pattern,abs_log_norm_ratio,q_source,12,all_tokens,p99,12,0,0
source_state_norm_drift,7,1.560304895043373,0.2993396520614624,-1.2889284789562225,pattern,direction_error,q_source,12,all_tokens,max,12,0,0
source_state_norm_drift,7,0.06355846504991061,0.004532356557732631,-0.059238174190064295,pattern,direction_error,q_source,12,all_tokens,mean,12,0,0
source_state_norm_drift,7,0.050295114517211914,0.0019204393029212952,-0.04857228696346283,pattern,direction_error,q_source,12,all_tokens,p50,12,0,0
source_state_norm_drift,7,0.12932040095329284,0.01076270788908005,-0.1189012810587883,pattern,direction_error,q_source,12,all_tokens,p90,12,0,0
source_state_norm_drift,7,0.17614087983965865,0.016625233739614484,-0.15636961460113516,pattern,direction_error,q_source,12,all_tokens,p95,12,0,0
source_state_norm_drift,7,0.3154671335220333,0.03775121733546248,-0.2777159161865709,pattern,direction_error,q_source,12,all_tokens,p99,12,0,0
source_state_norm_drift,7,1.9682843685150146,0.5070134103298187,-1.3837504386901855,pattern,norm_ratio,q_source,12,all_tokens,max,12,0,0
source_state_norm_drift,7,0.06732117159519918,0.02055413241794593,-0.04696698977246749,pattern,norm_ratio,q_source,12,all_tokens,mean,12,0,0
source_state_norm_drift,7,0.03341617435216904,0.01225879043340683,-0.02176809310913086,pattern,norm_ratio,q_source,12,all_tokens,p50,10,2,0
source_state_norm_drift,7,0.23316933810710877,0.060744282603263866,-0.17109431922435747,pattern,norm_ratio,q_source,12,all_tokens,p90,12,0,0
source_state_norm_drift,7,0.2925215527415276,0.08026212155818935,-0.2113846629858016,pattern,norm_ratio,q_source,12,all_tokens,p95,12,0,0
source_state_norm_drift,7,0.4258432579040531,0.13040602982044225,-0.30241958945989605,pattern,norm_ratio,q_source,12,all_tokens,p99,12,0,0
source_state_norm_drift,7,4.206963457836537,1.4797288752160966,-2.425052985548973,pattern,relative_L2,q_source,12,all_tokens,max,12,0,0
source_state_norm_drift,7,0.6024828290924618,0.14131095427543794,-0.46490203646181616,pattern,relative_L2,q_source,12,all_tokens,mean,12,0,0
source_state_norm_drift,7,0.654098509803589,0.11733099880075315,-0.5380816512333695,pattern,relative_L2,q_source,12,all_tokens,p50,12,0,0
source_state_norm_drift,7,1.0481146626494593,0.2914433961035684,-0.7543823144107591,pattern,relative_L2,q_source,12,all_tokens,p90,12,0,0
source_state_norm_drift,7,1.2228459531244877,0.364638168257079,-0.8474608422984602,pattern,relative_L2,q_source,12,all_tokens,p95,12,0,0
source_state_norm_drift,7,1.6362808789443786,0.5490385142600276,-1.0594127116672458,pattern,relative_L2,q_source,12,all_tokens,p99,12,0,0
source_state_norm_drift,7,1.96757736003201,0.5051606372871902,-1.3605984427849762,pattern,relative_norm_error,q_source,12,all_tokens,max,12,0,0
source_state_norm_drift,7,0.0972863962176394,0.02569986632146601,-0.07290001523665737,pattern,relative_norm_error,q_source,12,all_tokens,mean,12,0,0
source_state_norm_drift,7,0.06233872233678994,0.0157226040655587,-0.04696907338438905,pattern,relative_norm_error,q_source,12,all_tokens,p50,12,0,0
source_state_norm_drift,7,0.23828545795186074,0.06223256097291596,-0.17774818975885867,pattern,relative_norm_error,q_source,12,all_tokens,p90,12,0,0
source_state_norm_drift,7,0.29791949722311983,0.0814690269260609,-0.21694906423363136,pattern,relative_norm_error,q_source,12,all_tokens,p95,12,0,0
source_state_norm_drift,7,0.43781336562766227,0.1326853652230781,-0.3095564330238272,pattern,relative_norm_error,q_source,12,all_tokens,p99,12,0,0
source_state_norm_drift,7,1.9682844127091812,0.507013608541456,-1.3837502709357068,pattern,signed_norm_drift,q_source,12,all_tokens,max,12,0,0
source_state_norm_drift,7,0.06732117187149823,0.020554132111821256,-0.04696698986148792,pattern,signed_norm_drift,q_source,12,all_tokens,mean,12,0,0
source_state_norm_drift,7,0.03341617240780259,0.012258777869853077,-0.021768051297755164,pattern,signed_norm_drift,q_source,12,all_tokens,p50,10,2,0
source_state_norm_drift,7,0.23316930559558388,0.06074442072094827,-0.17109430709751908,pattern,signed_norm_drift,q_source,12,all_tokens,p90,12,0,0
source_state_norm_drift,7,0.2925215900617331,0.08026216743928671,-0.21138465744152196,pattern,signed_norm_drift,q_source,12,all_tokens,p95,12,0,0
source_state_norm_drift,7,0.42584326600022926,0.13040601650805905,-0.30241951912161336,pattern,signed_norm_drift,q_source,12,all_tokens,p99,12,0,0
source_state_norm_drift,7,1.8288884411449544,0.720218768081395,-1.0327930613420904,pattern,abs_log_norm_ratio,v_source,12,all_tokens,max,12,0,0
source_state_norm_drift,7,0.1523979324923012,0.03423651957768312,-0.11465595173479146,pattern,abs_log_norm_ratio,v_source,12,all_tokens,mean,12,0,0
source_state_norm_drift,7,0.09363239484810038,0.017064655949070584,-0.07534438689617673,pattern,abs_log_norm_ratio,v_source,12,all_tokens,p50,12,0,0
source_state_norm_drift,7,0.3823729975316383,0.08662697136605857,-0.28455665593646706,pattern,abs_log_norm_ratio,v_source,12,all_tokens,p90,12,0,0
source_state_norm_drift,7,0.48930882414970234,0.12050037210574369,-0.35734083048300813,pattern,abs_log_norm_ratio,v_source,12,all_tokens,p95,12,0,0
source_state_norm_drift,7,0.7736720048404825,0.21118971603093084,-0.5219226619639079,pattern,abs_log_norm_ratio,v_source,12,all_tokens,p99,12,0,0
source_state_norm_drift,7,3.2108014822006226,0.7022760212421417,-2.439941421151161,pattern,direction_error,v_source,12,all_tokens,max,12,0,0
source_state_norm_drift,7,0.34035861464200773,0.0243303866654634,-0.31770502552725044,pattern,direction_error,v_source,12,all_tokens,mean,12,0,0
source_state_norm_drift,7,0.3005305305123329,0.012053146958351135,-0.2895454689860344,pattern,direction_error,v_source,12,all_tokens,p50,12,0,0
source_state_norm_drift,7,0.6890974253416062,0.05858554244041443,-0.6340453281998636,pattern,direction_error,v_source,12,all_tokens,p90,12,0,0
source_state_norm_drift,7,0.858647023141384,0.08591237068176265,-0.7771136112511157,pattern,direction_error,v_source,12,all_tokens,p95,12,0,0
source_state_norm_drift,7,1.3303119318187229,0.17397795900702467,-1.136275518685579,pattern,direction_error,v_source,12,all_tokens,p99,12,0,0
source_state_norm_drift,7,2.073236882686615,0.7303111255168915,-1.2238447964191437,pattern,norm_ratio,v_source,12,all_tokens,max,12,0,0
source_state_norm_drift,7,-0.027395184897557934,-0.00023836393648235532,0.026135978338181348,pattern,norm_ratio,v_source,12,all_tokens,mean,0,12,0
source_state_norm_drift,7,-0.004618793725967407,0.00013168156147003174,0.004535369575023651,pattern,norm_ratio,v_source,12,all_tokens,p50,0,12,0
source_state_norm_drift,7,0.19934689104557035,0.05293380618095389,-0.14208052754402173,pattern,norm_ratio,v_source,12,all_tokens,p90,12,0,0
source_state_norm_drift,7,0.29672410339117034,0.08408636301755901,-0.209628626704216,pattern,norm_ratio,v_source,12,all_tokens,p95,12,0,0
source_state_norm_drift,7,0.5325048398971552,0.1682978519797318,-0.3754105669260029,pattern,norm_ratio,v_source,12,all_tokens,p99,12,0,0
source_state_norm_drift,7,5.892026409739628,2.365832775773015,-3.2992675056448206,pattern,relative_L2,v_source,12,all_tokens,max,12,0,0
source_state_norm_drift,7,1.3627703714717483,0.3277358052235175,-1.0355029943506548,pattern,relative_L2,v_source,12,all_tokens,mean,12,0,0
source_state_norm_drift,7,1.528971414983971,0.28630870846973266,-1.2375415614806116,pattern,relative_L2,v_source,12,all_tokens,p50,12,0,0
source_state_norm_drift,7,2.3205980800325055,0.6696645571966656,-1.6085420527320817,pattern,relative_L2,v_source,12,all_tokens,p90,12,0,0
source_state_norm_drift,7,2.6183785765519136,0.8142662210128035,-1.7258402066712737,pattern,relative_L2,v_source,12,all_tokens,p95,12,0,0
source_state_norm_drift,7,3.235381010845302,1.163268547073821,-1.9994765217893276,pattern,relative_L2,v_source,12,all_tokens,p99,12,0,0
source_state_norm_drift,7,2.0732682800735347,0.7624813682923559,-1.2239180473261513,pattern,relative_norm_error,v_source,12,all_tokens,max,12,0,0
source_state_norm_drift,7,0.15109665537997766,0.03421443581395159,-0.11327412418375686,pattern,relative_norm_error,v_source,12,all_tokens,mean,12,0,0
source_state_norm_drift,7,0.09355133678036509,0.01704925082231057,-0.0752524234012526,pattern,relative_norm_error,v_source,12,all_tokens,p50,12,0,0
source_state_norm_drift,7,0.3789293419416936,0.0865592279478733,-0.2813254511609557,pattern,relative_norm_error,v_source,12,all_tokens,p90,12,0,0
source_state_norm_drift,7,0.4811646777365236,0.12050252360095318,-0.34775858731736664,pattern,relative_norm_error,v_source,12,all_tokens,p95,12,0,0
source_state_norm_drift,7,0.7443638735068083,0.210729256531631,-0.506748426117992,pattern,relative_norm_error,v_source,12,all_tokens,p99,12,0,0
source_state_norm_drift,7,2.073236774565885,0.7303111375949811,-1.2238447911804542,pattern,signed_norm_drift,v_source,12,all_tokens,max,12,0,0
source_state_norm_drift,7,-0.02739518308529658,-0.00023836485042042063,0.026135978132780263,pattern,signed_norm_drift,v_source,12,all_tokens,mean,0,12,0
source_state_norm_drift,7,-0.004618835812095767,0.000131708840925171,0.00453543379222765,pattern,signed_norm_drift,v_source,12,all_tokens,p50,0,12,0
source_state_norm_drift,7,0.19934690757072537,0.05293377052003054,-0.14208055736235115,pattern,signed_norm_drift,v_source,12,all_tokens,p90,12,0,0
source_state_norm_drift,7,0.2967240610010775,0.0840863425444695,-0.2096285649742639,pattern,signed_norm_drift,v_source,12,all_tokens,p95,12,0,0
source_state_norm_drift,7,0.5325047924534007,0.1682977467519225,-0.3754105500230803,pattern,signed_norm_drift,v_source,12,all_tokens,p99,12,0,0
representation_norm_error,7,0.0015589594841003418,-0.09462307393550873,-0.09618203341960907,pattern,abs_log_norm_ratio,v_stored,1,packed_history,max,1,0,0
representation_norm_error,7,0.04467105116014573,0.0487772170579292,0.0041061658977834675,pattern,abs_log_norm_ratio,v_stored,1,packed_history,mean,0,1,0
representation_norm_error,7,0.056645894423127174,0.06006285734474659,0.0034169629216194153,pattern,abs_log_norm_ratio,v_stored,1,packed_history,p50,0,1,0
representation_norm_error,7,0.04524049088358889,0.049552591890096614,0.004312101006507724,pattern,abs_log_norm_ratio,v_stored,1,packed_history,p90,0,1,0
representation_norm_error,7,0.025500924885272905,0.033814920485019856,0.008313995599746951,pattern,abs_log_norm_ratio,v_stored,1,packed_history,p95,0,1,0
representation_norm_error,7,-0.018641683161258443,0.002094464823603634,0.020736147984862077,pattern,abs_log_norm_ratio,v_stored,1,packed_history,p99,0,1,0
representation_norm_error,7,-0.0017064213752746582,-0.09721639752388,-0.09550997614860535,pattern,direction_error,v_stored,1,packed_history,max,1,0,0
representation_norm_error,7,0.027842644309203024,0.0320150304969502,0.004172386187747179,pattern,direction_error,v_stored,1,packed_history,mean,0,1,0
representation_norm_error,7,0.03999011218547821,0.04453875124454498,0.0045486390590667725,pattern,direction_error,v_stored,1,packed_history,p50,0,1,0
representation_norm_error,7,0.015604671835899357,0.022861847281455988,0.007257175445556631,pattern,direction_error,v_stored,1,packed_history,p90,0,1,0
representation_norm_error,7,0.0023545265197754267,0.013143710792064667,0.01078918427228924,pattern,direction_error,v_stored,1,packed_history,p95,0,1,0
representation_norm_error,7,-0.02930722087621694,-0.012558476328849738,0.016748744547367203,pattern,direction_error,v_stored,1,packed_history,p99,0,1,0
representation_norm_error,7,0.003547072410583496,-0.12237530946731567,-0.12592238187789917,pattern,norm_ratio,v_stored,1,packed_history,max,1,0,0
representation_norm_error,7,0.04988524324289756,0.05452619132847758,0.004640948085580021,pattern,norm_ratio,v_stored,1,packed_history,mean,0,1,0
representation_norm_error,7,0.06224709749221802,0.06592884659767151,0.003681749105453491,pattern,norm_ratio,v_stored,1,packed_history,p50,0,1,0
representation_norm_error,7,0.05253357887268073,0.05757431983947736,0.005040740966796631,pattern,norm_ratio,v_stored,1,packed_history,p90,0,1,0
representation_norm_error,7,0.030405586957931385,0.04020017385482777,0.009794586896896385,pattern,norm_ratio,v_stored,1,packed_history,p95,0,1,0
representation_norm_error,7,-0.02206129848957028,0.0031398552656175527,0.025201153755187833,pattern,norm_ratio,v_stored,1,packed_history,p99,0,1,0
representation_norm_error,7,-0.008508086204528809,-0.31423547863960266,-0.30572739243507385,pattern,relative_L2,v_stored,1,packed_history,max,1,0,0
representation_norm_error,7,0.08543360987766846,0.09880407723255757,0.013370467354889115,pattern,relative_L2,v_stored,1,packed_history,mean,0,1,0
representation_norm_error,7,0.13166171312332153,0.1412971243262291,0.009635411202907562,pattern,relative_L2,v_stored,1,packed_history,p50,0,1,0
representation_norm_error,7,0.041361510753631425,0.0629543527960778,0.02159284204244638,pattern,relative_L2,v_stored,1,packed_history,p90,0,1,0
representation_norm_error,7,0.0062677249312398375,0.04180107116699194,0.035533346235752106,pattern,relative_L2,v_stored,1,packed_history,p95,0,1,0
representation_norm_error,7,-0.05795772880315758,-0.03187173724174569,0.026085991561411892,pattern,relative_L2,v_stored,1,packed_history,p99,0,1,0
representation_norm_error,7,0.0035472512245178223,-0.12237530946731567,-0.1259225606918335,pattern,relative_norm_error,v_stored,1,packed_history,max,1,0,0
representation_norm_error,7,0.04934760518959323,0.05386909257208908,0.004521487382495845,pattern,relative_norm_error,v_stored,1,packed_history,mean,0,1,0
representation_norm_error,7,0.0622471421957016,0.06592882424592972,0.003681682050228119,pattern,relative_norm_error,v_stored,1,packed_history,p50,0,1,0
representation_norm_error,7,0.05253368914127357,0.057574421912431714,0.0050407327711581434,pattern,relative_norm_error,v_stored,1,packed_history,p90,0,1,0
representation_norm_error,7,0.03040543943643559,0.04020018912851828,0.009794749692082688,pattern,relative_norm_error,v_stored,1,packed_history,p95,0,1,0
representation_norm_error,7,-0.02206137113273106,0.003139872327446988,0.025201243460178047,pattern,relative_norm_error,v_stored,1,packed_history,p99,0,1,0
representation_norm_error,7,0.0035472512245178223,-0.12237530946731567,-0.1259225606918335,pattern,signed_norm_drift,v_stored,1,packed_history,max,1,0,0
representation_norm_error,7,0.0498852406476102,0.054526189550597265,0.004640948902987066,pattern,signed_norm_drift,v_stored,1,packed_history,mean,0,1,0
representation_norm_error,7,0.0622471421957016,0.06592882424592972,0.003681682050228119,pattern,signed_norm_drift,v_stored,1,packed_history,p50,0,1,0
representation_norm_error,7,0.05253368914127357,0.057574421912431714,0.0050407327711581434,pattern,signed_norm_drift,v_stored,1,packed_history,p90,0,1,0
representation_norm_error,7,0.03040543943643559,0.04020018912851828,0.009794749692082688,pattern,signed_norm_drift,v_stored,1,packed_history,p95,0,1,0
representation_norm_error,7,-0.02206137113273106,0.003139872327446988,0.025201243460178047,pattern,signed_norm_drift,v_stored,1,packed_history,p99,0,1,0
representation_norm_error,7,0.0,0.0,0.0,pattern,abs_log_norm_ratio,v_stored,12,pending_history,max,0,0,12
representation_norm_error,7,0.0,0.0,0.0,pattern,abs_log_norm_ratio,v_stored,12,pending_history,mean,0,0,12
representation_norm_error,7,0.0,0.0,0.0,pattern,abs_log_norm_ratio,v_stored,12,pending_history,p50,0,0,12
representation_norm_error,7,0.0,0.0,0.0,pattern,abs_log_norm_ratio,v_stored,12,pending_history,p90,0,0,12
representation_norm_error,7,0.0,0.0,0.0,pattern,abs_log_norm_ratio,v_stored,12,pending_history,p95,0,0,12
representation_norm_error,7,0.0,0.0,0.0,pattern,abs_log_norm_ratio,v_stored,12,pending_history,p99,0,0,12
representation_norm_error,7,-2.9802322387695312e-08,2.9802322387695312e-08,-4.470348358154297e-08,pattern,direction_error,v_stored,12,pending_history,max,7,5,0
representation_norm_error,7,-2.8770563064836944e-09,2.516886188014561e-09,9.346326827760798e-10,pattern,direction_error,v_stored,12,pending_history,mean,3,9,0
representation_norm_error,7,0.0,0.0,0.0,pattern,direction_error,v_stored,12,pending_history,p50,0,0,12
representation_norm_error,7,-7.450580596923828e-09,2.9802322387695312e-08,1.4901161193847656e-08,pattern,direction_error,v_stored,12,pending_history,p90,1,6,5
representation_norm_error,7,0.0,0.0,0.0,pattern,direction_error,v_stored,12,pending_history,p95,0,0,12
representation_norm_error,7,-1.0281801223754002e-08,0.0,4.321336746216125e-09,pattern,direction_error,v_stored,12,pending_history,p99,4,6,2
representation_norm_error,7,0.0,0.0,0.0,pattern,norm_ratio,v_stored,12,pending_history,max,0,0,12
representation_norm_error,7,0.0,0.0,0.0,pattern,norm_ratio,v_stored,12,pending_history,mean,0,0,12
representation_norm_error,7,0.0,0.0,0.0,pattern,norm_ratio,v_stored,12,pending_history,p50,0,0,12
representation_norm_error,7,0.0,0.0,0.0,pattern,norm_ratio,v_stored,12,pending_history,p90,0,0,12
representation_norm_error,7,0.0,0.0,0.0,pattern,norm_ratio,v_stored,12,pending_history,p95,0,0,12
representation_norm_error,7,0.0,0.0,0.0,pattern,norm_ratio,v_stored,12,pending_history,p99,0,0,12
representation_norm_error,7,0.0,0.0,0.0,pattern,relative_L2,v_stored,12,pending_history,max,0,0,12
representation_norm_error,7,0.0,0.0,0.0,pattern,relative_L2,v_stored,12,pending_history,mean,0,0,12
representation_norm_error,7,0.0,0.0,0.0,pattern,relative_L2,v_stored,12,pending_history,p50,0,0,12
representation_norm_error,7,0.0,0.0,0.0,pattern,relative_L2,v_stored,12,pending_history,p90,0,0,12
representation_norm_error,7,0.0,0.0,0.0,pattern,relative_L2,v_stored,12,pending_history,p95,0,0,12
representation_norm_error,7,0.0,0.0,0.0,pattern,relative_L2,v_stored,12,pending_history,p99,0,0,12
representation_norm_error,7,0.0,0.0,0.0,pattern,relative_norm_error,v_stored,12,pending_history,max,0,0,12
representation_norm_error,7,0.0,0.0,0.0,pattern,relative_norm_error,v_stored,12,pending_history,mean,0,0,12
representation_norm_error,7,0.0,0.0,0.0,pattern,relative_norm_error,v_stored,12,pending_history,p50,0,0,12
representation_norm_error,7,0.0,0.0,0.0,pattern,relative_norm_error,v_stored,12,pending_history,p90,0,0,12
representation_norm_error,7,0.0,0.0,0.0,pattern,relative_norm_error,v_stored,12,pending_history,p95,0,0,12
representation_norm_error,7,0.0,0.0,0.0,pattern,relative_norm_error,v_stored,12,pending_history,p99,0,0,12
representation_norm_error,7,0.0,0.0,0.0,pattern,signed_norm_drift,v_stored,12,pending_history,max,0,0,12
representation_norm_error,7,0.0,0.0,0.0,pattern,signed_norm_drift,v_stored,12,pending_history,mean,0,0,12
representation_norm_error,7,0.0,0.0,0.0,pattern,signed_norm_drift,v_stored,12,pending_history,p50,0,0,12
representation_norm_error,7,0.0,0.0,0.0,pattern,signed_norm_drift,v_stored,12,pending_history,p90,0,0,12
representation_norm_error,7,0.0,0.0,0.0,pattern,signed_norm_drift,v_stored,12,pending_history,p95,0,0,12
representation_norm_error,7,0.0,0.0,0.0,pattern,signed_norm_drift,v_stored,12,pending_history,p99,0,0,12
representation_norm_error,7,0.0,0.0,0.0,pattern,abs_log_norm_ratio,v_stored,12,recent,max,0,0,12
representation_norm_error,7,0.0,0.0,0.0,pattern,abs_log_norm_ratio,v_stored,12,recent,mean,0,0,12
representation_norm_error,7,0.0,0.0,0.0,pattern,abs_log_norm_ratio,v_stored,12,recent,p50,0,0,12
representation_norm_error,7,0.0,0.0,0.0,pattern,abs_log_norm_ratio,v_stored,12,recent,p90,0,0,12
representation_norm_error,7,0.0,0.0,0.0,pattern,abs_log_norm_ratio,v_stored,12,recent,p95,0,0,12
representation_norm_error,7,0.0,0.0,0.0,pattern,abs_log_norm_ratio,v_stored,12,recent,p99,0,0,12
representation_norm_error,7,5.960464477539063e-08,2.9802322387695312e-08,0.0,pattern,direction_error,v_stored,12,recent,max,6,6,0
representation_norm_error,7,2.7212081477046013e-09,-1.469743438065052e-09,1.760781742632389e-09,pattern,direction_error,v_stored,12,recent,mean,5,7,0
representation_norm_error,7,0.0,0.0,0.0,pattern,direction_error,v_stored,12,recent,p50,0,0,12
representation_norm_error,7,0.0,0.0,0.0,pattern,direction_error,v_stored,12,recent,p90,2,3,7
representation_norm_error,7,0.0,0.0,0.0,pattern,direction_error,v_stored,12,recent,p95,0,0,12
representation_norm_error,7,0.0,0.0,0.0,pattern,direction_error,v_stored,12,recent,p99,2,2,8
representation_norm_error,7,0.0,0.0,0.0,pattern,norm_ratio,v_stored,12,recent,max,0,0,12
representation_norm_error,7,0.0,0.0,0.0,pattern,norm_ratio,v_stored,12,recent,mean,0,0,12
representation_norm_error,7,0.0,0.0,0.0,pattern,norm_ratio,v_stored,12,recent,p50,0,0,12
representation_norm_error,7,0.0,0.0,0.0,pattern,norm_ratio,v_stored,12,recent,p90,0,0,12
representation_norm_error,7,0.0,0.0,0.0,pattern,norm_ratio,v_stored,12,recent,p95,0,0,12
representation_norm_error,7,0.0,0.0,0.0,pattern,norm_ratio,v_stored,12,recent,p99,0,0,12
representation_norm_error,7,0.0,0.0,0.0,pattern,relative_L2,v_stored,12,recent,max,0,0,12
representation_norm_error,7,0.0,0.0,0.0,pattern,relative_L2,v_stored,12,recent,mean,0,0,12
representation_norm_error,7,0.0,0.0,0.0,pattern,relative_L2,v_stored,12,recent,p50,0,0,12
representation_norm_error,7,0.0,0.0,0.0,pattern,relative_L2,v_stored,12,recent,p90,0,0,12
representation_norm_error,7,0.0,0.0,0.0,pattern,relative_L2,v_stored,12,recent,p95,0,0,12
representation_norm_error,7,0.0,0.0,0.0,pattern,relative_L2,v_stored,12,recent,p99,0,0,12
representation_norm_error,7,0.0,0.0,0.0,pattern,relative_norm_error,v_stored,12,recent,max,0,0,12
representation_norm_error,7,0.0,0.0,0.0,pattern,relative_norm_error,v_stored,12,recent,mean,0,0,12
representation_norm_error,7,0.0,0.0,0.0,pattern,relative_norm_error,v_stored,12,recent,p50,0,0,12
representation_norm_error,7,0.0,0.0,0.0,pattern,relative_norm_error,v_stored,12,recent,p90,0,0,12
representation_norm_error,7,0.0,0.0,0.0,pattern,relative_norm_error,v_stored,12,recent,p95,0,0,12
representation_norm_error,7,0.0,0.0,0.0,pattern,relative_norm_error,v_stored,12,recent,p99,0,0,12
representation_norm_error,7,0.0,0.0,0.0,pattern,signed_norm_drift,v_stored,12,recent,max,0,0,12
representation_norm_error,7,0.0,0.0,0.0,pattern,signed_norm_drift,v_stored,12,recent,mean,0,0,12
representation_norm_error,7,0.0,0.0,0.0,pattern,signed_norm_drift,v_stored,12,recent,p50,0,0,12
representation_norm_error,7,0.0,0.0,0.0,pattern,signed_norm_drift,v_stored,12,recent,p90,0,0,12
representation_norm_error,7,0.0,0.0,0.0,pattern,signed_norm_drift,v_stored,12,recent,p95,0,0,12
representation_norm_error,7,0.0,0.0,0.0,pattern,signed_norm_drift,v_stored,12,recent,p99,0,0,12
stored_norm_error,7,0.0015589594841003418,-0.023615501821041107,-0.02517446130514145,pattern,abs_log_norm_ratio,v_stored,1,packed_history,max,1,0,0
stored_norm_error,7,0.04106420680396305,0.04638246559911657,0.005318258795153519,pattern,abs_log_norm_ratio,v_stored,1,packed_history,mean,0,1,0
stored_norm_error,7,0.031899360939860344,0.056177498772740364,0.02427813783288002,pattern,abs_log_norm_ratio,v_stored,1,packed_history,p50,0,1,0
stored_norm_error,7,0.12690306082367897,0.06154252141714096,-0.065360539406538,pattern,abs_log_norm_ratio,v_stored,1,packed_history,p90,1,0,0
stored_norm_error,7,0.15112834535539132,0.051794717088341755,-0.09933362826704957,pattern,abs_log_norm_ratio,v_stored,1,packed_history,p95,1,0,0
stored_norm_error,7,0.21869961179792924,0.03458838835358613,-0.1841112234443431,pattern,abs_log_norm_ratio,v_stored,1,packed_history,p99,1,0,0
stored_norm_error,7,1.148839682340622,0.1281220018863678,-1.0207176804542542,pattern,direction_error,v_stored,1,packed_history,max,1,0,0
stored_norm_error,7,0.27516520593690075,0.05969921838641312,-0.21546598755048763,pattern,direction_error,v_stored,1,packed_history,mean,1,0,0
stored_norm_error,7,0.24736350774765015,0.07129022479057312,-0.17607328295707703,pattern,direction_error,v_stored,1,packed_history,p50,1,0,0
stored_norm_error,7,0.4568149507045747,0.06374179720878603,-0.39307315349578864,pattern,direction_error,v_stored,1,packed_history,p90,1,0,0
stored_norm_error,7,0.5584745109081268,0.0595137685537338,-0.498960742354393,pattern,direction_error,v_stored,1,packed_history,p95,1,0,0
stored_norm_error,7,1.1278932374715798,0.06467062711715701,-1.0632226103544227,pattern,direction_error,v_stored,1,packed_history,p99,1,0,0
stored_norm_error,7,0.003547072410583496,-0.024620473384857178,-0.028167545795440674,pattern,norm_ratio,v_stored,1,packed_history,max,1,0,0
stored_norm_error,7,0.03294996999011346,0.05127134424401447,0.018321374253901013,pattern,norm_ratio,v_stored,1,packed_history,mean,0,1,0
stored_norm_error,7,0.031309157609939575,0.06159558892250061,0.030286431312561035,pattern,norm_ratio,v_stored,1,packed_history,p50,0,1,0
stored_norm_error,7,0.14744582772254955,0.07156460285186783,-0.07588122487068172,pattern,norm_ratio,v_stored,1,packed_history,p90,1,0,0
stored_norm_error,7,0.18041143417358407,0.06148890852928135,-0.11892252564430272,pattern,norm_ratio,v_stored,1,packed_history,p95,1,0,0
stored_norm_error,7,0.27512223958969195,0.042914015650748816,-0.23220822393894314,pattern,norm_ratio,v_stored,1,packed_history,p99,1,0,0
stored_norm_error,7,-0.008508086204528809,-0.019199222326278687,-0.010691136121749878,pattern,relative_L2,v_stored,1,packed_history,max,1,0,0
stored_norm_error,7,0.5720114049788627,0.16412123067411244,-0.4078901743047503,pattern,relative_L2,v_stored,1,packed_history,mean,1,0,0
stored_norm_error,7,0.5847527161240578,0.20566817373037338,-0.3790845423936844,pattern,relative_L2,v_stored,1,packed_history,p50,1,0,0
stored_norm_error,7,0.8396440759301184,0.14684105813503262,-0.6928030177950857,pattern,relative_L2,v_stored,1,packed_history,p90,1,0,0
stored_norm_error,7,0.949086101353168,0.14085813164711003,-0.8082279697060579,pattern,relative_L2,v_stored,1,packed_history,p95,1,0,0
stored_norm_error,7,1.5616174435615535,0.10173155069351114,-1.4598858928680425,pattern,relative_L2,v_stored,1,packed_history,p99,1,0,0
stored_norm_error,7,0.0035472512245178223,-0.024620413780212402,-0.028167665004730225,pattern,relative_norm_error,v_stored,1,packed_history,max,1,0,0
stored_norm_error,7,0.04830243917656933,0.05175068461783798,0.003448245441268649,pattern,relative_norm_error,v_stored,1,packed_history,mean,0,1,0
stored_norm_error,7,0.03440883196890354,0.06167374178767204,0.0272649098187685,pattern,relative_norm_error,v_stored,1,packed_history,p50,0,1,0
stored_norm_error,7,0.14765272364020346,0.07156944721937179,-0.07608327642083167,pattern,relative_norm_error,v_stored,1,packed_history,p90,1,0,0
stored_norm_error,7,0.18056045360863204,0.061488962173461975,-0.11907149143517007,pattern,relative_norm_error,v_stored,1,packed_history,p95,1,0,0
stored_norm_error,7,0.2760364794731146,0.0429139719903468,-0.2331225074827678,pattern,relative_norm_error,v_stored,1,packed_history,p99,1,0,0
stored_norm_error,7,0.0035472512245178223,-0.024620413780212402,-0.028167665004730225,pattern,signed_norm_drift,v_stored,1,packed_history,max,1,0,0
stored_norm_error,7,0.03294996629198656,0.05127134108848071,0.01832137479649415,pattern,signed_norm_drift,v_stored,1,packed_history,mean,0,1,0
stored_norm_error,7,0.03130913898348808,0.06159549951553345,0.030286360532045364,pattern,signed_norm_drift,v_stored,1,packed_history,p50,0,1,0
stored_norm_error,7,0.1474459022283555,0.07156464979052544,-0.07588125243783005,pattern,signed_norm_drift,v_stored,1,packed_history,p90,1,0,0
stored_norm_error,7,0.18041136451065534,0.061488962173461975,-0.11892240233719337,pattern,signed_norm_drift,v_stored,1,packed_history,p95,1,0,0
stored_norm_error,7,0.27512214779853883,0.0429139719903468,-0.23220817580819203,pattern,signed_norm_drift,v_stored,1,packed_history,p99,1,0,0
stored_norm_error,7,1.3193220889370423,0.3989742442063289,-0.8293753683246905,pattern,abs_log_norm_ratio,v_stored,12,pending_history,max,12,0,0
stored_norm_error,7,0.21032112849935403,0.05205510293982003,-0.15415658180281064,pattern,abs_log_norm_ratio,v_stored,12,pending_history,mean,12,0,0
stored_norm_error,7,0.16501182674801385,0.03696788821252994,-0.12352128596103285,pattern,abs_log_norm_ratio,v_stored,12,pending_history,p50,12,0,0
stored_norm_error,7,0.4397415904786613,0.11217830775640325,-0.3178893645563221,pattern,abs_log_norm_ratio,v_stored,12,pending_history,p90,12,0,0
stored_norm_error,7,0.5414664842050114,0.14741048152682193,-0.39385103797540044,pattern,abs_log_norm_ratio,v_stored,12,pending_history,p95,12,0,0
stored_norm_error,7,0.8400175971841971,0.2352764065979865,-0.6014336846726656,pattern,abs_log_norm_ratio,v_stored,12,pending_history,p99,12,0,0
stored_norm_error,7,2.139953002333641,0.327046200633049,-1.822873368859291,pattern,direction_error,v_stored,12,pending_history,max,12,0,0
stored_norm_error,7,0.4854660551377581,0.040145384188398234,-0.4501292901420101,pattern,direction_error,v_stored,12,pending_history,mean,12,0,0
stored_norm_error,7,0.42531566321849823,0.02791599929332733,-0.3885767385363579,pattern,direction_error,v_stored,12,pending_history,p50,12,0,0
stored_norm_error,7,0.8093970924615861,0.07914595901966096,-0.7328901112079622,pattern,direction_error,v_stored,12,pending_history,p90,12,0,0
stored_norm_error,7,0.9712855987250804,0.10373817682266234,-0.8617577657103537,pattern,direction_error,v_stored,12,pending_history,p95,12,0,0
stored_norm_error,7,1.505093254297973,0.20256801038980532,-1.2975913377106179,pattern,direction_error,v_stored,12,pending_history,p99,12,0,0
stored_norm_error,7,1.122228592634201,0.3524121642112732,-0.7696426510810852,pattern,norm_ratio,v_stored,12,pending_history,max,12,0,0
stored_norm_error,7,-0.0283576852952441,-0.0002400609700084766,0.03497142365044456,pattern,norm_ratio,v_stored,12,pending_history,mean,0,12,0
stored_norm_error,7,-0.033130742609500885,0.0003922656178474426,0.034318022429943085,pattern,norm_ratio,v_stored,12,pending_history,p50,0,12,0
stored_norm_error,7,0.23878685832023622,0.07494275569915776,-0.1728767454624176,pattern,norm_ratio,v_stored,12,pending_history,p90,12,0,0
stored_norm_error,7,0.3422414883971214,0.10754730403423285,-0.2446925610303876,pattern,norm_ratio,v_stored,12,pending_history,p95,12,0,0
stored_norm_error,7,0.6182471859455094,0.1954498535394667,-0.42466325879097,pattern,norm_ratio,v_stored,12,pending_history,p99,12,0,0
stored_norm_error,7,4.418466913048178,1.5859333604457788,-2.847066064015962,pattern,relative_L2,v_stored,12,pending_history,max,12,0,0
stored_norm_error,7,1.8877916171271318,0.500336577051262,-1.3810877710259404,pattern,relative_L2,v_stored,12,pending_history,mean,12,0,0
stored_norm_error,7,1.8223425755131757,0.45140577071288135,-1.3425129232928157,pattern,relative_L2,v_stored,12,pending_history,p50,12,0,0
stored_norm_error,7,2.504810801986605,0.7649078215094052,-1.712883909232914,pattern,relative_L2,v_stored,12,pending_history,p90,12,0,0
stored_norm_error,7,2.7613153901911573,0.8972443774953716,-1.8622272281965706,pattern,relative_L2,v_stored,12,pending_history,p95,12,0,0
stored_norm_error,7,3.474823248250178,1.2426624722604185,-2.1751968219527034,pattern,relative_L2,v_stored,12,pending_history,p99,12,0,0
stored_norm_error,7,1.276439540393767,0.3942739787307801,-0.8548903624759987,pattern,relative_norm_error,v_stored,12,pending_history,max,12,0,0
stored_norm_error,7,0.20645941525153916,0.05202895085541502,-0.1528091556073473,pattern,relative_norm_error,v_stored,12,pending_history,mean,12,0,0
stored_norm_error,7,0.16408619771573285,0.03704664131237223,-0.12285430197152891,pattern,relative_norm_error,v_stored,12,pending_history,p50,12,0,0
stored_norm_error,7,0.42650894935868566,0.11236011462242464,-0.310222356995655,pattern,relative_norm_error,v_stored,12,pending_history,p90,12,0,0
stored_norm_error,7,0.5275773111174201,0.14765829994139493,-0.38432158358336865,pattern,relative_norm_error,v_stored,12,pending_history,p95,12,0,0
stored_norm_error,7,0.8023571015313794,0.23267405165737748,-0.5637914812039524,pattern,relative_norm_error,v_stored,12,pending_history,p99,12,0,0
stored_norm_error,7,1.1222284998220857,0.35241207166109234,-0.769642868603114,pattern,signed_norm_drift,v_stored,12,pending_history,max,12,0,0
stored_norm_error,7,-0.028357685164057934,-0.0002400615292615279,0.03497142483061799,pattern,signed_norm_drift,v_stored,12,pending_history,mean,0,12,0
stored_norm_error,7,-0.033130711801078405,0.000392265537872305,0.03431797333166742,pattern,signed_norm_drift,v_stored,12,pending_history,p50,0,12,0
stored_norm_error,7,0.23878681253700057,0.07494264972701785,-0.17287673859027564,pattern,signed_norm_drift,v_stored,12,pending_history,p90,12,0,0
stored_norm_error,7,0.34224149030669637,0.10754735680529845,-0.24469251442314985,pattern,signed_norm_drift,v_stored,12,pending_history,p95,12,0,0
stored_norm_error,7,0.6182472233827121,0.19544998132725572,-0.4246633240670781,pattern,signed_norm_drift,v_stored,12,pending_history,p99,12,0,0
stored_norm_error,7,1.3958100544696208,0.49708013034251053,-0.879297973413486,pattern,abs_log_norm_ratio,v_stored,12,recent,max,12,0,0
stored_norm_error,7,0.2147191023037979,0.05546172896183533,-0.15247396377520686,pattern,abs_log_norm_ratio,v_stored,12,recent,mean,12,0,0
stored_norm_error,7,0.166221859448342,0.038720946989997174,-0.12036310854091425,pattern,abs_log_norm_ratio,v_stored,12,recent,p50,12,0,0
stored_norm_error,7,0.45646592366756533,0.11915693132177696,-0.3187014082694076,pattern,abs_log_norm_ratio,v_stored,12,recent,p90,12,0,0
stored_norm_error,7,0.567370972995195,0.16001245454790472,-0.3990017062460536,pattern,abs_log_norm_ratio,v_stored,12,recent,p95,12,0,0
stored_norm_error,7,0.8323350248501808,0.2786140721163245,-0.5755970554728991,pattern,abs_log_norm_ratio,v_stored,12,recent,p99,12,0,0
stored_norm_error,7,2.36112579703331,0.46115751564502716,-1.90443454682827,pattern,direction_error,v_stored,12,recent,max,12,0,0
stored_norm_error,7,0.4942253266926855,0.044303660819423385,-0.44609052981832065,pattern,direction_error,v_stored,12,recent,mean,12,0,0
stored_norm_error,7,0.42969366908073425,0.029497094452381134,-0.39988040924072266,pattern,direction_error,v_stored,12,recent,p50,12,0,0
stored_norm_error,7,0.809014678001404,0.09183872789144519,-0.6991884708404542,pattern,direction_error,v_stored,12,recent,p90,12,0,0
stored_norm_error,7,0.9834877371788022,0.1262844160199164,-0.8329520143568514,pattern,direction_error,v_stored,12,recent,p95,12,0,0
stored_norm_error,7,1.5773580624163142,0.247497025579214,-1.3258425606787196,pattern,direction_error,v_stored,12,recent,p99,12,0,0
stored_norm_error,7,1.3766539096832275,0.4623929560184479,-0.842304527759552,pattern,norm_ratio,v_stored,12,recent,max,12,0,0
stored_norm_error,7,-0.04980044026160613,-0.0007259137782966718,0.04589531688543502,pattern,norm_ratio,v_stored,12,recent,mean,0,12,0
stored_norm_error,7,-0.05202384293079376,0.0009965598583221436,0.04673859477043152,pattern,norm_ratio,v_stored,12,recent,p50,0,12,0
stored_norm_error,7,0.24396490156650574,0.07949975430965445,-0.1685663938522341,pattern,norm_ratio,v_stored,12,recent,p90,12,0,0
stored_norm_error,7,0.32930831015109996,0.11544321924447992,-0.2285134613513945,pattern,norm_ratio,v_stored,12,recent,p95,12,0,0
stored_norm_error,7,0.5806516578793521,0.21811360865831375,-0.39257390081882465,pattern,norm_ratio,v_stored,12,recent,p99,12,0,0
stored_norm_error,7,4.6498613527510315,1.8444741721032187,-2.700357992667705,pattern,relative_L2,v_stored,12,recent,max,12,0,0
stored_norm_error,7,1.9016097500404214,0.5214174803407872,-1.340655394951085,pattern,relative_L2,v_stored,12,recent,mean,12,0,0
stored_norm_error,7,1.8354426972509827,0.4649686749908142,-1.3353336365835276,pattern,relative_L2,v_stored,12,recent,p50,12,0,0
stored_norm_error,7,2.542349603405455,0.8359284880105406,-1.6413856872473844,pattern,relative_L2,v_stored,12,recent,p90,12,0,0
stored_norm_error,7,2.824357074135331,0.9875041641294955,-1.7736014652997254,pattern,relative_L2,v_stored,12,recent,p95,12,0,0
stored_norm_error,7,3.4703098165808473,1.4020668483583718,-2.1168592959840313,pattern,relative_L2,v_stored,12,recent,p99,12,0,0
stored_norm_error,7,1.436798050388461,0.5047089459694689,-0.887524195946753,pattern,relative_norm_error,v_stored,12,recent,max,12,0,0
stored_norm_error,7,0.21110469999321407,0.05541604867455166,-0.14906749759150084,pattern,relative_norm_error,v_stored,12,recent,mean,12,0,0
stored_norm_error,7,0.16594518606871134,0.03872421796768322,-0.11908225396473426,pattern,relative_norm_error,v_stored,12,recent,p50,12,0,0
stored_norm_error,7,0.4489491522013851,0.11917403300103617,-0.3118876869630186,pattern,relative_norm_error,v_stored,12,recent,p90,12,0,0
stored_norm_error,7,0.5504553815175312,0.15861940455069973,-0.37363332229215296,pattern,relative_norm_error,v_stored,12,recent,p95,12,0,0
stored_norm_error,7,0.8070945024977842,0.2749694428208749,-0.5247635248280129,pattern,relative_norm_error,v_stored,12,recent,p99,12,0,0
stored_norm_error,7,1.3766538534255233,0.46239299593435135,-0.8423044172523078,pattern,signed_norm_drift,v_stored,12,recent,max,12,0,0
stored_norm_error,7,-0.04980043609682308,-0.0007259148664333481,0.04589531505670373,pattern,signed_norm_drift,v_stored,12,recent,mean,0,12,0
stored_norm_error,7,-0.05202386168598139,0.0009965851622695254,0.04673857974066209,pattern,signed_norm_drift,v_stored,12,recent,p50,0,12,0
stored_norm_error,7,0.24396485767974815,0.07949993054789958,-0.1685664143325994,pattern,signed_norm_drift,v_stored,12,recent,p90,12,0,0
stored_norm_error,7,0.32930843853027897,0.11544317066473003,-0.22851347200412403,pattern,signed_norm_drift,v_stored,12,recent,p95,12,0,0
stored_norm_error,7,0.5806515199149722,0.21811371063144172,-0.3925739705760495,pattern,signed_norm_drift,v_stored,12,recent,p99,12,0,0
source_state_norm_drift,0,0.0,0.0,0.0,kivi,abs_log_norm_ratio,hidden,12,all_tokens,max,0,0,12
source_state_norm_drift,0,0.0,0.0,0.0,kivi,abs_log_norm_ratio,hidden,12,all_tokens,mean,0,0,12
source_state_norm_drift,0,0.0,0.0,0.0,kivi,abs_log_norm_ratio,hidden,12,all_tokens,p50,0,0,12
source_state_norm_drift,0,0.0,0.0,0.0,kivi,abs_log_norm_ratio,hidden,12,all_tokens,p90,0,0,12
source_state_norm_drift,0,0.0,0.0,0.0,kivi,abs_log_norm_ratio,hidden,12,all_tokens,p95,0,0,12
source_state_norm_drift,0,0.0,0.0,0.0,kivi,abs_log_norm_ratio,hidden,12,all_tokens,p99,0,0,12
source_state_norm_drift,0,0.0,0.0,0.0,kivi,direction_error,hidden,12,all_tokens,max,0,0,12
source_state_norm_drift,0,0.0,0.0,0.0,kivi,direction_error,hidden,12,all_tokens,mean,0,0,12
source_state_norm_drift,0,0.0,0.0,0.0,kivi,direction_error,hidden,12,all_tokens,p50,0,0,12
source_state_norm_drift,0,0.0,0.0,0.0,kivi,direction_error,hidden,12,all_tokens,p90,0,0,12
source_state_norm_drift,0,0.0,0.0,0.0,kivi,direction_error,hidden,12,all_tokens,p95,0,0,12
source_state_norm_drift,0,0.0,0.0,0.0,kivi,direction_error,hidden,12,all_tokens,p99,0,0,12
source_state_norm_drift,0,0.0,0.0,0.0,kivi,norm_ratio,hidden,12,all_tokens,max,0,0,12
source_state_norm_drift,0,0.0,0.0,0.0,kivi,norm_ratio,hidden,12,all_tokens,mean,0,0,12
source_state_norm_drift,0,0.0,0.0,0.0,kivi,norm_ratio,hidden,12,all_tokens,p50,0,0,12
source_state_norm_drift,0,0.0,0.0,0.0,kivi,norm_ratio,hidden,12,all_tokens,p90,0,0,12
source_state_norm_drift,0,0.0,0.0,0.0,kivi,norm_ratio,hidden,12,all_tokens,p95,0,0,12
source_state_norm_drift,0,0.0,0.0,0.0,kivi,norm_ratio,hidden,12,all_tokens,p99,0,0,12
source_state_norm_drift,0,0.0,0.0,0.0,kivi,relative_L2,hidden,12,all_tokens,max,0,0,12
source_state_norm_drift,0,0.0,0.0,0.0,kivi,relative_L2,hidden,12,all_tokens,mean,0,0,12
source_state_norm_drift,0,0.0,0.0,0.0,kivi,relative_L2,hidden,12,all_tokens,p50,0,0,12
source_state_norm_drift,0,0.0,0.0,0.0,kivi,relative_L2,hidden,12,all_tokens,p90,0,0,12
source_state_norm_drift,0,0.0,0.0,0.0,kivi,relative_L2,hidden,12,all_tokens,p95,0,0,12
source_state_norm_drift,0,0.0,0.0,0.0,kivi,relative_L2,hidden,12,all_tokens,p99,0,0,12
source_state_norm_drift,0,0.0,0.0,0.0,kivi,relative_norm_error,hidden,12,all_tokens,max,0,0,12
source_state_norm_drift,0,0.0,0.0,0.0,kivi,relative_norm_error,hidden,12,all_tokens,mean,0,0,12
source_state_norm_drift,0,0.0,0.0,0.0,kivi,relative_norm_error,hidden,12,all_tokens,p50,0,0,12
source_state_norm_drift,0,0.0,0.0,0.0,kivi,relative_norm_error,hidden,12,all_tokens,p90,0,0,12
source_state_norm_drift,0,0.0,0.0,0.0,kivi,relative_norm_error,hidden,12,all_tokens,p95,0,0,12
source_state_norm_drift,0,0.0,0.0,0.0,kivi,relative_norm_error,hidden,12,all_tokens,p99,0,0,12
source_state_norm_drift,0,0.0,0.0,0.0,kivi,signed_norm_drift,hidden,12,all_tokens,max,0,0,12
source_state_norm_drift,0,0.0,0.0,0.0,kivi,signed_norm_drift,hidden,12,all_tokens,mean,0,0,12
source_state_norm_drift,0,0.0,0.0,0.0,kivi,signed_norm_drift,hidden,12,all_tokens,p50,0,0,12
source_state_norm_drift,0,0.0,0.0,0.0,kivi,signed_norm_drift,hidden,12,all_tokens,p90,0,0,12
source_state_norm_drift,0,0.0,0.0,0.0,kivi,signed_norm_drift,hidden,12,all_tokens,p95,0,0,12
source_state_norm_drift,0,0.0,0.0,0.0,kivi,signed_norm_drift,hidden,12,all_tokens,p99,0,0,12
source_state_norm_drift,0,0.0,0.0,0.0,kivi,abs_log_norm_ratio,k_source,12,all_tokens,max,0,0,12
source_state_norm_drift,0,0.0,0.0,0.0,kivi,abs_log_norm_ratio,k_source,12,all_tokens,mean,0,0,12
source_state_norm_drift,0,0.0,0.0,0.0,kivi,abs_log_norm_ratio,k_source,12,all_tokens,p50,0,0,12
source_state_norm_drift,0,0.0,0.0,0.0,kivi,abs_log_norm_ratio,k_source,12,all_tokens,p90,0,0,12
source_state_norm_drift,0,0.0,0.0,0.0,kivi,abs_log_norm_ratio,k_source,12,all_tokens,p95,0,0,12
source_state_norm_drift,0,0.0,0.0,0.0,kivi,abs_log_norm_ratio,k_source,12,all_tokens,p99,0,0,12
source_state_norm_drift,0,1.4901161193847656e-08,1.4901161193847656e-08,0.0,kivi,direction_error,k_source,12,all_tokens,max,0,0,12
source_state_norm_drift,0,-9.411211685869764e-10,-9.411211685869764e-10,0.0,kivi,direction_error,k_source,12,all_tokens,mean,0,0,12
source_state_norm_drift,0,0.0,0.0,0.0,kivi,direction_error,k_source,12,all_tokens,p50,0,0,12
source_state_norm_drift,0,0.0,0.0,0.0,kivi,direction_error,k_source,12,all_tokens,p90,0,0,12
source_state_norm_drift,0,0.0,0.0,0.0,kivi,direction_error,k_source,12,all_tokens,p95,0,0,12
source_state_norm_drift,0,0.0,0.0,0.0,kivi,direction_error,k_source,12,all_tokens,p99,0,0,12
source_state_norm_drift,0,0.0,0.0,0.0,kivi,norm_ratio,k_source,12,all_tokens,max,0,0,12
source_state_norm_drift,0,0.0,0.0,0.0,kivi,norm_ratio,k_source,12,all_tokens,mean,0,0,12
source_state_norm_drift,0,0.0,0.0,0.0,kivi,norm_ratio,k_source,12,all_tokens,p50,0,0,12
source_state_norm_drift,0,0.0,0.0,0.0,kivi,norm_ratio,k_source,12,all_tokens,p90,0,0,12
source_state_norm_drift,0,0.0,0.0,0.0,kivi,norm_ratio,k_source,12,all_tokens,p95,0,0,12
source_state_norm_drift,0,0.0,0.0,0.0,kivi,norm_ratio,k_source,12,all_tokens,p99,0,0,12
source_state_norm_drift,0,0.0,0.0,0.0,kivi,relative_L2,k_source,12,all_tokens,max,0,0,12
source_state_norm_drift,0,0.0,0.0,0.0,kivi,relative_L2,k_source,12,all_tokens,mean,0,0,12
source_state_norm_drift,0,0.0,0.0,0.0,kivi,relative_L2,k_source,12,all_tokens,p50,0,0,12
source_state_norm_drift,0,0.0,0.0,0.0,kivi,relative_L2,k_source,12,all_tokens,p90,0,0,12
source_state_norm_drift,0,0.0,0.0,0.0,kivi,relative_L2,k_source,12,all_tokens,p95,0,0,12
source_state_norm_drift,0,0.0,0.0,0.0,kivi,relative_L2,k_source,12,all_tokens,p99,0,0,12
source_state_norm_drift,0,0.0,0.0,0.0,kivi,relative_norm_error,k_source,12,all_tokens,max,0,0,12
source_state_norm_drift,0,0.0,0.0,0.0,kivi,relative_norm_error,k_source,12,all_tokens,mean,0,0,12
source_state_norm_drift,0,0.0,0.0,0.0,kivi,relative_norm_error,k_source,12,all_tokens,p50,0,0,12
source_state_norm_drift,0,0.0,0.0,0.0,kivi,relative_norm_error,k_source,12,all_tokens,p90,0,0,12
source_state_norm_drift,0,0.0,0.0,0.0,kivi,relative_norm_error,k_source,12,all_tokens,p95,0,0,12
source_state_norm_drift,0,0.0,0.0,0.0,kivi,relative_norm_error,k_source,12,all_tokens,p99,0,0,12
source_state_norm_drift,0,0.0,0.0,0.0,kivi,signed_norm_drift,k_source,12,all_tokens,max,0,0,12
source_state_norm_drift,0,0.0,0.0,0.0,kivi,signed_norm_drift,k_source,12,all_tokens,mean,0,0,12
source_state_norm_drift,0,0.0,0.0,0.0,kivi,signed_norm_drift,k_source,12,all_tokens,p50,0,0,12
source_state_norm_drift,0,0.0,0.0,0.0,kivi,signed_norm_drift,k_source,12,all_tokens,p90,0,0,12
source_state_norm_drift,0,0.0,0.0,0.0,kivi,signed_norm_drift,k_source,12,all_tokens,p95,0,0,12
source_state_norm_drift,0,0.0,0.0,0.0,kivi,signed_norm_drift,k_source,12,all_tokens,p99,0,0,12
representation_norm_error,0,0.00042361021041870117,0.00011464953422546387,-0.0003089606761932373,kivi,abs_log_norm_ratio,k_stored,1,packed_history,max,1,0,0
representation_norm_error,0,9.268116950801944e-05,6.892528749085844e-05,-2.3755882017161e-05,kivi,abs_log_norm_ratio,k_stored,1,packed_history,mean,1,0,0
representation_norm_error,0,0.0007456252351403236,0.00013242103159427643,-0.0006132042035460472,kivi,abs_log_norm_ratio,k_stored,1,packed_history,p50,1,0,0
representation_norm_error,0,-0.0005136329680681465,5.191788077354986e-05,0.0005655508488416963,kivi,abs_log_norm_ratio,k_stored,1,packed_history,p90,0,1,0
representation_norm_error,0,-8.475072681909945e-05,-0.0005408331751822551,-0.00045608244836315565,kivi,abs_log_norm_ratio,k_stored,1,packed_history,p95,1,0,0
representation_norm_error,0,-0.00015998207032676126,-0.00017798550426958992,-1.800343394282866e-05,kivi,abs_log_norm_ratio,k_stored,1,packed_history,p99,1,0,0
representation_norm_error,0,0.0004836916923522949,0.00028961896896362305,-0.00019407272338867188,kivi,direction_error,k_stored,1,packed_history,max,1,0,0
representation_norm_error,0,6.3283569033956155e-06,-2.9681541491299868e-06,-9.296511052525602e-06,kivi,direction_error,k_stored,1,packed_history,mean,1,0,0
representation_norm_error,0,-8.538365364074707e-06,-5.066394805908203e-05,-4.2125582695007324e-05,kivi,direction_error,k_stored,1,packed_history,p50,1,0,0
representation_norm_error,0,1.569986343383234e-05,-0.00015456378459929865,-0.000170263648033131,kivi,direction_error,k_stored,1,packed_history,p90,1,0,0
representation_norm_error,0,0.0008872196078300587,0.0001060143113136014,-0.0007812052965164573,kivi,direction_error,k_stored,1,packed_history,p95,1,0,0
representation_norm_error,0,0.00015290200710300905,-4.697263240818067e-05,-0.00019987463951118972,kivi,direction_error,k_stored,1,packed_history,p99,1,0,0
representation_norm_error,0,0.001130819320678711,0.0003376007080078125,-0.0007932186126708984,kivi,norm_ratio,k_stored,1,packed_history,max,1,0,0
representation_norm_error,0,0.00012716154469671892,5.3562714128929656e-05,-7.359883056778926e-05,kivi,norm_ratio,k_stored,1,packed_history,mean,1,0,0
representation_norm_error,0,0.0005224943161010742,0.00021156668663024902,-0.0003109276294708252,kivi,norm_ratio,k_stored,1,packed_history,p50,1,0,0
representation_norm_error,0,-0.0001473248004912886,5.7077407836780836e-05,0.00020440220832806943,kivi,norm_ratio,k_stored,1,packed_history,p90,0,1,0
representation_norm_error,0,-0.0001929938793182595,-0.000601914525031999,-0.00040892064571373954,kivi,norm_ratio,k_stored,1,packed_history,p95,1,0,0
representation_norm_error,0,-0.00022326171398179273,-0.00020580947399184701,1.7452239989945717e-05,kivi,norm_ratio,k_stored,1,packed_history,p99,0,1,0
representation_norm_error,0,0.0007357597351074219,0.00020164251327514648,-0.0005341172218322754,kivi,relative_L2,k_stored,1,packed_history,max,1,0,0
representation_norm_error,0,2.0035918055327784e-05,4.97860537507222e-06,-1.5057312680255563e-05,kivi,relative_L2,k_stored,1,packed_history,mean,1,0,0
representation_norm_error,0,0.00017045438289642334,-8.27684998512268e-05,-0.00025322288274765015,kivi,relative_L2,k_stored,1,packed_history,p50,1,0,0
representation_norm_error,0,-7.917881011956784e-05,6.485730409624968e-05,0.00014403611421581752,kivi,relative_L2,k_stored,1,packed_history,p90,0,1,0
representation_norm_error,0,3.6937743425335956e-05,-0.0003917023539543041,-0.00042864009737964004,kivi,relative_L2,k_stored,1,packed_history,p95,1,0,0
representation_norm_error,0,0.0003868386149406544,-9.167894721021086e-05,-0.00047851756215086527,kivi,relative_L2,k_stored,1,packed_history,p99,1,0,0
representation_norm_error,0,0.001130819320678711,0.00033752620220184326,-0.0007932931184768677,kivi,relative_norm_error,k_stored,1,packed_history,max,1,0,0
representation_norm_error,0,8.955493492225977e-05,7.220752037249978e-05,-1.7347414549759993e-05,kivi,relative_norm_error,k_stored,1,packed_history,mean,1,0,0
representation_norm_error,0,0.0006069308146834373,0.0001608487218618393,-0.00044608209282159805,kivi,relative_norm_error,k_stored,1,packed_history,p50,1,0,0
representation_norm_error,0,-0.00041664503514766277,5.7018175721158804e-05,0.00047366321086882157,kivi,relative_norm_error,k_stored,1,packed_history,p90,0,1,0
representation_norm_error,0,-6.28523528575925e-05,-0.0006019143387674189,-0.0005390619859098264,kivi,relative_norm_error,k_stored,1,packed_history,p95,1,0,0
representation_norm_error,0,-0.0002233040332795394,-0.00020565599203113683,1.764804124840258e-05,kivi,relative_norm_error,k_stored,1,packed_history,p99,0,1,0
representation_norm_error,0,0.001130819320678711,0.00033752620220184326,-0.0007932931184768677,kivi,signed_norm_drift,k_stored,1,packed_history,max,1,0,0
representation_norm_error,0,0.00012716341268123946,5.355929696553713e-05,-7.360411571570233e-05,kivi,signed_norm_drift,k_stored,1,packed_history,mean,1,0,0
representation_norm_error,0,0.0005225073546171188,0.00021145306527614594,-0.0003110542893409729,kivi,signed_norm_drift,k_stored,1,packed_history,p50,1,0,0
representation_norm_error,0,-0.0001473482698201578,5.7018175721158804e-05,0.0002043664455413166,kivi,signed_norm_drift,k_stored,1,packed_history,p90,0,1,0
representation_norm_error,0,-0.00019308589398861487,-0.0006019143387674189,-0.00040882844477880403,kivi,signed_norm_drift,k_stored,1,packed_history,p95,1,0,0
representation_norm_error,0,-0.0002233040332795394,-0.00020565599203113683,1.764804124840258e-05,kivi,signed_norm_drift,k_stored,1,packed_history,p99,0,1,0
representation_norm_error,0,0.0,0.0,0.0,kivi,abs_log_norm_ratio,k_stored,12,pending_history,max,0,0,12
representation_norm_error,0,0.0,0.0,0.0,kivi,abs_log_norm_ratio,k_stored,12,pending_history,mean,0,0,12
representation_norm_error,0,0.0,0.0,0.0,kivi,abs_log_norm_ratio,k_stored,12,pending_history,p50,0,0,12
representation_norm_error,0,0.0,0.0,0.0,kivi,abs_log_norm_ratio,k_stored,12,pending_history,p90,0,0,12
representation_norm_error,0,0.0,0.0,0.0,kivi,abs_log_norm_ratio,k_stored,12,pending_history,p95,0,0,12
representation_norm_error,0,0.0,0.0,0.0,kivi,abs_log_norm_ratio,k_stored,12,pending_history,p99,0,0,12
representation_norm_error,0,1.4901161193847656e-08,1.4901161193847656e-08,0.0,kivi,direction_error,k_stored,12,pending_history,max,1,3,8
representation_norm_error,0,-6.565824151039124e-10,-5.621272965596106e-10,6.25504191569324e-10,kivi,direction_error,k_stored,12,pending_history,mean,5,7,0
representation_norm_error,0,0.0,0.0,0.0,kivi,direction_error,k_stored,12,pending_history,p50,0,0,12
representation_norm_error,0,2.9802322387695312e-08,2.9802322387695312e-08,0.0,kivi,direction_error,k_stored,12,pending_history,p90,5,5,2
representation_norm_error,0,0.0,0.0,0.0,kivi,direction_error,k_stored,12,pending_history,p95,0,1,11
representation_norm_error,0,0.0,-2.041459083557157e-08,0.0,kivi,direction_error,k_stored,12,pending_history,p99,3,2,7
representation_norm_error,0,0.0,0.0,0.0,kivi,norm_ratio,k_stored,12,pending_history,max,0,0,12
representation_norm_error,0,0.0,0.0,0.0,kivi,norm_ratio,k_stored,12,pending_history,mean,0,0,12
representation_norm_error,0,0.0,0.0,0.0,kivi,norm_ratio,k_stored,12,pending_history,p50,0,0,12
representation_norm_error,0,0.0,0.0,0.0,kivi,norm_ratio,k_stored,12,pending_history,p90,0,0,12
representation_norm_error,0,0.0,0.0,0.0,kivi,norm_ratio,k_stored,12,pending_history,p95,0,0,12
representation_norm_error,0,0.0,0.0,0.0,kivi,norm_ratio,k_stored,12,pending_history,p99,0,0,12
representation_norm_error,0,0.0,0.0,0.0,kivi,relative_L2,k_stored,12,pending_history,max,0,0,12
representation_norm_error,0,0.0,0.0,0.0,kivi,relative_L2,k_stored,12,pending_history,mean,0,0,12
representation_norm_error,0,0.0,0.0,0.0,kivi,relative_L2,k_stored,12,pending_history,p50,0,0,12
representation_norm_error,0,0.0,0.0,0.0,kivi,relative_L2,k_stored,12,pending_history,p90,0,0,12
representation_norm_error,0,0.0,0.0,0.0,kivi,relative_L2,k_stored,12,pending_history,p95,0,0,12
representation_norm_error,0,0.0,0.0,0.0,kivi,relative_L2,k_stored,12,pending_history,p99,0,0,12
representation_norm_error,0,0.0,0.0,0.0,kivi,relative_norm_error,k_stored,12,pending_history,max,0,0,12
representation_norm_error,0,0.0,0.0,0.0,kivi,relative_norm_error,k_stored,12,pending_history,mean,0,0,12
representation_norm_error,0,0.0,0.0,0.0,kivi,relative_norm_error,k_stored,12,pending_history,p50,0,0,12
representation_norm_error,0,0.0,0.0,0.0,kivi,relative_norm_error,k_stored,12,pending_history,p90,0,0,12
representation_norm_error,0,0.0,0.0,0.0,kivi,relative_norm_error,k_stored,12,pending_history,p95,0,0,12
representation_norm_error,0,0.0,0.0,0.0,kivi,relative_norm_error,k_stored,12,pending_history,p99,0,0,12
representation_norm_error,0,0.0,0.0,0.0,kivi,signed_norm_drift,k_stored,12,pending_history,max,0,0,12
representation_norm_error,0,0.0,0.0,0.0,kivi,signed_norm_drift,k_stored,12,pending_history,mean,0,0,12
representation_norm_error,0,0.0,0.0,0.0,kivi,signed_norm_drift,k_stored,12,pending_history,p50,0,0,12
representation_norm_error,0,0.0,0.0,0.0,kivi,signed_norm_drift,k_stored,12,pending_history,p90,0,0,12
representation_norm_error,0,0.0,0.0,0.0,kivi,signed_norm_drift,k_stored,12,pending_history,p95,0,0,12
representation_norm_error,0,0.0,0.0,0.0,kivi,signed_norm_drift,k_stored,12,pending_history,p99,0,0,12
representation_norm_error,0,0.0,0.0,0.0,kivi,abs_log_norm_ratio,k_stored,12,recent,max,0,0,12
representation_norm_error,0,0.0,0.0,0.0,kivi,abs_log_norm_ratio,k_stored,12,recent,mean,0,0,12
representation_norm_error,0,0.0,0.0,0.0,kivi,abs_log_norm_ratio,k_stored,12,recent,p50,0,0,12
representation_norm_error,0,0.0,0.0,0.0,kivi,abs_log_norm_ratio,k_stored,12,recent,p90,0,0,12
representation_norm_error,0,0.0,0.0,0.0,kivi,abs_log_norm_ratio,k_stored,12,recent,p95,0,0,12
representation_norm_error,0,0.0,0.0,0.0,kivi,abs_log_norm_ratio,k_stored,12,recent,p99,0,0,12
representation_norm_error,0,0.0,0.0,0.0,kivi,direction_error,k_stored,12,recent,max,0,0,12
representation_norm_error,0,-7.8580342233181e-10,-7.8580342233181e-10,0.0,kivi,direction_error,k_stored,12,recent,mean,0,0,12
representation_norm_error,0,0.0,0.0,0.0,kivi,direction_error,k_stored,12,recent,p50,0,0,12
representation_norm_error,0,0.0,0.0,0.0,kivi,direction_error,k_stored,12,recent,p90,0,0,12
representation_norm_error,0,0.0,0.0,0.0,kivi,direction_error,k_stored,12,recent,p95,0,0,12
representation_norm_error,0,0.0,0.0,0.0,kivi,direction_error,k_stored,12,recent,p99,0,0,12
representation_norm_error,0,0.0,0.0,0.0,kivi,norm_ratio,k_stored,12,recent,max,0,0,12
representation_norm_error,0,0.0,0.0,0.0,kivi,norm_ratio,k_stored,12,recent,mean,0,0,12
representation_norm_error,0,0.0,0.0,0.0,kivi,norm_ratio,k_stored,12,recent,p50,0,0,12
representation_norm_error,0,0.0,0.0,0.0,kivi,norm_ratio,k_stored,12,recent,p90,0,0,12
representation_norm_error,0,0.0,0.0,0.0,kivi,norm_ratio,k_stored,12,recent,p95,0,0,12
representation_norm_error,0,0.0,0.0,0.0,kivi,norm_ratio,k_stored,12,recent,p99,0,0,12
representation_norm_error,0,0.0,0.0,0.0,kivi,relative_L2,k_stored,12,recent,max,0,0,12
representation_norm_error,0,0.0,0.0,0.0,kivi,relative_L2,k_stored,12,recent,mean,0,0,12
representation_norm_error,0,0.0,0.0,0.0,kivi,relative_L2,k_stored,12,recent,p50,0,0,12
representation_norm_error,0,0.0,0.0,0.0,kivi,relative_L2,k_stored,12,recent,p90,0,0,12
representation_norm_error,0,0.0,0.0,0.0,kivi,relative_L2,k_stored,12,recent,p95,0,0,12
representation_norm_error,0,0.0,0.0,0.0,kivi,relative_L2,k_stored,12,recent,p99,0,0,12
representation_norm_error,0,0.0,0.0,0.0,kivi,relative_norm_error,k_stored,12,recent,max,0,0,12
representation_norm_error,0,0.0,0.0,0.0,kivi,relative_norm_error,k_stored,12,recent,mean,0,0,12
representation_norm_error,0,0.0,0.0,0.0,kivi,relative_norm_error,k_stored,12,recent,p50,0,0,12
representation_norm_error,0,0.0,0.0,0.0,kivi,relative_norm_error,k_stored,12,recent,p90,0,0,12
representation_norm_error,0,0.0,0.0,0.0,kivi,relative_norm_error,k_stored,12,recent,p95,0,0,12
representation_norm_error,0,0.0,0.0,0.0,kivi,relative_norm_error,k_stored,12,recent,p99,0,0,12
representation_norm_error,0,0.0,0.0,0.0,kivi,signed_norm_drift,k_stored,12,recent,max,0,0,12
representation_norm_error,0,0.0,0.0,0.0,kivi,signed_norm_drift,k_stored,12,recent,mean,0,0,12
representation_norm_error,0,0.0,0.0,0.0,kivi,signed_norm_drift,k_stored,12,recent,p50,0,0,12
representation_norm_error,0,0.0,0.0,0.0,kivi,signed_norm_drift,k_stored,12,recent,p90,0,0,12
representation_norm_error,0,0.0,0.0,0.0,kivi,signed_norm_drift,k_stored,12,recent,p95,0,0,12
representation_norm_error,0,0.0,0.0,0.0,kivi,signed_norm_drift,k_stored,12,recent,p99,0,0,12
stored_norm_error,0,0.00042361021041870117,0.00011464953422546387,-0.0003089606761932373,kivi,abs_log_norm_ratio,k_stored,1,packed_history,max,1,0,0
stored_norm_error,0,9.268116950801944e-05,6.892528749085844e-05,-2.3755882017161e-05,kivi,abs_log_norm_ratio,k_stored,1,packed_history,mean,1,0,0
stored_norm_error,0,0.0007456252351403236,0.00013242103159427643,-0.0006132042035460472,kivi,abs_log_norm_ratio,k_stored,1,packed_history,p50,1,0,0
stored_norm_error,0,-0.0005136329680681465,5.191788077354986e-05,0.0005655508488416963,kivi,abs_log_norm_ratio,k_stored,1,packed_history,p90,0,1,0
stored_norm_error,0,-8.475072681909945e-05,-0.0005408331751822551,-0.00045608244836315565,kivi,abs_log_norm_ratio,k_stored,1,packed_history,p95,1,0,0
stored_norm_error,0,-0.00015998207032676126,-0.00017798550426958992,-1.800343394282866e-05,kivi,abs_log_norm_ratio,k_stored,1,packed_history,p99,1,0,0
stored_norm_error,0,0.0004836916923522949,0.00028961896896362305,-0.00019407272338867188,kivi,direction_error,k_stored,1,packed_history,max,1,0,0
stored_norm_error,0,6.3283569033956155e-06,-2.9681541491299868e-06,-9.296511052525602e-06,kivi,direction_error,k_stored,1,packed_history,mean,1,0,0
stored_norm_error,0,-8.538365364074707e-06,-5.066394805908203e-05,-4.2125582695007324e-05,kivi,direction_error,k_stored,1,packed_history,p50,1,0,0
stored_norm_error,0,1.569986343383234e-05,-0.00015456378459929865,-0.000170263648033131,kivi,direction_error,k_stored,1,packed_history,p90,1,0,0
stored_norm_error,0,0.0008872196078300587,0.0001060143113136014,-0.0007812052965164573,kivi,direction_error,k_stored,1,packed_history,p95,1,0,0
stored_norm_error,0,0.00015290200710300905,-4.697263240818067e-05,-0.00019987463951118972,kivi,direction_error,k_stored,1,packed_history,p99,1,0,0
stored_norm_error,0,0.001130819320678711,0.0003376007080078125,-0.0007932186126708984,kivi,norm_ratio,k_stored,1,packed_history,max,1,0,0
stored_norm_error,0,0.00012716154469671892,5.3562714128929656e-05,-7.359883056778926e-05,kivi,norm_ratio,k_stored,1,packed_history,mean,1,0,0
stored_norm_error,0,0.0005224943161010742,0.00021156668663024902,-0.0003109276294708252,kivi,norm_ratio,k_stored,1,packed_history,p50,1,0,0
stored_norm_error,0,-0.0001473248004912886,5.7077407836780836e-05,0.00020440220832806943,kivi,norm_ratio,k_stored,1,packed_history,p90,0,1,0
stored_norm_error,0,-0.0001929938793182595,-0.000601914525031999,-0.00040892064571373954,kivi,norm_ratio,k_stored,1,packed_history,p95,1,0,0
stored_norm_error,0,-0.00022326171398179273,-0.00020580947399184701,1.7452239989945717e-05,kivi,norm_ratio,k_stored,1,packed_history,p99,0,1,0
stored_norm_error,0,0.0007357597351074219,0.00020164251327514648,-0.0005341172218322754,kivi,relative_L2,k_stored,1,packed_history,max,1,0,0
stored_norm_error,0,2.0035918055327784e-05,4.97860537507222e-06,-1.5057312680255563e-05,kivi,relative_L2,k_stored,1,packed_history,mean,1,0,0
stored_norm_error,0,0.00017045438289642334,-8.27684998512268e-05,-0.00025322288274765015,kivi,relative_L2,k_stored,1,packed_history,p50,1,0,0
stored_norm_error,0,-7.917881011956784e-05,6.485730409624968e-05,0.00014403611421581752,kivi,relative_L2,k_stored,1,packed_history,p90,0,1,0
stored_norm_error,0,3.6937743425335956e-05,-0.0003917023539543041,-0.00042864009737964004,kivi,relative_L2,k_stored,1,packed_history,p95,1,0,0
stored_norm_error,0,0.0003868386149406544,-9.167894721021086e-05,-0.00047851756215086527,kivi,relative_L2,k_stored,1,packed_history,p99,1,0,0
stored_norm_error,0,0.001130819320678711,0.00033752620220184326,-0.0007932931184768677,kivi,relative_norm_error,k_stored,1,packed_history,max,1,0,0
stored_norm_error,0,8.955493492225977e-05,7.220752037249978e-05,-1.7347414549759993e-05,kivi,relative_norm_error,k_stored,1,packed_history,mean,1,0,0
stored_norm_error,0,0.0006069308146834373,0.0001608487218618393,-0.00044608209282159805,kivi,relative_norm_error,k_stored,1,packed_history,p50,1,0,0
stored_norm_error,0,-0.00041664503514766277,5.7018175721158804e-05,0.00047366321086882157,kivi,relative_norm_error,k_stored,1,packed_history,p90,0,1,0
stored_norm_error,0,-6.28523528575925e-05,-0.0006019143387674189,-0.0005390619859098264,kivi,relative_norm_error,k_stored,1,packed_history,p95,1,0,0
stored_norm_error,0,-0.0002233040332795394,-0.00020565599203113683,1.764804124840258e-05,kivi,relative_norm_error,k_stored,1,packed_history,p99,0,1,0
stored_norm_error,0,0.001130819320678711,0.00033752620220184326,-0.0007932931184768677,kivi,signed_norm_drift,k_stored,1,packed_history,max,1,0,0
stored_norm_error,0,0.00012716341268123946,5.355929696553713e-05,-7.360411571570233e-05,kivi,signed_norm_drift,k_stored,1,packed_history,mean,1,0,0
stored_norm_error,0,0.0005225073546171188,0.00021145306527614594,-0.0003110542893409729,kivi,signed_norm_drift,k_stored,1,packed_history,p50,1,0,0
stored_norm_error,0,-0.0001473482698201578,5.7018175721158804e-05,0.0002043664455413166,kivi,signed_norm_drift,k_stored,1,packed_history,p90,0,1,0
stored_norm_error,0,-0.00019308589398861487,-0.0006019143387674189,-0.00040882844477880403,kivi,signed_norm_drift,k_stored,1,packed_history,p95,1,0,0
stored_norm_error,0,-0.0002233040332795394,-0.00020565599203113683,1.764804124840258e-05,kivi,signed_norm_drift,k_stored,1,packed_history,p99,0,1,0
stored_norm_error,0,0.0,0.0,0.0,kivi,abs_log_norm_ratio,k_stored,12,pending_history,max,0,0,12
stored_norm_error,0,0.0,0.0,0.0,kivi,abs_log_norm_ratio,k_stored,12,pending_history,mean,0,0,12
stored_norm_error,0,0.0,0.0,0.0,kivi,abs_log_norm_ratio,k_stored,12,pending_history,p50,0,0,12
stored_norm_error,0,0.0,0.0,0.0,kivi,abs_log_norm_ratio,k_stored,12,pending_history,p90,0,0,12
stored_norm_error,0,0.0,0.0,0.0,kivi,abs_log_norm_ratio,k_stored,12,pending_history,p95,0,0,12
stored_norm_error,0,0.0,0.0,0.0,kivi,abs_log_norm_ratio,k_stored,12,pending_history,p99,0,0,12
stored_norm_error,0,1.4901161193847656e-08,1.4901161193847656e-08,0.0,kivi,direction_error,k_stored,12,pending_history,max,1,3,8
stored_norm_error,0,-6.565824151039124e-10,-5.621272965596106e-10,6.25504191569324e-10,kivi,direction_error,k_stored,12,pending_history,mean,5,7,0
stored_norm_error,0,0.0,0.0,0.0,kivi,direction_error,k_stored,12,pending_history,p50,0,0,12
stored_norm_error,0,2.9802322387695312e-08,2.9802322387695312e-08,0.0,kivi,direction_error,k_stored,12,pending_history,p90,5,5,2
stored_norm_error,0,0.0,0.0,0.0,kivi,direction_error,k_stored,12,pending_history,p95,0,1,11
stored_norm_error,0,0.0,-2.041459083557157e-08,0.0,kivi,direction_error,k_stored,12,pending_history,p99,3,2,7
stored_norm_error,0,0.0,0.0,0.0,kivi,norm_ratio,k_stored,12,pending_history,max,0,0,12
stored_norm_error,0,0.0,0.0,0.0,kivi,norm_ratio,k_stored,12,pending_history,mean,0,0,12
stored_norm_error,0,0.0,0.0,0.0,kivi,norm_ratio,k_stored,12,pending_history,p50,0,0,12
stored_norm_error,0,0.0,0.0,0.0,kivi,norm_ratio,k_stored,12,pending_history,p90,0,0,12
stored_norm_error,0,0.0,0.0,0.0,kivi,norm_ratio,k_stored,12,pending_history,p95,0,0,12
stored_norm_error,0,0.0,0.0,0.0,kivi,norm_ratio,k_stored,12,pending_history,p99,0,0,12
stored_norm_error,0,0.0,0.0,0.0,kivi,relative_L2,k_stored,12,pending_history,max,0,0,12
stored_norm_error,0,0.0,0.0,0.0,kivi,relative_L2,k_stored,12,pending_history,mean,0,0,12
stored_norm_error,0,0.0,0.0,0.0,kivi,relative_L2,k_stored,12,pending_history,p50,0,0,12
stored_norm_error,0,0.0,0.0,0.0,kivi,relative_L2,k_stored,12,pending_history,p90,0,0,12
stored_norm_error,0,0.0,0.0,0.0,kivi,relative_L2,k_stored,12,pending_history,p95,0,0,12
stored_norm_error,0,0.0,0.0,0.0,kivi,relative_L2,k_stored,12,pending_history,p99,0,0,12
stored_norm_error,0,0.0,0.0,0.0,kivi,relative_norm_error,k_stored,12,pending_history,max,0,0,12
stored_norm_error,0,0.0,0.0,0.0,kivi,relative_norm_error,k_stored,12,pending_history,mean,0,0,12
stored_norm_error,0,0.0,0.0,0.0,kivi,relative_norm_error,k_stored,12,pending_history,p50,0,0,12
stored_norm_error,0,0.0,0.0,0.0,kivi,relative_norm_error,k_stored,12,pending_history,p90,0,0,12
stored_norm_error,0,0.0,0.0,0.0,kivi,relative_norm_error,k_stored,12,pending_history,p95,0,0,12
stored_norm_error,0,0.0,0.0,0.0,kivi,relative_norm_error,k_stored,12,pending_history,p99,0,0,12
stored_norm_error,0,0.0,0.0,0.0,kivi,signed_norm_drift,k_stored,12,pending_history,max,0,0,12
stored_norm_error,0,0.0,0.0,0.0,kivi,signed_norm_drift,k_stored,12,pending_history,mean,0,0,12
stored_norm_error,0,0.0,0.0,0.0,kivi,signed_norm_drift,k_stored,12,pending_history,p50,0,0,12
stored_norm_error,0,0.0,0.0,0.0,kivi,signed_norm_drift,k_stored,12,pending_history,p90,0,0,12
stored_norm_error,0,0.0,0.0,0.0,kivi,signed_norm_drift,k_stored,12,pending_history,p95,0,0,12
stored_norm_error,0,0.0,0.0,0.0,kivi,signed_norm_drift,k_stored,12,pending_history,p99,0,0,12
stored_norm_error,0,0.0,0.0,0.0,kivi,abs_log_norm_ratio,k_stored,12,recent,max,0,0,12
stored_norm_error,0,0.0,0.0,0.0,kivi,abs_log_norm_ratio,k_stored,12,recent,mean,0,0,12
stored_norm_error,0,0.0,0.0,0.0,kivi,abs_log_norm_ratio,k_stored,12,recent,p50,0,0,12
stored_norm_error,0,0.0,0.0,0.0,kivi,abs_log_norm_ratio,k_stored,12,recent,p90,0,0,12
stored_norm_error,0,0.0,0.0,0.0,kivi,abs_log_norm_ratio,k_stored,12,recent,p95,0,0,12
stored_norm_error,0,0.0,0.0,0.0,kivi,abs_log_norm_ratio,k_stored,12,recent,p99,0,0,12
stored_norm_error,0,0.0,0.0,0.0,kivi,direction_error,k_stored,12,recent,max,0,0,12
stored_norm_error,0,-7.8580342233181e-10,-7.8580342233181e-10,0.0,kivi,direction_error,k_stored,12,recent,mean,0,0,12
stored_norm_error,0,0.0,0.0,0.0,kivi,direction_error,k_stored,12,recent,p50,0,0,12
stored_norm_error,0,0.0,0.0,0.0,kivi,direction_error,k_stored,12,recent,p90,0,0,12
stored_norm_error,0,0.0,0.0,0.0,kivi,direction_error,k_stored,12,recent,p95,0,0,12
stored_norm_error,0,0.0,0.0,0.0,kivi,direction_error,k_stored,12,recent,p99,0,0,12
stored_norm_error,0,0.0,0.0,0.0,kivi,norm_ratio,k_stored,12,recent,max,0,0,12
stored_norm_error,0,0.0,0.0,0.0,kivi,norm_ratio,k_stored,12,recent,mean,0,0,12
stored_norm_error,0,0.0,0.0,0.0,kivi,norm_ratio,k_stored,12,recent,p50,0,0,12
stored_norm_error,0,0.0,0.0,0.0,kivi,norm_ratio,k_stored,12,recent,p90,0,0,12
stored_norm_error,0,0.0,0.0,0.0,kivi,norm_ratio,k_stored,12,recent,p95,0,0,12
stored_norm_error,0,0.0,0.0,0.0,kivi,norm_ratio,k_stored,12,recent,p99,0,0,12
stored_norm_error,0,0.0,0.0,0.0,kivi,relative_L2,k_stored,12,recent,max,0,0,12
stored_norm_error,0,0.0,0.0,0.0,kivi,relative_L2,k_stored,12,recent,mean,0,0,12
stored_norm_error,0,0.0,0.0,0.0,kivi,relative_L2,k_stored,12,recent,p50,0,0,12
stored_norm_error,0,0.0,0.0,0.0,kivi,relative_L2,k_stored,12,recent,p90,0,0,12
stored_norm_error,0,0.0,0.0,0.0,kivi,relative_L2,k_stored,12,recent,p95,0,0,12
stored_norm_error,0,0.0,0.0,0.0,kivi,relative_L2,k_stored,12,recent,p99,0,0,12
stored_norm_error,0,0.0,0.0,0.0,kivi,relative_norm_error,k_stored,12,recent,max,0,0,12
stored_norm_error,0,0.0,0.0,0.0,kivi,relative_norm_error,k_stored,12,recent,mean,0,0,12
stored_norm_error,0,0.0,0.0,0.0,kivi,relative_norm_error,k_stored,12,recent,p50,0,0,12
stored_norm_error,0,0.0,0.0,0.0,kivi,relative_norm_error,k_stored,12,recent,p90,0,0,12
stored_norm_error,0,0.0,0.0,0.0,kivi,relative_norm_error,k_stored,12,recent,p95,0,0,12
stored_norm_error,0,0.0,0.0,0.0,kivi,relative_norm_error,k_stored,12,recent,p99,0,0,12
stored_norm_error,0,0.0,0.0,0.0,kivi,signed_norm_drift,k_stored,12,recent,max,0,0,12
stored_norm_error,0,0.0,0.0,0.0,kivi,signed_norm_drift,k_stored,12,recent,mean,0,0,12
stored_norm_error,0,0.0,0.0,0.0,kivi,signed_norm_drift,k_stored,12,recent,p50,0,0,12
stored_norm_error,0,0.0,0.0,0.0,kivi,signed_norm_drift,k_stored,12,recent,p90,0,0,12
stored_norm_error,0,0.0,0.0,0.0,kivi,signed_norm_drift,k_stored,12,recent,p95,0,0,12
stored_norm_error,0,0.0,0.0,0.0,kivi,signed_norm_drift,k_stored,12,recent,p99,0,0,12
source_state_norm_drift,0,0.0,0.0,0.0,kivi,abs_log_norm_ratio,q_source,12,all_tokens,max,0,0,12
source_state_norm_drift,0,0.0,0.0,0.0,kivi,abs_log_norm_ratio,q_source,12,all_tokens,mean,0,0,12
source_state_norm_drift,0,0.0,0.0,0.0,kivi,abs_log_norm_ratio,q_source,12,all_tokens,p50,0,0,12
source_state_norm_drift,0,0.0,0.0,0.0,kivi,abs_log_norm_ratio,q_source,12,all_tokens,p90,0,0,12
source_state_norm_drift,0,0.0,0.0,0.0,kivi,abs_log_norm_ratio,q_source,12,all_tokens,p95,0,0,12
source_state_norm_drift,0,0.0,0.0,0.0,kivi,abs_log_norm_ratio,q_source,12,all_tokens,p99,0,0,12
source_state_norm_drift,0,2.9802322387695312e-08,2.9802322387695312e-08,0.0,kivi,direction_error,q_source,12,all_tokens,max,0,0,12
source_state_norm_drift,0,-4.2329424159315933e-10,-4.2329424159315933e-10,0.0,kivi,direction_error,q_source,12,all_tokens,mean,0,0,12
source_state_norm_drift,0,0.0,0.0,0.0,kivi,direction_error,q_source,12,all_tokens,p50,0,0,12
source_state_norm_drift,0,0.0,0.0,0.0,kivi,direction_error,q_source,12,all_tokens,p90,0,0,12
source_state_norm_drift,0,0.0,0.0,0.0,kivi,direction_error,q_source,12,all_tokens,p95,0,0,12
source_state_norm_drift,0,0.0,0.0,0.0,kivi,direction_error,q_source,12,all_tokens,p99,0,0,12
source_state_norm_drift,0,0.0,0.0,0.0,kivi,norm_ratio,q_source,12,all_tokens,max,0,0,12
source_state_norm_drift,0,0.0,0.0,0.0,kivi,norm_ratio,q_source,12,all_tokens,mean,0,0,12
source_state_norm_drift,0,0.0,0.0,0.0,kivi,norm_ratio,q_source,12,all_tokens,p50,0,0,12
source_state_norm_drift,0,0.0,0.0,0.0,kivi,norm_ratio,q_source,12,all_tokens,p90,0,0,12
source_state_norm_drift,0,0.0,0.0,0.0,kivi,norm_ratio,q_source,12,all_tokens,p95,0,0,12
source_state_norm_drift,0,0.0,0.0,0.0,kivi,norm_ratio,q_source,12,all_tokens,p99,0,0,12
source_state_norm_drift,0,0.0,0.0,0.0,kivi,relative_L2,q_source,12,all_tokens,max,0,0,12
source_state_norm_drift,0,0.0,0.0,0.0,kivi,relative_L2,q_source,12,all_tokens,mean,0,0,12
source_state_norm_drift,0,0.0,0.0,0.0,kivi,relative_L2,q_source,12,all_tokens,p50,0,0,12
source_state_norm_drift,0,0.0,0.0,0.0,kivi,relative_L2,q_source,12,all_tokens,p90,0,0,12
source_state_norm_drift,0,0.0,0.0,0.0,kivi,relative_L2,q_source,12,all_tokens,p95,0,0,12
source_state_norm_drift,0,0.0,0.0,0.0,kivi,relative_L2,q_source,12,all_tokens,p99,0,0,12
source_state_norm_drift,0,0.0,0.0,0.0,kivi,relative_norm_error,q_source,12,all_tokens,max,0,0,12
source_state_norm_drift,0,0.0,0.0,0.0,kivi,relative_norm_error,q_source,12,all_tokens,mean,0,0,12
source_state_norm_drift,0,0.0,0.0,0.0,kivi,relative_norm_error,q_source,12,all_tokens,p50,0,0,12
source_state_norm_drift,0,0.0,0.0,0.0,kivi,relative_norm_error,q_source,12,all_tokens,p90,0,0,12
source_state_norm_drift,0,0.0,0.0,0.0,kivi,relative_norm_error,q_source,12,all_tokens,p95,0,0,12
source_state_norm_drift,0,0.0,0.0,0.0,kivi,relative_norm_error,q_source,12,all_tokens,p99,0,0,12
source_state_norm_drift,0,0.0,0.0,0.0,kivi,signed_norm_drift,q_source,12,all_tokens,max,0,0,12
source_state_norm_drift,0,0.0,0.0,0.0,kivi,signed_norm_drift,q_source,12,all_tokens,mean,0,0,12
source_state_norm_drift,0,0.0,0.0,0.0,kivi,signed_norm_drift,q_source,12,all_tokens,p50,0,0,12
source_state_norm_drift,0,0.0,0.0,0.0,kivi,signed_norm_drift,q_source,12,all_tokens,p90,0,0,12
source_state_norm_drift,0,0.0,0.0,0.0,kivi,signed_norm_drift,q_source,12,all_tokens,p95,0,0,12
source_state_norm_drift,0,0.0,0.0,0.0,kivi,signed_norm_drift,q_source,12,all_tokens,p99,0,0,12
source_state_norm_drift,0,0.0,0.0,0.0,kivi,abs_log_norm_ratio,v_source,12,all_tokens,max,0,0,12
source_state_norm_drift,0,0.0,0.0,0.0,kivi,abs_log_norm_ratio,v_source,12,all_tokens,mean,0,0,12
source_state_norm_drift,0,0.0,0.0,0.0,kivi,abs_log_norm_ratio,v_source,12,all_tokens,p50,0,0,12
source_state_norm_drift,0,0.0,0.0,0.0,kivi,abs_log_norm_ratio,v_source,12,all_tokens,p90,0,0,12
source_state_norm_drift,0,0.0,0.0,0.0,kivi,abs_log_norm_ratio,v_source,12,all_tokens,p95,0,0,12
source_state_norm_drift,0,0.0,0.0,0.0,kivi,abs_log_norm_ratio,v_source,12,all_tokens,p99,0,0,12
source_state_norm_drift,0,0.0,0.0,0.0,kivi,direction_error,v_source,12,all_tokens,max,0,0,12
source_state_norm_drift,0,-2.497711808767065e-09,-2.497711808767065e-09,0.0,kivi,direction_error,v_source,12,all_tokens,mean,0,0,12
source_state_norm_drift,0,0.0,0.0,0.0,kivi,direction_error,v_source,12,all_tokens,p50,0,0,12
source_state_norm_drift,0,0.0,0.0,0.0,kivi,direction_error,v_source,12,all_tokens,p90,0,0,12
source_state_norm_drift,0,0.0,0.0,0.0,kivi,direction_error,v_source,12,all_tokens,p95,0,0,12
source_state_norm_drift,0,1.4901161193847656e-08,1.4901161193847656e-08,0.0,kivi,direction_error,v_source,12,all_tokens,p99,0,0,12
source_state_norm_drift,0,0.0,0.0,0.0,kivi,norm_ratio,v_source,12,all_tokens,max,0,0,12
source_state_norm_drift,0,0.0,0.0,0.0,kivi,norm_ratio,v_source,12,all_tokens,mean,0,0,12
source_state_norm_drift,0,0.0,0.0,0.0,kivi,norm_ratio,v_source,12,all_tokens,p50,0,0,12
source_state_norm_drift,0,0.0,0.0,0.0,kivi,norm_ratio,v_source,12,all_tokens,p90,0,0,12
source_state_norm_drift,0,0.0,0.0,0.0,kivi,norm_ratio,v_source,12,all_tokens,p95,0,0,12
source_state_norm_drift,0,0.0,0.0,0.0,kivi,norm_ratio,v_source,12,all_tokens,p99,0,0,12
source_state_norm_drift,0,0.0,0.0,0.0,kivi,relative_L2,v_source,12,all_tokens,max,0,0,12
source_state_norm_drift,0,0.0,0.0,0.0,kivi,relative_L2,v_source,12,all_tokens,mean,0,0,12
source_state_norm_drift,0,0.0,0.0,0.0,kivi,relative_L2,v_source,12,all_tokens,p50,0,0,12
source_state_norm_drift,0,0.0,0.0,0.0,kivi,relative_L2,v_source,12,all_tokens,p90,0,0,12
source_state_norm_drift,0,0.0,0.0,0.0,kivi,relative_L2,v_source,12,all_tokens,p95,0,0,12
source_state_norm_drift,0,0.0,0.0,0.0,kivi,relative_L2,v_source,12,all_tokens,p99,0,0,12
source_state_norm_drift,0,0.0,0.0,0.0,kivi,relative_norm_error,v_source,12,all_tokens,max,0,0,12
source_state_norm_drift,0,0.0,0.0,0.0,kivi,relative_norm_error,v_source,12,all_tokens,mean,0,0,12
source_state_norm_drift,0,0.0,0.0,0.0,kivi,relative_norm_error,v_source,12,all_tokens,p50,0,0,12
source_state_norm_drift,0,0.0,0.0,0.0,kivi,relative_norm_error,v_source,12,all_tokens,p90,0,0,12
source_state_norm_drift,0,0.0,0.0,0.0,kivi,relative_norm_error,v_source,12,all_tokens,p95,0,0,12
source_state_norm_drift,0,0.0,0.0,0.0,kivi,relative_norm_error,v_source,12,all_tokens,p99,0,0,12
source_state_norm_drift,0,0.0,0.0,0.0,kivi,signed_norm_drift,v_source,12,all_tokens,max,0,0,12
source_state_norm_drift,0,0.0,0.0,0.0,kivi,signed_norm_drift,v_source,12,all_tokens,mean,0,0,12
source_state_norm_drift,0,0.0,0.0,0.0,kivi,signed_norm_drift,v_source,12,all_tokens,p50,0,0,12
source_state_norm_drift,0,0.0,0.0,0.0,kivi,signed_norm_drift,v_source,12,all_tokens,p90,0,0,12
source_state_norm_drift,0,0.0,0.0,0.0,kivi,signed_norm_drift,v_source,12,all_tokens,p95,0,0,12
source_state_norm_drift,0,0.0,0.0,0.0,kivi,signed_norm_drift,v_source,12,all_tokens,p99,0,0,12
representation_norm_error,0,0.0013369619846343994,0.0013369619846343994,0.0,kivi,abs_log_norm_ratio,v_stored,1,packed_history,max,0,0,1
representation_norm_error,0,-0.0003113470629827475,-0.00026452084689765343,4.6826216085094075e-05,kivi,abs_log_norm_ratio,v_stored,1,packed_history,mean,0,1,0
representation_norm_error,0,-0.001131691038608551,-0.00030606240034103394,0.0008256286382675171,kivi,abs_log_norm_ratio,v_stored,1,packed_history,p50,0,1,0
representation_norm_error,0,0.0003590896725654824,0.0005122393369674239,0.00015314966440194144,kivi,abs_log_norm_ratio,v_stored,1,packed_history,p90,0,1,0
representation_norm_error,0,-0.00017383694648748227,-0.00017081201076507568,3.0249357224065854e-06,kivi,abs_log_norm_ratio,v_stored,1,packed_history,p95,0,1,0
representation_norm_error,0,-0.0009305462241173124,-0.0006550973653792758,0.0002754488587380366,kivi,abs_log_norm_ratio,v_stored,1,packed_history,p99,0,1,0
representation_norm_error,0,2.771615982055664e-05,2.771615982055664e-05,0.0,kivi,direction_error,v_stored,1,packed_history,max,0,0,1
representation_norm_error,0,7.787526283209445e-05,6.560803831234807e-05,-1.2267224519746378e-05,kivi,direction_error,v_stored,1,packed_history,mean,1,0,0
representation_norm_error,0,-0.0002845674753189087,-0.0004443824291229248,-0.0001598149538040161,kivi,direction_error,v_stored,1,packed_history,p50,1,0,0
representation_norm_error,0,8.741021156322137e-05,0.000537484884262085,0.0004500746726988636,kivi,direction_error,v_stored,1,packed_history,p90,0,1,0
representation_norm_error,0,0.0010954737663267933,0.00028146058320999146,-0.0008140131831168018,kivi,direction_error,v_stored,1,packed_history,p95,1,0,0
representation_norm_error,0,-0.00031464874744407956,-0.0004921936988829534,-0.00017754495143887383,kivi,direction_error,v_stored,1,packed_history,p99,1,0,0
representation_norm_error,0,0.003091573715209961,0.003091573715209961,0.0,kivi,norm_ratio,v_stored,1,packed_history,max,0,0,1
representation_norm_error,0,-0.00027971780946245417,-0.00018861951775761554,9.109829170483863e-05,kivi,norm_ratio,v_stored,1,packed_history,mean,0,1,0
representation_norm_error,0,-0.00021958351135253906,-0.0007279515266418457,-0.0005083680152893066,kivi,norm_ratio,v_stored,1,packed_history,p50,1,0,0
representation_norm_error,0,0.00048247575759896577,0.0006951689720153809,0.0002126932144164151,kivi,norm_ratio,v_stored,1,packed_history,p90,0,1,0
representation_norm_error,0,-0.0002858340740206078,-0.00027479231357574463,1.1041760444863158e-05,kivi,norm_ratio,v_stored,1,packed_history,p95,0,1,0
representation_norm_error,0,-0.0018862783908843994,-0.0013273048400881393,0.0005589735507962601,kivi,norm_ratio,v_stored,1,packed_history,p99,0,1,0
representation_norm_error,0,0.0015654563903808594,0.0015654563903808594,0.0,kivi,relative_L2,v_stored,1,packed_history,max,0,0,1
representation_norm_error,0,-2.9349836040637456e-05,-2.230335940112127e-05,7.046476639516186e-06,kivi,relative_L2,v_stored,1,packed_history,mean,0,1,0
representation_norm_error,0,-0.00036738812923431396,-0.0002504289150238037,0.00011695921421051025,kivi,relative_L2,v_stored,1,packed_history,p50,0,1,0
representation_norm_error,0,-0.0012704461812974577,-8.956789970393508e-05,0.0011808782815935226,kivi,relative_L2,v_stored,1,packed_history,p90,0,1,0
representation_norm_error,0,2.5284290313676294e-05,7.259845733686987e-06,-1.8024444579989307e-05,kivi,relative_L2,v_stored,1,packed_history,p95,1,0,0
representation_norm_error,0,0.0002996587753296698,0.00014146447181695443,-0.00015819430351271535,kivi,relative_L2,v_stored,1,packed_history,p99,1,0,0
representation_norm_error,0,0.0030916929244995117,0.0030916929244995117,0.0,kivi,relative_norm_error,v_stored,1,packed_history,max,0,0,1
representation_norm_error,0,-0.0003763176011917224,-0.00032517041759394516,5.114718359777726e-05,kivi,relative_norm_error,v_stored,1,packed_history,mean,0,1,0
representation_norm_error,0,0.0002262406051158905,0.00019722431898117065,-2.901628613471985e-05,kivi,relative_norm_error,v_stored,1,packed_history,p50,1,0,0
representation_norm_error,0,0.00048249810934070103,0.0006951183080672885,0.00021262019872658744,kivi,relative_norm_error,v_stored,1,packed_history,p90,0,1,0
representation_norm_error,0,-0.00028601884841916725,-0.0002747252583503723,1.1293590068794934e-05,kivi,relative_norm_error,v_stored,1,packed_history,p95,0,1,0
representation_norm_error,0,-0.0018863379955291748,-0.0013273096084596148,0.00055902838706956,kivi,relative_norm_error,v_stored,1,packed_history,p99,0,1,0
representation_norm_error,0,0.0030916929244995117,0.0030916929244995117,0.0,kivi,signed_norm_drift,v_stored,1,packed_history,max,0,0,1
representation_norm_error,0,-0.00027972473621229454,-0.000188625750705107,9.109898550718754e-05,kivi,signed_norm_drift,v_stored,1,packed_history,mean,0,1,0
representation_norm_error,0,-0.0002196580171585083,-0.0007280111312866211,-0.0005083531141281128,kivi,signed_norm_drift,v_stored,1,packed_history,p50,1,0,0
representation_norm_error,0,0.00048249810934070103,0.0006951183080672885,0.00021262019872658744,kivi,signed_norm_drift,v_stored,1,packed_history,p90,0,1,0
representation_norm_error,0,-0.00028601884841916725,-0.0002747252583503723,1.1293590068794934e-05,kivi,signed_norm_drift,v_stored,1,packed_history,p95,0,1,0
representation_norm_error,0,-0.0018863379955291748,-0.0013273096084596148,0.00055902838706956,kivi,signed_norm_drift,v_stored,1,packed_history,p99,0,1,0
representation_norm_error,0,0.0,0.0,0.0,kivi,abs_log_norm_ratio,v_stored,12,pending_history,max,0,0,12
representation_norm_error,0,0.0,0.0,0.0,kivi,abs_log_norm_ratio,v_stored,12,pending_history,mean,0,0,12
representation_norm_error,0,0.0,0.0,0.0,kivi,abs_log_norm_ratio,v_stored,12,pending_history,p50,0,0,12
representation_norm_error,0,0.0,0.0,0.0,kivi,abs_log_norm_ratio,v_stored,12,pending_history,p90,0,0,12
representation_norm_error,0,0.0,0.0,0.0,kivi,abs_log_norm_ratio,v_stored,12,pending_history,p95,0,0,12
representation_norm_error,0,0.0,0.0,0.0,kivi,abs_log_norm_ratio,v_stored,12,pending_history,p99,0,0,12
representation_norm_error,0,5.960464477539063e-08,2.9802322387695312e-08,0.0,kivi,direction_error,v_stored,12,pending_history,max,3,0,9
representation_norm_error,0,-5.03571594462675e-09,-5.944679349155754e-09,-1.9549926249330642e-10,kivi,direction_error,v_stored,12,pending_history,mean,7,5,0
representation_norm_error,0,0.0,0.0,0.0,kivi,direction_error,v_stored,12,pending_history,p50,0,0,12
representation_norm_error,0,0.0,0.0,0.0,kivi,direction_error,v_stored,12,pending_history,p90,2,1,9
representation_norm_error,0,-2.2351741790771484e-08,-1.4901161193847656e-08,0.0,kivi,direction_error,v_stored,12,pending_history,p95,2,3,7
representation_norm_error,0,1.0281801223754849e-08,-2.875924110412523e-08,-2.4139881134034965e-08,kivi,direction_error,v_stored,12,pending_history,p99,10,1,1
representation_norm_error,0,0.0,0.0,0.0,kivi,norm_ratio,v_stored,12,pending_history,max,0,0,12
representation_norm_error,0,0.0,0.0,0.0,kivi,norm_ratio,v_stored,12,pending_history,mean,0,0,12
representation_norm_error,0,0.0,0.0,0.0,kivi,norm_ratio,v_stored,12,pending_history,p50,0,0,12
representation_norm_error,0,0.0,0.0,0.0,kivi,norm_ratio,v_stored,12,pending_history,p90,0,0,12
representation_norm_error,0,0.0,0.0,0.0,kivi,norm_ratio,v_stored,12,pending_history,p95,0,0,12
representation_norm_error,0,0.0,0.0,0.0,kivi,norm_ratio,v_stored,12,pending_history,p99,0,0,12
representation_norm_error,0,0.0,0.0,0.0,kivi,relative_L2,v_stored,12,pending_history,max,0,0,12
representation_norm_error,0,0.0,0.0,0.0,kivi,relative_L2,v_stored,12,pending_history,mean,0,0,12
representation_norm_error,0,0.0,0.0,0.0,kivi,relative_L2,v_stored,12,pending_history,p50,0,0,12
representation_norm_error,0,0.0,0.0,0.0,kivi,relative_L2,v_stored,12,pending_history,p90,0,0,12
representation_norm_error,0,0.0,0.0,0.0,kivi,relative_L2,v_stored,12,pending_history,p95,0,0,12
representation_norm_error,0,0.0,0.0,0.0,kivi,relative_L2,v_stored,12,pending_history,p99,0,0,12
representation_norm_error,0,0.0,0.0,0.0,kivi,relative_norm_error,v_stored,12,pending_history,max,0,0,12
representation_norm_error,0,0.0,0.0,0.0,kivi,relative_norm_error,v_stored,12,pending_history,mean,0,0,12
representation_norm_error,0,0.0,0.0,0.0,kivi,relative_norm_error,v_stored,12,pending_history,p50,0,0,12
representation_norm_error,0,0.0,0.0,0.0,kivi,relative_norm_error,v_stored,12,pending_history,p90,0,0,12
representation_norm_error,0,0.0,0.0,0.0,kivi,relative_norm_error,v_stored,12,pending_history,p95,0,0,12
representation_norm_error,0,0.0,0.0,0.0,kivi,relative_norm_error,v_stored,12,pending_history,p99,0,0,12
representation_norm_error,0,0.0,0.0,0.0,kivi,signed_norm_drift,v_stored,12,pending_history,max,0,0,12
representation_norm_error,0,0.0,0.0,0.0,kivi,signed_norm_drift,v_stored,12,pending_history,mean,0,0,12
representation_norm_error,0,0.0,0.0,0.0,kivi,signed_norm_drift,v_stored,12,pending_history,p50,0,0,12
representation_norm_error,0,0.0,0.0,0.0,kivi,signed_norm_drift,v_stored,12,pending_history,p90,0,0,12
representation_norm_error,0,0.0,0.0,0.0,kivi,signed_norm_drift,v_stored,12,pending_history,p95,0,0,12
representation_norm_error,0,0.0,0.0,0.0,kivi,signed_norm_drift,v_stored,12,pending_history,p99,0,0,12
representation_norm_error,0,0.0,0.0,0.0,kivi,abs_log_norm_ratio,v_stored,12,recent,max,0,0,12
representation_norm_error,0,0.0,0.0,0.0,kivi,abs_log_norm_ratio,v_stored,12,recent,mean,0,0,12
representation_norm_error,0,0.0,0.0,0.0,kivi,abs_log_norm_ratio,v_stored,12,recent,p50,0,0,12
representation_norm_error,0,0.0,0.0,0.0,kivi,abs_log_norm_ratio,v_stored,12,recent,p90,0,0,12
representation_norm_error,0,0.0,0.0,0.0,kivi,abs_log_norm_ratio,v_stored,12,recent,p95,0,0,12
representation_norm_error,0,0.0,0.0,0.0,kivi,abs_log_norm_ratio,v_stored,12,recent,p99,0,0,12
representation_norm_error,0,7.450580596923828e-08,7.450580596923828e-08,0.0,kivi,direction_error,v_stored,12,recent,max,0,0,12
representation_norm_error,0,-5.529727786779404e-09,-5.529727786779404e-09,0.0,kivi,direction_error,v_stored,12,recent,mean,0,0,12
representation_norm_error,0,0.0,0.0,0.0,kivi,direction_error,v_stored,12,recent,p50,0,0,12
representation_norm_error,0,0.0,0.0,0.0,kivi,direction_error,v_stored,12,recent,p90,0,0,12
representation_norm_error,0,0.0,0.0,0.0,kivi,direction_error,v_stored,12,recent,p95,0,0,12
representation_norm_error,0,0.0,0.0,0.0,kivi,direction_error,v_stored,12,recent,p99,0,0,12
representation_norm_error,0,0.0,0.0,0.0,kivi,norm_ratio,v_stored,12,recent,max,0,0,12
representation_norm_error,0,0.0,0.0,0.0,kivi,norm_ratio,v_stored,12,recent,mean,0,0,12
representation_norm_error,0,0.0,0.0,0.0,kivi,norm_ratio,v_stored,12,recent,p50,0,0,12
representation_norm_error,0,0.0,0.0,0.0,kivi,norm_ratio,v_stored,12,recent,p90,0,0,12
representation_norm_error,0,0.0,0.0,0.0,kivi,norm_ratio,v_stored,12,recent,p95,0,0,12
representation_norm_error,0,0.0,0.0,0.0,kivi,norm_ratio,v_stored,12,recent,p99,0,0,12
representation_norm_error,0,0.0,0.0,0.0,kivi,relative_L2,v_stored,12,recent,max,0,0,12
representation_norm_error,0,0.0,0.0,0.0,kivi,relative_L2,v_stored,12,recent,mean,0,0,12
representation_norm_error,0,0.0,0.0,0.0,kivi,relative_L2,v_stored,12,recent,p50,0,0,12
representation_norm_error,0,0.0,0.0,0.0,kivi,relative_L2,v_stored,12,recent,p90,0,0,12
representation_norm_error,0,0.0,0.0,0.0,kivi,relative_L2,v_stored,12,recent,p95,0,0,12
representation_norm_error,0,0.0,0.0,0.0,kivi,relative_L2,v_stored,12,recent,p99,0,0,12
representation_norm_error,0,0.0,0.0,0.0,kivi,relative_norm_error,v_stored,12,recent,max,0,0,12
representation_norm_error,0,0.0,0.0,0.0,kivi,relative_norm_error,v_stored,12,recent,mean,0,0,12
representation_norm_error,0,0.0,0.0,0.0,kivi,relative_norm_error,v_stored,12,recent,p50,0,0,12
representation_norm_error,0,0.0,0.0,0.0,kivi,relative_norm_error,v_stored,12,recent,p90,0,0,12
representation_norm_error,0,0.0,0.0,0.0,kivi,relative_norm_error,v_stored,12,recent,p95,0,0,12
representation_norm_error,0,0.0,0.0,0.0,kivi,relative_norm_error,v_stored,12,recent,p99,0,0,12
representation_norm_error,0,0.0,0.0,0.0,kivi,signed_norm_drift,v_stored,12,recent,max,0,0,12
representation_norm_error,0,0.0,0.0,0.0,kivi,signed_norm_drift,v_stored,12,recent,mean,0,0,12
representation_norm_error,0,0.0,0.0,0.0,kivi,signed_norm_drift,v_stored,12,recent,p50,0,0,12
representation_norm_error,0,0.0,0.0,0.0,kivi,signed_norm_drift,v_stored,12,recent,p90,0,0,12
representation_norm_error,0,0.0,0.0,0.0,kivi,signed_norm_drift,v_stored,12,recent,p95,0,0,12
representation_norm_error,0,0.0,0.0,0.0,kivi,signed_norm_drift,v_stored,12,recent,p99,0,0,12
stored_norm_error,0,0.0013369619846343994,0.0013369619846343994,0.0,kivi,abs_log_norm_ratio,v_stored,1,packed_history,max,0,0,1
stored_norm_error,0,-0.0003113470629827475,-0.00026452084689765343,4.6826216085094075e-05,kivi,abs_log_norm_ratio,v_stored,1,packed_history,mean,0,1,0
stored_norm_error,0,-0.001131691038608551,-0.00030606240034103394,0.0008256286382675171,kivi,abs_log_norm_ratio,v_stored,1,packed_history,p50,0,1,0
stored_norm_error,0,0.0003590896725654824,0.0005122393369674239,0.00015314966440194144,kivi,abs_log_norm_ratio,v_stored,1,packed_history,p90,0,1,0
stored_norm_error,0,-0.00017383694648748227,-0.00017081201076507568,3.0249357224065854e-06,kivi,abs_log_norm_ratio,v_stored,1,packed_history,p95,0,1,0
stored_norm_error,0,-0.0009305462241173124,-0.0006550973653792758,0.0002754488587380366,kivi,abs_log_norm_ratio,v_stored,1,packed_history,p99,0,1,0
stored_norm_error,0,2.771615982055664e-05,2.771615982055664e-05,0.0,kivi,direction_error,v_stored,1,packed_history,max,0,0,1
stored_norm_error,0,7.787526283209445e-05,6.560803831234807e-05,-1.2267224519746378e-05,kivi,direction_error,v_stored,1,packed_history,mean,1,0,0
stored_norm_error,0,-0.0002845674753189087,-0.0004443824291229248,-0.0001598149538040161,kivi,direction_error,v_stored,1,packed_history,p50,1,0,0
stored_norm_error,0,8.741021156322137e-05,0.000537484884262085,0.0004500746726988636,kivi,direction_error,v_stored,1,packed_history,p90,0,1,0
stored_norm_error,0,0.0010954737663267933,0.00028146058320999146,-0.0008140131831168018,kivi,direction_error,v_stored,1,packed_history,p95,1,0,0
stored_norm_error,0,-0.00031464874744407956,-0.0004921936988829534,-0.00017754495143887383,kivi,direction_error,v_stored,1,packed_history,p99,1,0,0
stored_norm_error,0,0.003091573715209961,0.003091573715209961,0.0,kivi,norm_ratio,v_stored,1,packed_history,max,0,0,1
stored_norm_error,0,-0.00027971780946245417,-0.00018861951775761554,9.109829170483863e-05,kivi,norm_ratio,v_stored,1,packed_history,mean,0,1,0
stored_norm_error,0,-0.00021958351135253906,-0.0007279515266418457,-0.0005083680152893066,kivi,norm_ratio,v_stored,1,packed_history,p50,1,0,0
stored_norm_error,0,0.00048247575759896577,0.0006951689720153809,0.0002126932144164151,kivi,norm_ratio,v_stored,1,packed_history,p90,0,1,0
stored_norm_error,0,-0.0002858340740206078,-0.00027479231357574463,1.1041760444863158e-05,kivi,norm_ratio,v_stored,1,packed_history,p95,0,1,0
stored_norm_error,0,-0.0018862783908843994,-0.0013273048400881393,0.0005589735507962601,kivi,norm_ratio,v_stored,1,packed_history,p99,0,1,0
stored_norm_error,0,0.0015654563903808594,0.0015654563903808594,0.0,kivi,relative_L2,v_stored,1,packed_history,max,0,0,1
stored_norm_error,0,-2.9349836040637456e-05,-2.230335940112127e-05,7.046476639516186e-06,kivi,relative_L2,v_stored,1,packed_history,mean,0,1,0
stored_norm_error,0,-0.00036738812923431396,-0.0002504289150238037,0.00011695921421051025,kivi,relative_L2,v_stored,1,packed_history,p50,0,1,0
stored_norm_error,0,-0.0012704461812974577,-8.956789970393508e-05,0.0011808782815935226,kivi,relative_L2,v_stored,1,packed_history,p90,0,1,0
stored_norm_error,0,2.5284290313676294e-05,7.259845733686987e-06,-1.8024444579989307e-05,kivi,relative_L2,v_stored,1,packed_history,p95,1,0,0
stored_norm_error,0,0.0002996587753296698,0.00014146447181695443,-0.00015819430351271535,kivi,relative_L2,v_stored,1,packed_history,p99,1,0,0
stored_norm_error,0,0.0030916929244995117,0.0030916929244995117,0.0,kivi,relative_norm_error,v_stored,1,packed_history,max,0,0,1
stored_norm_error,0,-0.0003763176011917224,-0.00032517041759394516,5.114718359777726e-05,kivi,relative_norm_error,v_stored,1,packed_history,mean,0,1,0
stored_norm_error,0,0.0002262406051158905,0.00019722431898117065,-2.901628613471985e-05,kivi,relative_norm_error,v_stored,1,packed_history,p50,1,0,0
stored_norm_error,0,0.00048249810934070103,0.0006951183080672885,0.00021262019872658744,kivi,relative_norm_error,v_stored,1,packed_history,p90,0,1,0
stored_norm_error,0,-0.00028601884841916725,-0.0002747252583503723,1.1293590068794934e-05,kivi,relative_norm_error,v_stored,1,packed_history,p95,0,1,0
stored_norm_error,0,-0.0018863379955291748,-0.0013273096084596148,0.00055902838706956,kivi,relative_norm_error,v_stored,1,packed_history,p99,0,1,0
stored_norm_error,0,0.0030916929244995117,0.0030916929244995117,0.0,kivi,signed_norm_drift,v_stored,1,packed_history,max,0,0,1
stored_norm_error,0,-0.00027972473621229454,-0.000188625750705107,9.109898550718754e-05,kivi,signed_norm_drift,v_stored,1,packed_history,mean,0,1,0
stored_norm_error,0,-0.0002196580171585083,-0.0007280111312866211,-0.0005083531141281128,kivi,signed_norm_drift,v_stored,1,packed_history,p50,1,0,0
stored_norm_error,0,0.00048249810934070103,0.0006951183080672885,0.00021262019872658744,kivi,signed_norm_drift,v_stored,1,packed_history,p90,0,1,0
stored_norm_error,0,-0.00028601884841916725,-0.0002747252583503723,1.1293590068794934e-05,kivi,signed_norm_drift,v_stored,1,packed_history,p95,0,1,0
stored_norm_error,0,-0.0018863379955291748,-0.0013273096084596148,0.00055902838706956,kivi,signed_norm_drift,v_stored,1,packed_history,p99,0,1,0
stored_norm_error,0,0.0,0.0,0.0,kivi,abs_log_norm_ratio,v_stored,12,pending_history,max,0,0,12
stored_norm_error,0,0.0,0.0,0.0,kivi,abs_log_norm_ratio,v_stored,12,pending_history,mean,0,0,12
stored_norm_error,0,0.0,0.0,0.0,kivi,abs_log_norm_ratio,v_stored,12,pending_history,p50,0,0,12
stored_norm_error,0,0.0,0.0,0.0,kivi,abs_log_norm_ratio,v_stored,12,pending_history,p90,0,0,12
stored_norm_error,0,0.0,0.0,0.0,kivi,abs_log_norm_ratio,v_stored,12,pending_history,p95,0,0,12
stored_norm_error,0,0.0,0.0,0.0,kivi,abs_log_norm_ratio,v_stored,12,pending_history,p99,0,0,12
stored_norm_error,0,5.960464477539063e-08,2.9802322387695312e-08,0.0,kivi,direction_error,v_stored,12,pending_history,max,3,0,9
stored_norm_error,0,-5.03571594462675e-09,-5.944679349155754e-09,-1.9549926249330642e-10,kivi,direction_error,v_stored,12,pending_history,mean,7,5,0
stored_norm_error,0,0.0,0.0,0.0,kivi,direction_error,v_stored,12,pending_history,p50,0,0,12
stored_norm_error,0,0.0,0.0,0.0,kivi,direction_error,v_stored,12,pending_history,p90,2,1,9
stored_norm_error,0,-2.2351741790771484e-08,-1.4901161193847656e-08,0.0,kivi,direction_error,v_stored,12,pending_history,p95,2,3,7
stored_norm_error,0,1.0281801223754849e-08,-2.875924110412523e-08,-2.4139881134034965e-08,kivi,direction_error,v_stored,12,pending_history,p99,10,1,1
stored_norm_error,0,0.0,0.0,0.0,kivi,norm_ratio,v_stored,12,pending_history,max,0,0,12
stored_norm_error,0,0.0,0.0,0.0,kivi,norm_ratio,v_stored,12,pending_history,mean,0,0,12
stored_norm_error,0,0.0,0.0,0.0,kivi,norm_ratio,v_stored,12,pending_history,p50,0,0,12
stored_norm_error,0,0.0,0.0,0.0,kivi,norm_ratio,v_stored,12,pending_history,p90,0,0,12
stored_norm_error,0,0.0,0.0,0.0,kivi,norm_ratio,v_stored,12,pending_history,p95,0,0,12
stored_norm_error,0,0.0,0.0,0.0,kivi,norm_ratio,v_stored,12,pending_history,p99,0,0,12
stored_norm_error,0,0.0,0.0,0.0,kivi,relative_L2,v_stored,12,pending_history,max,0,0,12
stored_norm_error,0,0.0,0.0,0.0,kivi,relative_L2,v_stored,12,pending_history,mean,0,0,12
stored_norm_error,0,0.0,0.0,0.0,kivi,relative_L2,v_stored,12,pending_history,p50,0,0,12
stored_norm_error,0,0.0,0.0,0.0,kivi,relative_L2,v_stored,12,pending_history,p90,0,0,12
stored_norm_error,0,0.0,0.0,0.0,kivi,relative_L2,v_stored,12,pending_history,p95,0,0,12
stored_norm_error,0,0.0,0.0,0.0,kivi,relative_L2,v_stored,12,pending_history,p99,0,0,12
stored_norm_error,0,0.0,0.0,0.0,kivi,relative_norm_error,v_stored,12,pending_history,max,0,0,12
stored_norm_error,0,0.0,0.0,0.0,kivi,relative_norm_error,v_stored,12,pending_history,mean,0,0,12
stored_norm_error,0,0.0,0.0,0.0,kivi,relative_norm_error,v_stored,12,pending_history,p50,0,0,12
stored_norm_error,0,0.0,0.0,0.0,kivi,relative_norm_error,v_stored,12,pending_history,p90,0,0,12
stored_norm_error,0,0.0,0.0,0.0,kivi,relative_norm_error,v_stored,12,pending_history,p95,0,0,12
stored_norm_error,0,0.0,0.0,0.0,kivi,relative_norm_error,v_stored,12,pending_history,p99,0,0,12
stored_norm_error,0,0.0,0.0,0.0,kivi,signed_norm_drift,v_stored,12,pending_history,max,0,0,12
stored_norm_error,0,0.0,0.0,0.0,kivi,signed_norm_drift,v_stored,12,pending_history,mean,0,0,12
stored_norm_error,0,0.0,0.0,0.0,kivi,signed_norm_drift,v_stored,12,pending_history,p50,0,0,12
stored_norm_error,0,0.0,0.0,0.0,kivi,signed_norm_drift,v_stored,12,pending_history,p90,0,0,12
stored_norm_error,0,0.0,0.0,0.0,kivi,signed_norm_drift,v_stored,12,pending_history,p95,0,0,12
stored_norm_error,0,0.0,0.0,0.0,kivi,signed_norm_drift,v_stored,12,pending_history,p99,0,0,12
stored_norm_error,0,0.0,0.0,0.0,kivi,abs_log_norm_ratio,v_stored,12,recent,max,0,0,12
stored_norm_error,0,0.0,0.0,0.0,kivi,abs_log_norm_ratio,v_stored,12,recent,mean,0,0,12
stored_norm_error,0,0.0,0.0,0.0,kivi,abs_log_norm_ratio,v_stored,12,recent,p50,0,0,12
stored_norm_error,0,0.0,0.0,0.0,kivi,abs_log_norm_ratio,v_stored,12,recent,p90,0,0,12
stored_norm_error,0,0.0,0.0,0.0,kivi,abs_log_norm_ratio,v_stored,12,recent,p95,0,0,12
stored_norm_error,0,0.0,0.0,0.0,kivi,abs_log_norm_ratio,v_stored,12,recent,p99,0,0,12
stored_norm_error,0,7.450580596923828e-08,7.450580596923828e-08,0.0,kivi,direction_error,v_stored,12,recent,max,0,0,12
stored_norm_error,0,-5.529727786779404e-09,-5.529727786779404e-09,0.0,kivi,direction_error,v_stored,12,recent,mean,0,0,12
stored_norm_error,0,0.0,0.0,0.0,kivi,direction_error,v_stored,12,recent,p50,0,0,12
stored_norm_error,0,0.0,0.0,0.0,kivi,direction_error,v_stored,12,recent,p90,0,0,12
stored_norm_error,0,0.0,0.0,0.0,kivi,direction_error,v_stored,12,recent,p95,0,0,12
stored_norm_error,0,0.0,0.0,0.0,kivi,direction_error,v_stored,12,recent,p99,0,0,12
stored_norm_error,0,0.0,0.0,0.0,kivi,norm_ratio,v_stored,12,recent,max,0,0,12
stored_norm_error,0,0.0,0.0,0.0,kivi,norm_ratio,v_stored,12,recent,mean,0,0,12
stored_norm_error,0,0.0,0.0,0.0,kivi,norm_ratio,v_stored,12,recent,p50,0,0,12
stored_norm_error,0,0.0,0.0,0.0,kivi,norm_ratio,v_stored,12,recent,p90,0,0,12
stored_norm_error,0,0.0,0.0,0.0,kivi,norm_ratio,v_stored,12,recent,p95,0,0,12
stored_norm_error,0,0.0,0.0,0.0,kivi,norm_ratio,v_stored,12,recent,p99,0,0,12
stored_norm_error,0,0.0,0.0,0.0,kivi,relative_L2,v_stored,12,recent,max,0,0,12
stored_norm_error,0,0.0,0.0,0.0,kivi,relative_L2,v_stored,12,recent,mean,0,0,12
stored_norm_error,0,0.0,0.0,0.0,kivi,relative_L2,v_stored,12,recent,p50,0,0,12
stored_norm_error,0,0.0,0.0,0.0,kivi,relative_L2,v_stored,12,recent,p90,0,0,12
stored_norm_error,0,0.0,0.0,0.0,kivi,relative_L2,v_stored,12,recent,p95,0,0,12
stored_norm_error,0,0.0,0.0,0.0,kivi,relative_L2,v_stored,12,recent,p99,0,0,12
stored_norm_error,0,0.0,0.0,0.0,kivi,relative_norm_error,v_stored,12,recent,max,0,0,12
stored_norm_error,0,0.0,0.0,0.0,kivi,relative_norm_error,v_stored,12,recent,mean,0,0,12
stored_norm_error,0,0.0,0.0,0.0,kivi,relative_norm_error,v_stored,12,recent,p50,0,0,12
stored_norm_error,0,0.0,0.0,0.0,kivi,relative_norm_error,v_stored,12,recent,p90,0,0,12
stored_norm_error,0,0.0,0.0,0.0,kivi,relative_norm_error,v_stored,12,recent,p95,0,0,12
stored_norm_error,0,0.0,0.0,0.0,kivi,relative_norm_error,v_stored,12,recent,p99,0,0,12
stored_norm_error,0,0.0,0.0,0.0,kivi,signed_norm_drift,v_stored,12,recent,max,0,0,12
stored_norm_error,0,0.0,0.0,0.0,kivi,signed_norm_drift,v_stored,12,recent,mean,0,0,12
stored_norm_error,0,0.0,0.0,0.0,kivi,signed_norm_drift,v_stored,12,recent,p50,0,0,12
stored_norm_error,0,0.0,0.0,0.0,kivi,signed_norm_drift,v_stored,12,recent,p90,0,0,12
stored_norm_error,0,0.0,0.0,0.0,kivi,signed_norm_drift,v_stored,12,recent,p95,0,0,12
stored_norm_error,0,0.0,0.0,0.0,kivi,signed_norm_drift,v_stored,12,recent,p99,0,0,12
source_state_norm_drift,15,0.2888784808383207,0.15322971785644768,-0.12883357661485206,kivi,abs_log_norm_ratio,hidden,12,all_tokens,max,12,0,0
source_state_norm_drift,15,0.03272313445368445,0.010147001904176074,-0.0233419641658641,kivi,abs_log_norm_ratio,hidden,12,all_tokens,mean,12,0,0
source_state_norm_drift,15,0.02070483403031176,0.005935455563303549,-0.015214025424029387,kivi,abs_log_norm_ratio,hidden,12,all_tokens,p50,12,0,0
source_state_norm_drift,15,0.08114568835080718,0.02524511047231499,-0.056076938552723735,kivi,abs_log_norm_ratio,hidden,12,all_tokens,p90,12,0,0
source_state_norm_drift,15,0.10358880934327316,0.03321883805383548,-0.07197928447130836,kivi,abs_log_norm_ratio,hidden,12,all_tokens,p95,12,0,0
source_state_norm_drift,15,0.15651801038911822,0.052752852079502165,-0.09927577576832862,kivi,abs_log_norm_ratio,hidden,12,all_tokens,p99,12,0,0
source_state_norm_drift,15,2.960513785481453,1.7061265110969543,-1.1064833253622055,kivi,direction_error,hidden,12,all_tokens,max,12,0,0
source_state_norm_drift,15,0.387906907297504,0.0533250216207794,-0.3344598095834669,kivi,direction_error,hidden,12,all_tokens,mean,12,0,0
source_state_norm_drift,15,0.3786202445626259,0.030185602605342865,-0.3464742600917816,kivi,direction_error,hidden,12,all_tokens,p50,12,0,0
source_state_norm_drift,15,0.6782631546258927,0.11199671030044558,-0.569554367661476,kivi,direction_error,hidden,12,all_tokens,p90,12,0,0
source_state_norm_drift,15,0.8898711711168281,0.1659703142940997,-0.7243216551840299,kivi,direction_error,hidden,12,all_tokens,p95,12,0,0
source_state_norm_drift,15,1.8537604165077197,0.4475606204569347,-1.4169490550458423,kivi,direction_error,hidden,12,all_tokens,p99,12,0,0
source_state_norm_drift,15,0.2936581075191498,0.12896475195884705,-0.15194037556648254,kivi,norm_ratio,hidden,12,all_tokens,max,12,0,0
source_state_norm_drift,15,0.00389372860852491,0.004152030292492115,0.0002844926705206918,kivi,norm_ratio,hidden,12,all_tokens,mean,6,6,0
source_state_norm_drift,15,0.00015112757682800293,0.0019841715693473816,0.0014947205781936646,kivi,norm_ratio,hidden,12,all_tokens,p50,4,8,0
source_state_norm_drift,15,0.06390735208988191,0.021534234285354448,-0.042936703562736656,kivi,norm_ratio,hidden,12,all_tokens,p90,12,0,0
source_state_norm_drift,15,0.0924271747469903,0.0303973227739332,-0.06035602837800974,kivi,norm_ratio,hidden,12,all_tokens,p95,12,0,0
source_state_norm_drift,15,0.14470629215240488,0.049387597441673536,-0.09424099951982456,kivi,norm_ratio,hidden,12,all_tokens,p99,12,0,0
source_state_norm_drift,15,4.8492165971547365,3.5485671386122704,-1.1907142547424883,kivi,relative_L2,hidden,12,all_tokens,max,12,0,0
source_state_norm_drift,15,1.4760558459216466,0.4825423459187743,-1.0123084448762085,kivi,relative_L2,hidden,12,all_tokens,mean,12,0,0
source_state_norm_drift,15,1.731259134132415,0.46497615169209894,-1.2594750783173367,kivi,relative_L2,hidden,12,all_tokens,p50,12,0,0
source_state_norm_drift,15,2.318430980318226,0.9348161909496413,-1.4113359157112428,kivi,relative_L2,hidden,12,all_tokens,p90,12,0,0
source_state_norm_drift,15,2.6602188825141635,1.1303283176821421,-1.560372350434772,kivi,relative_L2,hidden,12,all_tokens,p95,12,0,0
source_state_norm_drift,15,3.8318107327079636,1.8436945788940662,-1.963229889213109,kivi,relative_L2,hidden,12,all_tokens,p99,12,0,0
source_state_norm_drift,15,0.2959656051098136,0.15050673266523518,-0.13903522481268737,kivi,relative_norm_error,hidden,12,all_tokens,max,12,0,0
source_state_norm_drift,15,0.032771472779670616,0.010162953654433883,-0.023355275292641794,kivi,relative_norm_error,hidden,12,all_tokens,mean,12,0,0
source_state_norm_drift,15,0.020731927000269934,0.005938454647548497,-0.015199221526927431,kivi,relative_norm_error,hidden,12,all_tokens,p50,12,0,0
source_state_norm_drift,15,0.0813444304996665,0.02528022902661178,-0.05616508395905841,kivi,relative_norm_error,hidden,12,all_tokens,p90,12,0,0
source_state_norm_drift,15,0.10361808614525214,0.03328407148710538,-0.07192462577731931,kivi,relative_norm_error,hidden,12,all_tokens,p95,12,0,0
source_state_norm_drift,15,0.15740182005072728,0.053081002021717706,-0.09970754618341757,kivi,relative_norm_error,hidden,12,all_tokens,p99,12,0,0
source_state_norm_drift,15,0.2936581805770402,0.1289646732111578,-0.1519402888661716,kivi,signed_norm_drift,hidden,12,all_tokens,max,12,0,0
source_state_norm_drift,15,0.0038937284996681232,0.004152031881927451,0.00028449251276501774,kivi,signed_norm_drift,hidden,12,all_tokens,mean,6,6,0
source_state_norm_drift,15,0.0001511050669478209,0.001984178102276246,0.0014947230287134516,kivi,signed_norm_drift,hidden,12,all_tokens,p50,4,8,0
source_state_norm_drift,15,0.06390729522972835,0.021534112143854145,-0.04293669392245647,kivi,signed_norm_drift,hidden,12,all_tokens,p90,12,0,0
source_state_norm_drift,15,0.09242711821334518,0.030397379773421548,-0.06035602000811191,kivi,signed_norm_drift,hidden,12,all_tokens,p95,12,0,0
source_state_norm_drift,15,0.14470627180664467,0.04938771917517445,-0.09424101638847766,kivi,signed_norm_drift,hidden,12,all_tokens,p99,12,0,0
source_state_norm_drift,15,1.4607772443559952,0.7887957119964994,-0.6566064775688574,kivi,abs_log_norm_ratio,k_source,12,all_tokens,max,12,0,0
source_state_norm_drift,15,0.12252751820094968,0.030177596761577285,-0.09419028668522958,kivi,abs_log_norm_ratio,k_source,12,all_tokens,mean,12,0,0
source_state_norm_drift,15,0.07238892149143794,0.015919067154754885,-0.05693804467955488,kivi,abs_log_norm_ratio,k_source,12,all_tokens,p50,12,0,0
source_state_norm_drift,15,0.3119959327814287,0.07498876049867251,-0.23544098387792473,kivi,abs_log_norm_ratio,k_source,12,all_tokens,p90,12,0,0
source_state_norm_drift,15,0.412039533141069,0.10256617626619115,-0.3160682991547218,kivi,abs_log_norm_ratio,k_source,12,all_tokens,p95,12,0,0
source_state_norm_drift,15,0.6409216615700285,0.19916849945308052,-0.45793574853072644,kivi,abs_log_norm_ratio,k_source,12,all_tokens,p99,12,0,0
source_state_norm_drift,15,2.450850024819374,1.389988824725151,-1.094599887728691,kivi,direction_error,k_source,12,all_tokens,max,12,0,0
source_state_norm_drift,15,0.1225025001369782,0.016161220208662994,-0.10741339293354733,kivi,direction_error,k_source,12,all_tokens,mean,12,0,0
source_state_norm_drift,15,0.09990501403808594,0.007073625922203064,-0.09346280992031097,kivi,direction_error,k_source,12,all_tokens,p50,12,0,0
source_state_norm_drift,15,0.2348643839359284,0.030971854925155647,-0.20771083384752279,kivi,direction_error,k_source,12,all_tokens,p90,12,0,0
source_state_norm_drift,15,0.3280682630836963,0.048597481101751314,-0.28017975240945814,kivi,direction_error,k_source,12,all_tokens,p95,12,0,0
source_state_norm_drift,15,0.8091541966795931,0.16212953433394384,-0.6556273283064376,kivi,direction_error,k_source,12,all_tokens,p99,12,0,0
source_state_norm_drift,15,1.7893380522727966,0.8543733954429626,-0.9030064940452576,kivi,norm_ratio,k_source,12,all_tokens,max,12,0,0
source_state_norm_drift,15,-0.0027404726339431695,0.00405188759573194,0.00744873942821872,kivi,norm_ratio,k_source,12,all_tokens,mean,4,8,0
source_state_norm_drift,15,-0.0004631355404853821,0.0007980912923812866,0.001287207007408142,kivi,norm_ratio,k_source,12,all_tokens,p50,0,12,0
source_state_norm_drift,15,0.21039299368858333,0.05438663065433502,-0.1522789150476455,kivi,norm_ratio,k_source,12,all_tokens,p90,12,0,0
source_state_norm_drift,15,0.30524464696645714,0.0819769203662874,-0.22711423188447943,kivi,norm_ratio,k_source,12,all_tokens,p95,12,0,0
source_state_norm_drift,15,0.5668106034398073,0.16655235052108752,-0.41661424040794315,kivi,norm_ratio,k_source,12,all_tokens,p99,12,0,0
source_state_norm_drift,15,5.157917016535066,3.629202763608191,-1.5494209055323154,kivi,relative_L2,k_source,12,all_tokens,max,12,0,0
source_state_norm_drift,15,0.8160178573748673,0.2466601579029704,-0.5805346552087087,kivi,relative_L2,k_source,12,all_tokens,mean,12,0,0
source_state_norm_drift,15,0.8963356431268039,0.22878053029853618,-0.6714182937284932,kivi,relative_L2,k_source,12,all_tokens,p50,12,0,0
source_state_norm_drift,15,1.3917985742329622,0.49705577439162885,-0.9250248802301939,kivi,relative_L2,k_source,12,all_tokens,p90,12,0,0
source_state_norm_drift,15,1.6440760858196881,0.6203295026003615,-1.0481952674774218,kivi,relative_L2,k_source,12,all_tokens,p95,12,0,0
source_state_norm_drift,15,2.5953670101985313,1.1314295459719133,-1.4956453884067002,kivi,relative_L2,k_source,12,all_tokens,p99,12,0,0
source_state_norm_drift,15,1.7864867671742104,0.8586867995909415,-0.9022086951008532,kivi,relative_norm_error,k_source,12,all_tokens,max,12,0,0
source_state_norm_drift,15,0.1217333040710262,0.030277937974987557,-0.09252457766008296,kivi,relative_norm_error,k_source,12,all_tokens,mean,12,0,0
source_state_norm_drift,15,0.07225365016711294,0.015919235642286367,-0.0568126722046145,kivi,relative_norm_error,k_source,12,all_tokens,p50,12,0,0
source_state_norm_drift,15,0.3074311707299786,0.07504081652805326,-0.23278797505190604,kivi,relative_norm_error,k_source,12,all_tokens,p90,12,0,0
source_state_norm_drift,15,0.4071130090145742,0.10281145955341339,-0.30765317933401076,kivi,relative_norm_error,k_source,12,all_tokens,p95,12,0,0
source_state_norm_drift,15,0.6536243939018458,0.20030256940299285,-0.459455296436208,kivi,relative_norm_error,k_source,12,all_tokens,p99,12,0,0
source_state_norm_drift,15,1.789337942362181,0.8543734781414969,-0.9030065728584304,kivi,signed_norm_drift,k_source,12,all_tokens,max,12,0,0
source_state_norm_drift,15,-0.0027404728520714584,0.004051887562568872,0.007448738391215967,kivi,signed_norm_drift,k_source,12,all_tokens,mean,4,8,0
source_state_norm_drift,15,-0.0004631867122029121,0.0007980661070519091,0.00128725540131569,kivi,signed_norm_drift,k_source,12,all_tokens,p50,0,12,0
source_state_norm_drift,15,0.21039294798538322,0.05438674056931633,-0.1522788776121161,kivi,signed_norm_drift,k_source,12,all_tokens,p90,12,0,0
source_state_norm_drift,15,0.30524452813442626,0.08197688158179516,-0.22711420100386026,kivi,signed_norm_drift,k_source,12,all_tokens,p95,12,0,0
source_state_norm_drift,15,0.5668106658775646,0.16655245751040604,-0.41661411989567537,kivi,signed_norm_drift,k_source,12,all_tokens,p99,12,0,0
representation_norm_error,15,0.0037112832069396973,-0.04123535007238388,-0.04494663327932358,kivi,abs_log_norm_ratio,k_stored,1,packed_history,max,1,0,0
representation_norm_error,15,-0.0039977493996724185,-0.0025872786691840607,0.0014104707304883578,kivi,abs_log_norm_ratio,k_stored,1,packed_history,mean,0,1,0
representation_norm_error,15,-0.0055496226996183395,-0.003644692711532116,0.0019049299880862236,kivi,abs_log_norm_ratio,k_stored,1,packed_history,p50,0,1,0
representation_norm_error,15,-0.004016372933983825,-0.001203891634941133,0.002812481299042692,kivi,abs_log_norm_ratio,k_stored,1,packed_history,p90,0,1,0
representation_norm_error,15,-0.003873170726001185,-0.0013332802802324753,0.0025398904457687096,kivi,abs_log_norm_ratio,k_stored,1,packed_history,p95,0,1,0
representation_norm_error,15,-0.006508083306252861,-0.004884174242615814,0.0016239090636370468,kivi,abs_log_norm_ratio,k_stored,1,packed_history,p99,0,1,0
representation_norm_error,15,0.0006731152534484863,0.0028032660484313965,0.00213015079498291,kivi,direction_error,k_stored,1,packed_history,max,0,1,0
representation_norm_error,15,0.0014822180946794106,-0.0009773488436621847,-0.0024595669383415952,kivi,direction_error,k_stored,1,packed_history,mean,1,0,0
representation_norm_error,15,0.0009933412075042725,-0.0011691749095916748,-0.0021625161170959473,kivi,direction_error,k_stored,1,packed_history,p50,1,0,0
representation_norm_error,15,0.003950357437133827,-0.0010863482952118003,-0.0050367057323456275,kivi,direction_error,k_stored,1,packed_history,p90,1,0,0
representation_norm_error,15,0.0038348123431205597,-0.001175886392593417,-0.005010698735713977,kivi,direction_error,k_stored,1,packed_history,p95,1,0,0
representation_norm_error,15,0.0029946964979171015,-0.0011775431036949793,-0.004172239601612081,kivi,direction_error,k_stored,1,packed_history,p99,1,0,0
representation_norm_error,15,0.008820056915283203,-0.05037832260131836,-0.05919837951660156,kivi,norm_ratio,k_stored,1,packed_history,max,1,0,0
representation_norm_error,15,-0.004057391835885937,-0.0027374005712772487,0.0013199912646086887,kivi,norm_ratio,k_stored,1,packed_history,mean,0,1,0
representation_norm_error,15,-0.005874603986740112,-0.0037663280963897705,0.002108275890350342,kivi,norm_ratio,k_stored,1,packed_history,p50,0,1,0
representation_norm_error,15,-0.004438441991806319,-0.0013045132160185435,0.0031339287757877754,kivi,norm_ratio,k_stored,1,packed_history,p90,0,1,0
representation_norm_error,15,-0.004310595989226895,-0.0014729350805281483,0.002837660908698747,kivi,norm_ratio,k_stored,1,packed_history,p95,0,1,0
representation_norm_error,15,-0.00747255563735949,-0.0056151169538496415,0.0018574386835098489,kivi,norm_ratio,k_stored,1,packed_history,p99,0,1,0
representation_norm_error,15,0.008734703063964844,0.008951038122177124,0.00021633505821228027,kivi,relative_L2,k_stored,1,packed_history,max,0,1,0
representation_norm_error,15,0.0033569188690307783,-0.004113241190452754,-0.007470160059483533,kivi,relative_L2,k_stored,1,packed_history,mean,1,0,0
representation_norm_error,15,0.0022560060024261475,-0.004484891891479492,-0.00674089789390564,kivi,relative_L2,k_stored,1,packed_history,p50,1,0,0
representation_norm_error,15,0.008102951943874503,-0.004559840261936177,-0.01266279220581068,kivi,relative_L2,k_stored,1,packed_history,p90,1,0,0
representation_norm_error,15,0.008638772368430997,-0.002447881549596742,-0.011086653918027739,kivi,relative_L2,k_stored,1,packed_history,p95,1,0,0
representation_norm_error,15,0.012061897963285523,-0.00014896333217603863,-0.012210861295461561,kivi,relative_L2,k_stored,1,packed_history,p99,1,0,0
representation_norm_error,15,0.008820295333862305,-0.05037806183099747,-0.05919835716485977,kivi,relative_norm_error,k_stored,1,packed_history,max,1,0,0
representation_norm_error,15,-0.004259796630302626,-0.0027248443513539222,0.0015349522789487036,kivi,relative_norm_error,k_stored,1,packed_history,mean,0,1,0
representation_norm_error,15,-0.005865182727575302,-0.003818696364760399,0.0020464863628149033,kivi,relative_norm_error,k_stored,1,packed_history,p50,0,1,0
representation_norm_error,15,-0.004438466206192954,-0.0013045337051153308,0.003133932501077623,kivi,relative_norm_error,k_stored,1,packed_history,p90,0,1,0
representation_norm_error,15,-0.004310536757111481,-0.0014731297269463678,0.0028374070301651136,kivi,relative_norm_error,k_stored,1,packed_history,p95,0,1,0
representation_norm_error,15,-0.007472416125237871,-0.005615106187760989,0.0018573099374768823,kivi,relative_norm_error,k_stored,1,packed_history,p99,0,1,0
representation_norm_error,15,0.008820295333862305,-0.05037806183099747,-0.05919835716485977,kivi,signed_norm_drift,k_stored,1,packed_history,max,1,0,0
representation_norm_error,15,-0.004057389758422021,-0.002737400326010858,0.001319989432411163,kivi,signed_norm_drift,k_stored,1,packed_history,mean,0,1,0
representation_norm_error,15,-0.005874468944966793,-0.003766409121453762,0.002108059823513031,kivi,signed_norm_drift,k_stored,1,packed_history,p50,0,1,0
representation_norm_error,15,-0.004438466206192954,-0.0013045337051153308,0.003133932501077623,kivi,signed_norm_drift,k_stored,1,packed_history,p90,0,1,0
representation_norm_error,15,-0.004310536757111481,-0.0014731297269463678,0.0028374070301651136,kivi,signed_norm_drift,k_stored,1,packed_history,p95,0,1,0
representation_norm_error,15,-0.007472416125237871,-0.005615106187760989,0.0018573099374768823,kivi,signed_norm_drift,k_stored,1,packed_history,p99,0,1,0
representation_norm_error,15,0.0,0.0,0.0,kivi,abs_log_norm_ratio,k_stored,12,pending_history,max,0,0,12
representation_norm_error,15,0.0,0.0,0.0,kivi,abs_log_norm_ratio,k_stored,12,pending_history,mean,0,0,12
representation_norm_error,15,0.0,0.0,0.0,kivi,abs_log_norm_ratio,k_stored,12,pending_history,p50,0,0,12
representation_norm_error,15,0.0,0.0,0.0,kivi,abs_log_norm_ratio,k_stored,12,pending_history,p90,0,0,12
representation_norm_error,15,0.0,0.0,0.0,kivi,abs_log_norm_ratio,k_stored,12,pending_history,p95,0,0,12
representation_norm_error,15,0.0,0.0,0.0,kivi,abs_log_norm_ratio,k_stored,12,pending_history,p99,0,0,12
representation_norm_error,15,-1.4901161193847656e-08,4.470348358154297e-08,4.470348358154297e-08,kivi,direction_error,k_stored,12,pending_history,max,3,7,2
representation_norm_error,15,-7.786192335524045e-10,-1.5581743075297407e-09,-1.5832483768463087e-09,kivi,direction_error,k_stored,12,pending_history,mean,7,5,0
representation_norm_error,15,0.0,0.0,0.0,kivi,direction_error,k_stored,12,pending_history,p50,0,0,12
representation_norm_error,15,0.0,0.0,-7.450580596921287e-09,kivi,direction_error,k_stored,12,pending_history,p90,6,2,4
representation_norm_error,15,0.0,0.0,0.0,kivi,direction_error,k_stored,12,pending_history,p95,0,1,11
representation_norm_error,15,1.221895217895413e-08,0.0,2.7120113372801786e-08,kivi,direction_error,k_stored,12,pending_history,p99,6,6,0
representation_norm_error,15,0.0,0.0,0.0,kivi,norm_ratio,k_stored,12,pending_history,max,0,0,12
representation_norm_error,15,0.0,0.0,0.0,kivi,norm_ratio,k_stored,12,pending_history,mean,0,0,12
representation_norm_error,15,0.0,0.0,0.0,kivi,norm_ratio,k_stored,12,pending_history,p50,0,0,12
representation_norm_error,15,0.0,0.0,0.0,kivi,norm_ratio,k_stored,12,pending_history,p90,0,0,12
representation_norm_error,15,0.0,0.0,0.0,kivi,norm_ratio,k_stored,12,pending_history,p95,0,0,12
representation_norm_error,15,0.0,0.0,0.0,kivi,norm_ratio,k_stored,12,pending_history,p99,0,0,12
representation_norm_error,15,0.0,0.0,0.0,kivi,relative_L2,k_stored,12,pending_history,max,0,0,12
representation_norm_error,15,0.0,0.0,0.0,kivi,relative_L2,k_stored,12,pending_history,mean,0,0,12
representation_norm_error,15,0.0,0.0,0.0,kivi,relative_L2,k_stored,12,pending_history,p50,0,0,12
representation_norm_error,15,0.0,0.0,0.0,kivi,relative_L2,k_stored,12,pending_history,p90,0,0,12
representation_norm_error,15,0.0,0.0,0.0,kivi,relative_L2,k_stored,12,pending_history,p95,0,0,12
representation_norm_error,15,0.0,0.0,0.0,kivi,relative_L2,k_stored,12,pending_history,p99,0,0,12
representation_norm_error,15,0.0,0.0,0.0,kivi,relative_norm_error,k_stored,12,pending_history,max,0,0,12
representation_norm_error,15,0.0,0.0,0.0,kivi,relative_norm_error,k_stored,12,pending_history,mean,0,0,12
representation_norm_error,15,0.0,0.0,0.0,kivi,relative_norm_error,k_stored,12,pending_history,p50,0,0,12
representation_norm_error,15,0.0,0.0,0.0,kivi,relative_norm_error,k_stored,12,pending_history,p90,0,0,12
representation_norm_error,15,0.0,0.0,0.0,kivi,relative_norm_error,k_stored,12,pending_history,p95,0,0,12
representation_norm_error,15,0.0,0.0,0.0,kivi,relative_norm_error,k_stored,12,pending_history,p99,0,0,12
representation_norm_error,15,0.0,0.0,0.0,kivi,signed_norm_drift,k_stored,12,pending_history,max,0,0,12
representation_norm_error,15,0.0,0.0,0.0,kivi,signed_norm_drift,k_stored,12,pending_history,mean,0,0,12
representation_norm_error,15,0.0,0.0,0.0,kivi,signed_norm_drift,k_stored,12,pending_history,p50,0,0,12
representation_norm_error,15,0.0,0.0,0.0,kivi,signed_norm_drift,k_stored,12,pending_history,p90,0,0,12
representation_norm_error,15,0.0,0.0,0.0,kivi,signed_norm_drift,k_stored,12,pending_history,p95,0,0,12
representation_norm_error,15,0.0,0.0,0.0,kivi,signed_norm_drift,k_stored,12,pending_history,p99,0,0,12
representation_norm_error,15,0.0,0.0,0.0,kivi,abs_log_norm_ratio,k_stored,12,recent,max,0,0,12
representation_norm_error,15,0.0,0.0,0.0,kivi,abs_log_norm_ratio,k_stored,12,recent,mean,0,0,12
representation_norm_error,15,0.0,0.0,0.0,kivi,abs_log_norm_ratio,k_stored,12,recent,p50,0,0,12
representation_norm_error,15,0.0,0.0,0.0,kivi,abs_log_norm_ratio,k_stored,12,recent,p90,0,0,12
representation_norm_error,15,0.0,0.0,0.0,kivi,abs_log_norm_ratio,k_stored,12,recent,p95,0,0,12
representation_norm_error,15,0.0,0.0,0.0,kivi,abs_log_norm_ratio,k_stored,12,recent,p99,0,0,12
representation_norm_error,15,-4.470348358154297e-08,0.0,-1.4901161193847656e-08,kivi,direction_error,k_stored,12,recent,max,6,5,1
representation_norm_error,15,-1.7316779121756554e-09,-6.83940015733242e-10,7.566995918750763e-10,kivi,direction_error,k_stored,12,recent,mean,5,7,0
representation_norm_error,15,0.0,0.0,0.0,kivi,direction_error,k_stored,12,recent,p50,0,0,12
representation_norm_error,15,1.4901161193847656e-08,0.0,-4.470348358153619e-09,kivi,direction_error,k_stored,12,recent,p90,6,2,4
representation_norm_error,15,0.0,0.0,0.0,kivi,direction_error,k_stored,12,recent,p95,0,0,12
representation_norm_error,15,0.0,0.0,0.0,kivi,direction_error,k_stored,12,recent,p99,3,5,4
representation_norm_error,15,0.0,0.0,0.0,kivi,norm_ratio,k_stored,12,recent,max,0,0,12
representation_norm_error,15,0.0,0.0,0.0,kivi,norm_ratio,k_stored,12,recent,mean,0,0,12
representation_norm_error,15,0.0,0.0,0.0,kivi,norm_ratio,k_stored,12,recent,p50,0,0,12
representation_norm_error,15,0.0,0.0,0.0,kivi,norm_ratio,k_stored,12,recent,p90,0,0,12
representation_norm_error,15,0.0,0.0,0.0,kivi,norm_ratio,k_stored,12,recent,p95,0,0,12
representation_norm_error,15,0.0,0.0,0.0,kivi,norm_ratio,k_stored,12,recent,p99,0,0,12
representation_norm_error,15,0.0,0.0,0.0,kivi,relative_L2,k_stored,12,recent,max,0,0,12
representation_norm_error,15,0.0,0.0,0.0,kivi,relative_L2,k_stored,12,recent,mean,0,0,12
representation_norm_error,15,0.0,0.0,0.0,kivi,relative_L2,k_stored,12,recent,p50,0,0,12
representation_norm_error,15,0.0,0.0,0.0,kivi,relative_L2,k_stored,12,recent,p90,0,0,12
representation_norm_error,15,0.0,0.0,0.0,kivi,relative_L2,k_stored,12,recent,p95,0,0,12
representation_norm_error,15,0.0,0.0,0.0,kivi,relative_L2,k_stored,12,recent,p99,0,0,12
representation_norm_error,15,0.0,0.0,0.0,kivi,relative_norm_error,k_stored,12,recent,max,0,0,12
representation_norm_error,15,0.0,0.0,0.0,kivi,relative_norm_error,k_stored,12,recent,mean,0,0,12
representation_norm_error,15,0.0,0.0,0.0,kivi,relative_norm_error,k_stored,12,recent,p50,0,0,12
representation_norm_error,15,0.0,0.0,0.0,kivi,relative_norm_error,k_stored,12,recent,p90,0,0,12
representation_norm_error,15,0.0,0.0,0.0,kivi,relative_norm_error,k_stored,12,recent,p95,0,0,12
representation_norm_error,15,0.0,0.0,0.0,kivi,relative_norm_error,k_stored,12,recent,p99,0,0,12
representation_norm_error,15,0.0,0.0,0.0,kivi,signed_norm_drift,k_stored,12,recent,max,0,0,12
representation_norm_error,15,0.0,0.0,0.0,kivi,signed_norm_drift,k_stored,12,recent,mean,0,0,12
representation_norm_error,15,0.0,0.0,0.0,kivi,signed_norm_drift,k_stored,12,recent,p50,0,0,12
representation_norm_error,15,0.0,0.0,0.0,kivi,signed_norm_drift,k_stored,12,recent,p90,0,0,12
representation_norm_error,15,0.0,0.0,0.0,kivi,signed_norm_drift,k_stored,12,recent,p95,0,0,12
representation_norm_error,15,0.0,0.0,0.0,kivi,signed_norm_drift,k_stored,12,recent,p99,0,0,12
stored_norm_error,15,0.0037112832069396973,0.3123288005590439,0.3086175173521042,kivi,abs_log_norm_ratio,k_stored,1,packed_history,max,0,1,0
stored_norm_error,15,0.033588706717884984,0.0033521025627948828,-0.0302366041550901,kivi,abs_log_norm_ratio,k_stored,1,packed_history,mean,1,0,0
stored_norm_error,15,0.010645601898431778,0.00012985151261091232,-0.010515750385820866,kivi,abs_log_norm_ratio,k_stored,1,packed_history,p50,1,0,0
stored_norm_error,15,0.10723573081195353,0.018263706564903226,-0.08897202424705031,kivi,abs_log_norm_ratio,k_stored,1,packed_history,p90,1,0,0
stored_norm_error,15,0.15603796504437917,0.02495289817452427,-0.13108506686985488,kivi,abs_log_norm_ratio,k_stored,1,packed_history,p95,1,0,0
stored_norm_error,15,0.29277813833206917,0.031232450082898003,-0.2615456882491712,kivi,abs_log_norm_ratio,k_stored,1,packed_history,p99,1,0,0
stored_norm_error,15,0.6002083420753479,1.4152309000492096,0.8150225579738617,kivi,direction_error,k_stored,1,packed_history,max,0,1,0
stored_norm_error,15,0.14009090645686229,0.02153797873597796,-0.11855292772088433,kivi,direction_error,k_stored,1,packed_history,mean,1,0,0
stored_norm_error,15,0.09706714749336243,0.015085667371749878,-0.08198148012161255,kivi,direction_error,k_stored,1,packed_history,p50,1,0,0
stored_norm_error,15,0.23594641685485845,0.030180078744888282,-0.20576633810997016,kivi,direction_error,k_stored,1,packed_history,p90,1,0,0
stored_norm_error,15,0.3522532224655148,0.04265881925821301,-0.3095944032073018,kivi,direction_error,k_stored,1,packed_history,p95,1,0,0
stored_norm_error,15,1.0809511727094663,0.1532626387476928,-0.9276885339617735,kivi,direction_error,k_stored,1,packed_history,p99,1,0,0
stored_norm_error,15,0.008820056915283203,0.39937180280685425,0.39055174589157104,kivi,norm_ratio,k_stored,1,packed_history,max,0,1,0
stored_norm_error,15,-0.0034005104225798277,0.0006488892740890151,0.004049399696668843,kivi,norm_ratio,k_stored,1,packed_history,mean,0,1,0
stored_norm_error,15,-0.009103864431381226,-0.0003439486026763916,0.008759915828704834,kivi,norm_ratio,k_stored,1,packed_history,p50,0,1,0
stored_norm_error,15,0.10891733169555662,0.020015072822570645,-0.08890225887298597,kivi,norm_ratio,k_stored,1,packed_history,p90,1,0,0
stored_norm_error,15,0.16571103334426862,0.027705898880958535,-0.1380051344633101,kivi,norm_ratio,k_stored,1,packed_history,p95,1,0,0
stored_norm_error,15,0.3378788638114929,0.035539460182189675,-0.3023394036293032,kivi,norm_ratio,k_stored,1,packed_history,p99,1,0,0
stored_norm_error,15,0.008734703063964844,1.7724100351333618,1.763675332069397,kivi,relative_L2,k_stored,1,packed_history,max,0,1,0
stored_norm_error,15,0.36362107947797995,0.06307338489705216,-0.3005476945809278,kivi,relative_L2,k_stored,1,packed_history,mean,1,0,0
stored_norm_error,15,0.2924531027674675,0.04861032962799072,-0.24384277313947678,kivi,relative_L2,k_stored,1,packed_history,p50,1,0,0
stored_norm_error,15,0.5737981811165811,0.08645072579383856,-0.48734745532274254,kivi,relative_L2,k_stored,1,packed_history,p90,1,0,0
stored_norm_error,15,0.7946269936859608,0.1143686100840568,-0.680258383601904,kivi,relative_L2,k_stored,1,packed_history,p95,1,0,0
stored_norm_error,15,1.8702462314069273,0.3690463829040529,-1.5011998485028744,kivi,relative_L2,k_stored,1,packed_history,p99,1,0,0
stored_norm_error,15,0.008820295333862305,0.3993716537952423,0.39055135846138,kivi,relative_norm_error,k_stored,1,packed_history,max,0,1,0
stored_norm_error,15,0.03639203687284788,0.003799244050016918,-0.032592792822830965,kivi,relative_norm_error,k_stored,1,packed_history,mean,1,0,0
stored_norm_error,15,0.010201218537986279,0.00011820066720247269,-0.010083017870783806,kivi,relative_norm_error,k_stored,1,packed_history,p50,1,0,0
stored_norm_error,15,0.11638756245374693,0.020017919316887817,-0.09636964313685911,kivi,relative_norm_error,k_stored,1,packed_history,p90,1,0,0
stored_norm_error,15,0.17080491743981807,0.027705891802906932,-0.14309902563691113,kivi,relative_norm_error,k_stored,1,packed_history,p95,1,0,0
stored_norm_error,15,0.3388916493207217,0.03553964935243112,-0.30335199996829054,kivi,relative_norm_error,k_stored,1,packed_history,p99,1,0,0
stored_norm_error,15,0.008820295333862305,0.3993716537952423,0.39055135846138,kivi,signed_norm_drift,k_stored,1,packed_history,max,0,1,0
stored_norm_error,15,-0.0034005091268708154,0.0006488902188491151,0.0040493993457199305,kivi,signed_norm_drift,k_stored,1,packed_history,mean,0,1,0
stored_norm_error,15,-0.009103765711188316,-0.0003438647836446762,0.00875990092754364,kivi,signed_norm_drift,k_stored,1,packed_history,p50,0,1,0
stored_norm_error,15,0.10891727209091183,0.020015002414584114,-0.08890226967632772,kivi,signed_norm_drift,k_stored,1,packed_history,p90,1,0,0
stored_norm_error,15,0.16571100093424307,0.027705891802906932,-0.13800510913133612,kivi,signed_norm_drift,k_stored,1,packed_history,p95,1,0,0
stored_norm_error,15,0.3378788196295499,0.03553964935243112,-0.30233917027711876,kivi,signed_norm_drift,k_stored,1,packed_history,p99,1,0,0
stored_norm_error,15,1.0302027973666554,0.42793461625115015,-0.6642604507796932,kivi,abs_log_norm_ratio,k_stored,12,pending_history,max,12,0,0
stored_norm_error,15,0.16076192605035522,0.04429065463829029,-0.11913767102612136,kivi,abs_log_norm_ratio,k_stored,12,pending_history,mean,12,0,0
stored_norm_error,15,0.12446398688007321,0.03356108241041511,-0.0937349231699045,kivi,abs_log_norm_ratio,k_stored,12,pending_history,p50,12,0,0
stored_norm_error,15,0.34607696399834825,0.09075051287072712,-0.26235731093329373,kivi,abs_log_norm_ratio,k_stored,12,pending_history,p90,12,0,0
stored_norm_error,15,0.44411169356244495,0.12229331145535977,-0.3248401158616615,kivi,abs_log_norm_ratio,k_stored,12,pending_history,p95,12,0,0
stored_norm_error,15,0.6854413979600937,0.20967089302692313,-0.4543617792430455,kivi,abs_log_norm_ratio,k_stored,12,pending_history,p99,12,0,0
stored_norm_error,15,1.5767861604690552,0.5492632240056992,-1.023430123925209,kivi,direction_error,k_stored,12,pending_history,max,12,0,0
stored_norm_error,15,0.16848913707539565,0.023268154028514183,-0.14659393844409868,kivi,direction_error,k_stored,12,pending_history,mean,12,0,0
stored_norm_error,15,0.12904740869998932,0.01270759105682373,-0.1180705651640892,kivi,direction_error,k_stored,12,pending_history,p50,12,0,0
stored_norm_error,15,0.26499386429786687,0.03627779334783554,-0.2242145746946335,kivi,direction_error,k_stored,12,pending_history,p90,12,0,0
stored_norm_error,15,0.355479759722948,0.06323439702391617,-0.3101026013493537,kivi,direction_error,k_stored,12,pending_history,p95,12,0,0
stored_norm_error,15,0.9092892421782,0.22937477231025738,-0.7125162446498869,kivi,direction_error,k_stored,12,pending_history,p99,12,0,0
stored_norm_error,15,1.0663228631019592,0.4125590920448303,-0.6911754608154297,kivi,norm_ratio,k_stored,12,pending_history,max,12,0,0
stored_norm_error,15,-0.012136487884876868,0.007456786347331712,0.021423695991598907,kivi,norm_ratio,k_stored,12,pending_history,mean,4,8,0
stored_norm_error,15,-0.021836042404174805,0.007097557187080383,0.02532128244638443,kivi,norm_ratio,k_stored,12,pending_history,p50,3,9,0
stored_norm_error,15,0.24719294011592852,0.07508775591850297,-0.16474273204803452,kivi,norm_ratio,k_stored,12,pending_history,p90,12,0,0
stored_norm_error,15,0.3701748490333555,0.10113982409238798,-0.24609670639038034,kivi,norm_ratio,k_stored,12,pending_history,p95,12,0,0
stored_norm_error,15,0.5932013654708861,0.1907493743300438,-0.4293017667531964,kivi,norm_ratio,k_stored,12,pending_history,p99,12,0,0
stored_norm_error,15,3.8924338799261022,1.9105962106841616,-1.8909688770072535,kivi,relative_L2,k_stored,12,pending_history,max,12,0,0
stored_norm_error,15,1.0988568002932384,0.34661134311528585,-0.7672303289692873,kivi,relative_L2,k_stored,12,pending_history,mean,12,0,0
stored_norm_error,15,1.0237449880951317,0.307532003018423,-0.7385000959693571,kivi,relative_L2,k_stored,12,pending_history,p50,12,0,0
stored_norm_error,15,1.4676625413936564,0.5167912642442389,-0.9656528342427921,kivi,relative_L2,k_stored,12,pending_history,p90,12,0,0
stored_norm_error,15,1.7103332910381137,0.6765013829004598,-1.104656261052878,kivi,relative_L2,k_stored,12,pending_history,p95,12,0,0
stored_norm_error,15,2.7193390082826916,1.2488544361467948,-1.4744995605331503,kivi,relative_L2,k_stored,12,pending_history,p99,12,0,0
stored_norm_error,15,1.0878744411456864,0.44303767451492604,-0.7102299126709113,kivi,relative_norm_error,k_stored,12,pending_history,max,12,0,0
stored_norm_error,15,0.1614585738648584,0.04453811762733287,-0.11947856275118976,kivi,relative_norm_error,k_stored,12,pending_history,mean,12,0,0
stored_norm_error,15,0.12471524740249151,0.033584388767849305,-0.09342545606159547,kivi,relative_norm_error,k_stored,12,pending_history,p50,12,0,0
stored_norm_error,15,0.3475012138798775,0.09090002709708644,-0.2593981523532421,kivi,relative_norm_error,k_stored,12,pending_history,p90,12,0,0
stored_norm_error,15,0.44171235102767226,0.12236294063841338,-0.326802575417969,kivi,relative_norm_error,k_stored,12,pending_history,p95,12,0,0
stored_norm_error,15,0.6743402836140009,0.20831163717128215,-0.4732043732066818,kivi,relative_norm_error,k_stored,12,pending_history,p99,12,0,0
stored_norm_error,15,1.066322795493761,0.4125591587944655,-0.6911754587199539,kivi,signed_norm_drift,k_stored,12,pending_history,max,12,0,0
stored_norm_error,15,-0.012136486689238689,0.007456787653919478,0.021423695469431417,kivi,signed_norm_drift,k_stored,12,pending_history,mean,4,8,0
stored_norm_error,15,-0.021836016719475992,0.007097513014400647,0.025321211372485664,kivi,signed_norm_drift,k_stored,12,pending_history,p50,3,9,0
stored_norm_error,15,0.2471929519851983,0.07508772418805168,-0.16474276289554834,kivi,signed_norm_drift,k_stored,12,pending_history,p90,12,0,0
stored_norm_error,15,0.3701748625178878,0.10113981805661748,-0.2460968289629817,kivi,signed_norm_drift,k_stored,12,pending_history,p95,12,0,0
stored_norm_error,15,0.5932012974660028,0.19074941192215195,-0.42930172268606837,kivi,signed_norm_drift,k_stored,12,pending_history,p99,12,0,0
stored_norm_error,15,1.1317380487453192,0.5202653294109041,-0.632348896964686,kivi,abs_log_norm_ratio,k_stored,12,recent,max,12,0,0
stored_norm_error,15,0.16538626927700686,0.04505005602303852,-0.12139460412260591,kivi,abs_log_norm_ratio,k_stored,12,recent,mean,12,0,0
stored_norm_error,15,0.1237683389299491,0.03304469082286232,-0.09072526918316726,kivi,abs_log_norm_ratio,k_stored,12,recent,p50,12,0,0
stored_norm_error,15,0.35936929313393196,0.0946941610716749,-0.26472428234701517,kivi,abs_log_norm_ratio,k_stored,12,recent,p90,12,0,0
stored_norm_error,15,0.46645300146046753,0.12303001277468863,-0.3376884570046965,kivi,abs_log_norm_ratio,k_stored,12,recent,p95,12,0,0
stored_norm_error,15,0.7241580422595141,0.23431380039692148,-0.45290338055143337,kivi,abs_log_norm_ratio,k_stored,12,recent,p99,12,0,0
stored_norm_error,15,1.7544764578342438,0.7082703858613968,-0.9717893451452255,kivi,direction_error,k_stored,12,recent,max,12,0,0
stored_norm_error,15,0.17467437233426608,0.021918701662798412,-0.14954908548679668,kivi,direction_error,k_stored,12,recent,mean,12,0,0
stored_norm_error,15,0.12689408659934998,0.013036802411079407,-0.11523476243019104,kivi,direction_error,k_stored,12,recent,p50,12,0,0
stored_norm_error,15,0.285649386048317,0.038314194977283486,-0.24561648964881902,kivi,direction_error,k_stored,12,recent,p90,12,0,0
stored_norm_error,15,0.41695255562663025,0.06018582433462138,-0.340142302960157,kivi,direction_error,k_stored,12,recent,p95,12,0,0
stored_norm_error,15,1.0976914845406995,0.2737452897429461,-0.7998817117512225,kivi,direction_error,k_stored,12,recent,p99,12,0,0
stored_norm_error,15,1.1358137726783752,0.5000603199005127,-0.6849750876426697,kivi,norm_ratio,k_stored,12,recent,max,12,0,0
stored_norm_error,15,-0.0017616694531170651,0.009911131579428911,0.011707617217325605,kivi,norm_ratio,k_stored,12,recent,mean,3,9,0
stored_norm_error,15,-0.006120212376117706,0.005944550037384033,0.015178889036178589,kivi,norm_ratio,k_stored,12,recent,p50,1,11,0
stored_norm_error,15,0.24151983261108412,0.07582746148109415,-0.16764018535614,kivi,norm_ratio,k_stored,12,recent,p90,12,0,0
stored_norm_error,15,0.3379537135362622,0.10296338200569144,-0.23740311115980128,kivi,norm_ratio,k_stored,12,recent,p95,12,0,0
stored_norm_error,15,0.6341375061869619,0.2094722464680671,-0.4467162334918976,kivi,norm_ratio,k_stored,12,recent,p99,12,0,0
stored_norm_error,15,4.0500397949363105,2.348464845912531,-1.6553081232123077,kivi,relative_L2,k_stored,12,recent,max,12,0,0
stored_norm_error,15,1.113322391537153,0.35516363387846184,-0.7494225410130184,kivi,relative_L2,k_stored,12,recent,mean,12,0,0
stored_norm_error,15,1.013680440511962,0.31939169151883107,-0.7142352634109557,kivi,relative_L2,k_stored,12,recent,p50,12,0,0
stored_norm_error,15,1.5201959261117741,0.5521645898843417,-0.9917030846641868,kivi,relative_L2,k_stored,12,recent,p90,12,0,0
stored_norm_error,15,1.9097229185179427,0.6890825159978702,-1.1414391000173034,kivi,relative_L2,k_stored,12,recent,p95,12,0,0
stored_norm_error,15,2.9914726863999377,1.2918986120974285,-1.5583706952130894,kivi,relative_L2,k_stored,12,recent,p99,12,0,0
stored_norm_error,15,1.2080670481809648,0.5444548057857901,-0.6793899686308578,kivi,relative_norm_error,k_stored,12,recent,max,12,0,0
stored_norm_error,15,0.16512752167453879,0.045475246321419055,-0.12103750604400218,kivi,relative_norm_error,k_stored,12,recent,mean,12,0,0
stored_norm_error,15,0.1239950440285611,0.033047648599676904,-0.09065575689601246,kivi,relative_norm_error,k_stored,12,recent,p50,12,0,0
stored_norm_error,15,0.3569944863629644,0.09539116227824708,-0.26236374015716135,kivi,relative_norm_error,k_stored,12,recent,p90,12,0,0
stored_norm_error,15,0.4605526996114347,0.12372325830729093,-0.3401108044476131,kivi,relative_norm_error,k_stored,12,recent,p95,12,0,0
stored_norm_error,15,0.7378091552232215,0.23680218834357208,-0.4780180391963221,kivi,relative_norm_error,k_stored,12,recent,p99,12,0,0
stored_norm_error,15,1.1358139531803317,0.5000603324733675,-0.6849751976842526,kivi,signed_norm_drift,k_stored,12,recent,max,12,0,0
stored_norm_error,15,-0.001761674278283068,0.009911130986709952,0.011707620303147218,kivi,signed_norm_drift,k_stored,12,recent,mean,3,9,0
stored_norm_error,15,-0.0061201950607170374,0.005944577808492113,0.015178842938638581,kivi,signed_norm_drift,k_stored,12,recent,p50,1,11,0
stored_norm_error,15,0.24151987850927986,0.07582746510452128,-0.16764015543230928,kivi,signed_norm_drift,k_stored,12,recent,p90,12,0,0
stored_norm_error,15,0.33795362953278496,0.1029633214948261,-0.23740310438006404,kivi,signed_norm_drift,k_stored,12,recent,p95,12,0,0
stored_norm_error,15,0.6341374970633478,0.20947223052680763,-0.4467162504694715,kivi,signed_norm_drift,k_stored,12,recent,p99,12,0,0
source_state_norm_drift,15,1.5578193776600529,0.9811180987453554,-0.6045864317566156,kivi,abs_log_norm_ratio,q_source,12,all_tokens,max,12,0,0
source_state_norm_drift,15,0.11109389378114715,0.03589150419712976,-0.07593659045227302,kivi,abs_log_norm_ratio,q_source,12,all_tokens,mean,12,0,0
source_state_norm_drift,15,0.07078473371348082,0.020195900560793234,-0.05057630018200143,kivi,abs_log_norm_ratio,q_source,12,all_tokens,p50,12,0,0
source_state_norm_drift,15,0.27519309961717225,0.08991431530812405,-0.1830547123448924,kivi,abs_log_norm_ratio,q_source,12,all_tokens,p90,12,0,0
source_state_norm_drift,15,0.346498905343833,0.11907531430697417,-0.22776553744333797,kivi,abs_log_norm_ratio,q_source,12,all_tokens,p95,12,0,0
source_state_norm_drift,15,0.5106272187022842,0.19829153811442674,-0.3023803535930346,kivi,abs_log_norm_ratio,q_source,12,all_tokens,p99,12,0,0
source_state_norm_drift,15,2.0726411938667297,1.3544650226831436,-0.7181479632854462,kivi,direction_error,q_source,12,all_tokens,max,12,0,0
source_state_norm_drift,15,0.11612240136852423,0.016667783066428445,-0.0993165427353914,kivi,direction_error,q_source,12,all_tokens,mean,12,0,0
source_state_norm_drift,15,0.09375745058059692,0.007661439478397369,-0.08585280925035477,kivi,direction_error,q_source,12,all_tokens,p50,12,0,0
source_state_norm_drift,15,0.23079628348350528,0.036709111928939823,-0.19607575833797455,kivi,direction_error,q_source,12,all_tokens,p90,12,0,0
source_state_norm_drift,15,0.30646952167153346,0.05433659330010411,-0.2516491785645484,kivi,direction_error,q_source,12,all_tokens,p95,12,0,0
source_state_norm_drift,15,0.6611969237029545,0.16271120578050624,-0.49374116316437666,kivi,direction_error,q_source,12,all_tokens,p99,12,0,0
source_state_norm_drift,15,1.8244415521621704,1.117536574602127,-0.8171554207801819,kivi,norm_ratio,q_source,12,all_tokens,max,12,0,0
source_state_norm_drift,15,0.06043289773702942,0.02006844371943947,-0.040511101950072737,kivi,norm_ratio,q_source,12,all_tokens,mean,11,1,0
source_state_norm_drift,15,0.02369905263185501,0.009929321706295013,-0.013709977269172668,kivi,norm_ratio,q_source,12,all_tokens,p50,10,2,0
source_state_norm_drift,15,0.263870531320572,0.08051293492317185,-0.17966572940349562,kivi,norm_ratio,q_source,12,all_tokens,p90,12,0,0
source_state_norm_drift,15,0.34075904637575144,0.11010035425424558,-0.23246843516826593,kivi,norm_ratio,q_source,12,all_tokens,p95,12,0,0
source_state_norm_drift,15,0.5170480331778529,0.18530335247516666,-0.3275369367003441,kivi,norm_ratio,q_source,12,all_tokens,p99,12,0,0
source_state_norm_drift,15,4.501064702810254,3.299649839347694,-1.222161860554479,kivi,relative_L2,q_source,12,all_tokens,max,12,0,0
source_state_norm_drift,15,0.8029041842340892,0.261593621260108,-0.5500412502388594,kivi,relative_L2,q_source,12,all_tokens,mean,12,0,0
source_state_norm_drift,15,0.8712799286877271,0.23690148692548973,-0.6361174950143322,kivi,relative_L2,q_source,12,all_tokens,p50,12,0,0
source_state_norm_drift,15,1.3899379429465624,0.5428464393509785,-0.8747375006496441,kivi,relative_L2,q_source,12,all_tokens,p90,12,0,0
source_state_norm_drift,15,1.6008487643892293,0.6603035378910136,-0.9683585484337527,kivi,relative_L2,q_source,12,all_tokens,p95,12,0,0
source_state_norm_drift,15,2.347386230608098,1.1421830481392676,-1.2363973964424804,kivi,relative_L2,q_source,12,all_tokens,p99,12,0,0
source_state_norm_drift,15,1.8422298294317443,1.1200326823163778,-0.8041027885046788,kivi,relative_norm_error,q_source,12,all_tokens,max,12,0,0
source_state_norm_drift,15,0.11324820594538795,0.036120935098807705,-0.077884009606941,kivi,relative_norm_error,q_source,12,all_tokens,mean,12,0,0
source_state_norm_drift,15,0.07108115760729561,0.02022973716884735,-0.05075923197728116,kivi,relative_norm_error,q_source,12,all_tokens,p50,12,0,0
source_state_norm_drift,15,0.2814561368541036,0.09059488804632565,-0.18865922676632185,kivi,relative_norm_error,q_source,12,all_tokens,p90,12,0,0
source_state_norm_drift,15,0.3567684278739762,0.12046382511107362,-0.23730567187303675,kivi,relative_norm_error,q_source,12,all_tokens,p95,12,0,0
source_state_norm_drift,15,0.5326967553608117,0.20150911049960968,-0.32048887770826706,kivi,relative_norm_error,q_source,12,all_tokens,p99,12,0,0
source_state_norm_drift,15,1.8244417072855867,1.1175365840899758,-0.8171554890577681,kivi,signed_norm_drift,q_source,12,all_tokens,max,12,0,0
source_state_norm_drift,15,0.06043289801520649,0.02006844364947577,-0.04051110264069998,kivi,signed_norm_drift,q_source,12,all_tokens,mean,11,1,0
source_state_norm_drift,15,0.023699140498116833,0.00992941665306546,-0.013709913157128994,kivi,signed_norm_drift,q_source,12,all_tokens,p50,10,2,0
source_state_norm_drift,15,0.2638705305998883,0.0805129124761152,-0.1796656694445119,kivi,signed_norm_drift,q_source,12,all_tokens,p90,12,0,0
source_state_norm_drift,15,0.34075908610611794,0.11010042292036815,-0.23246847223490466,kivi,signed_norm_drift,q_source,12,all_tokens,p95,12,0,0
source_state_norm_drift,15,0.5170480563906313,0.1853033544235223,-0.3275369376591699,kivi,signed_norm_drift,q_source,12,all_tokens,p99,12,0,0
source_state_norm_drift,15,2.596836850163527,1.5541444578557275,-0.9975571688264608,kivi,abs_log_norm_ratio,v_source,12,all_tokens,max,11,1,0
source_state_norm_drift,15,0.1952204997472907,0.06356311429087748,-0.1336350404375724,kivi,abs_log_norm_ratio,v_source,12,all_tokens,mean,12,0,0
source_state_norm_drift,15,0.11439808272916707,0.030529185349223553,-0.08681112877820851,kivi,abs_log_norm_ratio,v_source,12,all_tokens,p50,12,0,0
source_state_norm_drift,15,0.49213183589890835,0.16326055564204583,-0.329800469406473,kivi,abs_log_norm_ratio,v_source,12,all_tokens,p90,12,0,0
source_state_norm_drift,15,0.6483583659071882,0.23706805081310428,-0.41735329935181653,kivi,abs_log_norm_ratio,v_source,12,all_tokens,p95,12,0,0
source_state_norm_drift,15,1.0406218491331671,0.4506784477073233,-0.603035696968145,kivi,abs_log_norm_ratio,v_source,12,all_tokens,p99,12,0,0
source_state_norm_drift,15,4.611034169793129,3.2527182549238205,-1.3320977687835693,kivi,direction_error,v_source,12,all_tokens,max,12,0,0
source_state_norm_drift,15,0.4831746575232334,0.07532343010931603,-0.4074894475993583,kivi,direction_error,v_source,12,all_tokens,mean,12,0,0
source_state_norm_drift,15,0.38990209251642227,0.033920302987098694,-0.35657622665166855,kivi,direction_error,v_source,12,all_tokens,p50,12,0,0
source_state_norm_drift,15,0.9977140918374061,0.17424043864011765,-0.8315533429384232,kivi,direction_error,v_source,12,all_tokens,p90,12,0,0
source_state_norm_drift,15,1.3300829224288457,0.26575874686241147,-1.0496189504861828,kivi,direction_error,v_source,12,all_tokens,p95,12,0,0
source_state_norm_drift,15,2.518770073503248,0.7177076563239095,-1.8216806119680395,kivi,direction_error,v_source,12,all_tokens,p99,12,0,0
source_state_norm_drift,15,3.485638052225113,1.572700411081314,-1.7780274748802185,kivi,norm_ratio,v_source,12,all_tokens,max,12,0,0
source_state_norm_drift,15,0.05838091851609836,0.01127145378781566,-0.04621508618375658,kivi,norm_ratio,v_source,12,all_tokens,mean,12,0,0
source_state_norm_drift,15,0.00937671959400177,0.0015838369727134705,-0.007982820272445679,kivi,norm_ratio,v_source,12,all_tokens,p50,12,0,0
source_state_norm_drift,15,0.4200198262929916,0.12086424827575692,-0.2962433546781539,kivi,norm_ratio,v_source,12,all_tokens,p90,12,0,0
source_state_norm_drift,15,0.5926936000585554,0.18613714575767526,-0.39838125258684154,kivi,norm_ratio,v_source,12,all_tokens,p95,12,0,0
source_state_norm_drift,15,1.0190601640939712,0.39391102701425573,-0.6306620675325395,kivi,norm_ratio,v_source,12,all_tokens,p99,12,0,0
source_state_norm_drift,15,8.034181874245405,5.342696845065802,-2.6505393236875534,kivi,relative_L2,v_source,12,all_tokens,max,12,0,0
source_state_norm_drift,15,1.63948801508189,0.5538876871334986,-1.096243165205024,kivi,relative_L2,v_source,12,all_tokens,mean,12,0,0
source_state_norm_drift,15,1.7631720603094436,0.4860051899595419,-1.2871529998374172,kivi,relative_L2,v_source,12,all_tokens,p50,12,0,0
source_state_norm_drift,15,2.8954533070966137,1.1790436914074236,-1.7470168332452882,kivi,relative_L2,v_source,12,all_tokens,p90,12,0,0
source_state_norm_drift,15,3.3441058929049174,1.4626918562367788,-1.9459700434817933,kivi,relative_L2,v_source,12,all_tokens,p95,12,0,0
source_state_norm_drift,15,4.525915537729163,2.4378661816258678,-2.2042060906090755,kivi,relative_L2,v_source,12,all_tokens,p99,12,0,0
source_state_norm_drift,15,3.48275888414355,1.5814933609799482,-1.6982928317738697,kivi,relative_norm_error,v_source,12,all_tokens,max,12,0,0
source_state_norm_drift,15,0.1992696384170419,0.06400789036098586,-0.13721653343265325,kivi,relative_norm_error,v_source,12,all_tokens,mean,12,0,0
source_state_norm_drift,15,0.11473243825275858,0.03053544676185993,-0.0871382353543595,kivi,relative_norm_error,v_source,12,all_tokens,p50,12,0,0
source_state_norm_drift,15,0.5041442584682955,0.1637386219314067,-0.33827670731989196,kivi,relative_norm_error,v_source,12,all_tokens,p90,12,0,0
source_state_norm_drift,15,0.6693688773455505,0.23792470166226842,-0.43593257736501956,kivi,relative_norm_error,v_source,12,all_tokens,p95,12,0,0
source_state_norm_drift,15,1.0845774730184334,0.45404094047233234,-0.652792524778633,kivi,relative_norm_error,v_source,12,all_tokens,p99,12,0,0
source_state_norm_drift,15,3.485638111946173,1.5727003013598733,-1.778027466556523,kivi,signed_norm_drift,v_source,12,all_tokens,max,12,0,0
source_state_norm_drift,15,0.05838091941376117,0.011271452883643167,-0.046215084251120836,kivi,signed_norm_drift,v_source,12,all_tokens,mean,12,0,0
source_state_norm_drift,15,0.009376607043058982,0.0015838863827681848,-0.007982725539591229,kivi,signed_norm_drift,v_source,12,all_tokens,p50,12,0,0
source_state_norm_drift,15,0.4200198076425296,0.12086423774017022,-0.29624334337131586,kivi,signed_norm_drift,v_source,12,all_tokens,p90,12,0,0
source_state_norm_drift,15,0.592693612629955,0.18613707433360105,-0.3983812576363561,kivi,signed_norm_drift,v_source,12,all_tokens,p95,12,0,0
source_state_norm_drift,15,1.0190600676971369,0.39391104067122795,-0.6306620628715608,kivi,signed_norm_drift,v_source,12,all_tokens,p99,12,0,0
representation_norm_error,15,-0.00036403536796569824,-0.059202566742897034,-0.058838531374931335,kivi,abs_log_norm_ratio,v_stored,1,packed_history,max,1,0,0
representation_norm_error,15,0.0008923269278713342,0.0016755843272604487,0.0007832573993891145,kivi,abs_log_norm_ratio,v_stored,1,packed_history,mean,0,1,0
representation_norm_error,15,-7.244013249874115e-05,0.0022777486592531204,0.0023501887917518616,kivi,abs_log_norm_ratio,v_stored,1,packed_history,p50,0,1,0
representation_norm_error,15,0.0008926838636398454,0.002870748937129977,0.0019780650734901317,kivi,abs_log_norm_ratio,v_stored,1,packed_history,p90,0,1,0
representation_norm_error,15,0.0008073620498179751,0.0022007312625647035,0.0013933692127467284,kivi,abs_log_norm_ratio,v_stored,1,packed_history,p95,0,1,0
representation_norm_error,15,0.01039095625281361,-7.839605212224543e-05,-0.010469352304935856,kivi,abs_log_norm_ratio,v_stored,1,packed_history,p99,1,0,0
representation_norm_error,15,-0.00012987852096557617,-0.009737491607666016,-0.00960761308670044,kivi,direction_error,v_stored,1,packed_history,max,1,0,0
representation_norm_error,15,0.0017960293971555075,-0.0003512915536703076,-0.002147320950825815,kivi,direction_error,v_stored,1,packed_history,mean,1,0,0
representation_norm_error,15,0.0017818063497543335,-0.0009677708148956299,-0.0027495771646499634,kivi,direction_error,v_stored,1,packed_history,p50,1,0,0
representation_norm_error,15,0.00195963680744167,0.0011081904172896145,-0.0008514463901520553,kivi,direction_error,v_stored,1,packed_history,p90,1,0,0
representation_norm_error,15,0.004868423938751185,0.00628014951944339,0.0014117255806922052,kivi,direction_error,v_stored,1,packed_history,p95,0,1,0
representation_norm_error,15,0.00808424621820443,-0.0025511726737020013,-0.010635418891906431,kivi,direction_error,v_stored,1,packed_history,p99,1,0,0
representation_norm_error,15,-0.0007528066635131836,-0.08800679445266724,-0.08725398778915405,kivi,norm_ratio,v_stored,1,packed_history,max,1,0,0
representation_norm_error,15,0.0010468074251548387,0.0018069382631438202,0.0007601308379889815,kivi,norm_ratio,v_stored,1,packed_history,mean,0,1,0
representation_norm_error,15,-7.37905502319336e-05,0.00257757306098938,0.0026513636112213135,kivi,norm_ratio,v_stored,1,packed_history,p50,0,1,0
representation_norm_error,15,0.0010687410831455857,0.00343695282936074,0.002368211746215154,kivi,norm_ratio,v_stored,1,packed_history,p90,0,1,0
representation_norm_error,15,0.0009865432977677058,0.0026844948530200252,0.0016979515552523194,kivi,norm_ratio,v_stored,1,packed_history,p95,0,1,0
representation_norm_error,15,0.01328210949897779,-8.906364440919301e-05,-0.013371173143386983,kivi,norm_ratio,v_stored,1,packed_history,p99,1,0,0
representation_norm_error,15,-0.00023895502090454102,-0.0659368634223938,-0.06569790840148926,kivi,relative_L2,v_stored,1,packed_history,max,1,0,0
representation_norm_error,15,0.0045236784085318504,4.134118671572651e-05,-0.004482337221816124,kivi,relative_L2,v_stored,1,packed_history,mean,1,0,0
representation_norm_error,15,0.004860624670982361,-0.0014704912900924683,-0.006331115961074829,kivi,relative_L2,v_stored,1,packed_history,p50,1,0,0
representation_norm_error,15,0.0032006114721297996,-0.00093742311000794,-0.0041380345821377396,kivi,relative_L2,v_stored,1,packed_history,p90,1,0,0
representation_norm_error,15,0.005631269514560611,-0.0007738307118417276,-0.006405100226402338,kivi,relative_L2,v_stored,1,packed_history,p95,1,0,0
representation_norm_error,15,-0.0005543580651279911,-0.00035669565200824316,0.00019766241311974797,kivi,relative_L2,v_stored,1,packed_history,p99,0,1,0
representation_norm_error,15,-0.0007531642913818359,-0.08800679445266724,-0.0872536301612854,kivi,relative_norm_error,v_stored,1,packed_history,max,1,0,0
representation_norm_error,15,0.0010490780636343011,0.0018766149615669914,0.0008275368979326903,kivi,relative_norm_error,v_stored,1,packed_history,mean,0,1,0
representation_norm_error,15,-7.915124297142029e-05,0.002581428736448288,0.0026605799794197083,kivi,relative_norm_error,v_stored,1,packed_history,p50,0,1,0
representation_norm_error,15,0.001068790256977023,0.0034368641674519113,0.0023680739104748882,kivi,relative_norm_error,v_stored,1,packed_history,p90,0,1,0
representation_norm_error,15,0.0009865447878836253,0.002684555202722594,0.0016980104148389685,kivi,relative_norm_error,v_stored,1,packed_history,p95,0,1,0
representation_norm_error,15,0.01328198552131693,-8.912324905419045e-05,-0.01337110877037112,kivi,relative_norm_error,v_stored,1,packed_history,p99,1,0,0
representation_norm_error,15,-0.0007531642913818359,-0.08800679445266724,-0.0872536301612854,kivi,signed_norm_drift,v_stored,1,packed_history,max,1,0,0
representation_norm_error,15,0.0010468087810875382,0.0018069393677710988,0.0007601305866835606,kivi,signed_norm_drift,v_stored,1,packed_history,mean,0,1,0
representation_norm_error,15,-7.378682494163513e-05,0.0025775358080863953,0.0026513226330280304,kivi,signed_norm_drift,v_stored,1,packed_history,p50,0,1,0
representation_norm_error,15,0.001068790256977023,0.0034368641674519113,0.0023680739104748882,kivi,signed_norm_drift,v_stored,1,packed_history,p90,0,1,0
representation_norm_error,15,0.0009865447878836253,0.002684555202722594,0.0016980104148389685,kivi,signed_norm_drift,v_stored,1,packed_history,p95,0,1,0
representation_norm_error,15,0.01328198552131693,-8.912324905419045e-05,-0.01337110877037112,kivi,signed_norm_drift,v_stored,1,packed_history,p99,1,0,0
representation_norm_error,15,0.0,0.0,0.0,kivi,abs_log_norm_ratio,v_stored,12,pending_history,max,0,0,12
representation_norm_error,15,0.0,0.0,0.0,kivi,abs_log_norm_ratio,v_stored,12,pending_history,mean,0,0,12
representation_norm_error,15,0.0,0.0,0.0,kivi,abs_log_norm_ratio,v_stored,12,pending_history,p50,0,0,12
representation_norm_error,15,0.0,0.0,0.0,kivi,abs_log_norm_ratio,v_stored,12,pending_history,p90,0,0,12
representation_norm_error,15,0.0,0.0,0.0,kivi,abs_log_norm_ratio,v_stored,12,pending_history,p95,0,0,12
representation_norm_error,15,0.0,0.0,0.0,kivi,abs_log_norm_ratio,v_stored,12,pending_history,p99,0,0,12
representation_norm_error,15,0.0,4.470348358154297e-08,4.470348358154297e-08,kivi,direction_error,v_stored,12,pending_history,max,3,7,2
representation_norm_error,15,-2.301683389967049e-09,-3.109412233922158e-11,1.9839407065830663e-09,kivi,direction_error,v_stored,12,pending_history,mean,5,7,0
representation_norm_error,15,0.0,0.0,0.0,kivi,direction_error,v_stored,12,pending_history,p50,0,0,12
representation_norm_error,15,-4.470348358154297e-08,-4.023313522338829e-08,0.0,kivi,direction_error,v_stored,12,pending_history,p90,5,5,2
representation_norm_error,15,0.0,0.0,0.0,kivi,direction_error,v_stored,12,pending_history,p95,0,0,12
representation_norm_error,15,0.0,1.2516975402832506e-08,0.0,kivi,direction_error,v_stored,12,pending_history,p99,4,5,3
representation_norm_error,15,0.0,0.0,0.0,kivi,norm_ratio,v_stored,12,pending_history,max,0,0,12
representation_norm_error,15,0.0,0.0,0.0,kivi,norm_ratio,v_stored,12,pending_history,mean,0,0,12
representation_norm_error,15,0.0,0.0,0.0,kivi,norm_ratio,v_stored,12,pending_history,p50,0,0,12
representation_norm_error,15,0.0,0.0,0.0,kivi,norm_ratio,v_stored,12,pending_history,p90,0,0,12
representation_norm_error,15,0.0,0.0,0.0,kivi,norm_ratio,v_stored,12,pending_history,p95,0,0,12
representation_norm_error,15,0.0,0.0,0.0,kivi,norm_ratio,v_stored,12,pending_history,p99,0,0,12
representation_norm_error,15,0.0,0.0,0.0,kivi,relative_L2,v_stored,12,pending_history,max,0,0,12
representation_norm_error,15,0.0,0.0,0.0,kivi,relative_L2,v_stored,12,pending_history,mean,0,0,12
representation_norm_error,15,0.0,0.0,0.0,kivi,relative_L2,v_stored,12,pending_history,p50,0,0,12
representation_norm_error,15,0.0,0.0,0.0,kivi,relative_L2,v_stored,12,pending_history,p90,0,0,12
representation_norm_error,15,0.0,0.0,0.0,kivi,relative_L2,v_stored,12,pending_history,p95,0,0,12
representation_norm_error,15,0.0,0.0,0.0,kivi,relative_L2,v_stored,12,pending_history,p99,0,0,12
representation_norm_error,15,0.0,0.0,0.0,kivi,relative_norm_error,v_stored,12,pending_history,max,0,0,12
representation_norm_error,15,0.0,0.0,0.0,kivi,relative_norm_error,v_stored,12,pending_history,mean,0,0,12
representation_norm_error,15,0.0,0.0,0.0,kivi,relative_norm_error,v_stored,12,pending_history,p50,0,0,12
representation_norm_error,15,0.0,0.0,0.0,kivi,relative_norm_error,v_stored,12,pending_history,p90,0,0,12
representation_norm_error,15,0.0,0.0,0.0,kivi,relative_norm_error,v_stored,12,pending_history,p95,0,0,12
representation_norm_error,15,0.0,0.0,0.0,kivi,relative_norm_error,v_stored,12,pending_history,p99,0,0,12
representation_norm_error,15,0.0,0.0,0.0,kivi,signed_norm_drift,v_stored,12,pending_history,max,0,0,12
representation_norm_error,15,0.0,0.0,0.0,kivi,signed_norm_drift,v_stored,12,pending_history,mean,0,0,12
representation_norm_error,15,0.0,0.0,0.0,kivi,signed_norm_drift,v_stored,12,pending_history,p50,0,0,12
representation_norm_error,15,0.0,0.0,0.0,kivi,signed_norm_drift,v_stored,12,pending_history,p90,0,0,12
representation_norm_error,15,0.0,0.0,0.0,kivi,signed_norm_drift,v_stored,12,pending_history,p95,0,0,12
representation_norm_error,15,0.0,0.0,0.0,kivi,signed_norm_drift,v_stored,12,pending_history,p99,0,0,12
representation_norm_error,15,0.0,0.0,0.0,kivi,abs_log_norm_ratio,v_stored,12,recent,max,0,0,12
representation_norm_error,15,0.0,0.0,0.0,kivi,abs_log_norm_ratio,v_stored,12,recent,mean,0,0,12
representation_norm_error,15,0.0,0.0,0.0,kivi,abs_log_norm_ratio,v_stored,12,recent,p50,0,0,12
representation_norm_error,15,0.0,0.0,0.0,kivi,abs_log_norm_ratio,v_stored,12,recent,p90,0,0,12
representation_norm_error,15,0.0,0.0,0.0,kivi,abs_log_norm_ratio,v_stored,12,recent,p95,0,0,12
representation_norm_error,15,0.0,0.0,0.0,kivi,abs_log_norm_ratio,v_stored,12,recent,p99,0,0,12
representation_norm_error,15,-1.4901161193847656e-08,2.9802322387695312e-08,5.960464477539063e-08,kivi,direction_error,v_stored,12,recent,max,3,8,1
representation_norm_error,15,1.4260876923799515e-09,4.220055416226387e-10,-2.3137545213103294e-09,kivi,direction_error,v_stored,12,recent,mean,9,3,0
representation_norm_error,15,0.0,0.0,0.0,kivi,direction_error,v_stored,12,recent,p50,0,0,12
representation_norm_error,15,0.0,0.0,-2.3841857910154895e-08,kivi,direction_error,v_stored,12,recent,p90,7,1,4
representation_norm_error,15,0.0,0.0,0.0,kivi,direction_error,v_stored,12,recent,p95,0,0,12
representation_norm_error,15,0.0,0.0,0.0,kivi,direction_error,v_stored,12,recent,p99,5,1,6
representation_norm_error,15,0.0,0.0,0.0,kivi,norm_ratio,v_stored,12,recent,max,0,0,12
representation_norm_error,15,0.0,0.0,0.0,kivi,norm_ratio,v_stored,12,recent,mean,0,0,12
representation_norm_error,15,0.0,0.0,0.0,kivi,norm_ratio,v_stored,12,recent,p50,0,0,12
representation_norm_error,15,0.0,0.0,0.0,kivi,norm_ratio,v_stored,12,recent,p90,0,0,12
representation_norm_error,15,0.0,0.0,0.0,kivi,norm_ratio,v_stored,12,recent,p95,0,0,12
representation_norm_error,15,0.0,0.0,0.0,kivi,norm_ratio,v_stored,12,recent,p99,0,0,12
representation_norm_error,15,0.0,0.0,0.0,kivi,relative_L2,v_stored,12,recent,max,0,0,12
representation_norm_error,15,0.0,0.0,0.0,kivi,relative_L2,v_stored,12,recent,mean,0,0,12
representation_norm_error,15,0.0,0.0,0.0,kivi,relative_L2,v_stored,12,recent,p50,0,0,12
representation_norm_error,15,0.0,0.0,0.0,kivi,relative_L2,v_stored,12,recent,p90,0,0,12
representation_norm_error,15,0.0,0.0,0.0,kivi,relative_L2,v_stored,12,recent,p95,0,0,12
representation_norm_error,15,0.0,0.0,0.0,kivi,relative_L2,v_stored,12,recent,p99,0,0,12
representation_norm_error,15,0.0,0.0,0.0,kivi,relative_norm_error,v_stored,12,recent,max,0,0,12
representation_norm_error,15,0.0,0.0,0.0,kivi,relative_norm_error,v_stored,12,recent,mean,0,0,12
representation_norm_error,15,0.0,0.0,0.0,kivi,relative_norm_error,v_stored,12,recent,p50,0,0,12
representation_norm_error,15,0.0,0.0,0.0,kivi,relative_norm_error,v_stored,12,recent,p90,0,0,12
representation_norm_error,15,0.0,0.0,0.0,kivi,relative_norm_error,v_stored,12,recent,p95,0,0,12
representation_norm_error,15,0.0,0.0,0.0,kivi,relative_norm_error,v_stored,12,recent,p99,0,0,12
representation_norm_error,15,0.0,0.0,0.0,kivi,signed_norm_drift,v_stored,12,recent,max,0,0,12
representation_norm_error,15,0.0,0.0,0.0,kivi,signed_norm_drift,v_stored,12,recent,mean,0,0,12
representation_norm_error,15,0.0,0.0,0.0,kivi,signed_norm_drift,v_stored,12,recent,p50,0,0,12
representation_norm_error,15,0.0,0.0,0.0,kivi,signed_norm_drift,v_stored,12,recent,p90,0,0,12
representation_norm_error,15,0.0,0.0,0.0,kivi,signed_norm_drift,v_stored,12,recent,p95,0,0,12
representation_norm_error,15,0.0,0.0,0.0,kivi,signed_norm_drift,v_stored,12,recent,p99,0,0,12
stored_norm_error,15,0.29177340865135193,0.478126659989357,0.18635325133800507,kivi,abs_log_norm_ratio,v_stored,1,packed_history,max,0,1,0
stored_norm_error,15,0.07877675594032307,0.018584479158419653,-0.06019227678190342,kivi,abs_log_norm_ratio,v_stored,1,packed_history,mean,1,0,0
stored_norm_error,15,0.05467163026332855,0.01789136976003647,-0.036780260503292084,kivi,abs_log_norm_ratio,v_stored,1,packed_history,p50,1,0,0
stored_norm_error,15,0.25592715740203864,0.06368332654237738,-0.19224383085966126,kivi,abs_log_norm_ratio,v_stored,1,packed_history,p90,1,0,0
stored_norm_error,15,0.3458974413573741,0.08389602489769463,-0.26200141645967945,kivi,abs_log_norm_ratio,v_stored,1,packed_history,p95,1,0,0
stored_norm_error,15,0.6010019280761482,0.1272344899922615,-0.47376743808388666,kivi,abs_log_norm_ratio,v_stored,1,packed_history,p99,1,0,0
stored_norm_error,15,3.5289778113365173,2.864634543657303,-0.6643432676792145,kivi,direction_error,v_stored,1,packed_history,max,1,0,0
stored_norm_error,15,0.46876166182755696,0.09302040204693185,-0.3757412597806251,kivi,direction_error,v_stored,1,packed_history,mean,1,0,0
stored_norm_error,15,0.3515435606241226,0.06825004518032074,-0.2832935154438019,kivi,direction_error,v_stored,1,packed_history,p50,1,0,0
stored_norm_error,15,0.9062428712844848,0.14206639826297768,-0.764176473021507,kivi,direction_error,v_stored,1,packed_history,p90,1,0,0
stored_norm_error,15,1.279227401316166,0.19211865067481998,-1.087108750641346,kivi,direction_error,v_stored,1,packed_history,p95,1,0,0
stored_norm_error,15,2.4992914772033696,0.6407152196764947,-1.858576257526875,kivi,direction_error,v_stored,1,packed_history,p99,1,0,0
stored_norm_error,15,0.6662081480026245,0.8035266995429993,0.13731855154037476,kivi,norm_ratio,v_stored,1,packed_history,max,0,1,0
stored_norm_error,15,0.06871986235364602,0.01987045597525139,-0.04884940637839463,kivi,norm_ratio,v_stored,1,packed_history,mean,1,0,0
stored_norm_error,15,0.05488702654838562,0.01987147331237793,-0.03501555323600769,kivi,norm_ratio,v_stored,1,packed_history,p50,1,0,0
stored_norm_error,15,0.30861354470253033,0.07633638978004453,-0.2322771549224858,kivi,norm_ratio,v_stored,1,packed_history,p90,1,0,0
stored_norm_error,15,0.43073395192623143,0.102531358599663,-0.3282025933265684,kivi,norm_ratio,v_stored,1,packed_history,p95,1,0,0
stored_norm_error,15,0.8162310022115721,0.1635551017522815,-0.6526759004592906,kivi,norm_ratio,v_stored,1,packed_history,p99,1,0,0
stored_norm_error,15,2.3736756443977356,3.384042203426361,1.0103665590286255,kivi,relative_L2,v_stored,1,packed_history,max,0,1,0
stored_norm_error,15,0.8119729199725043,0.18970694522158738,-0.6222659747509169,kivi,relative_L2,v_stored,1,packed_history,mean,1,0,0
stored_norm_error,15,0.7130625993013382,0.1641910821199417,-0.5488715171813965,kivi,relative_L2,v_stored,1,packed_history,p50,1,0,0
stored_norm_error,15,1.4374307125806807,0.26951669156551356,-1.167914021015167,kivi,relative_L2,v_stored,1,packed_history,p90,1,0,0
stored_norm_error,15,1.8228599980473517,0.3374995410442351,-1.4853604570031167,kivi,relative_L2,v_stored,1,packed_history,p95,1,0,0
stored_norm_error,15,2.7967547899484657,0.8985537415742877,-1.898201048374178,kivi,relative_L2,v_stored,1,packed_history,p99,1,0,0
stored_norm_error,15,0.6662077903747559,0.8035266697406769,0.13731887936592102,kivi,relative_norm_error,v_stored,1,packed_history,max,0,1,0
stored_norm_error,15,0.09831164505729412,0.023093462766626827,-0.07521818229066729,kivi,relative_norm_error,v_stored,1,packed_history,mean,1,0,0
stored_norm_error,15,0.06087850034236908,0.020191270858049393,-0.04068722948431969,kivi,relative_norm_error,v_stored,1,packed_history,p50,1,0,0
stored_norm_error,15,0.3126231454312801,0.07644359990954401,-0.2361795455217361,kivi,relative_norm_error,v_stored,1,packed_history,p90,1,0,0
stored_norm_error,15,0.4323882818222047,0.10260827578604217,-0.32978000603616253,kivi,relative_norm_error,v_stored,1,packed_history,p95,1,0,0
stored_norm_error,15,0.8162309652566919,0.16355509415268957,-0.6526758711040024,kivi,relative_norm_error,v_stored,1,packed_history,p99,1,0,0
stored_norm_error,15,0.6662077903747559,0.8035266697406769,0.13731887936592102,kivi,signed_norm_drift,v_stored,1,packed_history,max,0,1,0
stored_norm_error,15,0.06871986446068351,0.019870457707446,-0.04884940675323751,kivi,signed_norm_drift,v_stored,1,packed_history,mean,1,0,0
stored_norm_error,15,0.054887089878320694,0.01987142115831375,-0.03501566872000694,kivi,signed_norm_drift,v_stored,1,packed_history,p50,1,0,0
stored_norm_error,15,0.30861361101269724,0.07633643597364421,-0.23227717503905304,kivi,signed_norm_drift,v_stored,1,packed_history,p90,1,0,0
stored_norm_error,15,0.43073397725820545,0.10253139473497871,-0.32820258252322676,kivi,signed_norm_drift,v_stored,1,packed_history,p95,1,0,0
stored_norm_error,15,0.8162309652566919,0.16355509415268957,-0.6526758711040024,kivi,signed_norm_drift,v_stored,1,packed_history,p99,1,0,0
stored_norm_error,15,1.8304300725576468,0.8178816004365217,-0.9786296610109275,kivi,abs_log_norm_ratio,v_stored,12,pending_history,max,12,0,0
stored_norm_error,15,0.26443968788062416,0.08915193448591772,-0.18003889022456077,kivi,abs_log_norm_ratio,v_stored,12,pending_history,mean,12,0,0
stored_norm_error,15,0.2018190129292634,0.06423214058486337,-0.14261357034592947,kivi,abs_log_norm_ratio,v_stored,12,pending_history,p50,12,0,0
stored_norm_error,15,0.5693351794951014,0.19427156475212545,-0.37861599285461134,kivi,abs_log_norm_ratio,v_stored,12,pending_history,p90,12,0,0
stored_norm_error,15,0.7205697460805819,0.25147328457387624,-0.4620138456091809,kivi,abs_log_norm_ratio,v_stored,12,pending_history,p95,12,0,0
stored_norm_error,15,1.0876941351316045,0.46443450860999186,-0.6896323906200998,kivi,abs_log_norm_ratio,v_stored,12,pending_history,p99,12,0,0
stored_norm_error,15,3.5802408009767532,1.5659521222114563,-2.077208787202835,kivi,direction_error,v_stored,12,pending_history,max,12,0,0
stored_norm_error,15,0.6443257965898319,0.11156166866125769,-0.5494433969573149,kivi,direction_error,v_stored,12,pending_history,mean,12,0,0
stored_norm_error,15,0.5452462360262871,0.07108224928379059,-0.4818452149629593,kivi,direction_error,v_stored,12,pending_history,p50,12,0,0
stored_norm_error,15,1.1107571408152581,0.20382105410099036,-0.9307017803192137,kivi,direction_error,v_stored,12,pending_history,p90,12,0,0
stored_norm_error,15,1.4403842806816094,0.3472050644457336,-1.197157140821218,kivi,direction_error,v_stored,12,pending_history,p95,12,0,0
stored_norm_error,15,2.6343862892687313,0.9496415710449213,-1.6795565645396655,kivi,direction_error,v_stored,12,pending_history,p99,12,0,0
stored_norm_error,15,2.0615864396095276,0.74724081158638,-1.2027569711208344,kivi,norm_ratio,v_stored,12,pending_history,max,12,0,0
stored_norm_error,15,0.0754513516124243,0.018777336815679807,-0.05903293284537689,kivi,norm_ratio,v_stored,12,pending_history,mean,12,0,0
stored_norm_error,15,0.06254962086677551,0.011148080229759216,-0.05154437571763992,kivi,norm_ratio,v_stored,12,pending_history,p50,12,0,0
stored_norm_error,15,0.49498873353004474,0.15479438900947595,-0.352630883455277,kivi,norm_ratio,v_stored,12,pending_history,p90,12,0,0
stored_norm_error,15,0.66428292542696,0.22726099491119356,-0.46296783089637733,kivi,norm_ratio,v_stored,12,pending_history,p95,12,0,0
stored_norm_error,15,1.1072883096337311,0.41569215506315266,-0.6895020905137055,kivi,norm_ratio,v_stored,12,pending_history,p99,12,0,0
stored_norm_error,15,6.002796934451908,3.573161594918929,-2.6046591964550316,kivi,relative_L2,v_stored,12,pending_history,max,12,0,0
stored_norm_error,15,2.2041010883643866,0.7922415413624919,-1.4426383468093573,kivi,relative_L2,v_stored,12,pending_history,mean,12,0,0
stored_norm_error,15,2.111418233209406,0.7231363543396583,-1.4324298176215962,kivi,relative_L2,v_stored,12,pending_history,p50,12,0,0
stored_norm_error,15,3.058249929506565,1.228213110478828,-1.8812316064257173,kivi,relative_L2,v_stored,12,pending_history,p90,12,0,0
stored_norm_error,15,3.4633405544213014,1.606723603143473,-2.0338437756814525,kivi,relative_L2,v_stored,12,pending_history,p95,12,0,0
stored_norm_error,15,4.689818402531087,2.6121133284427915,-2.085573498515873,kivi,relative_L2,v_stored,12,pending_history,p99,12,0,0
stored_norm_error,15,2.087942214537179,0.8054992621764541,-1.221572739072144,kivi,relative_norm_error,v_stored,12,pending_history,max,12,0,0
stored_norm_error,15,0.2706123983329854,0.0892139588228166,-0.1855046351540132,kivi,relative_norm_error,v_stored,12,pending_history,mean,12,0,0
stored_norm_error,15,0.2023901555858174,0.06432937078534451,-0.14444703294975625,kivi,relative_norm_error,v_stored,12,pending_history,p50,12,0,0
stored_norm_error,15,0.580471292747825,0.1943277486207081,-0.38901107634083015,kivi,relative_norm_error,v_stored,12,pending_history,p90,12,0,0
stored_norm_error,15,0.7271182814482013,0.25380528615205544,-0.48923292763283804,kivi,relative_norm_error,v_stored,12,pending_history,p95,12,0,0
stored_norm_error,15,1.1545320997569064,0.4807552151719572,-0.6983313219335104,kivi,relative_norm_error,v_stored,12,pending_history,p99,12,0,0
stored_norm_error,15,2.0615862818958703,0.7472408194444142,-1.202756897022482,kivi,signed_norm_drift,v_stored,12,pending_history,max,12,0,0
stored_norm_error,15,0.07545134925490424,0.018777337804368046,-0.05903293145240995,kivi,signed_norm_drift,v_stored,12,pending_history,mean,12,0,0
stored_norm_error,15,0.06254961347184462,0.01114805477692471,-0.05154438554791341,kivi,signed_norm_drift,v_stored,12,pending_history,p50,12,0,0
stored_norm_error,15,0.4949886605849316,0.15479447983307193,-0.3526309115608457,kivi,signed_norm_drift,v_stored,12,pending_history,p90,12,0,0
stored_norm_error,15,0.6642829395252191,0.2272609989697229,-0.46296780691955075,kivi,signed_norm_drift,v_stored,12,pending_history,p95,12,0,0
stored_norm_error,15,1.107288356815988,0.41569212303729763,-0.6895021934573009,kivi,signed_norm_drift,v_stored,12,pending_history,p99,12,0,0
stored_norm_error,15,2.034460440161638,1.0884366770624183,-0.9028133155079558,kivi,abs_log_norm_ratio,v_stored,12,recent,max,12,0,0
stored_norm_error,15,0.2704582239329044,0.09281337671965584,-0.1708181104080145,kivi,abs_log_norm_ratio,v_stored,12,recent,mean,12,0,0
stored_norm_error,15,0.2021513499221328,0.06504780657269293,-0.13883063644607319,kivi,abs_log_norm_ratio,v_stored,12,recent,p50,12,0,0
stored_norm_error,15,0.5767948041495403,0.20145019680931003,-0.37616828953032383,kivi,abs_log_norm_ratio,v_stored,12,recent,p90,12,0,0
stored_norm_error,15,0.7435711374491799,0.27957394747136255,-0.4602669218555092,kivi,abs_log_norm_ratio,v_stored,12,recent,p95,12,0,0
stored_norm_error,15,1.1958472961027287,0.523879170574073,-0.6559384466125628,kivi,abs_log_norm_ratio,v_stored,12,recent,p99,12,0,0
stored_norm_error,15,4.053641259670258,1.9757009446620941,-1.9533881098031998,kivi,direction_error,v_stored,12,recent,max,12,0,0
stored_norm_error,15,0.6785851618333254,0.1073411568213487,-0.5638818167790305,kivi,direction_error,v_stored,12,recent,mean,12,0,0
stored_norm_error,15,0.5387674123048782,0.07091175764799118,-0.4783035218715668,kivi,direction_error,v_stored,12,recent,p50,12,0,0
stored_norm_error,15,1.2306831404566765,0.21849558353424076,-1.0011966452002525,kivi,direction_error,v_stored,12,recent,p90,12,0,0
stored_norm_error,15,1.6905597582459437,0.3117648236453531,-1.2727739438414565,kivi,direction_error,v_stored,12,recent,p95,12,0,0
stored_norm_error,15,2.951616407483815,0.8848947088420386,-1.9668808364868164,kivi,direction_error,v_stored,12,recent,p99,12,0,0
stored_norm_error,15,2.168426990509033,1.0804677307605743,-0.9576786756515503,kivi,norm_ratio,v_stored,12,recent,max,12,0,0
stored_norm_error,15,0.08076848457858432,0.021167436003452167,-0.06011664342076983,kivi,norm_ratio,v_stored,12,recent,mean,12,0,0
stored_norm_error,15,0.06970211118459702,0.014539964497089386,-0.054406747221946716,kivi,norm_ratio,v_stored,12,recent,p50,12,0,0
stored_norm_error,15,0.49467782378196695,0.16370543539524085,-0.3341543525457382,kivi,norm_ratio,v_stored,12,recent,p90,12,0,0
stored_norm_error,15,0.6880327850580215,0.23468465954065298,-0.4547680616378784,kivi,norm_ratio,v_stored,12,recent,p95,12,0,0
stored_norm_error,15,1.14773736000061,0.4831445336341854,-0.6948724466562264,kivi,norm_ratio,v_stored,12,recent,p99,12,0,0
stored_norm_error,15,6.392071137903258,3.8561720508150756,-2.1814883314073086,kivi,relative_L2,v_stored,12,recent,max,12,0,0
stored_norm_error,15,2.2422302811894923,0.805813360240407,-1.4217031750654598,kivi,relative_L2,v_stored,12,recent,mean,12,0,0
stored_norm_error,15,2.10263803282578,0.741176417315728,-1.402455029048724,kivi,relative_L2,v_stored,12,recent,p50,12,0,0
stored_norm_error,15,3.2076098165125586,1.3274294205009938,-1.924308131879661,kivi,relative_L2,v_stored,12,recent,p90,12,0,0
stored_norm_error,15,3.7849688604503164,1.5870326532371104,-2.1274287494074082,kivi,relative_L2,v_stored,12,recent,p95,12,0,0
stored_norm_error,15,5.010984275215304,2.5964912928111143,-2.062949422309176,kivi,relative_L2,v_stored,12,recent,p99,12,0,0
stored_norm_error,15,2.1839128741121385,1.111567712679971,-0.9032577861798927,kivi,relative_norm_error,v_stored,12,recent,max,12,0,0
stored_norm_error,15,0.2762837869777485,0.09339933412954457,-0.17598218577387525,kivi,relative_norm_error,v_stored,12,recent,mean,12,0,0
stored_norm_error,15,0.20351457781362114,0.06520330772218585,-0.1397485481975309,kivi,relative_norm_error,v_stored,12,recent,p50,12,0,0
stored_norm_error,15,0.5963351539598081,0.20259630657310487,-0.38795094957749837,kivi,relative_norm_error,v_stored,12,recent,p90,12,0,0
stored_norm_error,15,0.7665651305542266,0.2823816988624455,-0.4857584956233039,kivi,relative_norm_error,v_stored,12,recent,p95,12,0,0
stored_norm_error,15,1.2422601170183039,0.5418459440782314,-0.7011536720916044,kivi,relative_norm_error,v_stored,12,recent,p99,12,0,0
stored_norm_error,15,2.168426958465716,1.0804678273561876,-0.9576785621466115,kivi,signed_norm_drift,v_stored,12,recent,max,12,0,0
stored_norm_error,15,0.08076848751586144,0.02116743450963403,-0.06011664630009486,kivi,signed_norm_drift,v_stored,12,recent,mean,12,0,0
stored_norm_error,15,0.06970208125325783,0.01454005928638935,-0.054406762150279064,kivi,signed_norm_drift,v_stored,12,recent,p50,12,0,0
stored_norm_error,15,0.4946777919336456,0.16370547452679607,-0.334154263448727,kivi,signed_norm_drift,v_stored,12,recent,p90,12,0,0
stored_norm_error,15,0.6880328950588588,0.23468456675327598,-0.45476806597580427,kivi,signed_norm_drift,v_stored,12,recent,p95,12,0,0
stored_norm_error,15,1.1477374763003896,0.48314449827623274,-0.6948725370125611,kivi,signed_norm_drift,v_stored,12,recent,p99,12,0,0
source_state_norm_drift,23,0.79749736845406,0.3265847292204853,-0.4413933496180107,kivi,abs_log_norm_ratio,hidden,12,all_tokens,max,11,1,0
source_state_norm_drift,23,0.03288276066288352,0.011208580821136575,-0.022074911341308547,kivi,abs_log_norm_ratio,hidden,12,all_tokens,mean,12,0,0
source_state_norm_drift,23,0.018905615877429227,0.005511213915269764,-0.0136791412387538,kivi,abs_log_norm_ratio,hidden,12,all_tokens,p50,12,0,0
source_state_norm_drift,23,0.08027293022241797,0.026627300735708574,-0.054227754242310765,kivi,abs_log_norm_ratio,hidden,12,all_tokens,p90,12,0,0
source_state_norm_drift,23,0.11287592605058305,0.037611653402018407,-0.07205330466749724,kivi,abs_log_norm_ratio,hidden,12,all_tokens,p95,12,0,0
source_state_norm_drift,23,0.18526911350054448,0.07747163960782914,-0.10470605766444326,kivi,abs_log_norm_ratio,hidden,12,all_tokens,p99,12,0,0
source_state_norm_drift,23,2.9783765077590942,2.160724937915802,-0.7687520235776901,kivi,direction_error,hidden,12,all_tokens,max,12,0,0
source_state_norm_drift,23,0.29054897605060576,0.047831308235020686,-0.24136573362122843,kivi,direction_error,hidden,12,all_tokens,mean,12,0,0
source_state_norm_drift,23,0.25344592332839966,0.025777019560337067,-0.22433913499116898,kivi,direction_error,hidden,12,all_tokens,p50,12,0,0
source_state_norm_drift,23,0.497195613384247,0.08850755840539934,-0.39227192252874377,kivi,direction_error,hidden,12,all_tokens,p90,12,0,0
source_state_norm_drift,23,0.7044934898614876,0.13357399180531493,-0.5604296594858162,kivi,direction_error,hidden,12,all_tokens,p95,12,0,0
source_state_norm_drift,23,1.9787232390046112,0.44597141399979645,-1.460456189066172,kivi,direction_error,hidden,12,all_tokens,p99,12,0,0
source_state_norm_drift,23,0.9084559977054596,0.3348291516304016,-0.4826515018939972,kivi,norm_ratio,hidden,12,all_tokens,max,12,0,0
source_state_norm_drift,23,0.002106281352699163,0.005686070663181997,0.004226456562439723,kivi,norm_ratio,hidden,12,all_tokens,mean,3,9,0
source_state_norm_drift,23,-0.00010739266872406006,0.001956634223461151,0.0024018362164497375,kivi,norm_ratio,hidden,12,all_tokens,p50,0,12,0
source_state_norm_drift,23,0.05472507476806632,0.023052617907523887,-0.03143019676208503,kivi,norm_ratio,hidden,12,all_tokens,p90,12,0,0
source_state_norm_drift,23,0.08270474374294273,0.03317586630582808,-0.04982681423425661,kivi,norm_ratio,hidden,12,all_tokens,p95,12,0,0
source_state_norm_drift,23,0.1695291519165037,0.06845801979303362,-0.10180553495883932,kivi,norm_ratio,hidden,12,all_tokens,p99,12,0,0
source_state_norm_drift,23,4.933285954641178,4.0731256026774645,-0.9994334431830794,kivi,relative_L2,hidden,12,all_tokens,max,12,0,0
source_state_norm_drift,23,1.2505988775938746,0.4378065676453344,-0.7928004517922681,kivi,relative_L2,hidden,12,all_tokens,mean,12,0,0
source_state_norm_drift,23,1.411886468573357,0.43313613944337703,-0.9893627247656696,kivi,relative_L2,hidden,12,all_tokens,p50,12,0,0
source_state_norm_drift,23,1.9804581700125712,0.8303758415218909,-1.1214800222194754,kivi,relative_L2,hidden,12,all_tokens,p90,12,0,0
source_state_norm_drift,23,2.35617042449885,1.018772763435845,-1.3207717353652688,kivi,relative_L2,hidden,12,all_tokens,p95,12,0,0
source_state_norm_drift,23,3.9442244035832106,1.8370650168869187,-1.8791941942763513,kivi,relative_L2,hidden,12,all_tokens,p99,12,0,0
source_state_norm_drift,23,0.9068001663836185,0.33792092226212844,-0.47309716598829255,kivi,relative_norm_error,hidden,12,all_tokens,max,12,0,0
source_state_norm_drift,23,0.032948453230315075,0.011234761405114407,-0.022115947930350197,kivi,relative_norm_error,hidden,12,all_tokens,mean,12,0,0
source_state_norm_drift,23,0.018886424986703787,0.005513441811672237,-0.013664627094840398,kivi,relative_norm_error,hidden,12,all_tokens,p50,12,0,0
source_state_norm_drift,23,0.08005215463854257,0.026676625070467717,-0.05462180928880116,kivi,relative_norm_error,hidden,12,all_tokens,p90,12,0,0
source_state_norm_drift,23,0.11262712518891929,0.03768703032856137,-0.0717470831274113,kivi,relative_norm_error,hidden,12,all_tokens,p95,12,0,0
source_state_norm_drift,23,0.18692193679307825,0.07786317044046873,-0.1061039843471371,kivi,relative_norm_error,hidden,12,all_tokens,p99,12,0,0
source_state_norm_drift,23,0.9084560890551074,0.33482915801141644,-0.4826515498571098,kivi,signed_norm_drift,hidden,12,all_tokens,max,12,0,0
source_state_norm_drift,23,0.002106281130824798,0.00568607778836054,0.004226452558263748,kivi,signed_norm_drift,hidden,12,all_tokens,mean,3,9,0
source_state_norm_drift,23,-0.00010739903304823883,0.0019566409111462235,0.0024018152243741042,kivi,signed_norm_drift,hidden,12,all_tokens,p50,0,12,0
source_state_norm_drift,23,0.05472513949316635,0.02305269626576774,-0.03143015563837253,kivi,signed_norm_drift,hidden,12,all_tokens,p90,12,0,0
source_state_norm_drift,23,0.08270470985617061,0.033175737074907355,-0.049826910213960164,kivi,signed_norm_drift,hidden,12,all_tokens,p95,12,0,0
source_state_norm_drift,23,0.16952916995614953,0.0684580185072263,-0.10180558283638683,kivi,signed_norm_drift,hidden,12,all_tokens,p99,12,0,0
source_state_norm_drift,23,1.7408357376698405,1.1009829054237343,-0.7476288471370935,kivi,abs_log_norm_ratio,k_source,12,all_tokens,max,12,0,0
source_state_norm_drift,23,0.09298541838392302,0.030510384886603487,-0.06193644280370658,kivi,abs_log_norm_ratio,k_source,12,all_tokens,mean,12,0,0
source_state_norm_drift,23,0.055540537994602346,0.0157751287897554,-0.040168274788811686,kivi,abs_log_norm_ratio,k_source,12,all_tokens,p50,12,0,0
source_state_norm_drift,23,0.22545338786148938,0.07201125313367812,-0.15266316464985724,kivi,abs_log_norm_ratio,k_source,12,all_tokens,p90,12,0,0
source_state_norm_drift,23,0.29715654134233765,0.10008036286926647,-0.19584658292151294,kivi,abs_log_norm_ratio,k_source,12,all_tokens,p95,12,0,0
source_state_norm_drift,23,0.5341699347978267,0.21114227447265882,-0.330706768626696,kivi,abs_log_norm_ratio,k_source,12,all_tokens,p99,12,0,0
source_state_norm_drift,23,2.2621325105428696,1.3726035356521606,-0.7987330555915833,kivi,direction_error,k_source,12,all_tokens,max,12,0,0
source_state_norm_drift,23,0.07836390663084312,0.012685604467367741,-0.0658455205918676,kivi,direction_error,k_source,12,all_tokens,mean,12,0,0
source_state_norm_drift,23,0.056830503046512604,0.005264155566692352,-0.05069940537214279,kivi,direction_error,k_source,12,all_tokens,p50,12,0,0
source_state_norm_drift,23,0.13569191098213199,0.020681092143058785,-0.10967620015144348,kivi,direction_error,k_source,12,all_tokens,p90,12,0,0
source_state_norm_drift,23,0.2013580679893492,0.03311179429292678,-0.16687129288911812,kivi,direction_error,k_source,12,all_tokens,p95,12,0,0
source_state_norm_drift,23,0.733601772040128,0.1426848661899569,-0.5640418887138362,kivi,direction_error,k_source,12,all_tokens,p99,12,0,0
source_state_norm_drift,23,2.136910915374756,1.2960911989212036,-0.8498686254024506,kivi,norm_ratio,k_source,12,all_tokens,max,12,0,0
source_state_norm_drift,23,0.01474786131919853,0.01334557996919436,-0.004172621111959429,kivi,norm_ratio,k_source,12,all_tokens,mean,8,4,0
source_state_norm_drift,23,0.0002506375312805176,0.004478432238101959,0.00456073135137558,kivi,norm_ratio,k_source,12,all_tokens,p50,3,9,0
source_state_norm_drift,23,0.16404901742935185,0.06338697969913487,-0.10328319370746603,kivi,norm_ratio,k_source,12,all_tokens,p90,12,0,0
source_state_norm_drift,23,0.2419211983680727,0.08682532757520667,-0.14834474027156824,kivi,norm_ratio,k_source,12,all_tokens,p95,12,0,0
source_state_norm_drift,23,0.5282679855823511,0.1849549987912174,-0.33731382787227615,kivi,norm_ratio,k_source,12,all_tokens,p99,12,0,0
source_state_norm_drift,23,4.995117202750407,3.482364630443044,-1.6625006946269423,kivi,relative_L2,k_source,12,all_tokens,max,12,0,0
source_state_norm_drift,23,0.6366366114881288,0.2169606019717805,-0.41593850129986676,kivi,relative_L2,k_source,12,all_tokens,mean,12,0,0
source_state_norm_drift,23,0.6770631628751289,0.1986238289027824,-0.47615263957413845,kivi,relative_L2,k_source,12,all_tokens,p50,12,0,0
source_state_norm_drift,23,1.0495220868993784,0.4074507212266326,-0.6220906182657928,kivi,relative_L2,k_source,12,all_tokens,p90,12,0,0
source_state_norm_drift,23,1.2801943159007347,0.5159523303562308,-0.7681857704243158,kivi,relative_L2,k_source,12,all_tokens,p95,12,0,0
source_state_norm_drift,23,2.5623115016828484,1.0602225955016893,-1.431195020584852,kivi,relative_L2,k_source,12,all_tokens,p99,12,0,0
source_state_norm_drift,23,2.1287934564461466,1.2891559991403483,-0.8222671113908291,kivi,relative_norm_error,k_source,12,all_tokens,max,12,0,0
source_state_norm_drift,23,0.09401747181718025,0.030760264130835536,-0.0622806819122462,kivi,relative_norm_error,k_source,12,all_tokens,mean,12,0,0
source_state_norm_drift,23,0.05547616617513995,0.015790192936947278,-0.04009230833617039,kivi,relative_norm_error,k_source,12,all_tokens,p50,12,0,0
source_state_norm_drift,23,0.22519799030342263,0.07222995828196872,-0.15277198366238737,kivi,relative_norm_error,k_source,12,all_tokens,p90,12,0,0
source_state_norm_drift,23,0.2973567330645892,0.10042208935738015,-0.19389573183725584,kivi,relative_norm_error,k_source,12,all_tokens,p95,12,0,0
source_state_norm_drift,23,0.5507916549974472,0.21320342397928432,-0.3414804228217696,kivi,relative_norm_error,k_source,12,all_tokens,p99,12,0,0
source_state_norm_drift,23,2.136910903645912,1.2960913194256136,-0.8498686850070953,kivi,signed_norm_drift,k_source,12,all_tokens,max,12,0,0
source_state_norm_drift,23,0.014747859536447083,0.01334557821224772,-0.004172619780405844,kivi,signed_norm_drift,k_source,12,all_tokens,mean,8,4,0
source_state_norm_drift,23,0.0002506394199333073,0.004478487827611843,0.004560665691428767,kivi,signed_norm_drift,k_source,12,all_tokens,p50,3,9,0
source_state_norm_drift,23,0.16404893827348133,0.06338695285521684,-0.10328319055406612,kivi,signed_norm_drift,k_source,12,all_tokens,p90,12,0,0
source_state_norm_drift,23,0.24192115635705705,0.086825221653271,-0.14834467266628043,kivi,signed_norm_drift,k_source,12,all_tokens,p95,12,0,0
source_state_norm_drift,23,0.5282678499724713,0.1849549281115464,-0.33731372121692393,kivi,signed_norm_drift,k_source,12,all_tokens,p99,12,0,0
representation_norm_error,23,-3.5315752029418945e-05,0.03627275675535202,0.03630807250738144,kivi,abs_log_norm_ratio,k_stored,1,packed_history,max,0,1,0
representation_norm_error,23,-0.0011212757123967507,-0.0024282654872294918,-0.001306989774832741,kivi,abs_log_norm_ratio,k_stored,1,packed_history,mean,1,0,0
representation_norm_error,23,-0.0007150489836931229,-0.00251080933958292,-0.0017957603558897972,kivi,abs_log_norm_ratio,k_stored,1,packed_history,p50,1,0,0
representation_norm_error,23,-0.0008912216871976714,-0.003136714920401601,-0.0022454932332039296,kivi,abs_log_norm_ratio,k_stored,1,packed_history,p90,1,0,0
representation_norm_error,23,-0.004819363728165688,-0.003504264540970331,0.0013150991871953566,kivi,abs_log_norm_ratio,k_stored,1,packed_history,p95,0,1,0
representation_norm_error,23,-0.008727449737489443,0.00024011183530086438,0.008967561572790307,kivi,abs_log_norm_ratio,k_stored,1,packed_history,p99,0,1,0
representation_norm_error,23,0.0009908080101013184,0.00013312697410583496,-0.0008576810359954834,kivi,direction_error,k_stored,1,packed_history,max,1,0,0
representation_norm_error,23,9.882685844786465e-05,-0.0014970324673413415,-0.0015958593257892062,kivi,direction_error,k_stored,1,packed_history,mean,1,0,0
representation_norm_error,23,0.0005096197128295898,-0.0015642642974853516,-0.0020738840103149414,kivi,direction_error,k_stored,1,packed_history,p50,1,0,0
representation_norm_error,23,-0.0014486849308013965,-0.0021794706583023113,-0.0007307857275009148,kivi,direction_error,k_stored,1,packed_history,p90,1,0,0
representation_norm_error,23,-0.0012555316090583843,-0.0013590797781944178,-0.00010354816913603349,kivi,direction_error,k_stored,1,packed_history,p95,1,0,0
representation_norm_error,23,-0.0038936379551891345,-0.0021245953440665946,0.00176904261112254,kivi,direction_error,k_stored,1,packed_history,p99,0,1,0
representation_norm_error,23,-7.069110870361328e-05,0.04410809278488159,0.044178783893585205,kivi,norm_ratio,k_stored,1,packed_history,max,0,1,0
representation_norm_error,23,-0.0008327304540216574,-0.002637952364239027,-0.0018052219102173694,kivi,norm_ratio,k_stored,1,packed_history,mean,1,0,0
representation_norm_error,23,-0.0013278722763061523,-0.002672433853149414,-0.0013445615768432617,kivi,norm_ratio,k_stored,1,packed_history,p50,1,0,0
representation_norm_error,23,-0.0011049389839172807,-0.0034395337104797807,-0.0023345947265625,kivi,norm_ratio,k_stored,1,packed_history,p90,1,0,0
representation_norm_error,23,-0.006569927930832109,-0.0039002627134326895,0.0026696652173994195,kivi,norm_ratio,k_stored,1,packed_history,p95,0,1,0
representation_norm_error,23,-0.010591242909432141,0.0003006649017333052,0.010891907811165447,kivi,norm_ratio,k_stored,1,packed_history,p99,0,1,0
representation_norm_error,23,0.0010822415351867676,0.00039258599281311035,-0.0006896555423736572,kivi,relative_L2,k_stored,1,packed_history,max,1,0,0
representation_norm_error,23,0.0005221580870511389,-0.005777640452606647,-0.006299798539657786,kivi,relative_L2,k_stored,1,packed_history,mean,1,0,0
representation_norm_error,23,0.0014856532216072083,-0.0053008124232292175,-0.006786465644836426,kivi,relative_L2,k_stored,1,packed_history,p50,1,0,0
representation_norm_error,23,-0.005973514914512534,-0.009159108996391468,-0.003185594081878934,kivi,relative_L2,k_stored,1,packed_history,p90,1,0,0
representation_norm_error,23,-0.007032380998134691,-0.004630556702613808,0.0024018242955208824,kivi,relative_L2,k_stored,1,packed_history,p95,0,1,0
representation_norm_error,23,-0.014506495296955274,0.0011756153404712255,0.0156821106374265,kivi,relative_L2,k_stored,1,packed_history,p99,0,1,0
representation_norm_error,23,-7.063150405883789e-05,0.04410792887210846,0.0441785603761673,kivi,relative_norm_error,k_stored,1,packed_history,max,0,1,0
representation_norm_error,23,-0.0012302764256070728,-0.0025751813329208915,-0.0013449049073138188,kivi,relative_norm_error,k_stored,1,packed_history,mean,1,0,0
representation_norm_error,23,-0.0010419497266411781,-0.00267679151147604,-0.0016348417848348618,kivi,relative_norm_error,k_stored,1,packed_history,p50,1,0,0
representation_norm_error,23,-0.0011474344879388795,-0.0034394551068544776,-0.002292020618915598,kivi,relative_norm_error,k_stored,1,packed_history,p90,1,0,0
representation_norm_error,23,-0.00624445918947459,-0.0039002690464258333,0.0023441901430487563,kivi,relative_norm_error,k_stored,1,packed_history,p95,0,1,0
representation_norm_error,23,-0.01054704718291774,0.00030060913413759716,0.010847656317055338,kivi,relative_norm_error,k_stored,1,packed_history,p99,0,1,0
representation_norm_error,23,-7.063150405883789e-05,0.04410792887210846,0.0441785603761673,kivi,signed_norm_drift,k_stored,1,packed_history,max,0,1,0
representation_norm_error,23,-0.0008327326875298205,-0.0026379540316237467,-0.0018052213440939262,kivi,signed_norm_drift,k_stored,1,packed_history,mean,1,0,0
representation_norm_error,23,-0.0013278545811772346,-0.0026723677292466164,-0.0013445131480693817,kivi,signed_norm_drift,k_stored,1,packed_history,p50,1,0,0
representation_norm_error,23,-0.001104934141039883,-0.0034394551068544776,-0.0023345209658145946,kivi,signed_norm_drift,k_stored,1,packed_history,p90,1,0,0
representation_norm_error,23,-0.0065698508173227255,-0.0039002690464258333,0.002669581770896892,kivi,signed_norm_drift,k_stored,1,packed_history,p95,0,1,0
representation_norm_error,23,-0.01059115424752255,0.00030060913413759716,0.010891763381660147,kivi,signed_norm_drift,k_stored,1,packed_history,p99,0,1,0
representation_norm_error,23,0.0,0.0,0.0,kivi,abs_log_norm_ratio,k_stored,12,pending_history,max,0,0,12
representation_norm_error,23,0.0,0.0,0.0,kivi,abs_log_norm_ratio,k_stored,12,pending_history,mean,0,0,12
representation_norm_error,23,0.0,0.0,0.0,kivi,abs_log_norm_ratio,k_stored,12,pending_history,p50,0,0,12
representation_norm_error,23,0.0,0.0,0.0,kivi,abs_log_norm_ratio,k_stored,12,pending_history,p90,0,0,12
representation_norm_error,23,0.0,0.0,0.0,kivi,abs_log_norm_ratio,k_stored,12,pending_history,p95,0,0,12
representation_norm_error,23,0.0,0.0,0.0,kivi,abs_log_norm_ratio,k_stored,12,pending_history,p99,0,0,12
representation_norm_error,23,2.9802322387695312e-08,2.9802322387695312e-08,2.9802322387695312e-08,kivi,direction_error,k_stored,12,pending_history,max,5,7,0
representation_norm_error,23,-3.1879888131068322e-09,-3.053663441768057e-09,5.003166185600578e-09,kivi,direction_error,k_stored,12,pending_history,mean,4,8,0
representation_norm_error,23,0.0,0.0,0.0,kivi,direction_error,k_stored,12,pending_history,p50,0,0,12
representation_norm_error,23,0.0,0.0,2.9802322387695312e-08,kivi,direction_error,k_stored,12,pending_history,p90,5,6,1
representation_norm_error,23,0.0,0.0,0.0,kivi,direction_error,k_stored,12,pending_history,p95,0,0,12
representation_norm_error,23,-5.0812959671020033e-08,-1.7881393432619136e-08,5.125999450683675e-08,kivi,direction_error,k_stored,12,pending_history,p99,4,8,0
representation_norm_error,23,0.0,0.0,0.0,kivi,norm_ratio,k_stored,12,pending_history,max,0,0,12
representation_norm_error,23,0.0,0.0,0.0,kivi,norm_ratio,k_stored,12,pending_history,mean,0,0,12
representation_norm_error,23,0.0,0.0,0.0,kivi,norm_ratio,k_stored,12,pending_history,p50,0,0,12
representation_norm_error,23,0.0,0.0,0.0,kivi,norm_ratio,k_stored,12,pending_history,p90,0,0,12
representation_norm_error,23,0.0,0.0,0.0,kivi,norm_ratio,k_stored,12,pending_history,p95,0,0,12
representation_norm_error,23,0.0,0.0,0.0,kivi,norm_ratio,k_stored,12,pending_history,p99,0,0,12
representation_norm_error,23,0.0,0.0,0.0,kivi,relative_L2,k_stored,12,pending_history,max,0,0,12
representation_norm_error,23,0.0,0.0,0.0,kivi,relative_L2,k_stored,12,pending_history,mean,0,0,12
representation_norm_error,23,0.0,0.0,0.0,kivi,relative_L2,k_stored,12,pending_history,p50,0,0,12
representation_norm_error,23,0.0,0.0,0.0,kivi,relative_L2,k_stored,12,pending_history,p90,0,0,12
representation_norm_error,23,0.0,0.0,0.0,kivi,relative_L2,k_stored,12,pending_history,p95,0,0,12
representation_norm_error,23,0.0,0.0,0.0,kivi,relative_L2,k_stored,12,pending_history,p99,0,0,12
representation_norm_error,23,0.0,0.0,0.0,kivi,relative_norm_error,k_stored,12,pending_history,max,0,0,12
representation_norm_error,23,0.0,0.0,0.0,kivi,relative_norm_error,k_stored,12,pending_history,mean,0,0,12
representation_norm_error,23,0.0,0.0,0.0,kivi,relative_norm_error,k_stored,12,pending_history,p50,0,0,12
representation_norm_error,23,0.0,0.0,0.0,kivi,relative_norm_error,k_stored,12,pending_history,p90,0,0,12
representation_norm_error,23,0.0,0.0,0.0,kivi,relative_norm_error,k_stored,12,pending_history,p95,0,0,12
representation_norm_error,23,0.0,0.0,0.0,kivi,relative_norm_error,k_stored,12,pending_history,p99,0,0,12
representation_norm_error,23,0.0,0.0,0.0,kivi,signed_norm_drift,k_stored,12,pending_history,max,0,0,12
representation_norm_error,23,0.0,0.0,0.0,kivi,signed_norm_drift,k_stored,12,pending_history,mean,0,0,12
representation_norm_error,23,0.0,0.0,0.0,kivi,signed_norm_drift,k_stored,12,pending_history,p50,0,0,12
representation_norm_error,23,0.0,0.0,0.0,kivi,signed_norm_drift,k_stored,12,pending_history,p90,0,0,12
representation_norm_error,23,0.0,0.0,0.0,kivi,signed_norm_drift,k_stored,12,pending_history,p95,0,0,12
representation_norm_error,23,0.0,0.0,0.0,kivi,signed_norm_drift,k_stored,12,pending_history,p99,0,0,12
representation_norm_error,23,0.0,0.0,0.0,kivi,abs_log_norm_ratio,k_stored,12,recent,max,0,0,12
representation_norm_error,23,0.0,0.0,0.0,kivi,abs_log_norm_ratio,k_stored,12,recent,mean,0,0,12
representation_norm_error,23,0.0,0.0,0.0,kivi,abs_log_norm_ratio,k_stored,12,recent,p50,0,0,12
representation_norm_error,23,0.0,0.0,0.0,kivi,abs_log_norm_ratio,k_stored,12,recent,p90,0,0,12
representation_norm_error,23,0.0,0.0,0.0,kivi,abs_log_norm_ratio,k_stored,12,recent,p95,0,0,12
representation_norm_error,23,0.0,0.0,0.0,kivi,abs_log_norm_ratio,k_stored,12,recent,p99,0,0,12
representation_norm_error,23,7.450580596923828e-08,5.960464477539063e-08,0.0,kivi,direction_error,k_stored,12,recent,max,5,4,3
representation_norm_error,23,7.130438461899757e-10,1.57160684466362e-09,3.768946044147015e-09,kivi,direction_error,k_stored,12,recent,mean,4,8,0
representation_norm_error,23,0.0,0.0,0.0,kivi,direction_error,k_stored,12,recent,p50,0,0,12
representation_norm_error,23,0.0,0.0,0.0,kivi,direction_error,k_stored,12,recent,p90,1,2,9
representation_norm_error,23,0.0,0.0,0.0,kivi,direction_error,k_stored,12,recent,p95,0,0,12
representation_norm_error,23,0.0,0.0,0.0,kivi,direction_error,k_stored,12,recent,p99,3,5,4
representation_norm_error,23,0.0,0.0,0.0,kivi,norm_ratio,k_stored,12,recent,max,0,0,12
representation_norm_error,23,0.0,0.0,0.0,kivi,norm_ratio,k_stored,12,recent,mean,0,0,12
representation_norm_error,23,0.0,0.0,0.0,kivi,norm_ratio,k_stored,12,recent,p50,0,0,12
representation_norm_error,23,0.0,0.0,0.0,kivi,norm_ratio,k_stored,12,recent,p90,0,0,12
representation_norm_error,23,0.0,0.0,0.0,kivi,norm_ratio,k_stored,12,recent,p95,0,0,12
representation_norm_error,23,0.0,0.0,0.0,kivi,norm_ratio,k_stored,12,recent,p99,0,0,12
representation_norm_error,23,0.0,0.0,0.0,kivi,relative_L2,k_stored,12,recent,max,0,0,12
representation_norm_error,23,0.0,0.0,0.0,kivi,relative_L2,k_stored,12,recent,mean,0,0,12
representation_norm_error,23,0.0,0.0,0.0,kivi,relative_L2,k_stored,12,recent,p50,0,0,12
representation_norm_error,23,0.0,0.0,0.0,kivi,relative_L2,k_stored,12,recent,p90,0,0,12
representation_norm_error,23,0.0,0.0,0.0,kivi,relative_L2,k_stored,12,recent,p95,0,0,12
representation_norm_error,23,0.0,0.0,0.0,kivi,relative_L2,k_stored,12,recent,p99,0,0,12
representation_norm_error,23,0.0,0.0,0.0,kivi,relative_norm_error,k_stored,12,recent,max,0,0,12
representation_norm_error,23,0.0,0.0,0.0,kivi,relative_norm_error,k_stored,12,recent,mean,0,0,12
representation_norm_error,23,0.0,0.0,0.0,kivi,relative_norm_error,k_stored,12,recent,p50,0,0,12
representation_norm_error,23,0.0,0.0,0.0,kivi,relative_norm_error,k_stored,12,recent,p90,0,0,12
representation_norm_error,23,0.0,0.0,0.0,kivi,relative_norm_error,k_stored,12,recent,p95,0,0,12
representation_norm_error,23,0.0,0.0,0.0,kivi,relative_norm_error,k_stored,12,recent,p99,0,0,12
representation_norm_error,23,0.0,0.0,0.0,kivi,signed_norm_drift,k_stored,12,recent,max,0,0,12
representation_norm_error,23,0.0,0.0,0.0,kivi,signed_norm_drift,k_stored,12,recent,mean,0,0,12
representation_norm_error,23,0.0,0.0,0.0,kivi,signed_norm_drift,k_stored,12,recent,p50,0,0,12
representation_norm_error,23,0.0,0.0,0.0,kivi,signed_norm_drift,k_stored,12,recent,p90,0,0,12
representation_norm_error,23,0.0,0.0,0.0,kivi,signed_norm_drift,k_stored,12,recent,p95,0,0,12
representation_norm_error,23,0.0,0.0,0.0,kivi,signed_norm_drift,k_stored,12,recent,p99,0,0,12
stored_norm_error,23,-3.5315752029418945e-05,0.5653435289859772,0.5653788447380066,kivi,abs_log_norm_ratio,k_stored,1,packed_history,max,0,1,0
stored_norm_error,23,0.023740043033510412,0.01443716600027968,-0.009302877033230732,kivi,abs_log_norm_ratio,k_stored,1,packed_history,mean,1,0,0
stored_norm_error,23,0.007508019916713238,0.010790888220071793,0.003282868303358555,kivi,abs_log_norm_ratio,k_stored,1,packed_history,p50,0,1,0
stored_norm_error,23,0.06962427534162996,0.027338328957557688,-0.04228594638407227,kivi,abs_log_norm_ratio,k_stored,1,packed_history,p90,1,0,0
stored_norm_error,23,0.09092508405446992,0.030625987425446533,-0.060299096629023385,kivi,abs_log_norm_ratio,k_stored,1,packed_history,p95,1,0,0
stored_norm_error,23,0.28796549938619254,0.06276451501995323,-0.2252009843662393,kivi,abs_log_norm_ratio,k_stored,1,packed_history,p99,1,0,0
stored_norm_error,23,0.04418107867240906,0.9811367690563202,0.9369556903839111,kivi,direction_error,k_stored,1,packed_history,max,0,1,0
stored_norm_error,23,0.07754230286809616,0.01509515994166577,-0.06244714292643039,kivi,direction_error,k_stored,1,packed_history,mean,1,0,0
stored_norm_error,23,0.05930246412754059,0.009817749261856079,-0.04948471486568451,kivi,direction_error,k_stored,1,packed_history,p50,1,0,0
stored_norm_error,23,0.09331115782260896,0.018539521098136932,-0.07477163672447203,kivi,direction_error,k_stored,1,packed_history,p90,1,0,0
stored_norm_error,23,0.13005650192499146,0.025147801637649514,-0.10490870028734195,kivi,direction_error,k_stored,1,packed_history,p95,1,0,0
stored_norm_error,23,0.7089877068996434,0.12798786431551018,-0.5809998425841332,kivi,direction_error,k_stored,1,packed_history,p99,1,0,0
stored_norm_error,23,-7.069110870361328e-05,0.7418903112411499,0.7419610023498535,kivi,norm_ratio,k_stored,1,packed_history,max,0,1,0
stored_norm_error,23,0.006033337006556394,0.014262929306823935,0.00822959230026754,kivi,norm_ratio,k_stored,1,packed_history,mean,0,1,0
stored_norm_error,23,-0.0008549392223358154,0.01091158390045166,0.011766523122787476,kivi,norm_ratio,k_stored,1,packed_history,p50,0,1,0
stored_norm_error,23,0.07487933635711663,0.029768389463424416,-0.045110946893692216,kivi,norm_ratio,k_stored,1,packed_history,p90,1,0,0
stored_norm_error,23,0.09951034486293764,0.033920058608054804,-0.06559028625488283,kivi,norm_ratio,k_stored,1,packed_history,p95,1,0,0
stored_norm_error,23,0.3338707655668276,0.07203001379966745,-0.26184075176716015,kivi,norm_ratio,k_stored,1,packed_history,p99,1,0,0
stored_norm_error,23,0.0010822415351867676,1.47593292593956,1.4748506844043732,kivi,relative_L2,k_stored,1,packed_history,max,0,1,0
stored_norm_error,23,0.22243556533931041,0.04936898283858682,-0.1730665825007236,kivi,relative_L2,k_stored,1,packed_history,mean,1,0,0
stored_norm_error,23,0.18436647951602936,0.03675738722085953,-0.14760909229516983,kivi,relative_L2,k_stored,1,packed_history,p50,1,0,0
stored_norm_error,23,0.24712859839200985,0.05518268197774878,-0.19194591641426106,kivi,relative_L2,k_stored,1,packed_history,p90,1,0,0
stored_norm_error,23,0.32558219209313377,0.07616316154599168,-0.2494190305471421,kivi,relative_L2,k_stored,1,packed_history,p95,1,0,0
stored_norm_error,23,1.5436640180647392,0.3379240027070075,-1.2057400153577316,kivi,relative_L2,k_stored,1,packed_history,p99,1,0,0
stored_norm_error,23,-7.063150405883789e-05,0.7418903782963753,0.7419610098004341,kivi,relative_norm_error,k_stored,1,packed_history,max,0,1,0
stored_norm_error,23,0.026483837608911397,0.01569023464496854,-0.010793602963942855,kivi,relative_norm_error,k_stored,1,packed_history,mean,1,0,0
stored_norm_error,23,0.00763045996427536,0.011204938404262066,0.0035744784399867058,kivi,relative_norm_error,k_stored,1,packed_history,p50,0,1,0
stored_norm_error,23,0.07660068236291406,0.02984161078929904,-0.04675907157361502,kivi,relative_norm_error,k_stored,1,packed_history,p90,1,0,0
stored_norm_error,23,0.10123826246708625,0.03407914340496064,-0.06715911906212561,kivi,relative_norm_error,k_stored,1,packed_history,p95,1,0,0
stored_norm_error,23,0.33742963686585603,0.07202997572720048,-0.26539966113865554,kivi,relative_norm_error,k_stored,1,packed_history,p99,1,0,0
stored_norm_error,23,-7.063150405883789e-05,0.7418903782963753,0.7419610098004341,kivi,signed_norm_drift,k_stored,1,packed_history,max,0,1,0
stored_norm_error,23,0.006033336315204023,0.014262922784468675,0.008229586469264652,kivi,signed_norm_drift,k_stored,1,packed_history,mean,0,1,0
stored_norm_error,23,-0.0008549271151423454,0.010911418125033379,0.011766345240175724,kivi,signed_norm_drift,k_stored,1,packed_history,p50,0,1,0
stored_norm_error,23,0.07487931437790396,0.029768380522727983,-0.04511093385517598,kivi,signed_norm_drift,k_stored,1,packed_history,p90,1,0,0
stored_norm_error,23,0.0995103858411312,0.03392007518559693,-0.06559031065553428,kivi,signed_norm_drift,k_stored,1,packed_history,p95,1,0,0
stored_norm_error,23,0.33387071900069865,0.07202997572720048,-0.26184074327349816,kivi,signed_norm_drift,k_stored,1,packed_history,p99,1,0,0
stored_norm_error,23,1.1122837199654896,0.4802977684594225,-0.531375224731164,kivi,abs_log_norm_ratio,k_stored,12,pending_history,max,12,0,0
stored_norm_error,23,0.12820153446462662,0.04497510758755436,-0.08521499114440016,kivi,abs_log_norm_ratio,k_stored,12,pending_history,mean,12,0,0
stored_norm_error,23,0.09606055300355365,0.03258478949283017,-0.06300958614338015,kivi,abs_log_norm_ratio,k_stored,12,pending_history,p50,12,0,0
stored_norm_error,23,0.24771667962340876,0.09135011743856013,-0.16513835359291995,kivi,abs_log_norm_ratio,k_stored,12,pending_history,p90,12,0,0
stored_norm_error,23,0.32109013079025306,0.1200573868292849,-0.20813669094713977,kivi,abs_log_norm_ratio,k_stored,12,pending_history,p95,12,0,0
stored_norm_error,23,0.5983986258196816,0.30383438315679023,-0.3616424593333793,kivi,abs_log_norm_ratio,k_stored,12,pending_history,p99,12,0,0
stored_norm_error,23,1.1903254985809326,0.482969269156456,-0.7272086143493652,kivi,direction_error,k_stored,12,pending_history,max,12,0,0
stored_norm_error,23,0.11094455548998189,0.0186191440772007,-0.09148764597438491,kivi,direction_error,k_stored,12,pending_history,mean,12,0,0
stored_norm_error,23,0.07617578655481339,0.008876100182533264,-0.06754041463136673,kivi,direction_error,k_stored,12,pending_history,p50,12,0,0
stored_norm_error,23,0.14878270626068113,0.023256666958332103,-0.12605409771203996,kivi,direction_error,k_stored,12,pending_history,p90,12,0,0
stored_norm_error,23,0.23453702181577635,0.04602822512388228,-0.19582027047872502,kivi,direction_error,k_stored,12,pending_history,p95,12,0,0
stored_norm_error,23,0.764671932905912,0.24139325380325297,-0.4589323817193511,kivi,direction_error,k_stored,12,pending_history,p99,12,0,0
stored_norm_error,23,1.2987722158432007,0.4922201931476593,-0.6922423541545868,kivi,norm_ratio,k_stored,12,pending_history,max,12,0,0
stored_norm_error,23,0.02541724002260401,0.0223016157146112,-0.006219302380134101,kivi,norm_ratio,k_stored,12,pending_history,mean,6,6,0
stored_norm_error,23,0.015281543135643005,0.017840825021266937,0.0025184303522109985,kivi,norm_ratio,k_stored,12,pending_history,p50,6,6,0
stored_norm_error,23,0.1897855460643768,0.07556330263614686,-0.11838770508766161,kivi,norm_ratio,k_stored,12,pending_history,p90,12,0,0
stored_norm_error,23,0.26566372960805884,0.10653240382671347,-0.1605782940983771,kivi,norm_ratio,k_stored,12,pending_history,p95,12,0,0
stored_norm_error,23,0.6313817381858821,0.2512014910578722,-0.43825737804174414,kivi,norm_ratio,k_stored,12,pending_history,p99,12,0,0
stored_norm_error,23,3.4005633150518406,1.7685544806299731,-1.6100606580730528,kivi,relative_L2,k_stored,12,pending_history,max,12,0,0
stored_norm_error,23,0.8793060943211914,0.3056005003584822,-0.5581347655142326,kivi,relative_L2,k_stored,12,pending_history,mean,12,0,0
stored_norm_error,23,0.7864491655782331,0.26194753251911607,-0.5329371175757842,kivi,relative_L2,k_stored,12,pending_history,p50,12,0,0
stored_norm_error,23,1.1036422872450202,0.42997641274123466,-0.6880739692453062,kivi,relative_L2,k_stored,12,pending_history,p90,12,0,0
stored_norm_error,23,1.3777781192198737,0.5690713725474779,-0.8304304575445709,kivi,relative_L2,k_stored,12,pending_history,p95,12,0,0
stored_norm_error,23,2.7246899065014434,1.3603861120674967,-1.113460609755132,kivi,relative_L2,k_stored,12,pending_history,p99,12,0,0
stored_norm_error,23,1.2970851332647726,0.5179692904639523,-0.6774784865992842,kivi,relative_norm_error,k_stored,12,pending_history,max,12,0,0
stored_norm_error,23,0.12982694414737786,0.04576357203740125,-0.08777262735707976,kivi,relative_norm_error,k_stored,12,pending_history,mean,12,0,0
stored_norm_error,23,0.0959946474613389,0.03264848921389785,-0.06315819014707813,kivi,relative_norm_error,k_stored,12,pending_history,p50,12,0,0
stored_norm_error,23,0.25034582683729245,0.09192368774820352,-0.16573973726481203,kivi,relative_norm_error,k_stored,12,pending_history,p90,12,0,0
stored_norm_error,23,0.3240073050361387,0.12075682809445423,-0.21045337247378468,kivi,relative_norm_error,k_stored,12,pending_history,p95,12,0,0
stored_norm_error,23,0.6437140491137685,0.3079413824362552,-0.4070202686257834,kivi,relative_norm_error,k_stored,12,pending_history,p99,12,0,0
stored_norm_error,23,1.2987722412217408,0.492220184445614,-0.6922422911084141,kivi,signed_norm_drift,k_stored,12,pending_history,max,12,0,0
stored_norm_error,23,0.025417242643114978,0.022301615835183163,-0.006219305933016776,kivi,signed_norm_drift,k_stored,12,pending_history,mean,6,6,0
stored_norm_error,23,0.015281600132027506,0.01784085712423078,0.002518495738243587,kivi,signed_norm_drift,k_stored,12,pending_history,p50,6,6,0
stored_norm_error,23,0.18978550409665335,0.07556329859544353,-0.11838768362213159,kivi,signed_norm_drift,k_stored,12,pending_history,p90,12,0,0
stored_norm_error,23,0.2656637374439015,0.1065324410672474,-0.16057830787212884,kivi,signed_norm_drift,k_stored,12,pending_history,p95,12,0,0
stored_norm_error,23,0.6313818464769423,0.25120146371918917,-0.4382575487730351,kivi,signed_norm_drift,k_stored,12,pending_history,p99,12,0,0
stored_norm_error,23,1.1184934040356893,0.5944575897738105,-0.4691068996908143,kivi,abs_log_norm_ratio,k_stored,12,recent,max,12,0,0
stored_norm_error,23,0.12473291229994798,0.04415360528580435,-0.07909333457182488,kivi,abs_log_norm_ratio,k_stored,12,recent,mean,12,0,0
stored_norm_error,23,0.09199238609835447,0.03138504068010661,-0.061845061092753895,kivi,abs_log_norm_ratio,k_stored,12,recent,p50,12,0,0
stored_norm_error,23,0.25918110240236275,0.08815160314334208,-0.1635934503749013,kivi,abs_log_norm_ratio,k_stored,12,recent,p90,12,0,0
stored_norm_error,23,0.34599498195493633,0.12229750293809033,-0.21173133055126522,kivi,abs_log_norm_ratio,k_stored,12,recent,p95,12,0,0
stored_norm_error,23,0.6407758352073138,0.2597017753515681,-0.40793733042402847,kivi,abs_log_norm_ratio,k_stored,12,recent,p99,12,0,0
stored_norm_error,23,1.514963522553444,0.66620172560215,-0.620256245136261,kivi,direction_error,k_stored,12,recent,max,12,0,0
stored_norm_error,23,0.10061108297668397,0.017785445335903205,-0.07995926772127859,kivi,direction_error,k_stored,12,recent,mean,12,0,0
stored_norm_error,23,0.07202935218811035,0.00901874154806137,-0.06272231787443161,kivi,direction_error,k_stored,12,recent,p50,12,0,0
stored_norm_error,23,0.1477986320853234,0.026607263088226325,-0.12006117999553688,kivi,direction_error,k_stored,12,recent,p90,12,0,0
stored_norm_error,23,0.2447171516716477,0.05424550026655185,-0.1861164361238477,kivi,direction_error,k_stored,12,recent,p95,12,0,0
stored_norm_error,23,0.7419905817508692,0.20018349528312673,-0.5125452685356136,kivi,direction_error,k_stored,12,recent,p99,12,0,0
stored_norm_error,23,1.2682062983512878,0.6194583475589752,-0.5426762700080872,kivi,norm_ratio,k_stored,12,recent,max,12,0,0
stored_norm_error,23,0.016083523179986514,0.020330798623035662,0.009546084809699096,kivi,norm_ratio,k_stored,12,recent,mean,4,8,0
stored_norm_error,23,0.003640279173851013,0.016034699976444244,0.012509860098361969,kivi,norm_ratio,k_stored,12,recent,p50,3,9,0
stored_norm_error,23,0.18522078394889824,0.0783033758401871,-0.09959194660186788,kivi,norm_ratio,k_stored,12,recent,p90,12,0,0
stored_norm_error,23,0.27708586454391465,0.10787857472896589,-0.16927801668643938,kivi,norm_ratio,k_stored,12,recent,p95,12,0,0
stored_norm_error,23,0.6311030706763261,0.2649609562754631,-0.4098165568709369,kivi,norm_ratio,k_stored,12,recent,p99,12,0,0
stored_norm_error,23,3.6791615138645284,2.254606213187799,-1.3618472514208406,kivi,relative_L2,k_stored,12,recent,max,12,0,0
stored_norm_error,23,0.8544450304612496,0.30455504398759103,-0.5171378317924109,kivi,relative_L2,k_stored,12,recent,mean,12,0,0
stored_norm_error,23,0.7626051365150488,0.26752643477811944,-0.49404028797289357,kivi,relative_L2,k_stored,12,recent,p50,12,0,0
stored_norm_error,23,1.1599428525427355,0.4658748294896214,-0.7036377026932317,kivi,relative_L2,k_stored,12,recent,p90,12,0,0
stored_norm_error,23,1.4800966260721895,0.6732000433345089,-0.8084351879719172,kivi,relative_L2,k_stored,12,recent,p95,12,0,0
stored_norm_error,23,2.6488713507470667,1.237685931025771,-1.254503780573141,kivi,relative_L2,k_stored,12,recent,p99,12,0,0
stored_norm_error,23,1.266782883554697,0.6210080063610803,-0.543728597171139,kivi,relative_norm_error,k_stored,12,recent,max,12,0,0
stored_norm_error,23,0.12577387842863397,0.04488510799428416,-0.07982052090849098,kivi,relative_norm_error,k_stored,12,recent,mean,12,0,0
stored_norm_error,23,0.09204212166241632,0.03145396940817591,-0.06192976864622324,kivi,relative_norm_error,k_stored,12,recent,p50,12,0,0
stored_norm_error,23,0.2592043200267654,0.08906576061490343,-0.16230189388297733,kivi,relative_norm_error,k_stored,12,recent,p90,12,0,0
stored_norm_error,23,0.34296035158986327,0.12278926476064941,-0.21440607182375976,kivi,relative_norm_error,k_stored,12,recent,p95,12,0,0
stored_norm_error,23,0.6694705652282569,0.2716097405704928,-0.4340709097645592,kivi,relative_norm_error,k_stored,12,recent,p99,12,0,0
stored_norm_error,23,1.26820631272858,0.6194583964388585,-0.5426763299037702,kivi,signed_norm_drift,k_stored,12,recent,max,12,0,0
stored_norm_error,23,0.016083524022087,0.02033079959144154,0.009546082226183448,kivi,signed_norm_drift,k_stored,12,recent,mean,4,8,0
stored_norm_error,23,0.0036401981283518126,0.016034732931558437,0.012509913861798339,kivi,signed_norm_drift,k_stored,12,recent,p50,3,9,0
stored_norm_error,23,0.1852208133823297,0.07830336711158453,-0.09959193310351114,kivi,signed_norm_drift,k_stored,12,recent,p90,12,0,0
stored_norm_error,23,0.2770859340544118,0.10787840132325058,-0.1692781080782877,kivi,signed_norm_drift,k_stored,12,recent,p95,12,0,0
stored_norm_error,23,0.6311030286690213,0.2649608329302281,-0.4098165828204943,kivi,signed_norm_drift,k_stored,12,recent,p99,12,0,0
source_state_norm_drift,23,1.358069622219773,0.8465914656117093,-0.5189914481597953,kivi,abs_log_norm_ratio,q_source,12,all_tokens,max,11,1,0
source_state_norm_drift,23,0.09107032834754884,0.03551936219454055,-0.05570158789443474,kivi,abs_log_norm_ratio,q_source,12,all_tokens,mean,12,0,0
source_state_norm_drift,23,0.05728661098237353,0.02165626836995216,-0.0361191162137402,kivi,abs_log_norm_ratio,q_source,12,all_tokens,p50,12,0,0
source_state_norm_drift,23,0.2201492299769598,0.08361475915953634,-0.14057827087235636,kivi,abs_log_norm_ratio,q_source,12,all_tokens,p90,12,0,0
source_state_norm_drift,23,0.2805622625182877,0.11027734803246857,-0.16961223276448434,kivi,abs_log_norm_ratio,q_source,12,all_tokens,p95,12,0,0
source_state_norm_drift,23,0.4393892500508809,0.18631311922305027,-0.2492559060588247,kivi,abs_log_norm_ratio,q_source,12,all_tokens,p99,12,0,0
source_state_norm_drift,23,1.746565654873848,1.290036752820015,-0.4765196889638901,kivi,direction_error,q_source,12,all_tokens,max,12,0,0
source_state_norm_drift,23,0.08128264866659096,0.014258865264082985,-0.06692113228706245,kivi,direction_error,q_source,12,all_tokens,mean,12,0,0
source_state_norm_drift,23,0.06357517093420029,0.006551414728164673,-0.057537905871868134,kivi,direction_error,q_source,12,all_tokens,p50,12,0,0
source_state_norm_drift,23,0.15114779472351075,0.02782969772815705,-0.12144263684749601,kivi,direction_error,q_source,12,all_tokens,p90,12,0,0
source_state_norm_drift,23,0.2096945606172085,0.04587245061993597,-0.16219697818160062,kivi,direction_error,q_source,12,all_tokens,p95,12,0,0
source_state_norm_drift,23,0.5711881716549396,0.13572310552001005,-0.4354650661349295,kivi,direction_error,q_source,12,all_tokens,p99,12,0,0
source_state_norm_drift,23,1.5637806355953217,0.9091417193412781,-0.705674797296524,kivi,norm_ratio,q_source,12,all_tokens,max,12,0,0
source_state_norm_drift,23,0.06858386972808544,0.02844094710387171,-0.038966485136715245,kivi,norm_ratio,q_source,12,all_tokens,mean,12,0,0
source_state_norm_drift,23,0.03187641501426697,0.01750752329826355,-0.014368891716003418,kivi,norm_ratio,q_source,12,all_tokens,p50,10,2,0
source_state_norm_drift,23,0.22014011144638085,0.08095721602439887,-0.14108001291751876,kivi,norm_ratio,q_source,12,all_tokens,p90,12,0,0
source_state_norm_drift,23,0.27649545520544033,0.10752937495708487,-0.1741814330220221,kivi,norm_ratio,q_source,12,all_tokens,p95,12,0,0
source_state_norm_drift,23,0.448588108420372,0.18142972767353072,-0.25908257305622084,kivi,norm_ratio,q_source,12,all_tokens,p99,12,0,0
source_state_norm_drift,23,4.111089273006655,3.2007241756655276,-0.8428324544802308,kivi,relative_L2,q_source,12,all_tokens,max,12,0,0
source_state_norm_drift,23,0.6691771492534888,0.2392187636492809,-0.4242403115718284,kivi,relative_L2,q_source,12,all_tokens,mean,12,0,0
source_state_norm_drift,23,0.7255333578359568,0.22213628636382055,-0.5050932984449901,kivi,relative_L2,q_source,12,all_tokens,p50,12,0,0
source_state_norm_drift,23,1.124859029389336,0.4737246883276384,-0.6303054082789459,kivi,relative_L2,q_source,12,all_tokens,p90,12,0,0
source_state_norm_drift,23,1.3209384953122933,0.6095441845216554,-0.7108116161864018,kivi,relative_L2,q_source,12,all_tokens,p95,12,0,0
source_state_norm_drift,23,2.2198286178114324,1.0417101788747833,-1.169897345757925,kivi,relative_L2,q_source,12,all_tokens,p99,12,0,0
source_state_norm_drift,23,1.5646064399916213,0.9386587155458983,-0.7015517053077929,kivi,relative_norm_error,q_source,12,all_tokens,max,12,0,0
source_state_norm_drift,23,0.09287214881476018,0.03588022979482104,-0.0571945572686367,kivi,relative_norm_error,q_source,12,all_tokens,mean,12,0,0
source_state_norm_drift,23,0.05746038603319903,0.021716304155233956,-0.036292570335717755,kivi,relative_norm_error,q_source,12,all_tokens,p50,12,0,0
source_state_norm_drift,23,0.22497509704844565,0.08442389952397208,-0.145043999554764,kivi,relative_norm_error,q_source,12,all_tokens,p90,12,0,0
source_state_norm_drift,23,0.28856391490407973,0.11165711587236728,-0.1767345957727229,kivi,relative_norm_error,q_source,12,all_tokens,p95,12,0,0
source_state_norm_drift,23,0.45977206913928914,0.19002572367506215,-0.2621443277085199,kivi,relative_norm_error,q_source,12,all_tokens,p99,12,0,0
source_state_norm_drift,23,1.5637805846636184,0.909141670781537,-0.7056746583839413,kivi,signed_norm_drift,q_source,12,all_tokens,max,12,0,0
source_state_norm_drift,23,0.06858386893007665,0.02844094686276135,-0.03896648414762176,kivi,signed_norm_drift,q_source,12,all_tokens,mean,12,0,0
source_state_norm_drift,23,0.0318765170693851,0.017507596786721535,-0.014368920282663566,kivi,signed_norm_drift,q_source,12,all_tokens,p50,10,2,0
source_state_norm_drift,23,0.22014000570416103,0.08095714640512598,-0.14108001217828134,kivi,signed_norm_drift,q_source,12,all_tokens,p90,12,0,0
source_state_norm_drift,23,0.27649542614926753,0.1075292870769772,-0.17418160903616797,kivi,signed_norm_drift,q_source,12,all_tokens,p95,12,0,0
source_state_norm_drift,23,0.4485880761065347,0.18142974259040784,-0.2590825715457322,kivi,signed_norm_drift,q_source,12,all_tokens,p99,12,0,0
source_state_norm_drift,23,2.35657020934741,1.6963126976625063,-0.7716178913833573,kivi,abs_log_norm_ratio,v_source,12,all_tokens,max,12,0,0
source_state_norm_drift,23,0.12530822889424598,0.04338066271233153,-0.07968474697042705,kivi,abs_log_norm_ratio,v_source,12,all_tokens,mean,12,0,0
source_state_norm_drift,23,0.07451013069112378,0.021663961824742728,-0.05250339306076057,kivi,abs_log_norm_ratio,v_source,12,all_tokens,p50,12,0,0
source_state_norm_drift,23,0.30843573270612984,0.10478224972466708,-0.19678499338479016,kivi,abs_log_norm_ratio,v_source,12,all_tokens,p90,12,0,0
source_state_norm_drift,23,0.40609877873430367,0.14794370846720992,-0.24813882931775877,kivi,abs_log_norm_ratio,v_source,12,all_tokens,p95,12,0,0
source_state_norm_drift,23,0.6863856068438323,0.3010660301192545,-0.3751691666917748,kivi,abs_log_norm_ratio,v_source,12,all_tokens,p99,12,0,0
source_state_norm_drift,23,4.157439813017845,3.271140605211258,-0.7358700335025787,kivi,direction_error,v_source,12,all_tokens,max,12,0,0
source_state_norm_drift,23,0.3314882765294883,0.058038559664046335,-0.2724217726008771,kivi,direction_error,v_source,12,all_tokens,mean,12,0,0
source_state_norm_drift,23,0.24962273985147476,0.02501475065946579,-0.22322220355272293,kivi,direction_error,v_source,12,all_tokens,p50,12,0,0
source_state_norm_drift,23,0.6189901724457741,0.10718265026807791,-0.5077300965785981,kivi,direction_error,v_source,12,all_tokens,p90,12,0,0
source_state_norm_drift,23,0.9168634377419946,0.17868121713399882,-0.7262860104441642,kivi,direction_error,v_source,12,all_tokens,p95,12,0,0
source_state_norm_drift,23,2.516246171444653,0.6870902732014668,-1.726604520231485,kivi,direction_error,v_source,12,all_tokens,p99,12,0,0
source_state_norm_drift,23,3.094098150730133,2.126108705997467,-1.1853018999099731,kivi,norm_ratio,v_source,12,all_tokens,max,12,0,0
source_state_norm_drift,23,0.025881237513256244,0.002747149237161295,-0.02332017339974568,kivi,norm_ratio,v_source,12,all_tokens,mean,11,1,0
source_state_norm_drift,23,0.00046431273221969604,6.561726331710815e-05,-0.00042306631803512573,kivi,norm_ratio,v_source,12,all_tokens,p50,10,2,0
source_state_norm_drift,23,0.2491975843906405,0.07232845127582566,-0.180666044354439,kivi,norm_ratio,v_source,12,all_tokens,p90,12,0,0
source_state_norm_drift,23,0.3592785000801083,0.10868223905563373,-0.24886625558137887,kivi,norm_ratio,v_source,12,all_tokens,p95,12,0,0
source_state_norm_drift,23,0.6641290953755373,0.24325643628835647,-0.39635427027940723,kivi,norm_ratio,v_source,12,all_tokens,p99,12,0,0
source_state_norm_drift,23,7.0648325947113335,5.4525268860161304,-1.4812070247717202,kivi,relative_L2,v_source,12,all_tokens,max,12,0,0
source_state_norm_drift,23,1.3210463275219233,0.46810839187711206,-0.8394992863220486,kivi,relative_L2,v_source,12,all_tokens,mean,12,0,0
source_state_norm_drift,23,1.4047177362954244,0.42616060556611046,-0.9929336080094799,kivi,relative_L2,v_source,12,all_tokens,p50,12,0,0
source_state_norm_drift,23,2.2437068796600217,0.9106860230735039,-1.2767370157060212,kivi,relative_L2,v_source,12,all_tokens,p90,12,0,0
source_state_norm_drift,23,2.7422112564556294,1.18781306615856,-1.5322258849395427,kivi,relative_L2,v_source,12,all_tokens,p95,12,0,0
source_state_norm_drift,23,4.540416578181317,2.2970632205775505,-2.0789998155343374,kivi,relative_L2,v_source,12,all_tokens,p99,12,0,0
source_state_norm_drift,23,3.0904280980466865,2.1262495363189373,-1.032600684906356,kivi,relative_norm_error,v_source,12,all_tokens,max,12,0,0
source_state_norm_drift,23,0.12696108253690788,0.04347587169390679,-0.08117373823378454,kivi,relative_norm_error,v_source,12,all_tokens,mean,12,0,0
source_state_norm_drift,23,0.07455323282738391,0.021669286552423728,-0.052498536515486194,kivi,relative_norm_error,v_source,12,all_tokens,p50,12,0,0
source_state_norm_drift,23,0.3112684649400762,0.10473096950372567,-0.2002876981408917,kivi,relative_norm_error,v_source,12,all_tokens,p90,12,0,0
source_state_norm_drift,23,0.41493929886491976,0.1480354216022533,-0.25518714498612105,kivi,relative_norm_error,v_source,12,all_tokens,p95,12,0,0
source_state_norm_drift,23,0.7154056872556982,0.30229610790382133,-0.39333705407887487,kivi,relative_norm_error,v_source,12,all_tokens,p99,12,0,0
source_state_norm_drift,23,3.0940982299798634,2.1261087239545304,-1.1853018562542275,kivi,signed_norm_drift,v_source,12,all_tokens,max,12,0,0
source_state_norm_drift,23,0.025881238843293713,0.0027471476556470377,-0.02332017431617759,kivi,signed_norm_drift,v_source,12,all_tokens,mean,11,1,0
source_state_norm_drift,23,0.00046438955145333694,6.560038366387744e-05,-0.00042313955742656617,kivi,signed_norm_drift,v_source,12,all_tokens,p50,10,2,0
source_state_norm_drift,23,0.24919756337258162,0.07232848327330431,-0.18066607237851717,kivi,signed_norm_drift,v_source,12,all_tokens,p90,12,0,0
source_state_norm_drift,23,0.35927845410114956,0.10868225054437058,-0.24886634332870006,kivi,signed_norm_drift,v_source,12,all_tokens,p95,12,0,0
source_state_norm_drift,23,0.6641290567124085,0.24325653266918357,-0.39635430230380697,kivi,signed_norm_drift,v_source,12,all_tokens,p99,12,0,0
representation_norm_error,23,-1.1593103408813477e-05,0.0004885047674179077,0.0005000978708267212,kivi,abs_log_norm_ratio,v_stored,1,packed_history,max,0,1,0
representation_norm_error,23,0.001347685016637401,0.0004485437396941627,-0.0008991412769432383,kivi,abs_log_norm_ratio,v_stored,1,packed_history,mean,1,0,0
representation_norm_error,23,0.0027789250016212463,9.176135063171387e-05,-0.0026871636509895325,kivi,abs_log_norm_ratio,v_stored,1,packed_history,p50,1,0,0
representation_norm_error,23,0.0028511099517345984,5.1113963127083495e-05,-0.002799995988607515,kivi,abs_log_norm_ratio,v_stored,1,packed_history,p90,1,0,0
representation_norm_error,23,-0.001270397007465382,0.0027163684368132907,0.003986765444278673,kivi,abs_log_norm_ratio,v_stored,1,packed_history,p95,0,1,0
representation_norm_error,23,0.007629356309771337,-0.006365807503461926,-0.013995163813233263,kivi,abs_log_norm_ratio,v_stored,1,packed_history,p99,1,0,0
representation_norm_error,23,0.001204460859298706,0.013352245092391968,0.012147784233093262,kivi,direction_error,v_stored,1,packed_history,max,0,1,0
representation_norm_error,23,0.002632833193274564,-0.0006623108865824179,-0.003295144079856982,kivi,direction_error,v_stored,1,packed_history,mean,1,0,0
representation_norm_error,23,0.0026322007179260254,0.0003475099802017212,-0.002284690737724304,kivi,direction_error,v_stored,1,packed_history,p50,1,0,0
representation_norm_error,23,0.006341645121574466,-0.00035295486450197255,-0.006694599986076438,kivi,direction_error,v_stored,1,packed_history,p90,1,0,0
representation_norm_error,23,0.01357318460941305,-0.002265085279941459,-0.01583826988935451,kivi,direction_error,v_stored,1,packed_history,p95,1,0,0
representation_norm_error,23,0.029065878689289434,0.0026401197910309454,-0.02642575889825849,kivi,direction_error,v_stored,1,packed_history,p99,1,0,0
representation_norm_error,23,-2.467632293701172e-05,0.0007773041725158691,0.0008019804954528809,kivi,norm_ratio,v_stored,1,packed_history,max,0,1,0
representation_norm_error,23,0.0016005792786017992,0.000515972133143805,-0.0010846071454579942,kivi,norm_ratio,v_stored,1,packed_history,mean,1,0,0
representation_norm_error,23,0.0031343698501586914,0.00010386109352111816,-0.0030305087566375732,kivi,norm_ratio,v_stored,1,packed_history,p50,1,0,0
representation_norm_error,23,0.0033925533294678623,5.9878826141224195e-05,-0.003332674503326638,kivi,norm_ratio,v_stored,1,packed_history,p90,1,0,0
representation_norm_error,23,-0.0015402972698210782,0.0032866418361658933,0.0048269391059869715,kivi,norm_ratio,v_stored,1,packed_history,p95,0,1,0
representation_norm_error,23,0.009669513106345784,-0.008023951649666072,-0.017693464756011856,kivi,norm_ratio,v_stored,1,packed_history,p99,1,0,0
representation_norm_error,23,-0.0011072754859924316,0.0003954172134399414,0.001502692699432373,kivi,relative_L2,v_stored,1,packed_history,max,0,1,0
representation_norm_error,23,0.005943944386672229,-0.001228580378665356,-0.0071725247653375845,kivi,relative_L2,v_stored,1,packed_history,mean,1,0,0
representation_norm_error,23,0.003513246774673462,-0.0017452538013458252,-0.005258500576019287,kivi,relative_L2,v_stored,1,packed_history,p50,1,0,0
representation_norm_error,23,0.01314457654952983,-0.0033351302146912287,-0.016479706764221058,kivi,relative_L2,v_stored,1,packed_history,p90,1,0,0
representation_norm_error,23,0.0176645070314409,-0.00019232630729698608,-0.017856833338737887,kivi,relative_L2,v_stored,1,packed_history,p95,1,0,0
representation_norm_error,23,0.034617849588394534,0.0028674578666683104,-0.03175039172172622,kivi,relative_L2,v_stored,1,packed_history,p99,1,0,0
representation_norm_error,23,-2.5272369384765625e-05,0.0007776021957397461,0.0008028745651245117,kivi,relative_norm_error,v_stored,1,packed_history,max,0,1,0
representation_norm_error,23,0.0015712744738601847,0.0004991051928924239,-0.0010721692809677608,kivi,relative_norm_error,v_stored,1,packed_history,mean,1,0,0
representation_norm_error,23,0.0031343400478363037,0.0001038089394569397,-0.003030531108379364,kivi,relative_norm_error,v_stored,1,packed_history,p50,1,0,0
representation_norm_error,23,0.00339265614748005,5.971863865848748e-05,-0.0033329375088215624,kivi,relative_norm_error,v_stored,1,packed_history,p90,1,0,0
representation_norm_error,23,-0.00154038295149804,0.0032866615802049914,0.004827044531703031,kivi,relative_norm_error,v_stored,1,packed_history,p95,0,1,0
representation_norm_error,23,0.009669597595929863,-0.008023903667926824,-0.017693501263856687,kivi,relative_norm_error,v_stored,1,packed_history,p99,1,0,0
representation_norm_error,23,-2.5272369384765625e-05,0.0007776021957397461,0.0008028745651245117,kivi,signed_norm_drift,v_stored,1,packed_history,max,0,1,0
representation_norm_error,23,0.001600576712546542,0.0005159668116523353,-0.0010846099008942067,kivi,signed_norm_drift,v_stored,1,packed_history,mean,1,0,0
representation_norm_error,23,0.0031343400478363037,0.0001038089394569397,-0.003030531108379364,kivi,signed_norm_drift,v_stored,1,packed_history,p50,1,0,0
representation_norm_error,23,0.00339265614748005,5.971863865848748e-05,-0.0033329375088215624,kivi,signed_norm_drift,v_stored,1,packed_history,p90,1,0,0
representation_norm_error,23,-0.00154038295149804,0.0032866615802049914,0.004827044531703031,kivi,signed_norm_drift,v_stored,1,packed_history,p95,0,1,0
representation_norm_error,23,0.009669597595929863,-0.008023903667926824,-0.017693501263856687,kivi,signed_norm_drift,v_stored,1,packed_history,p99,1,0,0
representation_norm_error,23,0.0,0.0,0.0,kivi,abs_log_norm_ratio,v_stored,12,pending_history,max,0,0,12
representation_norm_error,23,0.0,0.0,0.0,kivi,abs_log_norm_ratio,v_stored,12,pending_history,mean,0,0,12
representation_norm_error,23,0.0,0.0,0.0,kivi,abs_log_norm_ratio,v_stored,12,pending_history,p50,0,0,12
representation_norm_error,23,0.0,0.0,0.0,kivi,abs_log_norm_ratio,v_stored,12,pending_history,p90,0,0,12
representation_norm_error,23,0.0,0.0,0.0,kivi,abs_log_norm_ratio,v_stored,12,pending_history,p95,0,0,12
representation_norm_error,23,0.0,0.0,0.0,kivi,abs_log_norm_ratio,v_stored,12,pending_history,p99,0,0,12
representation_norm_error,23,-7.450580596923828e-08,-5.960464477539063e-08,5.960464477539063e-08,kivi,direction_error,v_stored,12,pending_history,max,4,7,1
representation_norm_error,23,-1.3989738674245329e-09,-3.4282967546592044e-09,-1.7226132893444793e-09,kivi,direction_error,v_stored,12,pending_history,mean,6,6,0
representation_norm_error,23,0.0,0.0,0.0,kivi,direction_error,v_stored,12,pending_history,p50,0,0,12
representation_norm_error,23,0.0,0.0,1.1920928955079141e-08,kivi,direction_error,v_stored,12,pending_history,p90,5,6,1
representation_norm_error,23,0.0,0.0,0.0,kivi,direction_error,v_stored,12,pending_history,p95,0,0,12
representation_norm_error,23,0.0,0.0,-1.922249794006378e-08,kivi,direction_error,v_stored,12,pending_history,p99,6,4,2
representation_norm_error,23,0.0,0.0,0.0,kivi,norm_ratio,v_stored,12,pending_history,max,0,0,12
representation_norm_error,23,0.0,0.0,0.0,kivi,norm_ratio,v_stored,12,pending_history,mean,0,0,12
representation_norm_error,23,0.0,0.0,0.0,kivi,norm_ratio,v_stored,12,pending_history,p50,0,0,12
representation_norm_error,23,0.0,0.0,0.0,kivi,norm_ratio,v_stored,12,pending_history,p90,0,0,12
representation_norm_error,23,0.0,0.0,0.0,kivi,norm_ratio,v_stored,12,pending_history,p95,0,0,12
representation_norm_error,23,0.0,0.0,0.0,kivi,norm_ratio,v_stored,12,pending_history,p99,0,0,12
representation_norm_error,23,0.0,0.0,0.0,kivi,relative_L2,v_stored,12,pending_history,max,0,0,12
representation_norm_error,23,0.0,0.0,0.0,kivi,relative_L2,v_stored,12,pending_history,mean,0,0,12
representation_norm_error,23,0.0,0.0,0.0,kivi,relative_L2,v_stored,12,pending_history,p50,0,0,12
representation_norm_error,23,0.0,0.0,0.0,kivi,relative_L2,v_stored,12,pending_history,p90,0,0,12
representation_norm_error,23,0.0,0.0,0.0,kivi,relative_L2,v_stored,12,pending_history,p95,0,0,12
representation_norm_error,23,0.0,0.0,0.0,kivi,relative_L2,v_stored,12,pending_history,p99,0,0,12
representation_norm_error,23,0.0,0.0,0.0,kivi,relative_norm_error,v_stored,12,pending_history,max,0,0,12
representation_norm_error,23,0.0,0.0,0.0,kivi,relative_norm_error,v_stored,12,pending_history,mean,0,0,12
representation_norm_error,23,0.0,0.0,0.0,kivi,relative_norm_error,v_stored,12,pending_history,p50,0,0,12
representation_norm_error,23,0.0,0.0,0.0,kivi,relative_norm_error,v_stored,12,pending_history,p90,0,0,12
representation_norm_error,23,0.0,0.0,0.0,kivi,relative_norm_error,v_stored,12,pending_history,p95,0,0,12
representation_norm_error,23,0.0,0.0,0.0,kivi,relative_norm_error,v_stored,12,pending_history,p99,0,0,12
representation_norm_error,23,0.0,0.0,0.0,kivi,signed_norm_drift,v_stored,12,pending_history,max,0,0,12
representation_norm_error,23,0.0,0.0,0.0,kivi,signed_norm_drift,v_stored,12,pending_history,mean,0,0,12
representation_norm_error,23,0.0,0.0,0.0,kivi,signed_norm_drift,v_stored,12,pending_history,p50,0,0,12
representation_norm_error,23,0.0,0.0,0.0,kivi,signed_norm_drift,v_stored,12,pending_history,p90,0,0,12
representation_norm_error,23,0.0,0.0,0.0,kivi,signed_norm_drift,v_stored,12,pending_history,p95,0,0,12
representation_norm_error,23,0.0,0.0,0.0,kivi,signed_norm_drift,v_stored,12,pending_history,p99,0,0,12
representation_norm_error,23,0.0,0.0,0.0,kivi,abs_log_norm_ratio,v_stored,12,recent,max,0,0,12
representation_norm_error,23,0.0,0.0,0.0,kivi,abs_log_norm_ratio,v_stored,12,recent,mean,0,0,12
representation_norm_error,23,0.0,0.0,0.0,kivi,abs_log_norm_ratio,v_stored,12,recent,p50,0,0,12
representation_norm_error,23,0.0,0.0,0.0,kivi,abs_log_norm_ratio,v_stored,12,recent,p90,0,0,12
representation_norm_error,23,0.0,0.0,0.0,kivi,abs_log_norm_ratio,v_stored,12,recent,p95,0,0,12
representation_norm_error,23,0.0,0.0,0.0,kivi,abs_log_norm_ratio,v_stored,12,recent,p99,0,0,12
representation_norm_error,23,7.450580596923828e-08,-1.4901161193847656e-08,-8.940696716308594e-08,kivi,direction_error,v_stored,12,recent,max,9,3,0
representation_norm_error,23,2.066371962428093e-09,4.540197551250458e-09,1.57160684466362e-09,kivi,direction_error,v_stored,12,recent,mean,5,7,0
representation_norm_error,23,0.0,0.0,0.0,kivi,direction_error,v_stored,12,recent,p50,0,0,12
representation_norm_error,23,8.940696716307238e-09,0.0,0.0,kivi,direction_error,v_stored,12,recent,p90,2,3,7
representation_norm_error,23,0.0,0.0,0.0,kivi,direction_error,v_stored,12,recent,p95,0,0,12
representation_norm_error,23,0.0,0.0,0.0,kivi,direction_error,v_stored,12,recent,p99,1,4,7
representation_norm_error,23,0.0,0.0,0.0,kivi,norm_ratio,v_stored,12,recent,max,0,0,12
representation_norm_error,23,0.0,0.0,0.0,kivi,norm_ratio,v_stored,12,recent,mean,0,0,12
representation_norm_error,23,0.0,0.0,0.0,kivi,norm_ratio,v_stored,12,recent,p50,0,0,12
representation_norm_error,23,0.0,0.0,0.0,kivi,norm_ratio,v_stored,12,recent,p90,0,0,12
representation_norm_error,23,0.0,0.0,0.0,kivi,norm_ratio,v_stored,12,recent,p95,0,0,12
representation_norm_error,23,0.0,0.0,0.0,kivi,norm_ratio,v_stored,12,recent,p99,0,0,12
representation_norm_error,23,0.0,0.0,0.0,kivi,relative_L2,v_stored,12,recent,max,0,0,12
representation_norm_error,23,0.0,0.0,0.0,kivi,relative_L2,v_stored,12,recent,mean,0,0,12
representation_norm_error,23,0.0,0.0,0.0,kivi,relative_L2,v_stored,12,recent,p50,0,0,12
representation_norm_error,23,0.0,0.0,0.0,kivi,relative_L2,v_stored,12,recent,p90,0,0,12
representation_norm_error,23,0.0,0.0,0.0,kivi,relative_L2,v_stored,12,recent,p95,0,0,12
representation_norm_error,23,0.0,0.0,0.0,kivi,relative_L2,v_stored,12,recent,p99,0,0,12
representation_norm_error,23,0.0,0.0,0.0,kivi,relative_norm_error,v_stored,12,recent,max,0,0,12
representation_norm_error,23,0.0,0.0,0.0,kivi,relative_norm_error,v_stored,12,recent,mean,0,0,12
representation_norm_error,23,0.0,0.0,0.0,kivi,relative_norm_error,v_stored,12,recent,p50,0,0,12
representation_norm_error,23,0.0,0.0,0.0,kivi,relative_norm_error,v_stored,12,recent,p90,0,0,12
representation_norm_error,23,0.0,0.0,0.0,kivi,relative_norm_error,v_stored,12,recent,p95,0,0,12
representation_norm_error,23,0.0,0.0,0.0,kivi,relative_norm_error,v_stored,12,recent,p99,0,0,12
representation_norm_error,23,0.0,0.0,0.0,kivi,signed_norm_drift,v_stored,12,recent,max,0,0,12
representation_norm_error,23,0.0,0.0,0.0,kivi,signed_norm_drift,v_stored,12,recent,mean,0,0,12
representation_norm_error,23,0.0,0.0,0.0,kivi,signed_norm_drift,v_stored,12,recent,p50,0,0,12
representation_norm_error,23,0.0,0.0,0.0,kivi,signed_norm_drift,v_stored,12,recent,p90,0,0,12
representation_norm_error,23,0.0,0.0,0.0,kivi,signed_norm_drift,v_stored,12,recent,p95,0,0,12
representation_norm_error,23,0.0,0.0,0.0,kivi,signed_norm_drift,v_stored,12,recent,p99,0,0,12
stored_norm_error,23,0.0619107186794281,0.3809760808944702,0.3190653622150421,kivi,abs_log_norm_ratio,v_stored,1,packed_history,max,0,1,0
stored_norm_error,23,0.023900286630634954,0.004801191546771166,-0.019099095083863787,kivi,abs_log_norm_ratio,v_stored,1,packed_history,mean,1,0,0
stored_norm_error,23,0.014522498473525047,0.004084296524524689,-0.010438201949000359,kivi,abs_log_norm_ratio,v_stored,1,packed_history,p50,1,0,0
stored_norm_error,23,0.1174337983131409,0.02956207320094105,-0.08787172511219984,kivi,abs_log_norm_ratio,v_stored,1,packed_history,p90,1,0,0
stored_norm_error,23,0.16433603651821596,0.041390189900994204,-0.12294584661722176,kivi,abs_log_norm_ratio,v_stored,1,packed_history,p95,1,0,0
stored_norm_error,23,0.28017916269600346,0.09494712442159657,-0.18523203827440687,kivi,abs_log_norm_ratio,v_stored,1,packed_history,p99,1,0,0
stored_norm_error,23,2.4606643617153168,1.9303032755851746,-0.5303610861301422,kivi,direction_error,v_stored,1,packed_history,max,1,0,0
stored_norm_error,23,0.30267524512328237,0.06978421603434981,-0.23289102908893256,kivi,direction_error,v_stored,1,packed_history,mean,1,0,0
stored_norm_error,23,0.22711029648780823,0.046796560287475586,-0.18031373620033264,kivi,direction_error,v_stored,1,packed_history,p50,1,0,0
stored_norm_error,23,0.5137968420982363,0.10371046066284179,-0.4100863814353945,kivi,direction_error,v_stored,1,packed_history,p90,1,0,0
stored_norm_error,23,0.7675018370151514,0.15085933059453965,-0.6166425064206118,kivi,direction_error,v_stored,1,packed_history,p95,1,0,0
stored_norm_error,23,2.027581237256527,0.7090439382195477,-1.3185372990369792,kivi,direction_error,v_stored,1,packed_history,p99,1,0,0
stored_norm_error,23,0.13352537155151367,0.6494875550270081,0.5159621834754944,kivi,norm_ratio,v_stored,1,packed_history,max,0,1,0
stored_norm_error,23,0.024402254526648903,0.005135295196851075,-0.019266959329797828,kivi,norm_ratio,v_stored,1,packed_history,mean,1,0,0
stored_norm_error,23,0.015479475259780884,0.004370748996734619,-0.011108726263046265,kivi,norm_ratio,v_stored,1,packed_history,p50,1,0,0
stored_norm_error,23,0.14118728041648898,0.03501169681549077,-0.10617558360099821,kivi,norm_ratio,v_stored,1,packed_history,p90,1,0,0
stored_norm_error,23,0.20185874700546236,0.0500915110111233,-0.15176723599433906,kivi,norm_ratio,v_stored,1,packed_history,p95,1,0,0
stored_norm_error,23,0.36350845158100054,0.12103215157985658,-0.24247630000114395,kivi,norm_ratio,v_stored,1,packed_history,p99,1,0,0
stored_norm_error,23,1.5468071103096008,1.7262832522392273,0.17947614192962646,kivi,relative_L2,v_stored,1,packed_history,max,0,1,0
stored_norm_error,23,0.5421670453092702,0.13658018047590303,-0.40558686483336714,kivi,relative_L2,v_stored,1,packed_history,mean,1,0,0
stored_norm_error,23,0.4742042124271393,0.10873837769031525,-0.36546583473682404,kivi,relative_L2,v_stored,1,packed_history,p50,1,0,0
stored_norm_error,23,0.8650834858417511,0.20445273220539084,-0.6606307536363603,kivi,relative_L2,v_stored,1,packed_history,p90,1,0,0
stored_norm_error,23,1.14849864244461,0.23380824476480488,-0.9146903976798051,kivi,relative_L2,v_stored,1,packed_history,p95,1,0,0
stored_norm_error,23,2.4050140410661722,1.0687469786405566,-1.3362670624256157,kivi,relative_L2,v_stored,1,packed_history,p99,1,0,0
stored_norm_error,23,0.13352489471435547,0.6494873464107513,0.5159624516963959,kivi,relative_norm_error,v_stored,1,packed_history,max,0,1,0
stored_norm_error,23,0.031310398262181904,0.006597760224474891,-0.024712638037707013,kivi,relative_norm_error,v_stored,1,packed_history,mean,1,0,0
stored_norm_error,23,0.01631888374686241,0.004589542746543884,-0.011729341000318527,kivi,relative_norm_error,v_stored,1,packed_history,p50,1,0,0
stored_norm_error,23,0.14166659787297262,0.035164616256952275,-0.10650198161602034,kivi,relative_norm_error,v_stored,1,packed_history,p90,1,0,0
stored_norm_error,23,0.20247331820428355,0.050091578066348855,-0.1523817401379347,kivi,relative_norm_error,v_stored,1,packed_history,p95,1,0,0
stored_norm_error,23,0.36568184897303485,0.12103193476796151,-0.24464991420507334,kivi,relative_norm_error,v_stored,1,packed_history,p99,1,0,0
stored_norm_error,23,0.13352489471435547,0.6494873464107513,0.5159624516963959,kivi,signed_norm_drift,v_stored,1,packed_history,max,0,1,0
stored_norm_error,23,0.02440225244492139,0.005135290067421083,-0.019266962377500307,kivi,signed_norm_drift,v_stored,1,packed_history,mean,1,0,0
stored_norm_error,23,0.015479270368814468,0.0043707191944122314,-0.011108551174402237,kivi,signed_norm_drift,v_stored,1,packed_history,p50,1,0,0
stored_norm_error,23,0.1411872237920762,0.0350115142762661,-0.10617570951581011,kivi,signed_norm_drift,v_stored,1,packed_history,p90,1,0,0
stored_norm_error,23,0.2018588479608296,0.050091578066348855,-0.15176726989448075,kivi,signed_norm_drift,v_stored,1,packed_history,p95,1,0,0
stored_norm_error,23,0.36350844755768696,0.12103193476796151,-0.24247651278972546,kivi,signed_norm_drift,v_stored,1,packed_history,p99,1,0,0
stored_norm_error,23,1.7426097035349812,0.8701298292144202,-0.7631179539603181,kivi,abs_log_norm_ratio,v_stored,12,pending_history,max,12,0,0
stored_norm_error,23,0.17436659022719103,0.062200491132966135,-0.11163132919300417,kivi,abs_log_norm_ratio,v_stored,12,pending_history,mean,12,0,0
stored_norm_error,23,0.1307993772716145,0.044472836823842954,-0.08951443463956821,kivi,abs_log_norm_ratio,v_stored,12,pending_history,p50,12,0,0
stored_norm_error,23,0.36127511126833267,0.12855124365669332,-0.23646064482163648,kivi,abs_log_norm_ratio,v_stored,12,pending_history,p90,12,0,0
stored_norm_error,23,0.45837279601910264,0.17299838965227538,-0.2897444417652877,kivi,abs_log_norm_ratio,v_stored,12,pending_history,p95,12,0,0
stored_norm_error,23,0.7988220924045882,0.3344074550201188,-0.43606207284363263,kivi,abs_log_norm_ratio,v_stored,12,pending_history,p99,12,0,0
stored_norm_error,23,3.3636533319950104,1.365959033370018,-1.6071499586105347,kivi,direction_error,v_stored,12,pending_history,max,12,0,0
stored_norm_error,23,0.4570380340855879,0.0860188405149349,-0.3759880808418551,kivi,direction_error,v_stored,12,pending_history,mean,12,0,0
stored_norm_error,23,0.35026153922080994,0.047071292996406555,-0.3041270896792412,kivi,direction_error,v_stored,12,pending_history,p50,12,0,0
stored_norm_error,23,0.7040851205587387,0.1326924368739129,-0.6026517704129218,kivi,direction_error,v_stored,12,pending_history,p90,12,0,0
stored_norm_error,23,1.16860517784953,0.2819039627909659,-0.8536334186792375,kivi,direction_error,v_stored,12,pending_history,p95,12,0,0
stored_norm_error,23,2.6320308373868437,0.9101683835685261,-1.3262834386527527,kivi,direction_error,v_stored,12,pending_history,p99,12,0,0
stored_norm_error,23,1.7764014303684235,0.7528173625469208,-0.990404486656189,kivi,norm_ratio,v_stored,12,pending_history,max,12,0,0
stored_norm_error,23,0.036344985564937815,0.0036736660291408485,-0.03715638288551154,kivi,norm_ratio,v_stored,12,pending_history,mean,11,1,0
stored_norm_error,23,0.018437974154949188,0.00055704265832901,-0.017550304532051086,kivi,norm_ratio,v_stored,12,pending_history,p50,11,1,0
stored_norm_error,23,0.30380912721157083,0.09529244601726544,-0.21217945218086226,kivi,norm_ratio,v_stored,12,pending_history,p90,12,0,0
stored_norm_error,23,0.4219580382108685,0.13311507850885362,-0.2898003384470942,kivi,norm_ratio,v_stored,12,pending_history,p95,12,0,0
stored_norm_error,23,0.769853038787842,0.3041825655102735,-0.4723973688483241,kivi,norm_ratio,v_stored,12,pending_history,p99,12,0,0
stored_norm_error,23,5.917491404805332,3.3718713979469612,-2.3689248552545905,kivi,relative_L2,v_stored,12,pending_history,max,12,0,0
stored_norm_error,23,1.7991462473967252,0.6621092568188969,-1.1336932123116064,kivi,relative_L2,v_stored,12,pending_history,mean,12,0,0
stored_norm_error,23,1.674791935191024,0.5916338831739267,-1.1265606669185217,kivi,relative_L2,v_stored,12,pending_history,p50,12,0,0
stored_norm_error,23,2.395387742761523,1.0064842334541033,-1.4382845930173065,kivi,relative_L2,v_stored,12,pending_history,p90,12,0,0
stored_norm_error,23,3.0321984267880886,1.3624532916175662,-1.6211718003964053,kivi,relative_L2,v_stored,12,pending_history,p95,12,0,0
stored_norm_error,23,4.741598598411072,2.6194103370310025,-1.8710937039216493,kivi,relative_L2,v_stored,12,pending_history,p99,12,0,0
stored_norm_error,23,1.7926466146018356,0.8993991936149541,-0.8761203912727069,kivi,relative_norm_error,v_stored,12,pending_history,max,12,0,0
stored_norm_error,23,0.17641318375611564,0.06223826511925871,-0.11390246964993161,kivi,relative_norm_error,v_stored,12,pending_history,mean,12,0,0
stored_norm_error,23,0.13099939885069034,0.04443890373659087,-0.08929858249757672,kivi,relative_norm_error,v_stored,12,pending_history,p50,12,0,0
stored_norm_error,23,0.3637480504490668,0.12938073493933194,-0.24021557437590677,kivi,relative_norm_error,v_stored,12,pending_history,p90,12,0,0
stored_norm_error,23,0.4675717072368568,0.1719023348272458,-0.29745409569259207,kivi,relative_norm_error,v_stored,12,pending_history,p95,12,0,0
stored_norm_error,23,0.8181801167281813,0.34306074297346667,-0.4722854792716684,kivi,relative_norm_error,v_stored,12,pending_history,p99,12,0,0
stored_norm_error,23,1.776401381532196,0.7528173236496514,-0.9904045594012132,kivi,signed_norm_drift,v_stored,12,pending_history,max,12,0,0
stored_norm_error,23,0.03634499160906905,0.0036736667895849538,-0.03715638129385393,kivi,signed_norm_drift,v_stored,12,pending_history,mean,11,1,0
stored_norm_error,23,0.018437959825035932,0.0005570080634837993,-0.01755022191061073,kivi,signed_norm_drift,v_stored,12,pending_history,p50,11,1,0
stored_norm_error,23,0.3038092343580502,0.09529235455302117,-0.2121795311068126,kivi,signed_norm_drift,v_stored,12,pending_history,p90,12,0,0
stored_norm_error,23,0.4219580459015556,0.13311507224461813,-0.28980038790141416,kivi,signed_norm_drift,v_stored,12,pending_history,p95,12,0,0
stored_norm_error,23,0.7698529867400068,0.3041826506885994,-0.4723973005283917,kivi,signed_norm_drift,v_stored,12,pending_history,p99,12,0,0
stored_norm_error,23,1.6460152463696431,1.0194139000377618,-0.5891407442686614,kivi,abs_log_norm_ratio,v_stored,12,recent,max,12,0,0
stored_norm_error,23,0.16905158316793062,0.06287912157913075,-0.10536452559766687,kivi,abs_log_norm_ratio,v_stored,12,recent,mean,12,0,0
stored_norm_error,23,0.13308458782012167,0.04509408308331331,-0.08930661260092165,kivi,abs_log_norm_ratio,v_stored,12,recent,p50,12,0,0
stored_norm_error,23,0.35491959920764204,0.13046806092097543,-0.21569779370911424,kivi,abs_log_norm_ratio,v_stored,12,recent,p90,12,0,0
stored_norm_error,23,0.46056069430633195,0.17278795818347115,-0.26167763195553556,kivi,abs_log_norm_ratio,v_stored,12,recent,p95,12,0,0
stored_norm_error,23,0.7454940998851087,0.33199112118862095,-0.39899318444542575,kivi,abs_log_norm_ratio,v_stored,12,recent,p99,12,0,0
stored_norm_error,23,3.3592192828655243,2.0415278673171997,-1.3216765820980072,kivi,direction_error,v_stored,12,recent,max,12,0,0
stored_norm_error,23,0.45326272569946013,0.08622518011543434,-0.3507775728503475,kivi,direction_error,v_stored,12,recent,mean,12,0,0
stored_norm_error,23,0.34348858147859573,0.046088166534900665,-0.29746320098638535,kivi,direction_error,v_stored,12,recent,p50,12,0,0
stored_norm_error,23,0.7442520752549173,0.1572571799159051,-0.5743537828326226,kivi,direction_error,v_stored,12,recent,p90,12,0,0
stored_norm_error,23,1.2506437115371198,0.30913478508591596,-0.9178542926907516,kivi,direction_error,v_stored,12,recent,p95,12,0,0
stored_norm_error,23,2.6259312023222443,0.9602041384577746,-1.311812723726035,kivi,direction_error,v_stored,12,recent,p99,12,0,0
stored_norm_error,23,2.0050936341285706,0.9944455623626709,-0.8566709160804749,kivi,norm_ratio,v_stored,12,recent,max,12,0,0
stored_norm_error,23,0.036936501986929215,0.0035712902899831533,-0.029764400387648493,kivi,norm_ratio,v_stored,12,recent,mean,11,1,0
stored_norm_error,23,0.023810431361198425,0.0005369260907173157,-0.025141634047031403,kivi,norm_ratio,v_stored,12,recent,p50,11,1,0
stored_norm_error,23,0.305938631296158,0.09917007982730869,-0.20492278635501876,kivi,norm_ratio,v_stored,12,recent,p90,12,0,0
stored_norm_error,23,0.40742139518260945,0.14009108990430807,-0.25916232615709295,kivi,norm_ratio,v_stored,12,recent,p95,12,0,0
stored_norm_error,23,0.6823610082268712,0.2853957918286323,-0.38569376885890966,kivi,norm_ratio,v_stored,12,recent,p99,12,0,0
stored_norm_error,23,5.949840879999101,3.9547031020047143,-1.8546635936945677,kivi,relative_L2,v_stored,12,recent,max,12,0,0
stored_norm_error,23,1.8103357934685391,0.6670079059719427,-1.073887607564302,kivi,relative_L2,v_stored,12,recent,mean,12,0,0
stored_norm_error,23,1.6605402822897304,0.5945237048290437,-1.0725076256785542,kivi,relative_L2,v_stored,12,recent,p50,12,0,0
stored_norm_error,23,2.5876851566543344,1.1054932680795906,-1.4864088592468767,kivi,relative_L2,v_stored,12,recent,p90,12,0,0
stored_norm_error,23,3.2987579185690237,1.580118287919321,-1.6440409314353004,kivi,relative_L2,v_stored,12,recent,p95,12,0,0
stored_norm_error,23,4.6323780324659305,2.5951217235799406,-1.7123472916474594,kivi,relative_L2,v_stored,12,recent,p99,12,0,0
stored_norm_error,23,2.0699718270625453,1.0742970638093539,-0.7947986170765944,kivi,relative_norm_error,v_stored,12,recent,max,12,0,0
stored_norm_error,23,0.17080982672633147,0.06303384456266894,-0.10647282802209865,kivi,relative_norm_error,v_stored,12,recent,mean,12,0,0
stored_norm_error,23,0.13306294397443708,0.04516338763460226,-0.08921276049295557,kivi,relative_norm_error,v_stored,12,recent,p50,12,0,0
stored_norm_error,23,0.3598177438769199,0.1310540287580807,-0.22059374507662144,kivi,relative_norm_error,v_stored,12,recent,p90,12,0,0
stored_norm_error,23,0.465648570583289,0.17249102687201215,-0.2736844113467667,kivi,relative_norm_error,v_stored,12,recent,p95,12,0,0
stored_norm_error,23,0.7706471934312138,0.3347868473143898,-0.4091429730542586,kivi,relative_norm_error,v_stored,12,recent,p99,12,0,0
stored_norm_error,23,2.0050936118641403,0.994445551012177,-0.8566709853475913,kivi,signed_norm_drift,v_stored,12,recent,max,12,0,0
stored_norm_error,23,0.03693650336745406,0.0035712934286666782,-0.029764397006104087,kivi,signed_norm_drift,v_stored,12,recent,mean,11,1,0
stored_norm_error,23,0.023810423090026234,0.0005369127948142705,-0.025141631702467748,kivi,signed_norm_drift,v_stored,12,recent,p50,11,1,0
stored_norm_error,23,0.3059386622000604,0.09917015865867143,-0.20492275250580871,kivi,signed_norm_drift,v_stored,12,recent,p90,12,0,0
stored_norm_error,23,0.4074214060921801,0.14009115837652636,-0.25916228134301467,kivi,signed_norm_drift,v_stored,12,recent,p95,12,0,0
stored_norm_error,23,0.6823610218652172,0.2853958489383511,-0.3856937002768972,kivi,signed_norm_drift,v_stored,12,recent,p99,12,0,0
source_state_norm_drift,31,0.5571297369751846,0.32672201916284394,-0.20716115459799767,kivi,abs_log_norm_ratio,hidden,12,all_tokens,max,11,1,0
source_state_norm_drift,31,0.06334738695174524,0.016606606650453663,-0.04507555440554338,kivi,abs_log_norm_ratio,hidden,12,all_tokens,mean,12,0,0
source_state_norm_drift,31,0.04007382807594695,0.008951547168180696,-0.030788237576416577,kivi,abs_log_norm_ratio,hidden,12,all_tokens,p50,12,0,0
source_state_norm_drift,31,0.15513570535913457,0.04158931417623535,-0.11157969425330519,kivi,abs_log_norm_ratio,hidden,12,all_tokens,p90,12,0,0
source_state_norm_drift,31,0.19703144658888047,0.05437271554947072,-0.14068300989019913,kivi,abs_log_norm_ratio,hidden,12,all_tokens,p95,12,0,0
source_state_norm_drift,31,0.30294381449035374,0.09546846034572809,-0.20440291075006797,kivi,abs_log_norm_ratio,hidden,12,all_tokens,p99,12,0,0
source_state_norm_drift,31,1.8063058108091354,1.1209216713905334,-0.7062532752752304,kivi,direction_error,hidden,12,all_tokens,max,12,0,0
source_state_norm_drift,31,0.2629251758470866,0.04352639061063822,-0.22356913083677693,kivi,direction_error,hidden,12,all_tokens,mean,12,0,0
source_state_norm_drift,31,0.2518589273095131,0.027713283896446228,-0.22657357901334763,kivi,direction_error,hidden,12,all_tokens,p50,12,0,0
source_state_norm_drift,31,0.485021947324276,0.09403691738843918,-0.3912183597683907,kivi,direction_error,hidden,12,all_tokens,p90,12,0,0
source_state_norm_drift,31,0.6069355301558969,0.12900342121720304,-0.4839411370456218,kivi,direction_error,hidden,12,all_tokens,p95,12,0,0
source_state_norm_drift,31,1.2021309399604792,0.3364163410663601,-0.8586198842525479,kivi,direction_error,hidden,12,all_tokens,p99,12,0,0
source_state_norm_drift,31,0.5077233910560608,0.1955186128616333,-0.24873745441436768,kivi,norm_ratio,hidden,12,all_tokens,max,12,0,0
source_state_norm_drift,31,0.041856840390964295,0.0018129338112261584,-0.03721164314037817,kivi,norm_ratio,hidden,12,all_tokens,mean,12,0,0
source_state_norm_drift,31,0.020852670073509216,0.0003398209810256958,-0.02027250826358795,kivi,norm_ratio,hidden,12,all_tokens,p50,12,0,0
source_state_norm_drift,31,0.1504858285188675,0.031852105259895624,-0.11472001075744642,kivi,norm_ratio,hidden,12,all_tokens,p90,12,0,0
source_state_norm_drift,31,0.18772124201059304,0.044708868861198625,-0.1465912342071531,kivi,norm_ratio,hidden,12,all_tokens,p95,12,0,0
source_state_norm_drift,31,0.28690111786127065,0.0799436360597609,-0.1967701634764672,kivi,norm_ratio,hidden,12,all_tokens,p99,12,0,0
source_state_norm_drift,31,3.6457339343614876,2.866968493675813,-0.8862203082535416,kivi,relative_L2,hidden,12,all_tokens,max,12,0,0
source_state_norm_drift,31,1.2227055228204904,0.44546769580012335,-0.7907082914521875,kivi,relative_L2,hidden,12,all_tokens,mean,12,0,0
source_state_norm_drift,31,1.4176350878551602,0.4446258050011238,-0.9887408376671374,kivi,relative_L2,hidden,12,all_tokens,p50,12,0,0
source_state_norm_drift,31,1.978311789938016,0.8524065685691312,-1.1207089943578468,kivi,relative_L2,hidden,12,all_tokens,p90,12,0,0
source_state_norm_drift,31,2.2120142883126386,1.0007554726005758,-1.2276353698689488,kivi,relative_L2,hidden,12,all_tokens,p95,12,0,0
source_state_norm_drift,31,3.0411604818305924,1.6075698020029814,-1.4334236373601028,kivi,relative_L2,hidden,12,all_tokens,p99,12,0,0
source_state_norm_drift,31,0.5851684790395666,0.32111901229654904,-0.2422809280687943,kivi,relative_norm_error,hidden,12,all_tokens,max,12,0,0
source_state_norm_drift,31,0.06411024066539536,0.016617346412783333,-0.04580149762698697,kivi,relative_norm_error,hidden,12,all_tokens,mean,12,0,0
source_state_norm_drift,31,0.04023172083816462,0.008960489400124061,-0.030909240256733028,kivi,relative_norm_error,hidden,12,all_tokens,p50,12,0,0
source_state_norm_drift,31,0.1577852254260506,0.041618153600575164,-0.1143759765305731,kivi,relative_norm_error,hidden,12,all_tokens,p90,12,0,0
source_state_norm_drift,31,0.2015024927310151,0.0543684749656677,-0.14536416996270413,kivi,relative_norm_error,hidden,12,all_tokens,p95,12,0,0
source_state_norm_drift,31,0.3105070043772862,0.09571376273328494,-0.21118009419762487,kivi,relative_norm_error,hidden,12,all_tokens,p99,12,0,0
source_state_norm_drift,31,0.507723234812147,0.19551853113807738,-0.24873733398271725,kivi,signed_norm_drift,hidden,12,all_tokens,max,12,0,0
source_state_norm_drift,31,0.04185684282604106,0.001812932559833503,-0.037211642271687786,kivi,signed_norm_drift,hidden,12,all_tokens,mean,12,0,0
source_state_norm_drift,31,0.020852725330364308,0.0003398358424675507,-0.020272557340035746,kivi,signed_norm_drift,hidden,12,all_tokens,p50,12,0,0
source_state_norm_drift,31,0.1504857486434048,0.031852104247809626,-0.11472016303596322,kivi,signed_norm_drift,hidden,12,all_tokens,p90,12,0,0
source_state_norm_drift,31,0.18772125852774477,0.04470886588405845,-0.146591361897299,kivi,signed_norm_drift,hidden,12,all_tokens,p95,12,0,0
source_state_norm_drift,31,0.28690110468807667,0.07994350884655424,-0.1967701667436632,kivi,signed_norm_drift,hidden,12,all_tokens,p99,12,0,0
source_state_norm_drift,31,1.2841756613051984,0.6692185410356615,-0.5868187426240183,kivi,abs_log_norm_ratio,k_source,12,all_tokens,max,12,0,0
source_state_norm_drift,31,0.07777773073850837,0.02146918199602187,-0.05609877884854113,kivi,abs_log_norm_ratio,k_source,12,all_tokens,mean,12,0,0
source_state_norm_drift,31,0.04582081277294492,0.01120767733482353,-0.035816176097796415,kivi,abs_log_norm_ratio,k_source,12,all_tokens,p50,12,0,0
source_state_norm_drift,31,0.19100538182101445,0.053643610826839,-0.13794530551531353,kivi,abs_log_norm_ratio,k_source,12,all_tokens,p90,12,0,0
source_state_norm_drift,31,0.2609905813176738,0.0744666288832377,-0.18610958665958605,kivi,abs_log_norm_ratio,k_source,12,all_tokens,p95,12,0,0
source_state_norm_drift,31,0.43765451587401905,0.14589130486201612,-0.2925920389613024,kivi,abs_log_norm_ratio,k_source,12,all_tokens,p99,12,0,0
source_state_norm_drift,31,0.8363948911428452,0.46186363697052,-0.3450893610715866,kivi,direction_error,k_source,12,all_tokens,max,12,0,0
source_state_norm_drift,31,0.047183823132043605,0.006073756618138239,-0.040960360357533906,kivi,direction_error,k_source,12,all_tokens,mean,12,0,0
source_state_norm_drift,31,0.034920722246170044,0.003159351646900177,-0.03226098418235779,kivi,direction_error,k_source,12,all_tokens,p50,12,0,0
source_state_norm_drift,31,0.09835398197174072,0.01276087909936905,-0.08567327260971072,kivi,direction_error,k_source,12,all_tokens,p90,12,0,0
source_state_norm_drift,31,0.13455786183476448,0.019115801155567165,-0.11534244790673254,kivi,direction_error,k_source,12,all_tokens,p95,12,0,0
source_state_norm_drift,31,0.2734989883005621,0.05808797508478157,-0.21939881667494768,kivi,direction_error,k_source,12,all_tokens,p99,12,0,0
source_state_norm_drift,31,1.3120263516902924,0.6835741400718689,-0.57819002866745,kivi,norm_ratio,k_source,12,all_tokens,max,12,0,0
source_state_norm_drift,31,0.017884112488152804,0.0007674117797831503,-0.014595738750779796,kivi,norm_ratio,k_source,12,all_tokens,mean,11,1,0
source_state_norm_drift,31,0.004303760826587677,0.0005030333995819092,-0.0033141598105430603,kivi,norm_ratio,k_source,12,all_tokens,p50,10,2,0
source_state_norm_drift,31,0.15310195088386558,0.03711281418800361,-0.1140272766351702,kivi,norm_ratio,k_source,12,all_tokens,p90,12,0,0
source_state_norm_drift,31,0.2080931529402733,0.05482109040021882,-0.1527564108371735,kivi,norm_ratio,k_source,12,all_tokens,p95,12,0,0
source_state_norm_drift,31,0.3730666539072984,0.10733663141727423,-0.2616837930679319,kivi,norm_ratio,k_source,12,all_tokens,p99,12,0,0
source_state_norm_drift,31,2.8533916139858775,1.9721438301494345,-0.9257959915557876,kivi,relative_L2,k_source,12,all_tokens,max,12,0,0
source_state_norm_drift,31,0.5032535039065339,0.1611103705713557,-0.3476142119464662,kivi,relative_L2,k_source,12,all_tokens,mean,12,0,0
source_state_norm_drift,31,0.5268637131302967,0.15248291769239586,-0.38261804879584815,kivi,relative_L2,k_source,12,all_tokens,p50,12,0,0
source_state_norm_drift,31,0.8987190175685101,0.3181295710935956,-0.5780638259544504,kivi,relative_L2,k_source,12,all_tokens,p90,12,0,0
source_state_norm_drift,31,1.0502750781088253,0.3886436434768256,-0.6700707138021245,kivi,relative_L2,k_source,12,all_tokens,p95,12,0,0
source_state_norm_drift,31,1.5344838332425585,0.6796248489792931,-0.8684695564617871,kivi,relative_L2,k_source,12,all_tokens,p99,12,0,0
source_state_norm_drift,31,1.369528683659155,0.6929393706086557,-0.6099876968946774,kivi,relative_norm_error,k_source,12,all_tokens,max,12,0,0
source_state_norm_drift,31,0.07812812225110861,0.021505267372759127,-0.05637165432193962,kivi,relative_norm_error,k_source,12,all_tokens,mean,12,0,0
source_state_norm_drift,31,0.04591352511852165,0.011215107241696387,-0.035903799478546716,kivi,relative_norm_error,k_source,12,all_tokens,p50,12,0,0
source_state_norm_drift,31,0.19196822418161907,0.053650872383877876,-0.1381444381811889,kivi,relative_norm_error,k_source,12,all_tokens,p90,12,0,0
source_state_norm_drift,31,0.2611498012181982,0.07436122335093387,-0.18621445605967885,kivi,relative_norm_error,k_source,12,all_tokens,p95,12,0,0
source_state_norm_drift,31,0.43467471080220965,0.1448957578040425,-0.2925151858472963,kivi,relative_norm_error,k_source,12,all_tokens,p99,12,0,0
source_state_norm_drift,31,1.3120264238241361,0.683574239956215,-0.5781899879511911,kivi,signed_norm_drift,k_source,12,all_tokens,max,12,0,0
source_state_norm_drift,31,0.01788411389322936,0.0007674093845438427,-0.014595738231720057,kivi,signed_norm_drift,k_source,12,all_tokens,mean,11,1,0
source_state_norm_drift,31,0.004303654092908005,0.0005030825895886437,-0.0033140272015543815,kivi,signed_norm_drift,k_source,12,all_tokens,p50,10,2,0
source_state_norm_drift,31,0.1531019670830574,0.03711281392897945,-0.11402720570185919,kivi,signed_norm_drift,k_source,12,all_tokens,p90,12,0,0
source_state_norm_drift,31,0.20809308152165606,0.05482114673286559,-0.15275634734789492,kivi,signed_norm_drift,k_source,12,all_tokens,p95,12,0,0
source_state_norm_drift,31,0.37306668953387956,0.10733662018930766,-0.26168369603925323,kivi,signed_norm_drift,k_source,12,all_tokens,p99,12,0,0
representation_norm_error,31,0.001287907361984253,-0.012115910649299622,-0.013403818011283875,kivi,abs_log_norm_ratio,k_stored,1,packed_history,max,1,0,0
representation_norm_error,31,0.00040168334567545344,0.0005149306767571887,0.00011324733108173529,kivi,abs_log_norm_ratio,k_stored,1,packed_history,mean,0,1,0
representation_norm_error,31,-0.0009050583466887474,-0.0005933400243520737,0.00031171832233667374,kivi,abs_log_norm_ratio,k_stored,1,packed_history,p50,0,1,0
representation_norm_error,31,-0.00046349950134753903,0.00041828043758868755,0.0008817799389362266,kivi,abs_log_norm_ratio,k_stored,1,packed_history,p90,0,1,0
representation_norm_error,31,4.9566850066205814e-05,0.0015710193663835761,0.0015214525163173703,kivi,abs_log_norm_ratio,k_stored,1,packed_history,p95,0,1,0
representation_norm_error,31,0.0003354534879324786,0.008514261133968942,0.008178807646036464,kivi,abs_log_norm_ratio,k_stored,1,packed_history,p99,0,1,0
representation_norm_error,31,0.0028592348098754883,-0.001004636287689209,-0.0038638710975646973,kivi,direction_error,k_stored,1,packed_history,max,1,0,0
representation_norm_error,31,-0.0009768440950210788,-0.00037910578612354584,0.000597738308897533,kivi,direction_error,k_stored,1,packed_history,mean,0,1,0
representation_norm_error,31,-0.001437455415725708,-0.0005022138357162476,0.0009352415800094604,kivi,direction_error,k_stored,1,packed_history,p50,0,1,0
representation_norm_error,31,-0.0007901579141616766,-0.00012699067592619392,0.0006631672382354827,kivi,direction_error,k_stored,1,packed_history,p90,0,1,0
representation_norm_error,31,-0.00035054385662078996,-0.0006820902228355484,-0.00033154636621475844,kivi,direction_error,k_stored,1,packed_history,p95,1,0,0
representation_norm_error,31,9.255707263823576e-06,0.0009572234749794101,0.0009479677677155865,kivi,direction_error,k_stored,1,packed_history,p99,0,1,0
representation_norm_error,31,0.0032721757888793945,-0.014138400554656982,-0.017410576343536377,kivi,norm_ratio,k_stored,1,packed_history,max,1,0,0
representation_norm_error,31,6.0363475313351955e-05,0.0006184247395140119,0.0005580612642006599,kivi,norm_ratio,k_stored,1,packed_history,mean,0,1,0
representation_norm_error,31,-0.0012134313583374023,-0.0006242990493774414,0.0005891323089599609,kivi,norm_ratio,k_stored,1,packed_history,p50,0,1,0
representation_norm_error,31,-0.000519537925720126,0.00047805905342113153,0.0009975969791412576,kivi,norm_ratio,k_stored,1,packed_history,p90,0,1,0
representation_norm_error,31,7.136166095744745e-05,0.0017158895730973178,0.0016445279121398704,kivi,norm_ratio,k_stored,1,packed_history,p95,0,1,0
representation_norm_error,31,0.0003589272499077145,0.009521733522415476,0.009162806272507762,kivi,norm_ratio,k_stored,1,packed_history,p99,0,1,0
representation_norm_error,31,0.0017453432083129883,-0.00115889310836792,-0.002904236316680908,kivi,relative_L2,k_stored,1,packed_history,max,1,0,0
representation_norm_error,31,-0.003515346176982348,-0.0012622500346424204,0.0022530961423399276,kivi,relative_L2,k_stored,1,packed_history,mean,0,1,0
representation_norm_error,31,-0.006262138485908508,-0.0017884671688079834,0.004473671317100525,kivi,relative_L2,k_stored,1,packed_history,p50,0,1,0
representation_norm_error,31,-0.00043467730283727746,-0.0018102496862412443,-0.0013755723834039668,kivi,relative_L2,k_stored,1,packed_history,p90,1,0,0
representation_norm_error,31,0.0012621164321898748,-0.0009530514478682528,-0.0022151678800581276,kivi,relative_L2,k_stored,1,packed_history,p95,1,0,0
representation_norm_error,31,0.00011415779590592812,0.0013951428234576235,0.0012809850275516954,kivi,relative_L2,k_stored,1,packed_history,p99,0,1,0
representation_norm_error,31,0.0032719969749450684,-0.01413850486278534,-0.017410501837730408,kivi,relative_norm_error,k_stored,1,packed_history,max,1,0,0
representation_norm_error,31,0.0004101957943298505,0.00054257508364558,0.00013237928931572954,kivi,relative_norm_error,k_stored,1,packed_history,mean,0,1,0
representation_norm_error,31,-0.0008697425946593285,-0.0006129033863544464,0.00025683920830488205,kivi,relative_norm_error,k_stored,1,packed_history,p50,0,1,0
representation_norm_error,31,-0.0005195714533328885,0.0004970215260982694,0.001016592979431158,kivi,relative_norm_error,k_stored,1,packed_history,p90,0,1,0
representation_norm_error,31,7.132589817047258e-05,0.001715816557407407,0.0016444906592369343,kivi,relative_norm_error,k_stored,1,packed_history,p95,0,1,0
representation_norm_error,31,0.00035907331854078545,0.009521709270775384,0.009162635952234599,kivi,relative_norm_error,k_stored,1,packed_history,p99,0,1,0
representation_norm_error,31,0.0032719969749450684,-0.01413850486278534,-0.017410501837730408,kivi,signed_norm_drift,k_stored,1,packed_history,max,1,0,0
representation_norm_error,31,6.03644590695708e-05,0.0006184209047077893,0.0005580564456382185,kivi,signed_norm_drift,k_stored,1,packed_history,mean,0,1,0
representation_norm_error,31,-0.00121335219591856,-0.0006243735551834106,0.0005889786407351494,kivi,signed_norm_drift,k_stored,1,packed_history,p50,0,1,0
representation_norm_error,31,-0.0005195714533328885,0.000478075444698349,0.0009976468980312375,kivi,signed_norm_drift,k_stored,1,packed_history,p90,0,1,0
representation_norm_error,31,7.132589817047258e-05,0.001715816557407407,0.0016444906592369343,kivi,signed_norm_drift,k_stored,1,packed_history,p95,0,1,0
representation_norm_error,31,0.00035907331854078545,0.009521709270775384,0.009162635952234599,kivi,signed_norm_drift,k_stored,1,packed_history,p99,0,1,0
representation_norm_error,31,0.0,0.0,0.0,kivi,abs_log_norm_ratio,k_stored,12,pending_history,max,0,0,12
representation_norm_error,31,0.0,0.0,0.0,kivi,abs_log_norm_ratio,k_stored,12,pending_history,mean,0,0,12
representation_norm_error,31,0.0,0.0,0.0,kivi,abs_log_norm_ratio,k_stored,12,pending_history,p50,0,0,12
representation_norm_error,31,0.0,0.0,0.0,kivi,abs_log_norm_ratio,k_stored,12,pending_history,p90,0,0,12
representation_norm_error,31,0.0,0.0,0.0,kivi,abs_log_norm_ratio,k_stored,12,pending_history,p95,0,0,12
representation_norm_error,31,0.0,0.0,0.0,kivi,abs_log_norm_ratio,k_stored,12,pending_history,p99,0,0,12
representation_norm_error,31,5.960464477539063e-08,0.0,-4.470348358154297e-08,kivi,direction_error,k_stored,12,pending_history,max,8,3,1
representation_norm_error,31,1.9094688080854304e-09,4.1755406129338875e-09,1.4030202110454255e-09,kivi,direction_error,k_stored,12,pending_history,mean,5,7,0
representation_norm_error,31,0.0,0.0,0.0,kivi,direction_error,k_stored,12,pending_history,p50,0,0,12
representation_norm_error,31,0.0,0.0,0.0,kivi,direction_error,k_stored,12,pending_history,p90,1,4,7
representation_norm_error,31,0.0,0.0,0.0,kivi,direction_error,k_stored,12,pending_history,p95,0,0,12
representation_norm_error,31,-2.980232238766821e-10,0.0,0.0,kivi,direction_error,k_stored,12,pending_history,p99,5,4,3
representation_norm_error,31,0.0,0.0,0.0,kivi,norm_ratio,k_stored,12,pending_history,max,0,0,12
representation_norm_error,31,0.0,0.0,0.0,kivi,norm_ratio,k_stored,12,pending_history,mean,0,0,12
representation_norm_error,31,0.0,0.0,0.0,kivi,norm_ratio,k_stored,12,pending_history,p50,0,0,12
representation_norm_error,31,0.0,0.0,0.0,kivi,norm_ratio,k_stored,12,pending_history,p90,0,0,12
representation_norm_error,31,0.0,0.0,0.0,kivi,norm_ratio,k_stored,12,pending_history,p95,0,0,12
representation_norm_error,31,0.0,0.0,0.0,kivi,norm_ratio,k_stored,12,pending_history,p99,0,0,12
representation_norm_error,31,0.0,0.0,0.0,kivi,relative_L2,k_stored,12,pending_history,max,0,0,12
representation_norm_error,31,0.0,0.0,0.0,kivi,relative_L2,k_stored,12,pending_history,mean,0,0,12
representation_norm_error,31,0.0,0.0,0.0,kivi,relative_L2,k_stored,12,pending_history,p50,0,0,12
representation_norm_error,31,0.0,0.0,0.0,kivi,relative_L2,k_stored,12,pending_history,p90,0,0,12
representation_norm_error,31,0.0,0.0,0.0,kivi,relative_L2,k_stored,12,pending_history,p95,0,0,12
representation_norm_error,31,0.0,0.0,0.0,kivi,relative_L2,k_stored,12,pending_history,p99,0,0,12
representation_norm_error,31,0.0,0.0,0.0,kivi,relative_norm_error,k_stored,12,pending_history,max,0,0,12
representation_norm_error,31,0.0,0.0,0.0,kivi,relative_norm_error,k_stored,12,pending_history,mean,0,0,12
representation_norm_error,31,0.0,0.0,0.0,kivi,relative_norm_error,k_stored,12,pending_history,p50,0,0,12
representation_norm_error,31,0.0,0.0,0.0,kivi,relative_norm_error,k_stored,12,pending_history,p90,0,0,12
representation_norm_error,31,0.0,0.0,0.0,kivi,relative_norm_error,k_stored,12,pending_history,p95,0,0,12
representation_norm_error,31,0.0,0.0,0.0,kivi,relative_norm_error,k_stored,12,pending_history,p99,0,0,12
representation_norm_error,31,0.0,0.0,0.0,kivi,signed_norm_drift,k_stored,12,pending_history,max,0,0,12
representation_norm_error,31,0.0,0.0,0.0,kivi,signed_norm_drift,k_stored,12,pending_history,mean,0,0,12
representation_norm_error,31,0.0,0.0,0.0,kivi,signed_norm_drift,k_stored,12,pending_history,p50,0,0,12
representation_norm_error,31,0.0,0.0,0.0,kivi,signed_norm_drift,k_stored,12,pending_history,p90,0,0,12
representation_norm_error,31,0.0,0.0,0.0,kivi,signed_norm_drift,k_stored,12,pending_history,p95,0,0,12
representation_norm_error,31,0.0,0.0,0.0,kivi,signed_norm_drift,k_stored,12,pending_history,p99,0,0,12
representation_norm_error,31,0.0,0.0,0.0,kivi,abs_log_norm_ratio,k_stored,12,recent,max,0,0,12
representation_norm_error,31,0.0,0.0,0.0,kivi,abs_log_norm_ratio,k_stored,12,recent,mean,0,0,12
representation_norm_error,31,0.0,0.0,0.0,kivi,abs_log_norm_ratio,k_stored,12,recent,p50,0,0,12
representation_norm_error,31,0.0,0.0,0.0,kivi,abs_log_norm_ratio,k_stored,12,recent,p90,0,0,12
representation_norm_error,31,0.0,0.0,0.0,kivi,abs_log_norm_ratio,k_stored,12,recent,p95,0,0,12
representation_norm_error,31,0.0,0.0,0.0,kivi,abs_log_norm_ratio,k_stored,12,recent,p99,0,0,12
representation_norm_error,31,-5.960464477539063e-08,4.470348358154297e-08,-1.4901161193847656e-08,kivi,direction_error,k_stored,12,recent,max,6,5,1
representation_norm_error,31,-3.2014213502407074e-10,-7.421476766467094e-10,-3.7834979593753815e-10,kivi,direction_error,k_stored,12,recent,mean,7,5,0
representation_norm_error,31,0.0,0.0,0.0,kivi,direction_error,k_stored,12,recent,p50,0,0,12
representation_norm_error,31,0.0,0.0,0.0,kivi,direction_error,k_stored,12,recent,p90,0,0,12
representation_norm_error,31,0.0,0.0,0.0,kivi,direction_error,k_stored,12,recent,p95,0,0,12
representation_norm_error,31,0.0,-4.61935997009196e-09,-1.1473894119262424e-08,kivi,direction_error,k_stored,12,recent,p99,6,4,2
representation_norm_error,31,0.0,0.0,0.0,kivi,norm_ratio,k_stored,12,recent,max,0,0,12
representation_norm_error,31,0.0,0.0,0.0,kivi,norm_ratio,k_stored,12,recent,mean,0,0,12
representation_norm_error,31,0.0,0.0,0.0,kivi,norm_ratio,k_stored,12,recent,p50,0,0,12
representation_norm_error,31,0.0,0.0,0.0,kivi,norm_ratio,k_stored,12,recent,p90,0,0,12
representation_norm_error,31,0.0,0.0,0.0,kivi,norm_ratio,k_stored,12,recent,p95,0,0,12
representation_norm_error,31,0.0,0.0,0.0,kivi,norm_ratio,k_stored,12,recent,p99,0,0,12
representation_norm_error,31,0.0,0.0,0.0,kivi,relative_L2,k_stored,12,recent,max,0,0,12
representation_norm_error,31,0.0,0.0,0.0,kivi,relative_L2,k_stored,12,recent,mean,0,0,12
representation_norm_error,31,0.0,0.0,0.0,kivi,relative_L2,k_stored,12,recent,p50,0,0,12
representation_norm_error,31,0.0,0.0,0.0,kivi,relative_L2,k_stored,12,recent,p90,0,0,12
representation_norm_error,31,0.0,0.0,0.0,kivi,relative_L2,k_stored,12,recent,p95,0,0,12
representation_norm_error,31,0.0,0.0,0.0,kivi,relative_L2,k_stored,12,recent,p99,0,0,12
representation_norm_error,31,0.0,0.0,0.0,kivi,relative_norm_error,k_stored,12,recent,max,0,0,12
representation_norm_error,31,0.0,0.0,0.0,kivi,relative_norm_error,k_stored,12,recent,mean,0,0,12
representation_norm_error,31,0.0,0.0,0.0,kivi,relative_norm_error,k_stored,12,recent,p50,0,0,12
representation_norm_error,31,0.0,0.0,0.0,kivi,relative_norm_error,k_stored,12,recent,p90,0,0,12
representation_norm_error,31,0.0,0.0,0.0,kivi,relative_norm_error,k_stored,12,recent,p95,0,0,12
representation_norm_error,31,0.0,0.0,0.0,kivi,relative_norm_error,k_stored,12,recent,p99,0,0,12
representation_norm_error,31,0.0,0.0,0.0,kivi,signed_norm_drift,k_stored,12,recent,max,0,0,12
representation_norm_error,31,0.0,0.0,0.0,kivi,signed_norm_drift,k_stored,12,recent,mean,0,0,12
representation_norm_error,31,0.0,0.0,0.0,kivi,signed_norm_drift,k_stored,12,recent,p50,0,0,12
representation_norm_error,31,0.0,0.0,0.0,kivi,signed_norm_drift,k_stored,12,recent,p90,0,0,12
representation_norm_error,31,0.0,0.0,0.0,kivi,signed_norm_drift,k_stored,12,recent,p95,0,0,12
representation_norm_error,31,0.0,0.0,0.0,kivi,signed_norm_drift,k_stored,12,recent,p99,0,0,12
stored_norm_error,31,0.001287907361984253,0.3057641461491585,0.3044762387871742,kivi,abs_log_norm_ratio,k_stored,1,packed_history,max,0,1,0
stored_norm_error,31,0.033622120733019296,0.005928210588684667,-0.02769391014433463,kivi,abs_log_norm_ratio,k_stored,1,packed_history,mean,1,0,0
stored_norm_error,31,0.027908110059797764,0.003949128091335297,-0.023958981968462467,kivi,abs_log_norm_ratio,k_stored,1,packed_history,p50,1,0,0
stored_norm_error,31,0.0692256536334753,0.01448231823742388,-0.05474333539605142,kivi,abs_log_norm_ratio,k_stored,1,packed_history,p90,1,0,0
stored_norm_error,31,0.08143886979669318,0.017099158093333185,-0.06433971170336,kivi,abs_log_norm_ratio,k_stored,1,packed_history,p95,1,0,0
stored_norm_error,31,0.14474863037466995,0.03287611160427323,-0.11187251877039672,kivi,abs_log_norm_ratio,k_stored,1,packed_history,p99,1,0,0
stored_norm_error,31,0.0028592348098754883,0.13065412640571594,0.12779489159584045,kivi,direction_error,k_stored,1,packed_history,max,0,1,0
stored_norm_error,31,0.04388577080680989,0.006872892319734092,-0.037012878487075795,kivi,direction_error,k_stored,1,packed_history,mean,1,0,0
stored_norm_error,31,0.036794260144233704,0.006188437342643738,-0.030605822801589966,kivi,direction_error,k_stored,1,packed_history,p50,1,0,0
stored_norm_error,31,0.07252706587314608,0.01083000600337981,-0.06169705986976627,kivi,direction_error,k_stored,1,packed_history,p90,1,0,0
stored_norm_error,31,0.09433476924896238,0.012914371490478485,-0.08142039775848389,kivi,direction_error,k_stored,1,packed_history,p95,1,0,0
stored_norm_error,31,0.18057474076747898,0.021420079767704027,-0.15915466099977496,kivi,direction_error,k_stored,1,packed_history,p99,1,0,0
stored_norm_error,31,0.0032721757888793945,0.3784160017967224,0.375143826007843,kivi,norm_ratio,k_stored,1,packed_history,max,0,1,0
stored_norm_error,31,0.02230781332036713,0.005003777846468438,-0.017304035473898693,kivi,norm_ratio,k_stored,1,packed_history,mean,1,0,0
stored_norm_error,31,0.024700403213500977,0.003801882266998291,-0.020898520946502686,kivi,norm_ratio,k_stored,1,packed_history,p50,1,0,0
stored_norm_error,31,0.07330448031425463,0.015521597862244052,-0.057782882452010575,kivi,norm_ratio,k_stored,1,packed_history,p90,1,0,0
stored_norm_error,31,0.08781480193138091,0.01839855313301031,-0.0694162487983706,kivi,norm_ratio,k_stored,1,packed_history,p95,1,0,0
stored_norm_error,31,0.1632679277658462,0.036585853099822985,-0.12668207466602321,kivi,norm_ratio,k_stored,1,packed_history,p99,1,0,0
stored_norm_error,31,0.0017453432083129883,0.14018169045448303,0.13843634724617004,kivi,relative_L2,k_stored,1,packed_history,max,0,1,0
stored_norm_error,31,0.15307572404663006,0.026018631191618624,-0.12705709285501143,kivi,relative_L2,k_stored,1,packed_history,mean,1,0,0
stored_norm_error,31,0.13759714365005493,0.023899830877780914,-0.11369731277227402,kivi,relative_L2,k_stored,1,packed_history,p50,1,0,0
stored_norm_error,31,0.21345452964305878,0.03253501355648045,-0.18091951608657833,kivi,relative_L2,k_stored,1,packed_history,p90,1,0,0
stored_norm_error,31,0.26036436706781385,0.038890050351619715,-0.22147431671619414,kivi,relative_L2,k_stored,1,packed_history,p95,1,0,0
stored_norm_error,31,0.4452608609199541,0.05826007008552572,-0.3870007908344284,kivi,relative_L2,k_stored,1,packed_history,p99,1,0,0
stored_norm_error,31,0.0032719969749450684,0.378416009247303,0.37514401227235794,kivi,relative_norm_error,k_stored,1,packed_history,max,0,1,0
stored_norm_error,31,0.035870001938010175,0.0063324794405733575,-0.029537522497436818,kivi,relative_norm_error,k_stored,1,packed_history,mean,1,0,0
stored_norm_error,31,0.029068000614643097,0.004056173376739025,-0.025011827237904072,kivi,relative_norm_error,k_stored,1,packed_history,p50,1,0,0
stored_norm_error,31,0.07469070367515085,0.015663042664527872,-0.05902766101062298,kivi,relative_norm_error,k_stored,1,packed_history,p90,1,0,0
stored_norm_error,31,0.08879202064126725,0.018633793853223266,-0.07015822678804398,kivi,relative_norm_error,k_stored,1,packed_history,p95,1,0,0
stored_norm_error,31,0.16341768678277738,0.03658594563603402,-0.12683174114674337,kivi,relative_norm_error,k_stored,1,packed_history,p99,1,0,0
stored_norm_error,31,0.0032719969749450684,0.378416009247303,0.37514401227235794,kivi,signed_norm_drift,k_stored,1,packed_history,max,0,1,0
stored_norm_error,31,0.022307810439736002,0.005003780454539086,-0.017304029985196916,kivi,signed_norm_drift,k_stored,1,packed_history,mean,1,0,0
stored_norm_error,31,0.024700417183339596,0.0038017621263861656,-0.02089865505695343,kivi,signed_norm_drift,k_stored,1,packed_history,p50,1,0,0
stored_norm_error,31,0.07330453544855117,0.015521667525172235,-0.05778286792337894,kivi,signed_norm_drift,k_stored,1,packed_history,p90,1,0,0
stored_norm_error,31,0.08781475536525248,0.018398595042526673,-0.0694161603227258,kivi,signed_norm_drift,k_stored,1,packed_history,p95,1,0,0
stored_norm_error,31,0.16326786782592528,0.03658594563603402,-0.12668192218989127,kivi,signed_norm_drift,k_stored,1,packed_history,p99,1,0,0
stored_norm_error,31,0.8155042317230254,0.3608056937227957,-0.4454425893491134,kivi,abs_log_norm_ratio,k_stored,12,pending_history,max,12,0,0
stored_norm_error,31,0.10804357194653572,0.03221226326796793,-0.07566615562004973,kivi,abs_log_norm_ratio,k_stored,12,pending_history,mean,12,0,0
stored_norm_error,31,0.08090807723692706,0.02399901558055717,-0.0591073094847161,kivi,abs_log_norm_ratio,k_stored,12,pending_history,p50,12,0,0
stored_norm_error,31,0.22669508587277962,0.07016646603005941,-0.15958918061733132,kivi,abs_log_norm_ratio,k_stored,12,pending_history,p90,12,0,0
stored_norm_error,31,0.29706167568729136,0.088908796070973,-0.2075845576498976,kivi,abs_log_norm_ratio,k_stored,12,pending_history,p95,12,0,0
stored_norm_error,31,0.4862901155522556,0.16796498647454386,-0.3138187285453019,kivi,abs_log_norm_ratio,k_stored,12,pending_history,p99,12,0,0
stored_norm_error,31,0.543860986828804,0.13952447474002838,-0.36709147691726685,kivi,direction_error,k_stored,12,pending_history,max,12,0,0
stored_norm_error,31,0.06482451945083921,0.008872386618553442,-0.056068048666385525,kivi,direction_error,k_stored,12,pending_history,mean,12,0,0
stored_norm_error,31,0.04979848861694336,0.005743682384490967,-0.04504454880952835,kivi,direction_error,k_stored,12,pending_history,p50,12,0,0
stored_norm_error,31,0.11369432508945465,0.015110142529010783,-0.09977843165397644,kivi,direction_error,k_stored,12,pending_history,p90,12,0,0
stored_norm_error,31,0.1528977371752262,0.021621957421302785,-0.1263416096568108,kivi,direction_error,k_stored,12,pending_history,p95,12,0,0
stored_norm_error,31,0.2904806083440782,0.08789993360638612,-0.20184372305870088,kivi,direction_error,k_stored,12,pending_history,p99,12,0,0
stored_norm_error,31,0.7742842137813568,0.2522986829280853,-0.48278507590293884,kivi,norm_ratio,k_stored,12,pending_history,max,12,0,0
stored_norm_error,31,0.029305222690499344,0.004755631438456698,-0.023655484193727955,kivi,norm_ratio,k_stored,12,pending_history,mean,9,3,0
stored_norm_error,31,0.030952177941799164,0.005621820688247681,-0.02538207173347473,kivi,norm_ratio,k_stored,12,pending_history,p50,9,3,0
stored_norm_error,31,0.18041014671325695,0.05130359828472114,-0.1308505415916445,kivi,norm_ratio,k_stored,12,pending_history,p90,12,0,0
stored_norm_error,31,0.24320625811815266,0.06675738692283645,-0.16864769458770695,kivi,norm_ratio,k_stored,12,pending_history,p95,12,0,0
stored_norm_error,31,0.46455608338117554,0.12680860638618463,-0.2887694245576844,kivi,norm_ratio,k_stored,12,pending_history,p99,12,0,0
stored_norm_error,31,2.3242432968399953,1.0870154059375636,-1.0204049644235056,kivi,relative_L2,k_stored,12,pending_history,max,12,0,0
stored_norm_error,31,0.6890628537795502,0.2273514276959607,-0.46543475191122197,kivi,relative_L2,k_stored,12,pending_history,mean,12,0,0
stored_norm_error,31,0.6413570735385292,0.2102844922701479,-0.4471406741431565,kivi,relative_L2,k_stored,12,pending_history,p50,12,0,0
stored_norm_error,31,0.9642351030430292,0.33805725788697605,-0.6352568041387714,kivi,relative_L2,k_stored,12,pending_history,p90,12,0,0
stored_norm_error,31,1.1196751784591465,0.4140527526804362,-0.7012113300355853,kivi,relative_L2,k_stored,12,pending_history,p95,12,0,0
stored_norm_error,31,1.5864691100904036,0.7615812688536269,-0.8184607251640399,kivi,relative_L2,k_stored,12,pending_history,p99,12,0,0
stored_norm_error,31,0.8802405264868867,0.357043639436597,-0.4990870073379483,kivi,relative_norm_error,k_stored,12,pending_history,max,12,0,0
stored_norm_error,31,0.1096320266269355,0.03221156575598736,-0.07710364693820937,kivi,relative_norm_error,k_stored,12,pending_history,mean,12,0,0
stored_norm_error,31,0.08143384424511169,0.024007835841075575,-0.05954569554523914,kivi,relative_norm_error,k_stored,12,pending_history,p50,12,0,0
stored_norm_error,31,0.22803852431461571,0.07031506879284283,-0.160460548253468,kivi,relative_norm_error,k_stored,12,pending_history,p90,12,0,0
stored_norm_error,31,0.29970112725859505,0.08929484106047307,-0.21238862451828014,kivi,relative_norm_error,k_stored,12,pending_history,p95,12,0,0
stored_norm_error,31,0.506780988231039,0.16739161814897613,-0.3128534785340882,kivi,relative_norm_error,k_stored,12,pending_history,p99,12,0,0
stored_norm_error,31,0.7742841934377793,0.2522984974057181,-0.48278515692800283,kivi,signed_norm_drift,k_stored,12,pending_history,max,12,0,0
stored_norm_error,31,0.029305223285043706,0.004755634846132358,-0.02365547865067663,kivi,signed_norm_drift,k_stored,12,pending_history,mean,9,3,0
stored_norm_error,31,0.030952134714652857,0.005621694375065545,-0.025382020221059065,kivi,signed_norm_drift,k_stored,12,pending_history,p50,9,3,0
stored_norm_error,31,0.18041016133865928,0.05130353391250536,-0.13085064451734074,kivi,signed_norm_drift,k_stored,12,pending_history,p90,12,0,0
stored_norm_error,31,0.24320634589166726,0.06675749092100886,-0.16864771376385757,kivi,signed_norm_drift,k_stored,12,pending_history,p95,12,0,0
stored_norm_error,31,0.46455608834643436,0.12680859267944442,-0.2887693053511601,kivi,signed_norm_drift,k_stored,12,pending_history,p99,12,0,0
stored_norm_error,31,0.8085020094149513,0.39100260978739243,-0.39990533218951896,kivi,abs_log_norm_ratio,k_stored,12,recent,max,12,0,0
stored_norm_error,31,0.1053207057191896,0.03309250267752849,-0.0731035226992314,kivi,abs_log_norm_ratio,k_stored,12,recent,mean,12,0,0
stored_norm_error,31,0.07929711859469535,0.0237824367459325,-0.05672259289713111,kivi,abs_log_norm_ratio,k_stored,12,recent,p50,12,0,0
stored_norm_error,31,0.22549882311141117,0.06988284960971214,-0.1552693175690365,kivi,abs_log_norm_ratio,k_stored,12,recent,p90,12,0,0
stored_norm_error,31,0.2907342688216884,0.09152719059966327,-0.1951020801832782,kivi,abs_log_norm_ratio,k_stored,12,recent,p95,12,0,0
stored_norm_error,31,0.48431339058501166,0.17600350856067948,-0.2972113155393162,kivi,abs_log_norm_ratio,k_stored,12,recent,p99,12,0,0
stored_norm_error,31,0.5010834634304047,0.21129077672958374,-0.3208448141813278,kivi,direction_error,k_stored,12,recent,max,12,0,0
stored_norm_error,31,0.06059624439512845,0.009236582001904026,-0.05141363982693292,kivi,direction_error,k_stored,12,recent,mean,12,0,0
stored_norm_error,31,0.04834834486246109,0.005842618644237518,-0.04241419583559036,kivi,direction_error,k_stored,12,recent,p50,12,0,0
stored_norm_error,31,0.11141667217016224,0.0161712720990181,-0.09507032185792927,kivi,direction_error,k_stored,12,recent,p90,12,0,0
stored_norm_error,31,0.15059326663613312,0.024861767888069108,-0.12373449876904485,kivi,direction_error,k_stored,12,recent,p95,12,0,0
stored_norm_error,31,0.2734407618641852,0.06763837128877634,-0.2068009677529334,kivi,direction_error,k_stored,12,recent,p99,12,0,0
stored_norm_error,31,0.7960605323314667,0.38887155055999756,-0.3958279490470886,kivi,norm_ratio,k_stored,12,recent,max,12,0,0
stored_norm_error,31,0.016989085081149824,0.004026700145914219,-0.01329990012163762,kivi,norm_ratio,k_stored,12,recent,mean,10,2,0
stored_norm_error,31,0.017989382147789,0.003824286162853241,-0.018947213888168335,kivi,norm_ratio,k_stored,12,recent,p50,10,2,0
stored_norm_error,31,0.1760074138641355,0.052277487516403154,-0.12476702034473419,kivi,norm_ratio,k_stored,12,recent,p90,12,0,0
stored_norm_error,31,0.23359406888484924,0.0709877982735635,-0.163820780813694,kivi,norm_ratio,k_stored,12,recent,p95,12,0,0
stored_norm_error,31,0.4172536927461628,0.14722516506910327,-0.27961223155260123,kivi,norm_ratio,k_stored,12,recent,p99,12,0,0
stored_norm_error,31,2.1331925624399446,1.258945323905209,-0.8534972417983226,kivi,relative_L2,k_stored,12,recent,max,12,0,0
stored_norm_error,31,0.6781284030434094,0.2340661255297718,-0.4386497810317991,kivi,relative_L2,k_stored,12,recent,mean,12,0,0
stored_norm_error,31,0.6248164503704174,0.21375103512400528,-0.41640996384376194,kivi,relative_L2,k_stored,12,recent,p50,12,0,0
stored_norm_error,31,0.9755216207442573,0.35678789497469554,-0.6153735971252898,kivi,relative_L2,k_stored,12,recent,p90,12,0,0
stored_norm_error,31,1.1748557911807431,0.4477839727856915,-0.6841272008081432,kivi,relative_L2,k_stored,12,recent,p95,12,0,0
stored_norm_error,31,1.596088275243237,0.713779562870622,-0.7687570006109308,kivi,relative_L2,k_stored,12,recent,p99,12,0,0
stored_norm_error,31,0.8570015525328927,0.4089879778184695,-0.38872795732459053,kivi,relative_norm_error,k_stored,12,recent,max,12,0,0
stored_norm_error,31,0.10608414161092453,0.03323676524992543,-0.07374250533684662,kivi,relative_norm_error,k_stored,12,recent,mean,12,0,0
stored_norm_error,31,0.07930298728297203,0.023813414030882996,-0.05687270828639157,kivi,relative_norm_error,k_stored,12,recent,p50,12,0,0
stored_norm_error,31,0.22709461258273228,0.06974808560771635,-0.15653183687682032,kivi,relative_norm_error,k_stored,12,recent,p90,12,0,0
stored_norm_error,31,0.2921264096024968,0.0914849169639637,-0.19722666599627675,kivi,relative_norm_error,k_stored,12,recent,p95,12,0,0
stored_norm_error,31,0.49158187855980906,0.17740901009354257,-0.3032184646491076,kivi,relative_norm_error,k_stored,12,recent,p99,12,0,0
stored_norm_error,31,0.79606048988353,0.3888716517249122,-0.395827835687669,kivi,signed_norm_drift,k_stored,12,recent,max,12,0,0
stored_norm_error,31,0.016989085512416187,0.004026701170969845,-0.013299901179249458,kivi,signed_norm_drift,k_stored,12,recent,mean,10,2,0
stored_norm_error,31,0.017989307681832045,0.003824324684856606,-0.018947196478620754,kivi,signed_norm_drift,k_stored,12,recent,p50,10,2,0
stored_norm_error,31,0.17600750241290375,0.05227751478050779,-0.12476697758247615,kivi,signed_norm_drift,k_stored,12,recent,p90,12,0,0
stored_norm_error,31,0.23359403234826448,0.07098778246836443,-0.16382068933526173,kivi,signed_norm_drift,k_stored,12,recent,p95,12,0,0
stored_norm_error,31,0.4172535411040733,0.14722520925490235,-0.2796121462110021,kivi,signed_norm_drift,k_stored,12,recent,p99,12,0,0
source_state_norm_drift,31,0.9403216462233104,0.5590005075209774,-0.35423569194972515,kivi,abs_log_norm_ratio,q_source,12,all_tokens,max,12,0,0
source_state_norm_drift,31,0.07714094691422621,0.02141802780038079,-0.05616880043233323,kivi,abs_log_norm_ratio,q_source,12,all_tokens,mean,12,0,0
source_state_norm_drift,31,0.05830296553722292,0.012780499708242132,-0.04401862827944569,kivi,abs_log_norm_ratio,q_source,12,all_tokens,p50,12,0,0
source_state_norm_drift,31,0.17712045518273956,0.051728260330855855,-0.12690593172592343,kivi,abs_log_norm_ratio,q_source,12,all_tokens,p90,12,0,0
source_state_norm_drift,31,0.21351377732025867,0.06805763583870428,-0.14718680503792708,kivi,abs_log_norm_ratio,q_source,12,all_tokens,p95,12,0,0
source_state_norm_drift,31,0.31309755168127595,0.12113598744006586,-0.1954400544142116,kivi,abs_log_norm_ratio,q_source,12,all_tokens,p99,12,0,0
source_state_norm_drift,31,0.6976715475320816,0.36982473731040955,-0.3302479684352875,kivi,direction_error,q_source,12,all_tokens,max,12,0,0
source_state_norm_drift,31,0.0371177903230793,0.00538852709400957,-0.03167509785740351,kivi,direction_error,q_source,12,all_tokens,mean,12,0,0
source_state_norm_drift,31,0.029196567833423615,0.00285397469997406,-0.026702776551246643,kivi,direction_error,q_source,12,all_tokens,p50,12,0,0
source_state_norm_drift,31,0.07671719938516619,0.012149393558502197,-0.06367818415164947,kivi,direction_error,q_source,12,all_tokens,p90,12,0,0
source_state_norm_drift,31,0.10095940828323365,0.018074441701173775,-0.08450761437416077,kivi,direction_error,q_source,12,all_tokens,p95,12,0,0
source_state_norm_drift,31,0.19059798732399955,0.044751511365175425,-0.14805833250284212,kivi,direction_error,q_source,12,all_tokens,p99,12,0,0
source_state_norm_drift,31,0.7873207628726959,0.4652804434299469,-0.279209703207016,kivi,norm_ratio,q_source,12,all_tokens,max,12,0,0
source_state_norm_drift,31,0.05377674339227803,0.012370998673074923,-0.04231912623493794,kivi,norm_ratio,q_source,12,all_tokens,mean,12,0,0
source_state_norm_drift,31,0.03474005311727524,0.006867349147796631,-0.027602016925811768,kivi,norm_ratio,q_source,12,all_tokens,p50,12,0,0
source_state_norm_drift,31,0.17513709068298333,0.04848316609859454,-0.1280161708593368,kivi,norm_ratio,q_source,12,all_tokens,p90,12,0,0
source_state_norm_drift,31,0.21070718914270403,0.06339934617280962,-0.14850751459598555,kivi,norm_ratio,q_source,12,all_tokens,p95,12,0,0
source_state_norm_drift,31,0.2934401148557661,0.1080068936944007,-0.19087280631065368,kivi,norm_ratio,q_source,12,all_tokens,p99,12,0,0
source_state_norm_drift,31,2.3656347333453596,1.6774711800972,-0.6476370394229889,kivi,relative_L2,q_source,12,all_tokens,max,12,0,0
source_state_norm_drift,31,0.4525481893401587,0.155166920365099,-0.30549241756662004,kivi,relative_L2,q_source,12,all_tokens,mean,12,0,0
source_state_norm_drift,31,0.4895264269216568,0.14607210851681884,-0.34913537185639143,kivi,relative_L2,q_source,12,all_tokens,p50,12,0,0
source_state_norm_drift,31,0.7964078895602144,0.3111460250744131,-0.4842332858243026,kivi,relative_L2,q_source,12,all_tokens,p90,12,0,0
source_state_norm_drift,31,0.9125201618211578,0.37733513642015165,-0.5444919280562315,kivi,relative_L2,q_source,12,all_tokens,p95,12,0,0
source_state_norm_drift,31,1.242720875990053,0.5950997041887602,-0.6622244487068385,kivi,relative_L2,q_source,12,all_tokens,p99,12,0,0
source_state_norm_drift,31,0.8741360440617427,0.5223629553511273,-0.31170529685914516,kivi,relative_norm_error,q_source,12,all_tokens,max,12,0,0
source_state_norm_drift,31,0.07827858915985798,0.021498415091174224,-0.05710303590427155,kivi,relative_norm_error,q_source,12,all_tokens,mean,12,0,0
source_state_norm_drift,31,0.058596245457920304,0.012796537766917027,-0.04428209861180221,kivi,relative_norm_error,q_source,12,all_tokens,p50,12,0,0
source_state_norm_drift,31,0.1807251121666923,0.0520069876452908,-0.13021429394430017,kivi,relative_norm_error,q_source,12,all_tokens,p90,12,0,0
source_state_norm_drift,31,0.2186079825496563,0.06849073270168445,-0.1517946211213711,kivi,relative_norm_error,q_source,12,all_tokens,p95,12,0,0
source_state_norm_drift,31,0.31853564979857807,0.12222296267224005,-0.20012004436401193,kivi,relative_norm_error,q_source,12,all_tokens,p99,12,0,0
source_state_norm_drift,31,0.7873206175427185,0.46528036464587785,-0.27920963161159307,kivi,signed_norm_drift,q_source,12,all_tokens,max,12,0,0
source_state_norm_drift,31,0.053776743195423964,0.012370998933964896,-0.04231912483396382,kivi,signed_norm_drift,q_source,12,all_tokens,mean,12,0,0
source_state_norm_drift,31,0.03474007507612242,0.006867356859546092,-0.02760203530453964,kivi,signed_norm_drift,q_source,12,all_tokens,p50,12,0,0
source_state_norm_drift,31,0.17513697324066016,0.04848313400725603,-0.12801617267032267,kivi,signed_norm_drift,q_source,12,all_tokens,p90,12,0,0
source_state_norm_drift,31,0.21070703983896233,0.06339929118075815,-0.14850748202952674,kivi,signed_norm_drift,q_source,12,all_tokens,p95,12,0,0
source_state_norm_drift,31,0.2934400519732297,0.1080068669208412,-0.19087280006206134,kivi,signed_norm_drift,q_source,12,all_tokens,p99,12,0,0
source_state_norm_drift,31,1.7231984276440926,1.1042946417292114,-0.7713595815002918,kivi,abs_log_norm_ratio,v_source,12,all_tokens,max,12,0,0
source_state_norm_drift,31,0.13141005827479424,0.043850086329037766,-0.0877109804162311,kivi,abs_log_norm_ratio,v_source,12,all_tokens,mean,12,0,0
source_state_norm_drift,31,0.07905776586994762,0.022157024119223934,-0.05865515406912891,kivi,abs_log_norm_ratio,v_source,12,all_tokens,p50,12,0,0
source_state_norm_drift,31,0.32762361630520903,0.11177897239103915,-0.2150656745565357,kivi,abs_log_norm_ratio,v_source,12,all_tokens,p90,12,0,0
source_state_norm_drift,31,0.42933380318281694,0.15308589083506371,-0.2796199003510992,kivi,abs_log_norm_ratio,v_source,12,all_tokens,p95,12,0,0
source_state_norm_drift,31,0.6803222890842879,0.27088416799582815,-0.4120131078915424,kivi,abs_log_norm_ratio,v_source,12,all_tokens,p99,12,0,0
source_state_norm_drift,31,3.0928456634283066,2.0237060487270355,-1.0308005958795547,kivi,direction_error,v_source,12,all_tokens,max,12,0,0
source_state_norm_drift,31,0.2568236409307737,0.041641392982418965,-0.21561946426260178,kivi,direction_error,v_source,12,all_tokens,mean,12,0,0
source_state_norm_drift,31,0.19425999373197556,0.01992443948984146,-0.1774454191327095,kivi,direction_error,v_source,12,all_tokens,p50,12,0,0
source_state_norm_drift,31,0.5336951032280923,0.09491534680128097,-0.4429946258664132,kivi,direction_error,v_source,12,all_tokens,p90,12,0,0
source_state_norm_drift,31,0.7319636695086954,0.13961854502558707,-0.596354915946722,kivi,direction_error,v_source,12,all_tokens,p95,12,0,0
source_state_norm_drift,31,1.4465132309496425,0.4045160242915175,-1.0035006611049169,kivi,direction_error,v_source,12,all_tokens,p99,12,0,0
source_state_norm_drift,31,1.8471688330173492,0.9826947450637817,-0.9350840747356415,kivi,norm_ratio,v_source,12,all_tokens,max,12,0,0
source_state_norm_drift,31,0.023991776225268324,-0.0007428919754863816,-0.0243521251316611,kivi,norm_ratio,v_source,12,all_tokens,mean,12,0,0
source_state_norm_drift,31,0.0005766004323959351,-0.00014103204011917114,-0.0009279847145080566,kivi,norm_ratio,v_source,12,all_tokens,p50,12,0,0
source_state_norm_drift,31,0.26626022458076476,0.07389664649963384,-0.187652012705803,kivi,norm_ratio,v_source,12,all_tokens,p90,12,0,0
source_state_norm_drift,31,0.3778776973485946,0.11330993920564647,-0.26062652766704547,kivi,norm_ratio,v_source,12,all_tokens,p95,12,0,0
source_state_norm_drift,31,0.6677579590678213,0.22473085433244727,-0.4392422318458556,kivi,norm_ratio,v_source,12,all_tokens,p99,12,0,0
source_state_norm_drift,31,5.223722210386768,4.0075565308798105,-1.2371718590147793,kivi,relative_L2,v_source,12,all_tokens,max,11,1,0
source_state_norm_drift,31,1.1739154169136974,0.4169431894285247,-0.7599196861164981,kivi,relative_L2,v_source,12,all_tokens,mean,12,0,0
source_state_norm_drift,31,1.2356400924327318,0.3774904398305807,-0.8827145916293375,kivi,relative_L2,v_source,12,all_tokens,p50,12,0,0
source_state_norm_drift,31,2.0944598767382563,0.8612101115635596,-1.2282111548236574,kivi,relative_L2,v_source,12,all_tokens,p90,12,0,0
source_state_norm_drift,31,2.457361976272659,1.0488518178375668,-1.3854200763395053,kivi,relative_L2,v_source,12,all_tokens,p95,12,0,0
source_state_norm_drift,31,3.4286001790931895,1.7586411164386675,-1.6454867174197008,kivi,relative_L2,v_source,12,all_tokens,p99,12,0,0
source_state_norm_drift,31,1.8456869743822608,1.1014864398457576,-0.8883707989007235,kivi,relative_norm_error,v_source,12,all_tokens,max,12,0,0
source_state_norm_drift,31,0.13257933588241105,0.043821552963897975,-0.08887574524514175,kivi,relative_norm_error,v_source,12,all_tokens,mean,12,0,0
source_state_norm_drift,31,0.07906510870452621,0.022151687609948567,-0.05866430430614855,kivi,relative_norm_error,v_source,12,all_tokens,p50,12,0,0
source_state_norm_drift,31,0.32991655355290284,0.11154186776984719,-0.21748842556262388,kivi,relative_norm_error,v_source,12,all_tokens,p90,12,0,0
source_state_norm_drift,31,0.43504740202624814,0.15329476058177535,-0.2839301186439115,kivi,relative_norm_error,v_source,12,all_tokens,p95,12,0,0
source_state_norm_drift,31,0.6994603493523022,0.2708067683961416,-0.43212675331887984,kivi,relative_norm_error,v_source,12,all_tokens,p99,12,0,0
source_state_norm_drift,31,1.8471689177094959,0.9826947386318352,-0.9350839983671904,kivi,signed_norm_drift,v_source,12,all_tokens,max,12,0,0
source_state_norm_drift,31,0.02399177698247601,-0.0007428923820266872,-0.02435212181263892,kivi,signed_norm_drift,v_source,12,all_tokens,mean,12,0,0
source_state_norm_drift,31,0.0005766048315614114,-0.00014098746873969503,-0.0009278887775963085,kivi,signed_norm_drift,v_source,12,all_tokens,p50,12,0,0
source_state_norm_drift,31,0.2662602102063829,0.07389655718216093,-0.1876519407509477,kivi,signed_norm_drift,v_source,12,all_tokens,p90,12,0,0
source_state_norm_drift,31,0.37787789340327427,0.11330981778919519,-0.26062656913127275,kivi,signed_norm_drift,v_source,12,all_tokens,p95,12,0,0
source_state_norm_drift,31,0.6677579063136362,0.22473079266535922,-0.4392421814744012,kivi,signed_norm_drift,v_source,12,all_tokens,p99,12,0,0
representation_norm_error,31,0.001375824213027954,-0.0014522373676300049,-0.002828061580657959,kivi,abs_log_norm_ratio,v_stored,1,packed_history,max,1,0,0
representation_norm_error,31,-0.006247779464154446,-0.0010455073395903014,0.0052022721245641446,kivi,abs_log_norm_ratio,v_stored,1,packed_history,mean,0,1,0
representation_norm_error,31,-0.005319029092788696,-0.0012034103274345398,0.0041156187653541565,kivi,abs_log_norm_ratio,v_stored,1,packed_history,p50,0,1,0
representation_norm_error,31,-0.011022850126028036,-0.006190672516822884,0.004832177609205152,kivi,abs_log_norm_ratio,v_stored,1,packed_history,p90,0,1,0
representation_norm_error,31,-0.0013897750526664227,-0.0004703246057034538,0.0009194504469629688,kivi,abs_log_norm_ratio,v_stored,1,packed_history,p95,0,1,0
representation_norm_error,31,-0.022278888523578427,-0.005536750704049936,0.01674213781952849,kivi,abs_log_norm_ratio,v_stored,1,packed_history,p99,0,1,0
representation_norm_error,31,0.0008575320243835449,-0.06053483486175537,-0.061392366886138916,kivi,direction_error,v_stored,1,packed_history,max,1,0,0
representation_norm_error,31,-5.685019459633622e-05,-0.0003426612483963254,-0.00028581105379998917,kivi,direction_error,v_stored,1,packed_history,mean,1,0,0
representation_norm_error,31,0.0008056461811065674,0.00018252432346343994,-0.0006231218576431274,kivi,direction_error,v_stored,1,packed_history,p50,1,0,0
representation_norm_error,31,0.0006107002496718722,-0.00029021799564371564,-0.0009009182453155878,kivi,direction_error,v_stored,1,packed_history,p90,1,0,0
representation_norm_error,31,-0.0018189027905464172,-0.0018276348710059703,-8.732080459553093e-06,kivi,direction_error,v_stored,1,packed_history,p95,1,0,0
representation_norm_error,31,-0.00221325963735583,-0.00342159420251828,-0.00120833456516245,kivi,direction_error,v_stored,1,packed_history,p99,1,0,0
representation_norm_error,31,0.002980947494506836,-0.0023276805877685547,-0.005308628082275391,kivi,norm_ratio,v_stored,1,packed_history,max,1,0,0
representation_norm_error,31,-0.0073511786404196755,-0.0014061661049709073,0.005945012535448768,kivi,norm_ratio,v_stored,1,packed_history,mean,0,1,0
representation_norm_error,31,-0.006072402000427246,-0.0013742446899414062,0.00469815731048584,kivi,norm_ratio,v_stored,1,packed_history,p50,0,1,0
representation_norm_error,31,-0.013465440273285001,-0.007562154531479348,0.005903285741805653,kivi,norm_ratio,v_stored,1,packed_history,p90,0,1,0
representation_norm_error,31,-0.0017567336559294322,-0.0006016910076142024,0.0011550426483152298,kivi,norm_ratio,v_stored,1,packed_history,p95,0,1,0
representation_norm_error,31,-0.03022447884082813,-0.0075013273954390725,0.022723151445389056,kivi,norm_ratio,v_stored,1,packed_history,p99,0,1,0
representation_norm_error,31,0.003711700439453125,-0.00019252300262451172,-0.0039042234420776367,kivi,relative_L2,v_stored,1,packed_history,max,1,0,0
representation_norm_error,31,-0.003706653757035383,-0.001333618074113474,0.002373035682921909,kivi,relative_L2,v_stored,1,packed_history,mean,0,1,0
representation_norm_error,31,-0.0036343783140182495,-0.001809239387512207,0.0018251389265060425,kivi,relative_L2,v_stored,1,packed_history,p50,0,1,0
representation_norm_error,31,0.005836221575736766,0.001578667759895347,-0.0042575538158414195,kivi,relative_L2,v_stored,1,packed_history,p90,1,0,0
representation_norm_error,31,-0.003162243962287592,0.0002985358238219993,0.0034607797861095912,kivi,relative_L2,v_stored,1,packed_history,p95,0,1,0
representation_norm_error,31,-0.006610537469386779,-0.006208264529705243,0.0004022729396815361,kivi,relative_L2,v_stored,1,packed_history,p99,0,1,0
representation_norm_error,31,0.002981126308441162,-0.0023275017738342285,-0.005308628082275391,kivi,relative_norm_error,v_stored,1,packed_history,max,1,0,0
representation_norm_error,31,-0.0072586795918349045,-0.0012179354165134937,0.006040744175321411,kivi,relative_norm_error,v_stored,1,packed_history,mean,0,1,0
representation_norm_error,31,-0.006072234362363815,-0.0013742893934249878,0.0046979449689388275,kivi,relative_norm_error,v_stored,1,packed_history,p50,0,1,0
representation_norm_error,31,-0.01346556097269054,-0.007562063634395655,0.005903497338294886,kivi,relative_norm_error,v_stored,1,packed_history,p90,0,1,0
representation_norm_error,31,-0.0017567440867421458,-0.0006016783416271654,0.0011550657451149804,kivi,relative_norm_error,v_stored,1,packed_history,p95,0,1,0
representation_norm_error,31,-0.030224611908197252,-0.007501380294561127,0.022723231613636125,kivi,relative_norm_error,v_stored,1,packed_history,p99,0,1,0
representation_norm_error,31,0.002981126308441162,-0.0023275017738342285,-0.005308628082275391,kivi,signed_norm_drift,v_stored,1,packed_history,max,1,0,0
representation_norm_error,31,-0.007351173572530345,-0.001406163534330207,0.005945010038200138,kivi,signed_norm_drift,v_stored,1,packed_history,mean,0,1,0
representation_norm_error,31,-0.006072234362363815,-0.0013742893934249878,0.0046979449689388275,kivi,signed_norm_drift,v_stored,1,packed_history,p50,0,1,0
representation_norm_error,31,-0.01346556097269054,-0.007562063634395655,0.005903497338294886,kivi,signed_norm_drift,v_stored,1,packed_history,p90,0,1,0
representation_norm_error,31,-0.0017567440867421458,-0.0006016783416271654,0.0011550657451149804,kivi,signed_norm_drift,v_stored,1,packed_history,p95,0,1,0
representation_norm_error,31,-0.030224611908197252,-0.007501380294561127,0.022723231613636125,kivi,signed_norm_drift,v_stored,1,packed_history,p99,0,1,0
representation_norm_error,31,0.0,0.0,0.0,kivi,abs_log_norm_ratio,v_stored,12,pending_history,max,0,0,12
representation_norm_error,31,0.0,0.0,0.0,kivi,abs_log_norm_ratio,v_stored,12,pending_history,mean,0,0,12
representation_norm_error,31,0.0,0.0,0.0,kivi,abs_log_norm_ratio,v_stored,12,pending_history,p50,0,0,12
representation_norm_error,31,0.0,0.0,0.0,kivi,abs_log_norm_ratio,v_stored,12,pending_history,p90,0,0,12
representation_norm_error,31,0.0,0.0,0.0,kivi,abs_log_norm_ratio,v_stored,12,pending_history,p95,0,0,12
representation_norm_error,31,0.0,0.0,0.0,kivi,abs_log_norm_ratio,v_stored,12,pending_history,p99,0,0,12
representation_norm_error,31,0.0,-2.9802322387695312e-08,-4.470348358154297e-08,kivi,direction_error,v_stored,12,pending_history,max,7,4,1
representation_norm_error,31,1.0606729322009612e-09,1.058321107517587e-09,-1.0856647029849354e-09,kivi,direction_error,v_stored,12,pending_history,mean,7,5,0
representation_norm_error,31,0.0,0.0,0.0,kivi,direction_error,v_stored,12,pending_history,p50,0,0,12
representation_norm_error,31,0.0,0.0,0.0,kivi,direction_error,v_stored,12,pending_history,p90,4,2,6
representation_norm_error,31,0.0,0.0,0.0,kivi,direction_error,v_stored,12,pending_history,p95,0,1,11
representation_norm_error,31,5.096197128296007e-08,-3.874301910400255e-09,-4.6491622924804755e-08,kivi,direction_error,v_stored,12,pending_history,p99,8,2,2
representation_norm_error,31,0.0,0.0,0.0,kivi,norm_ratio,v_stored,12,pending_history,max,0,0,12
representation_norm_error,31,0.0,0.0,0.0,kivi,norm_ratio,v_stored,12,pending_history,mean,0,0,12
representation_norm_error,31,0.0,0.0,0.0,kivi,norm_ratio,v_stored,12,pending_history,p50,0,0,12
representation_norm_error,31,0.0,0.0,0.0,kivi,norm_ratio,v_stored,12,pending_history,p90,0,0,12
representation_norm_error,31,0.0,0.0,0.0,kivi,norm_ratio,v_stored,12,pending_history,p95,0,0,12
representation_norm_error,31,0.0,0.0,0.0,kivi,norm_ratio,v_stored,12,pending_history,p99,0,0,12
representation_norm_error,31,0.0,0.0,0.0,kivi,relative_L2,v_stored,12,pending_history,max,0,0,12
representation_norm_error,31,0.0,0.0,0.0,kivi,relative_L2,v_stored,12,pending_history,mean,0,0,12
representation_norm_error,31,0.0,0.0,0.0,kivi,relative_L2,v_stored,12,pending_history,p50,0,0,12
representation_norm_error,31,0.0,0.0,0.0,kivi,relative_L2,v_stored,12,pending_history,p90,0,0,12
representation_norm_error,31,0.0,0.0,0.0,kivi,relative_L2,v_stored,12,pending_history,p95,0,0,12
representation_norm_error,31,0.0,0.0,0.0,kivi,relative_L2,v_stored,12,pending_history,p99,0,0,12
representation_norm_error,31,0.0,0.0,0.0,kivi,relative_norm_error,v_stored,12,pending_history,max,0,0,12
representation_norm_error,31,0.0,0.0,0.0,kivi,relative_norm_error,v_stored,12,pending_history,mean,0,0,12
representation_norm_error,31,0.0,0.0,0.0,kivi,relative_norm_error,v_stored,12,pending_history,p50,0,0,12
representation_norm_error,31,0.0,0.0,0.0,kivi,relative_norm_error,v_stored,12,pending_history,p90,0,0,12
representation_norm_error,31,0.0,0.0,0.0,kivi,relative_norm_error,v_stored,12,pending_history,p95,0,0,12
representation_norm_error,31,0.0,0.0,0.0,kivi,relative_norm_error,v_stored,12,pending_history,p99,0,0,12
representation_norm_error,31,0.0,0.0,0.0,kivi,signed_norm_drift,v_stored,12,pending_history,max,0,0,12
representation_norm_error,31,0.0,0.0,0.0,kivi,signed_norm_drift,v_stored,12,pending_history,mean,0,0,12
representation_norm_error,31,0.0,0.0,0.0,kivi,signed_norm_drift,v_stored,12,pending_history,p50,0,0,12
representation_norm_error,31,0.0,0.0,0.0,kivi,signed_norm_drift,v_stored,12,pending_history,p90,0,0,12
representation_norm_error,31,0.0,0.0,0.0,kivi,signed_norm_drift,v_stored,12,pending_history,p95,0,0,12
representation_norm_error,31,0.0,0.0,0.0,kivi,signed_norm_drift,v_stored,12,pending_history,p99,0,0,12
representation_norm_error,31,0.0,0.0,0.0,kivi,abs_log_norm_ratio,v_stored,12,recent,max,0,0,12
representation_norm_error,31,0.0,0.0,0.0,kivi,abs_log_norm_ratio,v_stored,12,recent,mean,0,0,12
representation_norm_error,31,0.0,0.0,0.0,kivi,abs_log_norm_ratio,v_stored,12,recent,p50,0,0,12
representation_norm_error,31,0.0,0.0,0.0,kivi,abs_log_norm_ratio,v_stored,12,recent,p90,0,0,12
representation_norm_error,31,0.0,0.0,0.0,kivi,abs_log_norm_ratio,v_stored,12,recent,p95,0,0,12
representation_norm_error,31,0.0,0.0,0.0,kivi,abs_log_norm_ratio,v_stored,12,recent,p99,0,0,12
representation_norm_error,31,2.9802322387695312e-08,1.043081283569336e-07,4.470348358154297e-08,kivi,direction_error,v_stored,12,recent,max,4,7,1
representation_norm_error,31,-1.0186340659856796e-09,7.130438461899757e-10,1.6152625903487206e-09,kivi,direction_error,v_stored,12,recent,mean,4,8,0
representation_norm_error,31,0.0,0.0,0.0,kivi,direction_error,v_stored,12,recent,p50,0,0,12
representation_norm_error,31,0.0,0.0,0.0,kivi,direction_error,v_stored,12,recent,p90,0,2,10
representation_norm_error,31,0.0,0.0,0.0,kivi,direction_error,v_stored,12,recent,p95,0,0,12
representation_norm_error,31,0.0,0.0,0.0,kivi,direction_error,v_stored,12,recent,p99,5,1,6
representation_norm_error,31,0.0,0.0,0.0,kivi,norm_ratio,v_stored,12,recent,max,0,0,12
representation_norm_error,31,0.0,0.0,0.0,kivi,norm_ratio,v_stored,12,recent,mean,0,0,12
representation_norm_error,31,0.0,0.0,0.0,kivi,norm_ratio,v_stored,12,recent,p50,0,0,12
representation_norm_error,31,0.0,0.0,0.0,kivi,norm_ratio,v_stored,12,recent,p90,0,0,12
representation_norm_error,31,0.0,0.0,0.0,kivi,norm_ratio,v_stored,12,recent,p95,0,0,12
representation_norm_error,31,0.0,0.0,0.0,kivi,norm_ratio,v_stored,12,recent,p99,0,0,12
representation_norm_error,31,0.0,0.0,0.0,kivi,relative_L2,v_stored,12,recent,max,0,0,12
representation_norm_error,31,0.0,0.0,0.0,kivi,relative_L2,v_stored,12,recent,mean,0,0,12
representation_norm_error,31,0.0,0.0,0.0,kivi,relative_L2,v_stored,12,recent,p50,0,0,12
representation_norm_error,31,0.0,0.0,0.0,kivi,relative_L2,v_stored,12,recent,p90,0,0,12
representation_norm_error,31,0.0,0.0,0.0,kivi,relative_L2,v_stored,12,recent,p95,0,0,12
representation_norm_error,31,0.0,0.0,0.0,kivi,relative_L2,v_stored,12,recent,p99,0,0,12
representation_norm_error,31,0.0,0.0,0.0,kivi,relative_norm_error,v_stored,12,recent,max,0,0,12
representation_norm_error,31,0.0,0.0,0.0,kivi,relative_norm_error,v_stored,12,recent,mean,0,0,12
representation_norm_error,31,0.0,0.0,0.0,kivi,relative_norm_error,v_stored,12,recent,p50,0,0,12
representation_norm_error,31,0.0,0.0,0.0,kivi,relative_norm_error,v_stored,12,recent,p90,0,0,12
representation_norm_error,31,0.0,0.0,0.0,kivi,relative_norm_error,v_stored,12,recent,p95,0,0,12
representation_norm_error,31,0.0,0.0,0.0,kivi,relative_norm_error,v_stored,12,recent,p99,0,0,12
representation_norm_error,31,0.0,0.0,0.0,kivi,signed_norm_drift,v_stored,12,recent,max,0,0,12
representation_norm_error,31,0.0,0.0,0.0,kivi,signed_norm_drift,v_stored,12,recent,mean,0,0,12
representation_norm_error,31,0.0,0.0,0.0,kivi,signed_norm_drift,v_stored,12,recent,p50,0,0,12
representation_norm_error,31,0.0,0.0,0.0,kivi,signed_norm_drift,v_stored,12,recent,p90,0,0,12
representation_norm_error,31,0.0,0.0,0.0,kivi,signed_norm_drift,v_stored,12,recent,p95,0,0,12
representation_norm_error,31,0.0,0.0,0.0,kivi,signed_norm_drift,v_stored,12,recent,p99,0,0,12
stored_norm_error,31,0.021661967039108276,-0.0020318329334259033,-0.02369379997253418,kivi,abs_log_norm_ratio,v_stored,1,packed_history,max,1,0,0
stored_norm_error,31,0.015441162801121122,-0.0009980169839844955,-0.016439179785105618,kivi,abs_log_norm_ratio,v_stored,1,packed_history,mean,1,0,0
stored_norm_error,31,0.01273982971906662,0.0008620023727416992,-0.01187782734632492,kivi,abs_log_norm_ratio,v_stored,1,packed_history,p50,1,0,0
stored_norm_error,31,0.11507243290543559,0.021849706023931423,-0.09322272688150417,kivi,abs_log_norm_ratio,v_stored,1,packed_history,p90,1,0,0
stored_norm_error,31,0.1443696975708009,0.030435488000511865,-0.11393420957028903,kivi,abs_log_norm_ratio,v_stored,1,packed_history,p95,1,0,0
stored_norm_error,31,0.15656430378556288,0.003919389992952549,-0.15264491379261033,kivi,abs_log_norm_ratio,v_stored,1,packed_history,p99,1,0,0
stored_norm_error,31,1.62018021941185,1.1227264106273651,-0.49745380878448486,kivi,direction_error,v_stored,1,packed_history,max,1,0,0
stored_norm_error,31,0.21941747260098055,0.04388046011354163,-0.17553701248743891,kivi,direction_error,v_stored,1,packed_history,mean,1,0,0
stored_norm_error,31,0.19119609892368317,0.03934897482395172,-0.15184712409973145,kivi,direction_error,v_stored,1,packed_history,p50,1,0,0
stored_norm_error,31,0.3574637085199355,0.061616542935371346,-0.29584716558456414,kivi,direction_error,v_stored,1,packed_history,p90,1,0,0
stored_norm_error,31,0.44756347984075534,0.06746310889720913,-0.3801003709435462,kivi,direction_error,v_stored,1,packed_history,p95,1,0,0
stored_norm_error,31,0.8934253686666493,0.13507172912359225,-0.7583536395430571,kivi,direction_error,v_stored,1,packed_history,p99,1,0,0
stored_norm_error,31,0.047847747802734375,-0.003194570541381836,-0.05104231834411621,kivi,norm_ratio,v_stored,1,packed_history,max,1,0,0
stored_norm_error,31,0.015716313049779274,-0.001599464379978599,-0.017315777429757873,kivi,norm_ratio,v_stored,1,packed_history,mean,1,0,0
stored_norm_error,31,0.014114618301391602,0.0008596479892730713,-0.01325497031211853,kivi,norm_ratio,v_stored,1,packed_history,p50,1,0,0
stored_norm_error,31,0.14263818860054034,0.026802027225494296,-0.11583616137504604,kivi,norm_ratio,v_stored,1,packed_history,p90,1,0,0
stored_norm_error,31,0.1849084973335262,0.038382846117019365,-0.14652565121650685,kivi,norm_ratio,v_stored,1,packed_history,p95,1,0,0
stored_norm_error,31,0.21639549791812973,0.00528235435485902,-0.2111131435632707,kivi,norm_ratio,v_stored,1,packed_history,p99,1,0,0
stored_norm_error,31,0.278215229511261,0.27201080322265625,-0.006204426288604736,kivi,relative_L2,v_stored,1,packed_history,max,1,0,0
stored_norm_error,31,0.4107629065479159,0.08785733104150495,-0.32290557550641097,kivi,relative_L2,v_stored,1,packed_history,mean,1,0,0
stored_norm_error,31,0.3957171142101288,0.08518671989440918,-0.3105303943157196,kivi,relative_L2,v_stored,1,packed_history,p50,1,0,0
stored_norm_error,31,0.5930809199810028,0.10596552491188022,-0.48711539506912255,kivi,relative_L2,v_stored,1,packed_history,p90,1,0,0
stored_norm_error,31,0.6903211370110509,0.11832750588655461,-0.5719936311244963,kivi,relative_L2,v_stored,1,packed_history,p95,1,0,0
stored_norm_error,31,1.1492122170329095,0.1760934138298033,-0.9731188032031062,kivi,relative_L2,v_stored,1,packed_history,p99,1,0,0
stored_norm_error,31,0.0478479266166687,-0.0031946003437042236,-0.051042526960372925,kivi,relative_norm_error,v_stored,1,packed_history,max,1,0,0
stored_norm_error,31,0.022355032473507397,-0.00025444201255084287,-0.02260947448605824,kivi,relative_norm_error,v_stored,1,packed_history,mean,1,0,0
stored_norm_error,31,0.014477752149105072,0.0009632408618927002,-0.013514511287212372,kivi,relative_norm_error,v_stored,1,packed_history,p50,1,0,0
stored_norm_error,31,0.1426531814038753,0.02680193111300444,-0.11585125029087087,kivi,relative_norm_error,v_stored,1,packed_history,p90,1,0,0
stored_norm_error,31,0.18490838184952713,0.03838264942169167,-0.14652573242783545,kivi,relative_norm_error,v_stored,1,packed_history,p95,1,0,0
stored_norm_error,31,0.2163955226540572,0.005282168984413527,-0.21111335366964368,kivi,relative_norm_error,v_stored,1,packed_history,p99,1,0,0
stored_norm_error,31,0.0478479266166687,-0.0031946003437042236,-0.051042526960372925,kivi,signed_norm_drift,v_stored,1,packed_history,max,1,0,0
stored_norm_error,31,0.01571630697979054,-0.0015994664094083622,-0.017315773389198902,kivi,signed_norm_drift,v_stored,1,packed_history,mean,1,0,0
stored_norm_error,31,0.014114733785390854,0.0008596405386924744,-0.01325509324669838,kivi,signed_norm_drift,v_stored,1,packed_history,p50,1,0,0
stored_norm_error,31,0.14263820871710775,0.02680193111300444,-0.11583627760410331,kivi,signed_norm_drift,v_stored,1,packed_history,p90,1,0,0
stored_norm_error,31,0.18490838184952713,0.03838264942169167,-0.14652573242783545,kivi,signed_norm_drift,v_stored,1,packed_history,p95,1,0,0
stored_norm_error,31,0.2163955226540572,0.005282168984413527,-0.21111335366964368,kivi,signed_norm_drift,v_stored,1,packed_history,p99,1,0,0
stored_norm_error,31,1.3506441808131058,0.5726035605184734,-0.8227446392702404,kivi,abs_log_norm_ratio,v_stored,12,pending_history,max,12,0,0
stored_norm_error,31,0.18163477482080648,0.0625078698384818,-0.12175629477577823,kivi,abs_log_norm_ratio,v_stored,12,pending_history,mean,12,0,0
stored_norm_error,31,0.14396098056749906,0.0453224868469988,-0.09873068742308533,kivi,abs_log_norm_ratio,v_stored,12,pending_history,p50,12,0,0
stored_norm_error,31,0.3801639458179125,0.13465383144721269,-0.25404859944610514,kivi,abs_log_norm_ratio,v_stored,12,pending_history,p90,12,0,0
stored_norm_error,31,0.4882413207677018,0.1760048323973023,-0.32026069819039543,kivi,abs_log_norm_ratio,v_stored,12,pending_history,p95,12,0,0
stored_norm_error,31,0.7261279522409307,0.2903219445463039,-0.44932237809553044,kivi,abs_log_norm_ratio,v_stored,12,pending_history,p99,12,0,0
stored_norm_error,31,2.308788314461708,0.9530602991580963,-1.405696228146553,kivi,direction_error,v_stored,12,pending_history,max,12,0,0
stored_norm_error,31,0.34819852307555266,0.05852119649880298,-0.28994076423962417,kivi,direction_error,v_stored,12,pending_history,mean,12,0,0
stored_norm_error,31,0.2820253446698189,0.03980959951877594,-0.2478475347161293,kivi,direction_error,v_stored,12,pending_history,p50,12,0,0
stored_norm_error,31,0.6357565090060235,0.10704358667135244,-0.5251669466495514,kivi,direction_error,v_stored,12,pending_history,p90,12,0,0
stored_norm_error,31,0.8471177518367761,0.16193503513932223,-0.6630522005259991,kivi,direction_error,v_stored,12,pending_history,p95,12,0,0
stored_norm_error,31,1.5225043851137148,0.5307914021611209,-0.948289117366075,kivi,direction_error,v_stored,12,pending_history,p99,12,0,0
stored_norm_error,31,1.3721773326396942,0.4731975793838501,-0.7926206588745117,kivi,norm_ratio,v_stored,12,pending_history,max,12,0,0
stored_norm_error,31,0.031796300085261464,0.0012008488300256637,-0.03167249634414182,kivi,norm_ratio,v_stored,12,pending_history,mean,12,0,0
stored_norm_error,31,0.02090267837047577,-0.001268632709980011,-0.02552855759859085,kivi,norm_ratio,v_stored,12,pending_history,p50,12,0,0
stored_norm_error,31,0.3301564276218411,0.09930126965045927,-0.21913465261459342,kivi,norm_ratio,v_stored,12,pending_history,p90,12,0,0
stored_norm_error,31,0.4354845285415647,0.14048626273870457,-0.3007870405912402,kivi,norm_ratio,v_stored,12,pending_history,p95,12,0,0
stored_norm_error,31,0.7241728222370147,0.25048513650894166,-0.4738186302781102,kivi,norm_ratio,v_stored,12,pending_history,p99,12,0,0
stored_norm_error,31,4.328573016158771,2.6413041180348955,-1.9705426692962646,kivi,relative_L2,v_stored,12,pending_history,max,12,0,0
stored_norm_error,31,1.5919737553430517,0.6009964588073672,-1.0287907066065194,kivi,relative_L2,v_stored,12,pending_history,mean,12,0,0
stored_norm_error,31,1.510914162674453,0.5483081811398733,-1.014455897573498,kivi,relative_L2,v_stored,12,pending_history,p50,12,0,0
stored_norm_error,31,2.2896734443609605,0.902309850981692,-1.3344656239496548,kivi,relative_L2,v_stored,12,pending_history,p90,12,0,0
stored_norm_error,31,2.646085041784681,1.117717102007009,-1.4652796946145825,kivi,relative_L2,v_stored,12,pending_history,p95,12,0,0
stored_norm_error,31,3.5130386810196805,1.9185069232800749,-1.5627588528319045,kivi,relative_L2,v_stored,12,pending_history,p99,12,0,0
stored_norm_error,31,1.417626994982129,0.5624737700854894,-0.8240200265136082,kivi,relative_norm_error,v_stored,12,pending_history,max,12,0,0
stored_norm_error,31,0.18430722148256737,0.06268100304387567,-0.1242991381024607,kivi,relative_norm_error,v_stored,12,pending_history,mean,12,0,0
stored_norm_error,31,0.14425481383659644,0.04525321552318928,-0.099627233668798,kivi,relative_norm_error,v_stored,12,pending_history,p50,12,0,0
stored_norm_error,31,0.3841299396997784,0.13485675365591304,-0.2575019348376373,kivi,relative_norm_error,v_stored,12,pending_history,p90,12,0,0
stored_norm_error,31,0.5007147546835766,0.17821615653119802,-0.33050149580449206,kivi,relative_norm_error,v_stored,12,pending_history,p95,12,0,0
stored_norm_error,31,0.7559172432187184,0.290013733844535,-0.46591223236580825,kivi,relative_norm_error,v_stored,12,pending_history,p99,12,0,0
stored_norm_error,31,1.3721771942800842,0.47319768578745425,-0.7926207513955887,kivi,signed_norm_drift,v_stored,12,pending_history,max,12,0,0
stored_norm_error,31,0.03179630605852707,0.0012008505310010021,-0.031672502151798156,kivi,signed_norm_drift,v_stored,12,pending_history,mean,12,0,0
stored_norm_error,31,0.020902724414661122,-0.001268592119814116,-0.02552856157294059,kivi,signed_norm_drift,v_stored,12,pending_history,p50,12,0,0
stored_norm_error,31,0.33015640084995534,0.0993012539765914,-0.21913472127707795,kivi,signed_norm_drift,v_stored,12,pending_history,p90,12,0,0
stored_norm_error,31,0.43548449133195355,0.14048641677072735,-0.30078697204517063,kivi,signed_norm_drift,v_stored,12,pending_history,p95,12,0,0
stored_norm_error,31,0.7241728782151768,0.2504851762617183,-0.47381871196761494,kivi,signed_norm_drift,v_stored,12,pending_history,p99,12,0,0
stored_norm_error,31,1.300891148246592,0.633194671041565,-0.5897278608754277,kivi,abs_log_norm_ratio,v_stored,12,recent,max,12,0,0
stored_norm_error,31,0.1812514830012797,0.06324057882312299,-0.11651547274431026,kivi,abs_log_norm_ratio,v_stored,12,recent,mean,12,0,0
stored_norm_error,31,0.13899762333858234,0.04574289072479587,-0.09375270783129963,kivi,abs_log_norm_ratio,v_stored,12,recent,p50,12,0,0
stored_norm_error,31,0.3900565875737812,0.13778263800704738,-0.25356635527423355,kivi,abs_log_norm_ratio,v_stored,12,recent,p90,12,0,0
stored_norm_error,31,0.49920903697857244,0.18424571945870397,-0.31890655388706346,kivi,abs_log_norm_ratio,v_stored,12,recent,p95,12,0,0
stored_norm_error,31,0.7532209740325921,0.2983747724865679,-0.4636570841519278,kivi,abs_log_norm_ratio,v_stored,12,recent,p99,12,0,0
stored_norm_error,31,2.4453824758529663,1.1426629573106766,-1.2562975734472275,kivi,direction_error,v_stored,12,recent,max,12,0,0
stored_norm_error,31,0.33860373006609734,0.0597800215909956,-0.27504926874826197,kivi,direction_error,v_stored,12,recent,mean,12,0,0
stored_norm_error,31,0.27573949843645096,0.039155036211013794,-0.23895158618688583,kivi,direction_error,v_stored,12,recent,p50,12,0,0
stored_norm_error,31,0.6225596889853477,0.11935960650444039,-0.49680081456899644,kivi,direction_error,v_stored,12,recent,p90,12,0,0
stored_norm_error,31,0.8155862107872959,0.1997726738452907,-0.622094690799713,kivi,direction_error,v_stored,12,recent,p95,12,0,0
stored_norm_error,31,1.5242296485602842,0.491315998136997,-0.9940672726929181,kivi,direction_error,v_stored,12,recent,p99,12,0,0
stored_norm_error,31,1.4108806550502777,0.5822951793670654,-0.8362987339496613,kivi,norm_ratio,v_stored,12,recent,max,12,0,0
stored_norm_error,31,0.030975138462963514,-0.0015349471213994548,-0.030890517635270953,kivi,norm_ratio,v_stored,12,recent,mean,12,0,0
stored_norm_error,31,0.01870857924222946,-0.0027445778250694275,-0.020318947732448578,kivi,norm_ratio,v_stored,12,recent,p50,12,0,0
stored_norm_error,31,0.32880431115627323,0.1020328104496005,-0.2251689344644549,kivi,norm_ratio,v_stored,12,recent,p90,12,0,0
stored_norm_error,31,0.4450651422142983,0.14007216244936016,-0.30351749211549744,kivi,norm_ratio,v_stored,12,recent,p95,12,0,0
stored_norm_error,31,0.7356549948453901,0.26170562297105776,-0.45228292554616945,kivi,norm_ratio,v_stored,12,recent,p99,12,0,0
stored_norm_error,31,4.664863293175586,2.798128445399925,-1.6926801966037601,kivi,relative_L2,v_stored,12,recent,max,12,0,0
stored_norm_error,31,1.5939817795805453,0.6038652068682779,-0.9641869881750438,kivi,relative_L2,v_stored,12,recent,mean,12,0,0
stored_norm_error,31,1.4921624045528006,0.5519286572234705,-0.9589475759130437,kivi,relative_L2,v_stored,12,recent,p50,12,0,0
stored_norm_error,31,2.338059408677509,0.9585255645390136,-1.357409730134532,kivi,relative_L2,v_stored,12,recent,p90,12,0,0
stored_norm_error,31,2.7477808886324047,1.2442295693530454,-1.4528747806965836,kivi,relative_L2,v_stored,12,recent,p95,12,0,0
stored_norm_error,31,3.5937914568674745,1.9839845844573571,-1.4951845971657889,kivi,relative_L2,v_stored,12,recent,p99,12,0,0
stored_norm_error,31,1.4074192569532897,0.6509794208686799,-0.688987761590397,kivi,relative_norm_error,v_stored,12,recent,max,12,0,0
stored_norm_error,31,0.1830242445346567,0.06330001223097664,-0.11853807879183502,kivi,relative_norm_error,v_stored,12,recent,mean,12,0,0
stored_norm_error,31,0.13920193852572993,0.04565052097677835,-0.09405400031027966,kivi,relative_norm_error,v_stored,12,recent,p50,12,0,0
stored_norm_error,31,0.392935130638216,0.1384882843231026,-0.25673379655345346,kivi,relative_norm_error,v_stored,12,recent,p90,12,0,0
stored_norm_error,31,0.5067971676267914,0.18537764692737238,-0.3276178773783611,kivi,relative_norm_error,v_stored,12,recent,p95,12,0,0
stored_norm_error,31,0.7719993442759729,0.299479581962514,-0.45997232592373605,kivi,relative_norm_error,v_stored,12,recent,p99,12,0,0
stored_norm_error,31,1.41088063645293,0.5822952765884111,-0.8362987046712078,kivi,signed_norm_drift,v_stored,12,recent,max,12,0,0
stored_norm_error,31,0.03097513672469322,-0.0015349471898405236,-0.030890513932527515,kivi,signed_norm_drift,v_stored,12,recent,mean,12,0,0
stored_norm_error,31,0.018708591736654512,-0.002744641347447896,-0.020318932461364625,kivi,signed_norm_drift,v_stored,12,recent,p50,12,0,0
stored_norm_error,31,0.32880433289683436,0.10203291367215574,-0.2251689006909147,kivi,signed_norm_drift,v_stored,12,recent,p90,12,0,0
stored_norm_error,31,0.4450651944534909,0.1400721630921907,-0.3035173946860595,kivi,signed_norm_drift,v_stored,12,recent,p95,12,0,0
stored_norm_error,31,0.7356549795308088,0.26170563972933436,-0.45228301805735094,kivi,signed_norm_drift,v_stored,12,recent,p99,12,0,0
source_state_norm_drift,7,0.22374103126639966,0.09521998224226991,-0.12581110618339153,kivi,abs_log_norm_ratio,hidden,12,all_tokens,max,12,0,0
source_state_norm_drift,7,0.02781959777757434,0.007261736129160038,-0.021449619670025382,kivi,abs_log_norm_ratio,hidden,12,all_tokens,mean,12,0,0
source_state_norm_drift,7,0.018950849193061003,0.0039035167105794244,-0.015218389808069333,kivi,abs_log_norm_ratio,hidden,12,all_tokens,p50,12,0,0
source_state_norm_drift,7,0.06848366610865926,0.01810444116508734,-0.05199700373195812,kivi,abs_log_norm_ratio,hidden,12,all_tokens,p90,12,0,0
source_state_norm_drift,7,0.08620180057259855,0.024559926739311764,-0.06430812866310587,kivi,abs_log_norm_ratio,hidden,12,all_tokens,p95,12,0,0
source_state_norm_drift,7,0.12624267549963394,0.04376246591258675,-0.08596425449592057,kivi,abs_log_norm_ratio,hidden,12,all_tokens,p99,12,0,0
source_state_norm_drift,7,1.8439212292432785,0.44656410813331604,-1.3546948581933975,kivi,direction_error,hidden,12,all_tokens,max,12,0,0
source_state_norm_drift,7,0.31664454872973186,0.025818323294060426,-0.29344596425422964,kivi,direction_error,hidden,12,all_tokens,mean,12,0,0
source_state_norm_drift,7,0.3193061500787735,0.014097854495048523,-0.30680134147405624,kivi,direction_error,hidden,12,all_tokens,p50,12,0,0
source_state_norm_drift,7,0.5750432550907136,0.06252022981643676,-0.5163220778107644,kivi,direction_error,hidden,12,all_tokens,p90,12,0,0
source_state_norm_drift,7,0.6859441876411436,0.09286448210477827,-0.6018894776701925,kivi,direction_error,hidden,12,all_tokens,p95,12,0,0
source_state_norm_drift,7,1.0267919836938388,0.16949236482381821,-0.8429480457305922,kivi,direction_error,hidden,12,all_tokens,p99,12,0,0
source_state_norm_drift,7,0.22479236125946045,0.09229132533073425,-0.11218318343162537,kivi,norm_ratio,hidden,12,all_tokens,max,12,0,0
source_state_norm_drift,7,0.016779707478826733,0.004269886629981623,-0.013303883126378757,kivi,norm_ratio,hidden,12,all_tokens,mean,11,1,0
source_state_norm_drift,7,0.008080080151557922,0.0016431212425231934,-0.006264150142669678,kivi,norm_ratio,hidden,12,all_tokens,p50,9,3,0
source_state_norm_drift,7,0.0650146692991257,0.016309240460395724,-0.05055128633975997,kivi,norm_ratio,hidden,12,all_tokens,p90,12,0,0
source_state_norm_drift,7,0.0852060616016388,0.022930459678172865,-0.06473034024238583,kivi,norm_ratio,hidden,12,all_tokens,p95,12,0,0
source_state_norm_drift,7,0.1272112971544268,0.04165256202220935,-0.08836977541446678,kivi,norm_ratio,hidden,12,all_tokens,p99,12,0,0
source_state_norm_drift,7,3.7843977076990996,1.7927716976846568,-1.9693371464964002,kivi,relative_L2,hidden,12,all_tokens,max,12,0,0
source_state_norm_drift,7,1.3511599780789432,0.33991472867972594,-1.0348874957928587,kivi,relative_L2,hidden,12,all_tokens,mean,12,0,0
source_state_norm_drift,7,1.5915897377271904,0.3163021799555281,-1.2981841517612338,kivi,relative_L2,hidden,12,all_tokens,p50,12,0,0
source_state_norm_drift,7,2.139958782744361,0.6943220462097088,-1.471297965751728,kivi,relative_L2,hidden,12,all_tokens,p90,12,0,0
source_state_norm_drift,7,2.3405356795352414,0.8485050625837173,-1.5350902022386437,kivi,relative_L2,hidden,12,all_tokens,p95,12,0,0
source_state_norm_drift,7,2.8321230547412424,1.1606882419012252,-1.7038681179448036,kivi,relative_L2,hidden,12,all_tokens,p99,12,0,0
source_state_norm_drift,7,0.22940976778772892,0.09630276457755826,-0.12647605215897784,kivi,relative_norm_error,hidden,12,all_tokens,max,12,0,0
source_state_norm_drift,7,0.027977042455560236,0.0072747317805988455,-0.021596855797455385,kivi,relative_norm_error,hidden,12,all_tokens,mean,12,0,0
source_state_norm_drift,7,0.01897473926146631,0.003903953377630387,-0.015253170966389007,kivi,relative_norm_error,hidden,12,all_tokens,p50,12,0,0
source_state_norm_drift,7,0.0689787235849508,0.01813513358974888,-0.052371320200836645,kivi,relative_norm_error,hidden,12,all_tokens,p90,12,0,0
source_state_norm_drift,7,0.08692911707476014,0.02463709582898445,-0.06498807505413425,kivi,relative_norm_error,hidden,12,all_tokens,p95,12,0,0
source_state_norm_drift,7,0.12809014504888178,0.04400546621203827,-0.08780981058269385,kivi,relative_norm_error,hidden,12,all_tokens,p99,12,0,0
source_state_norm_drift,7,0.22479241006658413,0.09229130661697127,-0.11218317280145129,kivi,signed_norm_drift,hidden,12,all_tokens,max,12,0,0
source_state_norm_drift,7,0.016779708711328792,0.004269885275305658,-0.013303885185677683,kivi,signed_norm_drift,hidden,12,all_tokens,mean,11,1,0
source_state_norm_drift,7,0.008080065400839942,0.0016431745848848323,-0.00626409563963648,kivi,signed_norm_drift,hidden,12,all_tokens,p50,9,3,0
source_state_norm_drift,7,0.06501463859585785,0.016309256266868036,-0.050551280745276025,kivi,signed_norm_drift,hidden,12,all_tokens,p90,12,0,0
source_state_norm_drift,7,0.08520609263032382,0.022930352635830778,-0.06473028023119692,kivi,signed_norm_drift,hidden,12,all_tokens,p95,12,0,0
source_state_norm_drift,7,0.12721129862933592,0.041652510172643854,-0.08836979550869722,kivi,signed_norm_drift,hidden,12,all_tokens,p99,12,0,0
source_state_norm_drift,7,1.7875131173059344,0.5549312306393404,-1.2815162024926394,kivi,abs_log_norm_ratio,k_source,12,all_tokens,max,12,0,0
source_state_norm_drift,7,0.0926034245277037,0.02278404904259929,-0.0701907511088238,kivi,abs_log_norm_ratio,k_source,12,all_tokens,mean,12,0,0
source_state_norm_drift,7,0.05768989904481714,0.012577210182826093,-0.04446619377085881,kivi,abs_log_norm_ratio,k_source,12,all_tokens,p50,12,0,0
source_state_norm_drift,7,0.22104274168159466,0.05597167721061852,-0.16292925033485517,kivi,abs_log_norm_ratio,k_source,12,all_tokens,p90,12,0,0
source_state_norm_drift,7,0.2847341957258322,0.07670695796223298,-0.20982316770387108,kivi,abs_log_norm_ratio,k_source,12,all_tokens,p95,12,0,0
source_state_norm_drift,7,0.4857140859364148,0.13724853454579722,-0.35337360473655266,kivi,abs_log_norm_ratio,k_source,12,all_tokens,p99,12,0,0
source_state_norm_drift,7,1.036333903670311,0.2690725475549698,-0.7525739222764969,kivi,direction_error,k_source,12,all_tokens,max,12,0,0
source_state_norm_drift,7,0.06010404638697135,0.004893109658995374,-0.055540813011777795,kivi,direction_error,k_source,12,all_tokens,mean,12,0,0
source_state_norm_drift,7,0.05024424195289612,0.002267986536026001,-0.04823813587427139,kivi,direction_error,k_source,12,all_tokens,p50,12,0,0
source_state_norm_drift,7,0.11924633830785758,0.012215133011341096,-0.10815156847238547,kivi,direction_error,k_source,12,all_tokens,p90,12,0,0
source_state_norm_drift,7,0.15323966443538659,0.018686505407094954,-0.13599172234535212,kivi,direction_error,k_source,12,all_tokens,p95,12,0,0
source_state_norm_drift,7,0.2926411104202262,0.0373125860095024,-0.25383533045649453,kivi,direction_error,k_source,12,all_tokens,p99,12,0,0
source_state_norm_drift,7,2.132066249847412,0.5536852478981018,-1.5666804909706116,kivi,norm_ratio,k_source,12,all_tokens,max,12,0,0
source_state_norm_drift,7,-0.011154287188218787,0.011267672186501043,0.02146120040595148,kivi,norm_ratio,k_source,12,all_tokens,mean,2,10,0
source_state_norm_drift,7,-0.004174485802650452,0.00444367527961731,0.007722385227680206,kivi,norm_ratio,k_source,12,all_tokens,p50,0,12,0
source_state_norm_drift,7,0.13828678727149962,0.04929834604263306,-0.08560424149036411,kivi,norm_ratio,k_source,12,all_tokens,p90,12,0,0
source_state_norm_drift,7,0.201431681215763,0.07078476399183253,-0.13099723458290102,kivi,norm_ratio,k_source,12,all_tokens,p95,12,0,0
source_state_norm_drift,7,0.42556841731071393,0.12908997058868388,-0.29171068131923683,kivi,norm_ratio,k_source,12,all_tokens,p99,12,0,0
source_state_norm_drift,7,3.3858583981345873,1.514372067176737,-1.9430609918781556,kivi,relative_L2,k_source,12,all_tokens,max,12,0,0
source_state_norm_drift,7,0.5828051461754837,0.14742205881844186,-0.4453813431738446,kivi,relative_L2,k_source,12,all_tokens,mean,12,0,0
source_state_norm_drift,7,0.6385393119053333,0.12884789426607313,-0.5206956339388853,kivi,relative_L2,k_source,12,all_tokens,p50,12,0,0
source_state_norm_drift,7,0.9859333566404532,0.30923442737112056,-0.6993804560712307,kivi,relative_L2,k_source,12,all_tokens,p90,12,0,0
source_state_norm_drift,7,1.118804865563288,0.3906922356516588,-0.7655295078671771,kivi,relative_L2,k_source,12,all_tokens,p95,12,0,0
source_state_norm_drift,7,1.6263650945264043,0.5543845135829176,-1.0265016086731293,kivi,relative_L2,k_source,12,all_tokens,p99,12,0,0
source_state_norm_drift,7,2.1305457240523538,0.5916123713250272,-1.5620591504557524,kivi,relative_norm_error,k_source,12,all_tokens,max,12,0,0
source_state_norm_drift,7,0.09262996981333686,0.02288221113645386,-0.07010715287334218,kivi,relative_norm_error,k_source,12,all_tokens,mean,12,0,0
source_state_norm_drift,7,0.05758911421708035,0.012595979766047094,-0.04437886294545024,kivi,relative_norm_error,k_source,12,all_tokens,p50,12,0,0
source_state_norm_drift,7,0.22003370665261193,0.05621220786269987,-0.16182777295907738,kivi,relative_norm_error,k_source,12,all_tokens,p90,12,0,0
source_state_norm_drift,7,0.2823661167778482,0.07711840738229507,-0.20575029651154175,kivi,relative_norm_error,k_source,12,all_tokens,p95,12,0,0
source_state_norm_drift,7,0.48168271956899755,0.1389153745947257,-0.3456207790882026,kivi,relative_norm_error,k_source,12,all_tokens,p99,12,0,0
source_state_norm_drift,7,2.1320662626676494,0.5536851965152891,-1.566680336749414,kivi,signed_norm_drift,k_source,12,all_tokens,max,12,0,0
source_state_norm_drift,7,-0.01115428707371185,0.011267674152303411,0.021461201834573423,kivi,signed_norm_drift,k_source,12,all_tokens,mean,2,10,0
source_state_norm_drift,7,-0.004174455512625741,0.004443659555541046,0.00772239725230861,kivi,signed_norm_drift,k_source,12,all_tokens,p50,0,12,0
source_state_norm_drift,7,0.13828671572373424,0.049298349907257955,-0.08560428026830778,kivi,signed_norm_drift,k_source,12,all_tokens,p90,12,0,0
source_state_norm_drift,7,0.20143168457798302,0.0707848198646388,-0.13099716342912865,kivi,signed_norm_drift,k_source,12,all_tokens,p95,12,0,0
source_state_norm_drift,7,0.42556836108247775,0.12908994831479484,-0.29171078910803816,kivi,signed_norm_drift,k_source,12,all_tokens,p99,12,0,0
representation_norm_error,7,-0.04070368409156799,-0.0006091669201850891,0.040094517171382904,kivi,abs_log_norm_ratio,k_stored,1,packed_history,max,0,1,0
representation_norm_error,7,-0.0014569394494321,-0.0014283834251195282,2.8556024312571815e-05,kivi,abs_log_norm_ratio,k_stored,1,packed_history,mean,0,1,0
representation_norm_error,7,-0.00154067762196064,-0.001616189256310463,-7.5511634349823e-05,kivi,abs_log_norm_ratio,k_stored,1,packed_history,p50,1,0,0
representation_norm_error,7,-0.0009630862623453001,-0.001552383229136478,-0.0005892969667911779,kivi,abs_log_norm_ratio,k_stored,1,packed_history,p90,1,0,0
representation_norm_error,7,-0.002551105618476851,-0.003369924239814359,-0.0008188186213375082,kivi,abs_log_norm_ratio,k_stored,1,packed_history,p95,1,0,0
representation_norm_error,7,-0.007918963618576504,-0.008597272410988711,-0.0006783087924122078,kivi,abs_log_norm_ratio,k_stored,1,packed_history,p99,1,0,0
representation_norm_error,7,0.08381438255310059,0.02488464117050171,-0.05892974138259888,kivi,direction_error,k_stored,1,packed_history,max,1,0,0
representation_norm_error,7,-0.0015161185347096762,-0.000749196424294496,0.0007669221104151802,kivi,direction_error,k_stored,1,packed_history,mean,0,1,0
representation_norm_error,7,-0.0016120672225952148,-0.0006914883852005005,0.0009205788373947144,kivi,direction_error,k_stored,1,packed_history,p50,0,1,0
representation_norm_error,7,-0.0018528521060943784,-0.0008987545967102106,0.0009540975093841678,kivi,direction_error,k_stored,1,packed_history,p90,0,1,0
representation_norm_error,7,-0.0036528140306472355,-0.0008881539106368602,0.0027646601200103753,kivi,direction_error,k_stored,1,packed_history,p95,0,1,0
representation_norm_error,7,-0.010246785879135127,-0.0034996527433395416,0.0067471331357955855,kivi,direction_error,k_stored,1,packed_history,p99,0,1,0
representation_norm_error,7,-0.09791135787963867,-0.0023607611656188965,0.09555059671401978,kivi,norm_ratio,k_stored,1,packed_history,max,0,1,0
representation_norm_error,7,-0.002003243608669436,-0.0016864100798557047,0.0003168335288137314,kivi,norm_ratio,k_stored,1,packed_history,mean,0,1,0
representation_norm_error,7,-0.0016585588455200195,-0.0017507374286651611,-9.21785831451416e-05,kivi,norm_ratio,k_stored,1,packed_history,p50,1,0,0
representation_norm_error,7,-0.0009989321231842485,-0.001668411493301214,-0.0006694793701169655,kivi,norm_ratio,k_stored,1,packed_history,p90,1,0,0
representation_norm_error,7,-0.002780687808990656,-0.003673991560935952,-0.0008933037519452958,kivi,norm_ratio,k_stored,1,packed_history,p95,1,0,0
representation_norm_error,7,-0.008990356326103344,-0.009595760107040108,-0.0006054037809367641,kivi,norm_ratio,k_stored,1,packed_history,p99,1,0,0
representation_norm_error,7,0.004669785499572754,0.05586725473403931,0.05119746923446655,kivi,relative_L2,k_stored,1,packed_history,max,0,1,0
representation_norm_error,7,-0.005686222805024954,-0.0032517266158720304,0.0024344961891529238,kivi,relative_L2,k_stored,1,packed_history,mean,0,1,0
representation_norm_error,7,-0.00596947968006134,-0.0025739148259162903,0.00339556485414505,kivi,relative_L2,k_stored,1,packed_history,p50,0,1,0
representation_norm_error,7,-0.0059511154890060924,-0.0026404947042464877,0.0033106207847596048,kivi,relative_L2,k_stored,1,packed_history,p90,0,1,0
representation_norm_error,7,-0.009166432917118106,-0.0033624142408371638,0.005804018676280942,kivi,relative_L2,k_stored,1,packed_history,p95,0,1,0
representation_norm_error,7,-0.032792034894227606,0.0008832570910456694,0.033675291985273276,kivi,relative_L2,k_stored,1,packed_history,p99,0,1,0
representation_norm_error,7,-0.0979117751121521,-0.0023607835173606873,0.09555099159479141,kivi,relative_norm_error,k_stored,1,packed_history,max,0,1,0
representation_norm_error,7,-0.0015640561932616648,-0.001520889008211436,4.316718505022882e-05,kivi,relative_norm_error,k_stored,1,packed_history,mean,0,1,0
representation_norm_error,7,-0.0016991319134831429,-0.001696486957371235,2.644956111907959e-06,kivi,relative_norm_error,k_stored,1,packed_history,p50,0,1,0
representation_norm_error,7,-0.0009700935333967348,-0.0016718424856662778,-0.000701748952269543,kivi,relative_norm_error,k_stored,1,packed_history,p90,1,0,0
representation_norm_error,7,-0.0027793912217020517,-0.003673970513045882,-0.0008945792913438305,kivi,relative_norm_error,k_stored,1,packed_history,p95,1,0,0
representation_norm_error,7,-0.008990269266068884,-0.009595819599926371,-0.0006055503338574866,kivi,relative_norm_error,k_stored,1,packed_history,p99,1,0,0
representation_norm_error,7,-0.0979117751121521,-0.0023607835173606873,0.09555099159479141,kivi,signed_norm_drift,k_stored,1,packed_history,max,0,1,0
representation_norm_error,7,-0.002003243240986295,-0.0016864095382930835,0.00031683370269321165,kivi,signed_norm_drift,k_stored,1,packed_history,mean,0,1,0
representation_norm_error,7,-0.0016586482524871826,-0.0017508268356323242,-9.21785831451416e-05,kivi,signed_norm_drift,k_stored,1,packed_history,p50,1,0,0
representation_norm_error,7,-0.0009991418570280547,-0.0016684025526046836,-0.0006692606955766289,kivi,signed_norm_drift,k_stored,1,packed_history,p90,1,0,0
representation_norm_error,7,-0.0027806444093584487,-0.003673970513045882,-0.0008933261036874335,kivi,signed_norm_drift,k_stored,1,packed_history,p95,1,0,0
representation_norm_error,7,-0.008990269266068884,-0.009595819599926371,-0.0006055503338574866,kivi,signed_norm_drift,k_stored,1,packed_history,p99,1,0,0
representation_norm_error,7,0.0,0.0,0.0,kivi,abs_log_norm_ratio,k_stored,12,pending_history,max,0,0,12
representation_norm_error,7,0.0,0.0,0.0,kivi,abs_log_norm_ratio,k_stored,12,pending_history,mean,0,0,12
representation_norm_error,7,0.0,0.0,0.0,kivi,abs_log_norm_ratio,k_stored,12,pending_history,p50,0,0,12
representation_norm_error,7,0.0,0.0,0.0,kivi,abs_log_norm_ratio,k_stored,12,pending_history,p90,0,0,12
representation_norm_error,7,0.0,0.0,0.0,kivi,abs_log_norm_ratio,k_stored,12,pending_history,p95,0,0,12
representation_norm_error,7,0.0,0.0,0.0,kivi,abs_log_norm_ratio,k_stored,12,pending_history,p99,0,0,12
representation_norm_error,7,2.9802322387695312e-08,2.9802322387695312e-08,1.4901161193847656e-08,kivi,direction_error,k_stored,12,pending_history,max,5,6,1
representation_norm_error,7,9.42334834788297e-10,1.0196232838366278e-09,5.67518044135454e-10,kivi,direction_error,k_stored,12,pending_history,mean,6,6,0
representation_norm_error,7,0.0,0.0,0.0,kivi,direction_error,k_stored,12,pending_history,p50,0,0,12
representation_norm_error,7,0.0,0.0,0.0,kivi,direction_error,k_stored,12,pending_history,p90,0,1,11
representation_norm_error,7,0.0,0.0,0.0,kivi,direction_error,k_stored,12,pending_history,p95,1,0,11
representation_norm_error,7,-2.980232238770209e-09,-4.351139068603603e-08,9.685754776000638e-09,kivi,direction_error,k_stored,12,pending_history,p99,5,6,1
representation_norm_error,7,0.0,0.0,0.0,kivi,norm_ratio,k_stored,12,pending_history,max,0,0,12
representation_norm_error,7,0.0,0.0,0.0,kivi,norm_ratio,k_stored,12,pending_history,mean,0,0,12
representation_norm_error,7,0.0,0.0,0.0,kivi,norm_ratio,k_stored,12,pending_history,p50,0,0,12
representation_norm_error,7,0.0,0.0,0.0,kivi,norm_ratio,k_stored,12,pending_history,p90,0,0,12
representation_norm_error,7,0.0,0.0,0.0,kivi,norm_ratio,k_stored,12,pending_history,p95,0,0,12
representation_norm_error,7,0.0,0.0,0.0,kivi,norm_ratio,k_stored,12,pending_history,p99,0,0,12
representation_norm_error,7,0.0,0.0,0.0,kivi,relative_L2,k_stored,12,pending_history,max,0,0,12
representation_norm_error,7,0.0,0.0,0.0,kivi,relative_L2,k_stored,12,pending_history,mean,0,0,12
representation_norm_error,7,0.0,0.0,0.0,kivi,relative_L2,k_stored,12,pending_history,p50,0,0,12
representation_norm_error,7,0.0,0.0,0.0,kivi,relative_L2,k_stored,12,pending_history,p90,0,0,12
representation_norm_error,7,0.0,0.0,0.0,kivi,relative_L2,k_stored,12,pending_history,p95,0,0,12
representation_norm_error,7,0.0,0.0,0.0,kivi,relative_L2,k_stored,12,pending_history,p99,0,0,12
representation_norm_error,7,0.0,0.0,0.0,kivi,relative_norm_error,k_stored,12,pending_history,max,0,0,12
representation_norm_error,7,0.0,0.0,0.0,kivi,relative_norm_error,k_stored,12,pending_history,mean,0,0,12
representation_norm_error,7,0.0,0.0,0.0,kivi,relative_norm_error,k_stored,12,pending_history,p50,0,0,12
representation_norm_error,7,0.0,0.0,0.0,kivi,relative_norm_error,k_stored,12,pending_history,p90,0,0,12
representation_norm_error,7,0.0,0.0,0.0,kivi,relative_norm_error,k_stored,12,pending_history,p95,0,0,12
representation_norm_error,7,0.0,0.0,0.0,kivi,relative_norm_error,k_stored,12,pending_history,p99,0,0,12
representation_norm_error,7,0.0,0.0,0.0,kivi,signed_norm_drift,k_stored,12,pending_history,max,0,0,12
representation_norm_error,7,0.0,0.0,0.0,kivi,signed_norm_drift,k_stored,12,pending_history,mean,0,0,12
representation_norm_error,7,0.0,0.0,0.0,kivi,signed_norm_drift,k_stored,12,pending_history,p50,0,0,12
representation_norm_error,7,0.0,0.0,0.0,kivi,signed_norm_drift,k_stored,12,pending_history,p90,0,0,12
representation_norm_error,7,0.0,0.0,0.0,kivi,signed_norm_drift,k_stored,12,pending_history,p95,0,0,12
representation_norm_error,7,0.0,0.0,0.0,kivi,signed_norm_drift,k_stored,12,pending_history,p99,0,0,12
representation_norm_error,7,0.0,0.0,0.0,kivi,abs_log_norm_ratio,k_stored,12,recent,max,0,0,12
representation_norm_error,7,0.0,0.0,0.0,kivi,abs_log_norm_ratio,k_stored,12,recent,mean,0,0,12
representation_norm_error,7,0.0,0.0,0.0,kivi,abs_log_norm_ratio,k_stored,12,recent,p50,0,0,12
representation_norm_error,7,0.0,0.0,0.0,kivi,abs_log_norm_ratio,k_stored,12,recent,p90,0,0,12
representation_norm_error,7,0.0,0.0,0.0,kivi,abs_log_norm_ratio,k_stored,12,recent,p95,0,0,12
representation_norm_error,7,0.0,0.0,0.0,kivi,abs_log_norm_ratio,k_stored,12,recent,p99,0,0,12
representation_norm_error,7,-2.9802322387695312e-08,-1.4901161193847656e-07,-5.960464477539063e-08,kivi,direction_error,k_stored,12,recent,max,8,0,4
representation_norm_error,7,-2.168235369026661e-09,-4.234607331454754e-09,-5.820766091346741e-11,kivi,direction_error,k_stored,12,recent,mean,7,5,0
representation_norm_error,7,0.0,0.0,0.0,kivi,direction_error,k_stored,12,recent,p50,0,0,12
representation_norm_error,7,0.0,0.0,0.0,kivi,direction_error,k_stored,12,recent,p90,0,0,12
representation_norm_error,7,0.0,0.0,0.0,kivi,direction_error,k_stored,12,recent,p95,0,0,12
representation_norm_error,7,-1.8328428268432888e-08,-7.450580596923828e-08,0.0,kivi,direction_error,k_stored,12,recent,p99,5,4,3
representation_norm_error,7,0.0,0.0,0.0,kivi,norm_ratio,k_stored,12,recent,max,0,0,12
representation_norm_error,7,0.0,0.0,0.0,kivi,norm_ratio,k_stored,12,recent,mean,0,0,12
representation_norm_error,7,0.0,0.0,0.0,kivi,norm_ratio,k_stored,12,recent,p50,0,0,12
representation_norm_error,7,0.0,0.0,0.0,kivi,norm_ratio,k_stored,12,recent,p90,0,0,12
representation_norm_error,7,0.0,0.0,0.0,kivi,norm_ratio,k_stored,12,recent,p95,0,0,12
representation_norm_error,7,0.0,0.0,0.0,kivi,norm_ratio,k_stored,12,recent,p99,0,0,12
representation_norm_error,7,0.0,0.0,0.0,kivi,relative_L2,k_stored,12,recent,max,0,0,12
representation_norm_error,7,0.0,0.0,0.0,kivi,relative_L2,k_stored,12,recent,mean,0,0,12
representation_norm_error,7,0.0,0.0,0.0,kivi,relative_L2,k_stored,12,recent,p50,0,0,12
representation_norm_error,7,0.0,0.0,0.0,kivi,relative_L2,k_stored,12,recent,p90,0,0,12
representation_norm_error,7,0.0,0.0,0.0,kivi,relative_L2,k_stored,12,recent,p95,0,0,12
representation_norm_error,7,0.0,0.0,0.0,kivi,relative_L2,k_stored,12,recent,p99,0,0,12
representation_norm_error,7,0.0,0.0,0.0,kivi,relative_norm_error,k_stored,12,recent,max,0,0,12
representation_norm_error,7,0.0,0.0,0.0,kivi,relative_norm_error,k_stored,12,recent,mean,0,0,12
representation_norm_error,7,0.0,0.0,0.0,kivi,relative_norm_error,k_stored,12,recent,p50,0,0,12
representation_norm_error,7,0.0,0.0,0.0,kivi,relative_norm_error,k_stored,12,recent,p90,0,0,12
representation_norm_error,7,0.0,0.0,0.0,kivi,relative_norm_error,k_stored,12,recent,p95,0,0,12
representation_norm_error,7,0.0,0.0,0.0,kivi,relative_norm_error,k_stored,12,recent,p99,0,0,12
representation_norm_error,7,0.0,0.0,0.0,kivi,signed_norm_drift,k_stored,12,recent,max,0,0,12
representation_norm_error,7,0.0,0.0,0.0,kivi,signed_norm_drift,k_stored,12,recent,mean,0,0,12
representation_norm_error,7,0.0,0.0,0.0,kivi,signed_norm_drift,k_stored,12,recent,p50,0,0,12
representation_norm_error,7,0.0,0.0,0.0,kivi,signed_norm_drift,k_stored,12,recent,p90,0,0,12
representation_norm_error,7,0.0,0.0,0.0,kivi,signed_norm_drift,k_stored,12,recent,p95,0,0,12
representation_norm_error,7,0.0,0.0,0.0,kivi,signed_norm_drift,k_stored,12,recent,p99,0,0,12
stored_norm_error,7,-0.04070368409156799,0.053409792482852936,0.09411347657442093,kivi,abs_log_norm_ratio,k_stored,1,packed_history,max,0,1,0
stored_norm_error,7,0.012379994062049308,0.010867375643923205,-0.0015126184181261035,kivi,abs_log_norm_ratio,k_stored,1,packed_history,mean,1,0,0
stored_norm_error,7,-0.0054405443370342255,0.011296704411506653,0.01673724874854088,kivi,abs_log_norm_ratio,k_stored,1,packed_history,p50,0,1,0
stored_norm_error,7,0.06140489913523194,0.016992630809545523,-0.04441226832568642,kivi,abs_log_norm_ratio,k_stored,1,packed_history,p90,1,0,0
stored_norm_error,7,0.07947819866240019,0.019158648699522038,-0.06031954996287815,kivi,abs_log_norm_ratio,k_stored,1,packed_history,p95,1,0,0
stored_norm_error,7,0.1944314010068776,0.01936166003346427,-0.17506974097341335,kivi,abs_log_norm_ratio,k_stored,1,packed_history,p99,1,0,0
stored_norm_error,7,0.08381438255310059,0.08304917812347412,-0.0007652044296264648,kivi,direction_error,k_stored,1,packed_history,max,1,0,0
stored_norm_error,7,0.06489950893410423,0.0057495082710374845,-0.05915000066306675,kivi,direction_error,k_stored,1,packed_history,mean,1,0,0
stored_norm_error,7,0.05484075844287872,0.005470782518386841,-0.04936997592449188,kivi,direction_error,k_stored,1,packed_history,p50,1,0,0
stored_norm_error,7,0.10324200987815856,0.007168143987655633,-0.09607386589050293,kivi,direction_error,k_stored,1,packed_history,p90,1,0,0
stored_norm_error,7,0.1474150404334068,0.0079950377345085,-0.13942000269889832,kivi,direction_error,k_stored,1,packed_history,p95,1,0,0
stored_norm_error,7,0.27203588873147977,0.01026348531246183,-0.2617724034190179,kivi,direction_error,k_stored,1,packed_history,p99,1,0,0
stored_norm_error,7,-0.09791135787963867,0.0662660002708435,0.16417735815048218,kivi,norm_ratio,k_stored,1,packed_history,max,0,1,0
stored_norm_error,7,-0.013272754859826819,0.01098512599219248,0.024257880852019298,kivi,norm_ratio,k_stored,1,packed_history,mean,0,1,0
stored_norm_error,7,-0.02047094702720642,0.011568397283554077,0.0320393443107605,kivi,norm_ratio,k_stored,1,packed_history,p50,0,1,0
stored_norm_error,7,0.0651615738868715,0.018363147974013838,-0.046798425912857655,kivi,norm_ratio,k_stored,1,packed_history,p90,1,0,0
stored_norm_error,7,0.08711009919643375,0.02095347344875309,-0.06615662574768066,kivi,norm_ratio,k_stored,1,packed_history,p95,1,0,0
stored_norm_error,7,0.22620230615139048,0.021653661727905393,-0.20454864442348508,kivi,norm_ratio,k_stored,1,packed_history,p99,1,0,0
stored_norm_error,7,0.004669785499572754,0.03938451409339905,0.034714728593826294,kivi,relative_L2,k_stored,1,packed_history,max,0,1,0
stored_norm_error,7,0.20436318818542532,0.02392953730577574,-0.18043365087964958,kivi,relative_L2,k_stored,1,packed_history,mean,1,0,0
stored_norm_error,7,0.17385151237249374,0.02400028705596924,-0.1498512253165245,kivi,relative_L2,k_stored,1,packed_history,p50,1,0,0
stored_norm_error,7,0.2878827393054961,0.02662961184978474,-0.2612531274557114,kivi,relative_L2,k_stored,1,packed_history,p90,1,0,0
stored_norm_error,7,0.4057464718818661,0.03038549795746806,-0.37536097392439804,kivi,relative_L2,k_stored,1,packed_history,p95,1,0,0
stored_norm_error,7,0.7329045525193215,0.056578633934259076,-0.6763259185850624,kivi,relative_L2,k_stored,1,packed_history,p99,1,0,0
stored_norm_error,7,-0.0979117751121521,0.06626556068658829,0.1641773357987404,kivi,relative_norm_error,k_stored,1,packed_history,max,0,1,0
stored_norm_error,7,0.01401449086666301,0.011519697035565366,-0.002494793831097644,kivi,relative_norm_error,k_stored,1,packed_history,mean,1,0,0
stored_norm_error,7,-0.006770851090550423,0.011786060407757759,0.018556911498308182,kivi,relative_norm_error,k_stored,1,packed_history,p50,0,1,0
stored_norm_error,7,0.06648268513381478,0.018361597880721094,-0.048121087253093685,kivi,relative_norm_error,k_stored,1,packed_history,p90,1,0,0
stored_norm_error,7,0.08792619109153745,0.020953435637056816,-0.06697275545448063,kivi,relative_norm_error,k_stored,1,packed_history,p95,1,0,0
stored_norm_error,7,0.22629083883017326,0.02165362946689113,-0.2046372093632821,kivi,relative_norm_error,k_stored,1,packed_history,p99,1,0,0
stored_norm_error,7,-0.0979117751121521,0.06626556068658829,0.1641773357987404,kivi,signed_norm_drift,k_stored,1,packed_history,max,0,1,0
stored_norm_error,7,-0.01327275438229801,0.010985126282215367,0.024257880664513377,kivi,signed_norm_drift,k_stored,1,packed_history,mean,0,1,0
stored_norm_error,7,-0.020471038296818733,0.011568482965230942,0.032039521262049675,kivi,signed_norm_drift,k_stored,1,packed_history,p50,0,1,0
stored_norm_error,7,0.06516163982450963,0.018363156169652936,-0.0467984836548567,kivi,signed_norm_drift,k_stored,1,packed_history,p90,1,0,0
stored_norm_error,7,0.08711001165211202,0.020953435637056816,-0.0661565760150552,kivi,signed_norm_drift,k_stored,1,packed_history,p95,1,0,0
stored_norm_error,7,0.226202372647822,0.02165362946689113,-0.20454874318093086,kivi,signed_norm_drift,k_stored,1,packed_history,p99,1,0,0
stored_norm_error,7,1.1458744891133392,0.26998699830437545,-0.876083726005163,kivi,abs_log_norm_ratio,k_stored,12,pending_history,max,12,0,0
stored_norm_error,7,0.13185181331059576,0.035474337362874295,-0.09435146094098748,kivi,abs_log_norm_ratio,k_stored,12,pending_history,mean,12,0,0
stored_norm_error,7,0.10112985407522501,0.026041255895506765,-0.0761363552601324,kivi,abs_log_norm_ratio,k_stored,12,pending_history,p50,12,0,0
stored_norm_error,7,0.26645101737158255,0.07290624131201184,-0.19100425465512677,kivi,abs_log_norm_ratio,k_stored,12,pending_history,p90,12,0,0
stored_norm_error,7,0.3302679237793199,0.09154418097205053,-0.23983534066464923,kivi,abs_log_norm_ratio,k_stored,12,pending_history,p95,12,0,0
stored_norm_error,7,0.6993321053231198,0.14541177845618197,-0.5341664477077572,kivi,abs_log_norm_ratio,k_stored,12,pending_history,p99,12,0,0
stored_norm_error,7,0.6300233751535416,0.08209693431854248,-0.5212997794151306,kivi,direction_error,k_stored,12,pending_history,max,12,0,0
stored_norm_error,7,0.07932643795636697,0.007211703151375013,-0.07217182791960908,kivi,direction_error,k_stored,12,pending_history,mean,12,0,0
stored_norm_error,7,0.06387326121330261,0.004861235618591309,-0.059980399906635284,kivi,direction_error,k_stored,12,pending_history,p50,12,0,0
stored_norm_error,7,0.1287368103861809,0.016154189407825474,-0.11434534788131714,kivi,direction_error,k_stored,12,pending_history,p90,12,0,0
stored_norm_error,7,0.16990492716431613,0.020931298285722717,-0.15147703960537906,kivi,direction_error,k_stored,12,pending_history,p95,12,0,0
stored_norm_error,7,0.37176356166601177,0.043473035693168356,-0.3372267839312556,kivi,direction_error,k_stored,12,pending_history,p99,12,0,0
stored_norm_error,7,1.1091903150081635,0.21438443660736084,-0.824040412902832,kivi,norm_ratio,k_stored,12,pending_history,max,12,0,0
stored_norm_error,7,-0.025875849058278416,0.016696796405897357,0.0436183476424645,kivi,norm_ratio,k_stored,12,pending_history,mean,3,9,0
stored_norm_error,7,-0.031615182757377625,0.016094863414764404,0.048028185963630676,kivi,norm_ratio,k_stored,12,pending_history,p50,2,10,0
stored_norm_error,7,0.15673317909240742,0.06362539529800426,-0.08619737327098892,kivi,norm_ratio,k_stored,12,pending_history,p90,12,0,0
stored_norm_error,7,0.2226560220122335,0.08494004309177394,-0.13900641649961493,kivi,norm_ratio,k_stored,12,pending_history,p95,12,0,0
stored_norm_error,7,0.5786867037415504,0.1325888803601264,-0.4294974896311756,kivi,norm_ratio,k_stored,12,pending_history,p99,12,0,0
stored_norm_error,7,2.6022093362989835,0.8170438144006766,-1.5159891455550678,kivi,relative_L2,k_stored,12,pending_history,max,12,0,0
stored_norm_error,7,0.7719739613742402,0.21744030288193428,-0.5761513263651323,kivi,relative_L2,k_stored,12,pending_history,mean,12,0,0
stored_norm_error,7,0.7226905857387464,0.1946424873021897,-0.5456078566348879,kivi,relative_L2,k_stored,12,pending_history,p50,12,0,0
stored_norm_error,7,1.0226782538316912,0.3524208060087404,-0.6926779136818367,kivi,relative_L2,k_stored,12,pending_history,p90,12,0,0
stored_norm_error,7,1.1795179346554505,0.4092465772650029,-0.8029236689100796,kivi,relative_L2,k_stored,12,pending_history,p95,12,0,0
stored_norm_error,7,1.8499335801636327,0.5668420360714643,-1.2750905686576168,kivi,relative_L2,k_stored,12,pending_history,p99,12,0,0
stored_norm_error,7,1.2231158134236466,0.27806184033397585,-0.9140080800279975,kivi,relative_norm_error,k_stored,12,pending_history,max,12,0,0
stored_norm_error,7,0.1301247512210506,0.03568491590739179,-0.09485765792129686,kivi,relative_norm_error,k_stored,12,pending_history,mean,12,0,0
stored_norm_error,7,0.10088771507253114,0.026112459722753556,-0.07570926403604972,kivi,relative_norm_error,k_stored,12,pending_history,p50,12,0,0
stored_norm_error,7,0.26113937816407995,0.07317876690285628,-0.1879569155462378,kivi,relative_norm_error,k_stored,12,pending_history,p90,12,0,0
stored_norm_error,7,0.3220665383800223,0.0923398819613794,-0.2316840636449342,kivi,relative_norm_error,k_stored,12,pending_history,p95,12,0,0
stored_norm_error,7,0.7365034040047621,0.14679043909476577,-0.5653571096416274,kivi,relative_norm_error,k_stored,12,pending_history,p99,12,0,0
stored_norm_error,7,1.109190135350218,0.21438444998057093,-0.8240403903619153,kivi,signed_norm_drift,k_stored,12,pending_history,max,12,0,0
stored_norm_error,7,-0.025875848111400604,0.016696795902317367,0.0436183464055763,kivi,signed_norm_drift,k_stored,12,pending_history,mean,3,9,0
stored_norm_error,7,-0.031615136634854935,0.01609485909521524,0.04802814161365632,kivi,signed_norm_drift,k_stored,12,pending_history,p50,2,10,0
stored_norm_error,7,0.15673309577796318,0.06362542473507349,-0.08619720430178862,kivi,signed_norm_drift,k_stored,12,pending_history,p90,12,0,0
stored_norm_error,7,0.22265590721435727,0.08494001014914823,-0.1390063299120811,kivi,signed_norm_drift,k_stored,12,pending_history,p95,12,0,0
stored_norm_error,7,0.578686612661477,0.132588652969789,-0.42949764204247887,kivi,signed_norm_drift,k_stored,12,pending_history,p99,12,0,0
stored_norm_error,7,1.116801616619341,0.32410483932471834,-0.7465390519355424,kivi,abs_log_norm_ratio,k_stored,12,recent,max,12,0,0
stored_norm_error,7,0.12278341217732236,0.03445254664309051,-0.08942383960883578,kivi,abs_log_norm_ratio,k_stored,12,recent,mean,12,0,0
stored_norm_error,7,0.09974710412734566,0.025968964175262954,-0.07079913496818335,kivi,abs_log_norm_ratio,k_stored,12,recent,p50,12,0,0
stored_norm_error,7,0.2509635382171837,0.07351092499375228,-0.18005132235120985,kivi,abs_log_norm_ratio,k_stored,12,recent,p90,12,0,0
stored_norm_error,7,0.3152372146068955,0.09449025180438181,-0.22585051901332906,kivi,abs_log_norm_ratio,k_stored,12,recent,p95,12,0,0
stored_norm_error,7,0.596969626520149,0.15710899278237764,-0.41913139943149846,kivi,abs_log_norm_ratio,k_stored,12,recent,p99,12,0,0
stored_norm_error,7,0.6194092929363251,0.1232280284166336,-0.44242623448371887,kivi,direction_error,k_stored,12,recent,max,12,0,0
stored_norm_error,7,0.07987145156948827,0.007949442166136578,-0.07232744607608765,kivi,direction_error,k_stored,12,recent,mean,12,0,0
stored_norm_error,7,0.06346699595451355,0.004994206130504608,-0.058713220059871674,kivi,direction_error,k_stored,12,recent,p50,12,0,0
stored_norm_error,7,0.13467120230197907,0.015658076107501986,-0.12166037857532502,kivi,direction_error,k_stored,12,recent,p90,12,0,0
stored_norm_error,7,0.17189713642001128,0.02256667092442511,-0.15035595223307585,kivi,direction_error,k_stored,12,recent,p95,12,0,0
stored_norm_error,7,0.3465593557059763,0.04605617836117742,-0.29996622428297975,kivi,direction_error,k_stored,12,recent,p99,12,0,0
stored_norm_error,7,1.0646395087242126,0.28342071175575256,-0.733768105506897,kivi,norm_ratio,k_stored,12,recent,max,12,0,0
stored_norm_error,7,-0.017344163468806073,0.018368173419730738,0.03060909771011211,kivi,norm_ratio,k_stored,12,recent,mean,2,10,0
stored_norm_error,7,-0.023493126034736633,0.01570269465446472,0.03664454072713852,kivi,norm_ratio,k_stored,12,recent,p50,0,12,0
stored_norm_error,7,0.15931118428707153,0.0659952133893969,-0.09289458394050604,kivi,norm_ratio,k_stored,12,recent,p90,12,0,0
stored_norm_error,7,0.22694263309240326,0.08584866672754266,-0.13705762922763814,kivi,norm_ratio,k_stored,12,recent,p95,12,0,0
stored_norm_error,7,0.4974455210566516,0.14932241708040234,-0.3556092095375057,kivi,norm_ratio,k_stored,12,recent,p99,12,0,0
stored_norm_error,7,2.424499012355227,1.032544148794841,-1.47447769343853,kivi,relative_L2,k_stored,12,recent,max,12,0,0
stored_norm_error,7,0.7858003418132711,0.2278467900894796,-0.5711249937521075,kivi,relative_L2,k_stored,12,recent,mean,12,0,0
stored_norm_error,7,0.7207968555449042,0.2004658133664634,-0.5318628411769168,kivi,relative_L2,k_stored,12,recent,p50,12,0,0
stored_norm_error,7,1.0462954047528912,0.35739069491246483,-0.7268566965358332,kivi,relative_L2,k_stored,12,recent,p90,12,0,0
stored_norm_error,7,1.181371447571291,0.42915420854333197,-0.7837221143287023,kivi,relative_L2,k_stored,12,recent,p95,12,0,0
stored_norm_error,7,1.7527571922936471,0.6219393257523183,-1.125360519136884,kivi,relative_L2,k_stored,12,recent,p99,12,0,0
stored_norm_error,7,1.1284330493217567,0.33441511857381556,-0.8254687137086876,kivi,relative_norm_error,k_stored,12,recent,max,12,0,0
stored_norm_error,7,0.1224685746828611,0.034648786261356604,-0.0896451195148945,kivi,relative_norm_error,k_stored,12,recent,mean,12,0,0
stored_norm_error,7,0.09920118690934032,0.02603154544613062,-0.07043475249884068,kivi,relative_norm_error,k_stored,12,recent,p50,12,0,0
stored_norm_error,7,0.24680026744972566,0.07411688883366879,-0.17680990646622385,kivi,relative_norm_error,k_stored,12,recent,p90,12,0,0
stored_norm_error,7,0.3079092220334131,0.09516911574537512,-0.22019649713984096,kivi,relative_norm_error,k_stored,12,recent,p95,12,0,0
stored_norm_error,7,0.5470871840070319,0.1589087949098756,-0.41448278757350615,kivi,relative_norm_error,k_stored,12,recent,p99,12,0,0
stored_norm_error,7,1.0646393698698375,0.2834206703992095,-0.7337679360934999,kivi,signed_norm_drift,k_stored,12,recent,max,12,0,0
stored_norm_error,7,-0.01734416412952968,0.018368175563301704,0.030609097126434635,kivi,signed_norm_drift,k_stored,12,recent,mean,2,10,0
stored_norm_error,7,-0.023493110858652244,0.015702716246721593,0.03664450287610066,kivi,signed_norm_drift,k_stored,12,recent,p50,0,12,0
stored_norm_error,7,0.159311156417607,0.065995063785158,-0.09289460510626671,kivi,signed_norm_drift,k_stored,12,recent,p90,12,0,0
stored_norm_error,7,0.22694272053704465,0.08584875375418045,-0.1370576870620424,kivi,signed_norm_drift,k_stored,12,recent,p95,12,0,0
stored_norm_error,7,0.4974455416386622,0.14932235853601006,-0.35560926410194915,kivi,signed_norm_drift,k_stored,12,recent,p99,12,0,0
source_state_norm_drift,7,1.833070947584929,0.5719791191804688,-1.1676123232755344,kivi,abs_log_norm_ratio,q_source,12,all_tokens,max,12,0,0
source_state_norm_drift,7,0.09892028394833743,0.027577600490028255,-0.06991133377334907,kivi,abs_log_norm_ratio,q_source,12,all_tokens,mean,12,0,0
source_state_norm_drift,7,0.06301596480989247,0.01681765506054944,-0.04442449997441145,kivi,abs_log_norm_ratio,q_source,12,all_tokens,p50,12,0,0
source_state_norm_drift,7,0.23957676182617435,0.06782404999103166,-0.16790070646529784,kivi,abs_log_norm_ratio,q_source,12,all_tokens,p90,12,0,0
source_state_norm_drift,7,0.3081270465012493,0.09027572532431807,-0.2153515000820333,kivi,abs_log_norm_ratio,q_source,12,all_tokens,p95,12,0,0
source_state_norm_drift,7,0.4789591644296887,0.1518617354182063,-0.33481262983841653,kivi,abs_log_norm_ratio,q_source,12,all_tokens,p99,12,0,0
source_state_norm_drift,7,1.7263380587100983,0.39330120384693146,-1.4108370542526245,kivi,direction_error,q_source,12,all_tokens,max,12,0,0
source_state_norm_drift,7,0.07470500572270555,0.006002999824594589,-0.06913945838548718,kivi,direction_error,q_source,12,all_tokens,mean,12,0,0
source_state_norm_drift,7,0.05635713040828705,0.0025191903114318848,-0.054125912487506866,kivi,direction_error,q_source,12,all_tokens,p50,12,0,0
source_state_norm_drift,7,0.15323404371738433,0.014533661305904392,-0.1398773103952408,kivi,direction_error,q_source,12,all_tokens,p90,12,0,0
source_state_norm_drift,7,0.19980897977948184,0.02317150458693503,-0.17913201898336406,kivi,direction_error,q_source,12,all_tokens,p95,12,0,0
source_state_norm_drift,7,0.4037582133710374,0.05379850491881363,-0.3420787310600272,kivi,direction_error,q_source,12,all_tokens,p99,12,0,0
source_state_norm_drift,7,1.957566112279892,0.544961154460907,-1.2854311764240265,kivi,norm_ratio,q_source,12,all_tokens,max,12,0,0
source_state_norm_drift,7,0.056954609804436396,0.022030229495918374,-0.03421067776087017,kivi,norm_ratio,q_source,12,all_tokens,mean,10,2,0
source_state_norm_drift,7,0.025096677243709564,0.013073258101940155,-0.011658281087875366,kivi,norm_ratio,q_source,12,all_tokens,p50,8,4,0
source_state_norm_drift,7,0.23296157419681535,0.06557725071907045,-0.16116442680358883,kivi,norm_ratio,q_source,12,all_tokens,p90,12,0,0
source_state_norm_drift,7,0.2994838953018188,0.08797094076871881,-0.20506282448768604,kivi,norm_ratio,q_source,12,all_tokens,p95,12,0,0
source_state_norm_drift,7,0.48118537843227366,0.15078063517808926,-0.33620039552450187,kivi,norm_ratio,q_source,12,all_tokens,p99,12,0,0
source_state_norm_drift,7,4.290606589405797,1.7902330128708854,-2.436297794280108,kivi,relative_L2,q_source,12,all_tokens,max,12,0,0
source_state_norm_drift,7,0.6467498281303541,0.16147093854672256,-0.49559874029105444,kivi,relative_L2,q_source,12,all_tokens,mean,12,0,0
source_state_norm_drift,7,0.6873631143607781,0.13723925469821552,-0.5646559677552432,kivi,relative_L2,q_source,12,all_tokens,p50,12,0,0
source_state_norm_drift,7,1.128397870612389,0.33905183016322554,-0.819136538146995,kivi,relative_L2,q_source,12,all_tokens,p90,12,0,0
source_state_norm_drift,7,1.2885748152919403,0.4342748146998928,-0.8963723790628135,kivi,relative_L2,q_source,12,all_tokens,p95,12,0,0
source_state_norm_drift,7,1.8450061213964335,0.6638259103079323,-1.200834665774599,kivi,relative_L2,q_source,12,all_tokens,p99,12,0,0
source_state_norm_drift,7,1.9570321617648005,0.5705770729109645,-1.2983683475176804,kivi,relative_norm_error,q_source,12,all_tokens,max,12,0,0
source_state_norm_drift,7,0.10064995478464545,0.02779048616539324,-0.07146586487975007,kivi,relative_norm_error,q_source,12,all_tokens,mean,12,0,0
source_state_norm_drift,7,0.06319643437473133,0.016849808884217055,-0.044585484680283116,kivi,relative_norm_error,q_source,12,all_tokens,p50,12,0,0
source_state_norm_drift,7,0.24464048521913362,0.06834738547404415,-0.17239998293225658,kivi,relative_norm_error,q_source,12,all_tokens,p90,12,0,0
source_state_norm_drift,7,0.3178238650136335,0.09122155172153726,-0.22405800829656064,kivi,relative_norm_error,q_source,12,all_tokens,p95,12,0,0
source_state_norm_drift,7,0.48923438461351876,0.15440554634085857,-0.35246546812850343,kivi,relative_norm_error,q_source,12,all_tokens,p99,12,0,0
source_state_norm_drift,7,1.9575662074639695,0.5449611828225898,-1.2854310852126218,kivi,signed_norm_drift,q_source,12,all_tokens,max,12,0,0
source_state_norm_drift,7,0.056954609357263875,0.022030229940018946,-0.03421067826339734,kivi,signed_norm_drift,q_source,12,all_tokens,mean,10,2,0
source_state_norm_drift,7,0.025096609886768206,0.013073271723021307,-0.011658166032475492,kivi,signed_norm_drift,q_source,12,all_tokens,p50,8,4,0
source_state_norm_drift,7,0.23296150063324608,0.06557726444370932,-0.16116437029922967,kivi,signed_norm_drift,q_source,12,all_tokens,p90,12,0,0
source_state_norm_drift,7,0.29948384099297987,0.08797097285460041,-0.2050628045049962,kivi,signed_norm_drift,q_source,12,all_tokens,p95,12,0,0
source_state_norm_drift,7,0.4811853759964285,0.15078072360272948,-0.33620038631037436,kivi,signed_norm_drift,q_source,12,all_tokens,p99,12,0,0
source_state_norm_drift,7,1.9176423111639451,0.9190013533225283,-1.0994906703417655,kivi,abs_log_norm_ratio,v_source,12,all_tokens,max,12,0,0
source_state_norm_drift,7,0.15691946846699983,0.03917826368544304,-0.11887901849422569,kivi,abs_log_norm_ratio,v_source,12,all_tokens,mean,12,0,0
source_state_norm_drift,7,0.09590067763565457,0.019567768948036246,-0.07667280107125407,kivi,abs_log_norm_ratio,v_source,12,all_tokens,p50,12,0,0
source_state_norm_drift,7,0.3943798621854512,0.10036382023608895,-0.2934113207666088,kivi,abs_log_norm_ratio,v_source,12,all_tokens,p90,12,0,0
source_state_norm_drift,7,0.5113579124521492,0.13986756182239332,-0.36797871044473135,kivi,abs_log_norm_ratio,v_source,12,all_tokens,p95,12,0,0
source_state_norm_drift,7,0.7930951964049009,0.2530506741804128,-0.543833991332795,kivi,abs_log_norm_ratio,v_source,12,all_tokens,p99,12,0,0
source_state_norm_drift,7,3.659083768725395,1.0438236892223358,-2.6314848959445953,kivi,direction_error,v_source,12,all_tokens,max,12,0,0
source_state_norm_drift,7,0.3816955592623928,0.032777078416330076,-0.3521644664134561,kivi,direction_error,v_source,12,all_tokens,mean,12,0,0
source_state_norm_drift,7,0.3326238691806793,0.015889190137386322,-0.31725890934467316,kivi,direction_error,v_source,12,all_tokens,p50,12,0,0
source_state_norm_drift,7,0.7780838161706924,0.08111969828605653,-0.6955983459949493,kivi,direction_error,v_source,12,all_tokens,p90,12,0,0
source_state_norm_drift,7,0.9673174098134039,0.12172898203134533,-0.8518646024167535,kivi,direction_error,v_source,12,all_tokens,p95,12,0,0
source_state_norm_drift,7,1.5152439016103725,0.2433895517885681,-1.2740244080126286,kivi,direction_error,v_source,12,all_tokens,p99,12,0,0
source_state_norm_drift,7,2.247371345758438,0.9895577132701874,-1.236177682876587,kivi,norm_ratio,v_source,12,all_tokens,max,12,0,0
source_state_norm_drift,7,-0.015778867866572316,0.0005354276709858552,0.017951777348181597,kivi,norm_ratio,v_source,12,all_tokens,mean,3,9,0
source_state_norm_drift,7,-0.0020804479718208313,0.00012650340795516968,0.0025179237127304077,kivi,norm_ratio,v_source,12,all_tokens,p50,1,11,0
source_state_norm_drift,7,0.23419272601604485,0.06389159262180316,-0.17655777931213368,kivi,norm_ratio,v_source,12,all_tokens,p90,12,0,0
source_state_norm_drift,7,0.350015579164028,0.09788408726453779,-0.2560367435216905,kivi,norm_ratio,v_source,12,all_tokens,p95,12,0,0
source_state_norm_drift,7,0.6593405485153192,0.19557258397340788,-0.44960782140493344,kivi,norm_ratio,v_source,12,all_tokens,p99,12,0,0
source_state_norm_drift,7,6.246561330568511,3.090328313759528,-3.4368616364663467,kivi,relative_L2,v_source,12,all_tokens,max,12,0,0
source_state_norm_drift,7,1.4554746455028509,0.3773151384963001,-1.099224107341704,kivi,relative_L2,v_source,12,all_tokens,mean,12,0,0
source_state_norm_drift,7,1.6137592345185112,0.3353690666699549,-1.3042667738045566,kivi,relative_L2,v_source,12,all_tokens,p50,12,0,0
source_state_norm_drift,7,2.4763984922610693,0.7847113038791577,-1.73363317627809,kivi,relative_L2,v_source,12,all_tokens,p90,12,0,0
source_state_norm_drift,7,2.7789750232608634,0.9781767748499985,-1.886011186259565,kivi,relative_L2,v_source,12,all_tokens,p95,12,0,0
source_state_norm_drift,7,3.531176802542754,1.3941933521965981,-2.1656508624798136,kivi,relative_L2,v_source,12,all_tokens,p99,12,0,0
source_state_norm_drift,7,2.246383031597361,0.9877204362419434,-1.2133960914216004,kivi,relative_norm_error,v_source,12,all_tokens,max,12,0,0
source_state_norm_drift,7,0.1553512630699752,0.03914554513436064,-0.11820845161684135,kivi,relative_norm_error,v_source,12,all_tokens,mean,12,0,0
source_state_norm_drift,7,0.09586561086689471,0.01955999165875255,-0.07647670738879242,kivi,relative_norm_error,v_source,12,all_tokens,p50,12,0,0
source_state_norm_drift,7,0.38977104860387046,0.10049680904921846,-0.2894865136535374,kivi,relative_norm_error,v_source,12,all_tokens,p90,12,0,0
source_state_norm_drift,7,0.49925967258495796,0.13968627680769707,-0.36417715125571704,kivi,relative_norm_error,v_source,12,all_tokens,p95,12,0,0
source_state_norm_drift,7,0.7737129267078131,0.25155279962142235,-0.5397723574392148,kivi,relative_norm_error,v_source,12,all_tokens,p99,12,0,0
source_state_norm_drift,7,2.247371306657442,0.9895576116978191,-1.2361775841272902,kivi,signed_norm_drift,v_source,12,all_tokens,max,12,0,0
source_state_norm_drift,7,-0.01577887006850564,0.0005354275378802895,0.017951778562469708,kivi,signed_norm_drift,v_source,12,all_tokens,mean,3,9,0
source_state_norm_drift,7,-0.002080468572714267,0.00012639835657068943,0.0025180004331559758,kivi,signed_norm_drift,v_source,12,all_tokens,p50,1,11,0
source_state_norm_drift,7,0.23419265285047014,0.0638915230647399,-0.176557750144275,kivi,signed_norm_drift,v_source,12,all_tokens,p90,12,0,0
source_state_norm_drift,7,0.3500155885536512,0.09788411978151994,-0.256036693547503,kivi,signed_norm_drift,v_source,12,all_tokens,p95,12,0,0
source_state_norm_drift,7,0.6593405877628533,0.1955726631818107,-0.44960781916393855,kivi,signed_norm_drift,v_source,12,all_tokens,p99,12,0,0
representation_norm_error,7,0.0015589594841003418,0.013940602540969849,0.012381643056869507,kivi,abs_log_norm_ratio,v_stored,1,packed_history,max,0,1,0
representation_norm_error,7,-0.006721948765852415,0.0005736589871074838,0.007295607752959898,kivi,abs_log_norm_ratio,v_stored,1,packed_history,mean,0,1,0
representation_norm_error,7,-0.004212904721498489,-0.0011417455971240997,0.0030711591243743896,kivi,abs_log_norm_ratio,v_stored,1,packed_history,p50,0,1,0
representation_norm_error,7,-0.016137304902076766,-0.0014478094875813308,0.014689495414495435,kivi,abs_log_norm_ratio,v_stored,1,packed_history,p90,0,1,0
representation_norm_error,7,-0.01836094148457068,-0.003907697275280661,0.01445324420929002,kivi,abs_log_norm_ratio,v_stored,1,packed_history,p95,0,1,0
representation_norm_error,7,-0.039730157107115055,-0.00043015077710178984,0.039300006330013265,kivi,abs_log_norm_ratio,v_stored,1,packed_history,p99,0,1,0
representation_norm_error,7,-0.0017064213752746582,0.04274570941925049,0.044452130794525146,kivi,direction_error,v_stored,1,packed_history,max,0,1,0
representation_norm_error,7,-0.005193977436647401,-0.0003857837145915255,0.004808193722055876,kivi,direction_error,v_stored,1,packed_history,mean,0,1,0
representation_norm_error,7,-0.0034178346395492554,0.0006979405879974365,0.004115775227546692,kivi,direction_error,v_stored,1,packed_history,p50,0,1,0
representation_norm_error,7,-0.014331111311912531,-0.002762180566787731,0.0115689307451248,kivi,direction_error,v_stored,1,packed_history,p90,0,1,0
representation_norm_error,7,-0.01582220047712321,-0.002378079295158264,0.013444121181964946,kivi,direction_error,v_stored,1,packed_history,p95,0,1,0
representation_norm_error,7,-0.010725987553596425,-0.004694149196147926,0.006031838357448499,kivi,direction_error,v_stored,1,packed_history,p99,0,1,0
representation_norm_error,7,0.003547072410583496,0.02536875009536743,0.021821677684783936,kivi,norm_ratio,v_stored,1,packed_history,max,0,1,0
representation_norm_error,7,-0.007866249728067487,0.000710742880073667,0.008576992608141154,kivi,norm_ratio,v_stored,1,packed_history,mean,0,1,0
representation_norm_error,7,-0.004770517349243164,-0.0012929141521453857,0.0034776031970977783,kivi,norm_ratio,v_stored,1,packed_history,p50,0,1,0
representation_norm_error,7,-0.019760650396347,-0.0017791211605070467,0.017981529235839955,kivi,norm_ratio,v_stored,1,packed_history,p90,0,1,0
representation_norm_error,7,-0.02310985624790196,-0.004961198568343761,0.0181486576795582,kivi,norm_ratio,v_stored,1,packed_history,p95,0,1,0
representation_norm_error,7,-0.05509084939956643,-0.0005226641893389949,0.05456818521022744,kivi,norm_ratio,v_stored,1,packed_history,p99,0,1,0
representation_norm_error,7,-0.008508086204528809,-0.044791340827941895,-0.036283254623413086,kivi,relative_L2,v_stored,1,packed_history,max,1,0,0
representation_norm_error,7,-0.014728572718468058,-0.00022841686995889177,0.014500155848509166,kivi,relative_L2,v_stored,1,packed_history,mean,0,1,0
representation_norm_error,7,-0.00998571515083313,0.0038472414016723633,0.013832956552505493,kivi,relative_L2,v_stored,1,packed_history,p50,0,1,0
representation_norm_error,7,-0.0350053489208223,-0.010031315684318587,0.024974033236503712,kivi,relative_L2,v_stored,1,packed_history,p90,0,1,0
representation_norm_error,7,-0.040688279271125505,-0.006645908951759205,0.0340423703193663,kivi,relative_L2,v_stored,1,packed_history,p95,0,1,0
representation_norm_error,7,-0.05468746006488656,0.010344738364219619,0.06503219842910618,kivi,relative_L2,v_stored,1,packed_history,p99,0,1,0
representation_norm_error,7,0.0035472512245178223,0.02536889910697937,0.021821647882461548,kivi,relative_norm_error,v_stored,1,packed_history,max,0,1,0
representation_norm_error,7,-0.008152900955995857,0.000650781191088079,0.008803682147083935,kivi,relative_norm_error,v_stored,1,packed_history,mean,0,1,0
representation_norm_error,7,-0.004800636321306229,-0.001327522099018097,0.0034731142222881317,kivi,relative_norm_error,v_stored,1,packed_history,p50,0,1,0
representation_norm_error,7,-0.019760625064372983,-0.0017791800200939734,0.01798144504427901,kivi,relative_norm_error,v_stored,1,packed_history,p90,0,1,0
representation_norm_error,7,-0.02310966029763248,-0.004961224645375739,0.01814843565225674,kivi,relative_norm_error,v_stored,1,packed_history,p95,0,1,0
representation_norm_error,7,-0.0550909903645517,-0.0005227474868301496,0.05456824287772155,kivi,relative_norm_error,v_stored,1,packed_history,p99,0,1,0
representation_norm_error,7,0.0035472512245178223,0.02536889910697937,0.021821647882461548,kivi,signed_norm_drift,v_stored,1,packed_history,max,0,1,0
representation_norm_error,7,-0.007866255768061658,0.0007107347907062689,0.008576990558767927,kivi,signed_norm_drift,v_stored,1,packed_history,mean,0,1,0
representation_norm_error,7,-0.00477045401930809,-0.0012929104268550873,0.003477543592453003,kivi,signed_norm_drift,v_stored,1,packed_history,p50,0,1,0
representation_norm_error,7,-0.019760625064372983,-0.0017791800200939734,0.01798144504427901,kivi,signed_norm_drift,v_stored,1,packed_history,p90,0,1,0
representation_norm_error,7,-0.02310966029763248,-0.004961224645375739,0.01814843565225674,kivi,signed_norm_drift,v_stored,1,packed_history,p95,0,1,0
representation_norm_error,7,-0.0550909903645517,-0.0005227474868301496,0.05456824287772155,kivi,signed_norm_drift,v_stored,1,packed_history,p99,0,1,0
representation_norm_error,7,0.0,0.0,0.0,kivi,abs_log_norm_ratio,v_stored,12,pending_history,max,0,0,12
representation_norm_error,7,0.0,0.0,0.0,kivi,abs_log_norm_ratio,v_stored,12,pending_history,mean,0,0,12
representation_norm_error,7,0.0,0.0,0.0,kivi,abs_log_norm_ratio,v_stored,12,pending_history,p50,0,0,12
representation_norm_error,7,0.0,0.0,0.0,kivi,abs_log_norm_ratio,v_stored,12,pending_history,p90,0,0,12
representation_norm_error,7,0.0,0.0,0.0,kivi,abs_log_norm_ratio,v_stored,12,pending_history,p95,0,0,12
representation_norm_error,7,0.0,0.0,0.0,kivi,abs_log_norm_ratio,v_stored,12,pending_history,p99,0,0,12
representation_norm_error,7,0.0,-5.960464477539063e-08,-7.450580596923828e-08,kivi,direction_error,v_stored,12,pending_history,max,8,3,1
representation_norm_error,7,-1.3293236748785038e-09,-3.850482695984746e-09,-1.6748810471114434e-09,kivi,direction_error,v_stored,12,pending_history,mean,8,4,0
representation_norm_error,7,0.0,0.0,0.0,kivi,direction_error,v_stored,12,pending_history,p50,0,0,12
representation_norm_error,7,2.9802322387695312e-08,1.1920928955077871e-08,0.0,kivi,direction_error,v_stored,12,pending_history,p90,4,5,3
representation_norm_error,7,0.0,0.0,0.0,kivi,direction_error,v_stored,12,pending_history,p95,0,1,11
representation_norm_error,7,-1.4603137969970974e-08,-2.0861625671401627e-09,-6.556510925293782e-09,kivi,direction_error,v_stored,12,pending_history,p99,7,4,1
representation_norm_error,7,0.0,0.0,0.0,kivi,norm_ratio,v_stored,12,pending_history,max,0,0,12
representation_norm_error,7,0.0,0.0,0.0,kivi,norm_ratio,v_stored,12,pending_history,mean,0,0,12
representation_norm_error,7,0.0,0.0,0.0,kivi,norm_ratio,v_stored,12,pending_history,p50,0,0,12
representation_norm_error,7,0.0,0.0,0.0,kivi,norm_ratio,v_stored,12,pending_history,p90,0,0,12
representation_norm_error,7,0.0,0.0,0.0,kivi,norm_ratio,v_stored,12,pending_history,p95,0,0,12
representation_norm_error,7,0.0,0.0,0.0,kivi,norm_ratio,v_stored,12,pending_history,p99,0,0,12
representation_norm_error,7,0.0,0.0,0.0,kivi,relative_L2,v_stored,12,pending_history,max,0,0,12
representation_norm_error,7,0.0,0.0,0.0,kivi,relative_L2,v_stored,12,pending_history,mean,0,0,12
representation_norm_error,7,0.0,0.0,0.0,kivi,relative_L2,v_stored,12,pending_history,p50,0,0,12
representation_norm_error,7,0.0,0.0,0.0,kivi,relative_L2,v_stored,12,pending_history,p90,0,0,12
representation_norm_error,7,0.0,0.0,0.0,kivi,relative_L2,v_stored,12,pending_history,p95,0,0,12
representation_norm_error,7,0.0,0.0,0.0,kivi,relative_L2,v_stored,12,pending_history,p99,0,0,12
representation_norm_error,7,0.0,0.0,0.0,kivi,relative_norm_error,v_stored,12,pending_history,max,0,0,12
representation_norm_error,7,0.0,0.0,0.0,kivi,relative_norm_error,v_stored,12,pending_history,mean,0,0,12
representation_norm_error,7,0.0,0.0,0.0,kivi,relative_norm_error,v_stored,12,pending_history,p50,0,0,12
representation_norm_error,7,0.0,0.0,0.0,kivi,relative_norm_error,v_stored,12,pending_history,p90,0,0,12
representation_norm_error,7,0.0,0.0,0.0,kivi,relative_norm_error,v_stored,12,pending_history,p95,0,0,12
representation_norm_error,7,0.0,0.0,0.0,kivi,relative_norm_error,v_stored,12,pending_history,p99,0,0,12
representation_norm_error,7,0.0,0.0,0.0,kivi,signed_norm_drift,v_stored,12,pending_history,max,0,0,12
representation_norm_error,7,0.0,0.0,0.0,kivi,signed_norm_drift,v_stored,12,pending_history,mean,0,0,12
representation_norm_error,7,0.0,0.0,0.0,kivi,signed_norm_drift,v_stored,12,pending_history,p50,0,0,12
representation_norm_error,7,0.0,0.0,0.0,kivi,signed_norm_drift,v_stored,12,pending_history,p90,0,0,12
representation_norm_error,7,0.0,0.0,0.0,kivi,signed_norm_drift,v_stored,12,pending_history,p95,0,0,12
representation_norm_error,7,0.0,0.0,0.0,kivi,signed_norm_drift,v_stored,12,pending_history,p99,0,0,12
representation_norm_error,7,0.0,0.0,0.0,kivi,abs_log_norm_ratio,v_stored,12,recent,max,0,0,12
representation_norm_error,7,0.0,0.0,0.0,kivi,abs_log_norm_ratio,v_stored,12,recent,mean,0,0,12
representation_norm_error,7,0.0,0.0,0.0,kivi,abs_log_norm_ratio,v_stored,12,recent,p50,0,0,12
representation_norm_error,7,0.0,0.0,0.0,kivi,abs_log_norm_ratio,v_stored,12,recent,p90,0,0,12
representation_norm_error,7,0.0,0.0,0.0,kivi,abs_log_norm_ratio,v_stored,12,recent,p95,0,0,12
representation_norm_error,7,0.0,0.0,0.0,kivi,abs_log_norm_ratio,v_stored,12,recent,p99,0,0,12
representation_norm_error,7,2.9802322387695312e-08,2.9802322387695312e-08,0.0,kivi,direction_error,v_stored,12,recent,max,6,6,0
representation_norm_error,7,-8.87666828930378e-10,3.3032847568392754e-09,-2.1827872842550278e-10,kivi,direction_error,v_stored,12,recent,mean,6,5,1
representation_norm_error,7,0.0,0.0,0.0,kivi,direction_error,v_stored,12,recent,p50,0,0,12
representation_norm_error,7,0.0,0.0,0.0,kivi,direction_error,v_stored,12,recent,p90,0,4,8
representation_norm_error,7,0.0,0.0,0.0,kivi,direction_error,v_stored,12,recent,p95,0,0,12
representation_norm_error,7,0.0,0.0,0.0,kivi,direction_error,v_stored,12,recent,p99,2,1,9
representation_norm_error,7,0.0,0.0,0.0,kivi,norm_ratio,v_stored,12,recent,max,0,0,12
representation_norm_error,7,0.0,0.0,0.0,kivi,norm_ratio,v_stored,12,recent,mean,0,0,12
representation_norm_error,7,0.0,0.0,0.0,kivi,norm_ratio,v_stored,12,recent,p50,0,0,12
representation_norm_error,7,0.0,0.0,0.0,kivi,norm_ratio,v_stored,12,recent,p90,0,0,12
representation_norm_error,7,0.0,0.0,0.0,kivi,norm_ratio,v_stored,12,recent,p95,0,0,12
representation_norm_error,7,0.0,0.0,0.0,kivi,norm_ratio,v_stored,12,recent,p99,0,0,12
representation_norm_error,7,0.0,0.0,0.0,kivi,relative_L2,v_stored,12,recent,max,0,0,12
representation_norm_error,7,0.0,0.0,0.0,kivi,relative_L2,v_stored,12,recent,mean,0,0,12
representation_norm_error,7,0.0,0.0,0.0,kivi,relative_L2,v_stored,12,recent,p50,0,0,12
representation_norm_error,7,0.0,0.0,0.0,kivi,relative_L2,v_stored,12,recent,p90,0,0,12
representation_norm_error,7,0.0,0.0,0.0,kivi,relative_L2,v_stored,12,recent,p95,0,0,12
representation_norm_error,7,0.0,0.0,0.0,kivi,relative_L2,v_stored,12,recent,p99,0,0,12
representation_norm_error,7,0.0,0.0,0.0,kivi,relative_norm_error,v_stored,12,recent,max,0,0,12
representation_norm_error,7,0.0,0.0,0.0,kivi,relative_norm_error,v_stored,12,recent,mean,0,0,12
representation_norm_error,7,0.0,0.0,0.0,kivi,relative_norm_error,v_stored,12,recent,p50,0,0,12
representation_norm_error,7,0.0,0.0,0.0,kivi,relative_norm_error,v_stored,12,recent,p90,0,0,12
representation_norm_error,7,0.0,0.0,0.0,kivi,relative_norm_error,v_stored,12,recent,p95,0,0,12
representation_norm_error,7,0.0,0.0,0.0,kivi,relative_norm_error,v_stored,12,recent,p99,0,0,12
representation_norm_error,7,0.0,0.0,0.0,kivi,signed_norm_drift,v_stored,12,recent,max,0,0,12
representation_norm_error,7,0.0,0.0,0.0,kivi,signed_norm_drift,v_stored,12,recent,mean,0,0,12
representation_norm_error,7,0.0,0.0,0.0,kivi,signed_norm_drift,v_stored,12,recent,p50,0,0,12
representation_norm_error,7,0.0,0.0,0.0,kivi,signed_norm_drift,v_stored,12,recent,p90,0,0,12
representation_norm_error,7,0.0,0.0,0.0,kivi,signed_norm_drift,v_stored,12,recent,p95,0,0,12
representation_norm_error,7,0.0,0.0,0.0,kivi,signed_norm_drift,v_stored,12,recent,p99,0,0,12
stored_norm_error,7,0.0015589594841003418,0.10000342130661011,0.09844446182250977,kivi,abs_log_norm_ratio,v_stored,1,packed_history,max,0,1,0
stored_norm_error,7,-0.012072956080122127,-0.006505351254463249,0.005567604825658878,kivi,abs_log_norm_ratio,v_stored,1,packed_history,mean,0,1,0
stored_norm_error,7,-0.015072263777256012,-0.005622848868370056,0.009449414908885956,kivi,abs_log_norm_ratio,v_stored,1,packed_history,p50,0,1,0
stored_norm_error,7,0.09977202191948889,0.01579150706529614,-0.08398051485419275,kivi,abs_log_norm_ratio,v_stored,1,packed_history,p90,1,0,0
stored_norm_error,7,0.1461557634174821,0.016585180163383687,-0.12957058325409843,kivi,abs_log_norm_ratio,v_stored,1,packed_history,p95,1,0,0
stored_norm_error,7,0.17202324241399738,0.008515739887952567,-0.16350750252604482,kivi,abs_log_norm_ratio,v_stored,1,packed_history,p99,1,0,0
stored_norm_error,7,1.6724638938903809,0.28327083587646484,-1.389193058013916,kivi,direction_error,v_stored,1,packed_history,max,1,0,0
stored_norm_error,7,0.3574704374505018,0.0373728911517901,-0.3200975462987117,kivi,direction_error,v_stored,1,packed_history,mean,1,0,0
stored_norm_error,7,0.3095291405916214,0.03864814341068268,-0.2708809971809387,kivi,direction_error,v_stored,1,packed_history,p50,1,0,0
stored_norm_error,7,0.6166731506586076,0.048143976926803556,-0.5685291737318041,kivi,direction_error,v_stored,1,packed_history,p90,1,0,0
stored_norm_error,7,0.7843664824962614,0.04872196465730666,-0.7356445178389548,kivi,direction_error,v_stored,1,packed_history,p95,1,0,0
stored_norm_error,7,1.4758542701601982,0.06428357690572754,-1.4115706932544707,kivi,direction_error,v_stored,1,packed_history,p99,1,0,0
stored_norm_error,7,0.003547072410583496,0.18279290199279785,0.17924582958221436,kivi,norm_ratio,v_stored,1,packed_history,max,0,1,0
stored_norm_error,7,-0.024501130744283728,-0.00720981523681985,0.017291315507463878,kivi,norm_ratio,v_stored,1,packed_history,mean,0,1,0
stored_norm_error,7,-0.019695967435836792,-0.006393343210220337,0.013302624225616455,kivi,norm_ratio,v_stored,1,packed_history,p50,0,1,0
stored_norm_error,7,0.12324734926223746,0.019375598430633634,-0.10387175083160383,kivi,norm_ratio,v_stored,1,packed_history,p90,1,0,0
stored_norm_error,7,0.18730448186397575,0.02094252109527661,-0.16636196076869914,kivi,norm_ratio,v_stored,1,packed_history,p95,1,0,0
stored_norm_error,7,0.24485666692256913,0.011981648802757316,-0.23287501811981182,kivi,norm_ratio,v_stored,1,packed_history,p99,1,0,0
stored_norm_error,7,0.45995771884918213,0.18701142072677612,-0.272946298122406,kivi,relative_L2,v_stored,1,packed_history,max,1,0,0
stored_norm_error,7,0.5982201783936034,0.07333414395907312,-0.5248860344345303,kivi,relative_L2,v_stored,1,packed_history,mean,1,0,0
stored_norm_error,7,0.5750247091054916,0.07983140647411346,-0.4951933026313782,kivi,relative_L2,v_stored,1,packed_history,p50,1,0,0
stored_norm_error,7,0.9111363917589186,0.08221230208873737,-0.8289240896701813,kivi,relative_L2,v_stored,1,packed_history,p90,1,0,0
stored_norm_error,7,1.1114915713667872,0.08370245993137343,-1.0277891114354138,kivi,relative_L2,v_stored,1,packed_history,p95,1,0,0
stored_norm_error,7,1.7251276043057457,0.12422258108854295,-1.6009050232172028,kivi,relative_L2,v_stored,1,packed_history,p99,1,0,0
stored_norm_error,7,0.0035472512245178223,0.18279263377189636,0.17924538254737854,kivi,relative_norm_error,v_stored,1,packed_history,max,0,1,0
stored_norm_error,7,-0.00879718892324216,-0.006563735568068385,0.0022334533551737756,kivi,relative_norm_error,v_stored,1,packed_history,mean,0,1,0
stored_norm_error,7,-0.018025178462266922,-0.006407976150512695,0.011617202311754227,kivi,relative_norm_error,v_stored,1,packed_history,p50,0,1,0
stored_norm_error,7,0.12363547086715695,0.01937571838498113,-0.10425975248217582,kivi,relative_norm_error,v_stored,1,packed_history,p90,1,0,0
stored_norm_error,7,0.1873045347630976,0.020942299067974457,-0.16636223569512315,kivi,relative_norm_error,v_stored,1,packed_history,p95,1,0,0
stored_norm_error,7,0.2448564915359017,0.011981522738933409,-0.23287496879696828,kivi,relative_norm_error,v_stored,1,packed_history,p99,1,0,0
stored_norm_error,7,0.0035472512245178223,0.18279263377189636,0.17924538254737854,kivi,signed_norm_drift,v_stored,1,packed_history,max,0,1,0
stored_norm_error,7,-0.024501133989119822,-0.0072098177362141525,0.01729131625290567,kivi,signed_norm_drift,v_stored,1,packed_history,mean,0,1,0
stored_norm_error,7,-0.019696000963449478,-0.006393328309059143,0.013302672654390335,kivi,signed_norm_drift,v_stored,1,packed_history,p50,0,1,0
stored_norm_error,7,0.12324733585119241,0.01937571838498113,-0.10387161746621128,kivi,signed_norm_drift,v_stored,1,packed_history,p90,1,0,0
stored_norm_error,7,0.1873045347630976,0.020942299067974457,-0.16636223569512315,kivi,signed_norm_drift,v_stored,1,packed_history,p95,1,0,0
stored_norm_error,7,0.2448564915359017,0.011981522738933409,-0.23287496879696828,kivi,signed_norm_drift,v_stored,1,packed_history,p99,1,0,0
stored_norm_error,7,1.441973783148569,0.4301049429923296,-0.9598052816727431,kivi,abs_log_norm_ratio,v_stored,12,pending_history,max,12,0,0
stored_norm_error,7,0.2122038277645309,0.05860582338746718,-0.1553040626868722,kivi,abs_log_norm_ratio,v_stored,12,pending_history,mean,12,0,0
stored_norm_error,7,0.16628223693624022,0.042861031186475884,-0.12696820966266387,kivi,abs_log_norm_ratio,v_stored,12,pending_history,p50,12,0,0
stored_norm_error,7,0.445046416612604,0.12995374775637175,-0.32431546406078265,kivi,abs_log_norm_ratio,v_stored,12,pending_history,p90,12,0,0
stored_norm_error,7,0.56323448571311,0.16722543778960242,-0.4070611725415802,kivi,abs_log_norm_ratio,v_stored,12,pending_history,p95,12,0,0
stored_norm_error,7,0.8756861458653289,0.25005928293263385,-0.6267214555393721,kivi,abs_log_norm_ratio,v_stored,12,pending_history,p99,12,0,0
stored_norm_error,7,2.677063465118408,0.4252302199602127,-2.143284395337105,kivi,direction_error,v_stored,12,pending_history,max,12,0,0
stored_norm_error,7,0.5283196528907865,0.05226669434423816,-0.47411520779132843,kivi,direction_error,v_stored,12,pending_history,mean,12,0,0
stored_norm_error,7,0.45821094512939453,0.034351713955402374,-0.4240165650844574,kivi,direction_error,v_stored,12,pending_history,p50,12,0,0
stored_norm_error,7,0.8647023260593414,0.11202639639377597,-0.7698216930031776,kivi,direction_error,v_stored,12,pending_history,p90,12,0,0
stored_norm_error,7,1.0683915093541143,0.14323050305247303,-0.9351307168602936,kivi,direction_error,v_stored,12,pending_history,p95,12,0,0
stored_norm_error,7,1.8415886901319014,0.254469272196293,-1.6139736527204511,kivi,direction_error,v_stored,12,pending_history,p99,12,0,0
stored_norm_error,7,1.4211527705192566,0.3904990255832672,-0.9701865017414093,kivi,norm_ratio,v_stored,12,pending_history,max,12,0,0
stored_norm_error,7,-0.026091477690407983,-0.0003626057158479523,0.027175155408477675,kivi,norm_ratio,v_stored,12,pending_history,mean,1,11,0
stored_norm_error,7,-0.04082420468330383,0.0011921748518943787,0.04380638897418976,kivi,norm_ratio,v_stored,12,pending_history,p50,1,11,0
stored_norm_error,7,0.2750432878732682,0.08820783793926251,-0.19336930215358739,kivi,norm_ratio,v_stored,12,pending_history,p90,12,0,0
stored_norm_error,7,0.4141289010643956,0.12515687644481638,-0.2944391354918482,kivi,norm_ratio,v_stored,12,pending_history,p95,12,0,0
stored_norm_error,7,0.7361888766288754,0.21404006451368335,-0.5073618635535231,kivi,norm_ratio,v_stored,12,pending_history,p99,12,0,0
stored_norm_error,7,4.803949905093759,1.851596306602005,-2.973632106091827,kivi,relative_L2,v_stored,12,pending_history,max,12,0,0
stored_norm_error,7,1.981402350498513,0.5743012343743025,-1.4401917118790006,kivi,relative_L2,v_stored,12,pending_history,mean,12,0,0
stored_norm_error,7,1.90360301520559,0.5087066995183704,-1.4354215629282407,kivi,relative_L2,v_stored,12,pending_history,p50,12,0,0
stored_norm_error,7,2.621735197847011,0.9245118169841589,-1.7669102071115048,kivi,relative_L2,v_stored,12,pending_history,p90,12,0,0
stored_norm_error,7,2.895063481167016,1.0443129576422505,-1.9511550691007864,kivi,relative_L2,v_stored,12,pending_history,p95,12,0,0
stored_norm_error,7,3.969147264341006,1.3643085991824055,-2.6086586251645345,kivi,relative_L2,v_stored,12,pending_history,p99,12,0,0
stored_norm_error,7,1.4347859580011573,0.4126040664559696,-0.9804392734367866,kivi,relative_norm_error,v_stored,12,pending_history,max,12,0,0
stored_norm_error,7,0.21026198863308093,0.058499730730147644,-0.1549486607763122,kivi,relative_norm_error,v_stored,12,pending_history,mean,12,0,0
stored_norm_error,7,0.16583060465200106,0.042964575352016254,-0.12666228227317333,kivi,relative_norm_error,v_stored,12,pending_history,p50,12,0,0
stored_norm_error,7,0.4427392129240617,0.12932552062411562,-0.32183470150994253,kivi,relative_norm_error,v_stored,12,pending_history,p90,12,0,0
stored_norm_error,7,0.5552668491898658,0.16721522515763348,-0.3973615379447438,kivi,relative_norm_error,v_stored,12,pending_history,p95,12,0,0
stored_norm_error,7,0.8490058071985545,0.24830168959771987,-0.6079365570828661,kivi,relative_norm_error,v_stored,12,pending_history,p99,12,0,0
stored_norm_error,7,1.421152737311786,0.3904989868606208,-0.9701866563409567,kivi,signed_norm_drift,v_stored,12,pending_history,max,12,0,0
stored_norm_error,7,-0.026091481875742492,-0.0003626005581785208,0.027175161523934552,kivi,signed_norm_drift,v_stored,12,pending_history,mean,1,11,0
stored_norm_error,7,-0.04082415843509324,0.0011921558194138981,0.04380632932748085,kivi,signed_norm_drift,v_stored,12,pending_history,p50,1,11,0
stored_norm_error,7,0.27504325969784993,0.08820780250644025,-0.1933693023165688,kivi,signed_norm_drift,v_stored,12,pending_history,p90,12,0,0
stored_norm_error,7,0.41412898626695077,0.12515683609126427,-0.29443921035162934,kivi,signed_norm_drift,v_stored,12,pending_history,p95,12,0,0
stored_norm_error,7,0.736188871774502,0.21404008832338167,-0.5073617599172566,kivi,signed_norm_drift,v_stored,12,pending_history,p99,12,0,0
stored_norm_error,7,1.4730402546410915,0.5825025511003332,-0.8697442570410203,kivi,abs_log_norm_ratio,v_stored,12,recent,max,12,0,0
stored_norm_error,7,0.21825826833401257,0.06148618785336235,-0.1583310623441092,kivi,abs_log_norm_ratio,v_stored,12,recent,mean,12,0,0
stored_norm_error,7,0.17029341756096983,0.041948301148295286,-0.12707594252424315,kivi,abs_log_norm_ratio,v_stored,12,recent,p50,12,0,0
stored_norm_error,7,0.46519823613052724,0.13271424302802193,-0.3321989090356511,kivi,abs_log_norm_ratio,v_stored,12,recent,p90,12,0,0
stored_norm_error,7,0.5902108137823229,0.17691143514821295,-0.4143851041932064,kivi,abs_log_norm_ratio,v_stored,12,recent,p95,12,0,0
stored_norm_error,7,0.9030821138617462,0.29910003516677525,-0.6027794654914758,kivi,abs_log_norm_ratio,v_stored,12,recent,p99,12,0,0
stored_norm_error,7,2.766283482313156,0.5525737702846527,-2.2584939301013947,kivi,direction_error,v_stored,12,recent,max,12,0,0
stored_norm_error,7,0.5349325788411079,0.05422391383035574,-0.47656370331242215,kivi,direction_error,v_stored,12,recent,mean,12,0,0
stored_norm_error,7,0.45552749931812286,0.036569900810718536,-0.41858241707086563,kivi,direction_error,v_stored,12,recent,p50,12,0,0
stored_norm_error,7,0.9142727360129359,0.11097540706396106,-0.7929782941937449,kivi,direction_error,v_stored,12,recent,p90,12,0,0
stored_norm_error,7,1.1300492033362384,0.1573647260665892,-0.9614965386688707,kivi,direction_error,v_stored,12,recent,p95,12,0,0
stored_norm_error,7,1.8030496613681306,0.3026716786622998,-1.5073995861411085,kivi,direction_error,v_stored,12,recent,p99,12,0,0
stored_norm_error,7,1.5761979520320892,0.5136906802654266,-1.0013034641742706,kivi,norm_ratio,v_stored,12,recent,max,12,0,0
stored_norm_error,7,-0.026784304616739973,-0.002210309394286014,0.028389197410433553,kivi,norm_ratio,v_stored,12,recent,mean,3,9,0
stored_norm_error,7,-0.02569487690925598,-0.0010548979043960571,0.028805911540985107,kivi,norm_ratio,v_stored,12,recent,p50,1,11,0
stored_norm_error,7,0.29102174937725056,0.08835174739360818,-0.2049799621105194,kivi,norm_ratio,v_stored,12,recent,p90,12,0,0
stored_norm_error,7,0.42035256773233387,0.12501093894243215,-0.2902913898229598,kivi,norm_ratio,v_stored,12,recent,p95,12,0,0
stored_norm_error,7,0.751319724321365,0.2305920013785362,-0.49914899379014976,kivi,norm_ratio,v_stored,12,recent,p99,12,0,0
stored_norm_error,7,4.922868342779111,2.0698362694238313,-2.9268888699589297,kivi,relative_L2,v_stored,12,recent,max,12,0,0
stored_norm_error,7,2.0196595096053045,0.593092069746092,-1.443198373075404,kivi,relative_L2,v_stored,12,recent,mean,12,0,0
stored_norm_error,7,1.8991826091660187,0.5336462171835592,-1.3933785247500055,kivi,relative_L2,v_stored,12,recent,p50,12,0,0
stored_norm_error,7,2.7147288006934103,0.9276878741104158,-1.8353038608387577,kivi,relative_L2,v_stored,12,recent,p90,12,0,0
stored_norm_error,7,3.02086568637751,1.1069564188539514,-1.9554397469211828,kivi,relative_L2,v_stored,12,recent,p95,12,0,0
stored_norm_error,7,3.838932517860082,1.5594185173849102,-2.3136034325940975,kivi,relative_L2,v_stored,12,recent,p99,12,0,0
stored_norm_error,7,1.6443917298893211,0.5879861335561145,-0.9775955762597732,kivi,relative_norm_error,v_stored,12,recent,max,12,0,0
stored_norm_error,7,0.21778832065217094,0.06130768984168629,-0.15617765255714322,kivi,relative_norm_error,v_stored,12,recent,mean,12,0,0
stored_norm_error,7,0.17023491377585742,0.041933765985959326,-0.12627492634783266,kivi,relative_norm_error,v_stored,12,recent,p50,12,0,0
stored_norm_error,7,0.4629487918340601,0.13200387174074424,-0.32557865118142226,kivi,relative_norm_error,v_stored,12,recent,p90,12,0,0
stored_norm_error,7,0.5859607836515348,0.17727862076244483,-0.4080173759182796,kivi,relative_norm_error,v_stored,12,recent,p95,12,0,0
stored_norm_error,7,0.8696390829315348,0.30009726226184275,-0.5698759712555328,kivi,relative_norm_error,v_stored,12,recent,p99,12,0,0
stored_norm_error,7,1.57619786982832,0.5136906451662071,-1.001303355122218,kivi,signed_norm_drift,v_stored,12,recent,max,12,0,0
stored_norm_error,7,-0.026784305416485125,-0.0022103097078155914,0.02838919823967853,kivi,signed_norm_drift,v_stored,12,recent,mean,3,9,0
stored_norm_error,7,-0.025694865409516154,-0.0010548926494493571,0.02880588940843154,kivi,signed_norm_drift,v_stored,12,recent,p50,1,11,0
stored_norm_error,7,0.2910217618438765,0.08835190318350217,-0.20497990265139387,kivi,signed_norm_drift,v_stored,12,recent,p90,12,0,0
stored_norm_error,7,0.4203525853255994,0.12501078991663217,-0.290291412945953,kivi,signed_norm_drift,v_stored,12,recent,p95,12,0,0
stored_norm_error,7,0.7513198270958672,0.23059211047657285,-0.49914911526953787,kivi,signed_norm_drift,v_stored,12,recent,p99,12,0,0
