variant,kv_head,ref_centroid,test_centroid,l2_cost
real_delta_alpha_1,0,0,0,1.67130446434021
real_delta_alpha_1,0,1,1,1.915950894355774
real_delta_alpha_1,0,2,2,0.8346222043037415
real_delta_alpha_1,0,3,3,0.0078125
real_delta_alpha_1,0,4,4,2.0148754119873047
real_delta_alpha_1,0,5,5,0.0078125
real_delta_alpha_1,0,6,6,0.5141729116439819
real_delta_alpha_1,0,7,7,0.0078125
real_delta_alpha_1,0,8,8,0.0078125
real_delta_alpha_1,0,9,9,0.0078125
real_delta_alpha_1,0,10,10,1.4145264625549316
real_delta_alpha_1,0,11,11,0.0078125
real_delta_alpha_1,0,12,12,0.0
real_delta_alpha_1,0,13,13,0.9087721109390259
real_delta_alpha_1,0,14,14,0.005524271633476019
real_delta_alpha_1,0,15,15,0.0078125
real_delta_alpha_1,0,16,16,0.44345831871032715
real_delta_alpha_1,0,17,17,0.0
real_delta_alpha_1,0,18,18,0.8045358061790466
real_delta_alpha_1,0,19,19,0.6577132344245911
real_delta_alpha_1,0,20,20,0.0
real_delta_alpha_1,0,21,21,1.5501168966293335
real_delta_alpha_1,0,22,22,0.0078125
real_delta_alpha_1,0,23,23,0.0
real_delta_alpha_1,0,24,24,1.1516351699829102
real_delta_alpha_1,0,25,25,0.009568319655954838
real_delta_alpha_1,0,26,26,0.0078125
real_delta_alpha_1,0,27,27,0.7521534562110901
real_delta_alpha_1,0,28,28,0.005524271633476019
real_delta_alpha_1,0,29,29,1.1648486852645874
real_delta_alpha_1,0,30,30,1.5307615995407104
real_delta_alpha_1,0,31,31,3.5741782188415527
real_delta_alpha_1,1,0,0,0.005524271633476019
real_delta_alpha_1,1,1,1,0.00390625
real_delta_alpha_1,1,2,2,0.0078125
real_delta_alpha_1,1,3,3,0.00390625
real_delta_alpha_1,1,4,4,0.0078125
real_delta_alpha_1,1,5,5,0.006765823345631361
real_delta_alpha_1,1,6,6,0.00390625
real_delta_alpha_1,1,7,7,0.0
real_delta_alpha_1,1,8,8,0.005524271633476019
real_delta_alpha_1,1,9,9,0.00390625
real_delta_alpha_1,1,10,10,0.005524271633476019
real_delta_alpha_1,1,11,11,0.005524271633476019
real_delta_alpha_1,1,12,12,0.005524271633476019
real_delta_alpha_1,1,13,13,0.008734640665352345
real_delta_alpha_1,1,14,14,0.0078125
real_delta_alpha_1,1,15,15,0.005524271633476019
real_delta_alpha_1,1,16,16,0.0
real_delta_alpha_1,1,17,17,0.0078125
real_delta_alpha_1,1,18,18,0.0
real_delta_alpha_1,1,19,19,0.00390625
real_delta_alpha_1,1,20,20,0.005524271633476019
real_delta_alpha_1,1,21,21,0.00390625
real_delta_alpha_1,1,22,22,0.0078125
real_delta_alpha_1,1,23,23,0.005524271633476019
real_delta_alpha_1,1,24,24,0.00390625
real_delta_alpha_1,1,25,25,0.00390625
real_delta_alpha_1,1,26,26,0.00390625
real_delta_alpha_1,1,27,27,0.00390625
real_delta_alpha_1,1,28,28,0.00390625
real_delta_alpha_1,1,29,29,0.005524271633476019
real_delta_alpha_1,1,30,30,0.0
real_delta_alpha_1,1,31,31,0.005524271633476019
real_delta_alpha_1,2,0,0,0.0
real_delta_alpha_1,2,1,1,0.006765823345631361
real_delta_alpha_1,2,2,2,0.0078125
real_delta_alpha_1,2,3,3,0.005524271633476019
real_delta_alpha_1,2,4,4,0.00390625
real_delta_alpha_1,2,5,5,0.0
real_delta_alpha_1,2,6,6,0.0
real_delta_alpha_1,2,7,7,0.0
real_delta_alpha_1,2,8,8,0.0
real_delta_alpha_1,2,9,9,0.005524271633476019
real_delta_alpha_1,2,10,10,0.0
real_delta_alpha_1,2,11,11,0.0
real_delta_alpha_1,2,12,12,0.005524271633476019
real_delta_alpha_1,2,13,13,0.0
real_delta_alpha_1,2,14,14,0.0078125
real_delta_alpha_1,2,15,15,0.0
real_delta_alpha_1,2,16,16,0.00390625
real_delta_alpha_1,2,17,17,0.005524271633476019
real_delta_alpha_1,2,18,18,0.0
real_delta_alpha_1,2,19,19,0.005524271633476019
real_delta_alpha_1,2,20,20,0.0
real_delta_alpha_1,2,21,21,0.0
real_delta_alpha_1,2,22,22,0.004784159827977419
real_delta_alpha_1,2,23,23,0.005524271633476019
real_delta_alpha_1,2,24,24,0.0
real_delta_alpha_1,2,25,25,0.0
real_delta_alpha_1,2,26,26,0.00390625
real_delta_alpha_1,2,27,27,0.0
real_delta_alpha_1,2,28,28,0.0
real_delta_alpha_1,2,29,29,0.0
real_delta_alpha_1,2,30,30,0.00390625
real_delta_alpha_1,2,31,31,0.0
real_delta_alpha_1,3,0,0,1.9454870223999023
real_delta_alpha_1,3,1,1,0.5746504068374634
real_delta_alpha_1,3,2,2,0.004784159827977419
real_delta_alpha_1,3,3,3,0.0027621358167380095
real_delta_alpha_1,3,4,4,0.0
real_delta_alpha_1,3,5,5,0.00390625
real_delta_alpha_1,3,6,6,0.004784159827977419
real_delta_alpha_1,3,7,7,0.0
real_delta_alpha_1,3,8,8,0.0027621358167380095
real_delta_alpha_1,3,9,9,0.6506867408752441
real_delta_alpha_1,3,10,10,1.5809940099716187
real_delta_alpha_1,3,11,11,0.5345642566680908
real_delta_alpha_1,3,12,12,0.0
real_delta_alpha_1,3,13,13,0.9909102320671082
real_delta_alpha_1,3,14,14,0.45238354802131653
real_delta_alpha_1,3,15,15,0.5037018060684204
real_delta_alpha_1,3,16,16,0.0
real_delta_alpha_1,3,17,17,0.0
real_delta_alpha_1,3,18,18,0.5661367774009705
real_delta_alpha_1,3,19,19,0.0
real_delta_alpha_1,3,20,20,0.0
real_delta_alpha_1,3,21,21,0.005524271633476019
real_delta_alpha_1,3,22,22,0.004784159827977419
real_delta_alpha_1,3,23,23,0.6960527300834656
real_delta_alpha_1,3,24,24,0.0027621358167380095
real_delta_alpha_1,3,25,25,0.0
real_delta_alpha_1,3,26,26,0.8791579604148865
real_delta_alpha_1,3,27,27,0.0027621358167380095
real_delta_alpha_1,3,28,28,0.0
real_delta_alpha_1,3,29,29,0.00390625
real_delta_alpha_1,3,30,30,0.0027621358167380095
real_delta_alpha_1,3,31,31,0.44537246227264404
real_delta_alpha_1,4,0,0,0.00390625
real_delta_alpha_1,4,1,1,0.00390625
real_delta_alpha_1,4,2,2,0.004784159827977419
real_delta_alpha_1,4,3,3,0.00390625
real_delta_alpha_1,4,4,4,0.0027621358167380095
real_delta_alpha_1,4,5,5,0.0
real_delta_alpha_1,4,6,6,0.0
real_delta_alpha_1,4,7,7,0.0
real_delta_alpha_1,4,8,8,0.0
real_delta_alpha_1,4,9,9,0.0
real_delta_alpha_1,4,10,10,0.004784159827977419
real_delta_alpha_1,4,11,11,0.00390625
real_delta_alpha_1,4,12,12,0.00390625
real_delta_alpha_1,4,13,13,0.004784159827977419
real_delta_alpha_1,4,14,14,0.005524271633476019
real_delta_alpha_1,4,15,15,0.0027621358167380095
real_delta_alpha_1,4,16,16,0.0
real_delta_alpha_1,4,17,17,0.004784159827977419
real_delta_alpha_1,4,18,18,0.004784159827977419
real_delta_alpha_1,4,19,19,0.0
real_delta_alpha_1,4,20,20,0.0
real_delta_alpha_1,4,21,21,0.004784159827977419
real_delta_alpha_1,4,22,22,0.00390625
real_delta_alpha_1,4,23,23,0.006765823345631361
real_delta_alpha_1,4,24,24,0.00390625
real_delta_alpha_1,4,25,25,0.004784159827977419
real_delta_alpha_1,4,26,26,0.005524271633476019
real_delta_alpha_1,4,27,27,0.00390625
real_delta_alpha_1,4,28,28,0.0027621358167380095
real_delta_alpha_1,4,29,29,0.005524271633476019
real_delta_alpha_1,4,30,30,0.00390625
real_delta_alpha_1,4,31,31,0.0
real_delta_alpha_1,5,0,0,0.0
real_delta_alpha_1,5,1,1,0.0
real_delta_alpha_1,5,2,2,0.00390625
real_delta_alpha_1,5,3,3,0.005524271633476019
real_delta_alpha_1,5,4,4,0.0078125
real_delta_alpha_1,5,5,5,0.00390625
real_delta_alpha_1,5,6,6,3.672454595565796
real_delta_alpha_1,5,7,7,0.7177940607070923
real_delta_alpha_1,5,8,8,0.00390625
real_delta_alpha_1,5,9,9,0.005524271633476019
real_delta_alpha_1,5,10,10,0.0078125
real_delta_alpha_1,5,11,11,0.0
real_delta_alpha_1,5,12,12,0.005524271633476019
real_delta_alpha_1,5,13,13,0.6531385779380798
real_delta_alpha_1,5,14,14,0.0
real_delta_alpha_1,5,15,15,0.006765823345631361
real_delta_alpha_1,5,16,16,0.0
real_delta_alpha_1,5,17,17,0.6511263251304626
real_delta_alpha_1,5,18,18,0.0
real_delta_alpha_1,5,19,19,0.0078125
real_delta_alpha_1,5,20,20,0.005524271633476019
real_delta_alpha_1,5,21,21,0.006765823345631361
real_delta_alpha_1,5,22,22,0.0078125
real_delta_alpha_1,5,23,23,0.0027621358167380095
real_delta_alpha_1,5,24,24,0.005524271633476019
real_delta_alpha_1,5,25,25,0.00390625
real_delta_alpha_1,5,26,26,0.00390625
real_delta_alpha_1,5,27,27,0.005524271633476019
real_delta_alpha_1,5,28,28,0.00390625
real_delta_alpha_1,5,29,29,0.0
real_delta_alpha_1,5,30,30,0.0
real_delta_alpha_1,5,31,31,0.005524271633476019
real_delta_alpha_1,6,0,0,0.0078125
real_delta_alpha_1,6,1,1,0.0
real_delta_alpha_1,6,2,2,0.009568319655954838
real_delta_alpha_1,6,3,3,0.0027621358167380095
real_delta_alpha_1,6,4,4,0.0
real_delta_alpha_1,6,5,5,0.0078125
real_delta_alpha_1,6,6,6,0.005524271633476019
real_delta_alpha_1,6,7,7,0.0
real_delta_alpha_1,6,8,8,0.0
real_delta_alpha_1,6,9,9,0.0
real_delta_alpha_1,6,10,10,0.0
real_delta_alpha_1,6,11,11,0.0
real_delta_alpha_1,6,12,12,0.0
real_delta_alpha_1,6,13,13,0.005524271633476019
real_delta_alpha_1,6,14,14,0.0
real_delta_alpha_1,6,15,15,0.009568319655954838
real_delta_alpha_1,6,16,16,0.0078125
real_delta_alpha_1,6,17,17,0.0
real_delta_alpha_1,6,18,18,0.006765823345631361
real_delta_alpha_1,6,19,19,0.005524271633476019
real_delta_alpha_1,6,20,20,0.0
real_delta_alpha_1,6,21,21,0.009568319655954838
real_delta_alpha_1,6,22,22,0.005524271633476019
real_delta_alpha_1,6,23,23,0.0
real_delta_alpha_1,6,24,24,0.005524271633476019
real_delta_alpha_1,6,25,25,0.0078125
real_delta_alpha_1,6,26,26,0.0
real_delta_alpha_1,6,27,27,0.0078125
real_delta_alpha_1,6,28,28,0.0
real_delta_alpha_1,6,29,29,0.00390625
real_delta_alpha_1,6,30,30,0.0
real_delta_alpha_1,6,31,31,0.0078125
real_delta_alpha_1,7,0,0,0.0027621358167380095
real_delta_alpha_1,7,1,1,1.714587926864624
real_delta_alpha_1,7,2,2,0.0
real_delta_alpha_1,7,3,3,0.00390625
real_delta_alpha_1,7,4,4,0.005524271633476019
real_delta_alpha_1,7,5,5,1.1714061498641968
real_delta_alpha_1,7,6,6,0.605588436126709
real_delta_alpha_1,7,7,7,0.3155309557914734
real_delta_alpha_1,7,8,8,0.7440970540046692
real_delta_alpha_1,7,9,9,0.00390625
real_delta_alpha_1,7,10,10,1.5511821508407593
real_delta_alpha_1,7,11,11,0.001953125
real_delta_alpha_1,7,12,12,1.4993844032287598
real_delta_alpha_1,7,13,13,0.0027621358167380095
real_delta_alpha_1,7,14,14,0.6064696907997131
real_delta_alpha_1,7,15,15,0.0
real_delta_alpha_1,7,16,16,5.6010026931762695
real_delta_alpha_1,7,17,17,1.5176271200180054
real_delta_alpha_1,7,18,18,0.00390625
real_delta_alpha_1,7,19,19,0.004784159827977419
real_delta_alpha_1,7,20,20,0.5446032881736755
real_delta_alpha_1,7,21,21,0.0
real_delta_alpha_1,7,22,22,0.00390625
real_delta_alpha_1,7,23,23,0.006176323629915714
real_delta_alpha_1,7,24,24,0.0
real_delta_alpha_1,7,25,25,0.006765823345631361
real_delta_alpha_1,7,26,26,1.4408106803894043
real_delta_alpha_1,7,27,27,0.8894463777542114
real_delta_alpha_1,7,28,28,2.0870325565338135
real_delta_alpha_1,7,29,29,0.00390625
real_delta_alpha_1,7,30,30,0.006765823345631361
real_delta_alpha_1,7,31,31,0.00390625
random_rel_0,0,0,0,0.0
random_rel_0,0,1,1,0.0
random_rel_0,0,2,2,0.005524271633476019
random_rel_0,0,3,3,0.0078125
random_rel_0,0,4,4,0.0
random_rel_0,0,5,5,0.0
random_rel_0,0,6,6,0.0
random_rel_0,0,7,7,0.0078125
random_rel_0,0,8,8,0.0078125
random_rel_0,0,9,9,0.009568319655954838
random_rel_0,0,10,10,0.005524271633476019
random_rel_0,0,11,11,0.009568319655954838
random_rel_0,0,12,12,0.0
random_rel_0,0,13,13,0.005524271633476019
random_rel_0,0,14,14,0.005524271633476019
random_rel_0,0,15,15,0.009568319655954838
random_rel_0,0,16,16,0.0078125
random_rel_0,0,17,17,0.005524271633476019
random_rel_0,0,18,18,0.0
random_rel_0,0,19,19,0.005524271633476019
random_rel_0,0,20,20,0.0
random_rel_0,0,21,21,0.0
random_rel_0,0,22,22,0.0078125
random_rel_0,0,23,23,0.0
random_rel_0,0,24,24,0.0
random_rel_0,0,25,25,0.009568319655954838
random_rel_0,0,26,26,0.0
random_rel_0,0,27,27,0.0
random_rel_0,0,28,28,0.005524271633476019
random_rel_0,0,29,29,0.005524271633476019
random_rel_0,0,30,30,0.0078125
random_rel_0,0,31,31,0.0
random_rel_0,1,0,0,0.00390625
random_rel_0,1,1,1,0.0
random_rel_0,1,2,2,0.0
random_rel_0,1,3,3,0.00390625
random_rel_0,1,4,4,0.008734640665352345
random_rel_0,1,5,5,0.0
random_rel_0,1,6,6,0.0
random_rel_0,1,7,7,0.0
random_rel_0,1,8,8,0.00390625
random_rel_0,1,9,9,0.005524271633476019
random_rel_0,1,10,10,0.0078125
random_rel_0,1,11,11,0.0
random_rel_0,1,12,12,0.00390625
random_rel_0,1,13,13,0.0
random_rel_0,1,14,14,0.005524271633476019
random_rel_0,1,15,15,0.005524271633476019
random_rel_0,1,16,16,0.0
random_rel_0,1,17,17,0.006765823345631361
random_rel_0,1,18,18,0.0
random_rel_0,1,19,19,0.00390625
random_rel_0,1,20,20,0.0
random_rel_0,1,21,21,0.00390625
random_rel_0,1,22,22,0.0078125
random_rel_0,1,23,23,0.0
random_rel_0,1,24,24,0.005524271633476019
random_rel_0,1,25,25,0.0
random_rel_0,1,26,26,0.0
random_rel_0,1,27,27,0.0
random_rel_0,1,28,28,0.005524271633476019
random_rel_0,1,29,29,0.00390625
random_rel_0,1,30,30,0.006765823345631361
random_rel_0,1,31,31,0.006765823345631361
random_rel_0,2,0,0,0.0
random_rel_0,2,1,1,0.0
random_rel_0,2,2,2,0.006765823345631361
random_rel_0,2,3,3,0.0
random_rel_0,2,4,4,0.0
random_rel_0,2,5,5,0.0
random_rel_0,2,6,6,0.0
random_rel_0,2,7,7,0.0
random_rel_0,2,8,8,0.0
random_rel_0,2,9,9,0.005524271633476019
random_rel_0,2,10,10,0.0
random_rel_0,2,11,11,0.0
random_rel_0,2,12,12,0.0
random_rel_0,2,13,13,0.0027621358167380095
random_rel_0,2,14,14,0.009568319655954838
random_rel_0,2,15,15,0.0
random_rel_0,2,16,16,0.0
random_rel_0,2,17,17,0.005524271633476019
random_rel_0,2,18,18,0.0
random_rel_0,2,19,19,0.0027621358167380095
random_rel_0,2,20,20,0.00390625
random_rel_0,2,21,21,0.00390625
random_rel_0,2,22,22,0.0
random_rel_0,2,23,23,0.0
random_rel_0,2,24,24,0.0
random_rel_0,2,25,25,0.0
random_rel_0,2,26,26,0.00390625
random_rel_0,2,27,27,0.0
random_rel_0,2,28,28,0.0
random_rel_0,2,29,29,0.0
random_rel_0,2,30,30,0.00390625
random_rel_0,2,31,31,0.00390625
random_rel_0,3,0,0,0.0
random_rel_0,3,1,1,0.0
random_rel_0,3,2,2,0.0
random_rel_0,3,3,3,0.00390625
random_rel_0,3,4,4,0.0
random_rel_0,3,5,5,0.004784159827977419
random_rel_0,3,6,6,0.00390625
random_rel_0,3,7,7,0.0
random_rel_0,3,8,8,0.0
random_rel_0,3,9,9,0.00390625
random_rel_0,3,10,10,0.00390625
random_rel_0,3,11,11,0.00390625
random_rel_0,3,12,12,0.0027621358167380095
random_rel_0,3,13,13,0.0
random_rel_0,3,14,14,0.004784159827977419
random_rel_0,3,15,15,0.0
random_rel_0,3,16,16,0.0
random_rel_0,3,17,17,0.0
random_rel_0,3,18,18,0.00390625
random_rel_0,3,19,19,0.0027621358167380095
random_rel_0,3,20,20,0.0
random_rel_0,3,21,21,0.00390625
random_rel_0,3,22,22,0.0
random_rel_0,3,23,23,0.0027621358167380095
random_rel_0,3,24,24,0.0
random_rel_0,3,25,25,0.0
random_rel_0,3,26,26,0.00390625
random_rel_0,3,27,27,0.0027621358167380095
random_rel_0,3,28,28,0.0
random_rel_0,3,29,29,0.004784159827977419
random_rel_0,3,30,30,0.0
random_rel_0,3,31,31,0.004784159827977419
random_rel_0,4,0,0,0.0
random_rel_0,4,1,1,0.0
random_rel_0,4,2,2,0.0027621358167380095
random_rel_0,4,3,3,0.005524271633476019
random_rel_0,4,4,4,0.00390625
random_rel_0,4,5,5,0.0
random_rel_0,4,6,6,0.00390625
random_rel_0,4,7,7,0.0
random_rel_0,4,8,8,0.0
random_rel_0,4,9,9,0.0
random_rel_0,4,10,10,0.00390625
random_rel_0,4,11,11,0.0027621358167380095
random_rel_0,4,12,12,0.0027621358167380095
random_rel_0,4,13,13,0.0
random_rel_0,4,14,14,0.005524271633476019
random_rel_0,4,15,15,0.0027621358167380095
random_rel_0,4,16,16,0.005524271633476019
random_rel_0,4,17,17,0.0
random_rel_0,4,18,18,0.004784159827977419
random_rel_0,4,19,19,0.0
random_rel_0,4,20,20,0.0
random_rel_0,4,21,21,0.004784159827977419
random_rel_0,4,22,22,0.0027621358167380095
random_rel_0,4,23,23,0.007307924795895815
random_rel_0,4,24,24,0.0
random_rel_0,4,25,25,0.00390625
random_rel_0,4,26,26,0.004784159827977419
random_rel_0,4,27,27,0.0
random_rel_0,4,28,28,0.0
random_rel_0,4,29,29,0.004784159827977419
random_rel_0,4,30,30,0.005524271633476019
random_rel_0,4,31,31,0.0
random_rel_0,5,0,0,0.0
random_rel_0,5,1,1,0.0
random_rel_0,5,2,2,0.00390625
random_rel_0,5,3,3,0.005524271633476019
random_rel_0,5,4,4,0.005524271633476019
random_rel_0,5,5,5,0.00390625
random_rel_0,5,6,6,0.006765823345631361
random_rel_0,5,7,7,0.00390625
random_rel_0,5,8,8,0.00390625
random_rel_0,5,9,9,0.0078125
random_rel_0,5,10,10,0.005524271633476019
random_rel_0,5,11,11,0.005524271633476019
random_rel_0,5,12,12,0.006765823345631361
random_rel_0,5,13,13,0.006765823345631361
random_rel_0,5,14,14,0.0
random_rel_0,5,15,15,0.006765823345631361
random_rel_0,5,16,16,0.0
random_rel_0,5,17,17,0.00390625
random_rel_0,5,18,18,0.0
random_rel_0,5,19,19,0.00390625
random_rel_0,5,20,20,0.005524271633476019
random_rel_0,5,21,21,0.0078125
random_rel_0,5,22,22,0.005524271633476019
random_rel_0,5,23,23,0.0
random_rel_0,5,24,24,0.005524271633476019
random_rel_0,5,25,25,0.0
random_rel_0,5,26,26,0.00390625
random_rel_0,5,27,27,0.00390625
random_rel_0,5,28,28,0.00390625
random_rel_0,5,29,29,0.0
random_rel_0,5,30,30,0.0027621358167380095
random_rel_0,5,31,31,0.00390625
random_rel_0,6,0,0,0.006765823345631361
random_rel_0,6,1,1,0.0
random_rel_0,6,2,2,0.005524271633476019
random_rel_0,6,3,3,0.0
random_rel_0,6,4,4,0.0
random_rel_0,6,5,5,0.005524271633476019
random_rel_0,6,6,6,0.0
random_rel_0,6,7,7,0.0
random_rel_0,6,8,8,0.0
random_rel_0,6,9,9,0.0
random_rel_0,6,10,10,0.0078125
random_rel_0,6,11,11,0.0
random_rel_0,6,12,12,0.0
random_rel_0,6,13,13,0.005524271633476019
random_rel_0,6,14,14,0.0
random_rel_0,6,15,15,0.009568319655954838
random_rel_0,6,16,16,0.0
random_rel_0,6,17,17,0.0
random_rel_0,6,18,18,0.009568319655954838
random_rel_0,6,19,19,0.0
random_rel_0,6,20,20,0.0
random_rel_0,6,21,21,0.013531646691262722
random_rel_0,6,22,22,0.0
random_rel_0,6,23,23,0.0
random_rel_0,6,24,24,0.0
random_rel_0,6,25,25,0.005524271633476019
random_rel_0,6,26,26,0.0
random_rel_0,6,27,27,0.005524271633476019
random_rel_0,6,28,28,0.0
random_rel_0,6,29,29,0.00390625
random_rel_0,6,30,30,0.005524271633476019
random_rel_0,6,31,31,0.0
random_rel_0,7,0,0,0.00390625
random_rel_0,7,1,1,0.0027621358167380095
random_rel_0,7,2,2,0.0
random_rel_0,7,3,3,0.00390625
random_rel_0,7,4,4,0.0
random_rel_0,7,5,5,0.0027621358167380095
random_rel_0,7,6,6,0.0
random_rel_0,7,7,7,0.001953125
random_rel_0,7,8,8,0.00390625
random_rel_0,7,9,9,0.0
random_rel_0,7,10,10,0.0
random_rel_0,7,11,11,0.0
random_rel_0,7,12,12,0.0027621358167380095
random_rel_0,7,13,13,0.00390625
random_rel_0,7,14,14,0.0
random_rel_0,7,15,15,0.00390625
random_rel_0,7,16,16,0.00390625
random_rel_0,7,17,17,0.00390625
random_rel_0,7,18,18,0.006176323629915714
random_rel_0,7,19,19,0.0027621358167380095
random_rel_0,7,20,20,0.0
random_rel_0,7,21,21,0.0
random_rel_0,7,22,22,0.00390625
random_rel_0,7,23,23,0.0027621358167380095
random_rel_0,7,24,24,0.0
random_rel_0,7,25,25,0.004784159827977419
random_rel_0,7,26,26,0.0027621358167380095
random_rel_0,7,27,27,0.0027621358167380095
random_rel_0,7,28,28,0.0
random_rel_0,7,29,29,0.0
random_rel_0,7,30,30,0.006765823345631361
random_rel_0,7,31,31,0.0
random_rel_5e-05,0,0,0,0.0
random_rel_5e-05,0,1,1,0.0
random_rel_5e-05,0,2,2,0.0
random_rel_5e-05,0,3,3,0.005524271633476019
random_rel_5e-05,0,4,4,0.005524271633476019
random_rel_5e-05,0,5,5,0.0
random_rel_5e-05,0,6,6,0.0
random_rel_5e-05,0,7,7,0.005524271633476019
random_rel_5e-05,0,8,8,0.005524271633476019
random_rel_5e-05,0,9,9,0.005524271633476019
random_rel_5e-05,0,10,10,0.005524271633476019
random_rel_5e-05,0,11,11,0.0078125
random_rel_5e-05,0,12,12,0.0
random_rel_5e-05,0,13,13,0.005524271633476019
random_rel_5e-05,0,14,14,0.005524271633476019
random_rel_5e-05,0,15,15,0.0078125
random_rel_5e-05,0,16,16,0.005524271633476019
random_rel_5e-05,0,17,17,0.005524271633476019
random_rel_5e-05,0,18,18,0.0
random_rel_5e-05,0,19,19,0.0
random_rel_5e-05,0,20,20,0.0
random_rel_5e-05,0,21,21,0.0
random_rel_5e-05,0,22,22,0.005524271633476019
random_rel_5e-05,0,23,23,0.0
random_rel_5e-05,0,24,24,0.0
random_rel_5e-05,0,25,25,0.0078125
random_rel_5e-05,0,26,26,0.0
random_rel_5e-05,0,27,27,0.0
random_rel_5e-05,0,28,28,0.005524271633476019
random_rel_5e-05,0,29,29,0.005524271633476019
random_rel_5e-05,0,30,30,0.0078125
random_rel_5e-05,0,31,31,0.0
random_rel_5e-05,1,0,0,0.00390625
random_rel_5e-05,1,1,1,0.0
random_rel_5e-05,1,2,2,0.00390625
random_rel_5e-05,1,3,3,0.0
random_rel_5e-05,1,4,4,0.006765823345631361
random_rel_5e-05,1,5,5,0.005524271633476019
random_rel_5e-05,1,6,6,0.005524271633476019
random_rel_5e-05,1,7,7,0.0
random_rel_5e-05,1,8,8,0.0
random_rel_5e-05,1,9,9,0.005524271633476019
random_rel_5e-05,1,10,10,0.006765823345631361
random_rel_5e-05,1,11,11,0.0
random_rel_5e-05,1,12,12,0.00390625
random_rel_5e-05,1,13,13,0.0
random_rel_5e-05,1,14,14,0.0
random_rel_5e-05,1,15,15,0.0078125
random_rel_5e-05,1,16,16,0.0
random_rel_5e-05,1,17,17,0.006765823345631361
random_rel_5e-05,1,18,18,0.0
random_rel_5e-05,1,19,19,0.0
random_rel_5e-05,1,20,20,0.0
random_rel_5e-05,1,21,21,0.00390625
random_rel_5e-05,1,22,22,0.0078125
random_rel_5e-05,1,23,23,0.005524271633476019
random_rel_5e-05,1,24,24,0.005524271633476019
random_rel_5e-05,1,25,25,0.0
random_rel_5e-05,1,26,26,0.005524271633476019
random_rel_5e-05,1,27,27,0.0
random_rel_5e-05,1,28,28,0.005524271633476019
random_rel_5e-05,1,29,29,0.005524271633476019
random_rel_5e-05,1,30,30,0.006765823345631361
random_rel_5e-05,1,31,31,0.0078125
random_rel_5e-05,2,0,0,0.0
random_rel_5e-05,2,1,1,0.00390625
random_rel_5e-05,2,2,2,0.006765823345631361
random_rel_5e-05,2,3,3,0.005524271633476019
random_rel_5e-05,2,4,4,0.00390625
random_rel_5e-05,2,5,5,0.0
random_rel_5e-05,2,6,6,0.00390625
random_rel_5e-05,2,7,7,0.0
random_rel_5e-05,2,8,8,0.00390625
random_rel_5e-05,2,9,9,0.005524271633476019
random_rel_5e-05,2,10,10,0.0
random_rel_5e-05,2,11,11,0.0
random_rel_5e-05,2,12,12,0.005524271633476019
random_rel_5e-05,2,13,13,0.0
random_rel_5e-05,2,14,14,0.005524271633476019
random_rel_5e-05,2,15,15,0.0
random_rel_5e-05,2,16,16,0.0
random_rel_5e-05,2,17,17,0.005524271633476019
random_rel_5e-05,2,18,18,0.0
random_rel_5e-05,2,19,19,0.0027621358167380095
random_rel_5e-05,2,20,20,0.00390625
random_rel_5e-05,2,21,21,0.0
random_rel_5e-05,2,22,22,0.0
random_rel_5e-05,2,23,23,0.005524271633476019
random_rel_5e-05,2,24,24,0.0
random_rel_5e-05,2,25,25,0.0
random_rel_5e-05,2,26,26,0.00390625
random_rel_5e-05,2,27,27,0.0
random_rel_5e-05,2,28,28,0.0
random_rel_5e-05,2,29,29,0.0
random_rel_5e-05,2,30,30,0.00390625
random_rel_5e-05,2,31,31,0.0
random_rel_5e-05,3,0,0,0.0
random_rel_5e-05,3,1,1,0.0
random_rel_5e-05,3,2,2,0.0
random_rel_5e-05,3,3,3,0.0
random_rel_5e-05,3,4,4,0.0
random_rel_5e-05,3,5,5,0.004784159827977419
random_rel_5e-05,3,6,6,0.00390625
random_rel_5e-05,3,7,7,0.0027621358167380095
random_rel_5e-05,3,8,8,0.0
random_rel_5e-05,3,9,9,0.0027621358167380095
random_rel_5e-05,3,10,10,0.005524271633476019
random_rel_5e-05,3,11,11,0.00390625
random_rel_5e-05,3,12,12,0.0
random_rel_5e-05,3,13,13,0.0
random_rel_5e-05,3,14,14,0.0
random_rel_5e-05,3,15,15,0.0
random_rel_5e-05,3,16,16,0.004784159827977419
random_rel_5e-05,3,17,17,0.0
random_rel_5e-05,3,18,18,0.0027621358167380095
random_rel_5e-05,3,19,19,0.0
random_rel_5e-05,3,20,20,0.0
random_rel_5e-05,3,21,21,0.0027621358167380095
random_rel_5e-05,3,22,22,0.0
random_rel_5e-05,3,23,23,0.0027621358167380095
random_rel_5e-05,3,24,24,0.0027621358167380095
random_rel_5e-05,3,25,25,0.0
random_rel_5e-05,3,26,26,0.00390625
random_rel_5e-05,3,27,27,0.0
random_rel_5e-05,3,28,28,0.0
random_rel_5e-05,3,29,29,0.004784159827977419
random_rel_5e-05,3,30,30,0.0
random_rel_5e-05,3,31,31,0.00390625
random_rel_5e-05,4,0,0,0.00390625
random_rel_5e-05,4,1,1,0.0
random_rel_5e-05,4,2,2,0.0
random_rel_5e-05,4,3,3,0.005524271633476019
random_rel_5e-05,4,4,4,0.00390625
random_rel_5e-05,4,5,5,0.0
random_rel_5e-05,4,6,6,0.0
random_rel_5e-05,4,7,7,0.0027621358167380095
random_rel_5e-05,4,8,8,0.0027621358167380095
random_rel_5e-05,4,9,9,0.0027621358167380095
random_rel_5e-05,4,10,10,0.0027621358167380095
random_rel_5e-05,4,11,11,0.00390625
random_rel_5e-05,4,12,12,0.004784159827977419
random_rel_5e-05,4,13,13,0.0
random_rel_5e-05,4,14,14,0.00390625
random_rel_5e-05,4,15,15,0.0
random_rel_5e-05,4,16,16,0.006765823345631361
random_rel_5e-05,4,17,17,0.004784159827977419
random_rel_5e-05,4,18,18,0.00390625
random_rel_5e-05,4,19,19,0.0
random_rel_5e-05,4,20,20,0.0
random_rel_5e-05,4,21,21,0.004784159827977419
random_rel_5e-05,4,22,22,0.0027621358167380095
random_rel_5e-05,4,23,23,0.006765823345631361
random_rel_5e-05,4,24,24,0.0
random_rel_5e-05,4,25,25,0.0
random_rel_5e-05,4,26,26,0.00390625
random_rel_5e-05,4,27,27,0.0
random_rel_5e-05,4,28,28,0.0
random_rel_5e-05,4,29,29,0.00390625
random_rel_5e-05,4,30,30,0.005524271633476019
random_rel_5e-05,4,31,31,0.006765823345631361
random_rel_5e-05,5,0,0,0.00390625
random_rel_5e-05,5,1,1,0.0
random_rel_5e-05,5,2,2,0.005524271633476019
random_rel_5e-05,5,3,3,0.005524271633476019
random_rel_5e-05,5,4,4,0.00390625
random_rel_5e-05,5,5,5,0.00390625
random_rel_5e-05,5,6,6,0.00390625
random_rel_5e-05,5,7,7,0.00390625
random_rel_5e-05,5,8,8,0.00390625
random_rel_5e-05,5,9,9,0.00390625
random_rel_5e-05,5,10,10,0.0
random_rel_5e-05,5,11,11,0.005524271633476019
random_rel_5e-05,5,12,12,0.0078125
random_rel_5e-05,5,13,13,0.005524271633476019
random_rel_5e-05,5,14,14,0.0
random_rel_5e-05,5,15,15,0.005524271633476019
random_rel_5e-05,5,16,16,0.0
random_rel_5e-05,5,17,17,0.0
random_rel_5e-05,5,18,18,0.00390625
random_rel_5e-05,5,19,19,0.0
random_rel_5e-05,5,20,20,0.00390625
random_rel_5e-05,5,21,21,0.0078125
random_rel_5e-05,5,22,22,0.006765823345631361
random_rel_5e-05,5,23,23,0.0027621358167380095
random_rel_5e-05,5,24,24,0.005524271633476019
random_rel_5e-05,5,25,25,0.00390625
random_rel_5e-05,5,26,26,0.004784159827977419
random_rel_5e-05,5,27,27,0.00390625
random_rel_5e-05,5,28,28,0.0027621358167380095
random_rel_5e-05,5,29,29,0.0
random_rel_5e-05,5,30,30,0.0027621358167380095
random_rel_5e-05,5,31,31,0.0
random_rel_5e-05,6,0,0,0.0078125
random_rel_5e-05,6,1,1,0.005524271633476019
random_rel_5e-05,6,2,2,0.0078125
random_rel_5e-05,6,3,3,0.0027621358167380095
random_rel_5e-05,6,4,4,0.0
random_rel_5e-05,6,5,5,0.0
random_rel_5e-05,6,6,6,0.0
random_rel_5e-05,6,7,7,0.00390625
random_rel_5e-05,6,8,8,0.0
random_rel_5e-05,6,9,9,0.0
random_rel_5e-05,6,10,10,0.005524271633476019
random_rel_5e-05,6,11,11,0.005524271633476019
random_rel_5e-05,6,12,12,0.0
random_rel_5e-05,6,13,13,0.0078125
random_rel_5e-05,6,14,14,0.0
random_rel_5e-05,6,15,15,0.0078125
random_rel_5e-05,6,16,16,0.0
random_rel_5e-05,6,17,17,0.0
random_rel_5e-05,6,18,18,0.0078125
random_rel_5e-05,6,19,19,0.0
random_rel_5e-05,6,20,20,0.0
random_rel_5e-05,6,21,21,0.011048543266952038
random_rel_5e-05,6,22,22,0.0
random_rel_5e-05,6,23,23,0.0
random_rel_5e-05,6,24,24,0.0
random_rel_5e-05,6,25,25,0.005524271633476019
random_rel_5e-05,6,26,26,0.0
random_rel_5e-05,6,27,27,0.0
random_rel_5e-05,6,28,28,0.0
random_rel_5e-05,6,29,29,0.0078125
random_rel_5e-05,6,30,30,0.005524271633476019
random_rel_5e-05,6,31,31,0.0
random_rel_5e-05,7,0,0,0.00390625
random_rel_5e-05,7,1,1,0.0
random_rel_5e-05,7,2,2,0.00390625
random_rel_5e-05,7,3,3,0.00390625
random_rel_5e-05,7,4,4,0.0
random_rel_5e-05,7,5,5,0.0027621358167380095
random_rel_5e-05,7,6,6,0.0
random_rel_5e-05,7,7,7,0.0
random_rel_5e-05,7,8,8,0.005524271633476019
random_rel_5e-05,7,9,9,0.0
random_rel_5e-05,7,10,10,0.0
random_rel_5e-05,7,11,11,0.0
random_rel_5e-05,7,12,12,0.0027621358167380095
random_rel_5e-05,7,13,13,0.0027621358167380095
random_rel_5e-05,7,14,14,0.0027621358167380095
random_rel_5e-05,7,15,15,0.005524271633476019
random_rel_5e-05,7,16,16,0.00390625
random_rel_5e-05,7,17,17,0.00390625
random_rel_5e-05,7,18,18,0.005524271633476019
random_rel_5e-05,7,19,19,0.0027621358167380095
random_rel_5e-05,7,20,20,0.0027621358167380095
random_rel_5e-05,7,21,21,0.0
random_rel_5e-05,7,22,22,0.0027621358167380095
random_rel_5e-05,7,23,23,0.004784159827977419
random_rel_5e-05,7,24,24,0.0
random_rel_5e-05,7,25,25,0.005524271633476019
random_rel_5e-05,7,26,26,0.0027621358167380095
random_rel_5e-05,7,27,27,0.00390625
random_rel_5e-05,7,28,28,0.0
random_rel_5e-05,7,29,29,0.00390625
random_rel_5e-05,7,30,30,0.005524271633476019
random_rel_5e-05,7,31,31,0.00390625
random_rel_0.0001,0,0,0,0.005524271633476019
random_rel_0.0001,0,1,1,0.0
random_rel_0.0001,0,2,2,0.005524271633476019
random_rel_0.0001,0,3,3,0.005524271633476019
random_rel_0.0001,0,4,4,0.0
random_rel_0.0001,0,5,5,0.0
random_rel_0.0001,0,6,6,0.0
random_rel_0.0001,0,7,7,0.0
random_rel_0.0001,0,8,8,0.0078125
random_rel_0.0001,0,9,9,0.0078125
random_rel_0.0001,0,10,10,0.005524271633476019
random_rel_0.0001,0,11,11,0.0078125
random_rel_0.0001,0,12,12,0.0
random_rel_0.0001,0,13,13,0.005524271633476019
random_rel_0.0001,0,14,14,0.0
random_rel_0.0001,0,15,15,0.009568319655954838
random_rel_0.0001,0,16,16,0.005524271633476019
random_rel_0.0001,0,17,17,0.0078125
random_rel_0.0001,0,18,18,0.0
random_rel_0.0001,0,19,19,0.005524271633476019
random_rel_0.0001,0,20,20,0.0
random_rel_0.0001,0,21,21,0.0
random_rel_0.0001,0,22,22,0.005524271633476019
random_rel_0.0001,0,23,23,0.0
random_rel_0.0001,0,24,24,0.0
random_rel_0.0001,0,25,25,0.0
random_rel_0.0001,0,26,26,0.0
random_rel_0.0001,0,27,27,0.005524271633476019
random_rel_0.0001,0,28,28,0.005524271633476019
random_rel_0.0001,0,29,29,0.005524271633476019
random_rel_0.0001,0,30,30,0.005524271633476019
random_rel_0.0001,0,31,31,0.005524271633476019
random_rel_0.0001,1,0,0,0.005524271633476019
random_rel_0.0001,1,1,1,0.0
random_rel_0.0001,1,2,2,0.00390625
random_rel_0.0001,1,3,3,0.0
random_rel_0.0001,1,4,4,0.0078125
random_rel_0.0001,1,5,5,0.005524271633476019
random_rel_0.0001,1,6,6,0.0
random_rel_0.0001,1,7,7,0.0
random_rel_0.0001,1,8,8,0.005524271633476019
random_rel_0.0001,1,9,9,0.0
random_rel_0.0001,1,10,10,0.0078125
random_rel_0.0001,1,11,11,0.005524271633476019
random_rel_0.0001,1,12,12,0.00390625
random_rel_0.0001,1,13,13,0.0078125
random_rel_0.0001,1,14,14,0.00390625
random_rel_0.0001,1,15,15,0.00390625
random_rel_0.0001,1,16,16,0.0
random_rel_0.0001,1,17,17,0.005524271633476019
random_rel_0.0001,1,18,18,0.0
random_rel_0.0001,1,19,19,0.0
random_rel_0.0001,1,20,20,0.0
random_rel_0.0001,1,21,21,0.005524271633476019
random_rel_0.0001,1,22,22,0.0078125
random_rel_0.0001,1,23,23,0.0
random_rel_0.0001,1,24,24,0.0
random_rel_0.0001,1,25,25,0.0
random_rel_0.0001,1,26,26,0.005524271633476019
random_rel_0.0001,1,27,27,0.0
random_rel_0.0001,1,28,28,0.0078125
random_rel_0.0001,1,29,29,0.0
random_rel_0.0001,1,30,30,0.009568319655954838
random_rel_0.0001,1,31,31,0.005524271633476019
random_rel_0.0001,2,0,0,0.0
random_rel_0.0001,2,1,1,0.00390625
random_rel_0.0001,2,2,2,0.005524271633476019
random_rel_0.0001,2,3,3,0.0
random_rel_0.0001,2,4,4,0.0
random_rel_0.0001,2,5,5,0.0
random_rel_0.0001,2,6,6,0.00390625
random_rel_0.0001,2,7,7,0.0
random_rel_0.0001,2,8,8,0.00390625
random_rel_0.0001,2,9,9,0.006765823345631361
random_rel_0.0001,2,10,10,0.0
random_rel_0.0001,2,11,11,0.00390625
random_rel_0.0001,2,12,12,0.0
random_rel_0.0001,2,13,13,0.00390625
random_rel_0.0001,2,14,14,0.0078125
random_rel_0.0001,2,15,15,0.0
random_rel_0.0001,2,16,16,0.0
random_rel_0.0001,2,17,17,0.0
random_rel_0.0001,2,18,18,0.005524271633476019
random_rel_0.0001,2,19,19,0.00390625
random_rel_0.0001,2,20,20,0.005524271633476019
random_rel_0.0001,2,21,21,0.0
random_rel_0.0001,2,22,22,0.00390625
random_rel_0.0001,2,23,23,0.005524271633476019
random_rel_0.0001,2,24,24,0.0
random_rel_0.0001,2,25,25,0.0
random_rel_0.0001,2,26,26,0.0
random_rel_0.0001,2,27,27,0.0
random_rel_0.0001,2,28,28,0.0
random_rel_0.0001,2,29,29,0.0
random_rel_0.0001,2,30,30,0.00390625
random_rel_0.0001,2,31,31,0.005524271633476019
random_rel_0.0001,3,0,0,1.945669412612915
random_rel_0.0001,3,1,1,0.574895977973938
random_rel_0.0001,3,2,2,0.00390625
random_rel_0.0001,3,3,3,0.005524271633476019
random_rel_0.0001,3,4,4,0.0
random_rel_0.0001,3,5,5,0.00390625
random_rel_0.0001,3,6,6,0.004784159827977419
random_rel_0.0001,3,7,7,0.0
random_rel_0.0001,3,8,8,0.0027621358167380095
random_rel_0.0001,3,9,9,0.6508450508117676
random_rel_0.0001,3,10,10,1.581187129020691
random_rel_0.0001,3,11,11,0.5344715118408203
random_rel_0.0001,3,12,12,0.0027621358167380095
random_rel_0.0001,3,13,13,0.8668707013130188
random_rel_0.0001,3,14,14,0.4525858759880066
random_rel_0.0001,3,15,15,0.5037169456481934
random_rel_0.0001,3,16,16,0.0027621358167380095
random_rel_0.0001,3,17,17,0.0
random_rel_0.0001,3,18,18,0.5659885406494141
random_rel_0.0001,3,19,19,0.0
random_rel_0.0001,3,20,20,0.0
random_rel_0.0001,3,21,21,0.00390625
random_rel_0.0001,3,22,22,0.005524271633476019
random_rel_0.0001,3,23,23,0.6961678266525269
random_rel_0.0001,3,24,24,0.0
random_rel_0.0001,3,25,25,0.0
random_rel_0.0001,3,26,26,0.8791492581367493
random_rel_0.0001,3,27,27,0.004784159827977419
random_rel_0.0001,3,28,28,0.004784159827977419
random_rel_0.0001,3,29,29,0.006176323629915714
random_rel_0.0001,3,30,30,0.0
random_rel_0.0001,3,31,31,0.00390625
random_rel_0.0001,4,0,0,0.00390625
random_rel_0.0001,4,1,1,0.0
random_rel_0.0001,4,2,2,0.0027621358167380095
random_rel_0.0001,4,3,3,0.00390625
random_rel_0.0001,4,4,4,0.0027621358167380095
random_rel_0.0001,4,5,5,0.0
random_rel_0.0001,4,6,6,0.006176323629915714
random_rel_0.0001,4,7,7,0.00390625
random_rel_0.0001,4,8,8,0.00390625
random_rel_0.0001,4,9,9,0.0
random_rel_0.0001,4,10,10,0.0027621358167380095
random_rel_0.0001,4,11,11,0.0027621358167380095
random_rel_0.0001,4,12,12,0.00390625
random_rel_0.0001,4,13,13,0.0
random_rel_0.0001,4,14,14,0.00390625
random_rel_0.0001,4,15,15,0.0
random_rel_0.0001,4,16,16,0.0
random_rel_0.0001,4,17,17,0.0
random_rel_0.0001,4,18,18,0.0
random_rel_0.0001,4,19,19,0.0
random_rel_0.0001,4,20,20,0.006176323629915714
random_rel_0.0001,4,21,21,0.0
random_rel_0.0001,4,22,22,0.00390625
random_rel_0.0001,4,23,23,0.006765823345631361
random_rel_0.0001,4,24,24,0.0
random_rel_0.0001,4,25,25,0.00390625
random_rel_0.0001,4,26,26,0.004784159827977419
random_rel_0.0001,4,27,27,0.0
random_rel_0.0001,4,28,28,0.0
random_rel_0.0001,4,29,29,0.004784159827977419
random_rel_0.0001,4,30,30,0.00390625
random_rel_0.0001,4,31,31,0.005524271633476019
random_rel_0.0001,5,0,0,0.005524271633476019
random_rel_0.0001,5,1,1,0.0
random_rel_0.0001,5,2,2,0.0
random_rel_0.0001,5,3,3,0.005524271633476019
random_rel_0.0001,5,4,4,0.005524271633476019
random_rel_0.0001,5,5,5,0.005524271633476019
random_rel_0.0001,5,6,6,0.005524271633476019
random_rel_0.0001,5,7,7,0.0
random_rel_0.0001,5,8,8,0.0
random_rel_0.0001,5,9,9,0.005524271633476019
random_rel_0.0001,5,10,10,0.0
random_rel_0.0001,5,11,11,0.005524271633476019
random_rel_0.0001,5,12,12,0.005524271633476019
random_rel_0.0001,5,13,13,0.005524271633476019
random_rel_0.0001,5,14,14,0.0
random_rel_0.0001,5,15,15,0.005524271633476019
random_rel_0.0001,5,16,16,0.0
random_rel_0.0001,5,17,17,0.00390625
random_rel_0.0001,5,18,18,0.00390625
random_rel_0.0001,5,19,19,0.0
random_rel_0.0001,5,20,20,0.005524271633476019
random_rel_0.0001,5,21,21,0.006765823345631361
random_rel_0.0001,5,22,22,0.005524271633476019
random_rel_0.0001,5,23,23,0.0
random_rel_0.0001,5,24,24,0.00390625
random_rel_0.0001,5,25,25,0.0
random_rel_0.0001,5,26,26,0.0
random_rel_0.0001,5,27,27,0.00390625
random_rel_0.0001,5,28,28,0.0027621358167380095
random_rel_0.0001,5,29,29,0.0
random_rel_0.0001,5,30,30,0.0
random_rel_0.0001,5,31,31,0.00390625
random_rel_0.0001,6,0,0,0.006765823345631361
random_rel_0.0001,6,1,1,0.005524271633476019
random_rel_0.0001,6,2,2,0.005524271633476019
random_rel_0.0001,6,3,3,0.00390625
random_rel_0.0001,6,4,4,0.0
random_rel_0.0001,6,5,5,0.005524271633476019
random_rel_0.0001,6,6,6,0.0
random_rel_0.0001,6,7,7,0.0
random_rel_0.0001,6,8,8,0.0
random_rel_0.0001,6,9,9,0.0
random_rel_0.0001,6,10,10,0.005524271633476019
random_rel_0.0001,6,11,11,0.0
random_rel_0.0001,6,12,12,0.0
random_rel_0.0001,6,13,13,0.005524271633476019
random_rel_0.0001,6,14,14,0.0
random_rel_0.0001,6,15,15,0.005524271633476019
random_rel_0.0001,6,16,16,0.0
random_rel_0.0001,6,17,17,0.0
random_rel_0.0001,6,18,18,0.005524271633476019
random_rel_0.0001,6,19,19,0.0
random_rel_0.0001,6,20,20,0.0
random_rel_0.0001,6,21,21,0.009568319655954838
random_rel_0.0001,6,22,22,0.005524271633476019
random_rel_0.0001,6,23,23,0.0
random_rel_0.0001,6,24,24,0.0
random_rel_0.0001,6,25,25,0.0078125
random_rel_0.0001,6,26,26,0.005524271633476019
random_rel_0.0001,6,27,27,0.005524271633476019
random_rel_0.0001,6,28,28,0.0
random_rel_0.0001,6,29,29,0.0
random_rel_0.0001,6,30,30,0.005524271633476019
random_rel_0.0001,6,31,31,0.0
random_rel_0.0001,7,0,0,0.0
random_rel_0.0001,7,1,1,0.00390625
random_rel_0.0001,7,2,2,0.0027621358167380095
random_rel_0.0001,7,3,3,0.0
random_rel_0.0001,7,4,4,0.0
random_rel_0.0001,7,5,5,0.0
random_rel_0.0001,7,6,6,0.0
random_rel_0.0001,7,7,7,0.0
random_rel_0.0001,7,8,8,0.00390625
random_rel_0.0001,7,9,9,0.005524271633476019
random_rel_0.0001,7,10,10,0.0
random_rel_0.0001,7,11,11,0.0027621358167380095
random_rel_0.0001,7,12,12,0.0027621358167380095
random_rel_0.0001,7,13,13,0.0
random_rel_0.0001,7,14,14,0.004784159827977419
random_rel_0.0001,7,15,15,0.00390625
random_rel_0.0001,7,16,16,0.00390625
random_rel_0.0001,7,17,17,0.005524271633476019
random_rel_0.0001,7,18,18,0.00390625
random_rel_0.0001,7,19,19,0.00390625
random_rel_0.0001,7,20,20,0.00390625
random_rel_0.0001,7,21,21,0.0
random_rel_0.0001,7,22,22,0.004784159827977419
random_rel_0.0001,7,23,23,0.005524271633476019
random_rel_0.0001,7,24,24,0.0
random_rel_0.0001,7,25,25,0.005524271633476019
random_rel_0.0001,7,26,26,0.004784159827977419
random_rel_0.0001,7,27,27,0.0027621358167380095
random_rel_0.0001,7,28,28,0.00390625
random_rel_0.0001,7,29,29,0.00390625
random_rel_0.0001,7,30,30,0.0078125
random_rel_0.0001,7,31,31,0.00390625
random_rel_0.0002,0,0,0,0.006765823345631361
random_rel_0.0002,0,1,1,0.0
random_rel_0.0002,0,2,2,0.0
random_rel_0.0002,0,3,3,0.00390625
random_rel_0.0002,0,4,4,0.0
random_rel_0.0002,0,5,5,0.005524271633476019
random_rel_0.0002,0,6,6,0.0
random_rel_0.0002,0,7,7,0.005524271633476019
random_rel_0.0002,0,8,8,0.0
random_rel_0.0002,0,9,9,0.005524271633476019
random_rel_0.0002,0,10,10,0.0078125
random_rel_0.0002,0,11,11,0.009568319655954838
random_rel_0.0002,0,12,12,0.0
random_rel_0.0002,0,13,13,0.0078125
random_rel_0.0002,0,14,14,0.005524271633476019
random_rel_0.0002,0,15,15,0.0
random_rel_0.0002,0,16,16,0.005524271633476019
random_rel_0.0002,0,17,17,0.0078125
random_rel_0.0002,0,18,18,0.0
random_rel_0.0002,0,19,19,0.0078125
random_rel_0.0002,0,20,20,0.0
random_rel_0.0002,0,21,21,0.005524271633476019
random_rel_0.0002,0,22,22,0.0
random_rel_0.0002,0,23,23,0.0
random_rel_0.0002,0,24,24,0.0
random_rel_0.0002,0,25,25,0.005524271633476019
random_rel_0.0002,0,26,26,0.005524271633476019
random_rel_0.0002,0,27,27,0.0
random_rel_0.0002,0,28,28,0.005524271633476019
random_rel_0.0002,0,29,29,0.0
random_rel_0.0002,0,30,30,0.009568319655954838
random_rel_0.0002,0,31,31,0.0
random_rel_0.0002,1,0,0,0.005524271633476019
random_rel_0.0002,1,1,1,0.0
random_rel_0.0002,1,2,2,0.0078125
random_rel_0.0002,1,3,3,0.005524271633476019
random_rel_0.0002,1,4,4,0.009568319655954838
random_rel_0.0002,1,5,5,0.005524271633476019
random_rel_0.0002,1,6,6,0.005524271633476019
random_rel_0.0002,1,7,7,0.00390625
random_rel_0.0002,1,8,8,0.006765823345631361
random_rel_0.0002,1,9,9,0.0
random_rel_0.0002,1,10,10,0.005524271633476019
random_rel_0.0002,1,11,11,0.00390625
random_rel_0.0002,1,12,12,0.00390625
random_rel_0.0002,1,13,13,0.006765823345631361
random_rel_0.0002,1,14,14,0.005524271633476019
random_rel_0.0002,1,15,15,0.005524271633476019
random_rel_0.0002,1,16,16,0.0
random_rel_0.0002,1,17,17,0.00390625
random_rel_0.0002,1,18,18,0.0
random_rel_0.0002,1,19,19,0.00390625
random_rel_0.0002,1,20,20,0.0078125
random_rel_0.0002,1,21,21,0.006765823345631361
random_rel_0.0002,1,22,22,0.0
random_rel_0.0002,1,23,23,0.0
random_rel_0.0002,1,24,24,0.006765823345631361
random_rel_0.0002,1,25,25,0.005524271633476019
random_rel_0.0002,1,26,26,0.0
random_rel_0.0002,1,27,27,0.0
random_rel_0.0002,1,28,28,0.005524271633476019
random_rel_0.0002,1,29,29,0.005524271633476019
random_rel_0.0002,1,30,30,0.006765823345631361
random_rel_0.0002,1,31,31,0.005524271633476019
random_rel_0.0002,2,0,0,0.00390625
random_rel_0.0002,2,1,1,0.0
random_rel_0.0002,2,2,2,0.0
random_rel_0.0002,2,3,3,0.0
random_rel_0.0002,2,4,4,0.0
random_rel_0.0002,2,5,5,0.0
random_rel_0.0002,2,6,6,0.006765823345631361
random_rel_0.0002,2,7,7,0.0
random_rel_0.0002,2,8,8,0.00390625
random_rel_0.0002,2,9,9,0.00390625
random_rel_0.0002,2,10,10,0.0
random_rel_0.0002,2,11,11,0.0
random_rel_0.0002,2,12,12,0.0078125
random_rel_0.0002,2,13,13,0.0
random_rel_0.0002,2,14,14,0.005524271633476019
random_rel_0.0002,2,15,15,0.0
random_rel_0.0002,2,16,16,0.0
random_rel_0.0002,2,17,17,0.0
random_rel_0.0002,2,18,18,0.0
random_rel_0.0002,2,19,19,0.005524271633476019
random_rel_0.0002,2,20,20,0.00390625
random_rel_0.0002,2,21,21,0.0
random_rel_0.0002,2,22,22,0.0
random_rel_0.0002,2,23,23,0.0
random_rel_0.0002,2,24,24,0.0
random_rel_0.0002,2,25,25,0.0
random_rel_0.0002,2,26,26,0.005524271633476019
random_rel_0.0002,2,27,27,0.0
random_rel_0.0002,2,28,28,0.00390625
random_rel_0.0002,2,29,29,0.0
random_rel_0.0002,2,30,30,0.0027621358167380095
random_rel_0.0002,2,31,31,0.0
random_rel_0.0002,3,0,0,0.0
random_rel_0.0002,3,1,1,0.0
random_rel_0.0002,3,2,2,0.00390625
random_rel_0.0002,3,3,3,0.005524271633476019
random_rel_0.0002,3,4,4,0.5403841733932495
random_rel_0.0002,3,5,5,0.4297141432762146
random_rel_0.0002,3,6,6,0.004784159827977419
random_rel_0.0002,3,7,7,0.0027621358167380095
random_rel_0.0002,3,8,8,0.0
random_rel_0.0002,3,9,9,1.0883516073226929
random_rel_0.0002,3,10,10,0.0
random_rel_0.0002,3,11,11,0.005524271633476019
random_rel_0.0002,3,12,12,0.0
random_rel_0.0002,3,13,13,0.00390625
random_rel_0.0002,3,14,14,0.00390625
random_rel_0.0002,3,15,15,0.004784159827977419
random_rel_0.0002,3,16,16,0.0027621358167380095
random_rel_0.0002,3,17,17,0.0
random_rel_0.0002,3,18,18,0.0
random_rel_0.0002,3,19,19,0.004784159827977419
random_rel_0.0002,3,20,20,0.0
random_rel_0.0002,3,21,21,0.004784159827977419
random_rel_0.0002,3,22,22,0.00390625
random_rel_0.0002,3,23,23,1.191172480583191
random_rel_0.0002,3,24,24,0.35058456659317017
random_rel_0.0002,3,25,25,0.0
random_rel_0.0002,3,26,26,1.71492600440979
random_rel_0.0002,3,27,27,0.00390625
random_rel_0.0002,3,28,28,0.0027621358167380095
random_rel_0.0002,3,29,29,0.5633131861686707
random_rel_0.0002,3,30,30,0.0
random_rel_0.0002,3,31,31,0.00390625
random_rel_0.0002,4,0,0,0.005524271633476019
random_rel_0.0002,4,1,1,0.0
random_rel_0.0002,4,2,2,0.0027621358167380095
random_rel_0.0002,4,3,3,0.005524271633476019
random_rel_0.0002,4,4,4,0.0
random_rel_0.0002,4,5,5,0.0
random_rel_0.0002,4,6,6,0.0
random_rel_0.0002,4,7,7,0.0027621358167380095
random_rel_0.0002,4,8,8,0.00390625
random_rel_0.0002,4,9,9,0.0027621358167380095
random_rel_0.0002,4,10,10,0.0027621358167380095
random_rel_0.0002,4,11,11,0.0027621358167380095
random_rel_0.0002,4,12,12,0.0027621358167380095
random_rel_0.0002,4,13,13,0.0
random_rel_0.0002,4,14,14,0.00390625
random_rel_0.0002,4,15,15,0.00390625
random_rel_0.0002,4,16,16,0.0
random_rel_0.0002,4,17,17,0.0027621358167380095
random_rel_0.0002,4,18,18,0.0
random_rel_0.0002,4,19,19,0.0
random_rel_0.0002,4,20,20,0.004784159827977419
random_rel_0.0002,4,21,21,0.00390625
random_rel_0.0002,4,22,22,0.0
random_rel_0.0002,4,23,23,0.00390625
random_rel_0.0002,4,24,24,0.006765823345631361
random_rel_0.0002,4,25,25,0.0
random_rel_0.0002,4,26,26,0.0027621358167380095
random_rel_0.0002,4,27,27,0.0
random_rel_0.0002,4,28,28,0.0027621358167380095
random_rel_0.0002,4,29,29,0.005524271633476019
random_rel_0.0002,4,30,30,0.0
random_rel_0.0002,4,31,31,0.005524271633476019
random_rel_0.0002,5,0,0,0.00390625
random_rel_0.0002,5,1,1,0.00390625
random_rel_0.0002,5,2,2,0.0
random_rel_0.0002,5,3,3,0.00390625
random_rel_0.0002,5,4,4,0.00390625
random_rel_0.0002,5,5,5,0.00390625
random_rel_0.0002,5,6,6,0.00390625
random_rel_0.0002,5,7,7,0.005524271633476019
random_rel_0.0002,5,8,8,0.005524271633476019
random_rel_0.0002,5,9,9,0.005524271633476019
random_rel_0.0002,5,10,10,0.006765823345631361
random_rel_0.0002,5,11,11,0.006765823345631361
random_rel_0.0002,5,12,12,0.006765823345631361
random_rel_0.0002,5,13,13,0.005524271633476019
random_rel_0.0002,5,14,14,0.0
random_rel_0.0002,5,15,15,0.00390625
random_rel_0.0002,5,16,16,0.0
random_rel_0.0002,5,17,17,0.006765823345631361
random_rel_0.0002,5,18,18,0.0
random_rel_0.0002,5,19,19,0.0
random_rel_0.0002,5,20,20,0.005524271633476019
random_rel_0.0002,5,21,21,0.005524271633476019
random_rel_0.0002,5,22,22,0.0
random_rel_0.0002,5,23,23,0.0
random_rel_0.0002,5,24,24,0.00390625
random_rel_0.0002,5,25,25,0.00390625
random_rel_0.0002,5,26,26,0.0027621358167380095
random_rel_0.0002,5,27,27,0.0
random_rel_0.0002,5,28,28,0.004784159827977419
random_rel_0.0002,5,29,29,0.005524271633476019
random_rel_0.0002,5,30,30,0.0027621358167380095
random_rel_0.0002,5,31,31,0.0
random_rel_0.0002,6,0,0,0.0078125
random_rel_0.0002,6,1,1,0.005524271633476019
random_rel_0.0002,6,2,2,0.0078125
random_rel_0.0002,6,3,3,0.004784159827977419
random_rel_0.0002,6,4,4,0.0
random_rel_0.0002,6,5,5,0.0
random_rel_0.0002,6,6,6,0.0
random_rel_0.0002,6,7,7,0.0
random_rel_0.0002,6,8,8,0.0
random_rel_0.0002,6,9,9,0.0
random_rel_0.0002,6,10,10,0.00390625
random_rel_0.0002,6,11,11,0.005524271633476019
random_rel_0.0002,6,12,12,0.005524271633476019
random_rel_0.0002,6,13,13,0.0
random_rel_0.0002,6,14,14,0.0
random_rel_0.0002,6,15,15,0.009568319655954838
random_rel_0.0002,6,16,16,0.0
random_rel_0.0002,6,17,17,0.0
random_rel_0.0002,6,18,18,0.005524271633476019
random_rel_0.0002,6,19,19,0.0
random_rel_0.0002,6,20,20,0.0
random_rel_0.0002,6,21,21,0.013531646691262722
random_rel_0.0002,6,22,22,0.0
random_rel_0.0002,6,23,23,0.005524271633476019
random_rel_0.0002,6,24,24,0.0
random_rel_0.0002,6,25,25,0.0078125
random_rel_0.0002,6,26,26,0.005524271633476019
random_rel_0.0002,6,27,27,0.0
random_rel_0.0002,6,28,28,0.005524271633476019
random_rel_0.0002,6,29,29,0.006765823345631361
random_rel_0.0002,6,30,30,0.0
random_rel_0.0002,6,31,31,0.005524271633476019
random_rel_0.0002,7,0,0,0.004784159827977419
random_rel_0.0002,7,1,1,0.00390625
random_rel_0.0002,7,2,2,0.0027621358167380095
random_rel_0.0002,7,3,3,0.0
random_rel_0.0002,7,4,4,0.0
random_rel_0.0002,7,5,5,0.0
random_rel_0.0002,7,6,6,0.0
random_rel_0.0002,7,7,7,0.0
random_rel_0.0002,7,8,8,0.0
random_rel_0.0002,7,9,9,0.0
random_rel_0.0002,7,10,10,0.0
random_rel_0.0002,7,11,11,0.0
random_rel_0.0002,7,12,12,0.00390625
random_rel_0.0002,7,13,13,0.00390625
random_rel_0.0002,7,14,14,0.0027621358167380095
random_rel_0.0002,7,15,15,0.00390625
random_rel_0.0002,7,16,16,0.0
random_rel_0.0002,7,17,17,0.0
random_rel_0.0002,7,18,18,0.00390625
random_rel_0.0002,7,19,19,0.00390625
random_rel_0.0002,7,20,20,0.00390625
random_rel_0.0002,7,21,21,0.0
random_rel_0.0002,7,22,22,0.0027621358167380095
random_rel_0.0002,7,23,23,0.004784159827977419
random_rel_0.0002,7,24,24,0.0
random_rel_0.0002,7,25,25,0.0
random_rel_0.0002,7,26,26,0.0027621358167380095
random_rel_0.0002,7,27,27,0.0
random_rel_0.0002,7,28,28,0.004784159827977419
random_rel_0.0002,7,29,29,0.00390625
random_rel_0.0002,7,30,30,0.0078125
random_rel_0.0002,7,31,31,0.00390625
random_rel_0.0005,0,0,0,0.0078125
random_rel_0.0005,0,1,1,0.0078125
random_rel_0.0005,0,2,2,0.0
random_rel_0.0005,0,3,3,0.005524271633476019
random_rel_0.0005,0,4,4,0.005524271633476019
random_rel_0.0005,0,5,5,0.011048543266952038
random_rel_0.0005,0,6,6,0.005524271633476019
random_rel_0.0005,0,7,7,0.0078125
random_rel_0.0005,0,8,8,0.0078125
random_rel_0.0005,0,9,9,0.009568319655954838
random_rel_0.0005,0,10,10,0.0078125
random_rel_0.0005,0,11,11,0.009568319655954838
random_rel_0.0005,0,12,12,0.0
random_rel_0.0005,0,13,13,0.0
random_rel_0.0005,0,14,14,0.0
random_rel_0.0005,0,15,15,0.0078125
random_rel_0.0005,0,16,16,0.0
random_rel_0.0005,0,17,17,0.0078125
random_rel_0.0005,0,18,18,0.0
random_rel_0.0005,0,19,19,0.0
random_rel_0.0005,0,20,20,0.0
random_rel_0.0005,0,21,21,0.0
random_rel_0.0005,0,22,22,0.011048543266952038
random_rel_0.0005,0,23,23,0.0
random_rel_0.0005,0,24,24,0.005524271633476019
random_rel_0.0005,0,25,25,0.005524271633476019
random_rel_0.0005,0,26,26,0.0078125
random_rel_0.0005,0,27,27,0.005524271633476019
random_rel_0.0005,0,28,28,0.0078125
random_rel_0.0005,0,29,29,0.0
random_rel_0.0005,0,30,30,0.005524271633476019
random_rel_0.0005,0,31,31,0.0
random_rel_0.0005,1,0,0,0.005524271633476019
random_rel_0.0005,1,1,1,0.0
random_rel_0.0005,1,2,2,0.006765823345631361
random_rel_0.0005,1,3,3,4.493825912475586
random_rel_0.0005,1,4,4,0.6928502917289734
random_rel_0.0005,1,5,5,1.137597680091858
random_rel_0.0005,1,6,6,0.005524271633476019
random_rel_0.0005,1,7,7,0.006765823345631361
random_rel_0.0005,1,8,8,0.005524271633476019
random_rel_0.0005,1,9,9,0.0
random_rel_0.0005,1,10,10,0.005524271633476019
random_rel_0.0005,1,11,11,0.0
random_rel_0.0005,1,12,12,0.005524271633476019
random_rel_0.0005,1,13,13,1.0006253719329834
random_rel_0.0005,1,14,14,0.200364351272583
random_rel_0.0005,1,15,15,0.006765823345631361
random_rel_0.0005,1,16,16,0.0
random_rel_0.0005,1,17,17,0.005524271633476019
random_rel_0.0005,1,18,18,0.005524271633476019
random_rel_0.0005,1,19,19,0.005524271633476019
random_rel_0.0005,1,20,20,0.0
random_rel_0.0005,1,21,21,0.006765823345631361
random_rel_0.0005,1,22,22,0.006765823345631361
random_rel_0.0005,1,23,23,0.0
random_rel_0.0005,1,24,24,1.2616764307022095
random_rel_0.0005,1,25,25,0.8747907280921936
random_rel_0.0005,1,26,26,0.0078125
random_rel_0.0005,1,27,27,0.0
random_rel_0.0005,1,28,28,0.00390625
random_rel_0.0005,1,29,29,0.0
random_rel_0.0005,1,30,30,0.009568319655954838
random_rel_0.0005,1,31,31,0.005524271633476019
random_rel_0.0005,2,0,0,0.0
random_rel_0.0005,2,1,1,0.0
random_rel_0.0005,2,2,2,0.0
random_rel_0.0005,2,3,3,0.0078125
random_rel_0.0005,2,4,4,0.005524271633476019
random_rel_0.0005,2,5,5,0.0
random_rel_0.0005,2,6,6,0.005524271633476019
random_rel_0.0005,2,7,7,0.0
random_rel_0.0005,2,8,8,0.005524271633476019
random_rel_0.0005,2,9,9,0.00390625
random_rel_0.0005,2,10,10,0.0
random_rel_0.0005,2,11,11,0.005524271633476019
random_rel_0.0005,2,12,12,0.0078125
random_rel_0.0005,2,13,13,0.004784159827977419
random_rel_0.0005,2,14,14,0.0078125
random_rel_0.0005,2,15,15,0.0
random_rel_0.0005,2,16,16,0.00390625
random_rel_0.0005,2,17,17,0.00390625
random_rel_0.0005,2,18,18,0.0
random_rel_0.0005,2,19,19,0.0027621358167380095
random_rel_0.0005,2,20,20,0.0078125
random_rel_0.0005,2,21,21,0.005524271633476019
random_rel_0.0005,2,22,22,0.0
random_rel_0.0005,2,23,23,0.0
random_rel_0.0005,2,24,24,0.0
random_rel_0.0005,2,25,25,0.0
random_rel_0.0005,2,26,26,0.005524271633476019
random_rel_0.0005,2,27,27,0.005524271633476019
random_rel_0.0005,2,28,28,0.005524271633476019
random_rel_0.0005,2,29,29,0.0
random_rel_0.0005,2,30,30,0.004784159827977419
random_rel_0.0005,2,31,31,0.00390625
random_rel_0.0005,3,0,0,0.0
random_rel_0.0005,3,1,1,0.0
random_rel_0.0005,3,2,2,0.0
random_rel_0.0005,3,3,3,0.005524271633476019
random_rel_0.0005,3,4,4,0.30965501070022583
random_rel_0.0005,3,5,5,0.42216426134109497
random_rel_0.0005,3,6,6,0.0
random_rel_0.0005,3,7,7,0.0027621358167380095
random_rel_0.0005,3,8,8,0.005524271633476019
random_rel_0.0005,3,9,9,0.8949533104896545
random_rel_0.0005,3,10,10,0.599816083908081
random_rel_0.0005,3,11,11,2.267853260040283
random_rel_0.0005,3,12,12,0.00390625
random_rel_0.0005,3,13,13,0.0
random_rel_0.0005,3,14,14,1.097294807434082
random_rel_0.0005,3,15,15,1.1519861221313477
random_rel_0.0005,3,16,16,0.4217664897441864
random_rel_0.0005,3,17,17,0.0027621358167380095
random_rel_0.0005,3,18,18,1.0643975734710693
random_rel_0.0005,3,19,19,0.004784159827977419
random_rel_0.0005,3,20,20,0.0
random_rel_0.0005,3,21,21,1.467427372932434
random_rel_0.0005,3,22,22,0.0
random_rel_0.0005,3,23,23,1.1910507678985596
random_rel_0.0005,3,24,24,1.9171332120895386
random_rel_0.0005,3,25,25,0.0027621358167380095
random_rel_0.0005,3,26,26,1.498272180557251
random_rel_0.0005,3,27,27,1.1808607578277588
random_rel_0.0005,3,28,28,0.004784159827977419
random_rel_0.0005,3,29,29,0.5630151629447937
random_rel_0.0005,3,30,30,0.005524271633476019
random_rel_0.0005,3,31,31,0.00390625
random_rel_0.0005,4,0,0,0.0078125
random_rel_0.0005,4,1,1,0.0027621358167380095
random_rel_0.0005,4,2,2,0.004784159827977419
random_rel_0.0005,4,3,3,0.0078125
random_rel_0.0005,4,4,4,0.005524271633476019
random_rel_0.0005,4,5,5,0.0027621358167380095
random_rel_0.0005,4,6,6,0.00390625
random_rel_0.0005,4,7,7,0.0027621358167380095
random_rel_0.0005,4,8,8,1.5290911197662354
random_rel_0.0005,4,9,9,0.00390625
random_rel_0.0005,4,10,10,0.00390625
random_rel_0.0005,4,11,11,0.0027621358167380095
random_rel_0.0005,4,12,12,1.1934983730316162
random_rel_0.0005,4,13,13,0.004784159827977419
random_rel_0.0005,4,14,14,0.005524271633476019
random_rel_0.0005,4,15,15,0.6918585300445557
random_rel_0.0005,4,16,16,0.009568319655954838
random_rel_0.0005,4,17,17,0.0
random_rel_0.0005,4,18,18,0.004784159827977419
random_rel_0.0005,4,19,19,0.0
random_rel_0.0005,4,20,20,0.004784159827977419
random_rel_0.0005,4,21,21,0.00390625
random_rel_0.0005,4,22,22,0.00390625
random_rel_0.0005,4,23,23,0.005524271633476019
random_rel_0.0005,4,24,24,0.009568319655954838
random_rel_0.0005,4,25,25,0.0027621358167380095
random_rel_0.0005,4,26,26,0.00390625
random_rel_0.0005,4,27,27,0.0027621358167380095
random_rel_0.0005,4,28,28,1.7649248838424683
random_rel_0.0005,4,29,29,0.005524271633476019
random_rel_0.0005,4,30,30,0.006765823345631361
random_rel_0.0005,4,31,31,0.006765823345631361
random_rel_0.0005,5,0,0,0.006765823345631361
random_rel_0.0005,5,1,1,0.0
random_rel_0.0005,5,2,2,0.008734640665352345
random_rel_0.0005,5,3,3,0.00390625
random_rel_0.0005,5,4,4,0.006765823345631361
random_rel_0.0005,5,5,5,0.005524271633476019
random_rel_0.0005,5,6,6,0.0078125
random_rel_0.0005,5,7,7,0.005524271633476019
random_rel_0.0005,5,8,8,0.00390625
random_rel_0.0005,5,9,9,0.005524271633476019
random_rel_0.0005,5,10,10,0.0
random_rel_0.0005,5,11,11,0.0
random_rel_0.0005,5,12,12,0.0
random_rel_0.0005,5,13,13,0.005524271633476019
random_rel_0.0005,5,14,14,0.00390625
random_rel_0.0005,5,15,15,0.005524271633476019
random_rel_0.0005,5,16,16,0.004784159827977419
random_rel_0.0005,5,17,17,0.005524271633476019
random_rel_0.0005,5,18,18,0.005524271633476019
random_rel_0.0005,5,19,19,0.0
random_rel_0.0005,5,20,20,0.005524271633476019
random_rel_0.0005,5,21,21,0.0
random_rel_0.0005,5,22,22,0.005524271633476019
random_rel_0.0005,5,23,23,0.00390625
random_rel_0.0005,5,24,24,0.0
random_rel_0.0005,5,25,25,0.0
random_rel_0.0005,5,26,26,0.0027621358167380095
random_rel_0.0005,5,27,27,0.006765823345631361
random_rel_0.0005,5,28,28,0.005524271633476019
random_rel_0.0005,5,29,29,0.0
random_rel_0.0005,5,30,30,0.00390625
random_rel_0.0005,5,31,31,0.005524271633476019
random_rel_0.0005,6,0,0,0.0078125
random_rel_0.0005,6,1,1,0.0
random_rel_0.0005,6,2,2,0.012352647259831429
random_rel_0.0005,6,3,3,0.008286407217383385
random_rel_0.0005,6,4,4,0.0
random_rel_0.0005,6,5,5,0.009568319655954838
random_rel_0.0005,6,6,6,0.0
random_rel_0.0005,6,7,7,0.0
random_rel_0.0005,6,8,8,0.0
random_rel_0.0005,6,9,9,0.005524271633476019
random_rel_0.0005,6,10,10,0.0078125
random_rel_0.0005,6,11,11,0.005524271633476019
random_rel_0.0005,6,12,12,0.0078125
random_rel_0.0005,6,13,13,0.009568319655954838
random_rel_0.0005,6,14,14,0.0
random_rel_0.0005,6,15,15,0.0078125
random_rel_0.0005,6,16,16,0.0078125
random_rel_0.0005,6,17,17,0.0
random_rel_0.0005,6,18,18,0.00390625
random_rel_0.0005,6,19,19,0.009568319655954838
random_rel_0.0005,6,20,20,0.0
random_rel_0.0005,6,21,21,0.009568319655954838
random_rel_0.0005,6,22,22,0.0078125
random_rel_0.0005,6,23,23,0.0
random_rel_0.0005,6,24,24,0.005524271633476019
random_rel_0.0005,6,25,25,0.009568319655954838
random_rel_0.0005,6,26,26,0.005524271633476019
random_rel_0.0005,6,27,27,0.0
random_rel_0.0005,6,28,28,0.00390625
random_rel_0.0005,6,29,29,0.0
random_rel_0.0005,6,30,30,0.0
random_rel_0.0005,6,31,31,0.005524271633476019
random_rel_0.0005,7,0,0,0.0
random_rel_0.0005,7,1,1,0.005524271633476019
random_rel_0.0005,7,2,2,1.5104918479919434
random_rel_0.0005,7,3,3,0.0
random_rel_0.0005,7,4,4,0.011048543266952038
random_rel_0.0005,7,5,5,1.2486931085586548
random_rel_0.0005,7,6,6,0.00390625
random_rel_0.0005,7,7,7,0.3156639039516449
random_rel_0.0005,7,8,8,0.39947018027305603
random_rel_0.0005,7,9,9,0.005524271633476019
random_rel_0.0005,7,10,10,0.8020426630973816
random_rel_0.0005,7,11,11,0.7033745050430298
random_rel_0.0005,7,12,12,0.00390625
random_rel_0.0005,7,13,13,0.00390625
random_rel_0.0005,7,14,14,0.6062998175621033
random_rel_0.0005,7,15,15,0.006765823345631361
random_rel_0.0005,7,16,16,2.403186798095703
random_rel_0.0005,7,17,17,0.004784159827977419
random_rel_0.0005,7,18,18,0.0027621358167380095
random_rel_0.0005,7,19,19,0.006765823345631361
random_rel_0.0005,7,20,20,2.996131420135498
random_rel_0.0005,7,21,21,0.005524271633476019
random_rel_0.0005,7,22,22,0.006176323629915714
random_rel_0.0005,7,23,23,0.006765823345631361
random_rel_0.0005,7,24,24,0.0
random_rel_0.0005,7,25,25,0.006765823345631361
random_rel_0.0005,7,26,26,0.8740752935409546
random_rel_0.0005,7,27,27,0.5979306697845459
random_rel_0.0005,7,28,28,1.3051055669784546
random_rel_0.0005,7,29,29,0.006765823345631361
random_rel_0.0005,7,30,30,0.005524271633476019
random_rel_0.0005,7,31,31,0.00390625
random_rel_0.001,0,0,0,0.0078125
random_rel_0.001,0,1,1,0.005524271633476019
random_rel_0.001,0,2,2,0.0
random_rel_0.001,0,3,3,0.0078125
random_rel_0.001,0,4,4,0.0
random_rel_0.001,0,5,5,0.015625
random_rel_0.001,0,6,6,0.005524271633476019
random_rel_0.001,0,7,7,0.005524271633476019
random_rel_0.001,0,8,8,0.011048543266952038
random_rel_0.001,0,9,9,0.011048543266952038
random_rel_0.001,0,10,10,0.005524271633476019
random_rel_0.001,0,11,11,0.009568319655954838
random_rel_0.001,0,12,12,0.0
random_rel_0.001,0,13,13,0.005524271633476019
random_rel_0.001,0,14,14,0.011048543266952038
random_rel_0.001,0,15,15,0.009568319655954838
random_rel_0.001,0,16,16,0.005524271633476019
random_rel_0.001,0,17,17,0.0078125
random_rel_0.001,0,18,18,0.0
random_rel_0.001,0,19,19,0.0
random_rel_0.001,0,20,20,0.0
random_rel_0.001,0,21,21,0.005524271633476019
random_rel_0.001,0,22,22,0.011048543266952038
random_rel_0.001,0,23,23,0.005524271633476019
random_rel_0.001,0,24,24,0.0078125
random_rel_0.001,0,25,25,0.009568319655954838
random_rel_0.001,0,26,26,0.005524271633476019
random_rel_0.001,0,27,27,0.0
random_rel_0.001,0,28,28,0.005524271633476019
random_rel_0.001,0,29,29,0.0078125
random_rel_0.001,0,30,30,0.0078125
random_rel_0.001,0,31,31,0.0078125
random_rel_0.001,1,0,0,0.7113022804260254
random_rel_0.001,1,1,1,0.009568319655954838
random_rel_0.001,1,2,2,0.0078125
random_rel_0.001,1,3,3,4.4944305419921875
random_rel_0.001,1,4,4,0.6927401423454285
random_rel_0.001,1,5,5,1.4873377084732056
random_rel_0.001,1,6,6,0.005524271633476019
random_rel_0.001,1,7,7,0.006765823345631361
random_rel_0.001,1,8,8,0.008734640665352345
random_rel_0.001,1,9,9,0.0078125
random_rel_0.001,1,10,10,0.006765823345631361
random_rel_0.001,1,11,11,0.006765823345631361
random_rel_0.001,1,12,12,0.0078125
random_rel_0.001,1,13,13,1.0006558895111084
random_rel_0.001,1,14,14,0.20047855377197266
random_rel_0.001,1,15,15,0.008734640665352345
random_rel_0.001,1,16,16,0.008734640665352345
random_rel_0.001,1,17,17,0.006765823345631361
random_rel_0.001,1,18,18,0.009568319655954838
random_rel_0.001,1,19,19,0.006765823345631361
random_rel_0.001,1,20,20,0.011048543266952038
random_rel_0.001,1,21,21,0.005524271633476019
random_rel_0.001,1,22,22,0.009568319655954838
random_rel_0.001,1,23,23,0.009568319655954838
random_rel_0.001,1,24,24,1.2615433931350708
random_rel_0.001,1,25,25,0.8747645616531372
random_rel_0.001,1,26,26,1.7641379833221436
random_rel_0.001,1,27,27,0.00390625
random_rel_0.001,1,28,28,0.008734640665352345
random_rel_0.001,1,29,29,0.005524271633476019
random_rel_0.001,1,30,30,0.010334965772926807
random_rel_0.001,1,31,31,0.008734640665352345
random_rel_0.001,2,0,0,0.0078125
random_rel_0.001,2,1,1,0.006765823345631361
random_rel_0.001,2,2,2,0.009568319655954838
random_rel_0.001,2,3,3,1.6292012929916382
random_rel_0.001,2,4,4,0.0
random_rel_0.001,2,5,5,0.005524271633476019
random_rel_0.001,2,6,6,0.005524271633476019
random_rel_0.001,2,7,7,0.0
random_rel_0.001,2,8,8,0.006176323629915714
random_rel_0.001,2,9,9,0.005524271633476019
random_rel_0.001,2,10,10,0.008734640665352345
random_rel_0.001,2,11,11,1.9167232513427734
random_rel_0.001,2,12,12,0.0078125
random_rel_0.001,2,13,13,0.005524271633476019
random_rel_0.001,2,14,14,0.009568319655954838
random_rel_0.001,2,15,15,2.1541011333465576
random_rel_0.001,2,16,16,0.0078125
random_rel_0.001,2,17,17,0.009568319655954838
random_rel_0.001,2,18,18,0.0
random_rel_0.001,2,19,19,0.007307924795895815
random_rel_0.001,2,20,20,0.009568319655954838
random_rel_0.001,2,21,21,0.0078125
random_rel_0.001,2,22,22,0.005524271633476019
random_rel_0.001,2,23,23,0.0078125
random_rel_0.001,2,24,24,0.0
random_rel_0.001,2,25,25,0.00390625
random_rel_0.001,2,26,26,0.008734640665352345
random_rel_0.001,2,27,27,0.0078125
random_rel_0.001,2,28,28,0.00390625
random_rel_0.001,2,29,29,0.006765823345631361
random_rel_0.001,2,30,30,0.0027621358167380095
random_rel_0.001,2,31,31,0.005524271633476019
random_rel_0.001,3,0,0,0.004784159827977419
random_rel_0.001,3,1,1,0.004784159827977419
random_rel_0.001,3,2,2,0.005524271633476019
random_rel_0.001,3,3,3,0.006765823345631361
random_rel_0.001,3,4,4,0.5404477119445801
random_rel_0.001,3,5,5,0.42969638109207153
random_rel_0.001,3,6,6,0.006176323629915714
random_rel_0.001,3,7,7,0.006176323629915714
random_rel_0.001,3,8,8,0.0078125
random_rel_0.001,3,9,9,1.0882219076156616
random_rel_0.001,3,10,10,0.006765823345631361
random_rel_0.001,3,11,11,0.005524271633476019
random_rel_0.001,3,12,12,0.004784159827977419
random_rel_0.001,3,13,13,0.004784159827977419
random_rel_0.001,3,14,14,0.006176323629915714
random_rel_0.001,3,15,15,0.006176323629915714
random_rel_0.001,3,16,16,0.006176323629915714
random_rel_0.001,3,17,17,0.004784159827977419
random_rel_0.001,3,18,18,0.004784159827977419
random_rel_0.001,3,19,19,0.006176323629915714
random_rel_0.001,3,20,20,0.004784159827977419
random_rel_0.001,3,21,21,0.005524271633476019
random_rel_0.001,3,22,22,0.008286407217383385
random_rel_0.001,3,23,23,1.1910091638565063
random_rel_0.001,3,24,24,0.3501817584037781
random_rel_0.001,3,25,25,0.00390625
random_rel_0.001,3,26,26,1.715052843093872
random_rel_0.001,3,27,27,0.006176323629915714
random_rel_0.001,3,28,28,0.005524271633476019
random_rel_0.001,3,29,29,0.5634892582893372
random_rel_0.001,3,30,30,0.005524271633476019
random_rel_0.001,3,31,31,0.005524271633476019
random_rel_0.001,4,0,0,0.01171875
random_rel_0.001,4,1,1,0.00390625
random_rel_0.001,4,2,2,0.006765823345631361
random_rel_0.001,4,3,3,0.01171875
random_rel_0.001,4,4,4,0.00390625
random_rel_0.001,4,5,5,0.005524271633476019
random_rel_0.001,4,6,6,0.006176323629915714
random_rel_0.001,4,7,7,0.00390625
random_rel_0.001,4,8,8,1.5290336608886719
random_rel_0.001,4,9,9,0.00390625
random_rel_0.001,4,10,10,0.006765823345631361
random_rel_0.001,4,11,11,0.006176323629915714
random_rel_0.001,4,12,12,1.1931020021438599
random_rel_0.001,4,13,13,0.006176323629915714
random_rel_0.001,4,14,14,0.005524271633476019
random_rel_0.001,4,15,15,0.6920790076255798
random_rel_0.001,4,16,16,0.017900686711072922
random_rel_0.001,4,17,17,0.0027621358167380095
random_rel_0.001,4,18,18,0.00390625
random_rel_0.001,4,19,19,0.0027621358167380095
random_rel_0.001,4,20,20,0.007307924795895815
random_rel_0.001,4,21,21,0.005524271633476019
random_rel_0.001,4,22,22,0.005524271633476019
random_rel_0.001,4,23,23,0.0078125
random_rel_0.001,4,24,24,0.01746928133070469
random_rel_0.001,4,25,25,0.00390625
random_rel_0.001,4,26,26,0.006765823345631361
random_rel_0.001,4,27,27,0.0
random_rel_0.001,4,28,28,1.7652058601379395
random_rel_0.001,4,29,29,0.004784159827977419
random_rel_0.001,4,30,30,0.01171875
random_rel_0.001,4,31,31,0.01657281443476677
random_rel_0.001,5,0,0,0.005524271633476019
random_rel_0.001,5,1,1,0.00390625
random_rel_0.001,5,2,2,0.0078125
random_rel_0.001,5,3,3,0.005524271633476019
random_rel_0.001,5,4,4,0.00390625
random_rel_0.001,5,5,5,0.00390625
random_rel_0.001,5,6,6,3.6725480556488037
random_rel_0.001,5,7,7,0.717879056930542
random_rel_0.001,5,8,8,0.0078125
random_rel_0.001,5,9,9,0.006765823345631361
random_rel_0.001,5,10,10,0.00390625
random_rel_0.001,5,11,11,0.009568319655954838
random_rel_0.001,5,12,12,0.009568319655954838
random_rel_0.001,5,13,13,0.653640627861023
random_rel_0.001,5,14,14,0.0
random_rel_0.001,5,15,15,0.0078125
random_rel_0.001,5,16,16,0.006176323629915714
random_rel_0.001,5,17,17,0.6506808996200562
random_rel_0.001,5,18,18,0.005524271633476019
random_rel_0.001,5,19,19,0.0
random_rel_0.001,5,20,20,0.00390625
random_rel_0.001,5,21,21,0.00390625
random_rel_0.001,5,22,22,0.0078125
random_rel_0.001,5,23,23,0.005524271633476019
random_rel_0.001,5,24,24,0.0078125
random_rel_0.001,5,25,25,0.00390625
random_rel_0.001,5,26,26,0.004784159827977419
random_rel_0.001,5,27,27,0.005524271633476019
random_rel_0.001,5,28,28,0.005524271633476019
random_rel_0.001,5,29,29,0.00390625
random_rel_0.001,5,30,30,0.0027621358167380095
random_rel_0.001,5,31,31,0.0078125
random_rel_0.001,6,0,0,0.005524271633476019
random_rel_0.001,6,1,1,0.00390625
random_rel_0.001,6,2,2,0.0078125
random_rel_0.001,6,3,3,0.015378921292722225
random_rel_0.001,6,4,4,0.0078125
random_rel_0.001,6,5,5,0.0078125
random_rel_0.001,6,6,6,0.0
random_rel_0.001,6,7,7,0.00390625
random_rel_0.001,6,8,8,0.0
random_rel_0.001,6,9,9,0.011048543266952038
random_rel_0.001,6,10,10,0.005524271633476019
random_rel_0.001,6,11,11,0.009568319655954838
random_rel_0.001,6,12,12,0.005524271633476019
random_rel_0.001,6,13,13,0.013531646691262722
random_rel_0.001,6,14,14,0.0078125
random_rel_0.001,6,15,15,0.005524271633476019
random_rel_0.001,6,16,16,0.005524271633476019
random_rel_0.001,6,17,17,0.0
random_rel_0.001,6,18,18,0.005524271633476019
random_rel_0.001,6,19,19,0.013531646691262722
random_rel_0.001,6,20,20,0.009568319655954838
random_rel_0.001,6,21,21,0.022097086533904076
random_rel_0.001,6,22,22,0.011048543266952038
random_rel_0.001,6,23,23,0.0078125
random_rel_0.001,6,24,24,0.0078125
random_rel_0.001,6,25,25,0.0078125
random_rel_0.001,6,26,26,0.0
random_rel_0.001,6,27,27,0.013531646691262722
random_rel_0.001,6,28,28,0.0
random_rel_0.001,6,29,29,0.00390625
random_rel_0.001,6,30,30,0.0078125
random_rel_0.001,6,31,31,0.005524271633476019
random_rel_0.001,7,0,0,0.00390625
random_rel_0.001,7,1,1,1.715562105178833
random_rel_0.001,7,2,2,1.7957961559295654
random_rel_0.001,7,3,3,1.0499459505081177
random_rel_0.001,7,4,4,0.017026949673891068
random_rel_0.001,7,5,5,0.9418680667877197
random_rel_0.001,7,6,6,0.9294576644897461
random_rel_0.001,7,7,7,0.2385372668504715
random_rel_0.001,7,8,8,1.6953665018081665
random_rel_0.001,7,9,9,0.0078125
random_rel_0.001,7,10,10,0.7339125275611877
random_rel_0.001,7,11,11,0.9586800336837769
random_rel_0.001,7,12,12,0.8028175234794617
random_rel_0.001,7,13,13,0.2770134508609772
random_rel_0.001,7,14,14,0.8920458555221558
random_rel_0.001,7,15,15,0.0078125
random_rel_0.001,7,16,16,3.3715271949768066
random_rel_0.001,7,17,17,0.0078125
random_rel_0.001,7,18,18,1.443968415260315
random_rel_0.001,7,19,19,0.008286407217383385
random_rel_0.001,7,20,20,3.330817461013794
random_rel_0.001,7,21,21,0.7622594237327576
random_rel_0.001,7,22,22,0.0078125
random_rel_0.001,7,23,23,0.008734640665352345
random_rel_0.001,7,24,24,0.00390625
random_rel_0.001,7,25,25,0.0078125
random_rel_0.001,7,26,26,0.9759998321533203
random_rel_0.001,7,27,27,0.597649872303009
random_rel_0.001,7,28,28,1.3049739599227905
random_rel_0.001,7,29,29,0.715259850025177
random_rel_0.001,7,30,30,0.009568319655954838
random_rel_0.001,7,31,31,0.006765823345631361
scaled_real_delta_0,0,0,0,0.0
scaled_real_delta_0,0,1,1,0.0
scaled_real_delta_0,0,2,2,0.005524271633476019
scaled_real_delta_0,0,3,3,0.0078125
scaled_real_delta_0,0,4,4,0.0
scaled_real_delta_0,0,5,5,0.0
scaled_real_delta_0,0,6,6,0.0
scaled_real_delta_0,0,7,7,0.0078125
scaled_real_delta_0,0,8,8,0.0078125
scaled_real_delta_0,0,9,9,0.009568319655954838
scaled_real_delta_0,0,10,10,0.005524271633476019
scaled_real_delta_0,0,11,11,0.009568319655954838
scaled_real_delta_0,0,12,12,0.0
scaled_real_delta_0,0,13,13,0.005524271633476019
scaled_real_delta_0,0,14,14,0.005524271633476019
scaled_real_delta_0,0,15,15,0.009568319655954838
scaled_real_delta_0,0,16,16,0.0078125
scaled_real_delta_0,0,17,17,0.005524271633476019
scaled_real_delta_0,0,18,18,0.0
scaled_real_delta_0,0,19,19,0.005524271633476019
scaled_real_delta_0,0,20,20,0.0
scaled_real_delta_0,0,21,21,0.0
scaled_real_delta_0,0,22,22,0.0078125
scaled_real_delta_0,0,23,23,0.0
scaled_real_delta_0,0,24,24,0.0
scaled_real_delta_0,0,25,25,0.009568319655954838
scaled_real_delta_0,0,26,26,0.0
scaled_real_delta_0,0,27,27,0.0
scaled_real_delta_0,0,28,28,0.005524271633476019
scaled_real_delta_0,0,29,29,0.005524271633476019
scaled_real_delta_0,0,30,30,0.0078125
scaled_real_delta_0,0,31,31,0.0
scaled_real_delta_0,1,0,0,0.00390625
scaled_real_delta_0,1,1,1,0.0
scaled_real_delta_0,1,2,2,0.0
scaled_real_delta_0,1,3,3,0.00390625
scaled_real_delta_0,1,4,4,0.008734640665352345
scaled_real_delta_0,1,5,5,0.0
scaled_real_delta_0,1,6,6,0.0
scaled_real_delta_0,1,7,7,0.0
scaled_real_delta_0,1,8,8,0.00390625
scaled_real_delta_0,1,9,9,0.005524271633476019
scaled_real_delta_0,1,10,10,0.0078125
scaled_real_delta_0,1,11,11,0.0
scaled_real_delta_0,1,12,12,0.00390625
scaled_real_delta_0,1,13,13,0.0
scaled_real_delta_0,1,14,14,0.005524271633476019
scaled_real_delta_0,1,15,15,0.005524271633476019
scaled_real_delta_0,1,16,16,0.0
scaled_real_delta_0,1,17,17,0.006765823345631361
scaled_real_delta_0,1,18,18,0.0
scaled_real_delta_0,1,19,19,0.00390625
scaled_real_delta_0,1,20,20,0.0
scaled_real_delta_0,1,21,21,0.00390625
scaled_real_delta_0,1,22,22,0.0078125
scaled_real_delta_0,1,23,23,0.0
scaled_real_delta_0,1,24,24,0.005524271633476019
scaled_real_delta_0,1,25,25,0.0
scaled_real_delta_0,1,26,26,0.0
scaled_real_delta_0,1,27,27,0.0
scaled_real_delta_0,1,28,28,0.005524271633476019
scaled_real_delta_0,1,29,29,0.00390625
scaled_real_delta_0,1,30,30,0.006765823345631361
scaled_real_delta_0,1,31,31,0.006765823345631361
scaled_real_delta_0,2,0,0,0.0
scaled_real_delta_0,2,1,1,0.0
scaled_real_delta_0,2,2,2,0.006765823345631361
scaled_real_delta_0,2,3,3,0.0
scaled_real_delta_0,2,4,4,0.0
scaled_real_delta_0,2,5,5,0.0
scaled_real_delta_0,2,6,6,0.0
scaled_real_delta_0,2,7,7,0.0
scaled_real_delta_0,2,8,8,0.0
scaled_real_delta_0,2,9,9,0.005524271633476019
scaled_real_delta_0,2,10,10,0.0
scaled_real_delta_0,2,11,11,0.0
scaled_real_delta_0,2,12,12,0.0
scaled_real_delta_0,2,13,13,0.0027621358167380095
scaled_real_delta_0,2,14,14,0.009568319655954838
scaled_real_delta_0,2,15,15,0.0
scaled_real_delta_0,2,16,16,0.0
scaled_real_delta_0,2,17,17,0.005524271633476019
scaled_real_delta_0,2,18,18,0.0
scaled_real_delta_0,2,19,19,0.0027621358167380095
scaled_real_delta_0,2,20,20,0.00390625
scaled_real_delta_0,2,21,21,0.00390625
scaled_real_delta_0,2,22,22,0.0
scaled_real_delta_0,2,23,23,0.0
scaled_real_delta_0,2,24,24,0.0
scaled_real_delta_0,2,25,25,0.0
scaled_real_delta_0,2,26,26,0.00390625
scaled_real_delta_0,2,27,27,0.0
scaled_real_delta_0,2,28,28,0.0
scaled_real_delta_0,2,29,29,0.0
scaled_real_delta_0,2,30,30,0.00390625
scaled_real_delta_0,2,31,31,0.00390625
scaled_real_delta_0,3,0,0,0.0
scaled_real_delta_0,3,1,1,0.0
scaled_real_delta_0,3,2,2,0.0
scaled_real_delta_0,3,3,3,0.00390625
scaled_real_delta_0,3,4,4,0.0
scaled_real_delta_0,3,5,5,0.004784159827977419
scaled_real_delta_0,3,6,6,0.00390625
scaled_real_delta_0,3,7,7,0.0
scaled_real_delta_0,3,8,8,0.0
scaled_real_delta_0,3,9,9,0.00390625
scaled_real_delta_0,3,10,10,0.00390625
scaled_real_delta_0,3,11,11,0.00390625
scaled_real_delta_0,3,12,12,0.0027621358167380095
scaled_real_delta_0,3,13,13,0.0
scaled_real_delta_0,3,14,14,0.004784159827977419
scaled_real_delta_0,3,15,15,0.0
scaled_real_delta_0,3,16,16,0.0
scaled_real_delta_0,3,17,17,0.0
scaled_real_delta_0,3,18,18,0.00390625
scaled_real_delta_0,3,19,19,0.0027621358167380095
scaled_real_delta_0,3,20,20,0.0
scaled_real_delta_0,3,21,21,0.00390625
scaled_real_delta_0,3,22,22,0.0
scaled_real_delta_0,3,23,23,0.0027621358167380095
scaled_real_delta_0,3,24,24,0.0
scaled_real_delta_0,3,25,25,0.0
scaled_real_delta_0,3,26,26,0.00390625
scaled_real_delta_0,3,27,27,0.0027621358167380095
scaled_real_delta_0,3,28,28,0.0
scaled_real_delta_0,3,29,29,0.004784159827977419
scaled_real_delta_0,3,30,30,0.0
scaled_real_delta_0,3,31,31,0.004784159827977419
scaled_real_delta_0,4,0,0,0.0
scaled_real_delta_0,4,1,1,0.0
scaled_real_delta_0,4,2,2,0.0027621358167380095
scaled_real_delta_0,4,3,3,0.005524271633476019
scaled_real_delta_0,4,4,4,0.00390625
scaled_real_delta_0,4,5,5,0.0
scaled_real_delta_0,4,6,6,0.00390625
scaled_real_delta_0,4,7,7,0.0
scaled_real_delta_0,4,8,8,0.0
scaled_real_delta_0,4,9,9,0.0
scaled_real_delta_0,4,10,10,0.00390625
scaled_real_delta_0,4,11,11,0.0027621358167380095
scaled_real_delta_0,4,12,12,0.0027621358167380095
scaled_real_delta_0,4,13,13,0.0
scaled_real_delta_0,4,14,14,0.005524271633476019
scaled_real_delta_0,4,15,15,0.0027621358167380095
scaled_real_delta_0,4,16,16,0.005524271633476019
scaled_real_delta_0,4,17,17,0.0
scaled_real_delta_0,4,18,18,0.004784159827977419
scaled_real_delta_0,4,19,19,0.0
scaled_real_delta_0,4,20,20,0.0
scaled_real_delta_0,4,21,21,0.004784159827977419
scaled_real_delta_0,4,22,22,0.0027621358167380095
scaled_real_delta_0,4,23,23,0.007307924795895815
scaled_real_delta_0,4,24,24,0.0
scaled_real_delta_0,4,25,25,0.00390625
scaled_real_delta_0,4,26,26,0.004784159827977419
scaled_real_delta_0,4,27,27,0.0
scaled_real_delta_0,4,28,28,0.0
scaled_real_delta_0,4,29,29,0.004784159827977419
scaled_real_delta_0,4,30,30,0.005524271633476019
scaled_real_delta_0,4,31,31,0.0
scaled_real_delta_0,5,0,0,0.0
scaled_real_delta_0,5,1,1,0.0
scaled_real_delta_0,5,2,2,0.00390625
scaled_real_delta_0,5,3,3,0.005524271633476019
scaled_real_delta_0,5,4,4,0.005524271633476019
scaled_real_delta_0,5,5,5,0.00390625
scaled_real_delta_0,5,6,6,0.006765823345631361
scaled_real_delta_0,5,7,7,0.00390625
scaled_real_delta_0,5,8,8,0.00390625
scaled_real_delta_0,5,9,9,0.0078125
scaled_real_delta_0,5,10,10,0.005524271633476019
scaled_real_delta_0,5,11,11,0.005524271633476019
scaled_real_delta_0,5,12,12,0.006765823345631361
scaled_real_delta_0,5,13,13,0.006765823345631361
scaled_real_delta_0,5,14,14,0.0
scaled_real_delta_0,5,15,15,0.006765823345631361
scaled_real_delta_0,5,16,16,0.0
scaled_real_delta_0,5,17,17,0.00390625
scaled_real_delta_0,5,18,18,0.0
scaled_real_delta_0,5,19,19,0.00390625
scaled_real_delta_0,5,20,20,0.005524271633476019
scaled_real_delta_0,5,21,21,0.0078125
scaled_real_delta_0,5,22,22,0.005524271633476019
scaled_real_delta_0,5,23,23,0.0
scaled_real_delta_0,5,24,24,0.005524271633476019
scaled_real_delta_0,5,25,25,0.0
scaled_real_delta_0,5,26,26,0.00390625
scaled_real_delta_0,5,27,27,0.00390625
scaled_real_delta_0,5,28,28,0.00390625
scaled_real_delta_0,5,29,29,0.0
scaled_real_delta_0,5,30,30,0.0027621358167380095
scaled_real_delta_0,5,31,31,0.00390625
scaled_real_delta_0,6,0,0,0.006765823345631361
scaled_real_delta_0,6,1,1,0.0
scaled_real_delta_0,6,2,2,0.005524271633476019
scaled_real_delta_0,6,3,3,0.0
scaled_real_delta_0,6,4,4,0.0
scaled_real_delta_0,6,5,5,0.005524271633476019
scaled_real_delta_0,6,6,6,0.0
scaled_real_delta_0,6,7,7,0.0
scaled_real_delta_0,6,8,8,0.0
scaled_real_delta_0,6,9,9,0.0
scaled_real_delta_0,6,10,10,0.0078125
scaled_real_delta_0,6,11,11,0.0
scaled_real_delta_0,6,12,12,0.0
scaled_real_delta_0,6,13,13,0.005524271633476019
scaled_real_delta_0,6,14,14,0.0
scaled_real_delta_0,6,15,15,0.009568319655954838
scaled_real_delta_0,6,16,16,0.0
scaled_real_delta_0,6,17,17,0.0
scaled_real_delta_0,6,18,18,0.009568319655954838
scaled_real_delta_0,6,19,19,0.0
scaled_real_delta_0,6,20,20,0.0
scaled_real_delta_0,6,21,21,0.013531646691262722
scaled_real_delta_0,6,22,22,0.0
scaled_real_delta_0,6,23,23,0.0
scaled_real_delta_0,6,24,24,0.0
scaled_real_delta_0,6,25,25,0.005524271633476019
scaled_real_delta_0,6,26,26,0.0
scaled_real_delta_0,6,27,27,0.005524271633476019
scaled_real_delta_0,6,28,28,0.0
scaled_real_delta_0,6,29,29,0.00390625
scaled_real_delta_0,6,30,30,0.005524271633476019
scaled_real_delta_0,6,31,31,0.0
scaled_real_delta_0,7,0,0,0.00390625
scaled_real_delta_0,7,1,1,0.0027621358167380095
scaled_real_delta_0,7,2,2,0.0
scaled_real_delta_0,7,3,3,0.00390625
scaled_real_delta_0,7,4,4,0.0
scaled_real_delta_0,7,5,5,0.0027621358167380095
scaled_real_delta_0,7,6,6,0.0
scaled_real_delta_0,7,7,7,0.001953125
scaled_real_delta_0,7,8,8,0.00390625
scaled_real_delta_0,7,9,9,0.0
scaled_real_delta_0,7,10,10,0.0
scaled_real_delta_0,7,11,11,0.0
scaled_real_delta_0,7,12,12,0.0027621358167380095
scaled_real_delta_0,7,13,13,0.00390625
scaled_real_delta_0,7,14,14,0.0
scaled_real_delta_0,7,15,15,0.00390625
scaled_real_delta_0,7,16,16,0.00390625
scaled_real_delta_0,7,17,17,0.00390625
scaled_real_delta_0,7,18,18,0.006176323629915714
scaled_real_delta_0,7,19,19,0.0027621358167380095
scaled_real_delta_0,7,20,20,0.0
scaled_real_delta_0,7,21,21,0.0
scaled_real_delta_0,7,22,22,0.00390625
scaled_real_delta_0,7,23,23,0.0027621358167380095
scaled_real_delta_0,7,24,24,0.0
scaled_real_delta_0,7,25,25,0.004784159827977419
scaled_real_delta_0,7,26,26,0.0027621358167380095
scaled_real_delta_0,7,27,27,0.0027621358167380095
scaled_real_delta_0,7,28,28,0.0
scaled_real_delta_0,7,29,29,0.0
scaled_real_delta_0,7,30,30,0.006765823345631361
scaled_real_delta_0,7,31,31,0.0
scaled_real_delta_0.25,0,0,0,0.0
scaled_real_delta_0.25,0,1,1,0.005524271633476019
scaled_real_delta_0.25,0,2,2,0.005524271633476019
scaled_real_delta_0.25,0,3,3,0.0078125
scaled_real_delta_0.25,0,4,4,0.005524271633476019
scaled_real_delta_0.25,0,5,5,0.0
scaled_real_delta_0.25,0,6,6,0.0
scaled_real_delta_0.25,0,7,7,0.005524271633476019
scaled_real_delta_0.25,0,8,8,0.0078125
scaled_real_delta_0.25,0,9,9,0.009568319655954838
scaled_real_delta_0.25,0,10,10,0.005524271633476019
scaled_real_delta_0.25,0,11,11,0.0078125
scaled_real_delta_0.25,0,12,12,0.0
scaled_real_delta_0.25,0,13,13,0.005524271633476019
scaled_real_delta_0.25,0,14,14,0.005524271633476019
scaled_real_delta_0.25,0,15,15,0.009568319655954838
scaled_real_delta_0.25,0,16,16,0.005524271633476019
scaled_real_delta_0.25,0,17,17,0.005524271633476019
scaled_real_delta_0.25,0,18,18,0.0
scaled_real_delta_0.25,0,19,19,0.0
scaled_real_delta_0.25,0,20,20,0.0
scaled_real_delta_0.25,0,21,21,0.0
scaled_real_delta_0.25,0,22,22,0.0078125
scaled_real_delta_0.25,0,23,23,0.0
scaled_real_delta_0.25,0,24,24,0.0
scaled_real_delta_0.25,0,25,25,0.0078125
scaled_real_delta_0.25,0,26,26,0.005524271633476019
scaled_real_delta_0.25,0,27,27,0.0
scaled_real_delta_0.25,0,28,28,0.0
scaled_real_delta_0.25,0,29,29,0.005524271633476019
scaled_real_delta_0.25,0,30,30,0.009568319655954838
scaled_real_delta_0.25,0,31,31,0.0
scaled_real_delta_0.25,1,0,0,0.0
scaled_real_delta_0.25,1,1,1,0.0
scaled_real_delta_0.25,1,2,2,0.005524271633476019
scaled_real_delta_0.25,1,3,3,0.005524271633476019
scaled_real_delta_0.25,1,4,4,0.008734640665352345
scaled_real_delta_0.25,1,5,5,0.005524271633476019
scaled_real_delta_0.25,1,6,6,0.0
scaled_real_delta_0.25,1,7,7,0.0
scaled_real_delta_0.25,1,8,8,0.0078125
scaled_real_delta_0.25,1,9,9,0.00390625
scaled_real_delta_0.25,1,10,10,0.0078125
scaled_real_delta_0.25,1,11,11,0.00390625
scaled_real_delta_0.25,1,12,12,0.00390625
scaled_real_delta_0.25,1,13,13,0.0
scaled_real_delta_0.25,1,14,14,0.005524271633476019
scaled_real_delta_0.25,1,15,15,0.005524271633476019
scaled_real_delta_0.25,1,16,16,0.0
scaled_real_delta_0.25,1,17,17,0.0078125
scaled_real_delta_0.25,1,18,18,0.0
scaled_real_delta_0.25,1,19,19,0.0
scaled_real_delta_0.25,1,20,20,0.0
scaled_real_delta_0.25,1,21,21,0.005524271633476019
scaled_real_delta_0.25,1,22,22,0.0078125
scaled_real_delta_0.25,1,23,23,0.0
scaled_real_delta_0.25,1,24,24,0.006765823345631361
scaled_real_delta_0.25,1,25,25,0.0
scaled_real_delta_0.25,1,26,26,0.0
scaled_real_delta_0.25,1,27,27,0.0
scaled_real_delta_0.25,1,28,28,0.0
scaled_real_delta_0.25,1,29,29,0.005524271633476019
scaled_real_delta_0.25,1,30,30,0.005524271633476019
scaled_real_delta_0.25,1,31,31,0.0078125
scaled_real_delta_0.25,2,0,0,0.0
scaled_real_delta_0.25,2,1,1,0.0
scaled_real_delta_0.25,2,2,2,0.008734640665352345
scaled_real_delta_0.25,2,3,3,0.0
scaled_real_delta_0.25,2,4,4,0.00390625
scaled_real_delta_0.25,2,5,5,0.0
scaled_real_delta_0.25,2,6,6,0.0
scaled_real_delta_0.25,2,7,7,0.00390625
scaled_real_delta_0.25,2,8,8,0.0
scaled_real_delta_0.25,2,9,9,0.00390625
scaled_real_delta_0.25,2,10,10,0.0
scaled_real_delta_0.25,2,11,11,0.0
scaled_real_delta_0.25,2,12,12,0.0
scaled_real_delta_0.25,2,13,13,0.0
scaled_real_delta_0.25,2,14,14,0.009568319655954838
scaled_real_delta_0.25,2,15,15,0.0
scaled_real_delta_0.25,2,16,16,0.00390625
scaled_real_delta_0.25,2,17,17,0.005524271633476019
scaled_real_delta_0.25,2,18,18,0.0
scaled_real_delta_0.25,2,19,19,0.00390625
scaled_real_delta_0.25,2,20,20,0.005524271633476019
scaled_real_delta_0.25,2,21,21,0.0
scaled_real_delta_0.25,2,22,22,0.0
scaled_real_delta_0.25,2,23,23,0.0
scaled_real_delta_0.25,2,24,24,0.0
scaled_real_delta_0.25,2,25,25,0.0
scaled_real_delta_0.25,2,26,26,0.0
scaled_real_delta_0.25,2,27,27,0.0
scaled_real_delta_0.25,2,28,28,0.0
scaled_real_delta_0.25,2,29,29,0.0
scaled_real_delta_0.25,2,30,30,0.00390625
scaled_real_delta_0.25,2,31,31,0.00390625
scaled_real_delta_0.25,3,0,0,0.0
scaled_real_delta_0.25,3,1,1,0.0
scaled_real_delta_0.25,3,2,2,0.0
scaled_real_delta_0.25,3,3,3,0.0027621358167380095
scaled_real_delta_0.25,3,4,4,0.004784159827977419
scaled_real_delta_0.25,3,5,5,0.004784159827977419
scaled_real_delta_0.25,3,6,6,0.004784159827977419
scaled_real_delta_0.25,3,7,7,0.0
scaled_real_delta_0.25,3,8,8,0.00390625
scaled_real_delta_0.25,3,9,9,0.005524271633476019
scaled_real_delta_0.25,3,10,10,0.00390625
scaled_real_delta_0.25,3,11,11,0.0027621358167380095
scaled_real_delta_0.25,3,12,12,0.0
scaled_real_delta_0.25,3,13,13,0.0
scaled_real_delta_0.25,3,14,14,0.0027621358167380095
scaled_real_delta_0.25,3,15,15,0.0
scaled_real_delta_0.25,3,16,16,0.0
scaled_real_delta_0.25,3,17,17,0.0
scaled_real_delta_0.25,3,18,18,0.00390625
scaled_real_delta_0.25,3,19,19,0.0
scaled_real_delta_0.25,3,20,20,0.0
scaled_real_delta_0.25,3,21,21,0.005524271633476019
scaled_real_delta_0.25,3,22,22,0.0
scaled_real_delta_0.25,3,23,23,0.00390625
scaled_real_delta_0.25,3,24,24,0.0
scaled_real_delta_0.25,3,25,25,0.0
scaled_real_delta_0.25,3,26,26,0.00390625
scaled_real_delta_0.25,3,27,27,0.0027621358167380095
scaled_real_delta_0.25,3,28,28,0.00390625
scaled_real_delta_0.25,3,29,29,0.004784159827977419
scaled_real_delta_0.25,3,30,30,0.0
scaled_real_delta_0.25,3,31,31,0.004784159827977419
scaled_real_delta_0.25,4,0,0,0.00390625
scaled_real_delta_0.25,4,1,1,0.0
scaled_real_delta_0.25,4,2,2,0.0027621358167380095
scaled_real_delta_0.25,4,3,3,0.0
scaled_real_delta_0.25,4,4,4,0.0
scaled_real_delta_0.25,4,5,5,0.0
scaled_real_delta_0.25,4,6,6,0.0027621358167380095
scaled_real_delta_0.25,4,7,7,0.0027621358167380095
scaled_real_delta_0.25,4,8,8,0.0
scaled_real_delta_0.25,4,9,9,0.0027621358167380095
scaled_real_delta_0.25,4,10,10,0.0027621358167380095
scaled_real_delta_0.25,4,11,11,0.004784159827977419
scaled_real_delta_0.25,4,12,12,0.0027621358167380095
scaled_real_delta_0.25,4,13,13,0.0
scaled_real_delta_0.25,4,14,14,0.005524271633476019
scaled_real_delta_0.25,4,15,15,0.0027621358167380095
scaled_real_delta_0.25,4,16,16,0.006765823345631361
scaled_real_delta_0.25,4,17,17,0.0
scaled_real_delta_0.25,4,18,18,0.00390625
scaled_real_delta_0.25,4,19,19,0.0
scaled_real_delta_0.25,4,20,20,0.0
scaled_real_delta_0.25,4,21,21,0.005524271633476019
scaled_real_delta_0.25,4,22,22,0.0027621358167380095
scaled_real_delta_0.25,4,23,23,0.004784159827977419
scaled_real_delta_0.25,4,24,24,0.00390625
scaled_real_delta_0.25,4,25,25,0.0
scaled_real_delta_0.25,4,26,26,0.0027621358167380095
scaled_real_delta_0.25,4,27,27,0.0
scaled_real_delta_0.25,4,28,28,0.0
scaled_real_delta_0.25,4,29,29,0.004784159827977419
scaled_real_delta_0.25,4,30,30,0.0
scaled_real_delta_0.25,4,31,31,0.0
scaled_real_delta_0.25,5,0,0,0.0
scaled_real_delta_0.25,5,1,1,0.0
scaled_real_delta_0.25,5,2,2,0.00390625
scaled_real_delta_0.25,5,3,3,0.005524271633476019
scaled_real_delta_0.25,5,4,4,0.0
scaled_real_delta_0.25,5,5,5,0.00390625
scaled_real_delta_0.25,5,6,6,0.006765823345631361
scaled_real_delta_0.25,5,7,7,0.00390625
scaled_real_delta_0.25,5,8,8,0.0
scaled_real_delta_0.25,5,9,9,0.006765823345631361
scaled_real_delta_0.25,5,10,10,0.005524271633476019
scaled_real_delta_0.25,5,11,11,0.005524271633476019
scaled_real_delta_0.25,5,12,12,0.0078125
scaled_real_delta_0.25,5,13,13,0.005524271633476019
scaled_real_delta_0.25,5,14,14,0.0
scaled_real_delta_0.25,5,15,15,0.006765823345631361
scaled_real_delta_0.25,5,16,16,0.0
scaled_real_delta_0.25,5,17,17,0.0
scaled_real_delta_0.25,5,18,18,0.0
scaled_real_delta_0.25,5,19,19,0.00390625
scaled_real_delta_0.25,5,20,20,0.0
scaled_real_delta_0.25,5,21,21,0.005524271633476019
scaled_real_delta_0.25,5,22,22,0.005524271633476019
scaled_real_delta_0.25,5,23,23,0.0
scaled_real_delta_0.25,5,24,24,0.005524271633476019
scaled_real_delta_0.25,5,25,25,0.0
scaled_real_delta_0.25,5,26,26,0.0
scaled_real_delta_0.25,5,27,27,0.00390625
scaled_real_delta_0.25,5,28,28,0.00390625
scaled_real_delta_0.25,5,29,29,0.0
scaled_real_delta_0.25,5,30,30,0.0
scaled_real_delta_0.25,5,31,31,0.00390625
scaled_real_delta_0.25,6,0,0,0.006765823345631361
scaled_real_delta_0.25,6,1,1,0.0
scaled_real_delta_0.25,6,2,2,0.005524271633476019
scaled_real_delta_0.25,6,3,3,0.0
scaled_real_delta_0.25,6,4,4,0.0
scaled_real_delta_0.25,6,5,5,0.005524271633476019
scaled_real_delta_0.25,6,6,6,0.0
scaled_real_delta_0.25,6,7,7,0.0
scaled_real_delta_0.25,6,8,8,0.0
scaled_real_delta_0.25,6,9,9,0.0
scaled_real_delta_0.25,6,10,10,0.005524271633476019
scaled_real_delta_0.25,6,11,11,0.0
scaled_real_delta_0.25,6,12,12,0.0
scaled_real_delta_0.25,6,13,13,0.0
scaled_real_delta_0.25,6,14,14,0.0
scaled_real_delta_0.25,6,15,15,0.0078125
scaled_real_delta_0.25,6,16,16,0.0
scaled_real_delta_0.25,6,17,17,0.0
scaled_real_delta_0.25,6,18,18,0.0078125
scaled_real_delta_0.25,6,19,19,0.0
scaled_real_delta_0.25,6,20,20,0.0
scaled_real_delta_0.25,6,21,21,0.012352647259831429
scaled_real_delta_0.25,6,22,22,0.0
scaled_real_delta_0.25,6,23,23,0.0
scaled_real_delta_0.25,6,24,24,0.005524271633476019
scaled_real_delta_0.25,6,25,25,0.005524271633476019
scaled_real_delta_0.25,6,26,26,0.0
scaled_real_delta_0.25,6,27,27,0.0
scaled_real_delta_0.25,6,28,28,0.005524271633476019
scaled_real_delta_0.25,6,29,29,0.005524271633476019
scaled_real_delta_0.25,6,30,30,0.0
scaled_real_delta_0.25,6,31,31,0.0
scaled_real_delta_0.25,7,0,0,0.00390625
scaled_real_delta_0.25,7,1,1,0.00390625
scaled_real_delta_0.25,7,2,2,0.0
scaled_real_delta_0.25,7,3,3,0.0
scaled_real_delta_0.25,7,4,4,0.005524271633476019
scaled_real_delta_0.25,7,5,5,0.0
scaled_real_delta_0.25,7,6,6,0.0
scaled_real_delta_0.25,7,7,7,0.0027621358167380095
scaled_real_delta_0.25,7,8,8,0.005524271633476019
scaled_real_delta_0.25,7,9,9,0.0
scaled_real_delta_0.25,7,10,10,0.0
scaled_real_delta_0.25,7,11,11,0.0
scaled_real_delta_0.25,7,12,12,0.0027621358167380095
scaled_real_delta_0.25,7,13,13,0.0027621358167380095
scaled_real_delta_0.25,7,14,14,0.0027621358167380095
scaled_real_delta_0.25,7,15,15,0.005524271633476019
scaled_real_delta_0.25,7,16,16,0.0
scaled_real_delta_0.25,7,17,17,0.004784159827977419
scaled_real_delta_0.25,7,18,18,0.004784159827977419
scaled_real_delta_0.25,7,19,19,0.0027621358167380095
scaled_real_delta_0.25,7,20,20,0.0
scaled_real_delta_0.25,7,21,21,0.0
scaled_real_delta_0.25,7,22,22,0.004784159827977419
scaled_real_delta_0.25,7,23,23,0.0027621358167380095
scaled_real_delta_0.25,7,24,24,0.0
scaled_real_delta_0.25,7,25,25,0.004784159827977419
scaled_real_delta_0.25,7,26,26,0.004784159827977419
scaled_real_delta_0.25,7,27,27,0.0027621358167380095
scaled_real_delta_0.25,7,28,28,0.0
scaled_real_delta_0.25,7,29,29,0.00390625
scaled_real_delta_0.25,7,30,30,0.006765823345631361
scaled_real_delta_0.25,7,31,31,0.005524271633476019
scaled_real_delta_0.5,0,0,0,0.00390625
scaled_real_delta_0.5,0,1,1,0.005524271633476019
scaled_real_delta_0.5,0,2,2,0.0
scaled_real_delta_0.5,0,3,3,0.005524271633476019
scaled_real_delta_0.5,0,4,4,0.005524271633476019
scaled_real_delta_0.5,0,5,5,0.0
scaled_real_delta_0.5,0,6,6,0.0
scaled_real_delta_0.5,0,7,7,0.005524271633476019
scaled_real_delta_0.5,0,8,8,0.005524271633476019
scaled_real_delta_0.5,0,9,9,0.005524271633476019
scaled_real_delta_0.5,0,10,10,0.005524271633476019
scaled_real_delta_0.5,0,11,11,0.005524271633476019
scaled_real_delta_0.5,0,12,12,0.0
scaled_real_delta_0.5,0,13,13,0.005524271633476019
scaled_real_delta_0.5,0,14,14,0.005524271633476019
scaled_real_delta_0.5,0,15,15,0.0078125
scaled_real_delta_0.5,0,16,16,0.0078125
scaled_real_delta_0.5,0,17,17,0.005524271633476019
scaled_real_delta_0.5,0,18,18,0.0
scaled_real_delta_0.5,0,19,19,0.005524271633476019
scaled_real_delta_0.5,0,20,20,0.0
scaled_real_delta_0.5,0,21,21,0.0
scaled_real_delta_0.5,0,22,22,0.0078125
scaled_real_delta_0.5,0,23,23,0.0
scaled_real_delta_0.5,0,24,24,0.0
scaled_real_delta_0.5,0,25,25,0.0078125
scaled_real_delta_0.5,0,26,26,0.005524271633476019
scaled_real_delta_0.5,0,27,27,0.0
scaled_real_delta_0.5,0,28,28,0.005524271633476019
scaled_real_delta_0.5,0,29,29,0.0
scaled_real_delta_0.5,0,30,30,0.0
scaled_real_delta_0.5,0,31,31,0.005524271633476019
scaled_real_delta_0.5,1,0,0,0.005524271633476019
scaled_real_delta_0.5,1,1,1,0.0
scaled_real_delta_0.5,1,2,2,0.005524271633476019
scaled_real_delta_0.5,1,3,3,0.005524271633476019
scaled_real_delta_0.5,1,4,4,0.0078125
scaled_real_delta_0.5,1,5,5,0.0
scaled_real_delta_0.5,1,6,6,0.00390625
scaled_real_delta_0.5,1,7,7,0.0
scaled_real_delta_0.5,1,8,8,0.005524271633476019
scaled_real_delta_0.5,1,9,9,0.0078125
scaled_real_delta_0.5,1,10,10,0.00390625
scaled_real_delta_0.5,1,11,11,0.006765823345631361
scaled_real_delta_0.5,1,12,12,0.005524271633476019
scaled_real_delta_0.5,1,13,13,0.00390625
scaled_real_delta_0.5,1,14,14,0.005524271633476019
scaled_real_delta_0.5,1,15,15,0.0
scaled_real_delta_0.5,1,16,16,0.0
scaled_real_delta_0.5,1,17,17,0.006765823345631361
scaled_real_delta_0.5,1,18,18,0.0
scaled_real_delta_0.5,1,19,19,0.0
scaled_real_delta_0.5,1,20,20,0.0
scaled_real_delta_0.5,1,21,21,0.006765823345631361
scaled_real_delta_0.5,1,22,22,0.005524271633476019
scaled_real_delta_0.5,1,23,23,0.005524271633476019
scaled_real_delta_0.5,1,24,24,0.0
scaled_real_delta_0.5,1,25,25,0.0
scaled_real_delta_0.5,1,26,26,0.00390625
scaled_real_delta_0.5,1,27,27,0.0
scaled_real_delta_0.5,1,28,28,0.0
scaled_real_delta_0.5,1,29,29,0.00390625
scaled_real_delta_0.5,1,30,30,0.009568319655954838
scaled_real_delta_0.5,1,31,31,0.0078125
scaled_real_delta_0.5,2,0,0,0.0
scaled_real_delta_0.5,2,1,1,0.006765823345631361
scaled_real_delta_0.5,2,2,2,0.005524271633476019
scaled_real_delta_0.5,2,3,3,0.005524271633476019
scaled_real_delta_0.5,2,4,4,0.005524271633476019
scaled_real_delta_0.5,2,5,5,0.0
scaled_real_delta_0.5,2,6,6,0.0
scaled_real_delta_0.5,2,7,7,0.0
scaled_real_delta_0.5,2,8,8,0.00390625
scaled_real_delta_0.5,2,9,9,0.0
scaled_real_delta_0.5,2,10,10,0.0
scaled_real_delta_0.5,2,11,11,0.0
scaled_real_delta_0.5,2,12,12,0.005524271633476019
scaled_real_delta_0.5,2,13,13,0.0
scaled_real_delta_0.5,2,14,14,0.0078125
scaled_real_delta_0.5,2,15,15,0.0
scaled_real_delta_0.5,2,16,16,0.00390625
scaled_real_delta_0.5,2,17,17,0.005524271633476019
scaled_real_delta_0.5,2,18,18,0.0
scaled_real_delta_0.5,2,19,19,0.004784159827977419
scaled_real_delta_0.5,2,20,20,0.0
scaled_real_delta_0.5,2,21,21,0.005524271633476019
scaled_real_delta_0.5,2,22,22,0.00390625
scaled_real_delta_0.5,2,23,23,0.005524271633476019
scaled_real_delta_0.5,2,24,24,0.005524271633476019
scaled_real_delta_0.5,2,25,25,0.00390625
scaled_real_delta_0.5,2,26,26,0.0
scaled_real_delta_0.5,2,27,27,0.0
scaled_real_delta_0.5,2,28,28,0.0
scaled_real_delta_0.5,2,29,29,0.0
scaled_real_delta_0.5,2,30,30,0.0
scaled_real_delta_0.5,2,31,31,0.00390625
scaled_real_delta_0.5,3,0,0,1.9456007480621338
scaled_real_delta_0.5,3,1,1,0.5747765302658081
scaled_real_delta_0.5,3,2,2,0.0
scaled_real_delta_0.5,3,3,3,0.00390625
scaled_real_delta_0.5,3,4,4,0.0027621358167380095
scaled_real_delta_0.5,3,5,5,0.0027621358167380095
scaled_real_delta_0.5,3,6,6,0.004784159827977419
scaled_real_delta_0.5,3,7,7,0.0
scaled_real_delta_0.5,3,8,8,0.0
scaled_real_delta_0.5,3,9,9,0.6507746577262878
scaled_real_delta_0.5,3,10,10,1.5810881853103638
scaled_real_delta_0.5,3,11,11,0.5344572067260742
scaled_real_delta_0.5,3,12,12,0.0
scaled_real_delta_0.5,3,13,13,0.9907253980636597
scaled_real_delta_0.5,3,14,14,0.45248472690582275
scaled_real_delta_0.5,3,15,15,0.5035654902458191
scaled_real_delta_0.5,3,16,16,0.0027621358167380095
scaled_real_delta_0.5,3,17,17,0.0
scaled_real_delta_0.5,3,18,18,0.5661974549293518
scaled_real_delta_0.5,3,19,19,0.005524271633476019
scaled_real_delta_0.5,3,20,20,0.0
scaled_real_delta_0.5,3,21,21,0.00390625
scaled_real_delta_0.5,3,22,22,0.0027621358167380095
scaled_real_delta_0.5,3,23,23,0.6959869861602783
scaled_real_delta_0.5,3,24,24,0.0027621358167380095
scaled_real_delta_0.5,3,25,25,0.0
scaled_real_delta_0.5,3,26,26,0.8790451288223267
scaled_real_delta_0.5,3,27,27,0.0
scaled_real_delta_0.5,3,28,28,0.0
scaled_real_delta_0.5,3,29,29,0.004784159827977419
scaled_real_delta_0.5,3,30,30,0.0
scaled_real_delta_0.5,3,31,31,0.4453553259372711
scaled_real_delta_0.5,4,0,0,0.0
scaled_real_delta_0.5,4,1,1,0.0
scaled_real_delta_0.5,4,2,2,0.00390625
scaled_real_delta_0.5,4,3,3,0.00390625
scaled_real_delta_0.5,4,4,4,0.0027621358167380095
scaled_real_delta_0.5,4,5,5,0.0
scaled_real_delta_0.5,4,6,6,0.00390625
scaled_real_delta_0.5,4,7,7,0.0
scaled_real_delta_0.5,4,8,8,0.00390625
scaled_real_delta_0.5,4,9,9,0.0
scaled_real_delta_0.5,4,10,10,0.0
scaled_real_delta_0.5,4,11,11,0.00390625
scaled_real_delta_0.5,4,12,12,0.004784159827977419
scaled_real_delta_0.5,4,13,13,0.0027621358167380095
scaled_real_delta_0.5,4,14,14,0.0
scaled_real_delta_0.5,4,15,15,0.0027621358167380095
scaled_real_delta_0.5,4,16,16,0.00390625
scaled_real_delta_0.5,4,17,17,0.0027621358167380095
scaled_real_delta_0.5,4,18,18,0.00390625
scaled_real_delta_0.5,4,19,19,0.0
scaled_real_delta_0.5,4,20,20,0.0027621358167380095
scaled_real_delta_0.5,4,21,21,0.00390625
scaled_real_delta_0.5,4,22,22,0.0
scaled_real_delta_0.5,4,23,23,0.007307924795895815
scaled_real_delta_0.5,4,24,24,0.0
scaled_real_delta_0.5,4,25,25,0.0027621358167380095
scaled_real_delta_0.5,4,26,26,0.005524271633476019
scaled_real_delta_0.5,4,27,27,0.0
scaled_real_delta_0.5,4,28,28,0.0
scaled_real_delta_0.5,4,29,29,0.005524271633476019
scaled_real_delta_0.5,4,30,30,0.0
scaled_real_delta_0.5,4,31,31,0.0
scaled_real_delta_0.5,5,0,0,0.005524271633476019
scaled_real_delta_0.5,5,1,1,0.0
scaled_real_delta_0.5,5,2,2,0.005524271633476019
scaled_real_delta_0.5,5,3,3,0.006765823345631361
scaled_real_delta_0.5,5,4,4,0.00390625
scaled_real_delta_0.5,5,5,5,0.005524271633476019
scaled_real_delta_0.5,5,6,6,3.6723861694335938
scaled_real_delta_0.5,5,7,7,0.7179428339004517
scaled_real_delta_0.5,5,8,8,0.00390625
scaled_real_delta_0.5,5,9,9,0.005524271633476019
scaled_real_delta_0.5,5,10,10,0.005524271633476019
scaled_real_delta_0.5,5,11,11,0.00390625
scaled_real_delta_0.5,5,12,12,0.0078125
scaled_real_delta_0.5,5,13,13,0.6528815031051636
scaled_real_delta_0.5,5,14,14,0.0
scaled_real_delta_0.5,5,15,15,0.0
scaled_real_delta_0.5,5,16,16,0.0
scaled_real_delta_0.5,5,17,17,0.6511380076408386
scaled_real_delta_0.5,5,18,18,0.005524271633476019
scaled_real_delta_0.5,5,19,19,0.0
scaled_real_delta_0.5,5,20,20,0.0
scaled_real_delta_0.5,5,21,21,0.006765823345631361
scaled_real_delta_0.5,5,22,22,0.005524271633476019
scaled_real_delta_0.5,5,23,23,0.00390625
scaled_real_delta_0.5,5,24,24,0.0
scaled_real_delta_0.5,5,25,25,0.00390625
scaled_real_delta_0.5,5,26,26,0.0027621358167380095
scaled_real_delta_0.5,5,27,27,0.005524271633476019
scaled_real_delta_0.5,5,28,28,0.0027621358167380095
scaled_real_delta_0.5,5,29,29,0.0
scaled_real_delta_0.5,5,30,30,0.0
scaled_real_delta_0.5,5,31,31,0.0
scaled_real_delta_0.5,6,0,0,0.009568319655954838
scaled_real_delta_0.5,6,1,1,0.00390625
scaled_real_delta_0.5,6,2,2,0.0
scaled_real_delta_0.5,6,3,3,0.0027621358167380095
scaled_real_delta_0.5,6,4,4,0.0
scaled_real_delta_0.5,6,5,5,0.0078125
scaled_real_delta_0.5,6,6,6,0.0
scaled_real_delta_0.5,6,7,7,0.0
scaled_real_delta_0.5,6,8,8,0.0
scaled_real_delta_0.5,6,9,9,0.0
scaled_real_delta_0.5,6,10,10,0.00390625
scaled_real_delta_0.5,6,11,11,0.0
scaled_real_delta_0.5,6,12,12,0.005524271633476019
scaled_real_delta_0.5,6,13,13,0.0
scaled_real_delta_0.5,6,14,14,0.0
scaled_real_delta_0.5,6,15,15,0.0078125
scaled_real_delta_0.5,6,16,16,0.0
scaled_real_delta_0.5,6,17,17,0.0
scaled_real_delta_0.5,6,18,18,0.0078125
scaled_real_delta_0.5,6,19,19,0.005524271633476019
scaled_real_delta_0.5,6,20,20,0.0
scaled_real_delta_0.5,6,21,21,0.0
scaled_real_delta_0.5,6,22,22,0.0078125
scaled_real_delta_0.5,6,23,23,0.0078125
scaled_real_delta_0.5,6,24,24,0.005524271633476019
scaled_real_delta_0.5,6,25,25,0.0078125
scaled_real_delta_0.5,6,26,26,0.006765823345631361
scaled_real_delta_0.5,6,27,27,0.0078125
scaled_real_delta_0.5,6,28,28,0.0
scaled_real_delta_0.5,6,29,29,0.008734640665352345
scaled_real_delta_0.5,6,30,30,0.009568319655954838
scaled_real_delta_0.5,6,31,31,0.0
scaled_real_delta_0.5,7,0,0,0.006176323629915714
scaled_real_delta_0.5,7,1,1,0.004784159827977419
scaled_real_delta_0.5,7,2,2,0.0027621358167380095
scaled_real_delta_0.5,7,3,3,0.00390625
scaled_real_delta_0.5,7,4,4,0.005524271633476019
scaled_real_delta_0.5,7,5,5,0.0
scaled_real_delta_0.5,7,6,6,0.0
scaled_real_delta_0.5,7,7,7,0.0
scaled_real_delta_0.5,7,8,8,0.006765823345631361
scaled_real_delta_0.5,7,9,9,0.00390625
scaled_real_delta_0.5,7,10,10,0.0027621358167380095
scaled_real_delta_0.5,7,11,11,0.0
scaled_real_delta_0.5,7,12,12,0.0
scaled_real_delta_0.5,7,13,13,0.00390625
scaled_real_delta_0.5,7,14,14,0.00390625
scaled_real_delta_0.5,7,15,15,0.005524271633476019
scaled_real_delta_0.5,7,16,16,0.00390625
scaled_real_delta_0.5,7,17,17,0.0
scaled_real_delta_0.5,7,18,18,0.006765823345631361
scaled_real_delta_0.5,7,19,19,0.004784159827977419
scaled_real_delta_0.5,7,20,20,0.0027621358167380095
scaled_real_delta_0.5,7,21,21,0.0
scaled_real_delta_0.5,7,22,22,0.0
scaled_real_delta_0.5,7,23,23,0.005524271633476019
scaled_real_delta_0.5,7,24,24,0.0
scaled_real_delta_0.5,7,25,25,0.00390625
scaled_real_delta_0.5,7,26,26,0.0
scaled_real_delta_0.5,7,27,27,0.0
scaled_real_delta_0.5,7,28,28,0.004784159827977419
scaled_real_delta_0.5,7,29,29,0.0
scaled_real_delta_0.5,7,30,30,0.005524271633476019
scaled_real_delta_0.5,7,31,31,0.005524271633476019
scaled_real_delta_1,0,0,0,1.67130446434021
scaled_real_delta_1,0,1,1,1.915950894355774
scaled_real_delta_1,0,2,2,0.8346222043037415
scaled_real_delta_1,0,3,3,0.0078125
scaled_real_delta_1,0,4,4,2.0148754119873047
scaled_real_delta_1,0,5,5,0.0078125
scaled_real_delta_1,0,6,6,0.5141729116439819
scaled_real_delta_1,0,7,7,0.0078125
scaled_real_delta_1,0,8,8,0.0078125
scaled_real_delta_1,0,9,9,0.0078125
scaled_real_delta_1,0,10,10,1.4145264625549316
scaled_real_delta_1,0,11,11,0.0078125
scaled_real_delta_1,0,12,12,0.0
scaled_real_delta_1,0,13,13,0.9087721109390259
scaled_real_delta_1,0,14,14,0.005524271633476019
scaled_real_delta_1,0,15,15,0.0078125
scaled_real_delta_1,0,16,16,0.44345831871032715
scaled_real_delta_1,0,17,17,0.0
scaled_real_delta_1,0,18,18,0.8045358061790466
scaled_real_delta_1,0,19,19,0.6577132344245911
scaled_real_delta_1,0,20,20,0.0
scaled_real_delta_1,0,21,21,1.5501168966293335
scaled_real_delta_1,0,22,22,0.0078125
scaled_real_delta_1,0,23,23,0.0
scaled_real_delta_1,0,24,24,1.1516351699829102
scaled_real_delta_1,0,25,25,0.009568319655954838
scaled_real_delta_1,0,26,26,0.0078125
scaled_real_delta_1,0,27,27,0.7521534562110901
scaled_real_delta_1,0,28,28,0.005524271633476019
scaled_real_delta_1,0,29,29,1.1648486852645874
scaled_real_delta_1,0,30,30,1.5307615995407104
scaled_real_delta_1,0,31,31,3.5741782188415527
scaled_real_delta_1,1,0,0,0.005524271633476019
scaled_real_delta_1,1,1,1,0.00390625
scaled_real_delta_1,1,2,2,0.0078125
scaled_real_delta_1,1,3,3,0.00390625
scaled_real_delta_1,1,4,4,0.0078125
scaled_real_delta_1,1,5,5,0.006765823345631361
scaled_real_delta_1,1,6,6,0.00390625
scaled_real_delta_1,1,7,7,0.0
scaled_real_delta_1,1,8,8,0.005524271633476019
scaled_real_delta_1,1,9,9,0.00390625
scaled_real_delta_1,1,10,10,0.005524271633476019
scaled_real_delta_1,1,11,11,0.005524271633476019
scaled_real_delta_1,1,12,12,0.005524271633476019
scaled_real_delta_1,1,13,13,0.008734640665352345
scaled_real_delta_1,1,14,14,0.0078125
scaled_real_delta_1,1,15,15,0.005524271633476019
scaled_real_delta_1,1,16,16,0.0
scaled_real_delta_1,1,17,17,0.0078125
scaled_real_delta_1,1,18,18,0.0
scaled_real_delta_1,1,19,19,0.00390625
scaled_real_delta_1,1,20,20,0.005524271633476019
scaled_real_delta_1,1,21,21,0.00390625
scaled_real_delta_1,1,22,22,0.0078125
scaled_real_delta_1,1,23,23,0.005524271633476019
scaled_real_delta_1,1,24,24,0.00390625
scaled_real_delta_1,1,25,25,0.00390625
scaled_real_delta_1,1,26,26,0.00390625
scaled_real_delta_1,1,27,27,0.00390625
scaled_real_delta_1,1,28,28,0.00390625
scaled_real_delta_1,1,29,29,0.005524271633476019
scaled_real_delta_1,1,30,30,0.0
scaled_real_delta_1,1,31,31,0.005524271633476019
scaled_real_delta_1,2,0,0,0.0
scaled_real_delta_1,2,1,1,0.006765823345631361
scaled_real_delta_1,2,2,2,0.0078125
scaled_real_delta_1,2,3,3,0.005524271633476019
scaled_real_delta_1,2,4,4,0.00390625
scaled_real_delta_1,2,5,5,0.0
scaled_real_delta_1,2,6,6,0.0
scaled_real_delta_1,2,7,7,0.0
scaled_real_delta_1,2,8,8,0.0
scaled_real_delta_1,2,9,9,0.005524271633476019
scaled_real_delta_1,2,10,10,0.0
scaled_real_delta_1,2,11,11,0.0
scaled_real_delta_1,2,12,12,0.005524271633476019
scaled_real_delta_1,2,13,13,0.0
scaled_real_delta_1,2,14,14,0.0078125
scaled_real_delta_1,2,15,15,0.0
scaled_real_delta_1,2,16,16,0.00390625
scaled_real_delta_1,2,17,17,0.005524271633476019
scaled_real_delta_1,2,18,18,0.0
scaled_real_delta_1,2,19,19,0.005524271633476019
scaled_real_delta_1,2,20,20,0.0
scaled_real_delta_1,2,21,21,0.0
scaled_real_delta_1,2,22,22,0.004784159827977419
scaled_real_delta_1,2,23,23,0.005524271633476019
scaled_real_delta_1,2,24,24,0.0
scaled_real_delta_1,2,25,25,0.0
scaled_real_delta_1,2,26,26,0.00390625
scaled_real_delta_1,2,27,27,0.0
scaled_real_delta_1,2,28,28,0.0
scaled_real_delta_1,2,29,29,0.0
scaled_real_delta_1,2,30,30,0.00390625
scaled_real_delta_1,2,31,31,0.0
scaled_real_delta_1,3,0,0,1.9454870223999023
scaled_real_delta_1,3,1,1,0.5746504068374634
scaled_real_delta_1,3,2,2,0.004784159827977419
scaled_real_delta_1,3,3,3,0.0027621358167380095
scaled_real_delta_1,3,4,4,0.0
scaled_real_delta_1,3,5,5,0.00390625
scaled_real_delta_1,3,6,6,0.004784159827977419
scaled_real_delta_1,3,7,7,0.0
scaled_real_delta_1,3,8,8,0.0027621358167380095
scaled_real_delta_1,3,9,9,0.6506867408752441
scaled_real_delta_1,3,10,10,1.5809940099716187
scaled_real_delta_1,3,11,11,0.5345642566680908
scaled_real_delta_1,3,12,12,0.0
scaled_real_delta_1,3,13,13,0.9909102320671082
scaled_real_delta_1,3,14,14,0.45238354802131653
scaled_real_delta_1,3,15,15,0.5037018060684204
scaled_real_delta_1,3,16,16,0.0
scaled_real_delta_1,3,17,17,0.0
scaled_real_delta_1,3,18,18,0.5661367774009705
scaled_real_delta_1,3,19,19,0.0
scaled_real_delta_1,3,20,20,0.0
scaled_real_delta_1,3,21,21,0.005524271633476019
scaled_real_delta_1,3,22,22,0.004784159827977419
scaled_real_delta_1,3,23,23,0.6960527300834656
scaled_real_delta_1,3,24,24,0.0027621358167380095
scaled_real_delta_1,3,25,25,0.0
scaled_real_delta_1,3,26,26,0.8791579604148865
scaled_real_delta_1,3,27,27,0.0027621358167380095
scaled_real_delta_1,3,28,28,0.0
scaled_real_delta_1,3,29,29,0.00390625
scaled_real_delta_1,3,30,30,0.0027621358167380095
scaled_real_delta_1,3,31,31,0.44537246227264404
scaled_real_delta_1,4,0,0,0.00390625
scaled_real_delta_1,4,1,1,0.00390625
scaled_real_delta_1,4,2,2,0.004784159827977419
scaled_real_delta_1,4,3,3,0.00390625
scaled_real_delta_1,4,4,4,0.0027621358167380095
scaled_real_delta_1,4,5,5,0.0
scaled_real_delta_1,4,6,6,0.0
scaled_real_delta_1,4,7,7,0.0
scaled_real_delta_1,4,8,8,0.0
scaled_real_delta_1,4,9,9,0.0
scaled_real_delta_1,4,10,10,0.004784159827977419
scaled_real_delta_1,4,11,11,0.00390625
scaled_real_delta_1,4,12,12,0.00390625
scaled_real_delta_1,4,13,13,0.004784159827977419
scaled_real_delta_1,4,14,14,0.005524271633476019
scaled_real_delta_1,4,15,15,0.0027621358167380095
scaled_real_delta_1,4,16,16,0.0
scaled_real_delta_1,4,17,17,0.004784159827977419
scaled_real_delta_1,4,18,18,0.004784159827977419
scaled_real_delta_1,4,19,19,0.0
scaled_real_delta_1,4,20,20,0.0
scaled_real_delta_1,4,21,21,0.004784159827977419
scaled_real_delta_1,4,22,22,0.00390625
scaled_real_delta_1,4,23,23,0.006765823345631361
scaled_real_delta_1,4,24,24,0.00390625
scaled_real_delta_1,4,25,25,0.004784159827977419
scaled_real_delta_1,4,26,26,0.005524271633476019
scaled_real_delta_1,4,27,27,0.00390625
scaled_real_delta_1,4,28,28,0.0027621358167380095
scaled_real_delta_1,4,29,29,0.005524271633476019
scaled_real_delta_1,4,30,30,0.00390625
scaled_real_delta_1,4,31,31,0.0
scaled_real_delta_1,5,0,0,0.0
scaled_real_delta_1,5,1,1,0.0
scaled_real_delta_1,5,2,2,0.00390625
scaled_real_delta_1,5,3,3,0.005524271633476019
scaled_real_delta_1,5,4,4,0.0078125
scaled_real_delta_1,5,5,5,0.00390625
scaled_real_delta_1,5,6,6,3.672454595565796
scaled_real_delta_1,5,7,7,0.7177940607070923
scaled_real_delta_1,5,8,8,0.00390625
scaled_real_delta_1,5,9,9,0.005524271633476019
scaled_real_delta_1,5,10,10,0.0078125
scaled_real_delta_1,5,11,11,0.0
scaled_real_delta_1,5,12,12,0.005524271633476019
scaled_real_delta_1,5,13,13,0.6531385779380798
scaled_real_delta_1,5,14,14,0.0
scaled_real_delta_1,5,15,15,0.006765823345631361
scaled_real_delta_1,5,16,16,0.0
scaled_real_delta_1,5,17,17,0.6511263251304626
scaled_real_delta_1,5,18,18,0.0
scaled_real_delta_1,5,19,19,0.0078125
scaled_real_delta_1,5,20,20,0.005524271633476019
scaled_real_delta_1,5,21,21,0.006765823345631361
scaled_real_delta_1,5,22,22,0.0078125
scaled_real_delta_1,5,23,23,0.0027621358167380095
scaled_real_delta_1,5,24,24,0.005524271633476019
scaled_real_delta_1,5,25,25,0.00390625
scaled_real_delta_1,5,26,26,0.00390625
scaled_real_delta_1,5,27,27,0.005524271633476019
scaled_real_delta_1,5,28,28,0.00390625
scaled_real_delta_1,5,29,29,0.0
scaled_real_delta_1,5,30,30,0.0
scaled_real_delta_1,5,31,31,0.005524271633476019
scaled_real_delta_1,6,0,0,0.0078125
scaled_real_delta_1,6,1,1,0.0
scaled_real_delta_1,6,2,2,0.009568319655954838
scaled_real_delta_1,6,3,3,0.0027621358167380095
scaled_real_delta_1,6,4,4,0.0
scaled_real_delta_1,6,5,5,0.0078125
scaled_real_delta_1,6,6,6,0.005524271633476019
scaled_real_delta_1,6,7,7,0.0
scaled_real_delta_1,6,8,8,0.0
scaled_real_delta_1,6,9,9,0.0
scaled_real_delta_1,6,10,10,0.0
scaled_real_delta_1,6,11,11,0.0
scaled_real_delta_1,6,12,12,0.0
scaled_real_delta_1,6,13,13,0.005524271633476019
scaled_real_delta_1,6,14,14,0.0
scaled_real_delta_1,6,15,15,0.009568319655954838
scaled_real_delta_1,6,16,16,0.0078125
scaled_real_delta_1,6,17,17,0.0
scaled_real_delta_1,6,18,18,0.006765823345631361
scaled_real_delta_1,6,19,19,0.005524271633476019
scaled_real_delta_1,6,20,20,0.0
scaled_real_delta_1,6,21,21,0.009568319655954838
scaled_real_delta_1,6,22,22,0.005524271633476019
scaled_real_delta_1,6,23,23,0.0
scaled_real_delta_1,6,24,24,0.005524271633476019
scaled_real_delta_1,6,25,25,0.0078125
scaled_real_delta_1,6,26,26,0.0
scaled_real_delta_1,6,27,27,0.0078125
scaled_real_delta_1,6,28,28,0.0
scaled_real_delta_1,6,29,29,0.00390625
scaled_real_delta_1,6,30,30,0.0
scaled_real_delta_1,6,31,31,0.0078125
scaled_real_delta_1,7,0,0,0.0027621358167380095
scaled_real_delta_1,7,1,1,1.714587926864624
scaled_real_delta_1,7,2,2,0.0
scaled_real_delta_1,7,3,3,0.00390625
scaled_real_delta_1,7,4,4,0.005524271633476019
scaled_real_delta_1,7,5,5,1.1714061498641968
scaled_real_delta_1,7,6,6,0.605588436126709
scaled_real_delta_1,7,7,7,0.3155309557914734
scaled_real_delta_1,7,8,8,0.7440970540046692
scaled_real_delta_1,7,9,9,0.00390625
scaled_real_delta_1,7,10,10,1.5511821508407593
scaled_real_delta_1,7,11,11,0.001953125
scaled_real_delta_1,7,12,12,1.4993844032287598
scaled_real_delta_1,7,13,13,0.0027621358167380095
scaled_real_delta_1,7,14,14,0.6064696907997131
scaled_real_delta_1,7,15,15,0.0
scaled_real_delta_1,7,16,16,5.6010026931762695
scaled_real_delta_1,7,17,17,1.5176271200180054
scaled_real_delta_1,7,18,18,0.00390625
scaled_real_delta_1,7,19,19,0.004784159827977419
scaled_real_delta_1,7,20,20,0.5446032881736755
scaled_real_delta_1,7,21,21,0.0
scaled_real_delta_1,7,22,22,0.00390625
scaled_real_delta_1,7,23,23,0.006176323629915714
scaled_real_delta_1,7,24,24,0.0
scaled_real_delta_1,7,25,25,0.006765823345631361
scaled_real_delta_1,7,26,26,1.4408106803894043
scaled_real_delta_1,7,27,27,0.8894463777542114
scaled_real_delta_1,7,28,28,2.0870325565338135
scaled_real_delta_1,7,29,29,0.00390625
scaled_real_delta_1,7,30,30,0.006765823345631361
scaled_real_delta_1,7,31,31,0.00390625
scaled_real_delta_2,0,0,0,1.6713730096817017
scaled_real_delta_2,0,1,1,1.9162057638168335
scaled_real_delta_2,0,2,2,1.1736445426940918
scaled_real_delta_2,0,3,3,0.012352647259831429
scaled_real_delta_2,0,4,4,2.015087366104126
scaled_real_delta_2,0,5,5,0.005524271633476019
scaled_real_delta_2,0,6,6,0.7883273363113403
scaled_real_delta_2,0,7,7,1.3652888536453247
scaled_real_delta_2,0,8,8,0.0078125
scaled_real_delta_2,0,9,9,0.0078125
scaled_real_delta_2,0,10,10,1.4143970012664795
scaled_real_delta_2,0,11,11,0.0078125
scaled_real_delta_2,0,12,12,0.005524271633476019
scaled_real_delta_2,0,13,13,0.9088560342788696
scaled_real_delta_2,0,14,14,0.0078125
scaled_real_delta_2,0,15,15,0.005524271633476019
scaled_real_delta_2,0,16,16,0.7412411570549011
scaled_real_delta_2,0,17,17,2.228466749191284
scaled_real_delta_2,0,18,18,0.9410252571105957
scaled_real_delta_2,0,19,19,0.657666802406311
scaled_real_delta_2,0,20,20,1.0150388479232788
scaled_real_delta_2,0,21,21,1.5501857995986938
scaled_real_delta_2,0,22,22,0.0078125
scaled_real_delta_2,0,23,23,0.6375210881233215
scaled_real_delta_2,0,24,24,1.15152907371521
scaled_real_delta_2,0,25,25,0.0078125
scaled_real_delta_2,0,26,26,0.0078125
scaled_real_delta_2,0,27,27,0.7522143125534058
scaled_real_delta_2,0,28,28,0.0
scaled_real_delta_2,0,29,29,1.1649534702301025
scaled_real_delta_2,0,30,30,1.5309311151504517
scaled_real_delta_2,0,31,31,3.5741140842437744
scaled_real_delta_2,1,0,0,0.006765823345631361
scaled_real_delta_2,1,1,1,0.0
scaled_real_delta_2,1,2,2,0.0078125
scaled_real_delta_2,1,3,3,0.0078125
scaled_real_delta_2,1,4,4,0.0078125
scaled_real_delta_2,1,5,5,0.005524271633476019
scaled_real_delta_2,1,6,6,0.0078125
scaled_real_delta_2,1,7,7,0.00390625
scaled_real_delta_2,1,8,8,0.005524271633476019
scaled_real_delta_2,1,9,9,0.005524271633476019
scaled_real_delta_2,1,10,10,0.006765823345631361
scaled_real_delta_2,1,11,11,0.008734640665352345
scaled_real_delta_2,1,12,12,0.00390625
scaled_real_delta_2,1,13,13,0.005524271633476019
scaled_real_delta_2,1,14,14,0.006765823345631361
scaled_real_delta_2,1,15,15,0.0078125
scaled_real_delta_2,1,16,16,0.005524271633476019
scaled_real_delta_2,1,17,17,0.0078125
scaled_real_delta_2,1,18,18,0.005524271633476019
scaled_real_delta_2,1,19,19,0.0078125
scaled_real_delta_2,1,20,20,0.0078125
scaled_real_delta_2,1,21,21,0.005524271633476019
scaled_real_delta_2,1,22,22,0.009568319655954838
scaled_real_delta_2,1,23,23,0.006765823345631361
scaled_real_delta_2,1,24,24,0.005524271633476019
scaled_real_delta_2,1,25,25,0.00390625
scaled_real_delta_2,1,26,26,0.006765823345631361
scaled_real_delta_2,1,27,27,0.005524271633476019
scaled_real_delta_2,1,28,28,0.005524271633476019
scaled_real_delta_2,1,29,29,0.005524271633476019
scaled_real_delta_2,1,30,30,0.0078125
scaled_real_delta_2,1,31,31,0.006765823345631361
scaled_real_delta_2,2,0,0,0.0
scaled_real_delta_2,2,1,1,0.005524271633476019
scaled_real_delta_2,2,2,2,0.012352647259831429
scaled_real_delta_2,2,3,3,0.011048543266952038
scaled_real_delta_2,2,4,4,0.0
scaled_real_delta_2,2,5,5,0.0
scaled_real_delta_2,2,6,6,0.005524271633476019
scaled_real_delta_2,2,7,7,0.00390625
scaled_real_delta_2,2,8,8,0.00390625
scaled_real_delta_2,2,9,9,0.00390625
scaled_real_delta_2,2,10,10,0.0
scaled_real_delta_2,2,11,11,0.00390625
scaled_real_delta_2,2,12,12,0.005524271633476019
scaled_real_delta_2,2,13,13,0.005524271633476019
scaled_real_delta_2,2,14,14,0.009568319655954838
scaled_real_delta_2,2,15,15,0.006765823345631361
scaled_real_delta_2,2,16,16,0.0
scaled_real_delta_2,2,17,17,0.005524271633476019
scaled_real_delta_2,2,18,18,0.0
scaled_real_delta_2,2,19,19,0.008286407217383385
scaled_real_delta_2,2,20,20,0.0
scaled_real_delta_2,2,21,21,0.005524271633476019
scaled_real_delta_2,2,22,22,0.005524271633476019
scaled_real_delta_2,2,23,23,0.009568319655954838
scaled_real_delta_2,2,24,24,0.008734640665352345
scaled_real_delta_2,2,25,25,0.005524271633476019
scaled_real_delta_2,2,26,26,0.0
scaled_real_delta_2,2,27,27,0.0
scaled_real_delta_2,2,28,28,0.006765823345631361
scaled_real_delta_2,2,29,29,0.00390625
scaled_real_delta_2,2,30,30,0.004784159827977419
scaled_real_delta_2,2,31,31,0.005524271633476019
scaled_real_delta_2,3,0,0,1.9449712038040161
scaled_real_delta_2,3,1,1,0.5746105909347534
scaled_real_delta_2,3,2,2,0.0027621358167380095
scaled_real_delta_2,3,3,3,0.0027621358167380095
scaled_real_delta_2,3,4,4,0.006765823345631361
scaled_real_delta_2,3,5,5,0.00390625
scaled_real_delta_2,3,6,6,0.00390625
scaled_real_delta_2,3,7,7,0.00390625
scaled_real_delta_2,3,8,8,0.00390625
scaled_real_delta_2,3,9,9,0.6511731743812561
scaled_real_delta_2,3,10,10,1.5809072256088257
scaled_real_delta_2,3,11,11,0.5345357656478882
scaled_real_delta_2,3,12,12,0.004784159827977419
scaled_real_delta_2,3,13,13,0.9910950064659119
scaled_real_delta_2,3,14,14,0.4524172842502594
scaled_real_delta_2,3,15,15,0.5036109089851379
scaled_real_delta_2,3,16,16,0.0
scaled_real_delta_2,3,17,17,0.00390625
scaled_real_delta_2,3,18,18,0.5659480690956116
scaled_real_delta_2,3,19,19,0.0027621358167380095
scaled_real_delta_2,3,20,20,0.0
scaled_real_delta_2,3,21,21,0.006176323629915714
scaled_real_delta_2,3,22,22,0.00390625
scaled_real_delta_2,3,23,23,0.695838987827301
scaled_real_delta_2,3,24,24,0.0
scaled_real_delta_2,3,25,25,0.0
scaled_real_delta_2,3,26,26,0.8793097734451294
scaled_real_delta_2,3,27,27,0.00390625
scaled_real_delta_2,3,28,28,0.0027621358167380095
scaled_real_delta_2,3,29,29,0.0027621358167380095
scaled_real_delta_2,3,30,30,0.0
scaled_real_delta_2,3,31,31,0.44550949335098267
scaled_real_delta_2,4,0,0,0.005524271633476019
scaled_real_delta_2,4,1,1,0.0027621358167380095
scaled_real_delta_2,4,2,2,0.004784159827977419
scaled_real_delta_2,4,3,3,0.00390625
scaled_real_delta_2,4,4,4,0.0
scaled_real_delta_2,4,5,5,0.0
scaled_real_delta_2,4,6,6,0.005524271633476019
scaled_real_delta_2,4,7,7,0.00390625
scaled_real_delta_2,4,8,8,0.0027621358167380095
scaled_real_delta_2,4,9,9,0.0
scaled_real_delta_2,4,10,10,0.0027621358167380095
scaled_real_delta_2,4,11,11,0.0
scaled_real_delta_2,4,12,12,0.004784159827977419
scaled_real_delta_2,4,13,13,0.0027621358167380095
scaled_real_delta_2,4,14,14,0.00390625
scaled_real_delta_2,4,15,15,0.004784159827977419
scaled_real_delta_2,4,16,16,0.005524271633476019
scaled_real_delta_2,4,17,17,0.00390625
scaled_real_delta_2,4,18,18,0.004784159827977419
scaled_real_delta_2,4,19,19,0.0027621358167380095
scaled_real_delta_2,4,20,20,0.00390625
scaled_real_delta_2,4,21,21,0.0
scaled_real_delta_2,4,22,22,0.00390625
scaled_real_delta_2,4,23,23,0.006765823345631361
scaled_real_delta_2,4,24,24,0.0
scaled_real_delta_2,4,25,25,0.00390625
scaled_real_delta_2,4,26,26,0.0078125
scaled_real_delta_2,4,27,27,0.0027621358167380095
scaled_real_delta_2,4,28,28,0.0
scaled_real_delta_2,4,29,29,0.00390625
scaled_real_delta_2,4,30,30,0.00390625
scaled_real_delta_2,4,31,31,0.0
scaled_real_delta_2,5,0,0,0.006765823345631361
scaled_real_delta_2,5,1,1,0.0
scaled_real_delta_2,5,2,2,0.005524271633476019
scaled_real_delta_2,5,3,3,0.006765823345631361
scaled_real_delta_2,5,4,4,0.00390625
scaled_real_delta_2,5,5,5,0.0078125
scaled_real_delta_2,5,6,6,3.6724462509155273
scaled_real_delta_2,5,7,7,0.7179003357887268
scaled_real_delta_2,5,8,8,0.0078125
scaled_real_delta_2,5,9,9,0.005524271633476019
scaled_real_delta_2,5,10,10,0.00390625
scaled_real_delta_2,5,11,11,0.006765823345631361
scaled_real_delta_2,5,12,12,0.006765823345631361
scaled_real_delta_2,5,13,13,0.6532787084579468
scaled_real_delta_2,5,14,14,0.0
scaled_real_delta_2,5,15,15,0.005524271633476019
scaled_real_delta_2,5,16,16,0.00390625
scaled_real_delta_2,5,17,17,0.6508684754371643
scaled_real_delta_2,5,18,18,0.005524271633476019
scaled_real_delta_2,5,19,19,0.0078125
scaled_real_delta_2,5,20,20,0.0078125
scaled_real_delta_2,5,21,21,0.008734640665352345
scaled_real_delta_2,5,22,22,0.006765823345631361
scaled_real_delta_2,5,23,23,0.0027621358167380095
scaled_real_delta_2,5,24,24,0.00390625
scaled_real_delta_2,5,25,25,0.005524271633476019
scaled_real_delta_2,5,26,26,0.004784159827977419
scaled_real_delta_2,5,27,27,0.005524271633476019
scaled_real_delta_2,5,28,28,0.004784159827977419
scaled_real_delta_2,5,29,29,0.0
scaled_real_delta_2,5,30,30,0.0027621358167380095
scaled_real_delta_2,5,31,31,0.005524271633476019
scaled_real_delta_2,6,0,0,0.005524271633476019
scaled_real_delta_2,6,1,1,0.005524271633476019
scaled_real_delta_2,6,2,2,0.009568319655954838
scaled_real_delta_2,6,3,3,0.0
scaled_real_delta_2,6,4,4,0.0078125
scaled_real_delta_2,6,5,5,0.011048543266952038
scaled_real_delta_2,6,6,6,0.0
scaled_real_delta_2,6,7,7,0.0
scaled_real_delta_2,6,8,8,0.0078125
scaled_real_delta_2,6,9,9,0.005524271633476019
scaled_real_delta_2,6,10,10,0.005524271633476019
scaled_real_delta_2,6,11,11,0.005524271633476019
scaled_real_delta_2,6,12,12,0.0
scaled_real_delta_2,6,13,13,0.009568319655954838
scaled_real_delta_2,6,14,14,0.0
scaled_real_delta_2,6,15,15,0.0078125
scaled_real_delta_2,6,16,16,0.005524271633476019
scaled_real_delta_2,6,17,17,0.0
scaled_real_delta_2,6,18,18,0.005524271633476019
scaled_real_delta_2,6,19,19,0.0
scaled_real_delta_2,6,20,20,0.0
scaled_real_delta_2,6,21,21,0.015625
scaled_real_delta_2,6,22,22,0.0
scaled_real_delta_2,6,23,23,0.005524271633476019
scaled_real_delta_2,6,24,24,0.009568319655954838
scaled_real_delta_2,6,25,25,0.0078125
scaled_real_delta_2,6,26,26,0.0
scaled_real_delta_2,6,27,27,0.009568319655954838
scaled_real_delta_2,6,28,28,0.005524271633476019
scaled_real_delta_2,6,29,29,0.0078125
scaled_real_delta_2,6,30,30,0.0
scaled_real_delta_2,6,31,31,0.0078125
scaled_real_delta_2,7,0,0,0.4556184709072113
scaled_real_delta_2,7,1,1,2.54498553276062
scaled_real_delta_2,7,2,2,0.00390625
scaled_real_delta_2,7,3,3,0.005524271633476019
scaled_real_delta_2,7,4,4,0.005524271633476019
scaled_real_delta_2,7,5,5,2.481849431991577
scaled_real_delta_2,7,6,6,0.6230315566062927
scaled_real_delta_2,7,7,7,0.3157062232494354
scaled_real_delta_2,7,8,8,1.5577760934829712
scaled_real_delta_2,7,9,9,0.00390625
scaled_real_delta_2,7,10,10,0.9186666011810303
scaled_real_delta_2,7,11,11,0.0
scaled_real_delta_2,7,12,12,1.1615660190582275
scaled_real_delta_2,7,13,13,0.00390625
scaled_real_delta_2,7,14,14,0.6063753366470337
scaled_real_delta_2,7,15,15,1.4255671501159668
scaled_real_delta_2,7,16,16,2.4327878952026367
scaled_real_delta_2,7,17,17,1.7454272508621216
scaled_real_delta_2,7,18,18,2.4679911136627197
scaled_real_delta_2,7,19,19,0.0
scaled_real_delta_2,7,20,20,0.00390625
scaled_real_delta_2,7,21,21,0.00390625
scaled_real_delta_2,7,22,22,1.4169487953186035
scaled_real_delta_2,7,23,23,0.005524271633476019
scaled_real_delta_2,7,24,24,1.2038096189498901
scaled_real_delta_2,7,25,25,0.0078125
scaled_real_delta_2,7,26,26,1.6496520042419434
scaled_real_delta_2,7,27,27,1.1768287420272827
scaled_real_delta_2,7,28,28,2.0868186950683594
scaled_real_delta_2,7,29,29,0.005524271633476019
scaled_real_delta_2,7,30,30,0.0078125
scaled_real_delta_2,7,31,31,0.006765823345631361
scaled_real_delta_4,0,0,0,1.879872441291809
scaled_real_delta_4,0,1,1,2.019451856613159
scaled_real_delta_4,0,2,2,1.1734884977340698
scaled_real_delta_4,0,3,3,1.7382856607437134
scaled_real_delta_4,0,4,4,2.015360116958618
scaled_real_delta_4,0,5,5,0.012352647259831429
scaled_real_delta_4,0,6,6,0.7892751693725586
scaled_real_delta_4,0,7,7,1.3650988340377808
scaled_real_delta_4,0,8,8,0.009568319655954838
scaled_real_delta_4,0,9,9,0.013531646691262722
scaled_real_delta_4,0,10,10,1.4144185781478882
scaled_real_delta_4,0,11,11,0.012352647259831429
scaled_real_delta_4,0,12,12,0.0078125
scaled_real_delta_4,0,13,13,0.9084194302558899
scaled_real_delta_4,0,14,14,0.013531646691262722
scaled_real_delta_4,0,15,15,1.0059788227081299
scaled_real_delta_4,0,16,16,0.7416115999221802
scaled_real_delta_4,0,17,17,2.8380351066589355
scaled_real_delta_4,0,18,18,0.9565767645835876
scaled_real_delta_4,0,19,19,0.6580843329429626
scaled_real_delta_4,0,20,20,1.6314101219177246
scaled_real_delta_4,0,21,21,1.5507763624191284
scaled_real_delta_4,0,22,22,0.011048543266952038
scaled_real_delta_4,0,23,23,0.7073009610176086
scaled_real_delta_4,0,24,24,1.3216062784194946
scaled_real_delta_4,0,25,25,0.009568319655954838
scaled_real_delta_4,0,26,26,0.009568319655954838
scaled_real_delta_4,0,27,27,1.0535728931427002
scaled_real_delta_4,0,28,28,0.005524271633476019
scaled_real_delta_4,0,29,29,1.1645212173461914
scaled_real_delta_4,0,30,30,1.5315190553665161
scaled_real_delta_4,0,31,31,3.5747759342193604
scaled_real_delta_4,1,0,0,0.008734640665352345
scaled_real_delta_4,1,1,1,0.00390625
scaled_real_delta_4,1,2,2,0.009568319655954838
scaled_real_delta_4,1,3,3,0.008734640665352345
scaled_real_delta_4,1,4,4,0.010334965772926807
scaled_real_delta_4,1,5,5,0.006765823345631361
scaled_real_delta_4,1,6,6,0.01461584959179163
scaled_real_delta_4,1,7,7,0.009568319655954838
scaled_real_delta_4,1,8,8,0.006765823345631361
scaled_real_delta_4,1,9,9,0.009568319655954838
scaled_real_delta_4,1,10,10,0.0078125
scaled_real_delta_4,1,11,11,0.013531646691262722
scaled_real_delta_4,1,12,12,0.011048543266952038
scaled_real_delta_4,1,13,13,0.011048543266952038
scaled_real_delta_4,1,14,14,0.005524271633476019
scaled_real_delta_4,1,15,15,0.0078125
scaled_real_delta_4,1,16,16,0.0078125
scaled_real_delta_4,1,17,17,0.005524271633476019
scaled_real_delta_4,1,18,18,0.012352647259831429
scaled_real_delta_4,1,19,19,0.008734640665352345
scaled_real_delta_4,1,20,20,0.02139541320502758
scaled_real_delta_4,1,21,21,0.010334965772926807
scaled_real_delta_4,1,22,22,0.01953125
scaled_real_delta_4,1,23,23,0.012955565936863422
scaled_real_delta_4,1,24,24,0.0078125
scaled_real_delta_4,1,25,25,0.006765823345631361
scaled_real_delta_4,1,26,26,0.005524271633476019
scaled_real_delta_4,1,27,27,0.005524271633476019
scaled_real_delta_4,1,28,28,0.0078125
scaled_real_delta_4,1,29,29,0.011048543266952038
scaled_real_delta_4,1,30,30,0.011048543266952038
scaled_real_delta_4,1,31,31,0.005524271633476019
scaled_real_delta_4,2,0,0,0.6837834715843201
scaled_real_delta_4,2,1,1,0.009568319655954838
scaled_real_delta_4,2,2,2,0.018733717501163483
scaled_real_delta_4,2,3,3,1.3710325956344604
scaled_real_delta_4,2,4,4,0.005524271633476019
scaled_real_delta_4,2,5,5,0.005524271633476019
scaled_real_delta_4,2,6,6,0.011048543266952038
scaled_real_delta_4,2,7,7,0.009568319655954838
scaled_real_delta_4,2,8,8,0.007307924795895815
scaled_real_delta_4,2,9,9,0.01171875
scaled_real_delta_4,2,10,10,0.0078125
scaled_real_delta_4,2,11,11,0.015128841623663902
scaled_real_delta_4,2,12,12,1.2685993909835815
scaled_real_delta_4,2,13,13,0.006765823345631361
scaled_real_delta_4,2,14,14,2.227747678756714
scaled_real_delta_4,2,15,15,1.4616997241973877
scaled_real_delta_4,2,16,16,0.0078125
scaled_real_delta_4,2,17,17,0.006765823345631361
scaled_real_delta_4,2,18,18,0.0
scaled_real_delta_4,2,19,19,0.01069770660251379
scaled_real_delta_4,2,20,20,0.00390625
scaled_real_delta_4,2,21,21,0.009568319655954838
scaled_real_delta_4,2,22,22,0.009959022514522076
scaled_real_delta_4,2,23,23,0.018321936950087547
scaled_real_delta_4,2,24,24,0.008734640665352345
scaled_real_delta_4,2,25,25,0.010334965772926807
scaled_real_delta_4,2,26,26,0.008734640665352345
scaled_real_delta_4,2,27,27,2.908540964126587
scaled_real_delta_4,2,28,28,0.006765823345631361
scaled_real_delta_4,2,29,29,0.009160968475043774
scaled_real_delta_4,2,30,30,0.008286407217383385
scaled_real_delta_4,2,31,31,0.0078125
scaled_real_delta_4,3,0,0,1.9446653127670288
scaled_real_delta_4,3,1,1,0.574962317943573
scaled_real_delta_4,3,2,2,0.007307924795895815
scaled_real_delta_4,3,3,3,0.7692932486534119
scaled_real_delta_4,3,4,4,0.4854606091976166
scaled_real_delta_4,3,5,5,0.0078125
scaled_real_delta_4,3,6,6,0.336969256401062
scaled_real_delta_4,3,7,7,0.006765823345631361
scaled_real_delta_4,3,8,8,0.006765823345631361
scaled_real_delta_4,3,9,9,1.4588888883590698
scaled_real_delta_4,3,10,10,1.4097341299057007
scaled_real_delta_4,3,11,11,1.6969003677368164
scaled_real_delta_4,3,12,12,0.006176323629915714
scaled_real_delta_4,3,13,13,1.126650094985962
scaled_real_delta_4,3,14,14,0.7373868227005005
scaled_real_delta_4,3,15,15,1.9957287311553955
scaled_real_delta_4,3,16,16,1.523547649383545
scaled_real_delta_4,3,17,17,1.5379194021224976
scaled_real_delta_4,3,18,18,0.7911819815635681
scaled_real_delta_4,3,19,19,0.6209094524383545
scaled_real_delta_4,3,20,20,0.006176323629915714
scaled_real_delta_4,3,21,21,1.1069377660751343
scaled_real_delta_4,3,22,22,0.007307924795895815
scaled_real_delta_4,3,23,23,0.6840344667434692
scaled_real_delta_4,3,24,24,0.4794434607028961
scaled_real_delta_4,3,25,25,0.00390625
scaled_real_delta_4,3,26,26,0.008734640665352345
scaled_real_delta_4,3,27,27,0.7381469011306763
scaled_real_delta_4,3,28,28,0.6356454491615295
scaled_real_delta_4,3,29,29,0.45532533526420593
scaled_real_delta_4,3,30,30,0.0
scaled_real_delta_4,3,31,31,0.6775795817375183
scaled_real_delta_4,4,0,0,0.008734640665352345
scaled_real_delta_4,4,1,1,0.007307924795895815
scaled_real_delta_4,4,2,2,0.004784159827977419
scaled_real_delta_4,4,3,3,0.0078125
scaled_real_delta_4,4,4,4,0.00390625
scaled_real_delta_4,4,5,5,0.00390625
scaled_real_delta_4,4,6,6,0.007307924795895815
scaled_real_delta_4,4,7,7,0.005524271633476019
scaled_real_delta_4,4,8,8,0.005524271633476019
scaled_real_delta_4,4,9,9,0.0
scaled_real_delta_4,4,10,10,0.006765823345631361
scaled_real_delta_4,4,11,11,0.00390625
scaled_real_delta_4,4,12,12,0.00390625
scaled_real_delta_4,4,13,13,0.0
scaled_real_delta_4,4,14,14,0.00390625
scaled_real_delta_4,4,15,15,0.005524271633476019
scaled_real_delta_4,4,16,16,0.009568319655954838
scaled_real_delta_4,4,17,17,0.005524271633476019
scaled_real_delta_4,4,18,18,0.005524271633476019
scaled_real_delta_4,4,19,19,0.00390625
scaled_real_delta_4,4,20,20,0.004784159827977419
scaled_real_delta_4,4,21,21,0.006176323629915714
scaled_real_delta_4,4,22,22,0.006176323629915714
scaled_real_delta_4,4,23,23,0.007307924795895815
scaled_real_delta_4,4,24,24,0.008734640665352345
scaled_real_delta_4,4,25,25,0.005524271633476019
scaled_real_delta_4,4,26,26,0.008734640665352345
scaled_real_delta_4,4,27,27,0.004784159827977419
scaled_real_delta_4,4,28,28,0.004784159827977419
scaled_real_delta_4,4,29,29,0.005524271633476019
scaled_real_delta_4,4,30,30,0.008734640665352345
scaled_real_delta_4,4,31,31,0.009568319655954838
scaled_real_delta_4,5,0,0,0.0078125
scaled_real_delta_4,5,1,1,0.005524271633476019
scaled_real_delta_4,5,2,2,0.005524271633476019
scaled_real_delta_4,5,3,3,0.005524271633476019
scaled_real_delta_4,5,4,4,0.005524271633476019
scaled_real_delta_4,5,5,5,0.00390625
scaled_real_delta_4,5,6,6,3.6724672317504883
scaled_real_delta_4,5,7,7,0.7181553244590759
scaled_real_delta_4,5,8,8,0.010334965772926807
scaled_real_delta_4,5,9,9,0.008734640665352345
scaled_real_delta_4,5,10,10,0.006765823345631361
scaled_real_delta_4,5,11,11,0.005524271633476019
scaled_real_delta_4,5,12,12,0.006765823345631361
scaled_real_delta_4,5,13,13,0.6531385779380798
scaled_real_delta_4,5,14,14,0.005524271633476019
scaled_real_delta_4,5,15,15,0.006765823345631361
scaled_real_delta_4,5,16,16,0.005524271633476019
scaled_real_delta_4,5,17,17,0.6511145830154419
scaled_real_delta_4,5,18,18,0.00390625
scaled_real_delta_4,5,19,19,0.011048543266952038
scaled_real_delta_4,5,20,20,0.008734640665352345
scaled_real_delta_4,5,21,21,0.0078125
scaled_real_delta_4,5,22,22,0.006765823345631361
scaled_real_delta_4,5,23,23,0.004784159827977419
scaled_real_delta_4,5,24,24,0.005524271633476019
scaled_real_delta_4,5,25,25,0.005524271633476019
scaled_real_delta_4,5,26,26,0.005524271633476019
scaled_real_delta_4,5,27,27,0.008734640665352345
scaled_real_delta_4,5,28,28,0.006176323629915714
scaled_real_delta_4,5,29,29,0.005524271633476019
scaled_real_delta_4,5,30,30,0.005524271633476019
scaled_real_delta_4,5,31,31,0.013531646691262722
scaled_real_delta_4,6,0,0,0.009568319655954838
scaled_real_delta_4,6,1,1,0.005524271633476019
scaled_real_delta_4,6,2,2,0.01991804502904415
scaled_real_delta_4,6,3,3,0.004784159827977419
scaled_real_delta_4,6,4,4,0.009568319655954838
scaled_real_delta_4,6,5,5,0.01461584959179163
scaled_real_delta_4,6,6,6,0.0
scaled_real_delta_4,6,7,7,0.00390625
scaled_real_delta_4,6,8,8,0.013531646691262722
scaled_real_delta_4,6,9,9,0.012352647259831429
scaled_real_delta_4,6,10,10,0.005524271633476019
scaled_real_delta_4,6,11,11,0.011048543266952038
scaled_real_delta_4,6,12,12,0.0078125
scaled_real_delta_4,6,13,13,0.013531646691262722
scaled_real_delta_4,6,14,14,0.012352647259831429
scaled_real_delta_4,6,15,15,0.011048543266952038
scaled_real_delta_4,6,16,16,0.009568319655954838
scaled_real_delta_4,6,17,17,0.0
scaled_real_delta_4,6,18,18,0.006765823345631361
scaled_real_delta_4,6,19,19,0.015625
scaled_real_delta_4,6,20,20,0.0
scaled_real_delta_4,6,21,21,0.024079741910099983
scaled_real_delta_4,6,22,22,0.01461584959179163
scaled_real_delta_4,6,23,23,0.011048543266952038
scaled_real_delta_4,6,24,24,0.0078125
scaled_real_delta_4,6,25,25,0.01461584959179163
scaled_real_delta_4,6,26,26,0.0
scaled_real_delta_4,6,27,27,0.013531646691262722
scaled_real_delta_4,6,28,28,0.00390625
scaled_real_delta_4,6,29,29,0.005524271633476019
scaled_real_delta_4,6,30,30,0.0
scaled_real_delta_4,6,31,31,0.013531646691262722
scaled_real_delta_4,7,0,0,0.455258309841156
scaled_real_delta_4,7,1,1,1.2161462306976318
scaled_real_delta_4,7,2,2,1.5104464292526245
scaled_real_delta_4,7,3,3,0.011048543266952038
scaled_real_delta_4,7,4,4,0.017026949673891068
scaled_real_delta_4,7,5,5,2.176149368286133
scaled_real_delta_4,7,6,6,1.3570775985717773
scaled_real_delta_4,7,7,7,0.4618552029132843
scaled_real_delta_4,7,8,8,1.9516674280166626
scaled_real_delta_4,7,9,9,0.005524271633476019
scaled_real_delta_4,7,10,10,1.840040683746338
scaled_real_delta_4,7,11,11,0.8808572292327881
scaled_real_delta_4,7,12,12,1.6952742338180542
scaled_real_delta_4,7,13,13,0.27698591351509094
scaled_real_delta_4,7,14,14,2.2267885208129883
scaled_real_delta_4,7,15,15,0.008734640665352345
scaled_real_delta_4,7,16,16,6.01578426361084
scaled_real_delta_4,7,17,17,1.745143175125122
scaled_real_delta_4,7,18,18,2.2352967262268066
scaled_real_delta_4,7,19,19,0.00390625
scaled_real_delta_4,7,20,20,3.156116485595703
scaled_real_delta_4,7,21,21,0.8285394906997681
scaled_real_delta_4,7,22,22,1.417296051979065
scaled_real_delta_4,7,23,23,0.009568319655954838
scaled_real_delta_4,7,24,24,2.0320310592651367
scaled_real_delta_4,7,25,25,0.0078125
scaled_real_delta_4,7,26,26,0.8407289981842041
scaled_real_delta_4,7,27,27,1.1780275106430054
scaled_real_delta_4,7,28,28,1.305254578590393
scaled_real_delta_4,7,29,29,0.009568319655954838
scaled_real_delta_4,7,30,30,0.011048543266952038
scaled_real_delta_4,7,31,31,1.260926365852356
