backend,decode_position,k_assignment_tokens_match,k_centroid_count_match,k_centroid_max_abs_error,k_centroid_relative_l2,k_centroid_shape_legacy,k_centroid_shape_segmented,k_centroid_update_count_match,layer,legacy_cache_kind,legacy_k_assignment_tokens,legacy_k_centroid_count,legacy_k_centroid_update_count,legacy_packed_k_tokens,legacy_packed_v_tokens,legacy_pending_k_tokens,legacy_pending_v_tokens,legacy_recent_k_tokens,legacy_recent_v_tokens,legacy_sink_tokens,legacy_total_tokens,legacy_v_assignment_tokens,legacy_v_centroid_count,legacy_v_centroid_update_count,legacy_v_gate_tokens,packed_k_tokens_match,packed_v_tokens_match,pending_k_tokens_match,pending_v_tokens_match,recent_k_tokens_match,recent_v_tokens_match,segmented_cache_kind,segmented_k_assignment_tokens,segmented_k_centroid_count,segmented_k_centroid_update_count,segmented_packed_k_tokens,segmented_packed_v_tokens,segmented_pending_k_tokens,segmented_pending_v_tokens,segmented_recent_k_tokens,segmented_recent_v_tokens,segmented_sink_tokens,segmented_total_tokens,segmented_v_assignment_tokens,segmented_v_centroid_count,segmented_v_centroid_update_count,segmented_v_gate_tokens,sink_tokens_match,task_key,total_tokens_match,v_assignment_tokens_match,v_centroid_count_match,v_centroid_max_abs_error,v_centroid_relative_l2,v_centroid_shape_legacy,v_centroid_shape_segmented,v_centroid_update_count_match,v_gate_tokens_match
production,128,False,False,0.0,0.0,"[8, 33, 128]","[8, 32, 128]",False,0,legacy,128,33,1,128,128,0,0,64,64,0,192,128,33,1,128,False,False,False,False,False,False,segmented,0,32,0,0,0,64,64,128,128,0,192,0,32,0,0,True,aime24:p12:s0:seed12042,True,False,False,0.0,0.0,"[8, 33, 128]","[8, 32, 128]",False,False
production,128,False,False,0.0,0.0,"[8, 33, 128]","[8, 32, 128]",False,1,legacy,128,33,1,128,128,0,0,64,64,0,192,128,33,1,128,False,False,False,False,False,False,segmented,0,32,0,0,0,64,64,128,128,0,192,0,32,0,0,True,aime24:p12:s0:seed12042,True,False,False,0.0,0.0,"[8, 33, 128]","[8, 32, 128]",False,False
production,128,False,False,0.0,0.0,"[8, 33, 128]","[8, 32, 128]",False,2,legacy,128,33,1,128,128,0,0,64,64,0,192,128,33,1,128,False,False,False,False,False,False,segmented,0,32,0,0,0,64,64,128,128,0,192,0,32,0,0,True,aime24:p12:s0:seed12042,True,False,False,0.0,0.0,"[8, 33, 128]","[8, 32, 128]",False,False
production,128,False,False,0.0,0.0,"[8, 33, 128]","[8, 32, 128]",False,3,legacy,128,33,1,128,128,0,0,64,64,0,192,128,33,1,128,False,False,False,False,False,False,segmented,0,32,0,0,0,64,64,128,128,0,192,0,32,0,0,True,aime24:p12:s0:seed12042,True,False,False,0.0,0.0,"[8, 33, 128]","[8, 32, 128]",False,False
production,128,False,False,0.0,0.0,"[8, 33, 128]","[8, 32, 128]",False,4,legacy,128,33,1,128,128,0,0,64,64,0,192,128,33,1,128,False,False,False,False,False,False,segmented,0,32,0,0,0,64,64,128,128,0,192,0,32,0,0,True,aime24:p12:s0:seed12042,True,False,False,0.0,0.0,"[8, 33, 128]","[8, 32, 128]",False,False
production,128,False,False,0.0,0.0,"[8, 33, 128]","[8, 32, 128]",False,5,legacy,128,33,1,128,128,0,0,64,64,0,192,128,33,1,128,False,False,False,False,False,False,segmented,0,32,0,0,0,64,64,128,128,0,192,0,32,0,0,True,aime24:p12:s0:seed12042,True,False,False,0.0,0.0,"[8, 33, 128]","[8, 32, 128]",False,False
production,128,False,False,0.0,0.0,"[8, 33, 128]","[8, 32, 128]",False,6,legacy,128,33,1,128,128,0,0,64,64,0,192,128,33,1,128,False,False,False,False,False,False,segmented,0,32,0,0,0,64,64,128,128,0,192,0,32,0,0,True,aime24:p12:s0:seed12042,True,False,False,0.0,0.0,"[8, 33, 128]","[8, 32, 128]",False,False
production,128,False,False,0.0,0.0,"[8, 33, 128]","[8, 32, 128]",False,7,legacy,128,33,1,128,128,0,0,64,64,0,192,128,33,1,128,False,False,False,False,False,False,segmented,0,32,0,0,0,64,64,128,128,0,192,0,32,0,0,True,aime24:p12:s0:seed12042,True,False,False,0.0,0.0,"[8, 33, 128]","[8, 32, 128]",False,False
production,128,False,False,0.0,0.0,"[8, 33, 128]","[8, 32, 128]",False,8,legacy,128,33,1,128,128,0,0,64,64,0,192,128,33,1,128,False,False,False,False,False,False,segmented,0,32,0,0,0,64,64,128,128,0,192,0,32,0,0,True,aime24:p12:s0:seed12042,True,False,False,0.0,0.0,"[8, 33, 128]","[8, 32, 128]",False,False
production,128,False,False,0.0,0.0,"[8, 33, 128]","[8, 32, 128]",False,9,legacy,128,33,1,128,128,0,0,64,64,0,192,128,33,1,128,False,False,False,False,False,False,segmented,0,32,0,0,0,64,64,128,128,0,192,0,32,0,0,True,aime24:p12:s0:seed12042,True,False,False,0.0,0.0,"[8, 33, 128]","[8, 32, 128]",False,False
production,128,False,False,0.0,0.0,"[8, 33, 128]","[8, 32, 128]",False,10,legacy,128,33,1,128,128,0,0,64,64,0,192,128,33,1,128,False,False,False,False,False,False,segmented,0,32,0,0,0,64,64,128,128,0,192,0,32,0,0,True,aime24:p12:s0:seed12042,True,False,False,0.0,0.0,"[8, 33, 128]","[8, 32, 128]",False,False
production,128,False,False,0.0,0.0,"[8, 33, 128]","[8, 32, 128]",False,11,legacy,128,33,1,128,128,0,0,64,64,0,192,128,33,1,128,False,False,False,False,False,False,segmented,0,32,0,0,0,64,64,128,128,0,192,0,32,0,0,True,aime24:p12:s0:seed12042,True,False,False,0.0,0.0,"[8, 33, 128]","[8, 32, 128]",False,False
production,128,False,False,0.0,0.0,"[8, 33, 128]","[8, 32, 128]",False,12,legacy,128,33,1,128,128,0,0,64,64,0,192,128,33,1,128,False,False,False,False,False,False,segmented,0,32,0,0,0,64,64,128,128,0,192,0,32,0,0,True,aime24:p12:s0:seed12042,True,False,False,0.0,0.0,"[8, 33, 128]","[8, 32, 128]",False,False
production,128,False,False,0.0,0.0,"[8, 33, 128]","[8, 32, 128]",False,13,legacy,128,33,1,128,128,0,0,64,64,0,192,128,33,1,128,False,False,False,False,False,False,segmented,0,32,0,0,0,64,64,128,128,0,192,0,32,0,0,True,aime24:p12:s0:seed12042,True,False,False,0.0,0.0,"[8, 33, 128]","[8, 32, 128]",False,False
production,128,False,False,0.0,0.0,"[8, 33, 128]","[8, 32, 128]",False,14,legacy,128,33,1,128,128,0,0,64,64,0,192,128,33,1,128,False,False,False,False,False,False,segmented,0,32,0,0,0,64,64,128,128,0,192,0,32,0,0,True,aime24:p12:s0:seed12042,True,False,False,0.0,0.0,"[8, 33, 128]","[8, 32, 128]",False,False
production,128,False,False,0.0,0.0,"[8, 33, 128]","[8, 32, 128]",False,15,legacy,128,33,1,128,128,0,0,64,64,0,192,128,33,1,128,False,False,False,False,False,False,segmented,0,32,0,0,0,64,64,128,128,0,192,0,32,0,0,True,aime24:p12:s0:seed12042,True,False,False,0.0,0.0,"[8, 33, 128]","[8, 32, 128]",False,False
production,128,False,False,0.0,0.0,"[8, 33, 128]","[8, 32, 128]",False,16,legacy,128,33,1,128,128,0,0,64,64,0,192,128,33,1,128,False,False,False,False,False,False,segmented,0,32,0,0,0,64,64,128,128,0,192,0,32,0,0,True,aime24:p12:s0:seed12042,True,False,False,0.0,0.0,"[8, 33, 128]","[8, 32, 128]",False,False
production,128,False,False,0.0,0.0,"[8, 33, 128]","[8, 32, 128]",False,17,legacy,128,33,1,128,128,0,0,64,64,0,192,128,33,1,128,False,False,False,False,False,False,segmented,0,32,0,0,0,64,64,128,128,0,192,0,32,0,0,True,aime24:p12:s0:seed12042,True,False,False,0.0,0.0,"[8, 33, 128]","[8, 32, 128]",False,False
production,128,False,False,0.0,0.0,"[8, 33, 128]","[8, 32, 128]",False,18,legacy,128,33,1,128,128,0,0,64,64,0,192,128,33,1,128,False,False,False,False,False,False,segmented,0,32,0,0,0,64,64,128,128,0,192,0,32,0,0,True,aime24:p12:s0:seed12042,True,False,False,0.0,0.0,"[8, 33, 128]","[8, 32, 128]",False,False
production,128,False,False,0.0,0.0,"[8, 33, 128]","[8, 32, 128]",False,19,legacy,128,33,1,128,128,0,0,64,64,0,192,128,33,1,128,False,False,False,False,False,False,segmented,0,32,0,0,0,64,64,128,128,0,192,0,32,0,0,True,aime24:p12:s0:seed12042,True,False,False,0.0,0.0,"[8, 33, 128]","[8, 32, 128]",False,False
production,128,False,False,0.0,0.0,"[8, 33, 128]","[8, 32, 128]",False,20,legacy,128,33,1,128,128,0,0,64,64,0,192,128,33,1,128,False,False,False,False,False,False,segmented,0,32,0,0,0,64,64,128,128,0,192,0,32,0,0,True,aime24:p12:s0:seed12042,True,False,False,0.0,0.0,"[8, 33, 128]","[8, 32, 128]",False,False
production,128,False,False,0.0,0.0,"[8, 33, 128]","[8, 32, 128]",False,21,legacy,128,33,1,128,128,0,0,64,64,0,192,128,33,1,128,False,False,False,False,False,False,segmented,0,32,0,0,0,64,64,128,128,0,192,0,32,0,0,True,aime24:p12:s0:seed12042,True,False,False,0.0,0.0,"[8, 33, 128]","[8, 32, 128]",False,False
production,128,False,False,0.0,0.0,"[8, 33, 128]","[8, 32, 128]",False,22,legacy,128,33,1,128,128,0,0,64,64,0,192,128,33,1,128,False,False,False,False,False,False,segmented,0,32,0,0,0,64,64,128,128,0,192,0,32,0,0,True,aime24:p12:s0:seed12042,True,False,False,0.0,0.0,"[8, 33, 128]","[8, 32, 128]",False,False
production,128,False,False,0.0,0.0,"[8, 33, 128]","[8, 32, 128]",False,23,legacy,128,33,1,128,128,0,0,64,64,0,192,128,33,1,128,False,False,False,False,False,False,segmented,0,32,0,0,0,64,64,128,128,0,192,0,32,0,0,True,aime24:p12:s0:seed12042,True,False,False,0.0,0.0,"[8, 33, 128]","[8, 32, 128]",False,False
production,128,False,False,0.0,0.0,"[8, 33, 128]","[8, 32, 128]",False,24,legacy,128,33,1,128,128,0,0,64,64,0,192,128,33,1,128,False,False,False,False,False,False,segmented,0,32,0,0,0,64,64,128,128,0,192,0,32,0,0,True,aime24:p12:s0:seed12042,True,False,False,0.0,0.0,"[8, 33, 128]","[8, 32, 128]",False,False
production,128,False,False,0.0,0.0,"[8, 33, 128]","[8, 32, 128]",False,25,legacy,128,33,1,128,128,0,0,64,64,0,192,128,33,1,128,False,False,False,False,False,False,segmented,0,32,0,0,0,64,64,128,128,0,192,0,32,0,0,True,aime24:p12:s0:seed12042,True,False,False,0.0,0.0,"[8, 33, 128]","[8, 32, 128]",False,False
production,128,False,False,0.0,0.0,"[8, 33, 128]","[8, 32, 128]",False,26,legacy,128,33,1,128,128,0,0,64,64,0,192,128,33,1,128,False,False,False,False,False,False,segmented,0,32,0,0,0,64,64,128,128,0,192,0,32,0,0,True,aime24:p12:s0:seed12042,True,False,False,0.0,0.0,"[8, 33, 128]","[8, 32, 128]",False,False
production,128,False,False,0.0,0.0,"[8, 33, 128]","[8, 32, 128]",False,27,legacy,128,33,1,128,128,0,0,64,64,0,192,128,33,1,128,False,False,False,False,False,False,segmented,0,32,0,0,0,64,64,128,128,0,192,0,32,0,0,True,aime24:p12:s0:seed12042,True,False,False,0.0,0.0,"[8, 33, 128]","[8, 32, 128]",False,False
production,128,False,False,0.0,0.0,"[8, 33, 128]","[8, 32, 128]",False,28,legacy,128,33,1,128,128,0,0,64,64,0,192,128,33,1,128,False,False,False,False,False,False,segmented,0,32,0,0,0,64,64,128,128,0,192,0,32,0,0,True,aime24:p12:s0:seed12042,True,False,False,0.0,0.0,"[8, 33, 128]","[8, 32, 128]",False,False
production,128,False,False,0.0,0.0,"[8, 33, 128]","[8, 32, 128]",False,29,legacy,128,33,1,128,128,0,0,64,64,0,192,128,33,1,128,False,False,False,False,False,False,segmented,0,32,0,0,0,64,64,128,128,0,192,0,32,0,0,True,aime24:p12:s0:seed12042,True,False,False,0.0,0.0,"[8, 33, 128]","[8, 32, 128]",False,False
production,128,False,False,0.0,0.0,"[8, 33, 128]","[8, 32, 128]",False,30,legacy,128,33,1,128,128,0,0,64,64,0,192,128,33,1,128,False,False,False,False,False,False,segmented,0,32,0,0,0,64,64,128,128,0,192,0,32,0,0,True,aime24:p12:s0:seed12042,True,False,False,0.0,0.0,"[8, 33, 128]","[8, 32, 128]",False,False
production,128,False,False,0.0,0.0,"[8, 33, 128]","[8, 32, 128]",False,31,legacy,128,33,1,128,128,0,0,64,64,0,192,128,33,1,128,False,False,False,False,False,False,segmented,0,32,0,0,0,64,64,128,128,0,192,0,32,0,0,True,aime24:p12:s0:seed12042,True,False,False,0.0,0.0,"[8, 33, 128]","[8, 32, 128]",False,False
production,256,False,False,0.0,0.0,"[8, 34, 128]","[8, 33, 128]",False,0,legacy,256,34,2,256,256,0,0,64,64,0,320,256,34,2,256,False,False,False,False,False,False,segmented,128,33,1,128,128,64,64,128,128,0,320,128,33,1,128,True,aime24:p12:s0:seed12042,True,False,False,0.0,0.0,"[8, 34, 128]","[8, 33, 128]",False,False
production,256,False,False,0.0,0.0,"[8, 34, 128]","[8, 33, 128]",False,1,legacy,256,34,2,256,256,0,0,64,64,0,320,256,34,2,256,False,False,False,False,False,False,segmented,128,33,1,128,128,64,64,128,128,0,320,128,33,1,128,True,aime24:p12:s0:seed12042,True,False,False,0.0,0.0,"[8, 34, 128]","[8, 33, 128]",False,False
production,256,False,False,0.0,0.0,"[8, 34, 128]","[8, 33, 128]",False,2,legacy,256,34,2,256,256,0,0,64,64,0,320,256,34,2,256,False,False,False,False,False,False,segmented,128,33,1,128,128,64,64,128,128,0,320,128,33,1,128,True,aime24:p12:s0:seed12042,True,False,False,0.0,0.0,"[8, 34, 128]","[8, 33, 128]",False,False
production,256,False,False,0.0,0.0,"[8, 34, 128]","[8, 33, 128]",False,3,legacy,256,34,2,256,256,0,0,64,64,0,320,256,34,2,256,False,False,False,False,False,False,segmented,128,33,1,128,128,64,64,128,128,0,320,128,33,1,128,True,aime24:p12:s0:seed12042,True,False,False,0.0,0.0,"[8, 34, 128]","[8, 33, 128]",False,False
production,256,False,False,0.0,0.0,"[8, 34, 128]","[8, 33, 128]",False,4,legacy,256,34,2,256,256,0,0,64,64,0,320,256,34,2,256,False,False,False,False,False,False,segmented,128,33,1,128,128,64,64,128,128,0,320,128,33,1,128,True,aime24:p12:s0:seed12042,True,False,False,0.0,0.0,"[8, 34, 128]","[8, 33, 128]",False,False
production,256,False,False,0.0,0.0,"[8, 34, 128]","[8, 33, 128]",False,5,legacy,256,34,2,256,256,0,0,64,64,0,320,256,34,2,256,False,False,False,False,False,False,segmented,128,33,1,128,128,64,64,128,128,0,320,128,33,1,128,True,aime24:p12:s0:seed12042,True,False,False,0.0,0.0,"[8, 34, 128]","[8, 33, 128]",False,False
production,256,False,False,0.0,0.0,"[8, 34, 128]","[8, 33, 128]",False,6,legacy,256,34,2,256,256,0,0,64,64,0,320,256,34,2,256,False,False,False,False,False,False,segmented,128,33,1,128,128,64,64,128,128,0,320,128,33,1,128,True,aime24:p12:s0:seed12042,True,False,False,0.0,0.0,"[8, 34, 128]","[8, 33, 128]",False,False
production,256,False,False,0.0,0.0,"[8, 34, 128]","[8, 33, 128]",False,7,legacy,256,34,2,256,256,0,0,64,64,0,320,256,34,2,256,False,False,False,False,False,False,segmented,128,33,1,128,128,64,64,128,128,0,320,128,33,1,128,True,aime24:p12:s0:seed12042,True,False,False,0.0,0.0,"[8, 34, 128]","[8, 33, 128]",False,False
production,256,False,False,0.0,0.0,"[8, 34, 128]","[8, 33, 128]",False,8,legacy,256,34,2,256,256,0,0,64,64,0,320,256,34,2,256,False,False,False,False,False,False,segmented,128,33,1,128,128,64,64,128,128,0,320,128,33,1,128,True,aime24:p12:s0:seed12042,True,False,False,0.0,0.0,"[8, 34, 128]","[8, 33, 128]",False,False
production,256,False,False,0.0,0.0,"[8, 34, 128]","[8, 33, 128]",False,9,legacy,256,34,2,256,256,0,0,64,64,0,320,256,34,2,256,False,False,False,False,False,False,segmented,128,33,1,128,128,64,64,128,128,0,320,128,33,1,128,True,aime24:p12:s0:seed12042,True,False,False,0.0,0.0,"[8, 34, 128]","[8, 33, 128]",False,False
production,256,False,False,0.0,0.0,"[8, 34, 128]","[8, 33, 128]",False,10,legacy,256,34,2,256,256,0,0,64,64,0,320,256,34,2,256,False,False,False,False,False,False,segmented,128,33,1,128,128,64,64,128,128,0,320,128,33,1,128,True,aime24:p12:s0:seed12042,True,False,False,0.0,0.0,"[8, 34, 128]","[8, 33, 128]",False,False
production,256,False,False,0.0,0.0,"[8, 34, 128]","[8, 33, 128]",False,11,legacy,256,34,2,256,256,0,0,64,64,0,320,256,34,2,256,False,False,False,False,False,False,segmented,128,33,1,128,128,64,64,128,128,0,320,128,33,1,128,True,aime24:p12:s0:seed12042,True,False,False,0.0,0.0,"[8, 34, 128]","[8, 33, 128]",False,False
production,256,False,False,0.0,0.0,"[8, 34, 128]","[8, 33, 128]",False,12,legacy,256,34,2,256,256,0,0,64,64,0,320,256,34,2,256,False,False,False,False,False,False,segmented,128,33,1,128,128,64,64,128,128,0,320,128,33,1,128,True,aime24:p12:s0:seed12042,True,False,False,0.0,0.0,"[8, 34, 128]","[8, 33, 128]",False,False
production,256,False,False,0.0,0.0,"[8, 34, 128]","[8, 33, 128]",False,13,legacy,256,34,2,256,256,0,0,64,64,0,320,256,34,2,256,False,False,False,False,False,False,segmented,128,33,1,128,128,64,64,128,128,0,320,128,33,1,128,True,aime24:p12:s0:seed12042,True,False,False,0.0,0.0,"[8, 34, 128]","[8, 33, 128]",False,False
production,256,False,False,0.0,0.0,"[8, 34, 128]","[8, 33, 128]",False,14,legacy,256,34,2,256,256,0,0,64,64,0,320,256,34,2,256,False,False,False,False,False,False,segmented,128,33,1,128,128,64,64,128,128,0,320,128,33,1,128,True,aime24:p12:s0:seed12042,True,False,False,0.0,0.0,"[8, 34, 128]","[8, 33, 128]",False,False
production,256,False,False,0.0,0.0,"[8, 34, 128]","[8, 33, 128]",False,15,legacy,256,34,2,256,256,0,0,64,64,0,320,256,34,2,256,False,False,False,False,False,False,segmented,128,33,1,128,128,64,64,128,128,0,320,128,33,1,128,True,aime24:p12:s0:seed12042,True,False,False,0.0,0.0,"[8, 34, 128]","[8, 33, 128]",False,False
production,256,False,False,0.0,0.0,"[8, 34, 128]","[8, 33, 128]",False,16,legacy,256,34,2,256,256,0,0,64,64,0,320,256,34,2,256,False,False,False,False,False,False,segmented,128,33,1,128,128,64,64,128,128,0,320,128,33,1,128,True,aime24:p12:s0:seed12042,True,False,False,0.0,0.0,"[8, 34, 128]","[8, 33, 128]",False,False
production,256,False,False,0.0,0.0,"[8, 34, 128]","[8, 33, 128]",False,17,legacy,256,34,2,256,256,0,0,64,64,0,320,256,34,2,256,False,False,False,False,False,False,segmented,128,33,1,128,128,64,64,128,128,0,320,128,33,1,128,True,aime24:p12:s0:seed12042,True,False,False,0.0,0.0,"[8, 34, 128]","[8, 33, 128]",False,False
production,256,False,False,0.0,0.0,"[8, 34, 128]","[8, 33, 128]",False,18,legacy,256,34,2,256,256,0,0,64,64,0,320,256,34,2,256,False,False,False,False,False,False,segmented,128,33,1,128,128,64,64,128,128,0,320,128,33,1,128,True,aime24:p12:s0:seed12042,True,False,False,0.0,0.0,"[8, 34, 128]","[8, 33, 128]",False,False
production,256,False,False,0.0,0.0,"[8, 34, 128]","[8, 33, 128]",False,19,legacy,256,34,2,256,256,0,0,64,64,0,320,256,34,2,256,False,False,False,False,False,False,segmented,128,33,1,128,128,64,64,128,128,0,320,128,33,1,128,True,aime24:p12:s0:seed12042,True,False,False,0.0,0.0,"[8, 34, 128]","[8, 33, 128]",False,False
production,256,False,False,0.0,0.0,"[8, 34, 128]","[8, 33, 128]",False,20,legacy,256,34,2,256,256,0,0,64,64,0,320,256,34,2,256,False,False,False,False,False,False,segmented,128,33,1,128,128,64,64,128,128,0,320,128,33,1,128,True,aime24:p12:s0:seed12042,True,False,False,0.0,0.0,"[8, 34, 128]","[8, 33, 128]",False,False
production,256,False,False,0.0,0.0,"[8, 34, 128]","[8, 33, 128]",False,21,legacy,256,34,2,256,256,0,0,64,64,0,320,256,34,2,256,False,False,False,False,False,False,segmented,128,33,1,128,128,64,64,128,128,0,320,128,33,1,128,True,aime24:p12:s0:seed12042,True,False,False,0.0,0.0,"[8, 34, 128]","[8, 33, 128]",False,False
production,256,False,False,0.0,0.0,"[8, 34, 128]","[8, 33, 128]",False,22,legacy,256,34,2,256,256,0,0,64,64,0,320,256,34,2,256,False,False,False,False,False,False,segmented,128,33,1,128,128,64,64,128,128,0,320,128,33,1,128,True,aime24:p12:s0:seed12042,True,False,False,0.0,0.0,"[8, 34, 128]","[8, 33, 128]",False,False
production,256,False,False,0.0,0.0,"[8, 34, 128]","[8, 33, 128]",False,23,legacy,256,34,2,256,256,0,0,64,64,0,320,256,34,2,256,False,False,False,False,False,False,segmented,128,33,1,128,128,64,64,128,128,0,320,128,33,1,128,True,aime24:p12:s0:seed12042,True,False,False,0.0,0.0,"[8, 34, 128]","[8, 33, 128]",False,False
production,256,False,False,0.0,0.0,"[8, 34, 128]","[8, 33, 128]",False,24,legacy,256,34,2,256,256,0,0,64,64,0,320,256,34,2,256,False,False,False,False,False,False,segmented,128,33,1,128,128,64,64,128,128,0,320,128,33,1,128,True,aime24:p12:s0:seed12042,True,False,False,0.0,0.0,"[8, 34, 128]","[8, 33, 128]",False,False
production,256,False,False,0.0,0.0,"[8, 34, 128]","[8, 33, 128]",False,25,legacy,256,34,2,256,256,0,0,64,64,0,320,256,34,2,256,False,False,False,False,False,False,segmented,128,33,1,128,128,64,64,128,128,0,320,128,33,1,128,True,aime24:p12:s0:seed12042,True,False,False,0.0,0.0,"[8, 34, 128]","[8, 33, 128]",False,False
production,256,False,False,0.0,0.0,"[8, 34, 128]","[8, 33, 128]",False,26,legacy,256,34,2,256,256,0,0,64,64,0,320,256,34,2,256,False,False,False,False,False,False,segmented,128,33,1,128,128,64,64,128,128,0,320,128,33,1,128,True,aime24:p12:s0:seed12042,True,False,False,0.0,0.0,"[8, 34, 128]","[8, 33, 128]",False,False
production,256,False,False,0.0,0.0,"[8, 34, 128]","[8, 33, 128]",False,27,legacy,256,34,2,256,256,0,0,64,64,0,320,256,34,2,256,False,False,False,False,False,False,segmented,128,33,1,128,128,64,64,128,128,0,320,128,33,1,128,True,aime24:p12:s0:seed12042,True,False,False,0.0,0.0,"[8, 34, 128]","[8, 33, 128]",False,False
production,256,False,False,0.0,0.0,"[8, 34, 128]","[8, 33, 128]",False,28,legacy,256,34,2,256,256,0,0,64,64,0,320,256,34,2,256,False,False,False,False,False,False,segmented,128,33,1,128,128,64,64,128,128,0,320,128,33,1,128,True,aime24:p12:s0:seed12042,True,False,False,0.0,0.0,"[8, 34, 128]","[8, 33, 128]",False,False
production,256,False,False,0.0,0.0,"[8, 34, 128]","[8, 33, 128]",False,29,legacy,256,34,2,256,256,0,0,64,64,0,320,256,34,2,256,False,False,False,False,False,False,segmented,128,33,1,128,128,64,64,128,128,0,320,128,33,1,128,True,aime24:p12:s0:seed12042,True,False,False,0.0,0.0,"[8, 34, 128]","[8, 33, 128]",False,False
production,256,False,False,0.0,0.0,"[8, 34, 128]","[8, 33, 128]",False,30,legacy,256,34,2,256,256,0,0,64,64,0,320,256,34,2,256,False,False,False,False,False,False,segmented,128,33,1,128,128,64,64,128,128,0,320,128,33,1,128,True,aime24:p12:s0:seed12042,True,False,False,0.0,0.0,"[8, 34, 128]","[8, 33, 128]",False,False
production,256,False,False,0.0,0.0,"[8, 34, 128]","[8, 33, 128]",False,31,legacy,256,34,2,256,256,0,0,64,64,0,320,256,34,2,256,False,False,False,False,False,False,segmented,128,33,1,128,128,64,64,128,128,0,320,128,33,1,128,True,aime24:p12:s0:seed12042,True,False,False,0.0,0.0,"[8, 34, 128]","[8, 33, 128]",False,False
production,512,False,False,0.0,0.0,"[8, 36, 128]","[8, 35, 128]",False,0,legacy,512,36,4,512,512,0,0,64,64,0,576,512,36,4,512,False,False,False,False,False,False,segmented,384,35,3,384,384,64,64,128,128,0,576,384,35,3,384,True,aime24:p12:s0:seed12042,True,False,False,0.0,0.0,"[8, 36, 128]","[8, 35, 128]",False,False
production,512,False,False,0.29931640625,1.8799291865434498e-05,"[8, 36, 128]","[8, 35, 128]",False,1,legacy,512,36,4,512,512,0,0,64,64,0,576,512,36,4,512,False,False,False,False,False,False,segmented,384,35,3,384,384,64,64,128,128,0,576,384,35,3,384,True,aime24:p12:s0:seed12042,True,False,False,0.0419921875,0.0001795652788132429,"[8, 36, 128]","[8, 35, 128]",False,False
production,512,False,False,1.828125,0.0004108506254851818,"[8, 36, 128]","[8, 35, 128]",False,2,legacy,512,36,4,512,512,0,0,64,64,0,576,512,36,4,512,False,False,False,False,False,False,segmented,384,35,3,384,384,64,64,128,128,0,576,384,35,3,384,True,aime24:p12:s0:seed12042,True,False,False,0.1102294921875,0.0008254271815530956,"[8, 36, 128]","[8, 35, 128]",False,False
production,512,False,False,0.828125,0.0002712968271225691,"[8, 36, 128]","[8, 35, 128]",False,3,legacy,512,36,4,512,512,0,0,64,64,0,576,512,36,4,512,False,False,False,False,False,False,segmented,384,35,3,384,384,64,64,128,128,0,576,384,35,3,384,True,aime24:p12:s0:seed12042,True,False,False,0.1484375,0.001568256295286119,"[8, 36, 128]","[8, 35, 128]",False,False
production,512,False,False,0.732421875,0.00031469063833355904,"[8, 36, 128]","[8, 35, 128]",False,4,legacy,512,36,4,512,512,0,0,64,64,0,576,512,36,4,512,False,False,False,False,False,False,segmented,384,35,3,384,384,64,64,128,128,0,576,384,35,3,384,True,aime24:p12:s0:seed12042,True,False,False,0.2333984375,0.002520617563277483,"[8, 36, 128]","[8, 35, 128]",False,False
production,512,False,False,3.62890625,0.0015714506153017282,"[8, 36, 128]","[8, 35, 128]",False,5,legacy,512,36,4,512,512,0,0,64,64,0,576,512,36,4,512,False,False,False,False,False,False,segmented,384,35,3,384,384,64,64,128,128,0,576,384,35,3,384,True,aime24:p12:s0:seed12042,True,False,False,0.22607421875,0.002609109040349722,"[8, 36, 128]","[8, 35, 128]",False,False
production,512,False,False,1.35546875,0.0006436390103772283,"[8, 36, 128]","[8, 35, 128]",False,6,legacy,512,36,4,512,512,0,0,64,64,0,576,512,36,4,512,False,False,False,False,False,False,segmented,384,35,3,384,384,64,64,128,128,0,576,384,35,3,384,True,aime24:p12:s0:seed12042,True,False,False,0.2537841796875,0.0036374053452163935,"[8, 36, 128]","[8, 35, 128]",False,False
production,512,False,False,0.9833984375,0.0005973393563181162,"[8, 36, 128]","[8, 35, 128]",False,7,legacy,512,36,4,512,512,0,0,64,64,0,576,512,36,4,512,False,False,False,False,False,False,segmented,384,35,3,384,384,64,64,128,128,0,576,384,35,3,384,True,aime24:p12:s0:seed12042,True,False,False,0.274169921875,0.0029871519654989243,"[8, 36, 128]","[8, 35, 128]",False,False
production,512,False,False,1.583984375,0.0013523465022444725,"[8, 36, 128]","[8, 35, 128]",False,8,legacy,512,36,4,512,512,0,0,64,64,0,576,512,36,4,512,False,False,False,False,False,False,segmented,384,35,3,384,384,64,64,128,128,0,576,384,35,3,384,True,aime24:p12:s0:seed12042,True,False,False,0.326904296875,0.005456205457448959,"[8, 36, 128]","[8, 35, 128]",False,False
production,512,False,False,1.505859375,0.0015649915440008044,"[8, 36, 128]","[8, 35, 128]",False,9,legacy,512,36,4,512,512,0,0,64,64,0,576,512,36,4,512,False,False,False,False,False,False,segmented,384,35,3,384,384,64,64,128,128,0,576,384,35,3,384,True,aime24:p12:s0:seed12042,True,False,False,0.58447265625,0.005149010103195906,"[8, 36, 128]","[8, 35, 128]",False,False
production,512,False,False,1.19384765625,0.0013679963303729892,"[8, 36, 128]","[8, 35, 128]",False,10,legacy,512,36,4,512,512,0,0,64,64,0,576,512,36,4,512,False,False,False,False,False,False,segmented,384,35,3,384,384,64,64,128,128,0,576,384,35,3,384,True,aime24:p12:s0:seed12042,True,False,False,0.414306640625,0.004737536422908306,"[8, 36, 128]","[8, 35, 128]",False,False
production,512,False,False,1.640625,0.0014125787420198321,"[8, 36, 128]","[8, 35, 128]",False,11,legacy,512,36,4,512,512,0,0,64,64,0,576,512,36,4,512,False,False,False,False,False,False,segmented,384,35,3,384,384,64,64,128,128,0,576,384,35,3,384,True,aime24:p12:s0:seed12042,True,False,False,0.521484375,0.004353460390120745,"[8, 36, 128]","[8, 35, 128]",False,False
production,512,False,False,1.30859375,0.0012168852845206857,"[8, 36, 128]","[8, 35, 128]",False,12,legacy,512,36,4,512,512,0,0,64,64,0,576,512,36,4,512,False,False,False,False,False,False,segmented,384,35,3,384,384,64,64,128,128,0,576,384,35,3,384,True,aime24:p12:s0:seed12042,True,False,False,0.349609375,0.005552511662244797,"[8, 36, 128]","[8, 35, 128]",False,False
production,512,False,False,2.095703125,0.002144623314961791,"[8, 36, 128]","[8, 35, 128]",False,13,legacy,512,36,4,512,512,0,0,64,64,0,576,512,36,4,512,False,False,False,False,False,False,segmented,384,35,3,384,384,64,64,128,128,0,576,384,35,3,384,True,aime24:p12:s0:seed12042,True,False,False,0.341552734375,0.005322552286088467,"[8, 36, 128]","[8, 35, 128]",False,False
production,512,False,False,1.759765625,0.0016998534556478262,"[8, 36, 128]","[8, 35, 128]",False,14,legacy,512,36,4,512,512,0,0,64,64,0,576,512,36,4,512,False,False,False,False,False,False,segmented,384,35,3,384,384,64,64,128,128,0,576,384,35,3,384,True,aime24:p12:s0:seed12042,True,False,False,0.3095703125,0.004197197966277599,"[8, 36, 128]","[8, 35, 128]",False,False
production,512,False,False,1.7294921875,0.0016935279127210379,"[8, 36, 128]","[8, 35, 128]",False,15,legacy,512,36,4,512,512,0,0,64,64,0,576,512,36,4,512,False,False,False,False,False,False,segmented,384,35,3,384,384,64,64,128,128,0,576,384,35,3,384,True,aime24:p12:s0:seed12042,True,False,False,0.4599609375,0.005390400532633066,"[8, 36, 128]","[8, 35, 128]",False,False
production,512,False,False,1.8984375,0.001345133176073432,"[8, 36, 128]","[8, 35, 128]",False,16,legacy,512,36,4,512,512,0,0,64,64,0,576,512,36,4,512,False,False,False,False,False,False,segmented,384,35,3,384,384,64,64,128,128,0,576,384,35,3,384,True,aime24:p12:s0:seed12042,True,False,False,0.360107421875,0.003044306766241789,"[8, 36, 128]","[8, 35, 128]",False,False
production,512,False,False,1.482421875,0.0012473760871216655,"[8, 36, 128]","[8, 35, 128]",False,17,legacy,512,36,4,512,512,0,0,64,64,0,576,512,36,4,512,False,False,False,False,False,False,segmented,384,35,3,384,384,64,64,128,128,0,576,384,35,3,384,True,aime24:p12:s0:seed12042,True,False,False,0.288818359375,0.003453197656199336,"[8, 36, 128]","[8, 35, 128]",False,False
production,512,False,False,1.6904296875,0.0012068756623193622,"[8, 36, 128]","[8, 35, 128]",False,18,legacy,512,36,4,512,512,0,0,64,64,0,576,512,36,4,512,False,False,False,False,False,False,segmented,384,35,3,384,384,64,64,128,128,0,576,384,35,3,384,True,aime24:p12:s0:seed12042,True,False,False,0.2412109375,0.002292099641636014,"[8, 36, 128]","[8, 35, 128]",False,False
production,512,False,False,1.1201171875,0.0010431914124637842,"[8, 36, 128]","[8, 35, 128]",False,19,legacy,512,36,4,512,512,0,0,64,64,0,576,512,36,4,512,False,False,False,False,False,False,segmented,384,35,3,384,384,64,64,128,128,0,576,384,35,3,384,True,aime24:p12:s0:seed12042,True,False,False,0.30517578125,0.0026757207233458757,"[8, 36, 128]","[8, 35, 128]",False,False
production,512,False,False,1.044921875,0.0008694421267136931,"[8, 36, 128]","[8, 35, 128]",False,20,legacy,512,36,4,512,512,0,0,64,64,0,576,512,36,4,512,False,False,False,False,False,False,segmented,384,35,3,384,384,64,64,128,128,0,576,384,35,3,384,True,aime24:p12:s0:seed12042,True,False,False,0.25830078125,0.002378718229010701,"[8, 36, 128]","[8, 35, 128]",False,False
production,512,False,False,0.99609375,0.00094081019051373,"[8, 36, 128]","[8, 35, 128]",False,21,legacy,512,36,4,512,512,0,0,64,64,0,576,512,36,4,512,False,False,False,False,False,False,segmented,384,35,3,384,384,64,64,128,128,0,576,384,35,3,384,True,aime24:p12:s0:seed12042,True,False,False,0.274658203125,0.002679276280105114,"[8, 36, 128]","[8, 35, 128]",False,False
production,512,False,False,1.29296875,0.0010200206888839602,"[8, 36, 128]","[8, 35, 128]",False,22,legacy,512,36,4,512,512,0,0,64,64,0,576,512,36,4,512,False,False,False,False,False,False,segmented,384,35,3,384,384,64,64,128,128,0,576,384,35,3,384,True,aime24:p12:s0:seed12042,True,False,False,0.439208984375,0.002526430180296302,"[8, 36, 128]","[8, 35, 128]",False,False
production,512,False,False,1.29296875,0.0009351627086289227,"[8, 36, 128]","[8, 35, 128]",False,23,legacy,512,36,4,512,512,0,0,64,64,0,576,512,36,4,512,False,False,False,False,False,False,segmented,384,35,3,384,384,64,64,128,128,0,576,384,35,3,384,True,aime24:p12:s0:seed12042,True,False,False,0.27587890625,0.002451515756547451,"[8, 36, 128]","[8, 35, 128]",False,False
production,512,False,False,1.26171875,0.0008481678087264299,"[8, 36, 128]","[8, 35, 128]",False,24,legacy,512,36,4,512,512,0,0,64,64,0,576,512,36,4,512,False,False,False,False,False,False,segmented,384,35,3,384,384,64,64,128,128,0,576,384,35,3,384,True,aime24:p12:s0:seed12042,True,False,False,0.3076171875,0.002484788652509451,"[8, 36, 128]","[8, 35, 128]",False,False
production,512,False,False,1.1064453125,0.0008251071558333933,"[8, 36, 128]","[8, 35, 128]",False,25,legacy,512,36,4,512,512,0,0,64,64,0,576,512,36,4,512,False,False,False,False,False,False,segmented,384,35,3,384,384,64,64,128,128,0,576,384,35,3,384,True,aime24:p12:s0:seed12042,True,False,False,0.35302734375,0.0023879052605479956,"[8, 36, 128]","[8, 35, 128]",False,False
production,512,False,False,1.03125,0.0009652242879383266,"[8, 36, 128]","[8, 35, 128]",False,26,legacy,512,36,4,512,512,0,0,64,64,0,576,512,36,4,512,False,False,False,False,False,False,segmented,384,35,3,384,384,64,64,128,128,0,576,384,35,3,384,True,aime24:p12:s0:seed12042,True,False,False,0.318603515625,0.002586436690762639,"[8, 36, 128]","[8, 35, 128]",False,False
production,512,False,False,1.5380859375,0.0009969734819605947,"[8, 36, 128]","[8, 35, 128]",False,27,legacy,512,36,4,512,512,0,0,64,64,0,576,512,36,4,512,False,False,False,False,False,False,segmented,384,35,3,384,384,64,64,128,128,0,576,384,35,3,384,True,aime24:p12:s0:seed12042,True,False,False,0.438232421875,0.0025054682046175003,"[8, 36, 128]","[8, 35, 128]",False,False
production,512,False,False,1.130859375,0.0007846658700145781,"[8, 36, 128]","[8, 35, 128]",False,28,legacy,512,36,4,512,512,0,0,64,64,0,576,512,36,4,512,False,False,False,False,False,False,segmented,384,35,3,384,384,64,64,128,128,0,576,384,35,3,384,True,aime24:p12:s0:seed12042,True,False,False,0.63720703125,0.0031630191951990128,"[8, 36, 128]","[8, 35, 128]",False,False
production,512,False,False,1.234375,0.0007616335642524064,"[8, 36, 128]","[8, 35, 128]",False,29,legacy,512,36,4,512,512,0,0,64,64,0,576,512,36,4,512,False,False,False,False,False,False,segmented,384,35,3,384,384,64,64,128,128,0,576,384,35,3,384,True,aime24:p12:s0:seed12042,True,False,False,0.5634765625,0.0027097598649561405,"[8, 36, 128]","[8, 35, 128]",False,False
production,512,False,False,1.283203125,0.0009931200183928013,"[8, 36, 128]","[8, 35, 128]",False,30,legacy,512,36,4,512,512,0,0,64,64,0,576,512,36,4,512,False,False,False,False,False,False,segmented,384,35,3,384,384,64,64,128,128,0,576,384,35,3,384,True,aime24:p12:s0:seed12042,True,False,False,0.52734375,0.0027927192859351635,"[8, 36, 128]","[8, 35, 128]",False,False
production,512,False,False,0.8857421875,0.0005621478194370866,"[8, 36, 128]","[8, 35, 128]",False,31,legacy,512,36,4,512,512,0,0,64,64,0,576,512,36,4,512,False,False,False,False,False,False,segmented,384,35,3,384,384,64,64,128,128,0,576,384,35,3,384,True,aime24:p12:s0:seed12042,True,False,False,0.6015625,0.002209971658885479,"[8, 36, 128]","[8, 35, 128]",False,False
production,1024,False,False,0.0,0.0,"[8, 40, 128]","[8, 39, 128]",False,0,legacy,1024,40,8,1024,1024,0,0,64,64,0,1088,1024,40,8,1024,False,False,False,False,False,False,segmented,896,39,7,896,896,64,64,128,128,0,1088,896,39,7,896,True,aime24:p12:s0:seed12042,True,False,False,0.0,0.0,"[8, 40, 128]","[8, 39, 128]",False,False
production,1024,False,False,0.29931640625,2.6560148398857564e-05,"[8, 40, 128]","[8, 39, 128]",False,1,legacy,1024,40,8,1024,1024,0,0,64,64,0,1088,1024,40,8,1024,False,False,False,False,False,False,segmented,896,39,7,896,896,64,64,128,128,0,1088,896,39,7,896,True,aime24:p12:s0:seed12042,True,False,False,0.0419921875,0.0002581061271484941,"[8, 40, 128]","[8, 39, 128]",False,False
production,1024,False,False,1.828125,0.00048296726890839636,"[8, 40, 128]","[8, 39, 128]",False,2,legacy,1024,40,8,1024,1024,0,0,64,64,0,1088,1024,40,8,1024,False,False,False,False,False,False,segmented,896,39,7,896,896,64,64,128,128,0,1088,896,39,7,896,True,aime24:p12:s0:seed12042,True,False,False,0.1102294921875,0.0010619163513183594,"[8, 40, 128]","[8, 39, 128]",False,False
production,1024,False,False,0.828125,0.00039934023516252637,"[8, 40, 128]","[8, 39, 128]",False,3,legacy,1024,40,8,1024,1024,0,0,64,64,0,1088,1024,40,8,1024,False,False,False,False,False,False,segmented,896,39,7,896,896,64,64,128,128,0,1088,896,39,7,896,True,aime24:p12:s0:seed12042,True,False,False,0.1484375,0.002820754423737526,"[8, 40, 128]","[8, 39, 128]",False,False
production,1024,False,False,0.732421875,0.0004224075237289071,"[8, 40, 128]","[8, 39, 128]",False,4,legacy,1024,40,8,1024,1024,0,0,64,64,0,1088,1024,40,8,1024,False,False,False,False,False,False,segmented,896,39,7,896,896,64,64,128,128,0,1088,896,39,7,896,True,aime24:p12:s0:seed12042,True,False,False,0.2333984375,0.003645572578534484,"[8, 40, 128]","[8, 39, 128]",False,False
production,1024,False,False,3.62890625,0.0016506578540429473,"[8, 40, 128]","[8, 39, 128]",False,5,legacy,1024,40,8,1024,1024,0,0,64,64,0,1088,1024,40,8,1024,False,False,False,False,False,False,segmented,896,39,7,896,896,64,64,128,128,0,1088,896,39,7,896,True,aime24:p12:s0:seed12042,True,False,False,0.22607421875,0.0035804726649075747,"[8, 40, 128]","[8, 39, 128]",False,False
production,1024,False,False,1.35546875,0.000990594387985766,"[8, 40, 128]","[8, 39, 128]",False,6,legacy,1024,40,8,1024,1024,0,0,64,64,0,1088,1024,40,8,1024,False,False,False,False,False,False,segmented,896,39,7,896,896,64,64,128,128,0,1088,896,39,7,896,True,aime24:p12:s0:seed12042,True,False,False,0.28515625,0.007034781854599714,"[8, 40, 128]","[8, 39, 128]",False,False
production,1024,False,False,0.9833984375,0.0009372251224704087,"[8, 40, 128]","[8, 39, 128]",False,7,legacy,1024,40,8,1024,1024,0,0,64,64,0,1088,1024,40,8,1024,False,False,False,False,False,False,segmented,896,39,7,896,896,64,64,128,128,0,1088,896,39,7,896,True,aime24:p12:s0:seed12042,True,False,False,0.274169921875,0.005280929617583752,"[8, 40, 128]","[8, 39, 128]",False,False
production,1024,False,False,1.583984375,0.0018437750404700637,"[8, 40, 128]","[8, 39, 128]",False,8,legacy,1024,40,8,1024,1024,0,0,64,64,0,1088,1024,40,8,1024,False,False,False,False,False,False,segmented,896,39,7,896,896,64,64,128,128,0,1088,896,39,7,896,True,aime24:p12:s0:seed12042,True,False,False,0.326904296875,0.00794235523790121,"[8, 40, 128]","[8, 39, 128]",False,False
production,1024,False,False,1.505859375,0.0024958879221230745,"[8, 40, 128]","[8, 39, 128]",False,9,legacy,1024,40,8,1024,1024,0,0,64,64,0,1088,1024,40,8,1024,False,False,False,False,False,False,segmented,896,39,7,896,896,64,64,128,128,0,1088,896,39,7,896,True,aime24:p12:s0:seed12042,True,False,False,0.58447265625,0.008847706019878387,"[8, 40, 128]","[8, 39, 128]",False,False
production,1024,False,False,1.19384765625,0.002470901934430003,"[8, 40, 128]","[8, 39, 128]",False,10,legacy,1024,40,8,1024,1024,0,0,64,64,0,1088,1024,40,8,1024,False,False,False,False,False,False,segmented,896,39,7,896,896,64,64,128,128,0,1088,896,39,7,896,True,aime24:p12:s0:seed12042,True,False,False,0.414306640625,0.009525222703814507,"[8, 40, 128]","[8, 39, 128]",False,False
production,1024,False,False,1.640625,0.0029860208742320538,"[8, 40, 128]","[8, 39, 128]",False,11,legacy,1024,40,8,1024,1024,0,0,64,64,0,1088,1024,40,8,1024,False,False,False,False,False,False,segmented,896,39,7,896,896,64,64,128,128,0,1088,896,39,7,896,True,aime24:p12:s0:seed12042,True,False,False,0.521484375,0.009389839135110378,"[8, 40, 128]","[8, 39, 128]",False,False
production,1024,False,False,1.30859375,0.0022068722173571587,"[8, 40, 128]","[8, 39, 128]",False,12,legacy,1024,40,8,1024,1024,0,0,64,64,0,1088,1024,40,8,1024,False,False,False,False,False,False,segmented,896,39,7,896,896,64,64,128,128,0,1088,896,39,7,896,True,aime24:p12:s0:seed12042,True,False,False,0.3984375,0.012188318185508251,"[8, 40, 128]","[8, 39, 128]",False,False
production,1024,False,False,2.095703125,0.004204478580504656,"[8, 40, 128]","[8, 39, 128]",False,13,legacy,1024,40,8,1024,1024,0,0,64,64,0,1088,1024,40,8,1024,False,False,False,False,False,False,segmented,896,39,7,896,896,64,64,128,128,0,1088,896,39,7,896,True,aime24:p12:s0:seed12042,True,False,False,0.341552734375,0.011256995610892773,"[8, 40, 128]","[8, 39, 128]",False,False
production,1024,False,False,1.759765625,0.0032917724456638098,"[8, 40, 128]","[8, 39, 128]",False,14,legacy,1024,40,8,1024,1024,0,0,64,64,0,1088,1024,40,8,1024,False,False,False,False,False,False,segmented,896,39,7,896,896,64,64,128,128,0,1088,896,39,7,896,True,aime24:p12:s0:seed12042,True,False,False,0.32080078125,0.009884662926197052,"[8, 40, 128]","[8, 39, 128]",False,False
production,1024,False,False,1.7294921875,0.003318666247650981,"[8, 40, 128]","[8, 39, 128]",False,15,legacy,1024,40,8,1024,1024,0,0,64,64,0,1088,1024,40,8,1024,False,False,False,False,False,False,segmented,896,39,7,896,896,64,64,128,128,0,1088,896,39,7,896,True,aime24:p12:s0:seed12042,True,False,False,0.673828125,0.013104470446705818,"[8, 40, 128]","[8, 39, 128]",False,False
production,1024,False,False,1.8984375,0.002590102143585682,"[8, 40, 128]","[8, 39, 128]",False,16,legacy,1024,40,8,1024,1024,0,0,64,64,0,1088,1024,40,8,1024,False,False,False,False,False,False,segmented,896,39,7,896,896,64,64,128,128,0,1088,896,39,7,896,True,aime24:p12:s0:seed12042,True,False,False,0.360107421875,0.007665578275918961,"[8, 40, 128]","[8, 39, 128]",False,False
production,1024,False,False,1.482421875,0.002762322314083576,"[8, 40, 128]","[8, 39, 128]",False,17,legacy,1024,40,8,1024,1024,0,0,64,64,0,1088,1024,40,8,1024,False,False,False,False,False,False,segmented,896,39,7,896,896,64,64,128,128,0,1088,896,39,7,896,True,aime24:p12:s0:seed12042,True,False,False,0.288818359375,0.008496810682117939,"[8, 40, 128]","[8, 39, 128]",False,False
production,1024,False,False,1.6904296875,0.002632318763062358,"[8, 40, 128]","[8, 39, 128]",False,18,legacy,1024,40,8,1024,1024,0,0,64,64,0,1088,1024,40,8,1024,False,False,False,False,False,False,segmented,896,39,7,896,896,64,64,128,128,0,1088,896,39,7,896,True,aime24:p12:s0:seed12042,True,False,False,0.2412109375,0.005789019167423248,"[8, 40, 128]","[8, 39, 128]",False,False
production,1024,False,False,1.4619140625,0.0022804425098001957,"[8, 40, 128]","[8, 39, 128]",False,19,legacy,1024,40,8,1024,1024,0,0,64,64,0,1088,1024,40,8,1024,False,False,False,False,False,False,segmented,896,39,7,896,896,64,64,128,128,0,1088,896,39,7,896,True,aime24:p12:s0:seed12042,True,False,False,0.30712890625,0.006470568012446165,"[8, 40, 128]","[8, 39, 128]",False,False
production,1024,False,False,1.044921875,0.0020512277260422707,"[8, 40, 128]","[8, 39, 128]",False,20,legacy,1024,40,8,1024,1024,0,0,64,64,0,1088,1024,40,8,1024,False,False,False,False,False,False,segmented,896,39,7,896,896,64,64,128,128,0,1088,896,39,7,896,True,aime24:p12:s0:seed12042,True,False,False,0.25830078125,0.005883779842406511,"[8, 40, 128]","[8, 39, 128]",False,False
production,1024,False,False,1.3466796875,0.0022310891654342413,"[8, 40, 128]","[8, 39, 128]",False,21,legacy,1024,40,8,1024,1024,0,0,64,64,0,1088,1024,40,8,1024,False,False,False,False,False,False,segmented,896,39,7,896,896,64,64,128,128,0,1088,896,39,7,896,True,aime24:p12:s0:seed12042,True,False,False,0.317138671875,0.006846481468528509,"[8, 40, 128]","[8, 39, 128]",False,False
production,1024,False,False,1.29296875,0.002393390517681837,"[8, 40, 128]","[8, 39, 128]",False,22,legacy,1024,40,8,1024,1024,0,0,64,64,0,1088,1024,40,8,1024,False,False,False,False,False,False,segmented,896,39,7,896,896,64,64,128,128,0,1088,896,39,7,896,True,aime24:p12:s0:seed12042,True,False,False,0.439208984375,0.006569580174982548,"[8, 40, 128]","[8, 39, 128]",False,False
production,1024,False,False,1.29296875,0.00215089856646955,"[8, 40, 128]","[8, 39, 128]",False,23,legacy,1024,40,8,1024,1024,0,0,64,64,0,1088,1024,40,8,1024,False,False,False,False,False,False,segmented,896,39,7,896,896,64,64,128,128,0,1088,896,39,7,896,True,aime24:p12:s0:seed12042,True,False,False,0.28466796875,0.006131138186901808,"[8, 40, 128]","[8, 39, 128]",False,False
production,1024,False,False,1.26171875,0.0020952364429831505,"[8, 40, 128]","[8, 39, 128]",False,24,legacy,1024,40,8,1024,1024,0,0,64,64,0,1088,1024,40,8,1024,False,False,False,False,False,False,segmented,896,39,7,896,896,64,64,128,128,0,1088,896,39,7,896,True,aime24:p12:s0:seed12042,True,False,False,0.34033203125,0.006523613352328539,"[8, 40, 128]","[8, 39, 128]",False,False
production,1024,False,False,1.123046875,0.0019688978791236877,"[8, 40, 128]","[8, 39, 128]",False,25,legacy,1024,40,8,1024,1024,0,0,64,64,0,1088,1024,40,8,1024,False,False,False,False,False,False,segmented,896,39,7,896,896,64,64,128,128,0,1088,896,39,7,896,True,aime24:p12:s0:seed12042,True,False,False,0.421630859375,0.0063340631313622,"[8, 40, 128]","[8, 39, 128]",False,False
production,1024,False,False,1.046875,0.0020806225948035717,"[8, 40, 128]","[8, 39, 128]",False,26,legacy,1024,40,8,1024,1024,0,0,64,64,0,1088,1024,40,8,1024,False,False,False,False,False,False,segmented,896,39,7,896,896,64,64,128,128,0,1088,896,39,7,896,True,aime24:p12:s0:seed12042,True,False,False,0.820556640625,0.008019998669624329,"[8, 40, 128]","[8, 39, 128]",False,False
production,1024,False,False,1.5380859375,0.0021816291846334934,"[8, 40, 128]","[8, 39, 128]",False,27,legacy,1024,40,8,1024,1024,0,0,64,64,0,1088,1024,40,8,1024,False,False,False,False,False,False,segmented,896,39,7,896,896,64,64,128,128,0,1088,896,39,7,896,True,aime24:p12:s0:seed12042,True,False,False,0.438232421875,0.006031607743352652,"[8, 40, 128]","[8, 39, 128]",False,False
production,1024,False,False,1.130859375,0.0018001582939177752,"[8, 40, 128]","[8, 39, 128]",False,28,legacy,1024,40,8,1024,1024,0,0,64,64,0,1088,1024,40,8,1024,False,False,False,False,False,False,segmented,896,39,7,896,896,64,64,128,128,0,1088,896,39,7,896,True,aime24:p12:s0:seed12042,True,False,False,0.640625,0.008141616359353065,"[8, 40, 128]","[8, 39, 128]",False,False
production,1024,False,False,1.765625,0.001804047729820013,"[8, 40, 128]","[8, 39, 128]",False,29,legacy,1024,40,8,1024,1024,0,0,64,64,0,1088,1024,40,8,1024,False,False,False,False,False,False,segmented,896,39,7,896,896,64,64,128,128,0,1088,896,39,7,896,True,aime24:p12:s0:seed12042,True,False,False,0.5634765625,0.006907620932906866,"[8, 40, 128]","[8, 39, 128]",False,False
production,1024,False,False,1.283203125,0.0021792748011648655,"[8, 40, 128]","[8, 39, 128]",False,30,legacy,1024,40,8,1024,1024,0,0,64,64,0,1088,1024,40,8,1024,False,False,False,False,False,False,segmented,896,39,7,896,896,64,64,128,128,0,1088,896,39,7,896,True,aime24:p12:s0:seed12042,True,False,False,0.859619140625,0.007679713889956474,"[8, 40, 128]","[8, 39, 128]",False,False
production,1024,False,False,0.8857421875,0.0012514495756477118,"[8, 40, 128]","[8, 39, 128]",False,31,legacy,1024,40,8,1024,1024,0,0,64,64,0,1088,1024,40,8,1024,False,False,False,False,False,False,segmented,896,39,7,896,896,64,64,128,128,0,1088,896,39,7,896,True,aime24:p12:s0:seed12042,True,False,False,0.6015625,0.005641344003379345,"[8, 40, 128]","[8, 39, 128]",False,False
production,2048,False,False,0.0,0.0,"[8, 48, 128]","[8, 47, 128]",False,0,legacy,2048,48,16,2048,2048,0,0,64,64,0,2112,2048,48,16,2048,False,False,False,False,False,False,segmented,1920,47,15,1920,1920,64,64,128,128,0,2112,1920,47,15,1920,True,aime24:p12:s0:seed12042,True,False,False,0.0,0.0,"[8, 48, 128]","[8, 47, 128]",False,False
production,2048,False,False,0.29931640625,4.08870582759846e-05,"[8, 48, 128]","[8, 47, 128]",False,1,legacy,2048,48,16,2048,2048,0,0,64,64,0,2112,2048,48,16,2048,False,False,False,False,False,False,segmented,1920,47,15,1920,1920,64,64,128,128,0,2112,1920,47,15,1920,True,aime24:p12:s0:seed12042,True,False,False,0.0419921875,0.00038318929728120565,"[8, 48, 128]","[8, 47, 128]",False,False
production,2048,False,False,1.828125,0.000901922001503408,"[8, 48, 128]","[8, 47, 128]",False,2,legacy,2048,48,16,2048,2048,0,0,64,64,0,2112,2048,48,16,2048,False,False,False,False,False,False,segmented,1920,47,15,1920,1920,64,64,128,128,0,2112,1920,47,15,1920,True,aime24:p12:s0:seed12042,True,False,False,0.173583984375,0.0016325600445270538,"[8, 48, 128]","[8, 47, 128]",False,False
production,2048,False,False,0.828125,0.0005897439550608397,"[8, 48, 128]","[8, 47, 128]",False,3,legacy,2048,48,16,2048,2048,0,0,64,64,0,2112,2048,48,16,2048,False,False,False,False,False,False,segmented,1920,47,15,1920,1920,64,64,128,128,0,2112,1920,47,15,1920,True,aime24:p12:s0:seed12042,True,False,False,0.18701171875,0.0051383282989263535,"[8, 48, 128]","[8, 47, 128]",False,False
production,2048,False,False,0.732421875,0.0005942579009570181,"[8, 48, 128]","[8, 47, 128]",False,4,legacy,2048,48,16,2048,2048,0,0,64,64,0,2112,2048,48,16,2048,False,False,False,False,False,False,segmented,1920,47,15,1920,1920,64,64,128,128,0,2112,1920,47,15,1920,True,aime24:p12:s0:seed12042,True,False,False,0.2333984375,0.005419453140348196,"[8, 48, 128]","[8, 47, 128]",False,False
production,2048,False,False,3.62890625,0.0019270392367616296,"[8, 48, 128]","[8, 47, 128]",False,5,legacy,2048,48,16,2048,2048,0,0,64,64,0,2112,2048,48,16,2048,False,False,False,False,False,False,segmented,1920,47,15,1920,1920,64,64,128,128,0,2112,1920,47,15,1920,True,aime24:p12:s0:seed12042,True,False,False,0.22607421875,0.005396913271397352,"[8, 48, 128]","[8, 47, 128]",False,False
production,2048,False,False,1.35546875,0.0014469673624262214,"[8, 48, 128]","[8, 47, 128]",False,6,legacy,2048,48,16,2048,2048,0,0,64,64,0,2112,2048,48,16,2048,False,False,False,False,False,False,segmented,1920,47,15,1920,1920,64,64,128,128,0,2112,1920,47,15,1920,True,aime24:p12:s0:seed12042,True,False,False,0.394775390625,0.012854557484388351,"[8, 48, 128]","[8, 47, 128]",False,False
production,2048,False,False,0.9833984375,0.0014338786713778973,"[8, 48, 128]","[8, 47, 128]",False,7,legacy,2048,48,16,2048,2048,0,0,64,64,0,2112,2048,48,16,2048,False,False,False,False,False,False,segmented,1920,47,15,1920,1920,64,64,128,128,0,2112,1920,47,15,1920,True,aime24:p12:s0:seed12042,True,False,False,0.274169921875,0.009134739637374878,"[8, 48, 128]","[8, 47, 128]",False,False
production,2048,False,False,1.583984375,0.00263418722897768,"[8, 48, 128]","[8, 47, 128]",False,8,legacy,2048,48,16,2048,2048,0,0,64,64,0,2112,2048,48,16,2048,False,False,False,False,False,False,segmented,1920,47,15,1920,1920,64,64,128,128,0,2112,1920,47,15,1920,True,aime24:p12:s0:seed12042,True,False,False,0.326904296875,0.012402938678860664,"[8, 48, 128]","[8, 47, 128]",False,False
production,2048,False,False,1.8251953125,0.0037559163756668568,"[8, 48, 128]","[8, 47, 128]",False,9,legacy,2048,48,16,2048,2048,0,0,64,64,0,2112,2048,48,16,2048,False,False,False,False,False,False,segmented,1920,47,15,1920,1920,64,64,128,128,0,2112,1920,47,15,1920,True,aime24:p12:s0:seed12042,True,False,False,0.58447265625,0.015494675375521183,"[8, 48, 128]","[8, 47, 128]",False,False
production,2048,False,False,1.255859375,0.003823688719421625,"[8, 48, 128]","[8, 47, 128]",False,10,legacy,2048,48,16,2048,2048,0,0,64,64,0,2112,2048,48,16,2048,False,False,False,False,False,False,segmented,1920,47,15,1920,1920,64,64,128,128,0,2112,1920,47,15,1920,True,aime24:p12:s0:seed12042,True,False,False,0.414306640625,0.01638653129339218,"[8, 48, 128]","[8, 47, 128]",False,False
production,2048,False,False,1.640625,0.00501834973692894,"[8, 48, 128]","[8, 47, 128]",False,11,legacy,2048,48,16,2048,2048,0,0,64,64,0,2112,2048,48,16,2048,False,False,False,False,False,False,segmented,1920,47,15,1920,1920,64,64,128,128,0,2112,1920,47,15,1920,True,aime24:p12:s0:seed12042,True,False,False,0.521484375,0.018218325451016426,"[8, 48, 128]","[8, 47, 128]",False,False
production,2048,False,False,1.5009765625,0.003653916297480464,"[8, 48, 128]","[8, 47, 128]",False,12,legacy,2048,48,16,2048,2048,0,0,64,64,0,2112,2048,48,16,2048,False,False,False,False,False,False,segmented,1920,47,15,1920,1920,64,64,128,128,0,2112,1920,47,15,1920,True,aime24:p12:s0:seed12042,True,False,False,0.3984375,0.024772267788648605,"[8, 48, 128]","[8, 47, 128]",False,False
production,2048,False,False,2.095703125,0.006787705235183239,"[8, 48, 128]","[8, 47, 128]",False,13,legacy,2048,48,16,2048,2048,0,0,64,64,0,2112,2048,48,16,2048,False,False,False,False,False,False,segmented,1920,47,15,1920,1920,64,64,128,128,0,2112,1920,47,15,1920,True,aime24:p12:s0:seed12042,True,False,False,0.34716796875,0.021342767402529716,"[8, 48, 128]","[8, 47, 128]",False,False
production,2048,False,False,1.759765625,0.005533411633223295,"[8, 48, 128]","[8, 47, 128]",False,14,legacy,2048,48,16,2048,2048,0,0,64,64,0,2112,2048,48,16,2048,False,False,False,False,False,False,segmented,1920,47,15,1920,1920,64,64,128,128,0,2112,1920,47,15,1920,True,aime24:p12:s0:seed12042,True,False,False,0.32080078125,0.018924159929156303,"[8, 48, 128]","[8, 47, 128]",False,False
production,2048,False,False,1.791015625,0.005446558352559805,"[8, 48, 128]","[8, 47, 128]",False,15,legacy,2048,48,16,2048,2048,0,0,64,64,0,2112,2048,48,16,2048,False,False,False,False,False,False,segmented,1920,47,15,1920,1920,64,64,128,128,0,2112,1920,47,15,1920,True,aime24:p12:s0:seed12042,True,False,False,0.673828125,0.02543429099023342,"[8, 48, 128]","[8, 47, 128]",False,False
production,2048,False,False,1.8984375,0.0041876621544361115,"[8, 48, 128]","[8, 47, 128]",False,16,legacy,2048,48,16,2048,2048,0,0,64,64,0,2112,2048,48,16,2048,False,False,False,False,False,False,segmented,1920,47,15,1920,1920,64,64,128,128,0,2112,1920,47,15,1920,True,aime24:p12:s0:seed12042,True,False,False,0.360107421875,0.01455012708902359,"[8, 48, 128]","[8, 47, 128]",False,False
production,2048,False,False,1.484375,0.004689471330493689,"[8, 48, 128]","[8, 47, 128]",False,17,legacy,2048,48,16,2048,2048,0,0,64,64,0,2112,2048,48,16,2048,False,False,False,False,False,False,segmented,1920,47,15,1920,1920,64,64,128,128,0,2112,1920,47,15,1920,True,aime24:p12:s0:seed12042,True,False,False,0.288818359375,0.016004975885152817,"[8, 48, 128]","[8, 47, 128]",False,False
production,2048,False,False,1.6904296875,0.004168719053268433,"[8, 48, 128]","[8, 47, 128]",False,18,legacy,2048,48,16,2048,2048,0,0,64,64,0,2112,2048,48,16,2048,False,False,False,False,False,False,segmented,1920,47,15,1920,1920,64,64,128,128,0,2112,1920,47,15,1920,True,aime24:p12:s0:seed12042,True,False,False,0.264404296875,0.011028426699340343,"[8, 48, 128]","[8, 47, 128]",False,False
production,2048,False,False,1.4619140625,0.0037512490525841713,"[8, 48, 128]","[8, 47, 128]",False,19,legacy,2048,48,16,2048,2048,0,0,64,64,0,2112,2048,48,16,2048,False,False,False,False,False,False,segmented,1920,47,15,1920,1920,64,64,128,128,0,2112,1920,47,15,1920,True,aime24:p12:s0:seed12042,True,False,False,0.30712890625,0.012128068134188652,"[8, 48, 128]","[8, 47, 128]",False,False
production,2048,False,False,1.1650390625,0.0035396418534219265,"[8, 48, 128]","[8, 47, 128]",False,20,legacy,2048,48,16,2048,2048,0,0,64,64,0,2112,2048,48,16,2048,False,False,False,False,False,False,segmented,1920,47,15,1920,1920,64,64,128,128,0,2112,1920,47,15,1920,True,aime24:p12:s0:seed12042,True,False,False,0.360595703125,0.011187470518052578,"[8, 48, 128]","[8, 47, 128]",False,False
production,2048,False,False,1.525390625,0.0038570219185203314,"[8, 48, 128]","[8, 47, 128]",False,21,legacy,2048,48,16,2048,2048,0,0,64,64,0,2112,2048,48,16,2048,False,False,False,False,False,False,segmented,1920,47,15,1920,1920,64,64,128,128,0,2112,1920,47,15,1920,True,aime24:p12:s0:seed12042,True,False,False,0.317138671875,0.012869138270616531,"[8, 48, 128]","[8, 47, 128]",False,False
production,2048,False,False,2.0078125,0.004122470505535603,"[8, 48, 128]","[8, 47, 128]",False,22,legacy,2048,48,16,2048,2048,0,0,64,64,0,2112,2048,48,16,2048,False,False,False,False,False,False,segmented,1920,47,15,1920,1920,64,64,128,128,0,2112,1920,47,15,1920,True,aime24:p12:s0:seed12042,True,False,False,0.439208984375,0.012111463584005833,"[8, 48, 128]","[8, 47, 128]",False,False
production,2048,False,False,1.29296875,0.0037001229356974363,"[8, 48, 128]","[8, 47, 128]",False,23,legacy,2048,48,16,2048,2048,0,0,64,64,0,2112,2048,48,16,2048,False,False,False,False,False,False,segmented,1920,47,15,1920,1920,64,64,128,128,0,2112,1920,47,15,1920,True,aime24:p12:s0:seed12042,True,False,False,0.306640625,0.011462322436273098,"[8, 48, 128]","[8, 47, 128]",False,False
production,2048,False,False,1.26171875,0.0036875412333756685,"[8, 48, 128]","[8, 47, 128]",False,24,legacy,2048,48,16,2048,2048,0,0,64,64,0,2112,2048,48,16,2048,False,False,False,False,False,False,segmented,1920,47,15,1920,1920,64,64,128,128,0,2112,1920,47,15,1920,True,aime24:p12:s0:seed12042,True,False,False,0.34033203125,0.011974885128438473,"[8, 48, 128]","[8, 47, 128]",False,False
production,2048,False,False,1.4072265625,0.003196889068931341,"[8, 48, 128]","[8, 47, 128]",False,25,legacy,2048,48,16,2048,2048,0,0,64,64,0,2112,2048,48,16,2048,False,False,False,False,False,False,segmented,1920,47,15,1920,1920,64,64,128,128,0,2112,1920,47,15,1920,True,aime24:p12:s0:seed12042,True,False,False,0.491943359375,0.011800453066825867,"[8, 48, 128]","[8, 47, 128]",False,False
production,2048,False,False,1.30078125,0.0035887479316443205,"[8, 48, 128]","[8, 47, 128]",False,26,legacy,2048,48,16,2048,2048,0,0,64,64,0,2112,2048,48,16,2048,False,False,False,False,False,False,segmented,1920,47,15,1920,1920,64,64,128,128,0,2112,1920,47,15,1920,True,aime24:p12:s0:seed12042,True,False,False,0.820556640625,0.01448015496134758,"[8, 48, 128]","[8, 47, 128]",False,False
production,2048,False,False,1.5380859375,0.003643991192802787,"[8, 48, 128]","[8, 47, 128]",False,27,legacy,2048,48,16,2048,2048,0,0,64,64,0,2112,2048,48,16,2048,False,False,False,False,False,False,segmented,1920,47,15,1920,1920,64,64,128,128,0,2112,1920,47,15,1920,True,aime24:p12:s0:seed12042,True,False,False,0.438232421875,0.011650072410702705,"[8, 48, 128]","[8, 47, 128]",False,False
production,2048,False,False,1.501953125,0.003232947550714016,"[8, 48, 128]","[8, 47, 128]",False,28,legacy,2048,48,16,2048,2048,0,0,64,64,0,2112,2048,48,16,2048,False,False,False,False,False,False,segmented,1920,47,15,1920,1920,64,64,128,128,0,2112,1920,47,15,1920,True,aime24:p12:s0:seed12042,True,False,False,0.640625,0.015288462862372398,"[8, 48, 128]","[8, 47, 128]",False,False
production,2048,False,False,1.765625,0.002983703278005123,"[8, 48, 128]","[8, 47, 128]",False,29,legacy,2048,48,16,2048,2048,0,0,64,64,0,2112,2048,48,16,2048,False,False,False,False,False,False,segmented,1920,47,15,1920,1920,64,64,128,128,0,2112,1920,47,15,1920,True,aime24:p12:s0:seed12042,True,False,False,0.5634765625,0.013399572111666203,"[8, 48, 128]","[8, 47, 128]",False,False
production,2048,False,False,1.3955078125,0.003584100864827633,"[8, 48, 128]","[8, 47, 128]",False,30,legacy,2048,48,16,2048,2048,0,0,64,64,0,2112,2048,48,16,2048,False,False,False,False,False,False,segmented,1920,47,15,1920,1920,64,64,128,128,0,2112,1920,47,15,1920,True,aime24:p12:s0:seed12042,True,False,False,0.859619140625,0.013871991075575352,"[8, 48, 128]","[8, 47, 128]",False,False
production,2048,False,False,0.951171875,0.002009516814723611,"[8, 48, 128]","[8, 47, 128]",False,31,legacy,2048,48,16,2048,2048,0,0,64,64,0,2112,2048,48,16,2048,False,False,False,False,False,False,segmented,1920,47,15,1920,1920,64,64,128,128,0,2112,1920,47,15,1920,True,aime24:p12:s0:seed12042,True,False,False,0.6015625,0.010218553245067596,"[8, 48, 128]","[8, 47, 128]",False,False
production,4096,False,False,0.0,0.0,"[8, 64, 128]","[8, 63, 128]",False,0,legacy,4096,64,32,4096,4096,0,0,64,64,0,4160,4096,64,32,4096,False,False,False,False,False,False,segmented,3968,63,31,3968,3968,64,64,128,128,0,4160,3968,63,31,3968,True,aime24:p12:s0:seed12042,True,False,False,0.0,0.0,"[8, 64, 128]","[8, 63, 128]",False,False
production,4096,False,False,0.32421875,6.081274477764964e-05,"[8, 64, 128]","[8, 63, 128]",False,1,legacy,4096,64,32,4096,4096,0,0,64,64,0,4160,4096,64,32,4096,False,False,False,False,False,False,segmented,3968,63,31,3968,3968,64,64,128,128,0,4160,3968,63,31,3968,True,aime24:p12:s0:seed12042,True,False,False,0.06689453125,0.0006497857975773513,"[8, 64, 128]","[8, 63, 128]",False,False
production,4096,False,False,2.125,0.001341243856586516,"[8, 64, 128]","[8, 63, 128]",False,2,legacy,4096,64,32,4096,4096,0,0,64,64,0,4160,4096,64,32,4096,False,False,False,False,False,False,segmented,3968,63,31,3968,3968,64,64,128,128,0,4160,3968,63,31,3968,True,aime24:p12:s0:seed12042,True,False,False,0.173583984375,0.0028971617575734854,"[8, 64, 128]","[8, 63, 128]",False,False
production,4096,False,False,0.828125,0.0009385302546434104,"[8, 64, 128]","[8, 63, 128]",False,3,legacy,4096,64,32,4096,4096,0,0,64,64,0,4160,4096,64,32,4096,False,False,False,False,False,False,segmented,3968,63,31,3968,3968,64,64,128,128,0,4160,3968,63,31,3968,True,aime24:p12:s0:seed12042,True,False,False,0.293212890625,0.010345025919377804,"[8, 64, 128]","[8, 63, 128]",False,False
production,4096,False,False,0.732421875,0.0008634779951535165,"[8, 64, 128]","[8, 63, 128]",False,4,legacy,4096,64,32,4096,4096,0,0,64,64,0,4160,4096,64,32,4096,False,False,False,False,False,False,segmented,3968,63,31,3968,3968,64,64,128,128,0,4160,3968,63,31,3968,True,aime24:p12:s0:seed12042,True,False,False,0.2333984375,0.009602028876543045,"[8, 64, 128]","[8, 63, 128]",False,False
production,4096,False,False,4.171875,0.0024732935708016157,"[8, 64, 128]","[8, 63, 128]",False,5,legacy,4096,64,32,4096,4096,0,0,64,64,0,4160,4096,64,32,4096,False,False,False,False,False,False,segmented,3968,63,31,3968,3968,64,64,128,128,0,4160,3968,63,31,3968,True,aime24:p12:s0:seed12042,True,False,False,0.22607421875,0.009022756479680538,"[8, 64, 128]","[8, 63, 128]",False,False
production,4096,False,False,2.888671875,0.002618046011775732,"[8, 64, 128]","[8, 63, 128]",False,6,legacy,4096,64,32,4096,4096,0,0,64,64,0,4160,4096,64,32,4096,False,False,False,False,False,False,segmented,3968,63,31,3968,3968,64,64,128,128,0,4160,3968,63,31,3968,True,aime24:p12:s0:seed12042,True,False,False,1.0224609375,0.03684906288981438,"[8, 64, 128]","[8, 63, 128]",False,False
production,4096,False,False,3.0625,0.0025912923738360405,"[8, 64, 128]","[8, 63, 128]",False,7,legacy,4096,64,32,4096,4096,0,0,64,64,0,4160,4096,64,32,4096,False,False,False,False,False,False,segmented,3968,63,31,3968,3968,64,64,128,128,0,4160,3968,63,31,3968,True,aime24:p12:s0:seed12042,True,False,False,0.3056640625,0.017686348408460617,"[8, 64, 128]","[8, 63, 128]",False,False
production,4096,False,False,1.583984375,0.003978827968239784,"[8, 64, 128]","[8, 63, 128]",False,8,legacy,4096,64,32,4096,4096,0,0,64,64,0,4160,4096,64,32,4096,False,False,False,False,False,False,segmented,3968,63,31,3968,3968,64,64,128,128,0,4160,3968,63,31,3968,True,aime24:p12:s0:seed12042,True,False,False,0.835205078125,0.02218041382730007,"[8, 64, 128]","[8, 63, 128]",False,False
production,4096,False,False,5.021484375,0.006000392604619265,"[8, 64, 128]","[8, 63, 128]",False,9,legacy,4096,64,32,4096,4096,0,0,64,64,0,4160,4096,64,32,4096,False,False,False,False,False,False,segmented,3968,63,31,3968,3968,64,64,128,128,0,4160,3968,63,31,3968,True,aime24:p12:s0:seed12042,True,False,False,0.58447265625,0.030654309317469597,"[8, 64, 128]","[8, 63, 128]",False,False
production,4096,False,False,1.2607421875,0.005925071891397238,"[8, 64, 128]","[8, 63, 128]",False,10,legacy,4096,64,32,4096,4096,0,0,64,64,0,4160,4096,64,32,4096,False,False,False,False,False,False,segmented,3968,63,31,3968,3968,64,64,128,128,0,4160,3968,63,31,3968,True,aime24:p12:s0:seed12042,True,False,False,0.414306640625,0.031241655349731445,"[8, 64, 128]","[8, 63, 128]",False,False
production,4096,False,False,1.642578125,0.008080498315393925,"[8, 64, 128]","[8, 63, 128]",False,11,legacy,4096,64,32,4096,4096,0,0,64,64,0,4160,4096,64,32,4096,False,False,False,False,False,False,segmented,3968,63,31,3968,3968,64,64,128,128,0,4160,3968,63,31,3968,True,aime24:p12:s0:seed12042,True,False,False,0.521484375,0.03790033236145973,"[8, 64, 128]","[8, 63, 128]",False,False
production,4096,False,False,1.5009765625,0.0056043751537799835,"[8, 64, 128]","[8, 63, 128]",False,12,legacy,4096,64,32,4096,4096,0,0,64,64,0,4160,4096,64,32,4096,False,False,False,False,False,False,segmented,3968,63,31,3968,3968,64,64,128,128,0,4160,3968,63,31,3968,True,aime24:p12:s0:seed12042,True,False,False,1.164794921875,0.05477128550410271,"[8, 64, 128]","[8, 63, 128]",False,False
production,4096,False,False,2.095703125,0.010436858981847763,"[8, 64, 128]","[8, 63, 128]",False,13,legacy,4096,64,32,4096,4096,0,0,64,64,0,4160,4096,64,32,4096,False,False,False,False,False,False,segmented,3968,63,31,3968,3968,64,64,128,128,0,4160,3968,63,31,3968,True,aime24:p12:s0:seed12042,True,False,False,0.40869140625,0.040477391332387924,"[8, 64, 128]","[8, 63, 128]",False,False
production,4096,False,False,1.759765625,0.008582673035562038,"[8, 64, 128]","[8, 63, 128]",False,14,legacy,4096,64,32,4096,4096,0,0,64,64,0,4160,4096,64,32,4096,False,False,False,False,False,False,segmented,3968,63,31,3968,3968,64,64,128,128,0,4160,3968,63,31,3968,True,aime24:p12:s0:seed12042,True,False,False,0.35595703125,0.034818846732378006,"[8, 64, 128]","[8, 63, 128]",False,False
production,4096,False,False,1.7919921875,0.007955341599881649,"[8, 64, 128]","[8, 63, 128]",False,15,legacy,4096,64,32,4096,4096,0,0,64,64,0,4160,4096,64,32,4096,False,False,False,False,False,False,segmented,3968,63,31,3968,3968,64,64,128,128,0,4160,3968,63,31,3968,True,aime24:p12:s0:seed12042,True,False,False,0.673828125,0.04725305363535881,"[8, 64, 128]","[8, 63, 128]",False,False
production,4096,False,False,1.8984375,0.006235177628695965,"[8, 64, 128]","[8, 63, 128]",False,16,legacy,4096,64,32,4096,4096,0,0,64,64,0,4160,4096,64,32,4096,False,False,False,False,False,False,segmented,3968,63,31,3968,3968,64,64,128,128,0,4160,3968,63,31,3968,True,aime24:p12:s0:seed12042,True,False,False,0.382568359375,0.027384387329220772,"[8, 64, 128]","[8, 63, 128]",False,False
production,4096,False,False,1.484375,0.006958857178688049,"[8, 64, 128]","[8, 63, 128]",False,17,legacy,4096,64,32,4096,4096,0,0,64,64,0,4160,4096,64,32,4096,False,False,False,False,False,False,segmented,3968,63,31,3968,3968,64,64,128,128,0,4160,3968,63,31,3968,True,aime24:p12:s0:seed12042,True,False,False,0.305908203125,0.029294174164533615,"[8, 64, 128]","[8, 63, 128]",False,False
production,4096,False,False,1.796875,0.006090592127293348,"[8, 64, 128]","[8, 63, 128]",False,18,legacy,4096,64,32,4096,4096,0,0,64,64,0,4160,4096,64,32,4096,False,False,False,False,False,False,segmented,3968,63,31,3968,3968,64,64,128,128,0,4160,3968,63,31,3968,True,aime24:p12:s0:seed12042,True,False,False,0.3349609375,0.019985109567642212,"[8, 64, 128]","[8, 63, 128]",False,False
production,4096,False,False,1.7646484375,0.005566377658396959,"[8, 64, 128]","[8, 63, 128]",False,19,legacy,4096,64,32,4096,4096,0,0,64,64,0,4160,4096,64,32,4096,False,False,False,False,False,False,segmented,3968,63,31,3968,3968,64,64,128,128,0,4160,3968,63,31,3968,True,aime24:p12:s0:seed12042,True,False,False,0.37158203125,0.021895918995141983,"[8, 64, 128]","[8, 63, 128]",False,False
production,4096,False,False,2.064453125,0.005325060337781906,"[8, 64, 128]","[8, 63, 128]",False,20,legacy,4096,64,32,4096,4096,0,0,64,64,0,4160,4096,64,32,4096,False,False,False,False,False,False,segmented,3968,63,31,3968,3968,64,64,128,128,0,4160,3968,63,31,3968,True,aime24:p12:s0:seed12042,True,False,False,0.360595703125,0.020374145358800888,"[8, 64, 128]","[8, 63, 128]",False,False
production,4096,False,False,1.525390625,0.006052653305232525,"[8, 64, 128]","[8, 63, 128]",False,21,legacy,4096,64,32,4096,4096,0,0,64,64,0,4160,4096,64,32,4096,False,False,False,False,False,False,segmented,3968,63,31,3968,3968,64,64,128,128,0,4160,3968,63,31,3968,True,aime24:p12:s0:seed12042,True,False,False,0.341552734375,0.0238508190959692,"[8, 64, 128]","[8, 63, 128]",False,False
production,4096,False,False,2.0078125,0.00607955502346158,"[8, 64, 128]","[8, 63, 128]",False,22,legacy,4096,64,32,4096,4096,0,0,64,64,0,4160,4096,64,32,4096,False,False,False,False,False,False,segmented,3968,63,31,3968,3968,64,64,128,128,0,4160,3968,63,31,3968,True,aime24:p12:s0:seed12042,True,False,False,0.461669921875,0.02221573516726494,"[8, 64, 128]","[8, 63, 128]",False,False
production,4096,False,False,1.521484375,0.00554931303486228,"[8, 64, 128]","[8, 63, 128]",False,23,legacy,4096,64,32,4096,4096,0,0,64,64,0,4160,4096,64,32,4096,False,False,False,False,False,False,segmented,3968,63,31,3968,3968,64,64,128,128,0,4160,3968,63,31,3968,True,aime24:p12:s0:seed12042,True,False,False,0.306640625,0.020473329350352287,"[8, 64, 128]","[8, 63, 128]",False,False
production,4096,False,False,1.4248046875,0.005340052768588066,"[8, 64, 128]","[8, 63, 128]",False,24,legacy,4096,64,32,4096,4096,0,0,64,64,0,4160,4096,64,32,4096,False,False,False,False,False,False,segmented,3968,63,31,3968,3968,64,64,128,128,0,4160,3968,63,31,3968,True,aime24:p12:s0:seed12042,True,False,False,0.39794921875,0.021416177973151207,"[8, 64, 128]","[8, 63, 128]",False,False
production,4096,False,False,1.478515625,0.00488452659919858,"[8, 64, 128]","[8, 63, 128]",False,25,legacy,4096,64,32,4096,4096,0,0,64,64,0,4160,4096,64,32,4096,False,False,False,False,False,False,segmented,3968,63,31,3968,3968,64,64,128,128,0,4160,3968,63,31,3968,True,aime24:p12:s0:seed12042,True,False,False,0.491943359375,0.021447131410241127,"[8, 64, 128]","[8, 63, 128]",False,False
production,4096,False,False,1.421875,0.00552540086209774,"[8, 64, 128]","[8, 63, 128]",False,26,legacy,4096,64,32,4096,4096,0,0,64,64,0,4160,4096,64,32,4096,False,False,False,False,False,False,segmented,3968,63,31,3968,3968,64,64,128,128,0,4160,3968,63,31,3968,True,aime24:p12:s0:seed12042,True,False,False,0.820556640625,0.026353808119893074,"[8, 64, 128]","[8, 63, 128]",False,False
production,4096,False,False,1.5380859375,0.005437789019197226,"[8, 64, 128]","[8, 63, 128]",False,27,legacy,4096,64,32,4096,4096,0,0,64,64,0,4160,4096,64,32,4096,False,False,False,False,False,False,segmented,3968,63,31,3968,3968,64,64,128,128,0,4160,3968,63,31,3968,True,aime24:p12:s0:seed12042,True,False,False,0.548828125,0.021563073620200157,"[8, 64, 128]","[8, 63, 128]",False,False
production,4096,False,False,1.501953125,0.004876184277236462,"[8, 64, 128]","[8, 63, 128]",False,28,legacy,4096,64,32,4096,4096,0,0,64,64,0,4160,4096,64,32,4096,False,False,False,False,False,False,segmented,3968,63,31,3968,3968,64,64,128,128,0,4160,3968,63,31,3968,True,aime24:p12:s0:seed12042,True,False,False,0.75927734375,0.02788037434220314,"[8, 64, 128]","[8, 63, 128]",False,False
production,4096,False,False,1.765625,0.004434007219970226,"[8, 64, 128]","[8, 63, 128]",False,29,legacy,4096,64,32,4096,4096,0,0,64,64,0,4160,4096,64,32,4096,False,False,False,False,False,False,segmented,3968,63,31,3968,3968,64,64,128,128,0,4160,3968,63,31,3968,True,aime24:p12:s0:seed12042,True,False,False,0.5634765625,0.0253447275608778,"[8, 64, 128]","[8, 63, 128]",False,False
production,4096,False,False,1.3955078125,0.005368376616388559,"[8, 64, 128]","[8, 63, 128]",False,30,legacy,4096,64,32,4096,4096,0,0,64,64,0,4160,4096,64,32,4096,False,False,False,False,False,False,segmented,3968,63,31,3968,3968,64,64,128,128,0,4160,3968,63,31,3968,True,aime24:p12:s0:seed12042,True,False,False,0.859619140625,0.025846339762210846,"[8, 64, 128]","[8, 63, 128]",False,False
production,4096,False,False,1.1767578125,0.003092615632340312,"[8, 64, 128]","[8, 63, 128]",False,31,legacy,4096,64,32,4096,4096,0,0,64,64,0,4160,4096,64,32,4096,False,False,False,False,False,False,segmented,3968,63,31,3968,3968,64,64,128,128,0,4160,3968,63,31,3968,True,aime24:p12:s0:seed12042,True,False,False,0.6015625,0.017546864226460457,"[8, 64, 128]","[8, 63, 128]",False,False
production,128,False,False,0.0,0.0,"[8, 33, 128]","[8, 32, 128]",False,0,legacy,128,33,1,128,128,0,0,104,104,0,232,128,33,1,128,False,False,False,False,False,False,segmented,0,32,0,0,0,104,104,128,128,0,232,0,32,0,0,True,aime24:p14:s0:seed14042,True,False,False,0.0,0.0,"[8, 33, 128]","[8, 32, 128]",False,False
production,128,False,False,0.0,0.0,"[8, 33, 128]","[8, 32, 128]",False,1,legacy,128,33,1,128,128,0,0,104,104,0,232,128,33,1,128,False,False,False,False,False,False,segmented,0,32,0,0,0,104,104,128,128,0,232,0,32,0,0,True,aime24:p14:s0:seed14042,True,False,False,0.0,0.0,"[8, 33, 128]","[8, 32, 128]",False,False
production,128,False,False,0.0,0.0,"[8, 33, 128]","[8, 32, 128]",False,2,legacy,128,33,1,128,128,0,0,104,104,0,232,128,33,1,128,False,False,False,False,False,False,segmented,0,32,0,0,0,104,104,128,128,0,232,0,32,0,0,True,aime24:p14:s0:seed14042,True,False,False,0.0,0.0,"[8, 33, 128]","[8, 32, 128]",False,False
production,128,False,False,0.0,0.0,"[8, 33, 128]","[8, 32, 128]",False,3,legacy,128,33,1,128,128,0,0,104,104,0,232,128,33,1,128,False,False,False,False,False,False,segmented,0,32,0,0,0,104,104,128,128,0,232,0,32,0,0,True,aime24:p14:s0:seed14042,True,False,False,0.0,0.0,"[8, 33, 128]","[8, 32, 128]",False,False
production,128,False,False,0.0,0.0,"[8, 33, 128]","[8, 32, 128]",False,4,legacy,128,33,1,128,128,0,0,104,104,0,232,128,33,1,128,False,False,False,False,False,False,segmented,0,32,0,0,0,104,104,128,128,0,232,0,32,0,0,True,aime24:p14:s0:seed14042,True,False,False,0.0,0.0,"[8, 33, 128]","[8, 32, 128]",False,False
production,128,False,False,0.0,0.0,"[8, 33, 128]","[8, 32, 128]",False,5,legacy,128,33,1,128,128,0,0,104,104,0,232,128,33,1,128,False,False,False,False,False,False,segmented,0,32,0,0,0,104,104,128,128,0,232,0,32,0,0,True,aime24:p14:s0:seed14042,True,False,False,0.0,0.0,"[8, 33, 128]","[8, 32, 128]",False,False
production,128,False,False,0.0,0.0,"[8, 33, 128]","[8, 32, 128]",False,6,legacy,128,33,1,128,128,0,0,104,104,0,232,128,33,1,128,False,False,False,False,False,False,segmented,0,32,0,0,0,104,104,128,128,0,232,0,32,0,0,True,aime24:p14:s0:seed14042,True,False,False,0.0,0.0,"[8, 33, 128]","[8, 32, 128]",False,False
production,128,False,False,0.0,0.0,"[8, 33, 128]","[8, 32, 128]",False,7,legacy,128,33,1,128,128,0,0,104,104,0,232,128,33,1,128,False,False,False,False,False,False,segmented,0,32,0,0,0,104,104,128,128,0,232,0,32,0,0,True,aime24:p14:s0:seed14042,True,False,False,0.0,0.0,"[8, 33, 128]","[8, 32, 128]",False,False
production,128,False,False,0.0,0.0,"[8, 33, 128]","[8, 32, 128]",False,8,legacy,128,33,1,128,128,0,0,104,104,0,232,128,33,1,128,False,False,False,False,False,False,segmented,0,32,0,0,0,104,104,128,128,0,232,0,32,0,0,True,aime24:p14:s0:seed14042,True,False,False,0.0,0.0,"[8, 33, 128]","[8, 32, 128]",False,False
production,128,False,False,0.0,0.0,"[8, 33, 128]","[8, 32, 128]",False,9,legacy,128,33,1,128,128,0,0,104,104,0,232,128,33,1,128,False,False,False,False,False,False,segmented,0,32,0,0,0,104,104,128,128,0,232,0,32,0,0,True,aime24:p14:s0:seed14042,True,False,False,0.0,0.0,"[8, 33, 128]","[8, 32, 128]",False,False
production,128,False,False,0.0,0.0,"[8, 33, 128]","[8, 32, 128]",False,10,legacy,128,33,1,128,128,0,0,104,104,0,232,128,33,1,128,False,False,False,False,False,False,segmented,0,32,0,0,0,104,104,128,128,0,232,0,32,0,0,True,aime24:p14:s0:seed14042,True,False,False,0.0,0.0,"[8, 33, 128]","[8, 32, 128]",False,False
production,128,False,False,0.0,0.0,"[8, 33, 128]","[8, 32, 128]",False,11,legacy,128,33,1,128,128,0,0,104,104,0,232,128,33,1,128,False,False,False,False,False,False,segmented,0,32,0,0,0,104,104,128,128,0,232,0,32,0,0,True,aime24:p14:s0:seed14042,True,False,False,0.0,0.0,"[8, 33, 128]","[8, 32, 128]",False,False
production,128,False,False,0.0,0.0,"[8, 33, 128]","[8, 32, 128]",False,12,legacy,128,33,1,128,128,0,0,104,104,0,232,128,33,1,128,False,False,False,False,False,False,segmented,0,32,0,0,0,104,104,128,128,0,232,0,32,0,0,True,aime24:p14:s0:seed14042,True,False,False,0.0,0.0,"[8, 33, 128]","[8, 32, 128]",False,False
production,128,False,False,0.0,0.0,"[8, 33, 128]","[8, 32, 128]",False,13,legacy,128,33,1,128,128,0,0,104,104,0,232,128,33,1,128,False,False,False,False,False,False,segmented,0,32,0,0,0,104,104,128,128,0,232,0,32,0,0,True,aime24:p14:s0:seed14042,True,False,False,0.0,0.0,"[8, 33, 128]","[8, 32, 128]",False,False
production,128,False,False,0.0,0.0,"[8, 33, 128]","[8, 32, 128]",False,14,legacy,128,33,1,128,128,0,0,104,104,0,232,128,33,1,128,False,False,False,False,False,False,segmented,0,32,0,0,0,104,104,128,128,0,232,0,32,0,0,True,aime24:p14:s0:seed14042,True,False,False,0.0,0.0,"[8, 33, 128]","[8, 32, 128]",False,False
production,128,False,False,0.0,0.0,"[8, 33, 128]","[8, 32, 128]",False,15,legacy,128,33,1,128,128,0,0,104,104,0,232,128,33,1,128,False,False,False,False,False,False,segmented,0,32,0,0,0,104,104,128,128,0,232,0,32,0,0,True,aime24:p14:s0:seed14042,True,False,False,0.0,0.0,"[8, 33, 128]","[8, 32, 128]",False,False
production,128,False,False,0.0,0.0,"[8, 33, 128]","[8, 32, 128]",False,16,legacy,128,33,1,128,128,0,0,104,104,0,232,128,33,1,128,False,False,False,False,False,False,segmented,0,32,0,0,0,104,104,128,128,0,232,0,32,0,0,True,aime24:p14:s0:seed14042,True,False,False,0.0,0.0,"[8, 33, 128]","[8, 32, 128]",False,False
production,128,False,False,0.0,0.0,"[8, 33, 128]","[8, 32, 128]",False,17,legacy,128,33,1,128,128,0,0,104,104,0,232,128,33,1,128,False,False,False,False,False,False,segmented,0,32,0,0,0,104,104,128,128,0,232,0,32,0,0,True,aime24:p14:s0:seed14042,True,False,False,0.0,0.0,"[8, 33, 128]","[8, 32, 128]",False,False
production,128,False,False,0.0,0.0,"[8, 33, 128]","[8, 32, 128]",False,18,legacy,128,33,1,128,128,0,0,104,104,0,232,128,33,1,128,False,False,False,False,False,False,segmented,0,32,0,0,0,104,104,128,128,0,232,0,32,0,0,True,aime24:p14:s0:seed14042,True,False,False,0.0,0.0,"[8, 33, 128]","[8, 32, 128]",False,False
production,128,False,False,0.0,0.0,"[8, 33, 128]","[8, 32, 128]",False,19,legacy,128,33,1,128,128,0,0,104,104,0,232,128,33,1,128,False,False,False,False,False,False,segmented,0,32,0,0,0,104,104,128,128,0,232,0,32,0,0,True,aime24:p14:s0:seed14042,True,False,False,0.0,0.0,"[8, 33, 128]","[8, 32, 128]",False,False
production,128,False,False,0.0,0.0,"[8, 33, 128]","[8, 32, 128]",False,20,legacy,128,33,1,128,128,0,0,104,104,0,232,128,33,1,128,False,False,False,False,False,False,segmented,0,32,0,0,0,104,104,128,128,0,232,0,32,0,0,True,aime24:p14:s0:seed14042,True,False,False,0.0,0.0,"[8, 33, 128]","[8, 32, 128]",False,False
production,128,False,False,0.0,0.0,"[8, 33, 128]","[8, 32, 128]",False,21,legacy,128,33,1,128,128,0,0,104,104,0,232,128,33,1,128,False,False,False,False,False,False,segmented,0,32,0,0,0,104,104,128,128,0,232,0,32,0,0,True,aime24:p14:s0:seed14042,True,False,False,0.0,0.0,"[8, 33, 128]","[8, 32, 128]",False,False
production,128,False,False,0.0,0.0,"[8, 33, 128]","[8, 32, 128]",False,22,legacy,128,33,1,128,128,0,0,104,104,0,232,128,33,1,128,False,False,False,False,False,False,segmented,0,32,0,0,0,104,104,128,128,0,232,0,32,0,0,True,aime24:p14:s0:seed14042,True,False,False,0.0,0.0,"[8, 33, 128]","[8, 32, 128]",False,False
production,128,False,False,0.0,0.0,"[8, 33, 128]","[8, 32, 128]",False,23,legacy,128,33,1,128,128,0,0,104,104,0,232,128,33,1,128,False,False,False,False,False,False,segmented,0,32,0,0,0,104,104,128,128,0,232,0,32,0,0,True,aime24:p14:s0:seed14042,True,False,False,0.0,0.0,"[8, 33, 128]","[8, 32, 128]",False,False
production,128,False,False,0.0,0.0,"[8, 33, 128]","[8, 32, 128]",False,24,legacy,128,33,1,128,128,0,0,104,104,0,232,128,33,1,128,False,False,False,False,False,False,segmented,0,32,0,0,0,104,104,128,128,0,232,0,32,0,0,True,aime24:p14:s0:seed14042,True,False,False,0.0,0.0,"[8, 33, 128]","[8, 32, 128]",False,False
production,128,False,False,0.0,0.0,"[8, 33, 128]","[8, 32, 128]",False,25,legacy,128,33,1,128,128,0,0,104,104,0,232,128,33,1,128,False,False,False,False,False,False,segmented,0,32,0,0,0,104,104,128,128,0,232,0,32,0,0,True,aime24:p14:s0:seed14042,True,False,False,0.0,0.0,"[8, 33, 128]","[8, 32, 128]",False,False
production,128,False,False,0.0,0.0,"[8, 33, 128]","[8, 32, 128]",False,26,legacy,128,33,1,128,128,0,0,104,104,0,232,128,33,1,128,False,False,False,False,False,False,segmented,0,32,0,0,0,104,104,128,128,0,232,0,32,0,0,True,aime24:p14:s0:seed14042,True,False,False,0.0,0.0,"[8, 33, 128]","[8, 32, 128]",False,False
production,128,False,False,0.0,0.0,"[8, 33, 128]","[8, 32, 128]",False,27,legacy,128,33,1,128,128,0,0,104,104,0,232,128,33,1,128,False,False,False,False,False,False,segmented,0,32,0,0,0,104,104,128,128,0,232,0,32,0,0,True,aime24:p14:s0:seed14042,True,False,False,0.0,0.0,"[8, 33, 128]","[8, 32, 128]",False,False
production,128,False,False,0.0,0.0,"[8, 33, 128]","[8, 32, 128]",False,28,legacy,128,33,1,128,128,0,0,104,104,0,232,128,33,1,128,False,False,False,False,False,False,segmented,0,32,0,0,0,104,104,128,128,0,232,0,32,0,0,True,aime24:p14:s0:seed14042,True,False,False,0.0,0.0,"[8, 33, 128]","[8, 32, 128]",False,False
production,128,False,False,0.0,0.0,"[8, 33, 128]","[8, 32, 128]",False,29,legacy,128,33,1,128,128,0,0,104,104,0,232,128,33,1,128,False,False,False,False,False,False,segmented,0,32,0,0,0,104,104,128,128,0,232,0,32,0,0,True,aime24:p14:s0:seed14042,True,False,False,0.0,0.0,"[8, 33, 128]","[8, 32, 128]",False,False
production,128,False,False,0.0,0.0,"[8, 33, 128]","[8, 32, 128]",False,30,legacy,128,33,1,128,128,0,0,104,104,0,232,128,33,1,128,False,False,False,False,False,False,segmented,0,32,0,0,0,104,104,128,128,0,232,0,32,0,0,True,aime24:p14:s0:seed14042,True,False,False,0.0,0.0,"[8, 33, 128]","[8, 32, 128]",False,False
production,128,False,False,0.0,0.0,"[8, 33, 128]","[8, 32, 128]",False,31,legacy,128,33,1,128,128,0,0,104,104,0,232,128,33,1,128,False,False,False,False,False,False,segmented,0,32,0,0,0,104,104,128,128,0,232,0,32,0,0,True,aime24:p14:s0:seed14042,True,False,False,0.0,0.0,"[8, 33, 128]","[8, 32, 128]",False,False
production,256,False,False,0.0,0.0,"[8, 34, 128]","[8, 33, 128]",False,0,legacy,256,34,2,256,256,0,0,104,104,0,360,256,34,2,256,False,False,False,False,False,False,segmented,128,33,1,128,128,104,104,128,128,0,360,128,33,1,128,True,aime24:p14:s0:seed14042,True,False,False,0.0,0.0,"[8, 34, 128]","[8, 33, 128]",False,False
production,256,False,False,0.0,0.0,"[8, 34, 128]","[8, 33, 128]",False,1,legacy,256,34,2,256,256,0,0,104,104,0,360,256,34,2,256,False,False,False,False,False,False,segmented,128,33,1,128,128,104,104,128,128,0,360,128,33,1,128,True,aime24:p14:s0:seed14042,True,False,False,0.0,0.0,"[8, 34, 128]","[8, 33, 128]",False,False
production,256,False,False,0.0,0.0,"[8, 34, 128]","[8, 33, 128]",False,2,legacy,256,34,2,256,256,0,0,104,104,0,360,256,34,2,256,False,False,False,False,False,False,segmented,128,33,1,128,128,104,104,128,128,0,360,128,33,1,128,True,aime24:p14:s0:seed14042,True,False,False,0.0,0.0,"[8, 34, 128]","[8, 33, 128]",False,False
production,256,False,False,0.0,0.0,"[8, 34, 128]","[8, 33, 128]",False,3,legacy,256,34,2,256,256,0,0,104,104,0,360,256,34,2,256,False,False,False,False,False,False,segmented,128,33,1,128,128,104,104,128,128,0,360,128,33,1,128,True,aime24:p14:s0:seed14042,True,False,False,0.0,0.0,"[8, 34, 128]","[8, 33, 128]",False,False
production,256,False,False,0.0,0.0,"[8, 34, 128]","[8, 33, 128]",False,4,legacy,256,34,2,256,256,0,0,104,104,0,360,256,34,2,256,False,False,False,False,False,False,segmented,128,33,1,128,128,104,104,128,128,0,360,128,33,1,128,True,aime24:p14:s0:seed14042,True,False,False,0.0,0.0,"[8, 34, 128]","[8, 33, 128]",False,False
production,256,False,False,0.0,0.0,"[8, 34, 128]","[8, 33, 128]",False,5,legacy,256,34,2,256,256,0,0,104,104,0,360,256,34,2,256,False,False,False,False,False,False,segmented,128,33,1,128,128,104,104,128,128,0,360,128,33,1,128,True,aime24:p14:s0:seed14042,True,False,False,0.0,0.0,"[8, 34, 128]","[8, 33, 128]",False,False
production,256,False,False,0.0,0.0,"[8, 34, 128]","[8, 33, 128]",False,6,legacy,256,34,2,256,256,0,0,104,104,0,360,256,34,2,256,False,False,False,False,False,False,segmented,128,33,1,128,128,104,104,128,128,0,360,128,33,1,128,True,aime24:p14:s0:seed14042,True,False,False,0.0,0.0,"[8, 34, 128]","[8, 33, 128]",False,False
production,256,False,False,0.0,0.0,"[8, 34, 128]","[8, 33, 128]",False,7,legacy,256,34,2,256,256,0,0,104,104,0,360,256,34,2,256,False,False,False,False,False,False,segmented,128,33,1,128,128,104,104,128,128,0,360,128,33,1,128,True,aime24:p14:s0:seed14042,True,False,False,0.0,0.0,"[8, 34, 128]","[8, 33, 128]",False,False
production,256,False,False,0.0,0.0,"[8, 34, 128]","[8, 33, 128]",False,8,legacy,256,34,2,256,256,0,0,104,104,0,360,256,34,2,256,False,False,False,False,False,False,segmented,128,33,1,128,128,104,104,128,128,0,360,128,33,1,128,True,aime24:p14:s0:seed14042,True,False,False,0.0,0.0,"[8, 34, 128]","[8, 33, 128]",False,False
production,256,False,False,0.0,0.0,"[8, 34, 128]","[8, 33, 128]",False,9,legacy,256,34,2,256,256,0,0,104,104,0,360,256,34,2,256,False,False,False,False,False,False,segmented,128,33,1,128,128,104,104,128,128,0,360,128,33,1,128,True,aime24:p14:s0:seed14042,True,False,False,0.0,0.0,"[8, 34, 128]","[8, 33, 128]",False,False
production,256,False,False,0.0,0.0,"[8, 34, 128]","[8, 33, 128]",False,10,legacy,256,34,2,256,256,0,0,104,104,0,360,256,34,2,256,False,False,False,False,False,False,segmented,128,33,1,128,128,104,104,128,128,0,360,128,33,1,128,True,aime24:p14:s0:seed14042,True,False,False,0.0,0.0,"[8, 34, 128]","[8, 33, 128]",False,False
production,256,False,False,0.0,0.0,"[8, 34, 128]","[8, 33, 128]",False,11,legacy,256,34,2,256,256,0,0,104,104,0,360,256,34,2,256,False,False,False,False,False,False,segmented,128,33,1,128,128,104,104,128,128,0,360,128,33,1,128,True,aime24:p14:s0:seed14042,True,False,False,0.0,0.0,"[8, 34, 128]","[8, 33, 128]",False,False
production,256,False,False,0.0,0.0,"[8, 34, 128]","[8, 33, 128]",False,12,legacy,256,34,2,256,256,0,0,104,104,0,360,256,34,2,256,False,False,False,False,False,False,segmented,128,33,1,128,128,104,104,128,128,0,360,128,33,1,128,True,aime24:p14:s0:seed14042,True,False,False,0.0,0.0,"[8, 34, 128]","[8, 33, 128]",False,False
production,256,False,False,0.0,0.0,"[8, 34, 128]","[8, 33, 128]",False,13,legacy,256,34,2,256,256,0,0,104,104,0,360,256,34,2,256,False,False,False,False,False,False,segmented,128,33,1,128,128,104,104,128,128,0,360,128,33,1,128,True,aime24:p14:s0:seed14042,True,False,False,0.0,0.0,"[8, 34, 128]","[8, 33, 128]",False,False
production,256,False,False,0.0,0.0,"[8, 34, 128]","[8, 33, 128]",False,14,legacy,256,34,2,256,256,0,0,104,104,0,360,256,34,2,256,False,False,False,False,False,False,segmented,128,33,1,128,128,104,104,128,128,0,360,128,33,1,128,True,aime24:p14:s0:seed14042,True,False,False,0.0,0.0,"[8, 34, 128]","[8, 33, 128]",False,False
production,256,False,False,0.0,0.0,"[8, 34, 128]","[8, 33, 128]",False,15,legacy,256,34,2,256,256,0,0,104,104,0,360,256,34,2,256,False,False,False,False,False,False,segmented,128,33,1,128,128,104,104,128,128,0,360,128,33,1,128,True,aime24:p14:s0:seed14042,True,False,False,0.0,0.0,"[8, 34, 128]","[8, 33, 128]",False,False
production,256,False,False,0.0,0.0,"[8, 34, 128]","[8, 33, 128]",False,16,legacy,256,34,2,256,256,0,0,104,104,0,360,256,34,2,256,False,False,False,False,False,False,segmented,128,33,1,128,128,104,104,128,128,0,360,128,33,1,128,True,aime24:p14:s0:seed14042,True,False,False,0.0,0.0,"[8, 34, 128]","[8, 33, 128]",False,False
production,256,False,False,0.0,0.0,"[8, 34, 128]","[8, 33, 128]",False,17,legacy,256,34,2,256,256,0,0,104,104,0,360,256,34,2,256,False,False,False,False,False,False,segmented,128,33,1,128,128,104,104,128,128,0,360,128,33,1,128,True,aime24:p14:s0:seed14042,True,False,False,0.0,0.0,"[8, 34, 128]","[8, 33, 128]",False,False
production,256,False,False,0.0,0.0,"[8, 34, 128]","[8, 33, 128]",False,18,legacy,256,34,2,256,256,0,0,104,104,0,360,256,34,2,256,False,False,False,False,False,False,segmented,128,33,1,128,128,104,104,128,128,0,360,128,33,1,128,True,aime24:p14:s0:seed14042,True,False,False,0.0,0.0,"[8, 34, 128]","[8, 33, 128]",False,False
production,256,False,False,0.0,0.0,"[8, 34, 128]","[8, 33, 128]",False,19,legacy,256,34,2,256,256,0,0,104,104,0,360,256,34,2,256,False,False,False,False,False,False,segmented,128,33,1,128,128,104,104,128,128,0,360,128,33,1,128,True,aime24:p14:s0:seed14042,True,False,False,0.0,0.0,"[8, 34, 128]","[8, 33, 128]",False,False
production,256,False,False,0.0,0.0,"[8, 34, 128]","[8, 33, 128]",False,20,legacy,256,34,2,256,256,0,0,104,104,0,360,256,34,2,256,False,False,False,False,False,False,segmented,128,33,1,128,128,104,104,128,128,0,360,128,33,1,128,True,aime24:p14:s0:seed14042,True,False,False,0.0,0.0,"[8, 34, 128]","[8, 33, 128]",False,False
production,256,False,False,0.0,0.0,"[8, 34, 128]","[8, 33, 128]",False,21,legacy,256,34,2,256,256,0,0,104,104,0,360,256,34,2,256,False,False,False,False,False,False,segmented,128,33,1,128,128,104,104,128,128,0,360,128,33,1,128,True,aime24:p14:s0:seed14042,True,False,False,0.0,0.0,"[8, 34, 128]","[8, 33, 128]",False,False
production,256,False,False,0.0,0.0,"[8, 34, 128]","[8, 33, 128]",False,22,legacy,256,34,2,256,256,0,0,104,104,0,360,256,34,2,256,False,False,False,False,False,False,segmented,128,33,1,128,128,104,104,128,128,0,360,128,33,1,128,True,aime24:p14:s0:seed14042,True,False,False,0.0,0.0,"[8, 34, 128]","[8, 33, 128]",False,False
production,256,False,False,0.0,0.0,"[8, 34, 128]","[8, 33, 128]",False,23,legacy,256,34,2,256,256,0,0,104,104,0,360,256,34,2,256,False,False,False,False,False,False,segmented,128,33,1,128,128,104,104,128,128,0,360,128,33,1,128,True,aime24:p14:s0:seed14042,True,False,False,0.0,0.0,"[8, 34, 128]","[8, 33, 128]",False,False
production,256,False,False,0.0,0.0,"[8, 34, 128]","[8, 33, 128]",False,24,legacy,256,34,2,256,256,0,0,104,104,0,360,256,34,2,256,False,False,False,False,False,False,segmented,128,33,1,128,128,104,104,128,128,0,360,128,33,1,128,True,aime24:p14:s0:seed14042,True,False,False,0.0,0.0,"[8, 34, 128]","[8, 33, 128]",False,False
production,256,False,False,0.0,0.0,"[8, 34, 128]","[8, 33, 128]",False,25,legacy,256,34,2,256,256,0,0,104,104,0,360,256,34,2,256,False,False,False,False,False,False,segmented,128,33,1,128,128,104,104,128,128,0,360,128,33,1,128,True,aime24:p14:s0:seed14042,True,False,False,0.0,0.0,"[8, 34, 128]","[8, 33, 128]",False,False
production,256,False,False,0.0,0.0,"[8, 34, 128]","[8, 33, 128]",False,26,legacy,256,34,2,256,256,0,0,104,104,0,360,256,34,2,256,False,False,False,False,False,False,segmented,128,33,1,128,128,104,104,128,128,0,360,128,33,1,128,True,aime24:p14:s0:seed14042,True,False,False,0.0,0.0,"[8, 34, 128]","[8, 33, 128]",False,False
production,256,False,False,0.0,0.0,"[8, 34, 128]","[8, 33, 128]",False,27,legacy,256,34,2,256,256,0,0,104,104,0,360,256,34,2,256,False,False,False,False,False,False,segmented,128,33,1,128,128,104,104,128,128,0,360,128,33,1,128,True,aime24:p14:s0:seed14042,True,False,False,0.0,0.0,"[8, 34, 128]","[8, 33, 128]",False,False
production,256,False,False,0.0,0.0,"[8, 34, 128]","[8, 33, 128]",False,28,legacy,256,34,2,256,256,0,0,104,104,0,360,256,34,2,256,False,False,False,False,False,False,segmented,128,33,1,128,128,104,104,128,128,0,360,128,33,1,128,True,aime24:p14:s0:seed14042,True,False,False,0.0,0.0,"[8, 34, 128]","[8, 33, 128]",False,False
production,256,False,False,0.0,0.0,"[8, 34, 128]","[8, 33, 128]",False,29,legacy,256,34,2,256,256,0,0,104,104,0,360,256,34,2,256,False,False,False,False,False,False,segmented,128,33,1,128,128,104,104,128,128,0,360,128,33,1,128,True,aime24:p14:s0:seed14042,True,False,False,0.0,0.0,"[8, 34, 128]","[8, 33, 128]",False,False
production,256,False,False,0.0,0.0,"[8, 34, 128]","[8, 33, 128]",False,30,legacy,256,34,2,256,256,0,0,104,104,0,360,256,34,2,256,False,False,False,False,False,False,segmented,128,33,1,128,128,104,104,128,128,0,360,128,33,1,128,True,aime24:p14:s0:seed14042,True,False,False,0.0,0.0,"[8, 34, 128]","[8, 33, 128]",False,False
production,256,False,False,0.0,0.0,"[8, 34, 128]","[8, 33, 128]",False,31,legacy,256,34,2,256,256,0,0,104,104,0,360,256,34,2,256,False,False,False,False,False,False,segmented,128,33,1,128,128,104,104,128,128,0,360,128,33,1,128,True,aime24:p14:s0:seed14042,True,False,False,0.0,0.0,"[8, 34, 128]","[8, 33, 128]",False,False
production,512,False,False,0.0,0.0,"[8, 36, 128]","[8, 35, 128]",False,0,legacy,512,36,4,512,512,0,0,104,104,0,616,512,36,4,512,False,False,False,False,False,False,segmented,384,35,3,384,384,104,104,128,128,0,616,384,35,3,384,True,aime24:p14:s0:seed14042,True,False,False,0.0,0.0,"[8, 36, 128]","[8, 35, 128]",False,False
production,512,False,False,0.1875,1.5635450836271048e-05,"[8, 36, 128]","[8, 35, 128]",False,1,legacy,512,36,4,512,512,0,0,104,104,0,616,512,36,4,512,False,False,False,False,False,False,segmented,384,35,3,384,384,104,104,128,128,0,616,384,35,3,384,True,aime24:p14:s0:seed14042,True,False,False,0.020751953125,0.0001400870969519019,"[8, 36, 128]","[8, 35, 128]",False,False
production,512,False,False,2.47265625,0.0007357197464443743,"[8, 36, 128]","[8, 35, 128]",False,2,legacy,512,36,4,512,512,0,0,104,104,0,616,512,36,4,512,False,False,False,False,False,False,segmented,384,35,3,384,384,104,104,128,128,0,616,384,35,3,384,True,aime24:p14:s0:seed14042,True,False,False,0.126953125,0.0012089005904272199,"[8, 36, 128]","[8, 35, 128]",False,False
production,512,False,False,0.68896484375,0.0003417104890104383,"[8, 36, 128]","[8, 35, 128]",False,3,legacy,512,36,4,512,512,0,0,104,104,0,616,512,36,4,512,False,False,False,False,False,False,segmented,384,35,3,384,384,104,104,128,128,0,616,384,35,3,384,True,aime24:p14:s0:seed14042,True,False,False,0.186279296875,0.002221300732344389,"[8, 36, 128]","[8, 35, 128]",False,False
production,512,False,False,0.7216796875,0.0003480825398582965,"[8, 36, 128]","[8, 35, 128]",False,4,legacy,512,36,4,512,512,0,0,104,104,0,616,512,36,4,512,False,False,False,False,False,False,segmented,384,35,3,384,384,104,104,128,128,0,616,384,35,3,384,True,aime24:p14:s0:seed14042,True,False,False,0.270263671875,0.0029411737341433764,"[8, 36, 128]","[8, 35, 128]",False,False
production,512,False,False,1.9375,0.0008807236445136368,"[8, 36, 128]","[8, 35, 128]",False,5,legacy,512,36,4,512,512,0,0,104,104,0,616,512,36,4,512,False,False,False,False,False,False,segmented,384,35,3,384,384,104,104,128,128,0,616,384,35,3,384,True,aime24:p14:s0:seed14042,True,False,False,0.1783447265625,0.0030020521953701973,"[8, 36, 128]","[8, 35, 128]",False,False
production,512,False,False,1.158203125,0.0006305345450527966,"[8, 36, 128]","[8, 35, 128]",False,6,legacy,512,36,4,512,512,0,0,104,104,0,616,512,36,4,512,False,False,False,False,False,False,segmented,384,35,3,384,384,104,104,128,128,0,616,384,35,3,384,True,aime24:p14:s0:seed14042,True,False,False,0.415283203125,0.0039045531302690506,"[8, 36, 128]","[8, 35, 128]",False,False
production,512,False,False,1.2373046875,0.0005736442399211228,"[8, 36, 128]","[8, 35, 128]",False,7,legacy,512,36,4,512,512,0,0,104,104,0,616,512,36,4,512,False,False,False,False,False,False,segmented,384,35,3,384,384,104,104,128,128,0,616,384,35,3,384,True,aime24:p14:s0:seed14042,True,False,False,0.2626953125,0.003270308254286647,"[8, 36, 128]","[8, 35, 128]",False,False
production,512,False,False,2.095703125,0.0013026109663769603,"[8, 36, 128]","[8, 35, 128]",False,8,legacy,512,36,4,512,512,0,0,104,104,0,616,512,36,4,512,False,False,False,False,False,False,segmented,384,35,3,384,384,104,104,128,128,0,616,384,35,3,384,True,aime24:p14:s0:seed14042,True,False,False,0.348388671875,0.0046668765135109425,"[8, 36, 128]","[8, 35, 128]",False,False
production,512,False,False,1.724609375,0.00166261603590101,"[8, 36, 128]","[8, 35, 128]",False,9,legacy,512,36,4,512,512,0,0,104,104,0,616,512,36,4,512,False,False,False,False,False,False,segmented,384,35,3,384,384,104,104,128,128,0,616,384,35,3,384,True,aime24:p14:s0:seed14042,True,False,False,0.6005859375,0.0058016180992126465,"[8, 36, 128]","[8, 35, 128]",False,False
production,512,False,False,1.2998046875,0.0014420946827158332,"[8, 36, 128]","[8, 35, 128]",False,10,legacy,512,36,4,512,512,0,0,104,104,0,616,512,36,4,512,False,False,False,False,False,False,segmented,384,35,3,384,384,104,104,128,128,0,616,384,35,3,384,True,aime24:p14:s0:seed14042,True,False,False,0.460205078125,0.005539434030652046,"[8, 36, 128]","[8, 35, 128]",False,False
production,512,False,False,1.078125,0.0016292936634272337,"[8, 36, 128]","[8, 35, 128]",False,11,legacy,512,36,4,512,512,0,0,104,104,0,616,512,36,4,512,False,False,False,False,False,False,segmented,384,35,3,384,384,104,104,128,128,0,616,384,35,3,384,True,aime24:p14:s0:seed14042,True,False,False,0.337158203125,0.0050232065841555595,"[8, 36, 128]","[8, 35, 128]",False,False
production,512,False,False,1.08984375,0.0011908886954188347,"[8, 36, 128]","[8, 35, 128]",False,12,legacy,512,36,4,512,512,0,0,104,104,0,616,512,36,4,512,False,False,False,False,False,False,segmented,384,35,3,384,384,104,104,128,128,0,616,384,35,3,384,True,aime24:p14:s0:seed14042,True,False,False,0.407958984375,0.006407206412404776,"[8, 36, 128]","[8, 35, 128]",False,False
production,512,False,False,2.033203125,0.0025599156506359577,"[8, 36, 128]","[8, 35, 128]",False,13,legacy,512,36,4,512,512,0,0,104,104,0,616,512,36,4,512,False,False,False,False,False,False,segmented,384,35,3,384,384,104,104,128,128,0,616,384,35,3,384,True,aime24:p14:s0:seed14042,True,False,False,0.35009765625,0.005288983229547739,"[8, 36, 128]","[8, 35, 128]",False,False
production,512,False,False,1.853515625,0.0017900154925882816,"[8, 36, 128]","[8, 35, 128]",False,14,legacy,512,36,4,512,512,0,0,104,104,0,616,512,36,4,512,False,False,False,False,False,False,segmented,384,35,3,384,384,104,104,128,128,0,616,384,35,3,384,True,aime24:p14:s0:seed14042,True,False,False,0.370849609375,0.005098616238683462,"[8, 36, 128]","[8, 35, 128]",False,False
production,512,False,False,1.9248046875,0.001880101626738906,"[8, 36, 128]","[8, 35, 128]",False,15,legacy,512,36,4,512,512,0,0,104,104,0,616,512,36,4,512,False,False,False,False,False,False,segmented,384,35,3,384,384,104,104,128,128,0,616,384,35,3,384,True,aime24:p14:s0:seed14042,True,False,False,0.453857421875,0.006230000872164965,"[8, 36, 128]","[8, 35, 128]",False,False
production,512,False,False,1.6748046875,0.0015237022889778018,"[8, 36, 128]","[8, 35, 128]",False,16,legacy,512,36,4,512,512,0,0,104,104,0,616,512,36,4,512,False,False,False,False,False,False,segmented,384,35,3,384,384,104,104,128,128,0,616,384,35,3,384,True,aime24:p14:s0:seed14042,True,False,False,0.312255859375,0.0043159895576536655,"[8, 36, 128]","[8, 35, 128]",False,False
production,512,False,False,1.912109375,0.0016737227560952306,"[8, 36, 128]","[8, 35, 128]",False,17,legacy,512,36,4,512,512,0,0,104,104,0,616,512,36,4,512,False,False,False,False,False,False,segmented,384,35,3,384,384,104,104,128,128,0,616,384,35,3,384,True,aime24:p14:s0:seed14042,True,False,False,0.3251953125,0.004001324065029621,"[8, 36, 128]","[8, 35, 128]",False,False
production,512,False,False,1.12109375,0.0013192481128498912,"[8, 36, 128]","[8, 35, 128]",False,18,legacy,512,36,4,512,512,0,0,104,104,0,616,512,36,4,512,False,False,False,False,False,False,segmented,384,35,3,384,384,104,104,128,128,0,616,384,35,3,384,True,aime24:p14:s0:seed14042,True,False,False,0.280029296875,0.002724887104704976,"[8, 36, 128]","[8, 35, 128]",False,False
production,512,False,False,1.6298828125,0.001167170237749815,"[8, 36, 128]","[8, 35, 128]",False,19,legacy,512,36,4,512,512,0,0,104,104,0,616,512,36,4,512,False,False,False,False,False,False,segmented,384,35,3,384,384,104,104,128,128,0,616,384,35,3,384,True,aime24:p14:s0:seed14042,True,False,False,0.302978515625,0.003002022858709097,"[8, 36, 128]","[8, 35, 128]",False,False
production,512,False,False,1.15234375,0.0011077913222834468,"[8, 36, 128]","[8, 35, 128]",False,20,legacy,512,36,4,512,512,0,0,104,104,0,616,512,36,4,512,False,False,False,False,False,False,segmented,384,35,3,384,384,104,104,128,128,0,616,384,35,3,384,True,aime24:p14:s0:seed14042,True,False,False,0.394775390625,0.00303668319247663,"[8, 36, 128]","[8, 35, 128]",False,False
production,512,False,False,1.5712890625,0.0011022608960047364,"[8, 36, 128]","[8, 35, 128]",False,21,legacy,512,36,4,512,512,0,0,104,104,0,616,512,36,4,512,False,False,False,False,False,False,segmented,384,35,3,384,384,104,104,128,128,0,616,384,35,3,384,True,aime24:p14:s0:seed14042,True,False,False,0.325927734375,0.0032487353309988976,"[8, 36, 128]","[8, 35, 128]",False,False
production,512,False,False,1.357421875,0.0011547632748261094,"[8, 36, 128]","[8, 35, 128]",False,22,legacy,512,36,4,512,512,0,0,104,104,0,616,512,36,4,512,False,False,False,False,False,False,segmented,384,35,3,384,384,104,104,128,128,0,616,384,35,3,384,True,aime24:p14:s0:seed14042,True,False,False,0.3173828125,0.00321212294511497,"[8, 36, 128]","[8, 35, 128]",False,False
production,512,False,False,1.0751953125,0.0010513827437534928,"[8, 36, 128]","[8, 35, 128]",False,23,legacy,512,36,4,512,512,0,0,104,104,0,616,512,36,4,512,False,False,False,False,False,False,segmented,384,35,3,384,384,104,104,128,128,0,616,384,35,3,384,True,aime24:p14:s0:seed14042,True,False,False,0.328369140625,0.002893416676670313,"[8, 36, 128]","[8, 35, 128]",False,False
production,512,False,False,1.30859375,0.0010382259497419,"[8, 36, 128]","[8, 35, 128]",False,24,legacy,512,36,4,512,512,0,0,104,104,0,616,512,36,4,512,False,False,False,False,False,False,segmented,384,35,3,384,384,104,104,128,128,0,616,384,35,3,384,True,aime24:p14:s0:seed14042,True,False,False,0.3642578125,0.003161192638799548,"[8, 36, 128]","[8, 35, 128]",False,False
production,512,False,False,1.1259765625,0.0008497415110468864,"[8, 36, 128]","[8, 35, 128]",False,25,legacy,512,36,4,512,512,0,0,104,104,0,616,512,36,4,512,False,False,False,False,False,False,segmented,384,35,3,384,384,104,104,128,128,0,616,384,35,3,384,True,aime24:p14:s0:seed14042,True,False,False,0.37841796875,0.0029430976137518883,"[8, 36, 128]","[8, 35, 128]",False,False
production,512,False,False,1.505859375,0.001141100306995213,"[8, 36, 128]","[8, 35, 128]",False,26,legacy,512,36,4,512,512,0,0,104,104,0,616,512,36,4,512,False,False,False,False,False,False,segmented,384,35,3,384,384,104,104,128,128,0,616,384,35,3,384,True,aime24:p14:s0:seed14042,True,False,False,0.609375,0.003493747441098094,"[8, 36, 128]","[8, 35, 128]",False,False
production,512,False,False,2.099609375,0.0013092791195958853,"[8, 36, 128]","[8, 35, 128]",False,27,legacy,512,36,4,512,512,0,0,104,104,0,616,512,36,4,512,False,False,False,False,False,False,segmented,384,35,3,384,384,104,104,128,128,0,616,384,35,3,384,True,aime24:p14:s0:seed14042,True,False,False,0.55029296875,0.003152349730953574,"[8, 36, 128]","[8, 35, 128]",False,False
production,512,False,False,1.169921875,0.0010222562123090029,"[8, 36, 128]","[8, 35, 128]",False,28,legacy,512,36,4,512,512,0,0,104,104,0,616,512,36,4,512,False,False,False,False,False,False,segmented,384,35,3,384,384,104,104,128,128,0,616,384,35,3,384,True,aime24:p14:s0:seed14042,True,False,False,0.42333984375,0.0037067155353724957,"[8, 36, 128]","[8, 35, 128]",False,False
production,512,False,False,1.640625,0.0009110759128816426,"[8, 36, 128]","[8, 35, 128]",False,29,legacy,512,36,4,512,512,0,0,104,104,0,616,512,36,4,512,False,False,False,False,False,False,segmented,384,35,3,384,384,104,104,128,128,0,616,384,35,3,384,True,aime24:p14:s0:seed14042,True,False,False,0.5576171875,0.003347046673297882,"[8, 36, 128]","[8, 35, 128]",False,False
production,512,False,False,1.2978515625,0.0011904856655746698,"[8, 36, 128]","[8, 35, 128]",False,30,legacy,512,36,4,512,512,0,0,104,104,0,616,512,36,4,512,False,False,False,False,False,False,segmented,384,35,3,384,384,104,104,128,128,0,616,384,35,3,384,True,aime24:p14:s0:seed14042,True,False,False,0.61083984375,0.0032518901862204075,"[8, 36, 128]","[8, 35, 128]",False,False
production,512,False,False,0.96484375,0.000666754029225558,"[8, 36, 128]","[8, 35, 128]",False,31,legacy,512,36,4,512,512,0,0,104,104,0,616,512,36,4,512,False,False,False,False,False,False,segmented,384,35,3,384,384,104,104,128,128,0,616,384,35,3,384,True,aime24:p14:s0:seed14042,True,False,False,0.4501953125,0.0026553976349532604,"[8, 36, 128]","[8, 35, 128]",False,False
production,1024,False,False,0.0,0.0,"[8, 40, 128]","[8, 39, 128]",False,0,legacy,1024,40,8,1024,1024,0,0,104,104,0,1128,1024,40,8,1024,False,False,False,False,False,False,segmented,896,39,7,896,896,104,104,128,128,0,1128,896,39,7,896,True,aime24:p14:s0:seed14042,True,False,False,0.0,0.0,"[8, 40, 128]","[8, 39, 128]",False,False
production,1024,False,False,0.26171875,2.6166399038629606e-05,"[8, 40, 128]","[8, 39, 128]",False,1,legacy,1024,40,8,1024,1024,0,0,104,104,0,1128,1024,40,8,1024,False,False,False,False,False,False,segmented,896,39,7,896,896,104,104,128,128,0,1128,896,39,7,896,True,aime24:p14:s0:seed14042,True,False,False,0.020751953125,0.00020467222202569246,"[8, 40, 128]","[8, 39, 128]",False,False
production,1024,False,False,2.47265625,0.0008986988104879856,"[8, 40, 128]","[8, 39, 128]",False,2,legacy,1024,40,8,1024,1024,0,0,104,104,0,1128,1024,40,8,1024,False,False,False,False,False,False,segmented,896,39,7,896,896,104,104,128,128,0,1128,896,39,7,896,True,aime24:p14:s0:seed14042,True,False,False,0.126953125,0.0014647061470896006,"[8, 40, 128]","[8, 39, 128]",False,False
production,1024,False,False,0.68896484375,0.00040797764086164534,"[8, 40, 128]","[8, 39, 128]",False,3,legacy,1024,40,8,1024,1024,0,0,104,104,0,1128,1024,40,8,1024,False,False,False,False,False,False,segmented,896,39,7,896,896,104,104,128,128,0,1128,896,39,7,896,True,aime24:p14:s0:seed14042,True,False,False,0.186279296875,0.00288778031244874,"[8, 40, 128]","[8, 39, 128]",False,False
production,1024,False,False,0.7216796875,0.00041094981133937836,"[8, 40, 128]","[8, 39, 128]",False,4,legacy,1024,40,8,1024,1024,0,0,104,104,0,1128,1024,40,8,1024,False,False,False,False,False,False,segmented,896,39,7,896,896,104,104,128,128,0,1128,896,39,7,896,True,aime24:p14:s0:seed14042,True,False,False,0.270263671875,0.003559047356247902,"[8, 40, 128]","[8, 39, 128]",False,False
production,1024,False,False,1.9375,0.0009661656222306192,"[8, 40, 128]","[8, 39, 128]",False,5,legacy,1024,40,8,1024,1024,0,0,104,104,0,1128,1024,40,8,1024,False,False,False,False,False,False,segmented,896,39,7,896,896,104,104,128,128,0,1128,896,39,7,896,True,aime24:p14:s0:seed14042,True,False,False,0.1783447265625,0.0037032158579677343,"[8, 40, 128]","[8, 39, 128]",False,False
production,1024,False,False,1.158203125,0.0007634442299604416,"[8, 40, 128]","[8, 39, 128]",False,6,legacy,1024,40,8,1024,1024,0,0,104,104,0,1128,1024,40,8,1024,False,False,False,False,False,False,segmented,896,39,7,896,896,104,104,128,128,0,1128,896,39,7,896,True,aime24:p14:s0:seed14042,True,False,False,0.415283203125,0.0054351044818758965,"[8, 40, 128]","[8, 39, 128]",False,False
production,1024,False,False,1.2373046875,0.0007672546780668199,"[8, 40, 128]","[8, 39, 128]",False,7,legacy,1024,40,8,1024,1024,0,0,104,104,0,1128,1024,40,8,1024,False,False,False,False,False,False,segmented,896,39,7,896,896,104,104,128,128,0,1128,896,39,7,896,True,aime24:p14:s0:seed14042,True,False,False,0.2626953125,0.0047475416213274,"[8, 40, 128]","[8, 39, 128]",False,False
production,1024,False,False,2.095703125,0.0015880103455856442,"[8, 40, 128]","[8, 39, 128]",False,8,legacy,1024,40,8,1024,1024,0,0,104,104,0,1128,1024,40,8,1024,False,False,False,False,False,False,segmented,896,39,7,896,896,104,104,128,128,0,1128,896,39,7,896,True,aime24:p14:s0:seed14042,True,False,False,0.348388671875,0.006331556476652622,"[8, 40, 128]","[8, 39, 128]",False,False
production,1024,False,False,1.724609375,0.002136730123311281,"[8, 40, 128]","[8, 39, 128]",False,9,legacy,1024,40,8,1024,1024,0,0,104,104,0,1128,1024,40,8,1024,False,False,False,False,False,False,segmented,896,39,7,896,896,104,104,128,128,0,1128,896,39,7,896,True,aime24:p14:s0:seed14042,True,False,False,0.6005859375,0.008258892223238945,"[8, 40, 128]","[8, 39, 128]",False,False
production,1024,False,False,1.3740234375,0.002009802032262087,"[8, 40, 128]","[8, 39, 128]",False,10,legacy,1024,40,8,1024,1024,0,0,104,104,0,1128,1024,40,8,1024,False,False,False,False,False,False,segmented,896,39,7,896,896,104,104,128,128,0,1128,896,39,7,896,True,aime24:p14:s0:seed14042,True,False,False,0.460205078125,0.008230737410485744,"[8, 40, 128]","[8, 39, 128]",False,False
production,1024,False,False,1.6328125,0.002537057502195239,"[8, 40, 128]","[8, 39, 128]",False,11,legacy,1024,40,8,1024,1024,0,0,104,104,0,1128,1024,40,8,1024,False,False,False,False,False,False,segmented,896,39,7,896,896,104,104,128,128,0,1128,896,39,7,896,True,aime24:p14:s0:seed14042,True,False,False,0.490966796875,0.00837208703160286,"[8, 40, 128]","[8, 39, 128]",False,False
production,1024,False,False,1.3984375,0.0019798888824880123,"[8, 40, 128]","[8, 39, 128]",False,12,legacy,1024,40,8,1024,1024,0,0,104,104,0,1128,1024,40,8,1024,False,False,False,False,False,False,segmented,896,39,7,896,896,104,104,128,128,0,1128,896,39,7,896,True,aime24:p14:s0:seed14042,True,False,False,0.407958984375,0.01089438609778881,"[8, 40, 128]","[8, 39, 128]",False,False
production,1024,False,False,2.033203125,0.0035333079285919666,"[8, 40, 128]","[8, 39, 128]",False,13,legacy,1024,40,8,1024,1024,0,0,104,104,0,1128,1024,40,8,1024,False,False,False,False,False,False,segmented,896,39,7,896,896,104,104,128,128,0,1128,896,39,7,896,True,aime24:p14:s0:seed14042,True,False,False,0.369873046875,0.008829613216221333,"[8, 40, 128]","[8, 39, 128]",False,False
production,1024,False,False,1.853515625,0.0027516810223460197,"[8, 40, 128]","[8, 39, 128]",False,14,legacy,1024,40,8,1024,1024,0,0,104,104,0,1128,1024,40,8,1024,False,False,False,False,False,False,segmented,896,39,7,896,896,104,104,128,128,0,1128,896,39,7,896,True,aime24:p14:s0:seed14042,True,False,False,0.370849609375,0.008302156813442707,"[8, 40, 128]","[8, 39, 128]",False,False
production,1024,False,False,1.9248046875,0.0027784155681729317,"[8, 40, 128]","[8, 39, 128]",False,15,legacy,1024,40,8,1024,1024,0,0,104,104,0,1128,1024,40,8,1024,False,False,False,False,False,False,segmented,896,39,7,896,896,104,104,128,128,0,1128,896,39,7,896,True,aime24:p14:s0:seed14042,True,False,False,0.453857421875,0.010763024911284447,"[8, 40, 128]","[8, 39, 128]",False,False
production,1024,False,False,1.6748046875,0.002299319487065077,"[8, 40, 128]","[8, 39, 128]",False,16,legacy,1024,40,8,1024,1024,0,0,104,104,0,1128,1024,40,8,1024,False,False,False,False,False,False,segmented,896,39,7,896,896,104,104,128,128,0,1128,896,39,7,896,True,aime24:p14:s0:seed14042,True,False,False,0.5048828125,0.007169367279857397,"[8, 40, 128]","[8, 39, 128]",False,False
production,1024,False,False,2.4599609375,0.0026694959960877895,"[8, 40, 128]","[8, 39, 128]",False,17,legacy,1024,40,8,1024,1024,0,0,104,104,0,1128,1024,40,8,1024,False,False,False,False,False,False,segmented,896,39,7,896,896,104,104,128,128,0,1128,896,39,7,896,True,aime24:p14:s0:seed14042,True,False,False,0.3251953125,0.006732745096087456,"[8, 40, 128]","[8, 39, 128]",False,False
production,1024,False,False,1.12109375,0.0021785004064440727,"[8, 40, 128]","[8, 39, 128]",False,18,legacy,1024,40,8,1024,1024,0,0,104,104,0,1128,1024,40,8,1024,False,False,False,False,False,False,segmented,896,39,7,896,896,104,104,128,128,0,1128,896,39,7,896,True,aime24:p14:s0:seed14042,True,False,False,0.3740234375,0.004723512567579746,"[8, 40, 128]","[8, 39, 128]",False,False
production,1024,False,False,1.685546875,0.001856881775893271,"[8, 40, 128]","[8, 39, 128]",False,19,legacy,1024,40,8,1024,1024,0,0,104,104,0,1128,1024,40,8,1024,False,False,False,False,False,False,segmented,896,39,7,896,896,104,104,128,128,0,1128,896,39,7,896,True,aime24:p14:s0:seed14042,True,False,False,0.302978515625,0.004860306158661842,"[8, 40, 128]","[8, 39, 128]",False,False
production,1024,False,False,1.15234375,0.0017058461671695113,"[8, 40, 128]","[8, 39, 128]",False,20,legacy,1024,40,8,1024,1024,0,0,104,104,0,1128,1024,40,8,1024,False,False,False,False,False,False,segmented,896,39,7,896,896,104,104,128,128,0,1128,896,39,7,896,True,aime24:p14:s0:seed14042,True,False,False,0.47802734375,0.005004913080483675,"[8, 40, 128]","[8, 39, 128]",False,False
production,1024,False,False,1.5712890625,0.0017060907557606697,"[8, 40, 128]","[8, 39, 128]",False,21,legacy,1024,40,8,1024,1024,0,0,104,104,0,1128,1024,40,8,1024,False,False,False,False,False,False,segmented,896,39,7,896,896,104,104,128,128,0,1128,896,39,7,896,True,aime24:p14:s0:seed14042,True,False,False,0.325927734375,0.005466640926897526,"[8, 40, 128]","[8, 39, 128]",False,False
production,1024,False,False,1.357421875,0.001798352343030274,"[8, 40, 128]","[8, 39, 128]",False,22,legacy,1024,40,8,1024,1024,0,0,104,104,0,1128,1024,40,8,1024,False,False,False,False,False,False,segmented,896,39,7,896,896,104,104,128,128,0,1128,896,39,7,896,True,aime24:p14:s0:seed14042,True,False,False,0.3173828125,0.005441425833851099,"[8, 40, 128]","[8, 39, 128]",False,False
production,1024,False,False,1.0751953125,0.0016607001889497042,"[8, 40, 128]","[8, 39, 128]",False,23,legacy,1024,40,8,1024,1024,0,0,104,104,0,1128,1024,40,8,1024,False,False,False,False,False,False,segmented,896,39,7,896,896,104,104,128,128,0,1128,896,39,7,896,True,aime24:p14:s0:seed14042,True,False,False,0.328369140625,0.0048097544349730015,"[8, 40, 128]","[8, 39, 128]",False,False
production,1024,False,False,1.30859375,0.0016076276078820229,"[8, 40, 128]","[8, 39, 128]",False,24,legacy,1024,40,8,1024,1024,0,0,104,104,0,1128,1024,40,8,1024,False,False,False,False,False,False,segmented,896,39,7,896,896,104,104,128,128,0,1128,896,39,7,896,True,aime24:p14:s0:seed14042,True,False,False,0.3642578125,0.005168756004422903,"[8, 40, 128]","[8, 39, 128]",False,False
production,1024,False,False,1.1259765625,0.0014012523461133242,"[8, 40, 128]","[8, 39, 128]",False,25,legacy,1024,40,8,1024,1024,0,0,104,104,0,1128,1024,40,8,1024,False,False,False,False,False,False,segmented,896,39,7,896,896,104,104,128,128,0,1128,896,39,7,896,True,aime24:p14:s0:seed14042,True,False,False,0.37841796875,0.004946738015860319,"[8, 40, 128]","[8, 39, 128]",False,False
production,1024,False,False,1.505859375,0.001759155886247754,"[8, 40, 128]","[8, 39, 128]",False,26,legacy,1024,40,8,1024,1024,0,0,104,104,0,1128,1024,40,8,1024,False,False,False,False,False,False,segmented,896,39,7,896,896,104,104,128,128,0,1128,896,39,7,896,True,aime24:p14:s0:seed14042,True,False,False,0.609375,0.006030213553458452,"[8, 40, 128]","[8, 39, 128]",False,False
production,1024,False,False,2.099609375,0.0019271585624665022,"[8, 40, 128]","[8, 39, 128]",False,27,legacy,1024,40,8,1024,1024,0,0,104,104,0,1128,1024,40,8,1024,False,False,False,False,False,False,segmented,896,39,7,896,896,104,104,128,128,0,1128,896,39,7,896,True,aime24:p14:s0:seed14042,True,False,False,0.55029296875,0.005249922163784504,"[8, 40, 128]","[8, 39, 128]",False,False
production,1024,False,False,1.169921875,0.0015766372671350837,"[8, 40, 128]","[8, 39, 128]",False,28,legacy,1024,40,8,1024,1024,0,0,104,104,0,1128,1024,40,8,1024,False,False,False,False,False,False,segmented,896,39,7,896,896,104,104,128,128,0,1128,896,39,7,896,True,aime24:p14:s0:seed14042,True,False,False,0.4482421875,0.006419208366423845,"[8, 40, 128]","[8, 39, 128]",False,False
production,1024,False,False,1.640625,0.0014125306624919176,"[8, 40, 128]","[8, 39, 128]",False,29,legacy,1024,40,8,1024,1024,0,0,104,104,0,1128,1024,40,8,1024,False,False,False,False,False,False,segmented,896,39,7,896,896,104,104,128,128,0,1128,896,39,7,896,True,aime24:p14:s0:seed14042,True,False,False,0.5576171875,0.005864254664629698,"[8, 40, 128]","[8, 39, 128]",False,False
production,1024,False,False,1.2978515625,0.001801666570827365,"[8, 40, 128]","[8, 39, 128]",False,30,legacy,1024,40,8,1024,1024,0,0,104,104,0,1128,1024,40,8,1024,False,False,False,False,False,False,segmented,896,39,7,896,896,104,104,128,128,0,1128,896,39,7,896,True,aime24:p14:s0:seed14042,True,False,False,0.61083984375,0.005944542586803436,"[8, 40, 128]","[8, 39, 128]",False,False
production,1024,False,False,0.96484375,0.0009983779164031148,"[8, 40, 128]","[8, 39, 128]",False,31,legacy,1024,40,8,1024,1024,0,0,104,104,0,1128,1024,40,8,1024,False,False,False,False,False,False,segmented,896,39,7,896,896,104,104,128,128,0,1128,896,39,7,896,True,aime24:p14:s0:seed14042,True,False,False,0.4501953125,0.0043977657333016396,"[8, 40, 128]","[8, 39, 128]",False,False
production,2048,False,False,0.0,0.0,"[8, 48, 128]","[8, 47, 128]",False,0,legacy,2048,48,16,2048,2048,0,0,104,104,0,2152,2048,48,16,2048,False,False,False,False,False,False,segmented,1920,47,15,1920,1920,104,104,128,128,0,2152,1920,47,15,1920,True,aime24:p14:s0:seed14042,True,False,False,0.0,0.0,"[8, 48, 128]","[8, 47, 128]",False,False
production,2048,False,False,0.35546875,3.961102993343957e-05,"[8, 48, 128]","[8, 47, 128]",False,1,legacy,2048,48,16,2048,2048,0,0,104,104,0,2152,2048,48,16,2048,False,False,False,False,False,False,segmented,1920,47,15,1920,1920,104,104,128,128,0,2152,1920,47,15,1920,True,aime24:p14:s0:seed14042,True,False,False,0.025634765625,0.00031662691617384553,"[8, 48, 128]","[8, 47, 128]",False,False
production,2048,False,False,2.47265625,0.0009515763376839459,"[8, 48, 128]","[8, 47, 128]",False,2,legacy,2048,48,16,2048,2048,0,0,104,104,0,2152,2048,48,16,2048,False,False,False,False,False,False,segmented,1920,47,15,1920,1920,104,104,128,128,0,2152,1920,47,15,1920,True,aime24:p14:s0:seed14042,True,False,False,0.126953125,0.002023987239226699,"[8, 48, 128]","[8, 47, 128]",False,False
production,2048,False,False,0.68896484375,0.0005617905990220606,"[8, 48, 128]","[8, 47, 128]",False,3,legacy,2048,48,16,2048,2048,0,0,104,104,0,2152,2048,48,16,2048,False,False,False,False,False,False,segmented,1920,47,15,1920,1920,104,104,128,128,0,2152,1920,47,15,1920,True,aime24:p14:s0:seed14042,True,False,False,0.186279296875,0.0049782125279307365,"[8, 48, 128]","[8, 47, 128]",False,False
production,2048,False,False,0.7216796875,0.0005542649305425584,"[8, 48, 128]","[8, 47, 128]",False,4,legacy,2048,48,16,2048,2048,0,0,104,104,0,2152,2048,48,16,2048,False,False,False,False,False,False,segmented,1920,47,15,1920,1920,104,104,128,128,0,2152,1920,47,15,1920,True,aime24:p14:s0:seed14042,True,False,False,0.270263671875,0.005374498199671507,"[8, 48, 128]","[8, 47, 128]",False,False
production,2048,False,False,1.9375,0.0011490978067740798,"[8, 48, 128]","[8, 47, 128]",False,5,legacy,2048,48,16,2048,2048,0,0,104,104,0,2152,2048,48,16,2048,False,False,False,False,False,False,segmented,1920,47,15,1920,1920,104,104,128,128,0,2152,1920,47,15,1920,True,aime24:p14:s0:seed14042,True,False,False,0.1783447265625,0.005525157321244478,"[8, 48, 128]","[8, 47, 128]",False,False
production,2048,False,False,1.158203125,0.0011216036509722471,"[8, 48, 128]","[8, 47, 128]",False,6,legacy,2048,48,16,2048,2048,0,0,104,104,0,2152,2048,48,16,2048,False,False,False,False,False,False,segmented,1920,47,15,1920,1920,104,104,128,128,0,2152,1920,47,15,1920,True,aime24:p14:s0:seed14042,True,False,False,0.415283203125,0.009236473590135574,"[8, 48, 128]","[8, 47, 128]",False,False
production,2048,False,False,1.2373046875,0.0011961559066548944,"[8, 48, 128]","[8, 47, 128]",False,7,legacy,2048,48,16,2048,2048,0,0,104,104,0,2152,2048,48,16,2048,False,False,False,False,False,False,segmented,1920,47,15,1920,1920,104,104,128,128,0,2152,1920,47,15,1920,True,aime24:p14:s0:seed14042,True,False,False,0.2626953125,0.008847052231431007,"[8, 48, 128]","[8, 47, 128]",False,False
production,2048,False,False,2.095703125,0.0023537655360996723,"[8, 48, 128]","[8, 47, 128]",False,8,legacy,2048,48,16,2048,2048,0,0,104,104,0,2152,2048,48,16,2048,False,False,False,False,False,False,segmented,1920,47,15,1920,1920,104,104,128,128,0,2152,1920,47,15,1920,True,aime24:p14:s0:seed14042,True,False,False,0.348388671875,0.011065499857068062,"[8, 48, 128]","[8, 47, 128]",False,False
production,2048,False,False,1.724609375,0.0036677122116088867,"[8, 48, 128]","[8, 47, 128]",False,9,legacy,2048,48,16,2048,2048,0,0,104,104,0,2152,2048,48,16,2048,False,False,False,False,False,False,segmented,1920,47,15,1920,1920,104,104,128,128,0,2152,1920,47,15,1920,True,aime24:p14:s0:seed14042,True,False,False,0.6005859375,0.016648102551698685,"[8, 48, 128]","[8, 47, 128]",False,False
production,2048,False,False,1.4267578125,0.0036306886468082666,"[8, 48, 128]","[8, 47, 128]",False,10,legacy,2048,48,16,2048,2048,0,0,104,104,0,2152,2048,48,16,2048,False,False,False,False,False,False,segmented,1920,47,15,1920,1920,104,104,128,128,0,2152,1920,47,15,1920,True,aime24:p14:s0:seed14042,True,False,False,0.460205078125,0.017806313931941986,"[8, 48, 128]","[8, 47, 128]",False,False
production,2048,False,False,2.107421875,0.005253167357295752,"[8, 48, 128]","[8, 47, 128]",False,11,legacy,2048,48,16,2048,2048,0,0,104,104,0,2152,2048,48,16,2048,False,False,False,False,False,False,segmented,1920,47,15,1920,1920,104,104,128,128,0,2152,1920,47,15,1920,True,aime24:p14:s0:seed14042,True,False,False,0.518798828125,0.02052142843604088,"[8, 48, 128]","[8, 47, 128]",False,False
production,2048,False,False,1.3984375,0.003723788307979703,"[8, 48, 128]","[8, 47, 128]",False,12,legacy,2048,48,16,2048,2048,0,0,104,104,0,2152,2048,48,16,2048,False,False,False,False,False,False,segmented,1920,47,15,1920,1920,104,104,128,128,0,2152,1920,47,15,1920,True,aime24:p14:s0:seed14042,True,False,False,0.49169921875,0.02696390263736248,"[8, 48, 128]","[8, 47, 128]",False,False
production,2048,False,False,3.21484375,0.006893489975482225,"[8, 48, 128]","[8, 47, 128]",False,13,legacy,2048,48,16,2048,2048,0,0,104,104,0,2152,2048,48,16,2048,False,False,False,False,False,False,segmented,1920,47,15,1920,1920,104,104,128,128,0,2152,1920,47,15,1920,True,aime24:p14:s0:seed14042,True,False,False,0.419189453125,0.021546773612499237,"[8, 48, 128]","[8, 47, 128]",False,False
production,2048,False,False,3.765625,0.0056518628261983395,"[8, 48, 128]","[8, 47, 128]",False,14,legacy,2048,48,16,2048,2048,0,0,104,104,0,2152,2048,48,16,2048,False,False,False,False,False,False,segmented,1920,47,15,1920,1920,104,104,128,128,0,2152,1920,47,15,1920,True,aime24:p14:s0:seed14042,True,False,False,0.4404296875,0.01935737207531929,"[8, 48, 128]","[8, 47, 128]",False,False
production,2048,False,False,2.1015625,0.005459542386233807,"[8, 48, 128]","[8, 47, 128]",False,15,legacy,2048,48,16,2048,2048,0,0,104,104,0,2152,2048,48,16,2048,False,False,False,False,False,False,segmented,1920,47,15,1920,1920,104,104,128,128,0,2152,1920,47,15,1920,True,aime24:p14:s0:seed14042,True,False,False,0.5380859375,0.02605251595377922,"[8, 48, 128]","[8, 47, 128]",False,False
production,2048,False,False,2.03125,0.00454950425773859,"[8, 48, 128]","[8, 47, 128]",False,16,legacy,2048,48,16,2048,2048,0,0,104,104,0,2152,2048,48,16,2048,False,False,False,False,False,False,segmented,1920,47,15,1920,1920,104,104,128,128,0,2152,1920,47,15,1920,True,aime24:p14:s0:seed14042,True,False,False,0.5048828125,0.016098501160740852,"[8, 48, 128]","[8, 47, 128]",False,False
production,2048,False,False,2.486328125,0.005317942705005407,"[8, 48, 128]","[8, 47, 128]",False,17,legacy,2048,48,16,2048,2048,0,0,104,104,0,2152,2048,48,16,2048,False,False,False,False,False,False,segmented,1920,47,15,1920,1920,104,104,128,128,0,2152,1920,47,15,1920,True,aime24:p14:s0:seed14042,True,False,False,0.41650390625,0.016267292201519012,"[8, 48, 128]","[8, 47, 128]",False,False
production,2048,False,False,1.69921875,0.004656750708818436,"[8, 48, 128]","[8, 47, 128]",False,18,legacy,2048,48,16,2048,2048,0,0,104,104,0,2152,2048,48,16,2048,False,False,False,False,False,False,segmented,1920,47,15,1920,1920,104,104,128,128,0,2152,1920,47,15,1920,True,aime24:p14:s0:seed14042,True,False,False,0.3740234375,0.011329262517392635,"[8, 48, 128]","[8, 47, 128]",False,False
production,2048,False,False,1.685546875,0.0038117081858217716,"[8, 48, 128]","[8, 47, 128]",False,19,legacy,2048,48,16,2048,2048,0,0,104,104,0,2152,2048,48,16,2048,False,False,False,False,False,False,segmented,1920,47,15,1920,1920,104,104,128,128,0,2152,1920,47,15,1920,True,aime24:p14:s0:seed14042,True,False,False,0.351806640625,0.011734576895833015,"[8, 48, 128]","[8, 47, 128]",False,False
production,2048,False,False,2.42578125,0.003687495132908225,"[8, 48, 128]","[8, 47, 128]",False,20,legacy,2048,48,16,2048,2048,0,0,104,104,0,2152,2048,48,16,2048,False,False,False,False,False,False,segmented,1920,47,15,1920,1920,104,104,128,128,0,2152,1920,47,15,1920,True,aime24:p14:s0:seed14042,True,False,False,0.47802734375,0.01134047843515873,"[8, 48, 128]","[8, 47, 128]",False,False
production,2048,False,False,1.5712890625,0.003959258086979389,"[8, 48, 128]","[8, 47, 128]",False,21,legacy,2048,48,16,2048,2048,0,0,104,104,0,2152,2048,48,16,2048,False,False,False,False,False,False,segmented,1920,47,15,1920,1920,104,104,128,128,0,2152,1920,47,15,1920,True,aime24:p14:s0:seed14042,True,False,False,0.483154296875,0.01354769803583622,"[8, 48, 128]","[8, 47, 128]",False,False
production,2048,False,False,1.7197265625,0.004243870265781879,"[8, 48, 128]","[8, 47, 128]",False,22,legacy,2048,48,16,2048,2048,0,0,104,104,0,2152,2048,48,16,2048,False,False,False,False,False,False,segmented,1920,47,15,1920,1920,104,104,128,128,0,2152,1920,47,15,1920,True,aime24:p14:s0:seed14042,True,False,False,0.3880615234375,0.013688331469893456,"[8, 48, 128]","[8, 47, 128]",False,False
production,2048,False,False,2.03515625,0.0039917840622365475,"[8, 48, 128]","[8, 47, 128]",False,23,legacy,2048,48,16,2048,2048,0,0,104,104,0,2152,2048,48,16,2048,False,False,False,False,False,False,segmented,1920,47,15,1920,1920,104,104,128,128,0,2152,1920,47,15,1920,True,aime24:p14:s0:seed14042,True,False,False,0.3720703125,0.011411378160119057,"[8, 48, 128]","[8, 47, 128]",False,False
production,2048,False,False,1.462890625,0.003647157456725836,"[8, 48, 128]","[8, 47, 128]",False,24,legacy,2048,48,16,2048,2048,0,0,104,104,0,2152,2048,48,16,2048,False,False,False,False,False,False,segmented,1920,47,15,1920,1920,104,104,128,128,0,2152,1920,47,15,1920,True,aime24:p14:s0:seed14042,True,False,False,0.3642578125,0.012401653453707695,"[8, 48, 128]","[8, 47, 128]",False,False
production,2048,False,False,1.71875,0.0034571466967463493,"[8, 48, 128]","[8, 47, 128]",False,25,legacy,2048,48,16,2048,2048,0,0,104,104,0,2152,2048,48,16,2048,False,False,False,False,False,False,segmented,1920,47,15,1920,1920,104,104,128,128,0,2152,1920,47,15,1920,True,aime24:p14:s0:seed14042,True,False,False,0.427490234375,0.011918395757675171,"[8, 48, 128]","[8, 47, 128]",False,False
production,2048,False,False,1.919921875,0.003806082531809807,"[8, 48, 128]","[8, 47, 128]",False,26,legacy,2048,48,16,2048,2048,0,0,104,104,0,2152,2048,48,16,2048,False,False,False,False,False,False,segmented,1920,47,15,1920,1920,104,104,128,128,0,2152,1920,47,15,1920,True,aime24:p14:s0:seed14042,True,False,False,0.609375,0.014867175370454788,"[8, 48, 128]","[8, 47, 128]",False,False
production,2048,False,False,2.099609375,0.0038868398405611515,"[8, 48, 128]","[8, 47, 128]",False,27,legacy,2048,48,16,2048,2048,0,0,104,104,0,2152,2048,48,16,2048,False,False,False,False,False,False,segmented,1920,47,15,1920,1920,104,104,128,128,0,2152,1920,47,15,1920,True,aime24:p14:s0:seed14042,True,False,False,0.67529296875,0.012523062527179718,"[8, 48, 128]","[8, 47, 128]",False,False
production,2048,False,False,1.48046875,0.0035118008963763714,"[8, 48, 128]","[8, 47, 128]",False,28,legacy,2048,48,16,2048,2048,0,0,104,104,0,2152,2048,48,16,2048,False,False,False,False,False,False,segmented,1920,47,15,1920,1920,104,104,128,128,0,2152,1920,47,15,1920,True,aime24:p14:s0:seed14042,True,False,False,0.534423828125,0.015409897081553936,"[8, 48, 128]","[8, 47, 128]",False,False
production,2048,False,False,1.890625,0.0032449294812977314,"[8, 48, 128]","[8, 47, 128]",False,29,legacy,2048,48,16,2048,2048,0,0,104,104,0,2152,2048,48,16,2048,False,False,False,False,False,False,segmented,1920,47,15,1920,1920,104,104,128,128,0,2152,1920,47,15,1920,True,aime24:p14:s0:seed14042,True,False,False,0.59619140625,0.015205200761556625,"[8, 48, 128]","[8, 47, 128]",False,False
production,2048,False,False,1.955078125,0.003944037016481161,"[8, 48, 128]","[8, 47, 128]",False,30,legacy,2048,48,16,2048,2048,0,0,104,104,0,2152,2048,48,16,2048,False,False,False,False,False,False,segmented,1920,47,15,1920,1920,104,104,128,128,0,2152,1920,47,15,1920,True,aime24:p14:s0:seed14042,True,False,False,0.705810546875,0.01497726608067751,"[8, 48, 128]","[8, 47, 128]",False,False
production,2048,False,False,1.12109375,0.0020538154058158398,"[8, 48, 128]","[8, 47, 128]",False,31,legacy,2048,48,16,2048,2048,0,0,104,104,0,2152,2048,48,16,2048,False,False,False,False,False,False,segmented,1920,47,15,1920,1920,104,104,128,128,0,2152,1920,47,15,1920,True,aime24:p14:s0:seed14042,True,False,False,0.58642578125,0.009596064686775208,"[8, 48, 128]","[8, 47, 128]",False,False
production,4096,False,False,0.0,0.0,"[8, 64, 128]","[8, 63, 128]",False,0,legacy,4096,64,32,4096,4096,0,0,104,104,0,4200,4096,64,32,4096,False,False,False,False,False,False,segmented,3968,63,31,3968,3968,104,104,128,128,0,4200,3968,63,31,3968,True,aime24:p14:s0:seed14042,True,False,False,0.0,0.0,"[8, 64, 128]","[8, 63, 128]",False,False
production,4096,False,False,0.35546875,5.257404700387269e-05,"[8, 64, 128]","[8, 63, 128]",False,1,legacy,4096,64,32,4096,4096,0,0,104,104,0,4200,4096,64,32,4096,False,False,False,False,False,False,segmented,3968,63,31,3968,3968,104,104,128,128,0,4200,3968,63,31,3968,True,aime24:p14:s0:seed14042,True,False,False,0.0625,0.0005181816522963345,"[8, 64, 128]","[8, 63, 128]",False,False
production,4096,False,False,2.47265625,0.0009818484541028738,"[8, 64, 128]","[8, 63, 128]",False,2,legacy,4096,64,32,4096,4096,0,0,104,104,0,4200,4096,64,32,4096,False,False,False,False,False,False,segmented,3968,63,31,3968,3968,104,104,128,128,0,4200,3968,63,31,3968,True,aime24:p14:s0:seed14042,True,False,False,0.1383056640625,0.003237734083086252,"[8, 64, 128]","[8, 63, 128]",False,False
production,4096,False,False,0.68896484375,0.0007633774657733738,"[8, 64, 128]","[8, 63, 128]",False,3,legacy,4096,64,32,4096,4096,0,0,104,104,0,4200,4096,64,32,4096,False,False,False,False,False,False,segmented,3968,63,31,3968,3968,104,104,128,128,0,4200,3968,63,31,3968,True,aime24:p14:s0:seed14042,True,False,False,0.253662109375,0.008773867040872574,"[8, 64, 128]","[8, 63, 128]",False,False
production,4096,False,False,0.7216796875,0.0007499904022552073,"[8, 64, 128]","[8, 63, 128]",False,4,legacy,4096,64,32,4096,4096,0,0,104,104,0,4200,4096,64,32,4096,False,False,False,False,False,False,segmented,3968,63,31,3968,3968,104,104,128,128,0,4200,3968,63,31,3968,True,aime24:p14:s0:seed14042,True,False,False,0.270263671875,0.008773189969360828,"[8, 64, 128]","[8, 63, 128]",False,False
production,4096,False,False,1.9375,0.0014910179888829589,"[8, 64, 128]","[8, 63, 128]",False,5,legacy,4096,64,32,4096,4096,0,0,104,104,0,4200,4096,64,32,4096,False,False,False,False,False,False,segmented,3968,63,31,3968,3968,104,104,128,128,0,4200,3968,63,31,3968,True,aime24:p14:s0:seed14042,True,False,False,0.1783447265625,0.008659839630126953,"[8, 64, 128]","[8, 63, 128]",False,False
production,4096,False,False,1.158203125,0.0015660912031307817,"[8, 64, 128]","[8, 63, 128]",False,6,legacy,4096,64,32,4096,4096,0,0,104,104,0,4200,4096,64,32,4096,False,False,False,False,False,False,segmented,3968,63,31,3968,3968,104,104,128,128,0,4200,3968,63,31,3968,True,aime24:p14:s0:seed14042,True,False,False,0.415283203125,0.016242751851677895,"[8, 64, 128]","[8, 63, 128]",False,False
production,4096,False,False,1.2373046875,0.0018149393144994974,"[8, 64, 128]","[8, 63, 128]",False,7,legacy,4096,64,32,4096,4096,0,0,104,104,0,4200,4096,64,32,4096,False,False,False,False,False,False,segmented,3968,63,31,3968,3968,104,104,128,128,0,4200,3968,63,31,3968,True,aime24:p14:s0:seed14042,True,False,False,0.305908203125,0.015623604878783226,"[8, 64, 128]","[8, 63, 128]",False,False
production,4096,False,False,2.095703125,0.0033874893561005592,"[8, 64, 128]","[8, 63, 128]",False,8,legacy,4096,64,32,4096,4096,0,0,104,104,0,4200,4096,64,32,4096,False,False,False,False,False,False,segmented,3968,63,31,3968,3968,104,104,128,128,0,4200,3968,63,31,3968,True,aime24:p14:s0:seed14042,True,False,False,0.348388671875,0.019261905923485756,"[8, 64, 128]","[8, 63, 128]",False,False
production,4096,False,False,1.724609375,0.005560866091400385,"[8, 64, 128]","[8, 63, 128]",False,9,legacy,4096,64,32,4096,4096,0,0,104,104,0,4200,4096,64,32,4096,False,False,False,False,False,False,segmented,3968,63,31,3968,3968,104,104,128,128,0,4200,3968,63,31,3968,True,aime24:p14:s0:seed14042,True,False,False,0.6005859375,0.030422285199165344,"[8, 64, 128]","[8, 63, 128]",False,False
production,4096,False,False,1.6376953125,0.005730979144573212,"[8, 64, 128]","[8, 63, 128]",False,10,legacy,4096,64,32,4096,4096,0,0,104,104,0,4200,4096,64,32,4096,False,False,False,False,False,False,segmented,3968,63,31,3968,3968,104,104,128,128,0,4200,3968,63,31,3968,True,aime24:p14:s0:seed14042,True,False,False,0.460205078125,0.033451639115810394,"[8, 64, 128]","[8, 63, 128]",False,False
production,4096,False,False,2.107421875,0.008844807744026184,"[8, 64, 128]","[8, 63, 128]",False,11,legacy,4096,64,32,4096,4096,0,0,104,104,0,4200,4096,64,32,4096,False,False,False,False,False,False,segmented,3968,63,31,3968,3968,104,104,128,128,0,4200,3968,63,31,3968,True,aime24:p14:s0:seed14042,True,False,False,0.712890625,0.04258066043257713,"[8, 64, 128]","[8, 63, 128]",False,False
production,4096,False,False,1.4375,0.006317672319710255,"[8, 64, 128]","[8, 63, 128]",False,12,legacy,4096,64,32,4096,4096,0,0,104,104,0,4200,4096,64,32,4096,False,False,False,False,False,False,segmented,3968,63,31,3968,3968,104,104,128,128,0,4200,3968,63,31,3968,True,aime24:p14:s0:seed14042,True,False,False,0.49169921875,0.056503187865018845,"[8, 64, 128]","[8, 63, 128]",False,False
production,4096,False,False,3.21484375,0.011018624529242516,"[8, 64, 128]","[8, 63, 128]",False,13,legacy,4096,64,32,4096,4096,0,0,104,104,0,4200,4096,64,32,4096,False,False,False,False,False,False,segmented,3968,63,31,3968,3968,104,104,128,128,0,4200,3968,63,31,3968,True,aime24:p14:s0:seed14042,True,False,False,0.423828125,0.043663352727890015,"[8, 64, 128]","[8, 63, 128]",False,False
production,4096,False,False,3.765625,0.00947301834821701,"[8, 64, 128]","[8, 63, 128]",False,14,legacy,4096,64,32,4096,4096,0,0,104,104,0,4200,4096,64,32,4096,False,False,False,False,False,False,segmented,3968,63,31,3968,3968,104,104,128,128,0,4200,3968,63,31,3968,True,aime24:p14:s0:seed14042,True,False,False,0.4404296875,0.03844619169831276,"[8, 64, 128]","[8, 63, 128]",False,False
production,4096,False,False,2.1015625,0.00891625601798296,"[8, 64, 128]","[8, 63, 128]",False,15,legacy,4096,64,32,4096,4096,0,0,104,104,0,4200,4096,64,32,4096,False,False,False,False,False,False,segmented,3968,63,31,3968,3968,104,104,128,128,0,4200,3968,63,31,3968,True,aime24:p14:s0:seed14042,True,False,False,0.5576171875,0.05287895351648331,"[8, 64, 128]","[8, 63, 128]",False,False
production,4096,False,False,2.125,0.0072587099857628345,"[8, 64, 128]","[8, 63, 128]",False,16,legacy,4096,64,32,4096,4096,0,0,104,104,0,4200,4096,64,32,4096,False,False,False,False,False,False,segmented,3968,63,31,3968,3968,104,104,128,128,0,4200,3968,63,31,3968,True,aime24:p14:s0:seed14042,True,False,False,0.53857421875,0.032223284244537354,"[8, 64, 128]","[8, 63, 128]",False,False
production,4096,False,False,2.486328125,0.00859487522393465,"[8, 64, 128]","[8, 63, 128]",False,17,legacy,4096,64,32,4096,4096,0,0,104,104,0,4200,4096,64,32,4096,False,False,False,False,False,False,segmented,3968,63,31,3968,3968,104,104,128,128,0,4200,3968,63,31,3968,True,aime24:p14:s0:seed14042,True,False,False,0.457763671875,0.03349459171295166,"[8, 64, 128]","[8, 63, 128]",False,False
production,4096,False,False,1.69921875,0.007320558186620474,"[8, 64, 128]","[8, 63, 128]",False,18,legacy,4096,64,32,4096,4096,0,0,104,104,0,4200,4096,64,32,4096,False,False,False,False,False,False,segmented,3968,63,31,3968,3968,104,104,128,128,0,4200,3968,63,31,3968,True,aime24:p14:s0:seed14042,True,False,False,0.3740234375,0.022766944020986557,"[8, 64, 128]","[8, 63, 128]",False,False
production,4096,False,False,1.685546875,0.006291021592915058,"[8, 64, 128]","[8, 63, 128]",False,19,legacy,4096,64,32,4096,4096,0,0,104,104,0,4200,4096,64,32,4096,False,False,False,False,False,False,segmented,3968,63,31,3968,3968,104,104,128,128,0,4200,3968,63,31,3968,True,aime24:p14:s0:seed14042,True,False,False,0.351806640625,0.023784594610333443,"[8, 64, 128]","[8, 63, 128]",False,False
production,4096,False,False,2.4853515625,0.006243501789867878,"[8, 64, 128]","[8, 63, 128]",False,20,legacy,4096,64,32,4096,4096,0,0,104,104,0,4200,4096,64,32,4096,False,False,False,False,False,False,segmented,3968,63,31,3968,3968,104,104,128,128,0,4200,3968,63,31,3968,True,aime24:p14:s0:seed14042,True,False,False,0.4794921875,0.023076392710208893,"[8, 64, 128]","[8, 63, 128]",False,False
production,4096,False,False,1.9892578125,0.0068368674255907536,"[8, 64, 128]","[8, 63, 128]",False,21,legacy,4096,64,32,4096,4096,0,0,104,104,0,4200,4096,64,32,4096,False,False,False,False,False,False,segmented,3968,63,31,3968,3968,104,104,128,128,0,4200,3968,63,31,3968,True,aime24:p14:s0:seed14042,True,False,False,0.483154296875,0.027639642357826233,"[8, 64, 128]","[8, 63, 128]",False,False
production,4096,False,False,2.0,0.0068755545653402805,"[8, 64, 128]","[8, 63, 128]",False,22,legacy,4096,64,32,4096,4096,0,0,104,104,0,4200,4096,64,32,4096,False,False,False,False,False,False,segmented,3968,63,31,3968,3968,104,104,128,128,0,4200,3968,63,31,3968,True,aime24:p14:s0:seed14042,True,False,False,0.578369140625,0.027265377342700958,"[8, 64, 128]","[8, 63, 128]",False,False
production,4096,False,False,2.03515625,0.00652533071115613,"[8, 64, 128]","[8, 63, 128]",False,23,legacy,4096,64,32,4096,4096,0,0,104,104,0,4200,4096,64,32,4096,False,False,False,False,False,False,segmented,3968,63,31,3968,3968,104,104,128,128,0,4200,3968,63,31,3968,True,aime24:p14:s0:seed14042,True,False,False,0.3720703125,0.022849665954709053,"[8, 64, 128]","[8, 63, 128]",False,False
production,4096,False,False,1.99609375,0.006166210863739252,"[8, 64, 128]","[8, 63, 128]",False,24,legacy,4096,64,32,4096,4096,0,0,104,104,0,4200,4096,64,32,4096,False,False,False,False,False,False,segmented,3968,63,31,3968,3968,104,104,128,128,0,4200,3968,63,31,3968,True,aime24:p14:s0:seed14042,True,False,False,0.376708984375,0.02404291369020939,"[8, 64, 128]","[8, 63, 128]",False,False
production,4096,False,False,1.71875,0.005663199350237846,"[8, 64, 128]","[8, 63, 128]",False,25,legacy,4096,64,32,4096,4096,0,0,104,104,0,4200,4096,64,32,4096,False,False,False,False,False,False,segmented,3968,63,31,3968,3968,104,104,128,128,0,4200,3968,63,31,3968,True,aime24:p14:s0:seed14042,True,False,False,0.51025390625,0.023059241473674774,"[8, 64, 128]","[8, 63, 128]",False,False
production,4096,False,False,2.1279296875,0.00637885881587863,"[8, 64, 128]","[8, 63, 128]",False,26,legacy,4096,64,32,4096,4096,0,0,104,104,0,4200,4096,64,32,4096,False,False,False,False,False,False,segmented,3968,63,31,3968,3968,104,104,128,128,0,4200,3968,63,31,3968,True,aime24:p14:s0:seed14042,True,False,False,0.609375,0.0291907861828804,"[8, 64, 128]","[8, 63, 128]",False,False
production,4096,False,False,2.099609375,0.006479415576905012,"[8, 64, 128]","[8, 63, 128]",False,27,legacy,4096,64,32,4096,4096,0,0,104,104,0,4200,4096,64,32,4096,False,False,False,False,False,False,segmented,3968,63,31,3968,3968,104,104,128,128,0,4200,3968,63,31,3968,True,aime24:p14:s0:seed14042,True,False,False,0.67529296875,0.02461690828204155,"[8, 64, 128]","[8, 63, 128]",False,False
production,4096,False,False,1.484375,0.00575108639895916,"[8, 64, 128]","[8, 63, 128]",False,28,legacy,4096,64,32,4096,4096,0,0,104,104,0,4200,4096,64,32,4096,False,False,False,False,False,False,segmented,3968,63,31,3968,3968,104,104,128,128,0,4200,3968,63,31,3968,True,aime24:p14:s0:seed14042,True,False,False,0.534423828125,0.02973494865000248,"[8, 64, 128]","[8, 63, 128]",False,False
production,4096,False,False,1.890625,0.005192278418689966,"[8, 64, 128]","[8, 63, 128]",False,29,legacy,4096,64,32,4096,4096,0,0,104,104,0,4200,4096,64,32,4096,False,False,False,False,False,False,segmented,3968,63,31,3968,3968,104,104,128,128,0,4200,3968,63,31,3968,True,aime24:p14:s0:seed14042,True,False,False,0.703125,0.028743121773004532,"[8, 64, 128]","[8, 63, 128]",False,False
production,4096,False,False,1.955078125,0.006073270924389362,"[8, 64, 128]","[8, 63, 128]",False,30,legacy,4096,64,32,4096,4096,0,0,104,104,0,4200,4096,64,32,4096,False,False,False,False,False,False,segmented,3968,63,31,3968,3968,104,104,128,128,0,4200,3968,63,31,3968,True,aime24:p14:s0:seed14042,True,False,False,0.8447265625,0.029045527800917625,"[8, 64, 128]","[8, 63, 128]",False,False
production,4096,False,False,1.12109375,0.00325407856144011,"[8, 64, 128]","[8, 63, 128]",False,31,legacy,4096,64,32,4096,4096,0,0,104,104,0,4200,4096,64,32,4096,False,False,False,False,False,False,segmented,3968,63,31,3968,3968,104,104,128,128,0,4200,3968,63,31,3968,True,aime24:p14:s0:seed14042,True,False,False,0.58642578125,0.017170913517475128,"[8, 64, 128]","[8, 63, 128]",False,False
