task,layer,kv_head,label,readiness,support_label,cross_hardware_consistent,v100_fnr,gpu4090_fnr,v100_fpr,gpu4090_fpr,v100_positive_support,gpu4090_positive_support
dureader,0,0,high_fp_risk,aggregate_only,low_support,False,0.15217391304347827,0.16666666666666666,0.25,0.16666666666666666,92,90
dureader,0,1,stable_high_fnr_low_support,aggregate_only,low_support,True,0.589041095890411,0.5507246376811594,0.043478260869565216,0.037037037037037035,73,69
dureader,0,2,unstable_across_hardware,aggregate_only,low_support,False,0.20481927710843373,0.15476190476190477,0.0,0.0,83,84
dureader,0,3,stable_high_fnr_low_support,aggregate_only,low_support,True,0.7894736842105263,0.8412698412698413,0.0,0.0,57,63
dureader,0,4,stable_high_fnr_low_support,aggregate_only,low_support,True,0.43243243243243246,0.4782608695652174,0.0,0.0,74,69
dureader,0,5,stable_low_fpr,aggregate_only,low_support,True,0.010526315789473684,0.0,0.0,0.0,95,94
dureader,0,6,stable_low_fpr,aggregate_only,low_support,True,0.07865168539325842,0.07608695652173914,0.0,0.0,89,92
dureader,0,7,stable_low_fpr,aggregate_only,low_support,True,0.0,0.0,0.0,0.0,93,94
dureader,1,0,stable_low_fpr,aggregate_only,low_support,True,0.10588235294117647,0.07142857142857142,0.0,0.0,85,84
dureader,1,1,stable_high_fnr_low_support,aggregate_only,low_support,True,0.28,0.3048780487804878,0.0,0.0,75,82
dureader,1,2,high_fp_risk,aggregate_only,low_support,False,0.058823529411764705,0.03488372093023256,0.18181818181818182,0.1,85,86
dureader,1,3,stable_high_fnr_low_support,aggregate_only,low_support,True,0.20588235294117646,0.24285714285714285,0.0,0.0,68,70
dureader,1,4,high_fp_risk,aggregate_only,low_support,False,0.022222222222222223,0.02247191011235955,0.16666666666666666,0.14285714285714285,90,89
dureader,1,5,stable_low_fpr,aggregate_only,low_support,True,0.04938271604938271,0.05,0.0,0.0,81,80
dureader,1,6,stable_high_fnr_low_support,aggregate_only,low_support,True,0.2125,0.2631578947368421,0.0,0.0,80,76
dureader,1,7,stable_high_fnr_low_support,aggregate_only,low_support,True,0.3076923076923077,0.27631578947368424,0.0,0.0,78,76
dureader,10,0,high_fp_risk,aggregate_only,low_support,False,0.08433734939759036,0.05,0.0,0.0625,83,80
dureader,10,1,stable_high_fnr_low_support,aggregate_only,low_support,True,0.24324324324324326,0.22535211267605634,0.0,0.0,74,71
dureader,10,2,stable_low_fpr,aggregate_only,low_support,True,0.1232876712328767,0.1282051282051282,0.0,0.0,73,78
dureader,10,3,stable_low_fpr,aggregate_only,low_support,True,0.15789473684210525,0.14864864864864866,0.0,0.0,76,74
dureader,10,4,unstable_across_hardware,aggregate_only,low_support,False,0.14864864864864866,0.21518987341772153,0.0,0.0,74,79
dureader,10,5,stable_high_fnr_low_support,aggregate_only,low_support,True,0.2,0.2894736842105263,0.0,0.0,80,76
dureader,10,6,high_fp_risk,aggregate_only,low_support,False,0.136986301369863,0.11538461538461539,0.0,0.05555555555555555,73,78
dureader,10,7,stable_low_fpr,aggregate_only,low_support,True,0.0379746835443038,0.05952380952380952,0.0,0.0,79,84
dureader,11,0,stable_low_fpr,aggregate_only,low_support,True,0.13580246913580246,0.13924050632911392,0.0,0.0,81,79
dureader,11,1,unstable_across_hardware,aggregate_only,low_support,False,0.14473684210526316,0.07792207792207792,0.0,0.0,76,77
dureader,11,2,stable_low_fpr,aggregate_only,low_support,True,0.05,0.05063291139240506,0.0,0.0,80,79
dureader,11,3,high_fp_risk,aggregate_only,low_support,False,0.11392405063291139,0.13414634146341464,0.29411764705882354,0.42857142857142855,79,82
dureader,11,4,stable_low_fpr,aggregate_only,low_support,True,0.06818181818181818,0.08139534883720931,0.0,0.0,88,86
dureader,11,5,stable_low_fpr,aggregate_only,low_support,True,0.19444444444444445,0.19402985074626866,0.0,0.034482758620689655,72,67
dureader,11,6,high_fp_risk,aggregate_only,low_support,False,0.024096385542168676,0.05,0.6923076923076923,0.625,83,80
dureader,11,7,stable_high_fnr_low_support,aggregate_only,low_support,True,0.20270270270270271,0.22857142857142856,0.0,0.0,74,70
dureader,12,0,stable_high_fnr_low_support,aggregate_only,low_support,True,0.34146341463414637,0.32926829268292684,0.0,0.0,82,82
dureader,12,1,high_fp_risk,aggregate_only,low_support,False,0.532258064516129,0.42424242424242425,0.3235294117647059,0.4,62,66
dureader,12,2,stable_high_fnr_low_support,aggregate_only,low_support,True,0.32142857142857145,0.2261904761904762,0.0,0.0,84,84
dureader,12,3,high_fp_risk,aggregate_only,low_support,False,0.024096385542168676,0.011904761904761904,0.07692307692307693,0.0,83,84
dureader,12,4,stable_low_fpr,aggregate_only,low_support,True,0.02531645569620253,0.025,0.0,0.0,79,80
dureader,12,5,stable_high_fnr_low_support,aggregate_only,low_support,True,0.27692307692307694,0.2328767123287671,0.0,0.0,65,73
dureader,12,6,stable_high_fnr_low_support,aggregate_only,low_support,True,0.3333333333333333,0.2839506172839506,0.0,0.0,81,81
dureader,12,7,stable_low_fpr,aggregate_only,low_support,True,0.11392405063291139,0.1125,0.0,0.0,79,80
dureader,13,0,unstable_across_hardware,aggregate_only,low_support,False,0.1,0.15384615384615385,0.0,0.0,90,91
dureader,13,1,stable_high_fnr_low_support,aggregate_only,low_support,True,0.28378378378378377,0.2894736842105263,0.0,0.0,74,76
dureader,13,2,unstable_across_hardware,aggregate_only,low_support,False,0.17857142857142858,0.23170731707317074,0.0,0.0,84,82
dureader,13,3,stable_high_fnr_low_support,aggregate_only,low_support,True,0.3076923076923077,0.30666666666666664,0.0,0.0,78,75
dureader,13,4,stable_low_fpr,aggregate_only,low_support,True,0.10256410256410256,0.07792207792207792,0.0,0.0,78,77
dureader,13,5,stable_high_fnr_low_support,aggregate_only,low_support,True,0.45454545454545453,0.4411764705882353,0.0,0.0,66,68
dureader,13,6,stable_low_fpr,aggregate_only,low_support,True,0.14102564102564102,0.1282051282051282,0.0,0.0,78,78
dureader,13,7,unstable_across_hardware,aggregate_only,low_support,False,0.07317073170731707,0.13580246913580246,0.0,0.0,82,81
dureader,14,0,stable_high_fnr_low_support,aggregate_only,low_support,True,0.3157894736842105,0.3150684931506849,0.0,0.043478260869565216,76,73
dureader,14,1,stable_high_fnr_low_support,aggregate_only,low_support,True,0.3088235294117647,0.37681159420289856,0.03571428571428571,0.0,68,69
dureader,14,2,stable_low_fpr,aggregate_only,low_support,True,0.012048192771084338,0.036585365853658534,0.0,0.0,83,82
dureader,14,3,high_fp_risk,aggregate_only,low_support,False,0.41333333333333333,0.38235294117647056,0.23809523809523808,0.14285714285714285,75,68
dureader,14,4,high_fp_risk,aggregate_only,low_support,False,0.1111111111111111,0.05,0.06666666666666667,0.0,81,80
dureader,14,5,stable_low_fpr,aggregate_only,low_support,True,0.07894736842105263,0.08860759493670886,0.0,0.0,76,79
dureader,14,6,stable_low_fpr,aggregate_only,low_support,True,0.13333333333333333,0.12195121951219512,0.0,0.0,75,82
dureader,14,7,stable_low_fpr,aggregate_only,low_support,True,0.13924050632911392,0.12658227848101267,0.0,0.0,79,79
dureader,15,0,unstable_across_hardware,aggregate_only,low_support,False,0.16666666666666666,0.10666666666666667,0.0,0.047619047619047616,78,75
dureader,15,1,stable_low_fpr,aggregate_only,low_support,True,0.12903225806451613,0.14942528735632185,0.0,0.0,93,87
dureader,15,2,stable_high_fnr_low_support,aggregate_only,low_support,True,0.3188405797101449,0.3333333333333333,0.0,0.0,69,72
dureader,15,3,stable_high_fnr_low_support,aggregate_only,low_support,True,0.41935483870967744,0.4647887323943662,0.0,0.04,62,71
dureader,15,4,unstable_across_hardware,aggregate_only,low_support,False,0.15789473684210525,0.25,0.0,0.0,76,76
dureader,15,5,stable_high_fnr_low_support,aggregate_only,low_support,True,0.4027777777777778,0.30985915492957744,0.0,0.0,72,71
dureader,15,6,high_fp_risk,aggregate_only,low_support,False,0.29333333333333333,0.32432432432432434,0.5714285714285714,0.5454545454545454,75,74
dureader,15,7,stable_low_fpr,aggregate_only,low_support,True,0.075,0.04819277108433735,0.0,0.0,80,83
dureader,16,0,stable_high_fnr_low_support,aggregate_only,low_support,True,0.21428571428571427,0.21333333333333335,0.0,0.0,70,75
dureader,16,1,stable_low_fpr,aggregate_only,low_support,True,0.012195121951219513,0.025,0.0,0.0,82,80
dureader,16,2,stable_high_fnr_low_support,aggregate_only,low_support,True,0.4507042253521127,0.3972602739726027,0.0,0.0,71,73
dureader,16,3,stable_low_fpr,aggregate_only,low_support,True,0.0759493670886076,0.04938271604938271,0.0,0.0,79,81
dureader,16,4,unstable_across_hardware,aggregate_only,low_support,False,0.16049382716049382,0.04878048780487805,0.0,0.0,81,82
dureader,16,5,stable_low_fpr,aggregate_only,low_support,True,0.17333333333333334,0.1780821917808219,0.0,0.0,75,73
dureader,16,6,unstable_across_hardware,aggregate_only,low_support,False,0.2191780821917808,0.1388888888888889,0.0,0.0,73,72
dureader,16,7,unstable_across_hardware,aggregate_only,low_support,False,0.03614457831325301,0.0975609756097561,0.0,0.0,83,82
dureader,17,0,high_fp_risk,aggregate_only,low_support,False,0.12987012987012986,0.1375,0.0,0.0625,77,80
dureader,17,1,stable_high_fnr_low_support,aggregate_only,low_support,True,0.24050632911392406,0.2236842105263158,0.0,0.0,79,76
dureader,17,2,stable_low_fpr,aggregate_only,low_support,True,0.07317073170731707,0.10126582278481013,0.0,0.0,82,79
dureader,17,3,stable_low_fpr,aggregate_only,low_support,True,0.012195121951219513,0.012048192771084338,0.0,0.0,82,83
dureader,17,4,unstable_across_hardware,aggregate_only,low_support,False,0.16216216216216217,0.09333333333333334,0.0,0.0,74,75
dureader,17,5,stable_high_fnr_low_support,aggregate_only,low_support,True,0.35714285714285715,0.2857142857142857,0.0,0.0,70,70
dureader,17,6,stable_high_fnr_low_support,aggregate_only,low_support,True,0.373134328358209,0.3380281690140845,0.0,0.0,67,71
dureader,17,7,stable_high_fnr_low_support,aggregate_only,low_support,True,0.2571428571428571,0.2222222222222222,0.0,0.0,70,63
dureader,18,0,stable_low_fpr,aggregate_only,low_support,True,0.08536585365853659,0.05128205128205128,0.0,0.0,82,78
dureader,18,1,unstable_across_hardware,aggregate_only,low_support,False,0.12987012987012986,0.039473684210526314,0.0,0.0,77,76
dureader,18,2,stable_low_fpr,aggregate_only,low_support,True,0.0759493670886076,0.07142857142857142,0.0,0.0,79,84
dureader,18,3,stable_low_fpr,aggregate_only,low_support,True,0.012195121951219513,0.02564102564102564,0.0,0.0,82,78
dureader,18,4,stable_high_fnr_low_support,aggregate_only,low_support,True,0.3939393939393939,0.40298507462686567,0.0,0.0,66,67
dureader,18,5,unstable_across_hardware,aggregate_only,low_support,False,0.29577464788732394,0.17333333333333334,0.0,0.0,71,75
dureader,18,6,stable_low_fpr,aggregate_only,low_support,True,0.19480519480519481,0.2,0.0,0.0,77,75
dureader,18,7,stable_high_fnr_low_support,aggregate_only,low_support,True,0.2835820895522388,0.2112676056338028,0.0,0.0,67,71
dureader,19,0,stable_low_fpr,aggregate_only,low_support,True,0.12658227848101267,0.07692307692307693,0.0,0.0,79,78
dureader,19,1,unstable_across_hardware,aggregate_only,low_support,False,0.2702702702702703,0.11842105263157894,0.0,0.0,74,76
dureader,19,2,stable_low_fpr,aggregate_only,low_support,True,0.125,0.13157894736842105,0.0,0.0,80,76
dureader,19,3,high_fp_risk,aggregate_only,low_support,False,0.17105263157894737,0.12987012987012986,0.05,0.05263157894736842,76,77
dureader,19,4,stable_low_fpr,aggregate_only,low_support,True,0.189873417721519,0.2,0.0,0.0,79,75
dureader,19,5,stable_high_fnr_low_support,aggregate_only,low_support,True,0.2876712328767123,0.20833333333333334,0.0,0.0,73,72
dureader,19,6,stable_high_fnr_low_support,aggregate_only,low_support,True,0.3972602739726027,0.4057971014492754,0.0,0.0,73,69
dureader,19,7,stable_low_fpr,aggregate_only,low_support,True,0.0,0.012048192771084338,0.0,0.0,83,83
dureader,2,0,stable_high_fnr_low_support,aggregate_only,low_support,True,0.30434782608695654,0.275,0.0,0.0,69,80
dureader,2,1,unstable_across_hardware,aggregate_only,low_support,False,0.0375,0.12658227848101267,0.0,0.0,80,79
dureader,2,2,stable_low_fpr,aggregate_only,low_support,True,0.11688311688311688,0.08641975308641975,0.0,0.0,77,81
dureader,2,3,stable_low_fpr,aggregate_only,low_support,True,0.0,0.0,0.0,0.0,84,84
dureader,2,4,high_fp_risk,aggregate_only,low_support,False,0.038461538461538464,0.06756756756756757,0.0,0.09090909090909091,78,74
dureader,2,5,high_fp_risk,aggregate_only,low_support,False,0.0,0.0,0.0,0.07692307692307693,84,83
dureader,2,6,stable_low_fpr,aggregate_only,low_support,True,0.0,0.0,0.0,0.0,84,84
dureader,2,7,stable_low_fpr,aggregate_only,low_support,True,0.0875,0.075,0.0,0.0,80,80
dureader,20,0,stable_high_fnr_low_support,aggregate_only,low_support,True,0.36764705882352944,0.39705882352941174,0.0,0.0,68,68
dureader,20,1,stable_low_fpr,aggregate_only,low_support,True,0.20270270270270271,0.1728395061728395,0.0,0.0,74,81
dureader,20,2,stable_low_fpr,aggregate_only,low_support,True,0.16883116883116883,0.12,0.0,0.0,77,75
dureader,20,3,unstable_across_hardware,aggregate_only,low_support,False,0.18181818181818182,0.11842105263157894,0.0,0.0,77,76
dureader,20,4,stable_low_fpr,aggregate_only,low_support,True,0.0,0.011904761904761904,0.0,0.0,84,84
dureader,20,5,unstable_across_hardware,aggregate_only,low_support,False,0.1506849315068493,0.09333333333333334,0.0,0.0,73,75
dureader,20,6,stable_low_fpr,aggregate_only,low_support,True,0.1518987341772152,0.15584415584415584,0.0,0.0,79,77
dureader,20,7,high_fp_risk,aggregate_only,low_support,False,0.2716049382716049,0.24358974358974358,0.0,0.05555555555555555,81,78
dureader,21,0,stable_low_fpr,aggregate_only,low_support,True,0.1780821917808219,0.17105263157894737,0.0,0.0,73,76
dureader,21,1,stable_low_fpr,aggregate_only,low_support,True,0.0,0.0,0.0,0.0,84,84
dureader,21,2,stable_low_fpr,aggregate_only,low_support,True,0.023809523809523808,0.0,0.0,0.0,84,82
dureader,21,3,unstable_across_hardware,aggregate_only,low_support,False,0.17105263157894737,0.2328767123287671,0.0,0.0,76,73
dureader,21,4,stable_low_fpr,aggregate_only,low_support,True,0.012048192771084338,0.012195121951219513,0.0,0.0,83,82
dureader,21,5,stable_high_fnr_low_support,aggregate_only,low_support,True,0.3472222222222222,0.3055555555555556,0.041666666666666664,0.0,72,72
dureader,21,6,stable_high_fnr_low_support,aggregate_only,low_support,True,0.4264705882352941,0.36923076923076925,0.0,0.0,68,65
dureader,21,7,stable_high_fnr_low_support,aggregate_only,low_support,True,0.45714285714285713,0.47058823529411764,0.0,0.0,70,68
dureader,22,0,stable_high_fnr_low_support,aggregate_only,low_support,True,0.43636363636363634,0.576271186440678,0.0,0.0,55,59
dureader,22,1,stable_low_fpr,aggregate_only,low_support,True,0.04819277108433735,0.024390243902439025,0.0,0.0,83,82
dureader,22,2,stable_high_fnr_low_support,aggregate_only,low_support,True,0.24358974358974358,0.21052631578947367,0.0,0.0,78,76
dureader,22,3,stable_high_fnr_low_support,aggregate_only,low_support,True,0.23076923076923078,0.29411764705882354,0.03225806451612903,0.0,65,68
dureader,22,4,stable_low_fpr,aggregate_only,low_support,True,0.09090909090909091,0.13333333333333333,0.0,0.0,77,75
dureader,22,5,stable_low_fpr,aggregate_only,low_support,True,0.18421052631578946,0.1780821917808219,0.0,0.0,76,73
dureader,22,6,high_fp_risk,aggregate_only,low_support,False,0.18421052631578946,0.22972972972972974,0.05,0.0,76,74
dureader,22,7,stable_high_fnr_low_support,aggregate_only,low_support,True,0.53125,0.375,0.0,0.0,64,64
dureader,23,0,stable_low_fpr,aggregate_only,low_support,True,0.024096385542168676,0.03614457831325301,0.0,0.0,83,83
dureader,23,1,stable_high_fnr_low_support,aggregate_only,low_support,True,0.36486486486486486,0.28169014084507044,0.045454545454545456,0.0,74,71
dureader,23,2,stable_low_fpr,aggregate_only,low_support,True,0.06097560975609756,0.075,0.0,0.0,82,80
dureader,23,3,stable_high_fnr_low_support,aggregate_only,low_support,True,0.359375,0.4492753623188406,0.0,0.0,64,69
dureader,23,4,unstable_across_hardware,aggregate_only,low_support,False,0.19230769230769232,0.11538461538461539,0.0,0.0,78,78
dureader,23,5,stable_high_fnr_low_support,aggregate_only,low_support,True,0.5245901639344263,0.4090909090909091,0.0,0.0,61,66
dureader,23,6,stable_high_fnr_low_support,aggregate_only,low_support,True,0.2876712328767123,0.3150684931506849,0.0,0.0,73,73
dureader,23,7,stable_low_fpr,aggregate_only,low_support,True,0.037037037037037035,0.024390243902439025,0.0,0.0,81,82
dureader,24,0,stable_low_fpr,aggregate_only,low_support,True,0.023809523809523808,0.03571428571428571,0.0,0.0,84,84
dureader,24,1,unstable_across_hardware,aggregate_only,low_support,False,0.07692307692307693,0.175,0.0,0.0,78,80
dureader,24,2,unstable_across_hardware,aggregate_only,low_support,False,0.1728395061728395,0.0641025641025641,0.0,0.0,81,78
dureader,24,3,stable_low_fpr,aggregate_only,low_support,True,0.060240963855421686,0.03571428571428571,0.0,0.0,83,84
dureader,24,4,stable_high_fnr_low_support,aggregate_only,low_support,True,0.532258064516129,0.5735294117647058,0.0,0.0,62,68
dureader,24,5,stable_high_fnr_low_support,aggregate_only,low_support,True,0.5,0.4375,0.0,0.0,62,64
dureader,24,6,stable_low_fpr,aggregate_only,low_support,True,0.12162162162162163,0.10666666666666667,0.0,0.0,74,75
dureader,24,7,stable_low_fpr,aggregate_only,low_support,True,0.011904761904761904,0.0,0.0,0.0,84,84
dureader,25,0,high_fp_risk,aggregate_only,low_support,False,0.06172839506172839,0.0975609756097561,0.06666666666666667,0.0,81,82
dureader,25,1,stable_high_fnr_low_support,aggregate_only,low_support,True,0.42857142857142855,0.417910447761194,0.0,0.0,63,67
dureader,25,2,stable_low_fpr,aggregate_only,low_support,True,0.12048192771084337,0.07228915662650602,0.0,0.0,83,83
dureader,25,3,stable_high_fnr_low_support,aggregate_only,low_support,True,0.38461538461538464,0.4090909090909091,0.0,0.0,65,66
dureader,25,4,unstable_across_hardware,aggregate_only,low_support,False,0.1875,0.11688311688311688,0.0,0.0,80,77
dureader,25,5,stable_low_fpr,aggregate_only,low_support,True,0.0,0.0,0.0,0.0,84,84
dureader,25,6,unstable_across_hardware,aggregate_only,low_support,False,0.07228915662650602,0.1625,0.0,0.0,83,80
dureader,25,7,stable_low_fpr,aggregate_only,low_support,True,0.024390243902439025,0.012658227848101266,0.0,0.0,82,79
dureader,26,0,stable_low_fpr,aggregate_only,low_support,True,0.0,0.0,0.0,0.0,84,84
dureader,26,1,stable_low_fpr,aggregate_only,low_support,True,0.04878048780487805,0.05952380952380952,0.0,0.0,82,84
dureader,26,2,stable_low_fpr,aggregate_only,low_support,True,0.012048192771084338,0.0,0.0,0.0,83,82
dureader,26,3,stable_high_fnr_low_support,aggregate_only,low_support,True,0.2236842105263158,0.21621621621621623,0.0,0.0,76,74
dureader,26,4,stable_low_fpr,aggregate_only,low_support,True,0.09876543209876543,0.09523809523809523,0.0,0.0,81,84
dureader,26,5,stable_low_fpr,aggregate_only,low_support,True,0.11842105263157894,0.09722222222222222,0.0,0.041666666666666664,76,72
dureader,26,6,unstable_across_hardware,aggregate_only,low_support,False,0.1643835616438356,0.23376623376623376,0.0,0.0,73,77
dureader,26,7,stable_high_fnr_low_support,aggregate_only,low_support,True,0.45161290322580644,0.4444444444444444,0.0,0.0,62,63
dureader,27,0,stable_high_fnr_low_support,aggregate_only,low_support,True,0.36619718309859156,0.3188405797101449,0.0,0.0,71,69
dureader,27,1,stable_high_fnr_low_support,aggregate_only,low_support,True,0.35714285714285715,0.44776119402985076,0.0,0.0,70,67
dureader,27,2,stable_low_fpr,aggregate_only,low_support,True,0.0875,0.08641975308641975,0.0,0.0,80,81
dureader,27,3,stable_low_fpr,aggregate_only,low_support,True,0.04819277108433735,0.023809523809523808,0.0,0.0,83,84
dureader,27,4,stable_low_fpr,aggregate_only,low_support,True,0.05263157894736842,0.06493506493506493,0.0,0.0,76,77
dureader,27,5,stable_high_fnr_low_support,aggregate_only,low_support,True,0.5072463768115942,0.4918032786885246,0.0,0.0,69,61
dureader,27,6,stable_low_fpr,aggregate_only,low_support,True,0.18181818181818182,0.15789473684210525,0.0,0.0,77,76
dureader,27,7,stable_low_fpr,aggregate_only,low_support,True,0.011904761904761904,0.0,0.0,0.0,84,84
dureader,28,0,unstable_across_hardware,aggregate_only,low_support,False,0.14084507042253522,0.21333333333333335,0.0,0.0,71,75
dureader,28,1,high_fp_risk,aggregate_only,low_support,False,0.09210526315789473,0.037037037037037035,0.05,0.0,76,81
dureader,28,2,high_fp_risk,aggregate_only,low_support,False,0.12987012987012986,0.11904761904761904,0.05263157894736842,0.0,77,84
dureader,28,3,stable_high_fnr_low_support,aggregate_only,low_support,True,0.36764705882352944,0.3783783783783784,0.03571428571428571,0.045454545454545456,68,74
dureader,28,4,high_fp_risk,aggregate_only,low_support,False,0.2,0.19736842105263158,0.0,0.1,80,76
dureader,28,5,unstable_across_hardware,aggregate_only,low_support,False,0.1917808219178082,0.3013698630136986,0.0,0.0,73,73
dureader,28,6,unstable_across_hardware,aggregate_only,low_support,False,0.2,0.12195121951219512,0.0,0.0,80,82
dureader,28,7,stable_high_fnr_low_support,aggregate_only,low_support,True,0.2625,0.3116883116883117,0.0,0.0,80,77
dureader,29,0,stable_low_fpr,aggregate_only,low_support,True,0.14285714285714285,0.125,0.0,0.0,70,72
dureader,29,1,stable_low_fpr,aggregate_only,low_support,True,0.04819277108433735,0.03614457831325301,0.0,0.0,83,83
dureader,29,2,stable_low_fpr,aggregate_only,low_support,True,0.14285714285714285,0.12658227848101267,0.0,0.0,77,79
dureader,29,3,stable_low_fpr,aggregate_only,low_support,True,0.08974358974358974,0.08536585365853659,0.0,0.0,78,82
dureader,29,4,stable_low_fpr,aggregate_only,low_support,True,0.011904761904761904,0.0,0.0,0.0,84,84
dureader,29,5,unstable_across_hardware,aggregate_only,low_support,False,0.14666666666666667,0.19736842105263158,0.0,0.0,75,76
dureader,29,6,stable_low_fpr,aggregate_only,low_support,True,0.0,0.0,0.0,0.0,84,84
dureader,29,7,stable_low_fpr,aggregate_only,low_support,True,0.03896103896103896,0.07317073170731707,0.0,0.0,77,82
dureader,3,0,stable_high_fnr_low_support,aggregate_only,low_support,True,0.4492753623188406,0.35384615384615387,0.0,0.0,69,65
dureader,3,1,stable_low_fpr,aggregate_only,low_support,True,0.011904761904761904,0.0,0.0,0.0,84,84
dureader,3,2,stable_high_fnr_low_support,aggregate_only,low_support,True,0.26666666666666666,0.23684210526315788,0.0,0.0,75,76
dureader,3,3,stable_high_fnr_low_support,aggregate_only,low_support,True,0.34782608695652173,0.3055555555555556,0.0,0.0,69,72
dureader,3,4,stable_low_fpr,aggregate_only,low_support,True,0.023809523809523808,0.011904761904761904,0.0,0.0,84,84
dureader,3,5,stable_high_fnr_low_support,aggregate_only,low_support,True,0.3076923076923077,0.2714285714285714,0.0,0.0,65,70
dureader,3,6,stable_high_fnr_low_support,aggregate_only,low_support,True,0.39705882352941174,0.4492753623188406,0.0,0.0,68,69
dureader,3,7,stable_low_fpr,aggregate_only,low_support,True,0.08860759493670886,0.10256410256410256,0.0,0.0,79,78
dureader,30,0,stable_high_fnr_low_support,aggregate_only,low_support,True,0.3333333333333333,0.3787878787878788,0.0,0.0,72,66
dureader,30,1,stable_low_fpr,aggregate_only,low_support,True,0.036585365853658534,0.075,0.0,0.0,82,80
dureader,30,2,stable_low_fpr,aggregate_only,low_support,True,0.10810810810810811,0.1282051282051282,0.045454545454545456,0.0,74,78
dureader,30,3,stable_high_fnr_low_support,aggregate_only,low_support,True,0.41935483870967744,0.43283582089552236,0.0,0.0,62,67
dureader,30,4,stable_low_fpr,aggregate_only,low_support,True,0.05,0.07692307692307693,0.0,0.0,80,78
dureader,30,5,stable_low_fpr,aggregate_only,low_support,True,0.024390243902439025,0.024096385542168676,0.0,0.0,82,83
dureader,30,6,stable_high_fnr_low_support,aggregate_only,low_support,True,0.23943661971830985,0.21621621621621623,0.04,0.045454545454545456,71,74
dureader,30,7,stable_high_fnr_low_support,aggregate_only,low_support,True,0.453125,0.390625,0.03125,0.0,64,64
dureader,31,0,stable_low_fpr,aggregate_only,low_support,True,0.18666666666666668,0.21052631578947367,0.0,0.0,75,76
dureader,31,1,stable_low_fpr,aggregate_only,low_support,True,0.0,0.0,0.0,0.0,84,84
dureader,31,2,stable_low_fpr,aggregate_only,low_support,True,0.060240963855421686,0.07142857142857142,0.0,0.0,83,84
dureader,31,3,stable_low_fpr,aggregate_only,low_support,True,0.0,0.0,0.0,0.0,84,84
dureader,31,4,stable_low_fpr,aggregate_only,low_support,True,0.16455696202531644,0.13414634146341464,0.0,0.0,79,82
dureader,31,5,stable_high_fnr_low_support,aggregate_only,low_support,True,0.3424657534246575,0.421875,0.0,0.0,73,64
dureader,31,6,stable_low_fpr,aggregate_only,low_support,True,0.0975609756097561,0.1,0.0,0.0,82,80
dureader,31,7,stable_high_fnr_low_support,aggregate_only,low_support,True,0.2153846153846154,0.2602739726027397,0.0,0.0,65,73
dureader,4,0,stable_low_fpr,aggregate_only,low_support,True,0.09333333333333334,0.1232876712328767,0.0,0.0,75,73
dureader,4,1,stable_high_fnr_low_support,aggregate_only,low_support,True,0.35294117647058826,0.2463768115942029,0.03571428571428571,0.037037037037037035,68,69
dureader,4,2,stable_low_fpr,aggregate_only,low_support,True,0.023809523809523808,0.023809523809523808,0.0,0.0,84,84
dureader,4,3,stable_low_fpr,aggregate_only,low_support,True,0.024096385542168676,0.024096385542168676,0.0,0.0,83,83
dureader,4,4,stable_low_fpr,aggregate_only,low_support,True,0.047619047619047616,0.07228915662650602,0.0,0.0,84,83
dureader,4,5,stable_high_fnr_low_support,aggregate_only,low_support,True,0.4153846153846154,0.34285714285714286,0.0,0.0,65,70
dureader,4,6,unstable_across_hardware,aggregate_only,low_support,False,0.06493506493506493,0.0,0.0,0.0,77,81
dureader,4,7,stable_high_fnr_low_support,aggregate_only,low_support,True,0.23943661971830985,0.2535211267605634,0.04,0.0,71,71
dureader,5,0,unstable_across_hardware,aggregate_only,low_support,False,0.1282051282051282,0.07692307692307693,0.0,0.0,78,78
dureader,5,1,stable_low_fpr,aggregate_only,low_support,True,0.024390243902439025,0.024390243902439025,0.0,0.0,82,82
dureader,5,2,stable_low_fpr,aggregate_only,low_support,True,0.0,0.023809523809523808,0.0,0.0,83,84
dureader,5,3,stable_low_fpr,aggregate_only,low_support,True,0.036585365853658534,0.037037037037037035,0.0,0.0,82,81
dureader,5,4,stable_low_fpr,aggregate_only,low_support,True,0.14473684210526316,0.175,0.0,0.0,76,80
dureader,5,5,unstable_across_hardware,aggregate_only,low_support,False,0.273972602739726,0.16,0.0,0.047619047619047616,73,75
dureader,5,6,stable_low_fpr,aggregate_only,low_support,True,0.08974358974358974,0.075,0.0,0.0,78,80
dureader,5,7,stable_low_fpr,aggregate_only,low_support,True,0.0125,0.012345679012345678,0.0,0.0,80,81
dureader,6,0,stable_high_fnr_low_support,aggregate_only,low_support,True,0.21428571428571427,0.28169014084507044,0.038461538461538464,0.0,70,71
dureader,6,1,stable_high_fnr_low_support,aggregate_only,low_support,True,0.375,0.3770491803278688,0.0,0.0,64,61
dureader,6,2,high_fp_risk,aggregate_only,low_support,False,0.13953488372093023,0.0989010989010989,0.1,0.0,86,91
dureader,6,3,stable_low_fpr,aggregate_only,low_support,True,0.0125,0.024691358024691357,0.0,0.0,80,81
dureader,6,4,stable_low_fpr,aggregate_only,low_support,True,0.024096385542168676,0.05952380952380952,0.0,0.0,83,84
dureader,6,5,high_fp_risk,aggregate_only,low_support,False,0.25,0.28,0.15,0.14285714285714285,76,75
dureader,6,6,stable_low_fpr,aggregate_only,low_support,True,0.14102564102564102,0.10666666666666667,0.0,0.0,78,75
dureader,6,7,stable_high_fnr_low_support,aggregate_only,low_support,True,0.3013698630136986,0.2857142857142857,0.0,0.0,73,70
dureader,7,0,stable_low_fpr,aggregate_only,low_support,True,0.05,0.024390243902439025,0.0,0.0,80,82
dureader,7,1,stable_low_fpr,aggregate_only,low_support,True,0.08433734939759036,0.04819277108433735,0.0,0.0,83,83
dureader,7,2,stable_low_fpr,aggregate_only,low_support,True,0.16,0.17333333333333334,0.0,0.0,75,75
dureader,7,3,high_fp_risk,aggregate_only,low_support,False,0.2727272727272727,0.28169014084507044,0.05263157894736842,0.04,77,71
dureader,7,4,stable_low_fpr,aggregate_only,low_support,True,0.1875,0.16666666666666666,0.0,0.0,80,78
dureader,7,5,stable_low_fpr,aggregate_only,low_support,True,0.04878048780487805,0.075,0.0,0.0,82,80
dureader,7,6,stable_low_fpr,aggregate_only,low_support,True,0.024390243902439025,0.024390243902439025,0.0,0.0,82,82
dureader,7,7,stable_low_fpr,aggregate_only,low_support,True,0.16666666666666666,0.15584415584415584,0.0,0.0,78,77
dureader,8,0,stable_low_fpr,aggregate_only,low_support,True,0.11392405063291139,0.075,0.0,0.0,79,80
dureader,8,1,high_fp_risk,aggregate_only,low_support,False,0.2948717948717949,0.3194444444444444,0.05555555555555555,0.041666666666666664,78,72
dureader,8,2,stable_low_fpr,aggregate_only,low_support,True,0.13636363636363635,0.13953488372093023,0.0,0.0,88,86
dureader,8,3,high_fp_risk,aggregate_only,low_support,False,0.038461538461538464,0.025,0.0,0.0625,78,80
dureader,8,4,high_fp_risk,aggregate_only,low_support,False,0.35365853658536583,0.3333333333333333,0.07142857142857142,0.0,82,84
dureader,8,5,stable_low_fpr,aggregate_only,low_support,True,0.15294117647058825,0.16853932584269662,0.0,0.0,85,89
dureader,8,6,stable_high_fnr_low_support,aggregate_only,low_support,True,0.417910447761194,0.421875,0.0,0.0,67,64
dureader,8,7,high_fp_risk,aggregate_only,low_support,False,0.19540229885057472,0.07317073170731707,0.1111111111111111,0.07142857142857142,87,82
dureader,9,0,stable_low_fpr,aggregate_only,low_support,True,0.18072289156626506,0.19047619047619047,0.0,0.0,83,84
dureader,9,1,stable_high_fnr_low_support,aggregate_only,low_support,True,0.463768115942029,0.4,0.0,0.0,69,70
dureader,9,2,high_fp_risk,aggregate_only,low_support,False,0.0,0.0,0.07692307692307693,0.0,83,84
dureader,9,3,stable_low_fpr,aggregate_only,low_support,True,0.14473684210526316,0.16455696202531644,0.0,0.0,76,79
dureader,9,4,stable_low_fpr,aggregate_only,low_support,True,0.07407407407407407,0.05128205128205128,0.0,0.0,81,78
dureader,9,5,high_fp_risk,aggregate_only,low_support,False,0.33766233766233766,0.23376623376623376,0.0,0.05263157894736842,77,77
dureader,9,6,stable_high_fnr_low_support,aggregate_only,low_support,True,0.24324324324324326,0.2676056338028169,0.0,0.0,74,71
dureader,9,7,stable_high_fnr_low_support,aggregate_only,low_support,True,0.41025641025641024,0.3950617283950617,0.0,0.0,78,81
gsm8k,0,0,high_fp_risk,aggregate_only,low_support,False,0.046153846153846156,0.08955223880597014,0.06666666666666667,0.07692307692307693,65,67
gsm8k,0,1,stable_low_fpr,aggregate_only,low_support,True,0.1111111111111111,0.15492957746478872,0.0,0.0,72,71
gsm8k,0,2,high_fp_risk,aggregate_only,low_support,False,0.06666666666666667,0.06666666666666667,0.05,0.1,60,60
gsm8k,0,3,unstable_across_hardware,aggregate_only,low_support,False,0.08064516129032258,0.13793103448275862,0.0,0.0,62,58
gsm8k,0,4,stable_low_fpr,aggregate_only,low_support,True,0.12280701754385964,0.11320754716981132,0.0,0.0,57,53
gsm8k,0,5,stable_low_fpr,aggregate_only,low_support,True,0.01282051282051282,0.013157894736842105,0.0,0.0,78,76
gsm8k,0,6,unstable_across_hardware,aggregate_only,low_support,False,0.05194805194805195,0.10666666666666667,0.0,0.0,77,75
gsm8k,0,7,stable_low_fpr,aggregate_only,low_support,True,0.02564102564102564,0.02564102564102564,0.0,0.0,78,78
gsm8k,1,0,stable_low_fpr,aggregate_only,low_support,True,0.058823529411764705,0.09090909090909091,0.0,0.0,68,66
gsm8k,1,1,unstable_across_hardware,aggregate_only,low_support,False,0.18333333333333332,0.25,0.0,0.0,60,60
gsm8k,1,2,unstable_across_hardware,aggregate_only,low_support,False,0.07462686567164178,0.014492753623188406,0.0,0.0,67,69
gsm8k,1,3,stable_low_fpr,aggregate_only,low_support,True,0.1864406779661017,0.19672131147540983,0.0,0.0,59,61
gsm8k,1,4,unstable_across_hardware,aggregate_only,low_support,False,0.09523809523809523,0.031746031746031744,0.0,0.0,63,63
gsm8k,1,5,high_fp_risk,aggregate_only,low_support,False,0.10606060606060606,0.015625,0.14285714285714285,0.1875,66,64
gsm8k,1,6,stable_low_fpr,aggregate_only,low_support,True,0.031746031746031744,0.015151515151515152,0.0,0.0,63,66
gsm8k,1,7,high_fp_risk,aggregate_only,low_support,False,0.015384615384615385,0.18181818181818182,0.06666666666666667,0.0,65,66
gsm8k,10,0,stable_low_fpr,aggregate_only,low_support,True,0.0,0.0,0.0,0.0,69,69
gsm8k,10,1,stable_low_fpr,aggregate_only,low_support,True,0.02857142857142857,0.057971014492753624,0.0,0.0,70,69
gsm8k,10,2,stable_low_fpr,aggregate_only,low_support,True,0.06153846153846154,0.10294117647058823,0.0,0.0,65,68
gsm8k,10,3,stable_low_fpr,aggregate_only,low_support,True,0.058823529411764705,0.029411764705882353,0.0,0.0,68,68
gsm8k,10,4,stable_low_fpr,aggregate_only,low_support,True,0.0,0.029411764705882353,0.0,0.0,71,68
gsm8k,10,5,high_fp_risk,aggregate_only,low_support,False,0.11267605633802817,0.14492753623188406,0.0,0.09090909090909091,71,69
gsm8k,10,6,stable_low_fpr,aggregate_only,low_support,True,0.014705882352941176,0.0,0.0,0.0,68,69
gsm8k,10,7,stable_low_fpr,aggregate_only,low_support,True,0.04285714285714286,0.02857142857142857,0.0,0.0,70,70
gsm8k,11,0,stable_low_fpr,aggregate_only,low_support,True,0.0,0.014492753623188406,0.0,0.0,69,69
gsm8k,11,1,stable_low_fpr,aggregate_only,low_support,True,0.04411764705882353,0.014925373134328358,0.0,0.0,68,67
gsm8k,11,2,stable_low_fpr,aggregate_only,low_support,True,0.030303030303030304,0.03076923076923077,0.0,0.0,66,65
gsm8k,11,3,high_fp_risk,aggregate_only,low_support,False,0.04411764705882353,0.014925373134328358,0.08333333333333333,0.07692307692307693,68,67
gsm8k,11,4,data_insufficient,aggregate_only,low_support,False,0.14102564102564102,0.15,0.0,,78,80
gsm8k,11,5,stable_low_fpr,aggregate_only,low_support,True,0.04285714285714286,0.04285714285714286,0.0,0.0,70,70
gsm8k,11,6,high_fp_risk,aggregate_only,low_support,False,0.02857142857142857,0.0,0.4,0.36363636363636365,70,69
gsm8k,11,7,stable_low_fpr,aggregate_only,low_support,True,0.043478260869565216,0.014705882352941176,0.0,0.0,69,68
gsm8k,12,0,stable_low_fpr,aggregate_only,low_support,True,0.028169014084507043,0.041666666666666664,0.0,0.0,71,72
gsm8k,12,1,stable_low_fpr,aggregate_only,low_support,True,0.0625,0.07575757575757576,0.0,0.0,64,66
gsm8k,12,2,stable_low_fpr,aggregate_only,low_support,True,0.15942028985507245,0.1527777777777778,0.0,0.0,69,72
gsm8k,12,3,stable_low_fpr,aggregate_only,low_support,True,0.0,0.0,0.0,0.0,70,71
gsm8k,12,4,stable_low_fpr,aggregate_only,low_support,True,0.029411764705882353,0.043478260869565216,0.0,0.0,68,69
gsm8k,12,5,unstable_across_hardware,aggregate_only,low_support,False,0.03278688524590164,0.140625,0.0,0.0,61,64
gsm8k,12,6,stable_low_fpr,aggregate_only,low_support,True,0.14102564102564102,0.11392405063291139,0.0,0.0,78,79
gsm8k,12,7,high_fp_risk,aggregate_only,low_support,False,0.07462686567164178,0.058823529411764705,0.0,0.08333333333333333,67,68
gsm8k,13,0,stable_low_fpr,aggregate_only,low_support,True,0.05405405405405406,0.05405405405405406,0.0,0.0,74,74
gsm8k,13,1,high_fp_risk,aggregate_only,low_support,False,0.030303030303030304,0.029850746268656716,0.07142857142857142,0.0,66,67
gsm8k,13,2,stable_low_fpr,aggregate_only,low_support,True,0.05128205128205128,0.09090909090909091,0.0,0.0,78,77
gsm8k,13,3,stable_low_fpr,aggregate_only,low_support,True,0.11764705882352941,0.08823529411764706,0.0,0.0,68,68
gsm8k,13,4,stable_low_fpr,aggregate_only,low_support,True,0.0684931506849315,0.06756756756756757,0.0,0.0,73,74
gsm8k,13,5,stable_low_fpr,aggregate_only,low_support,True,0.1111111111111111,0.15625,0.0,0.0,63,64
gsm8k,13,6,stable_low_fpr,aggregate_only,low_support,True,0.04285714285714286,0.028985507246376812,0.0,0.0,70,69
gsm8k,13,7,stable_low_fpr,aggregate_only,low_support,True,0.04411764705882353,0.057971014492753624,0.0,0.0,68,69
gsm8k,14,0,stable_low_fpr,aggregate_only,low_support,True,0.014705882352941176,0.056338028169014086,0.0,0.0,68,71
gsm8k,14,1,high_fp_risk,aggregate_only,low_support,False,0.13636363636363635,0.13043478260869565,0.07142857142857142,0.09090909090909091,66,69
gsm8k,14,2,stable_low_fpr,aggregate_only,low_support,True,0.015151515151515152,0.0,0.0,0.0,66,69
gsm8k,14,3,high_fp_risk,aggregate_only,low_support,False,0.06153846153846154,0.04477611940298507,0.26666666666666666,0.3076923076923077,65,67
gsm8k,14,4,stable_low_fpr,aggregate_only,low_support,True,0.028985507246376812,0.014925373134328358,0.0,0.0,69,67
gsm8k,14,5,stable_low_fpr,aggregate_only,low_support,True,0.028985507246376812,0.0,0.0,0.0,69,67
gsm8k,14,6,high_fp_risk,aggregate_only,low_support,False,0.045454545454545456,0.07246376811594203,0.07142857142857142,0.0,66,69
gsm8k,14,7,stable_low_fpr,aggregate_only,low_support,True,0.0,0.0,0.0,0.0,70,69
gsm8k,15,0,high_fp_risk,aggregate_only,low_support,False,0.08823529411764706,0.06060606060606061,0.08333333333333333,0.07142857142857142,68,66
gsm8k,15,1,stable_low_fpr,aggregate_only,low_support,True,0.02531645569620253,0.02531645569620253,0.0,0.0,79,79
gsm8k,15,2,stable_low_fpr,aggregate_only,low_support,True,0.16417910447761194,0.12121212121212122,0.0,0.0,67,66
gsm8k,15,3,unstable_across_hardware,aggregate_only,low_support,False,0.078125,0.1875,0.0,0.0,64,64
gsm8k,15,4,stable_low_fpr,aggregate_only,low_support,True,0.14285714285714285,0.19117647058823528,0.0,0.0,63,68
gsm8k,15,5,stable_low_fpr,aggregate_only,low_support,True,0.029411764705882353,0.014492753623188406,0.0,0.0,68,69
gsm8k,15,6,high_fp_risk,aggregate_only,low_support,False,0.09523809523809523,0.046153846153846156,0.47058823529411764,0.5333333333333333,63,65
gsm8k,15,7,stable_low_fpr,aggregate_only,low_support,True,0.07575757575757576,0.07246376811594203,0.0,0.0,66,69
gsm8k,16,0,stable_low_fpr,aggregate_only,low_support,True,0.10294117647058823,0.078125,0.0,0.0,68,64
gsm8k,16,1,stable_low_fpr,aggregate_only,low_support,True,0.028985507246376812,0.014705882352941176,0.0,0.0,69,68
gsm8k,16,2,high_fp_risk,aggregate_only,low_support,False,0.09523809523809523,0.09090909090909091,0.058823529411764705,0.0,63,66
gsm8k,16,3,stable_low_fpr,aggregate_only,low_support,True,0.04285714285714286,0.057971014492753624,0.0,0.0,70,69
gsm8k,16,4,stable_low_fpr,aggregate_only,low_support,True,0.04285714285714286,0.0,0.0,0.0,70,70
gsm8k,16,5,high_fp_risk,aggregate_only,low_support,False,0.06060606060606061,0.08955223880597014,0.0,0.07692307692307693,66,67
gsm8k,16,6,stable_low_fpr,aggregate_only,low_support,True,0.057971014492753624,0.08823529411764706,0.0,0.0,69,68
gsm8k,16,7,stable_low_fpr,aggregate_only,low_support,True,0.0,0.0,0.0,0.0,70,70
gsm8k,17,0,stable_low_fpr,aggregate_only,low_support,True,0.058823529411764705,0.02857142857142857,0.0,0.0,68,70
gsm8k,17,1,stable_low_fpr,aggregate_only,low_support,True,0.02857142857142857,0.043478260869565216,0.0,0.0,70,69
gsm8k,17,2,stable_low_fpr,aggregate_only,low_support,True,0.16417910447761194,0.13043478260869565,0.0,0.0,67,69
gsm8k,17,3,stable_low_fpr,aggregate_only,low_support,True,0.0,0.014285714285714285,0.0,0.0,69,70
gsm8k,17,4,unstable_across_hardware,aggregate_only,low_support,False,0.24193548387096775,0.18333333333333332,0.0,0.0,62,60
gsm8k,17,5,stable_low_fpr,aggregate_only,low_support,True,0.07352941176470588,0.04285714285714286,0.0,0.0,68,70
gsm8k,17,6,stable_low_fpr,aggregate_only,low_support,True,0.04411764705882353,0.058823529411764705,0.0,0.0,68,68
gsm8k,17,7,stable_low_fpr,aggregate_only,low_support,True,0.057971014492753624,0.028985507246376812,0.0,0.0,69,69
gsm8k,18,0,stable_low_fpr,aggregate_only,low_support,True,0.0,0.014705882352941176,0.0,0.0,70,68
gsm8k,18,1,stable_low_fpr,aggregate_only,low_support,True,0.029411764705882353,0.0,0.0,0.0,68,66
gsm8k,18,2,stable_low_fpr,aggregate_only,low_support,True,0.04477611940298507,0.0,0.0,0.0,67,66
gsm8k,18,3,stable_low_fpr,aggregate_only,low_support,True,0.028985507246376812,0.0,0.0,0.0,69,68
gsm8k,18,4,stable_low_fpr,aggregate_only,low_support,True,0.18333333333333332,0.1724137931034483,0.0,0.0,60,58
gsm8k,18,5,stable_low_fpr,aggregate_only,low_support,True,0.04285714285714286,0.057971014492753624,0.0,0.0,70,69
gsm8k,18,6,stable_low_fpr,aggregate_only,low_support,True,0.029411764705882353,0.057971014492753624,0.0,0.0,68,69
gsm8k,18,7,stable_low_fpr,aggregate_only,low_support,True,0.05970149253731343,0.058823529411764705,0.0,0.0,67,68
gsm8k,19,0,unstable_across_hardware,aggregate_only,low_support,False,0.0,0.07352941176470588,0.0,0.0,67,68
gsm8k,19,1,unstable_across_hardware,aggregate_only,low_support,False,0.07352941176470588,0.014705882352941176,0.0,0.0,68,68
gsm8k,19,2,stable_low_fpr,aggregate_only,low_support,True,0.07352941176470588,0.043478260869565216,0.0,0.0,68,69
gsm8k,19,3,stable_low_fpr,aggregate_only,low_support,True,0.078125,0.06153846153846154,0.0,0.0,64,65
gsm8k,19,4,unstable_across_hardware,aggregate_only,low_support,False,0.08955223880597014,0.14705882352941177,0.0,0.0,67,68
gsm8k,19,5,high_fp_risk,aggregate_only,low_support,False,0.12121212121212122,0.10144927536231885,0.07142857142857142,0.09090909090909091,66,69
gsm8k,19,6,stable_low_fpr,aggregate_only,low_support,True,0.12307692307692308,0.12698412698412698,0.0,0.0,65,63
gsm8k,19,7,stable_low_fpr,aggregate_only,low_support,True,0.02857142857142857,0.02857142857142857,0.0,0.0,70,70
gsm8k,2,0,unstable_across_hardware,aggregate_only,low_support,False,0.1774193548387097,0.06349206349206349,0.0,0.0,62,63
gsm8k,2,1,stable_low_fpr,aggregate_only,low_support,True,0.029850746268656716,0.028985507246376812,0.0,0.0,67,69
gsm8k,2,2,stable_low_fpr,aggregate_only,low_support,True,0.1111111111111111,0.13846153846153847,0.0,0.0,63,65
gsm8k,2,3,stable_low_fpr,aggregate_only,low_support,True,0.0,0.0,0.0,0.0,70,70
gsm8k,2,4,stable_low_fpr,aggregate_only,low_support,True,0.18461538461538463,0.15942028985507245,0.0,0.0,65,69
gsm8k,2,5,stable_low_fpr,aggregate_only,low_support,True,0.0,0.0,0.0,0.0,70,70
gsm8k,2,6,stable_low_fpr,aggregate_only,low_support,True,0.0,0.0,0.0,0.0,70,70
gsm8k,2,7,stable_low_fpr,aggregate_only,low_support,True,0.04477611940298507,0.07692307692307693,0.0,0.0,67,65
gsm8k,20,0,stable_low_fpr,aggregate_only,low_support,True,0.029411764705882353,0.07352941176470588,0.0,0.0,68,68
gsm8k,20,1,stable_low_fpr,aggregate_only,low_support,True,0.09230769230769231,0.12307692307692308,0.0,0.0,65,65
gsm8k,20,2,unstable_across_hardware,aggregate_only,low_support,False,0.11764705882352941,0.014492753623188406,0.0,0.0,68,69
gsm8k,20,3,stable_low_fpr,aggregate_only,low_support,True,0.043478260869565216,0.07246376811594203,0.0,0.0,69,69
gsm8k,20,4,stable_low_fpr,aggregate_only,low_support,True,0.04285714285714286,0.0,0.0,0.0,70,70
gsm8k,20,5,unstable_across_hardware,aggregate_only,low_support,False,0.12121212121212122,0.19402985074626866,0.0,0.0,66,67
gsm8k,20,6,stable_low_fpr,aggregate_only,low_support,True,0.04477611940298507,0.04411764705882353,0.0,0.0,67,68
gsm8k,20,7,stable_low_fpr,aggregate_only,low_support,True,0.09090909090909091,0.08695652173913043,0.0,0.0,66,69
gsm8k,21,0,stable_low_fpr,aggregate_only,low_support,True,0.057971014492753624,0.09230769230769231,0.0,0.0,69,65
gsm8k,21,1,stable_low_fpr,aggregate_only,low_support,True,0.0,0.0,0.0,0.0,70,70
gsm8k,21,2,stable_low_fpr,aggregate_only,low_support,True,0.0,0.0,0.0,0.0,70,69
gsm8k,21,3,stable_low_fpr,aggregate_only,low_support,True,0.08955223880597014,0.05970149253731343,0.0,0.0,67,67
gsm8k,21,4,stable_low_fpr,aggregate_only,low_support,True,0.014285714285714285,0.0,0.0,0.0,70,68
gsm8k,21,5,stable_low_fpr,aggregate_only,low_support,True,0.15873015873015872,0.2,0.0,0.0,63,65
gsm8k,21,6,stable_low_fpr,aggregate_only,low_support,True,0.14705882352941177,0.12121212121212122,0.0,0.0,68,66
gsm8k,21,7,unstable_across_hardware,aggregate_only,low_support,False,0.07462686567164178,0.13846153846153847,0.0,0.0,67,65
gsm8k,22,0,stable_low_fpr,aggregate_only,low_support,True,0.21311475409836064,0.16363636363636364,0.0,0.04,61,55
gsm8k,22,1,stable_low_fpr,aggregate_only,low_support,True,0.043478260869565216,0.05714285714285714,0.0,0.0,69,70
gsm8k,22,2,stable_low_fpr,aggregate_only,low_support,True,0.08955223880597014,0.09090909090909091,0.0,0.0,67,66
gsm8k,22,3,stable_low_fpr,aggregate_only,low_support,True,0.140625,0.13846153846153847,0.0,0.0,64,65
gsm8k,22,4,unstable_across_hardware,aggregate_only,low_support,False,0.15384615384615385,0.030303030303030304,0.0,0.0,65,66
gsm8k,22,5,stable_low_fpr,aggregate_only,low_support,True,0.07352941176470588,0.029411764705882353,0.0,0.0,68,68
gsm8k,22,6,stable_low_fpr,aggregate_only,low_support,True,0.043478260869565216,0.029850746268656716,0.0,0.0,69,67
gsm8k,22,7,unstable_across_hardware,aggregate_only,low_support,False,0.19117647058823528,0.08196721311475409,0.0,0.0,68,61
gsm8k,23,0,stable_low_fpr,aggregate_only,low_support,True,0.014925373134328358,0.014492753623188406,0.0,0.0,67,69
gsm8k,23,1,unstable_across_hardware,aggregate_only,low_support,False,0.029411764705882353,0.08823529411764706,0.0,0.0,68,68
gsm8k,23,2,high_fp_risk,aggregate_only,low_support,False,0.014705882352941176,0.04477611940298507,0.08333333333333333,0.0,68,67
gsm8k,23,3,high_fp_risk,aggregate_only,low_support,False,0.16923076923076924,0.14285714285714285,0.0,0.058823529411764705,65,63
gsm8k,23,4,stable_low_fpr,aggregate_only,low_support,True,0.09230769230769231,0.08064516129032258,0.0,0.0,65,62
gsm8k,23,5,unstable_across_hardware,aggregate_only,low_support,False,0.203125,0.13793103448275862,0.0,0.045454545454545456,64,58
gsm8k,23,6,stable_low_fpr,aggregate_only,low_support,True,0.14705882352941177,0.14925373134328357,0.0,0.0,68,67
gsm8k,23,7,stable_low_fpr,aggregate_only,low_support,True,0.029411764705882353,0.0,0.0,0.0,68,69
gsm8k,24,0,unstable_across_hardware,aggregate_only,low_support,False,0.045454545454545456,0.15873015873015872,0.0,0.0,66,63
gsm8k,24,1,stable_low_fpr,aggregate_only,low_support,True,0.08823529411764706,0.11594202898550725,0.0,0.0,68,69
gsm8k,24,2,stable_low_fpr,aggregate_only,low_support,True,0.029850746268656716,0.045454545454545456,0.0,0.0,67,66
gsm8k,24,3,unstable_across_hardware,aggregate_only,low_support,False,0.014705882352941176,0.07246376811594203,0.0,0.0,68,69
gsm8k,24,4,unstable_across_hardware,aggregate_only,low_support,False,0.25862068965517243,0.19672131147540983,0.0,0.0,58,61
gsm8k,24,5,stable_high_fnr_low_support,aggregate_only,low_support,True,0.27586206896551724,0.21666666666666667,0.0,0.0,58,60
gsm8k,24,6,stable_low_fpr,aggregate_only,low_support,True,0.06153846153846154,0.04477611940298507,0.0,0.0,65,67
gsm8k,24,7,stable_low_fpr,aggregate_only,low_support,True,0.0,0.029411764705882353,0.0,0.0,68,68
gsm8k,25,0,high_fp_risk,aggregate_only,low_support,False,0.046875,0.0,0.0625,0.0,64,67
gsm8k,25,1,high_fp_risk,aggregate_only,low_support,False,0.3387096774193548,0.2786885245901639,0.05555555555555555,0.0,62,61
gsm8k,25,2,stable_low_fpr,aggregate_only,low_support,True,0.057971014492753624,0.014492753623188406,0.0,0.0,69,69
gsm8k,25,3,stable_low_fpr,aggregate_only,low_support,True,0.140625,0.1875,0.0,0.0,64,64
gsm8k,25,4,high_fp_risk,aggregate_only,low_support,False,0.028985507246376812,0.08695652173913043,0.0,0.09090909090909091,69,69
gsm8k,25,5,stable_low_fpr,aggregate_only,low_support,True,0.0,0.0,0.0,0.0,70,70
gsm8k,25,6,stable_low_fpr,aggregate_only,low_support,True,0.029850746268656716,0.07352941176470588,0.0,0.0,67,68
gsm8k,25,7,stable_low_fpr,aggregate_only,low_support,True,0.029411764705882353,0.014925373134328358,0.0,0.0,68,67
gsm8k,26,0,stable_low_fpr,aggregate_only,low_support,True,0.0,0.0,0.0,0.0,69,69
gsm8k,26,1,stable_low_fpr,aggregate_only,low_support,True,0.08823529411764706,0.08571428571428572,0.0,0.0,68,70
gsm8k,26,2,high_fp_risk,aggregate_only,low_support,False,0.029411764705882353,0.04285714285714286,0.08333333333333333,0.0,68,70
gsm8k,26,3,stable_low_fpr,aggregate_only,low_support,True,0.07692307692307693,0.10144927536231885,0.0,0.0,65,69
gsm8k,26,4,stable_low_fpr,aggregate_only,low_support,True,0.07462686567164178,0.09230769230769231,0.0,0.0,67,65
gsm8k,26,5,stable_low_fpr,aggregate_only,low_support,True,0.1935483870967742,0.14754098360655737,0.0,0.0,62,61
gsm8k,26,6,stable_low_fpr,aggregate_only,low_support,True,0.08695652173913043,0.08823529411764706,0.0,0.0,69,68
gsm8k,26,7,stable_low_fpr,aggregate_only,low_support,True,0.125,0.13559322033898305,0.0,0.047619047619047616,64,59
gsm8k,27,0,high_fp_risk,aggregate_only,low_support,False,0.07575757575757576,0.13636363636363635,0.07142857142857142,0.0,66,66
gsm8k,27,1,stable_low_fpr,aggregate_only,low_support,True,0.09836065573770492,0.14285714285714285,0.0,0.0,61,63
gsm8k,27,2,unstable_across_hardware,aggregate_only,low_support,False,0.029850746268656716,0.08955223880597014,0.0,0.0,67,67
gsm8k,27,3,stable_low_fpr,aggregate_only,low_support,True,0.014285714285714285,0.014492753623188406,0.0,0.0,70,69
gsm8k,27,4,high_fp_risk,aggregate_only,low_support,False,0.10606060606060606,0.11594202898550725,0.07142857142857142,0.0,66,69
gsm8k,27,5,stable_low_fpr,aggregate_only,low_support,True,0.19298245614035087,0.23809523809523808,0.0,0.0,57,63
gsm8k,27,6,stable_low_fpr,aggregate_only,low_support,True,0.015625,0.029411764705882353,0.0,0.0,64,68
gsm8k,27,7,stable_low_fpr,aggregate_only,low_support,True,0.0,0.0,0.0,0.0,70,70
gsm8k,28,0,high_fp_risk,aggregate_only,low_support,False,0.09230769230769231,0.07462686567164178,0.0,0.07692307692307693,65,67
gsm8k,28,1,stable_low_fpr,aggregate_only,low_support,True,0.02857142857142857,0.04477611940298507,0.0,0.0,70,67
gsm8k,28,2,stable_low_fpr,aggregate_only,low_support,True,0.13114754098360656,0.1076923076923077,0.0,0.0,61,65
gsm8k,28,3,unstable_across_hardware,aggregate_only,low_support,False,0.13432835820895522,0.07462686567164178,0.0,0.0,67,67
gsm8k,28,4,stable_low_fpr,aggregate_only,low_support,True,0.15942028985507245,0.11594202898550725,0.0,0.0,69,69
gsm8k,28,5,high_fp_risk,aggregate_only,low_support,False,0.09523809523809523,0.04838709677419355,0.058823529411764705,0.05555555555555555,63,62
gsm8k,28,6,unstable_across_hardware,aggregate_only,low_support,False,0.10144927536231885,0.014492753623188406,0.0,0.0,69,69
gsm8k,28,7,stable_low_fpr,aggregate_only,low_support,True,0.13432835820895522,0.10294117647058823,0.0,0.0,67,68
gsm8k,29,0,stable_low_fpr,aggregate_only,low_support,True,0.046153846153846156,0.04285714285714286,0.0,0.0,65,70
gsm8k,29,1,stable_low_fpr,aggregate_only,low_support,True,0.08823529411764706,0.13636363636363635,0.0,0.0,68,66
gsm8k,29,2,unstable_across_hardware,aggregate_only,low_support,False,0.15384615384615385,0.2153846153846154,0.0,0.0,65,65
gsm8k,29,3,stable_low_fpr,aggregate_only,low_support,True,0.08695652173913043,0.07352941176470588,0.0,0.0,69,68
gsm8k,29,4,stable_low_fpr,aggregate_only,low_support,True,0.057971014492753624,0.014492753623188406,0.0,0.0,69,69
gsm8k,29,5,unstable_across_hardware,aggregate_only,low_support,False,0.04411764705882353,0.16176470588235295,0.0,0.0,68,68
gsm8k,29,6,stable_low_fpr,aggregate_only,low_support,True,0.0,0.0,0.0,0.0,70,70
gsm8k,29,7,stable_low_fpr,aggregate_only,low_support,True,0.014925373134328358,0.028985507246376812,0.0,0.0,67,69
gsm8k,3,0,unstable_across_hardware,aggregate_only,low_support,False,0.14285714285714285,0.058823529411764705,0.0,0.0,63,68
gsm8k,3,1,stable_low_fpr,aggregate_only,low_support,True,0.014492753623188406,0.028985507246376812,0.0,0.0,69,69
gsm8k,3,2,unstable_across_hardware,aggregate_only,low_support,False,0.046153846153846156,0.1323529411764706,0.0,0.0,65,68
gsm8k,3,3,high_fp_risk,aggregate_only,low_support,False,0.1323529411764706,0.09230769230769231,0.0,0.06666666666666667,68,65
gsm8k,3,4,stable_low_fpr,aggregate_only,low_support,True,0.0,0.02857142857142857,0.0,0.0,70,70
gsm8k,3,5,stable_high_fnr_low_support,aggregate_only,low_support,True,0.24242424242424243,0.25396825396825395,0.0,0.0,66,63
gsm8k,3,6,unstable_across_hardware,aggregate_only,low_support,False,0.1774193548387097,0.23809523809523808,0.0,0.0,62,63
gsm8k,3,7,stable_low_fpr,aggregate_only,low_support,True,0.045454545454545456,0.05714285714285714,0.0,0.0,66,70
gsm8k,30,0,unstable_across_hardware,aggregate_only,low_support,False,0.16176470588235295,0.08823529411764706,0.0,0.0,68,68
gsm8k,30,1,stable_low_fpr,aggregate_only,low_support,True,0.014705882352941176,0.014492753623188406,0.0,0.0,68,69
gsm8k,30,2,stable_low_fpr,aggregate_only,low_support,True,0.058823529411764705,0.09090909090909091,0.0,0.0,68,66
gsm8k,30,3,stable_high_fnr_low_support,aggregate_only,low_support,True,0.23076923076923078,0.2631578947368421,0.0,0.0,65,57
gsm8k,30,4,stable_low_fpr,aggregate_only,low_support,True,0.029411764705882353,0.02857142857142857,0.0,0.0,68,70
gsm8k,30,5,stable_low_fpr,aggregate_only,low_support,True,0.031746031746031744,0.029850746268656716,0.0,0.0,63,67
gsm8k,30,6,unstable_across_hardware,aggregate_only,low_support,False,0.15625,0.0625,0.0,0.0,64,64
gsm8k,30,7,stable_low_fpr,aggregate_only,low_support,True,0.13114754098360656,0.14516129032258066,0.0,0.0,61,62
gsm8k,31,0,stable_low_fpr,aggregate_only,low_support,True,0.0,0.04411764705882353,0.0,0.0,68,68
gsm8k,31,1,stable_low_fpr,aggregate_only,low_support,True,0.0,0.014285714285714285,0.0,0.0,70,70
gsm8k,31,2,stable_low_fpr,aggregate_only,low_support,True,0.04411764705882353,0.04411764705882353,0.0,0.0,68,68
gsm8k,31,3,stable_low_fpr,aggregate_only,low_support,True,0.0,0.0,0.0,0.0,72,72
gsm8k,31,4,stable_low_fpr,aggregate_only,low_support,True,0.07352941176470588,0.029850746268656716,0.0,0.0,68,67
gsm8k,31,5,stable_low_fpr,aggregate_only,low_support,True,0.1791044776119403,0.14705882352941177,0.0,0.0,67,68
gsm8k,31,6,high_fp_risk,aggregate_only,low_support,False,0.08333333333333333,0.058823529411764705,0.0,0.08333333333333333,72,68
gsm8k,31,7,stable_low_fpr,aggregate_only,low_support,True,0.09090909090909091,0.11764705882352941,0.0,0.0,66,68
gsm8k,4,0,stable_low_fpr,aggregate_only,low_support,True,0.046875,0.09230769230769231,0.0,0.0,64,65
gsm8k,4,1,stable_low_fpr,aggregate_only,low_support,True,0.07575757575757576,0.046153846153846156,0.0,0.0,66,65
gsm8k,4,2,stable_low_fpr,aggregate_only,low_support,True,0.014285714285714285,0.014285714285714285,0.0,0.0,70,70
gsm8k,4,3,stable_low_fpr,aggregate_only,low_support,True,0.014492753623188406,0.014285714285714285,0.0,0.0,69,70
gsm8k,4,4,stable_low_fpr,aggregate_only,low_support,True,0.014492753623188406,0.015151515151515152,0.0,0.0,69,66
gsm8k,4,5,stable_low_fpr,aggregate_only,low_support,True,0.05970149253731343,0.043478260869565216,0.0,0.0,67,69
gsm8k,4,6,stable_low_fpr,aggregate_only,low_support,True,0.0,0.0,0.0,0.0,70,70
gsm8k,4,7,unstable_across_hardware,aggregate_only,low_support,False,0.07692307692307693,0.12698412698412698,0.0,0.0,65,63
gsm8k,5,0,stable_low_fpr,aggregate_only,low_support,True,0.04411764705882353,0.028985507246376812,0.0,0.0,68,69
gsm8k,5,1,stable_low_fpr,aggregate_only,low_support,True,0.0,0.028985507246376812,0.0,0.0,69,69
gsm8k,5,2,stable_low_fpr,aggregate_only,low_support,True,0.014285714285714285,0.028985507246376812,0.0,0.0,70,69
gsm8k,5,3,stable_low_fpr,aggregate_only,low_support,True,0.07246376811594203,0.058823529411764705,0.0,0.0,69,68
gsm8k,5,4,stable_low_fpr,aggregate_only,low_support,True,0.014705882352941176,0.043478260869565216,0.0,0.0,68,69
gsm8k,5,5,stable_low_fpr,aggregate_only,low_support,True,0.15151515151515152,0.1746031746031746,0.0,0.0,66,63
gsm8k,5,6,stable_low_fpr,aggregate_only,low_support,True,0.0,0.0,0.0,0.0,70,70
gsm8k,5,7,stable_low_fpr,aggregate_only,low_support,True,0.02857142857142857,0.0,0.0,0.0,70,69
gsm8k,6,0,stable_low_fpr,aggregate_only,low_support,True,0.028985507246376812,0.07246376811594203,0.0,0.0,69,69
gsm8k,6,1,unstable_across_hardware,aggregate_only,low_support,False,0.11764705882352941,0.06060606060606061,0.0,0.0,68,66
gsm8k,6,2,unstable_across_hardware,aggregate_only,low_support,False,0.0547945205479452,0.1267605633802817,0.0,0.0,73,71
gsm8k,6,3,high_fp_risk,aggregate_only,low_support,False,0.0,0.0,0.08333333333333333,0.0,68,69
gsm8k,6,4,stable_low_fpr,aggregate_only,low_support,True,0.014492753623188406,0.028985507246376812,0.0,0.0,69,69
gsm8k,6,5,stable_low_fpr,aggregate_only,low_support,True,0.015384615384615385,0.04285714285714286,0.0,0.0,65,70
gsm8k,6,6,stable_low_fpr,aggregate_only,low_support,True,0.0,0.014285714285714285,0.0,0.0,70,70
gsm8k,6,7,unstable_across_hardware,aggregate_only,low_support,False,0.0,0.05970149253731343,0.0,0.0,67,67
gsm8k,7,0,stable_low_fpr,aggregate_only,low_support,True,0.014285714285714285,0.02857142857142857,0.0,0.0,70,70
gsm8k,7,1,stable_low_fpr,aggregate_only,low_support,True,0.057971014492753624,0.04285714285714286,0.0,0.0,69,70
gsm8k,7,2,stable_low_fpr,aggregate_only,low_support,True,0.030303030303030304,0.07352941176470588,0.0,0.0,66,68
gsm8k,7,3,stable_low_fpr,aggregate_only,low_support,True,0.014925373134328358,0.014492753623188406,0.0,0.0,67,69
gsm8k,7,4,stable_low_fpr,aggregate_only,low_support,True,0.0,0.029850746268656716,0.0,0.0,68,67
gsm8k,7,5,stable_low_fpr,aggregate_only,low_support,True,0.014492753623188406,0.014285714285714285,0.0,0.0,69,70
gsm8k,7,6,stable_low_fpr,aggregate_only,low_support,True,0.02857142857142857,0.0,0.0,0.0,70,68
gsm8k,7,7,stable_low_fpr,aggregate_only,low_support,True,0.07142857142857142,0.05970149253731343,0.0,0.0,70,67
gsm8k,8,0,stable_low_fpr,aggregate_only,low_support,True,0.014285714285714285,0.014492753623188406,0.0,0.0,70,69
gsm8k,8,1,unstable_across_hardware,aggregate_only,low_support,False,0.13846153846153847,0.07692307692307693,0.0,0.0,65,65
gsm8k,8,2,stable_low_fpr,aggregate_only,low_support,True,0.09090909090909091,0.09090909090909091,0.0,0.0,77,77
gsm8k,8,3,stable_low_fpr,aggregate_only,low_support,True,0.05714285714285714,0.04285714285714286,0.0,0.0,70,70
gsm8k,8,4,high_fp_risk,aggregate_only,low_support,False,0.09090909090909091,0.09836065573770492,0.07142857142857142,0.05263157894736842,66,61
gsm8k,8,5,stable_low_fpr,aggregate_only,low_support,True,0.014084507042253521,0.028169014084507043,0.0,0.0,71,71
gsm8k,8,6,unstable_across_hardware,aggregate_only,low_support,False,0.014925373134328358,0.07352941176470588,0.0,0.0,67,68
gsm8k,8,7,stable_low_fpr,aggregate_only,low_support,True,0.028985507246376812,0.0,0.0,0.0,69,68
gsm8k,9,0,data_insufficient,aggregate_only,low_support,False,0.0875,0.0641025641025641,,0.0,80,78
gsm8k,9,1,stable_high_fnr_low_support,aggregate_only,low_support,True,0.2878787878787879,0.22950819672131148,0.0,0.0,66,61
gsm8k,9,2,stable_low_fpr,aggregate_only,low_support,True,0.041666666666666664,0.05714285714285714,0.0,0.0,72,70
gsm8k,9,3,unstable_across_hardware,aggregate_only,low_support,False,0.08695652173913043,0.014925373134328358,0.0,0.0,69,67
gsm8k,9,4,stable_low_fpr,aggregate_only,low_support,True,0.043478260869565216,0.028985507246376812,0.0,0.0,69,69
gsm8k,9,5,stable_low_fpr,aggregate_only,low_support,True,0.08695652173913043,0.1044776119402985,0.0,0.0,69,67
gsm8k,9,6,stable_low_fpr,aggregate_only,low_support,True,0.05970149253731343,0.04477611940298507,0.0,0.0,67,67
gsm8k,9,7,stable_low_fpr,aggregate_only,low_support,True,0.08,0.06756756756756757,0.0,0.0,75,74
hotpotqa,0,0,high_fp_risk,aggregate_only,low_support,False,0.06896551724137931,0.07058823529411765,0.2222222222222222,0.09090909090909091,87,85
hotpotqa,0,1,stable_high_fnr_low_support,aggregate_only,low_support,True,0.3684210526315789,0.3972602739726027,0.0,0.0,76,73
hotpotqa,0,2,high_fp_risk,aggregate_only,low_support,False,0.22077922077922077,0.2125,0.05263157894736842,0.0,77,80
hotpotqa,0,3,stable_high_fnr_low_support,aggregate_only,low_support,True,0.3835616438356164,0.3181818181818182,0.0,0.0,73,66
hotpotqa,0,4,stable_high_fnr_low_support,aggregate_only,low_support,True,0.36923076923076925,0.3230769230769231,0.0,0.0,65,65
hotpotqa,0,5,data_insufficient,aggregate_only,low_support,False,0.010416666666666666,0.020833333333333332,,,96,96
hotpotqa,0,6,stable_low_fpr,aggregate_only,low_support,True,0.054945054945054944,0.07777777777777778,0.0,0.0,91,90
hotpotqa,0,7,stable_low_fpr,aggregate_only,low_support,True,0.0,0.0,0.0,0.0,93,93
hotpotqa,1,0,stable_low_fpr,aggregate_only,low_support,True,0.04938271604938271,0.060240963855421686,0.0,0.0,81,83
hotpotqa,1,1,stable_high_fnr_low_support,aggregate_only,low_support,True,0.2608695652173913,0.234375,0.037037037037037035,0.03125,69,64
hotpotqa,1,2,stable_low_fpr,aggregate_only,low_support,True,0.011904761904761904,0.012195121951219513,0.0,0.0,84,82
hotpotqa,1,3,high_fp_risk,aggregate_only,low_support,False,0.46774193548387094,0.4444444444444444,0.08823529411764706,0.030303030303030304,62,63
hotpotqa,1,4,high_fp_risk,aggregate_only,low_support,False,0.05747126436781609,0.06818181818181818,0.1111111111111111,0.0,87,88
hotpotqa,1,5,high_fp_risk,aggregate_only,low_support,False,0.05063291139240506,0.0875,0.11764705882352941,0.0625,79,80
hotpotqa,1,6,unstable_across_hardware,aggregate_only,low_support,False,0.11538461538461539,0.05194805194805195,0.0,0.0,78,77
hotpotqa,1,7,stable_high_fnr_low_support,aggregate_only,low_support,True,0.25925925925925924,0.23076923076923078,0.0,0.0,81,78
hotpotqa,10,0,stable_low_fpr,aggregate_only,low_support,True,0.03571428571428571,0.0,0.0,0.0,84,82
hotpotqa,10,1,unstable_across_hardware,aggregate_only,low_support,False,0.1780821917808219,0.273972602739726,0.043478260869565216,0.0,73,73
hotpotqa,10,2,high_fp_risk,aggregate_only,low_support,False,0.1375,0.14666666666666667,0.0625,0.0,80,75
hotpotqa,10,3,stable_low_fpr,aggregate_only,low_support,True,0.0625,0.06329113924050633,0.0,0.0,80,79
hotpotqa,10,4,high_fp_risk,aggregate_only,low_support,False,0.08860759493670886,0.07692307692307693,0.058823529411764705,0.05555555555555555,79,78
hotpotqa,10,5,unstable_across_hardware,aggregate_only,low_support,False,0.24691358024691357,0.16666666666666666,0.0,0.0,81,78
hotpotqa,10,6,high_fp_risk,aggregate_only,low_support,False,0.08860759493670886,0.07692307692307693,0.0,0.05555555555555555,79,78
hotpotqa,10,7,stable_low_fpr,aggregate_only,low_support,True,0.012048192771084338,0.024096385542168676,0.0,0.0,83,83
hotpotqa,11,0,high_fp_risk,aggregate_only,low_support,False,0.05128205128205128,0.04938271604938271,0.0,0.06666666666666667,78,81
hotpotqa,11,1,high_fp_risk,aggregate_only,low_support,False,0.1375,0.10126582278481013,0.0,0.058823529411764705,80,79
hotpotqa,11,2,stable_low_fpr,aggregate_only,low_support,True,0.06097560975609756,0.047619047619047616,0.0,0.0,82,84
hotpotqa,11,3,high_fp_risk,aggregate_only,low_support,False,0.1111111111111111,0.05194805194805195,0.06666666666666667,0.05263157894736842,81,77
hotpotqa,11,4,data_insufficient,aggregate_only,low_support,False,0.15625,0.13829787234042554,,0.0,96,94
hotpotqa,11,5,high_fp_risk,aggregate_only,low_support,False,0.10810810810810811,0.10294117647058823,0.0,0.07142857142857142,74,68
hotpotqa,11,6,unstable_across_hardware,aggregate_only,low_support,False,0.10126582278481013,0.05063291139240506,0.0,0.0,79,79
hotpotqa,11,7,unstable_across_hardware,aggregate_only,low_support,False,0.23684210526315788,0.17567567567567569,0.0,0.0,76,74
hotpotqa,12,0,high_fp_risk,aggregate_only,low_support,False,0.2564102564102564,0.22784810126582278,0.0,0.058823529411764705,78,79
hotpotqa,12,1,high_fp_risk,aggregate_only,low_support,False,0.31343283582089554,0.3888888888888889,0.27586206896551724,0.2916666666666667,67,72
hotpotqa,12,2,stable_high_fnr_low_support,aggregate_only,low_support,True,0.2222222222222222,0.25882352941176473,0.0,0.0,81,85
hotpotqa,12,3,stable_low_fpr,aggregate_only,low_support,True,0.046511627906976744,0.06976744186046512,0.0,0.0,86,86
hotpotqa,12,4,high_fp_risk,aggregate_only,low_support,False,0.08641975308641975,0.06097560975609756,0.06666666666666667,0.0,81,82
hotpotqa,12,5,stable_high_fnr_low_support,aggregate_only,low_support,True,0.25333333333333335,0.20270270270270271,0.0,0.0,75,74
hotpotqa,12,6,stable_high_fnr_low_support,aggregate_only,low_support,True,0.24390243902439024,0.3068181818181818,0.0,0.0,82,88
hotpotqa,12,7,stable_low_fpr,aggregate_only,low_support,True,0.025,0.025,0.0,0.0,80,80
hotpotqa,13,0,stable_low_fpr,aggregate_only,low_support,True,0.14606741573033707,0.14942528735632185,0.0,0.0,89,87
hotpotqa,13,1,stable_low_fpr,aggregate_only,low_support,True,0.21621621621621623,0.1791044776119403,0.045454545454545456,0.0,74,67
hotpotqa,13,2,stable_low_fpr,aggregate_only,low_support,True,0.20224719101123595,0.1744186046511628,0.0,0.0,89,86
hotpotqa,13,3,stable_high_fnr_low_support,aggregate_only,low_support,True,0.25,0.27631578947368424,0.0,0.0,72,76
hotpotqa,13,4,high_fp_risk,aggregate_only,low_support,False,0.09523809523809523,0.13636363636363635,0.08333333333333333,0.0,84,88
hotpotqa,13,5,stable_high_fnr_low_support,aggregate_only,low_support,True,0.34285714285714286,0.36764705882352944,0.0,0.03571428571428571,70,68
hotpotqa,13,6,high_fp_risk,aggregate_only,low_support,False,0.07792207792207792,0.09090909090909091,0.05263157894736842,0.0,77,77
hotpotqa,13,7,stable_low_fpr,aggregate_only,low_support,True,0.14102564102564102,0.1794871794871795,0.0,0.0,78,78
hotpotqa,14,0,high_fp_risk,aggregate_only,low_support,False,0.323943661971831,0.23880597014925373,0.12,0.10344827586206896,71,67
hotpotqa,14,1,stable_high_fnr_low_support,aggregate_only,low_support,True,0.3484848484848485,0.3188405797101449,0.03333333333333333,0.037037037037037035,66,69
hotpotqa,14,2,stable_low_fpr,aggregate_only,low_support,True,0.024390243902439025,0.023809523809523808,0.0,0.0,82,84
hotpotqa,14,3,high_fp_risk,aggregate_only,low_support,False,0.10126582278481013,0.12987012987012986,0.29411764705882354,0.2631578947368421,79,77
hotpotqa,14,4,stable_low_fpr,aggregate_only,low_support,True,0.04878048780487805,0.024096385542168676,0.0,0.0,82,83
hotpotqa,14,5,stable_low_fpr,aggregate_only,low_support,True,0.08974358974358974,0.12987012987012986,0.0,0.0,78,77
hotpotqa,14,6,high_fp_risk,aggregate_only,low_support,False,0.06329113924050633,0.10526315789473684,0.058823529411764705,0.05,79,76
hotpotqa,14,7,stable_low_fpr,aggregate_only,low_support,True,0.09333333333333334,0.10126582278481013,0.0,0.0,75,79
hotpotqa,15,0,unstable_across_hardware,aggregate_only,low_support,False,0.21333333333333335,0.1388888888888889,0.0,0.0,75,72
hotpotqa,15,1,stable_low_fpr,aggregate_only,low_support,True,0.08235294117647059,0.11494252873563218,0.0,0.0,85,87
hotpotqa,15,2,stable_high_fnr_low_support,aggregate_only,low_support,True,0.2361111111111111,0.28,0.0,0.0,72,75
hotpotqa,15,3,stable_high_fnr_low_support,aggregate_only,low_support,True,0.3382352941176471,0.2727272727272727,0.0,0.0,68,66
hotpotqa,15,4,stable_high_fnr_low_support,aggregate_only,low_support,True,0.23376623376623376,0.3026315789473684,0.0,0.0,77,76
hotpotqa,15,5,stable_low_fpr,aggregate_only,low_support,True,0.18181818181818182,0.2,0.0,0.0,77,75
hotpotqa,15,6,high_fp_risk,aggregate_only,low_support,False,0.18421052631578946,0.21333333333333335,0.6,0.5714285714285714,76,75
hotpotqa,15,7,high_fp_risk,aggregate_only,low_support,False,0.037037037037037035,0.06097560975609756,0.0,0.07142857142857142,81,82
hotpotqa,16,0,stable_low_fpr,aggregate_only,low_support,True,0.14285714285714285,0.12,0.0,0.0,77,75
hotpotqa,16,1,stable_low_fpr,aggregate_only,low_support,True,0.012048192771084338,0.037037037037037035,0.0,0.0,83,81
hotpotqa,16,2,stable_high_fnr_low_support,aggregate_only,low_support,True,0.34146341463414637,0.36486486486486486,0.0,0.0,82,74
hotpotqa,16,3,stable_low_fpr,aggregate_only,low_support,True,0.0375,0.036585365853658534,0.0,0.0,80,82
hotpotqa,16,4,stable_low_fpr,aggregate_only,low_support,True,0.175,0.15584415584415584,0.0,0.0,80,77
hotpotqa,16,5,stable_low_fpr,aggregate_only,low_support,True,0.1375,0.1728395061728395,0.0,0.0,80,81
hotpotqa,16,6,stable_low_fpr,aggregate_only,low_support,True,0.1375,0.17105263157894737,0.0,0.0,80,76
hotpotqa,16,7,stable_low_fpr,aggregate_only,low_support,True,0.06097560975609756,0.037037037037037035,0.0,0.0,82,81
hotpotqa,17,0,stable_low_fpr,aggregate_only,low_support,True,0.11842105263157894,0.07792207792207792,0.0,0.0,76,77
hotpotqa,17,1,unstable_across_hardware,aggregate_only,low_support,False,0.025,0.0759493670886076,0.0,0.0,80,79
hotpotqa,17,2,stable_low_fpr,aggregate_only,low_support,True,0.14102564102564102,0.1282051282051282,0.0,0.0,78,78
hotpotqa,17,3,stable_low_fpr,aggregate_only,low_support,True,0.08536585365853659,0.06329113924050633,0.0,0.0,82,79
hotpotqa,17,4,high_fp_risk,aggregate_only,low_support,False,0.2597402597402597,0.15789473684210525,0.05263157894736842,0.0,77,76
hotpotqa,17,5,stable_high_fnr_low_support,aggregate_only,low_support,True,0.3013698630136986,0.22058823529411764,0.0,0.0,73,68
hotpotqa,17,6,high_fp_risk,aggregate_only,low_support,False,0.29333333333333333,0.18421052631578946,0.0,0.05,75,76
hotpotqa,17,7,stable_high_fnr_low_support,aggregate_only,low_support,True,0.20588235294117646,0.22535211267605634,0.0,0.0,68,71
hotpotqa,18,0,unstable_across_hardware,aggregate_only,low_support,False,0.14102564102564102,0.06172839506172839,0.0,0.0,78,81
hotpotqa,18,1,high_fp_risk,aggregate_only,low_support,False,0.17721518987341772,0.15789473684210525,0.0,0.05,79,76
hotpotqa,18,2,stable_low_fpr,aggregate_only,low_support,True,0.0375,0.05063291139240506,0.0,0.0,80,79
hotpotqa,18,3,high_fp_risk,aggregate_only,low_support,False,0.0375,0.05128205128205128,0.0,0.05555555555555555,80,78
hotpotqa,18,4,stable_high_fnr_low_support,aggregate_only,low_support,True,0.29577464788732394,0.2602739726027397,0.0,0.0,71,73
hotpotqa,18,5,stable_low_fpr,aggregate_only,low_support,True,0.11594202898550725,0.14666666666666667,0.0,0.047619047619047616,69,75
hotpotqa,18,6,unstable_across_hardware,aggregate_only,low_support,False,0.1111111111111111,0.18518518518518517,0.0,0.0,72,81
hotpotqa,18,7,stable_low_fpr,aggregate_only,low_support,True,0.1095890410958904,0.0945945945945946,0.0,0.0,73,74
hotpotqa,19,0,stable_low_fpr,aggregate_only,low_support,True,0.07407407407407407,0.05194805194805195,0.0,0.0,81,77
hotpotqa,19,1,stable_low_fpr,aggregate_only,low_support,True,0.14102564102564102,0.15789473684210525,0.0,0.0,78,76
hotpotqa,19,2,stable_low_fpr,aggregate_only,low_support,True,0.0684931506849315,0.07692307692307693,0.0,0.0,73,78
hotpotqa,19,3,stable_high_fnr_low_support,aggregate_only,low_support,True,0.27631578947368424,0.25,0.0,0.0,76,76
hotpotqa,19,4,stable_high_fnr_low_support,aggregate_only,low_support,True,0.25675675675675674,0.3472222222222222,0.0,0.0,74,72
hotpotqa,19,5,stable_low_fpr,aggregate_only,low_support,True,0.14666666666666667,0.136986301369863,0.0,0.0,75,73
hotpotqa,19,6,stable_high_fnr_low_support,aggregate_only,low_support,True,0.29411764705882354,0.375,0.0,0.0,68,72
hotpotqa,19,7,stable_low_fpr,aggregate_only,low_support,True,0.011904761904761904,0.023809523809523808,0.0,0.0,84,84
hotpotqa,2,0,stable_high_fnr_low_support,aggregate_only,low_support,True,0.25,0.2647058823529412,0.0,0.0,72,68
hotpotqa,2,1,stable_low_fpr,aggregate_only,low_support,True,0.04,0.04938271604938271,0.0,0.0,75,81
hotpotqa,2,2,unstable_across_hardware,aggregate_only,low_support,False,0.14285714285714285,0.28205128205128205,0.0,0.0,70,78
hotpotqa,2,3,stable_low_fpr,aggregate_only,low_support,True,0.0,0.0,0.0,0.0,84,84
hotpotqa,2,4,unstable_across_hardware,aggregate_only,low_support,False,0.22077922077922077,0.16455696202531644,0.0,0.0,77,79
hotpotqa,2,5,stable_low_fpr,aggregate_only,low_support,True,0.0,0.0,0.0,0.0,84,84
hotpotqa,2,6,stable_low_fpr,aggregate_only,low_support,True,0.0,0.0,0.0,0.0,84,84
hotpotqa,2,7,stable_low_fpr,aggregate_only,low_support,True,0.0875,0.11904761904761904,0.0,0.0,80,84
hotpotqa,20,0,stable_high_fnr_low_support,aggregate_only,low_support,True,0.27631578947368424,0.2191780821917808,0.0,0.0,76,73
hotpotqa,20,1,stable_high_fnr_low_support,aggregate_only,low_support,True,0.2923076923076923,0.273972602739726,0.0,0.0,65,73
hotpotqa,20,2,unstable_across_hardware,aggregate_only,low_support,False,0.1111111111111111,0.04819277108433735,0.0,0.0,81,83
hotpotqa,20,3,stable_low_fpr,aggregate_only,low_support,True,0.1095890410958904,0.1038961038961039,0.0,0.0,73,77
hotpotqa,20,4,stable_low_fpr,aggregate_only,low_support,True,0.037037037037037035,0.05,0.0,0.0,81,80
hotpotqa,20,5,stable_low_fpr,aggregate_only,low_support,True,0.17105263157894737,0.19444444444444445,0.0,0.041666666666666664,76,72
hotpotqa,20,6,unstable_across_hardware,aggregate_only,low_support,False,0.17567567567567569,0.2345679012345679,0.0,0.0,74,81
hotpotqa,20,7,stable_low_fpr,aggregate_only,low_support,True,0.19480519480519481,0.18309859154929578,0.0,0.0,77,71
hotpotqa,21,0,unstable_across_hardware,aggregate_only,low_support,False,0.2727272727272727,0.12162162162162163,0.0,0.0,77,74
hotpotqa,21,1,stable_low_fpr,aggregate_only,low_support,True,0.0,0.0,0.0,0.0,84,83
hotpotqa,21,2,stable_low_fpr,aggregate_only,low_support,True,0.012048192771084338,0.03614457831325301,0.0,0.0,83,83
hotpotqa,21,3,stable_low_fpr,aggregate_only,low_support,True,0.10256410256410256,0.08641975308641975,0.0,0.0,78,81
hotpotqa,21,4,stable_low_fpr,aggregate_only,low_support,True,0.023809523809523808,0.04938271604938271,0.0,0.0,84,81
hotpotqa,21,5,stable_high_fnr_low_support,aggregate_only,low_support,True,0.3142857142857143,0.2602739726027397,0.0,0.0,70,73
hotpotqa,21,6,stable_high_fnr_low_support,aggregate_only,low_support,True,0.2571428571428571,0.35294117647058826,0.0,0.0,70,68
hotpotqa,21,7,stable_high_fnr_low_support,aggregate_only,low_support,True,0.2898550724637681,0.20833333333333334,0.037037037037037035,0.0,69,72
hotpotqa,22,0,stable_high_fnr_low_support,aggregate_only,low_support,True,0.4411764705882353,0.4426229508196721,0.0,0.0,68,61
hotpotqa,22,1,unstable_across_hardware,aggregate_only,low_support,False,0.07317073170731707,0.12345679012345678,0.0,0.0,82,81
hotpotqa,22,2,stable_high_fnr_low_support,aggregate_only,low_support,True,0.2054794520547945,0.21333333333333335,0.043478260869565216,0.0,73,75
hotpotqa,22,3,unstable_across_hardware,aggregate_only,low_support,False,0.19444444444444445,0.14084507042253522,0.041666666666666664,0.04,72,71
hotpotqa,22,4,stable_low_fpr,aggregate_only,low_support,True,0.1891891891891892,0.1643835616438356,0.0,0.0,74,73
hotpotqa,22,5,high_fp_risk,aggregate_only,low_support,False,0.12987012987012986,0.06944444444444445,0.05263157894736842,0.0,77,72
hotpotqa,22,6,unstable_across_hardware,aggregate_only,low_support,False,0.2153846153846154,0.16216216216216217,0.0,0.0,65,74
hotpotqa,22,7,stable_high_fnr_low_support,aggregate_only,low_support,True,0.3389830508474576,0.31343283582089554,0.0,0.0,59,67
hotpotqa,23,0,stable_low_fpr,aggregate_only,low_support,True,0.07228915662650602,0.05,0.0,0.0,83,80
hotpotqa,23,1,stable_low_fpr,aggregate_only,low_support,True,0.1875,0.15789473684210525,0.0,0.0,80,76
hotpotqa,23,2,stable_low_fpr,aggregate_only,low_support,True,0.012195121951219513,0.037037037037037035,0.0,0.0,82,81
hotpotqa,23,3,stable_low_fpr,aggregate_only,low_support,True,0.1780821917808219,0.21333333333333335,0.0,0.0,73,75
hotpotqa,23,4,unstable_across_hardware,aggregate_only,low_support,False,0.15584415584415584,0.2236842105263158,0.0,0.0,77,76
hotpotqa,23,5,stable_high_fnr_low_support,aggregate_only,low_support,True,0.42424242424242425,0.38235294117647056,0.0,0.0,66,68
hotpotqa,23,6,stable_high_fnr_low_support,aggregate_only,low_support,True,0.273972602739726,0.352112676056338,0.0,0.0,73,71
hotpotqa,23,7,stable_low_fpr,aggregate_only,low_support,True,0.03614457831325301,0.036585365853658534,0.0,0.0,83,82
hotpotqa,24,0,stable_low_fpr,aggregate_only,low_support,True,0.1518987341772152,0.1518987341772152,0.0,0.0,79,79
hotpotqa,24,1,stable_high_fnr_low_support,aggregate_only,low_support,True,0.273972602739726,0.33783783783783783,0.043478260869565216,0.0,73,74
hotpotqa,24,2,stable_high_fnr_low_support,aggregate_only,low_support,True,0.23684210526315788,0.22666666666666666,0.0,0.0,76,75
hotpotqa,24,3,unstable_across_hardware,aggregate_only,low_support,False,0.0625,0.13924050632911392,0.0,0.0,80,79
hotpotqa,24,4,stable_high_fnr_low_support,aggregate_only,low_support,True,0.3230769230769231,0.352112676056338,0.0,0.0,65,71
hotpotqa,24,5,stable_high_fnr_low_support,aggregate_only,low_support,True,0.36619718309859156,0.34782608695652173,0.0,0.037037037037037035,71,69
hotpotqa,24,6,high_fp_risk,aggregate_only,low_support,False,0.05,0.1,0.125,0.0,80,80
hotpotqa,24,7,stable_low_fpr,aggregate_only,low_support,True,0.07407407407407407,0.07317073170731707,0.0,0.0,81,82
hotpotqa,25,0,stable_low_fpr,aggregate_only,low_support,True,0.08,0.1038961038961039,0.0,0.0,75,77
hotpotqa,25,1,stable_high_fnr_low_support,aggregate_only,low_support,True,0.45161290322580644,0.35294117647058826,0.0,0.0,62,68
hotpotqa,25,2,high_fp_risk,aggregate_only,low_support,False,0.10526315789473684,0.08641975308641975,0.0,0.06666666666666667,76,81
hotpotqa,25,3,stable_high_fnr_low_support,aggregate_only,low_support,True,0.2028985507246377,0.3424657534246575,0.037037037037037035,0.0,69,73
hotpotqa,25,4,stable_low_fpr,aggregate_only,low_support,True,0.11538461538461539,0.15,0.0,0.0,78,80
hotpotqa,25,5,stable_low_fpr,aggregate_only,low_support,True,0.0,0.0,0.0,0.0,84,84
hotpotqa,25,6,stable_low_fpr,aggregate_only,low_support,True,0.14473684210526316,0.16666666666666666,0.0,0.0,76,78
hotpotqa,25,7,stable_low_fpr,aggregate_only,low_support,True,0.08860759493670886,0.12,0.0,0.0,79,75
hotpotqa,26,0,stable_low_fpr,aggregate_only,low_support,True,0.012345679012345678,0.012195121951219513,0.0,0.0,81,82
hotpotqa,26,1,stable_low_fpr,aggregate_only,low_support,True,0.18666666666666668,0.2236842105263158,0.0,0.0,75,76
hotpotqa,26,2,high_fp_risk,aggregate_only,low_support,False,0.1125,0.05128205128205128,0.0,0.05555555555555555,80,78
hotpotqa,26,3,stable_low_fpr,aggregate_only,low_support,True,0.1095890410958904,0.08974358974358974,0.0,0.0,73,78
hotpotqa,26,4,unstable_across_hardware,aggregate_only,low_support,False,0.09859154929577464,0.18181818181818182,0.0,0.0,71,77
hotpotqa,26,5,stable_high_fnr_low_support,aggregate_only,low_support,True,0.20833333333333334,0.22666666666666666,0.0,0.0,72,75
hotpotqa,26,6,stable_low_fpr,aggregate_only,low_support,True,0.17333333333333334,0.14864864864864866,0.0,0.0,75,74
hotpotqa,26,7,stable_high_fnr_low_support,aggregate_only,low_support,True,0.3064516129032258,0.25396825396825395,0.0,0.0,62,63
hotpotqa,27,0,stable_high_fnr_low_support,aggregate_only,low_support,True,0.359375,0.43243243243243246,0.0,0.0,64,74
hotpotqa,27,1,stable_high_fnr_low_support,aggregate_only,low_support,True,0.25,0.27692307692307694,0.0,0.0,72,65
hotpotqa,27,2,stable_low_fpr,aggregate_only,low_support,True,0.11688311688311688,0.1518987341772152,0.0,0.0,77,79
hotpotqa,27,3,high_fp_risk,aggregate_only,low_support,False,0.012345679012345678,0.012345679012345678,0.06666666666666667,0.0,81,81
hotpotqa,27,4,stable_low_fpr,aggregate_only,low_support,True,0.16,0.16,0.0,0.0,75,75
hotpotqa,27,5,stable_high_fnr_low_support,aggregate_only,low_support,True,0.4,0.40298507462686567,0.03225806451612903,0.0,65,67
hotpotqa,27,6,stable_low_fpr,aggregate_only,low_support,True,0.12987012987012986,0.11842105263157894,0.0,0.0,77,76
hotpotqa,27,7,stable_low_fpr,aggregate_only,low_support,True,0.0,0.0,0.0,0.0,83,84
hotpotqa,28,0,stable_high_fnr_low_support,aggregate_only,low_support,True,0.2777777777777778,0.28,0.0,0.0,72,75
hotpotqa,28,1,stable_low_fpr,aggregate_only,low_support,True,0.0759493670886076,0.09090909090909091,0.0,0.0,79,77
hotpotqa,28,2,stable_low_fpr,aggregate_only,low_support,True,0.09722222222222222,0.12,0.0,0.0,72,75
hotpotqa,28,3,stable_low_fpr,aggregate_only,low_support,True,0.15853658536585366,0.15789473684210525,0.0,0.0,82,76
hotpotqa,28,4,stable_high_fnr_low_support,aggregate_only,low_support,True,0.2602739726027397,0.23943661971830985,0.0,0.0,73,71
hotpotqa,28,5,unstable_across_hardware,aggregate_only,low_support,False,0.1388888888888889,0.2,0.0,0.0,72,70
hotpotqa,28,6,stable_low_fpr,aggregate_only,low_support,True,0.0375,0.0379746835443038,0.0,0.0,80,79
hotpotqa,28,7,stable_high_fnr_low_support,aggregate_only,low_support,True,0.2692307692307692,0.2602739726027397,0.0,0.043478260869565216,78,73
hotpotqa,29,0,stable_high_fnr_low_support,aggregate_only,low_support,True,0.3194444444444444,0.2328767123287671,0.0,0.0,72,73
hotpotqa,29,1,stable_high_fnr_low_support,aggregate_only,low_support,True,0.2631578947368421,0.25333333333333335,0.0,0.0,76,75
hotpotqa,29,2,unstable_across_hardware,aggregate_only,low_support,False,0.2,0.13846153846153847,0.0,0.0,70,65
hotpotqa,29,3,unstable_across_hardware,aggregate_only,low_support,False,0.06329113924050633,0.2077922077922078,0.0,0.0,79,77
hotpotqa,29,4,stable_low_fpr,aggregate_only,low_support,True,0.024691358024691357,0.04938271604938271,0.0,0.0,81,81
hotpotqa,29,5,stable_low_fpr,aggregate_only,low_support,True,0.14102564102564102,0.16883116883116883,0.0,0.0,78,77
hotpotqa,29,6,stable_low_fpr,aggregate_only,low_support,True,0.0,0.0,0.0,0.0,84,84
hotpotqa,29,7,unstable_across_hardware,aggregate_only,low_support,False,0.12658227848101267,0.0625,0.0,0.0,79,80
hotpotqa,3,0,stable_high_fnr_low_support,aggregate_only,low_support,True,0.23880597014925373,0.3333333333333333,0.0,0.0,67,69
hotpotqa,3,1,stable_low_fpr,aggregate_only,low_support,True,0.0,0.0,0.0,0.0,84,83
hotpotqa,3,2,unstable_across_hardware,aggregate_only,low_support,False,0.16,0.2236842105263158,0.0,0.0,75,76
hotpotqa,3,3,stable_high_fnr_low_support,aggregate_only,low_support,True,0.3194444444444444,0.2638888888888889,0.0,0.0,72,72
hotpotqa,3,4,stable_low_fpr,aggregate_only,low_support,True,0.011904761904761904,0.023809523809523808,0.0,0.0,84,84
hotpotqa,3,5,stable_high_fnr_low_support,aggregate_only,low_support,True,0.37681159420289856,0.43478260869565216,0.037037037037037035,0.0,69,69
hotpotqa,3,6,stable_high_fnr_low_support,aggregate_only,low_support,True,0.3492063492063492,0.4714285714285714,0.0,0.0,63,70
hotpotqa,3,7,high_fp_risk,aggregate_only,low_support,False,0.23684210526315788,0.18666666666666668,0.1,0.0,76,75
hotpotqa,30,0,stable_high_fnr_low_support,aggregate_only,low_support,True,0.32,0.2916666666666667,0.0,0.0,75,72
hotpotqa,30,1,stable_low_fpr,aggregate_only,low_support,True,0.07228915662650602,0.07317073170731707,0.0,0.0,83,82
hotpotqa,30,2,unstable_across_hardware,aggregate_only,low_support,False,0.11538461538461539,0.18181818181818182,0.0,0.0,78,77
hotpotqa,30,3,stable_high_fnr_low_support,aggregate_only,low_support,True,0.3380281690140845,0.2835820895522388,0.0,0.034482758620689655,71,67
hotpotqa,30,4,stable_low_fpr,aggregate_only,low_support,True,0.0641025641025641,0.08974358974358974,0.0,0.0,78,78
hotpotqa,30,5,unstable_across_hardware,aggregate_only,low_support,False,0.11267605633802817,0.17567567567567569,0.04,0.0,71,74
hotpotqa,30,6,stable_high_fnr_low_support,aggregate_only,low_support,True,0.2191780821917808,0.2,0.0,0.0,73,75
hotpotqa,30,7,stable_high_fnr_low_support,aggregate_only,low_support,True,0.40298507462686567,0.46875,0.0,0.0,67,64
hotpotqa,31,0,unstable_across_hardware,aggregate_only,low_support,False,0.2125,0.15789473684210525,0.0,0.0,80,76
hotpotqa,31,1,stable_low_fpr,aggregate_only,low_support,True,0.012195121951219513,0.024096385542168676,0.0,0.0,82,83
hotpotqa,31,2,stable_low_fpr,aggregate_only,low_support,True,0.05952380952380952,0.08641975308641975,0.0,0.0,84,81
hotpotqa,31,3,stable_low_fpr,aggregate_only,low_support,True,0.0,0.0,0.0,0.0,84,84
hotpotqa,31,4,stable_low_fpr,aggregate_only,low_support,True,0.125,0.13924050632911392,0.0,0.0,80,79
hotpotqa,31,5,unstable_across_hardware,aggregate_only,low_support,False,0.16666666666666666,0.2857142857142857,0.041666666666666664,0.0,72,77
hotpotqa,31,6,stable_low_fpr,aggregate_only,low_support,True,0.0625,0.08860759493670886,0.0,0.0,80,79
hotpotqa,31,7,stable_low_fpr,aggregate_only,low_support,True,0.19696969696969696,0.18571428571428572,0.0,0.0,66,70
hotpotqa,4,0,stable_high_fnr_low_support,aggregate_only,low_support,True,0.25,0.23529411764705882,0.0,0.0,68,68
hotpotqa,4,1,unstable_across_hardware,aggregate_only,low_support,False,0.18309859154929578,0.3,0.0,0.0,71,70
hotpotqa,4,2,stable_low_fpr,aggregate_only,low_support,True,0.023809523809523808,0.0,0.0,0.0,84,81
hotpotqa,4,3,stable_low_fpr,aggregate_only,low_support,True,0.0,0.012048192771084338,0.0,0.0,83,83
hotpotqa,4,4,stable_low_fpr,aggregate_only,low_support,True,0.0975609756097561,0.10256410256410256,0.0,0.0,82,78
hotpotqa,4,5,unstable_across_hardware,aggregate_only,low_support,False,0.23376623376623376,0.15714285714285714,0.0,0.038461538461538464,77,70
hotpotqa,4,6,high_fp_risk,aggregate_only,low_support,False,0.04938271604938271,0.025,0.06666666666666667,0.0625,81,80
hotpotqa,4,7,stable_high_fnr_low_support,aggregate_only,low_support,True,0.32,0.22535211267605634,0.0,0.0,75,71
hotpotqa,5,0,stable_low_fpr,aggregate_only,low_support,True,0.0875,0.04878048780487805,0.0,0.0,80,82
hotpotqa,5,1,stable_low_fpr,aggregate_only,low_support,True,0.011904761904761904,0.023809523809523808,0.0,0.0,84,84
hotpotqa,5,2,stable_low_fpr,aggregate_only,low_support,True,0.012195121951219513,0.012048192771084338,0.0,0.0,82,83
hotpotqa,5,3,stable_low_fpr,aggregate_only,low_support,True,0.0625,0.04819277108433735,0.0,0.0,80,83
hotpotqa,5,4,stable_low_fpr,aggregate_only,low_support,True,0.07317073170731707,0.06493506493506493,0.0,0.0,82,77
hotpotqa,5,5,stable_high_fnr_low_support,aggregate_only,low_support,True,0.2,0.23943661971830985,0.047619047619047616,0.0,75,71
hotpotqa,5,6,stable_low_fpr,aggregate_only,low_support,True,0.024390243902439025,0.012195121951219513,0.0,0.0,82,82
hotpotqa,5,7,high_fp_risk,aggregate_only,low_support,False,0.03614457831325301,0.024390243902439025,0.0,0.07142857142857142,83,82
hotpotqa,6,0,stable_low_fpr,aggregate_only,low_support,True,0.19444444444444445,0.21052631578947367,0.0,0.0,72,76
hotpotqa,6,1,stable_high_fnr_low_support,aggregate_only,low_support,True,0.2714285714285714,0.3026315789473684,0.0,0.0,70,76
hotpotqa,6,2,stable_low_fpr,aggregate_only,low_support,True,0.11363636363636363,0.1348314606741573,0.0,0.0,88,89
hotpotqa,6,3,stable_low_fpr,aggregate_only,low_support,True,0.012658227848101266,0.04878048780487805,0.0,0.0,79,82
hotpotqa,6,4,stable_low_fpr,aggregate_only,low_support,True,0.012048192771084338,0.024096385542168676,0.0,0.0,83,83
hotpotqa,6,5,stable_low_fpr,aggregate_only,low_support,True,0.14666666666666667,0.14285714285714285,0.0,0.0,75,77
hotpotqa,6,6,unstable_across_hardware,aggregate_only,low_support,False,0.24050632911392406,0.1232876712328767,0.0,0.0,79,73
hotpotqa,6,7,high_fp_risk,aggregate_only,low_support,False,0.14473684210526316,0.1875,0.1,0.0,76,80
hotpotqa,7,0,stable_low_fpr,aggregate_only,low_support,True,0.024691358024691357,0.04819277108433735,0.0,0.0,81,83
hotpotqa,7,1,stable_low_fpr,aggregate_only,low_support,True,0.04819277108433735,0.023529411764705882,0.0,0.0,83,85
hotpotqa,7,2,stable_low_fpr,aggregate_only,low_support,True,0.13580246913580246,0.08974358974358974,0.0,0.0,81,78
hotpotqa,7,3,unstable_across_hardware,aggregate_only,low_support,False,0.0875,0.15384615384615385,0.0,0.0,80,78
hotpotqa,7,4,stable_low_fpr,aggregate_only,low_support,True,0.06578947368421052,0.07692307692307693,0.0,0.0,76,78
hotpotqa,7,5,stable_low_fpr,aggregate_only,low_support,True,0.012048192771084338,0.037037037037037035,0.0,0.0,83,81
hotpotqa,7,6,stable_low_fpr,aggregate_only,low_support,True,0.047619047619047616,0.03614457831325301,0.0,0.0,84,83
hotpotqa,7,7,stable_low_fpr,aggregate_only,low_support,True,0.075,0.09090909090909091,0.0,0.0,80,77
hotpotqa,8,0,unstable_across_hardware,aggregate_only,low_support,False,0.0875,0.023809523809523808,0.0,0.0,80,84
hotpotqa,8,1,stable_high_fnr_low_support,aggregate_only,low_support,True,0.20270270270270271,0.22077922077922077,0.0,0.0,74,77
hotpotqa,8,2,stable_low_fpr,aggregate_only,low_support,True,0.11627906976744186,0.10588235294117647,0.0,0.0,86,85
hotpotqa,8,3,stable_low_fpr,aggregate_only,low_support,True,0.03614457831325301,0.04819277108433735,0.0,0.0,83,83
hotpotqa,8,4,stable_high_fnr_low_support,aggregate_only,low_support,True,0.23595505617977527,0.23595505617977527,0.0,0.0,89,89
hotpotqa,8,5,high_fp_risk,aggregate_only,low_support,False,0.11363636363636363,0.04597701149425287,0.0,0.1111111111111111,88,87
hotpotqa,8,6,stable_high_fnr_low_support,aggregate_only,low_support,True,0.3142857142857143,0.2638888888888889,0.0,0.0,70,72
hotpotqa,8,7,stable_low_fpr,aggregate_only,low_support,True,0.12048192771084337,0.08433734939759036,0.0,0.0,83,83
hotpotqa,9,0,stable_low_fpr,aggregate_only,low_support,True,0.09782608695652174,0.06666666666666667,0.0,0.0,92,90
hotpotqa,9,1,high_fp_risk,aggregate_only,low_support,False,0.391304347826087,0.3787878787878788,0.07407407407407407,0.0,69,66
hotpotqa,9,2,stable_low_fpr,aggregate_only,low_support,True,0.011764705882352941,0.03614457831325301,0.0,0.0,85,83
hotpotqa,9,3,stable_low_fpr,aggregate_only,low_support,True,0.08641975308641975,0.08974358974358974,0.0,0.0,81,78
hotpotqa,9,4,stable_low_fpr,aggregate_only,low_support,True,0.04878048780487805,0.037037037037037035,0.0,0.0,82,81
hotpotqa,9,5,stable_low_fpr,aggregate_only,low_support,True,0.125,0.15789473684210525,0.0,0.0,72,76
hotpotqa,9,6,high_fp_risk,aggregate_only,low_support,False,0.15584415584415584,0.19230769230769232,0.0,0.05555555555555555,77,78
hotpotqa,9,7,stable_high_fnr_low_support,aggregate_only,low_support,True,0.20512820512820512,0.25882352941176473,0.0,0.0,78,85
passage_retrieval_en,0,0,high_fp_risk,aggregate_only,low_support,False,0.10465116279069768,0.06976744186046512,0.2,0.3,86,86
passage_retrieval_en,0,1,high_fp_risk,aggregate_only,low_support,False,0.43243243243243246,0.47761194029850745,0.0,0.06896551724137931,74,67
passage_retrieval_en,0,2,high_fp_risk,aggregate_only,low_support,False,0.2962962962962963,0.2911392405063291,0.0,0.058823529411764705,81,79
passage_retrieval_en,0,3,stable_high_fnr_low_support,aggregate_only,low_support,True,0.42857142857142855,0.3582089552238806,0.0,0.0,70,67
passage_retrieval_en,0,4,stable_high_fnr_low_support,aggregate_only,low_support,True,0.3235294117647059,0.4305555555555556,0.0,0.0,68,72
passage_retrieval_en,0,5,stable_low_fpr,aggregate_only,low_support,True,0.010638297872340425,0.021052631578947368,0.0,0.0,94,95
passage_retrieval_en,0,6,stable_low_fpr,aggregate_only,low_support,True,0.06741573033707865,0.03333333333333333,0.0,0.0,89,90
passage_retrieval_en,0,7,data_insufficient,aggregate_only,low_support,False,0.0,0.0,,0.0,96,95
passage_retrieval_en,1,0,stable_low_fpr,aggregate_only,low_support,True,0.09876543209876543,0.04878048780487805,0.0,0.0,81,82
passage_retrieval_en,1,1,stable_high_fnr_low_support,aggregate_only,low_support,True,0.2777777777777778,0.3287671232876712,0.0,0.0,72,73
passage_retrieval_en,1,2,stable_low_fpr,aggregate_only,low_support,True,0.0,0.0,0.0,0.0,82,84
passage_retrieval_en,1,3,stable_high_fnr_low_support,aggregate_only,low_support,True,0.5194805194805194,0.5138888888888888,0.0,0.0,77,72
passage_retrieval_en,1,4,stable_low_fpr,aggregate_only,low_support,True,0.011363636363636364,0.022222222222222223,0.0,0.0,88,90
passage_retrieval_en,1,5,high_fp_risk,aggregate_only,low_support,False,0.07407407407407407,0.06172839506172839,0.0,0.2,81,81
passage_retrieval_en,1,6,unstable_across_hardware,aggregate_only,low_support,False,0.125,0.0625,0.0,0.0,80,80
passage_retrieval_en,1,7,stable_high_fnr_low_support,aggregate_only,low_support,True,0.2676056338028169,0.34615384615384615,0.0,0.0,71,78
passage_retrieval_en,10,0,stable_low_fpr,aggregate_only,low_support,True,0.024390243902439025,0.037037037037037035,0.0,0.0,82,81
passage_retrieval_en,10,1,unstable_across_hardware,aggregate_only,low_support,False,0.2876712328767123,0.14473684210526316,0.043478260869565216,0.0,73,76
passage_retrieval_en,10,2,stable_low_fpr,aggregate_only,low_support,True,0.10126582278481013,0.1,0.0,0.0,79,80
passage_retrieval_en,10,3,stable_low_fpr,aggregate_only,low_support,True,0.08860759493670886,0.125,0.0,0.0,79,80
passage_retrieval_en,10,4,unstable_across_hardware,aggregate_only,low_support,False,0.1375,0.19480519480519481,0.0,0.0,80,77
passage_retrieval_en,10,5,stable_high_fnr_low_support,aggregate_only,low_support,True,0.2073170731707317,0.25,0.0,0.0,82,76
passage_retrieval_en,10,6,stable_low_fpr,aggregate_only,low_support,True,0.06666666666666667,0.06944444444444445,0.0,0.0,75,72
passage_retrieval_en,10,7,stable_low_fpr,aggregate_only,low_support,True,0.03571428571428571,0.024390243902439025,0.0,0.0,84,82
passage_retrieval_en,11,0,high_fp_risk,aggregate_only,low_support,False,0.03896103896103896,0.06172839506172839,0.0,0.06666666666666667,77,81
passage_retrieval_en,11,1,stable_low_fpr,aggregate_only,low_support,True,0.12658227848101267,0.1038961038961039,0.0,0.0,79,77
passage_retrieval_en,11,2,stable_low_fpr,aggregate_only,low_support,True,0.03614457831325301,0.04878048780487805,0.0,0.0,83,82
passage_retrieval_en,11,3,stable_low_fpr,aggregate_only,low_support,True,0.06756756756756757,0.0547945205479452,0.0,0.0,74,73
passage_retrieval_en,11,4,data_insufficient,aggregate_only,low_support,False,0.1276595744680851,0.13541666666666666,0.0,,94,96
passage_retrieval_en,11,5,high_fp_risk,aggregate_only,low_support,False,0.18840579710144928,0.24324324324324326,0.037037037037037035,0.09090909090909091,69,74
passage_retrieval_en,11,6,stable_low_fpr,aggregate_only,low_support,True,0.036585365853658534,0.08641975308641975,0.0,0.0,82,81
passage_retrieval_en,11,7,stable_high_fnr_low_support,aggregate_only,low_support,True,0.2054794520547945,0.2465753424657534,0.0,0.0,73,73
passage_retrieval_en,12,0,high_fp_risk,aggregate_only,low_support,False,0.21794871794871795,0.21518987341772153,0.05555555555555555,0.0,78,79
passage_retrieval_en,12,1,high_fp_risk,aggregate_only,low_support,False,0.3972602739726027,0.38235294117647056,0.34782608695652173,0.35714285714285715,73,68
passage_retrieval_en,12,2,stable_high_fnr_low_support,aggregate_only,low_support,True,0.24705882352941178,0.2962962962962963,0.0,0.0,85,81
passage_retrieval_en,12,3,stable_low_fpr,aggregate_only,low_support,True,0.024390243902439025,0.024390243902439025,0.0,0.0,82,82
passage_retrieval_en,12,4,stable_low_fpr,aggregate_only,low_support,True,0.024691358024691357,0.06097560975609756,0.0,0.0,81,82
passage_retrieval_en,12,5,stable_high_fnr_low_support,aggregate_only,low_support,True,0.27941176470588236,0.3333333333333333,0.0,0.0,68,69
passage_retrieval_en,12,6,high_fp_risk,aggregate_only,low_support,False,0.3291139240506329,0.30120481927710846,0.058823529411764705,0.0,79,83
passage_retrieval_en,12,7,stable_low_fpr,aggregate_only,low_support,True,0.06097560975609756,0.05,0.0,0.0,82,80
passage_retrieval_en,13,0,stable_low_fpr,aggregate_only,low_support,True,0.12048192771084337,0.09411764705882353,0.0,0.0,83,85
passage_retrieval_en,13,1,stable_high_fnr_low_support,aggregate_only,low_support,True,0.2777777777777778,0.21052631578947367,0.0,0.0,72,76
passage_retrieval_en,13,2,high_fp_risk,aggregate_only,low_support,False,0.22988505747126436,0.26436781609195403,0.1111111111111111,0.2222222222222222,87,87
passage_retrieval_en,13,3,stable_high_fnr_low_support,aggregate_only,low_support,True,0.3013698630136986,0.2972972972972973,0.0,0.045454545454545456,73,74
passage_retrieval_en,13,4,stable_low_fpr,aggregate_only,low_support,True,0.0963855421686747,0.12941176470588237,0.0,0.0,83,85
passage_retrieval_en,13,5,stable_high_fnr_low_support,aggregate_only,low_support,True,0.4782608695652174,0.4307692307692308,0.0,0.0,69,65
passage_retrieval_en,13,6,high_fp_risk,aggregate_only,low_support,False,0.18292682926829268,0.1125,0.0,0.0625,82,80
passage_retrieval_en,13,7,stable_low_fpr,aggregate_only,low_support,True,0.0945945945945946,0.11842105263157894,0.0,0.0,74,76
passage_retrieval_en,14,0,high_fp_risk,aggregate_only,low_support,False,0.37142857142857144,0.3088235294117647,0.11538461538461539,0.10714285714285714,70,68
passage_retrieval_en,14,1,high_fp_risk,aggregate_only,low_support,False,0.22666666666666666,0.22077922077922077,0.14285714285714285,0.05263157894736842,75,77
passage_retrieval_en,14,2,stable_low_fpr,aggregate_only,low_support,True,0.05952380952380952,0.023809523809523808,0.0,0.0,84,84
passage_retrieval_en,14,3,high_fp_risk,aggregate_only,low_support,False,0.25675675675675674,0.2727272727272727,0.36363636363636365,0.3157894736842105,74,77
passage_retrieval_en,14,4,high_fp_risk,aggregate_only,low_support,False,0.02531645569620253,0.06097560975609756,0.058823529411764705,0.0,79,82
passage_retrieval_en,14,5,high_fp_risk,aggregate_only,low_support,False,0.14102564102564102,0.1,0.05555555555555555,0.0625,78,80
passage_retrieval_en,14,6,unstable_across_hardware,aggregate_only,low_support,False,0.1951219512195122,0.07692307692307693,0.0,0.0,82,78
passage_retrieval_en,14,7,high_fp_risk,aggregate_only,low_support,False,0.09876543209876543,0.1111111111111111,0.06666666666666667,0.0,81,81
passage_retrieval_en,15,0,high_fp_risk,aggregate_only,low_support,False,0.21794871794871795,0.14285714285714285,0.0,0.05263157894736842,78,77
passage_retrieval_en,15,1,stable_low_fpr,aggregate_only,low_support,True,0.08333333333333333,0.0759493670886076,0.0,0.0,84,79
passage_retrieval_en,15,2,unstable_across_hardware,aggregate_only,low_support,False,0.25,0.15492957746478872,0.0,0.0,76,71
passage_retrieval_en,15,3,stable_high_fnr_low_support,aggregate_only,low_support,True,0.5211267605633803,0.4852941176470588,0.0,0.0,71,68
passage_retrieval_en,15,4,stable_low_fpr,aggregate_only,low_support,True,0.24324324324324326,0.19718309859154928,0.0,0.0,74,71
passage_retrieval_en,15,5,stable_high_fnr_low_support,aggregate_only,low_support,True,0.2987012987012987,0.26666666666666666,0.0,0.047619047619047616,77,75
passage_retrieval_en,15,6,high_fp_risk,aggregate_only,low_support,False,0.3,0.23880597014925373,0.46153846153846156,0.4482758620689655,70,67
passage_retrieval_en,15,7,high_fp_risk,aggregate_only,low_support,False,0.06172839506172839,0.02531645569620253,0.0,0.058823529411764705,81,79
passage_retrieval_en,16,0,unstable_across_hardware,aggregate_only,low_support,False,0.18571428571428572,0.25333333333333335,0.0,0.0,70,75
passage_retrieval_en,16,1,stable_low_fpr,aggregate_only,low_support,True,0.0,0.03614457831325301,0.0,0.0,83,83
passage_retrieval_en,16,2,stable_high_fnr_low_support,aggregate_only,low_support,True,0.3888888888888889,0.4675324675324675,0.0,0.0,72,77
passage_retrieval_en,16,3,stable_low_fpr,aggregate_only,low_support,True,0.0375,0.0,0.0,0.0,80,81
passage_retrieval_en,16,4,unstable_across_hardware,aggregate_only,low_support,False,0.0945945945945946,0.1643835616438356,0.045454545454545456,0.0,74,73
passage_retrieval_en,16,5,stable_low_fpr,aggregate_only,low_support,True,0.11538461538461539,0.13924050632911392,0.0,0.0,78,79
passage_retrieval_en,16,6,stable_low_fpr,aggregate_only,low_support,True,0.16176470588235295,0.15789473684210525,0.03571428571428571,0.0,68,76
passage_retrieval_en,16,7,stable_low_fpr,aggregate_only,low_support,True,0.06172839506172839,0.0625,0.0,0.0,81,80
passage_retrieval_en,17,0,stable_high_fnr_low_support,aggregate_only,low_support,True,0.2222222222222222,0.2191780821917808,0.0,0.043478260869565216,72,73
passage_retrieval_en,17,1,stable_low_fpr,aggregate_only,low_support,True,0.15714285714285714,0.136986301369863,0.038461538461538464,0.0,70,73
passage_retrieval_en,17,2,high_fp_risk,aggregate_only,low_support,False,0.08860759493670886,0.15789473684210525,0.0,0.05,79,76
passage_retrieval_en,17,3,stable_low_fpr,aggregate_only,low_support,True,0.1125,0.075,0.0,0.0,80,80
passage_retrieval_en,17,4,stable_high_fnr_low_support,aggregate_only,low_support,True,0.22857142857142856,0.2463768115942029,0.0,0.0,70,69
passage_retrieval_en,17,5,stable_high_fnr_low_support,aggregate_only,low_support,True,0.39705882352941174,0.4461538461538462,0.0,0.0,68,65
passage_retrieval_en,17,6,stable_high_fnr_low_support,aggregate_only,low_support,True,0.34285714285714286,0.32857142857142857,0.038461538461538464,0.0,70,70
passage_retrieval_en,17,7,stable_high_fnr_low_support,aggregate_only,low_support,True,0.35294117647058826,0.4084507042253521,0.0,0.0,68,71
passage_retrieval_en,18,0,stable_low_fpr,aggregate_only,low_support,True,0.18571428571428572,0.16216216216216217,0.038461538461538464,0.0,70,74
passage_retrieval_en,18,1,high_fp_risk,aggregate_only,low_support,False,0.16666666666666666,0.1518987341772152,0.0,0.058823529411764705,78,79
passage_retrieval_en,18,2,stable_low_fpr,aggregate_only,low_support,True,0.0759493670886076,0.09090909090909091,0.0,0.0,79,77
passage_retrieval_en,18,3,high_fp_risk,aggregate_only,low_support,False,0.05194805194805195,0.05333333333333334,0.05263157894736842,0.0,77,75
passage_retrieval_en,18,4,stable_high_fnr_low_support,aggregate_only,low_support,True,0.3918918918918919,0.3333333333333333,0.0,0.0,74,75
passage_retrieval_en,18,5,stable_high_fnr_low_support,aggregate_only,low_support,True,0.21518987341772153,0.24324324324324326,0.0,0.0,79,74
passage_retrieval_en,18,6,stable_low_fpr,aggregate_only,low_support,True,0.1527777777777778,0.1375,0.0,0.0,72,80
passage_retrieval_en,18,7,stable_low_fpr,aggregate_only,low_support,True,0.19230769230769232,0.21052631578947367,0.0,0.0,78,76
passage_retrieval_en,19,0,stable_low_fpr,aggregate_only,low_support,True,0.10126582278481013,0.06329113924050633,0.0,0.0,79,79
passage_retrieval_en,19,1,stable_high_fnr_low_support,aggregate_only,low_support,True,0.2077922077922078,0.24675324675324675,0.0,0.0,77,77
passage_retrieval_en,19,2,stable_low_fpr,aggregate_only,low_support,True,0.08974358974358974,0.07894736842105263,0.0,0.0,78,76
passage_retrieval_en,19,3,high_fp_risk,aggregate_only,low_support,False,0.18840579710144928,0.21739130434782608,0.07407407407407407,0.037037037037037035,69,69
passage_retrieval_en,19,4,stable_high_fnr_low_support,aggregate_only,low_support,True,0.34210526315789475,0.3246753246753247,0.0,0.0,76,77
passage_retrieval_en,19,5,stable_low_fpr,aggregate_only,low_support,True,0.20270270270270271,0.18421052631578946,0.0,0.0,74,76
passage_retrieval_en,19,6,stable_high_fnr_low_support,aggregate_only,low_support,True,0.5303030303030303,0.47058823529411764,0.0,0.0,66,68
passage_retrieval_en,19,7,stable_low_fpr,aggregate_only,low_support,True,0.011904761904761904,0.024096385542168676,0.0,0.0,84,83
passage_retrieval_en,2,0,stable_high_fnr_low_support,aggregate_only,low_support,True,0.2714285714285714,0.3333333333333333,0.0,0.0,70,72
passage_retrieval_en,2,1,stable_low_fpr,aggregate_only,low_support,True,0.08641975308641975,0.0625,0.0,0.0,81,80
passage_retrieval_en,2,2,stable_high_fnr_low_support,aggregate_only,low_support,True,0.24324324324324326,0.22972972972972974,0.0,0.0,74,74
passage_retrieval_en,2,3,stable_low_fpr,aggregate_only,low_support,True,0.011904761904761904,0.0,0.0,0.0,84,84
passage_retrieval_en,2,4,unstable_across_hardware,aggregate_only,low_support,False,0.16216216216216217,0.21333333333333335,0.0,0.0,74,75
passage_retrieval_en,2,5,stable_low_fpr,aggregate_only,low_support,True,0.0,0.0,0.0,0.0,84,84
passage_retrieval_en,2,6,stable_low_fpr,aggregate_only,low_support,True,0.0,0.0,0.0,0.0,84,84
passage_retrieval_en,2,7,stable_low_fpr,aggregate_only,low_support,True,0.03614457831325301,0.07407407407407407,0.0,0.0,83,81
passage_retrieval_en,20,0,stable_high_fnr_low_support,aggregate_only,low_support,True,0.3088235294117647,0.2463768115942029,0.0,0.037037037037037035,68,69
passage_retrieval_en,20,1,stable_high_fnr_low_support,aggregate_only,low_support,True,0.30434782608695654,0.3472222222222222,0.0,0.0,69,72
passage_retrieval_en,20,2,stable_low_fpr,aggregate_only,low_support,True,0.14814814814814814,0.11688311688311688,0.0,0.0,81,77
passage_retrieval_en,20,3,unstable_across_hardware,aggregate_only,low_support,False,0.14285714285714285,0.21333333333333335,0.0,0.0,70,75
passage_retrieval_en,20,4,stable_low_fpr,aggregate_only,low_support,True,0.024096385542168676,0.07407407407407407,0.0,0.0,83,81
passage_retrieval_en,20,5,stable_high_fnr_low_support,aggregate_only,low_support,True,0.2465753424657534,0.2876712328767123,0.0,0.0,73,73
passage_retrieval_en,20,6,stable_low_fpr,aggregate_only,low_support,True,0.12162162162162163,0.14864864864864866,0.0,0.045454545454545456,74,74
passage_retrieval_en,20,7,stable_high_fnr_low_support,aggregate_only,low_support,True,0.375,0.3373493975903614,0.0,0.0,80,83
passage_retrieval_en,21,0,stable_high_fnr_low_support,aggregate_only,low_support,True,0.2894736842105263,0.3013698630136986,0.0,0.0,76,73
passage_retrieval_en,21,1,stable_low_fpr,aggregate_only,low_support,True,0.011904761904761904,0.011904761904761904,0.0,0.0,84,84
passage_retrieval_en,21,2,stable_low_fpr,aggregate_only,low_support,True,0.037037037037037035,0.012195121951219513,0.0,0.0,81,82
passage_retrieval_en,21,3,stable_high_fnr_low_support,aggregate_only,low_support,True,0.2,0.24285714285714285,0.0,0.0,70,70
passage_retrieval_en,21,4,stable_low_fpr,aggregate_only,low_support,True,0.03614457831325301,0.012195121951219513,0.0,0.0,83,82
passage_retrieval_en,21,5,stable_high_fnr_low_support,aggregate_only,low_support,True,0.3333333333333333,0.38571428571428573,0.0,0.0,69,70
passage_retrieval_en,21,6,stable_high_fnr_low_support,aggregate_only,low_support,True,0.5245901639344263,0.4090909090909091,0.0,0.0,61,66
passage_retrieval_en,21,7,unstable_across_hardware,aggregate_only,low_support,False,0.19402985074626866,0.29333333333333333,0.0,0.0,67,75
passage_retrieval_en,22,0,stable_high_fnr_low_support,aggregate_only,low_support,True,0.5344827586206896,0.6071428571428571,0.0,0.0,58,56
passage_retrieval_en,22,1,high_fp_risk,aggregate_only,low_support,False,0.10975609756097561,0.09523809523809523,0.07142857142857142,0.0,82,84
passage_retrieval_en,22,2,stable_high_fnr_low_support,aggregate_only,low_support,True,0.35714285714285715,0.34285714285714286,0.0,0.038461538461538464,70,70
passage_retrieval_en,22,3,high_fp_risk,aggregate_only,low_support,False,0.22666666666666666,0.14084507042253522,0.047619047619047616,0.08,75,71
passage_retrieval_en,22,4,stable_low_fpr,aggregate_only,low_support,True,0.15789473684210525,0.14285714285714285,0.0,0.0,76,77
passage_retrieval_en,22,5,unstable_across_hardware,aggregate_only,low_support,False,0.1518987341772152,0.21052631578947367,0.0,0.0,79,76
passage_retrieval_en,22,6,stable_high_fnr_low_support,aggregate_only,low_support,True,0.2777777777777778,0.2714285714285714,0.0,0.0,72,70
passage_retrieval_en,22,7,stable_high_fnr_low_support,aggregate_only,low_support,True,0.5076923076923077,0.421875,0.0,0.0,65,64
passage_retrieval_en,23,0,stable_low_fpr,aggregate_only,low_support,True,0.11392405063291139,0.08641975308641975,0.0,0.0,79,81
passage_retrieval_en,23,1,stable_low_fpr,aggregate_only,low_support,True,0.1232876712328767,0.11842105263157894,0.0,0.0,73,76
passage_retrieval_en,23,2,stable_low_fpr,aggregate_only,low_support,True,0.1891891891891892,0.17567567567567569,0.0,0.0,74,74
passage_retrieval_en,23,3,stable_high_fnr_low_support,aggregate_only,low_support,True,0.3770491803278688,0.4057971014492754,0.02857142857142857,0.0,61,69
passage_retrieval_en,23,4,stable_high_fnr_low_support,aggregate_only,low_support,True,0.3472222222222222,0.25,0.0,0.0,72,72
passage_retrieval_en,23,5,stable_high_fnr_low_support,aggregate_only,low_support,True,0.5094339622641509,0.5333333333333333,0.023255813953488372,0.0,53,60
passage_retrieval_en,23,6,stable_high_fnr_low_support,aggregate_only,low_support,True,0.45161290322580644,0.4583333333333333,0.0,0.0,62,72
passage_retrieval_en,23,7,stable_low_fpr,aggregate_only,low_support,True,0.04819277108433735,0.047619047619047616,0.0,0.0,83,84
passage_retrieval_en,24,0,stable_high_fnr_low_support,aggregate_only,low_support,True,0.2876712328767123,0.2465753424657534,0.0,0.043478260869565216,73,73
passage_retrieval_en,24,1,stable_high_fnr_low_support,aggregate_only,low_support,True,0.28169014084507044,0.2753623188405797,0.04,0.0,71,69
passage_retrieval_en,24,2,stable_high_fnr_low_support,aggregate_only,low_support,True,0.20270270270270271,0.2,0.0,0.0,74,75
passage_retrieval_en,24,3,stable_low_fpr,aggregate_only,low_support,True,0.14814814814814814,0.1625,0.0,0.0,81,80
passage_retrieval_en,24,4,stable_high_fnr_low_support,aggregate_only,low_support,True,0.55,0.47058823529411764,0.0,0.0,60,68
passage_retrieval_en,24,5,stable_high_fnr_low_support,aggregate_only,low_support,True,0.36764705882352944,0.39705882352941174,0.0,0.03571428571428571,68,68
passage_retrieval_en,24,6,stable_low_fpr,aggregate_only,low_support,True,0.06578947368421052,0.06666666666666667,0.0,0.0,76,75
passage_retrieval_en,24,7,stable_low_fpr,aggregate_only,low_support,True,0.036585365853658534,0.024390243902439025,0.0,0.0,82,82
passage_retrieval_en,25,0,high_fp_risk,aggregate_only,low_support,False,0.19480519480519481,0.22077922077922077,0.10526315789473684,0.05263157894736842,77,77
passage_retrieval_en,25,1,stable_high_fnr_low_support,aggregate_only,low_support,True,0.42424242424242425,0.3230769230769231,0.0,0.03225806451612903,66,65
passage_retrieval_en,25,2,high_fp_risk,aggregate_only,low_support,False,0.08333333333333333,0.189873417721519,0.0,0.058823529411764705,72,79
passage_retrieval_en,25,3,stable_high_fnr_low_support,aggregate_only,low_support,True,0.3013698630136986,0.3287671232876712,0.043478260869565216,0.043478260869565216,73,73
passage_retrieval_en,25,4,stable_low_fpr,aggregate_only,low_support,True,0.17567567567567569,0.18666666666666668,0.0,0.0,74,75
passage_retrieval_en,25,5,stable_low_fpr,aggregate_only,low_support,True,0.0,0.0,0.0,0.0,84,84
passage_retrieval_en,25,6,stable_high_fnr_low_support,aggregate_only,low_support,True,0.29411764705882354,0.22535211267605634,0.0,0.0,68,71
passage_retrieval_en,25,7,high_fp_risk,aggregate_only,low_support,False,0.18666666666666668,0.22857142857142856,0.0,0.07692307692307693,75,70
passage_retrieval_en,26,0,stable_low_fpr,aggregate_only,low_support,True,0.024096385542168676,0.04819277108433735,0.0,0.0,83,83
passage_retrieval_en,26,1,stable_high_fnr_low_support,aggregate_only,low_support,True,0.27631578947368424,0.25316455696202533,0.0,0.0,76,79
passage_retrieval_en,26,2,high_fp_risk,aggregate_only,low_support,False,0.12195121951219512,0.12658227848101267,0.07142857142857142,0.0,82,79
passage_retrieval_en,26,3,stable_low_fpr,aggregate_only,low_support,True,0.15384615384615385,0.1566265060240964,0.0,0.0,78,83
passage_retrieval_en,26,4,high_fp_risk,aggregate_only,low_support,False,0.18181818181818182,0.1794871794871795,0.05263157894736842,0.0,77,78
passage_retrieval_en,26,5,stable_high_fnr_low_support,aggregate_only,low_support,True,0.23529411764705882,0.25675675675675674,0.0,0.0,68,74
passage_retrieval_en,26,6,high_fp_risk,aggregate_only,low_support,False,0.35294117647058826,0.30158730158730157,0.03571428571428571,0.06060606060606061,68,63
passage_retrieval_en,26,7,stable_high_fnr_low_support,aggregate_only,low_support,True,0.576271186440678,0.5254237288135594,0.0,0.0,59,59
passage_retrieval_en,27,0,stable_high_fnr_low_support,aggregate_only,low_support,True,0.36764705882352944,0.4626865671641791,0.0,0.0,68,67
passage_retrieval_en,27,1,stable_high_fnr_low_support,aggregate_only,low_support,True,0.375,0.26229508196721313,0.0,0.0,64,61
passage_retrieval_en,27,2,stable_low_fpr,aggregate_only,low_support,True,0.21951219512195122,0.1728395061728395,0.0,0.0,82,81
passage_retrieval_en,27,3,stable_low_fpr,aggregate_only,low_support,True,0.060240963855421686,0.012048192771084338,0.0,0.0,83,83
passage_retrieval_en,27,4,unstable_across_hardware,aggregate_only,low_support,False,0.08450704225352113,0.17333333333333334,0.04,0.0,71,75
passage_retrieval_en,27,5,stable_high_fnr_low_support,aggregate_only,low_support,True,0.5076923076923077,0.49230769230769234,0.0,0.0,65,65
passage_retrieval_en,27,6,unstable_across_hardware,aggregate_only,low_support,False,0.14666666666666667,0.09333333333333334,0.0,0.0,75,75
passage_retrieval_en,27,7,stable_low_fpr,aggregate_only,low_support,True,0.03571428571428571,0.011904761904761904,0.0,0.0,84,84
passage_retrieval_en,28,0,stable_high_fnr_low_support,aggregate_only,low_support,True,0.37681159420289856,0.3888888888888889,0.0,0.0,69,72
passage_retrieval_en,28,1,stable_low_fpr,aggregate_only,low_support,True,0.1375,0.1375,0.0,0.0,80,80
passage_retrieval_en,28,2,unstable_across_hardware,aggregate_only,low_support,False,0.22972972972972974,0.1643835616438356,0.0,0.0,74,73
passage_retrieval_en,28,3,unstable_across_hardware,aggregate_only,low_support,False,0.24050632911392406,0.13924050632911392,0.0,0.0,79,79
passage_retrieval_en,28,4,high_fp_risk,aggregate_only,low_support,False,0.32432432432432434,0.3076923076923077,0.045454545454545456,0.05555555555555555,74,78
passage_retrieval_en,28,5,stable_high_fnr_low_support,aggregate_only,low_support,True,0.30434782608695654,0.3466666666666667,0.0,0.0,69,75
passage_retrieval_en,28,6,stable_low_fpr,aggregate_only,low_support,True,0.12658227848101267,0.1518987341772152,0.0,0.0,79,79
passage_retrieval_en,28,7,stable_low_fpr,aggregate_only,low_support,True,0.16901408450704225,0.18840579710144928,0.04,0.0,71,69
passage_retrieval_en,29,0,stable_high_fnr_low_support,aggregate_only,low_support,True,0.28169014084507044,0.36363636363636365,0.0,0.0,71,66
passage_retrieval_en,29,1,stable_high_fnr_low_support,aggregate_only,low_support,True,0.2463768115942029,0.34328358208955223,0.037037037037037035,0.034482758620689655,69,67
passage_retrieval_en,29,2,stable_high_fnr_low_support,aggregate_only,low_support,True,0.36231884057971014,0.36923076923076925,0.037037037037037035,0.0,69,65
passage_retrieval_en,29,3,unstable_across_hardware,aggregate_only,low_support,False,0.2222222222222222,0.15384615384615385,0.0,0.0,72,78
passage_retrieval_en,29,4,stable_low_fpr,aggregate_only,low_support,True,0.024390243902439025,0.037037037037037035,0.0,0.0,82,81
passage_retrieval_en,29,5,high_fp_risk,aggregate_only,low_support,False,0.18181818181818182,0.2236842105263158,0.05263157894736842,0.0,77,76
passage_retrieval_en,29,6,stable_low_fpr,aggregate_only,low_support,True,0.0,0.0,0.0,0.0,84,84
passage_retrieval_en,29,7,stable_low_fpr,aggregate_only,low_support,True,0.05194805194805195,0.07692307692307693,0.0,0.0,77,78
passage_retrieval_en,3,0,stable_high_fnr_low_support,aggregate_only,low_support,True,0.25396825396825395,0.288135593220339,0.0,0.0,63,59
passage_retrieval_en,3,1,stable_low_fpr,aggregate_only,low_support,True,0.023809523809523808,0.0,0.0,0.0,84,84
passage_retrieval_en,3,2,stable_high_fnr_low_support,aggregate_only,low_support,True,0.38666666666666666,0.26666666666666666,0.0,0.0,75,75
passage_retrieval_en,3,3,stable_high_fnr_low_support,aggregate_only,low_support,True,0.375,0.33783783783783783,0.0,0.0,72,74
passage_retrieval_en,3,4,stable_low_fpr,aggregate_only,low_support,True,0.0,0.0,0.0,0.0,83,84
passage_retrieval_en,3,5,stable_high_fnr_low_support,aggregate_only,low_support,True,0.375,0.3492063492063492,0.0,0.0,56,63
passage_retrieval_en,3,6,stable_high_fnr_low_support,aggregate_only,low_support,True,0.5,0.3968253968253968,0.0,0.0,68,63
passage_retrieval_en,3,7,unstable_across_hardware,aggregate_only,low_support,False,0.2,0.07246376811594203,0.0,0.037037037037037035,75,69
passage_retrieval_en,30,0,stable_high_fnr_low_support,aggregate_only,low_support,True,0.5238095238095238,0.4461538461538462,0.0,0.0,63,65
passage_retrieval_en,30,1,unstable_across_hardware,aggregate_only,low_support,False,0.07692307692307693,0.14814814814814814,0.0,0.0,78,81
passage_retrieval_en,30,2,stable_low_fpr,aggregate_only,low_support,True,0.16,0.1375,0.0,0.0,75,80
passage_retrieval_en,30,3,stable_high_fnr_low_support,aggregate_only,low_support,True,0.2903225806451613,0.30158730158730157,0.0,0.0,62,63
passage_retrieval_en,30,4,stable_low_fpr,aggregate_only,low_support,True,0.1282051282051282,0.14102564102564102,0.0,0.0,78,78
passage_retrieval_en,30,5,unstable_across_hardware,aggregate_only,low_support,False,0.23376623376623376,0.17567567567567569,0.0,0.0,77,74
passage_retrieval_en,30,6,stable_high_fnr_low_support,aggregate_only,low_support,True,0.3333333333333333,0.3142857142857143,0.0,0.0,78,70
passage_retrieval_en,30,7,stable_high_fnr_low_support,aggregate_only,low_support,True,0.4714285714285714,0.4393939393939394,0.0,0.0,70,66
passage_retrieval_en,31,0,stable_low_fpr,aggregate_only,low_support,True,0.19696969696969696,0.22972972972972974,0.0,0.0,66,74
passage_retrieval_en,31,1,stable_low_fpr,aggregate_only,low_support,True,0.023809523809523808,0.036585365853658534,0.0,0.0,84,82
passage_retrieval_en,31,2,stable_low_fpr,aggregate_only,low_support,True,0.06329113924050633,0.07692307692307693,0.0,0.0,79,78
passage_retrieval_en,31,3,stable_low_fpr,aggregate_only,low_support,True,0.0,0.0,0.0,0.0,84,84
passage_retrieval_en,31,4,stable_low_fpr,aggregate_only,low_support,True,0.15789473684210525,0.13924050632911392,0.0,0.0,76,79
passage_retrieval_en,31,5,unstable_across_hardware,aggregate_only,low_support,False,0.15,0.2328767123287671,0.0,0.0,80,73
passage_retrieval_en,31,6,stable_low_fpr,aggregate_only,low_support,True,0.05,0.0759493670886076,0.0,0.0,80,79
passage_retrieval_en,31,7,stable_low_fpr,aggregate_only,low_support,True,0.2153846153846154,0.16666666666666666,0.03225806451612903,0.03333333333333333,65,66
passage_retrieval_en,4,0,stable_high_fnr_low_support,aggregate_only,low_support,True,0.2535211267605634,0.3235294117647059,0.0,0.0,71,68
passage_retrieval_en,4,1,stable_high_fnr_low_support,aggregate_only,low_support,True,0.29850746268656714,0.36486486486486486,0.0,0.0,67,74
passage_retrieval_en,4,2,stable_low_fpr,aggregate_only,low_support,True,0.036585365853658534,0.024390243902439025,0.0,0.0,82,82
passage_retrieval_en,4,3,stable_low_fpr,aggregate_only,low_support,True,0.0,0.0,0.0,0.0,84,84
passage_retrieval_en,4,4,high_fp_risk,aggregate_only,low_support,False,0.1125,0.11392405063291139,0.0,0.058823529411764705,80,79
passage_retrieval_en,4,5,stable_high_fnr_low_support,aggregate_only,low_support,True,0.4090909090909091,0.22058823529411764,0.0,0.0,66,68
passage_retrieval_en,4,6,stable_low_fpr,aggregate_only,low_support,True,0.05952380952380952,0.060240963855421686,0.0,0.0,84,83
passage_retrieval_en,4,7,stable_high_fnr_low_support,aggregate_only,low_support,True,0.3287671232876712,0.2972972972972973,0.0,0.0,73,74
passage_retrieval_en,5,0,high_fp_risk,aggregate_only,low_support,False,0.10666666666666667,0.05063291139240506,0.0,0.058823529411764705,75,79
passage_retrieval_en,5,1,stable_low_fpr,aggregate_only,low_support,True,0.024096385542168676,0.037037037037037035,0.0,0.0,83,81
passage_retrieval_en,5,2,stable_low_fpr,aggregate_only,low_support,True,0.011904761904761904,0.04819277108433735,0.0,0.0,84,83
passage_retrieval_en,5,3,stable_low_fpr,aggregate_only,low_support,True,0.06097560975609756,0.06172839506172839,0.0,0.0,82,81
passage_retrieval_en,5,4,high_fp_risk,aggregate_only,low_support,False,0.18181818181818182,0.16,0.05263157894736842,0.047619047619047616,77,75
passage_retrieval_en,5,5,stable_high_fnr_low_support,aggregate_only,low_support,True,0.2191780821917808,0.3287671232876712,0.0,0.0,73,73
passage_retrieval_en,5,6,stable_low_fpr,aggregate_only,low_support,True,0.03571428571428571,0.08433734939759036,0.0,0.0,84,83
passage_retrieval_en,5,7,stable_low_fpr,aggregate_only,low_support,True,0.012048192771084338,0.04938271604938271,0.0,0.0,83,81
passage_retrieval_en,6,0,stable_high_fnr_low_support,aggregate_only,low_support,True,0.21621621621621623,0.25,0.0,0.0,74,72
passage_retrieval_en,6,1,stable_high_fnr_low_support,aggregate_only,low_support,True,0.36231884057971014,0.375,0.0,0.0,69,64
passage_retrieval_en,6,2,stable_low_fpr,aggregate_only,low_support,True,0.12903225806451613,0.16483516483516483,0.0,0.0,93,91
passage_retrieval_en,6,3,stable_low_fpr,aggregate_only,low_support,True,0.03614457831325301,0.03614457831325301,0.0,0.0,83,83
passage_retrieval_en,6,4,high_fp_risk,aggregate_only,low_support,False,0.07317073170731707,0.06329113924050633,0.0,0.058823529411764705,82,79
passage_retrieval_en,6,5,high_fp_risk,aggregate_only,low_support,False,0.23943661971830985,0.2465753424657534,0.08,0.043478260869565216,71,73
passage_retrieval_en,6,6,stable_low_fpr,aggregate_only,low_support,True,0.13043478260869565,0.14473684210526316,0.0,0.0,69,76
passage_retrieval_en,6,7,stable_high_fnr_low_support,aggregate_only,low_support,True,0.2857142857142857,0.3424657534246575,0.0,0.0,70,73
passage_retrieval_en,7,0,unstable_across_hardware,aggregate_only,low_support,False,0.0,0.06097560975609756,0.0,0.0,82,82
passage_retrieval_en,7,1,stable_low_fpr,aggregate_only,low_support,True,0.024691358024691357,0.04878048780487805,0.0,0.0,81,82
passage_retrieval_en,7,2,stable_low_fpr,aggregate_only,low_support,True,0.09090909090909091,0.08860759493670886,0.0,0.0,77,79
passage_retrieval_en,7,3,stable_low_fpr,aggregate_only,low_support,True,0.1891891891891892,0.1643835616438356,0.045454545454545456,0.0,74,73
passage_retrieval_en,7,4,stable_low_fpr,aggregate_only,low_support,True,0.05128205128205128,0.08536585365853659,0.0,0.0,78,82
passage_retrieval_en,7,5,stable_low_fpr,aggregate_only,low_support,True,0.04878048780487805,0.05,0.0,0.0,82,80
passage_retrieval_en,7,6,stable_low_fpr,aggregate_only,low_support,True,0.012048192771084338,0.03571428571428571,0.0,0.0,83,84
passage_retrieval_en,7,7,stable_low_fpr,aggregate_only,low_support,True,0.11688311688311688,0.11538461538461539,0.0,0.0,77,78
passage_retrieval_en,8,0,stable_low_fpr,aggregate_only,low_support,True,0.14102564102564102,0.11538461538461539,0.0,0.0,78,78
passage_retrieval_en,8,1,stable_low_fpr,aggregate_only,low_support,True,0.125,0.1506849315068493,0.0,0.0,72,73
passage_retrieval_en,8,2,stable_low_fpr,aggregate_only,low_support,True,0.11235955056179775,0.15730337078651685,0.0,0.0,89,89
passage_retrieval_en,8,3,stable_low_fpr,aggregate_only,low_support,True,0.07317073170731707,0.04878048780487805,0.0,0.0,82,82
passage_retrieval_en,8,4,stable_high_fnr_low_support,aggregate_only,low_support,True,0.3125,0.3253012048192771,0.0,0.0,80,83
passage_retrieval_en,8,5,stable_low_fpr,aggregate_only,low_support,True,0.0963855421686747,0.09302325581395349,0.0,0.0,83,86
passage_retrieval_en,8,6,stable_high_fnr_low_support,aggregate_only,low_support,True,0.38571428571428573,0.38461538461538464,0.0,0.0,70,65
passage_retrieval_en,8,7,stable_low_fpr,aggregate_only,low_support,True,0.10843373493975904,0.1,0.0,0.0,83,80
passage_retrieval_en,9,0,stable_low_fpr,aggregate_only,low_support,True,0.19540229885057472,0.2,0.0,0.0,87,90
passage_retrieval_en,9,1,stable_high_fnr_low_support,aggregate_only,low_support,True,0.5081967213114754,0.5,0.02857142857142857,0.0,61,66
passage_retrieval_en,9,2,stable_low_fpr,aggregate_only,low_support,True,0.056818181818181816,0.05747126436781609,0.0,0.0,88,87
passage_retrieval_en,9,3,stable_low_fpr,aggregate_only,low_support,True,0.1625,0.1282051282051282,0.0,0.0,80,78
passage_retrieval_en,9,4,stable_low_fpr,aggregate_only,low_support,True,0.0625,0.060240963855421686,0.0,0.0,80,83
passage_retrieval_en,9,5,high_fp_risk,aggregate_only,low_support,False,0.10526315789473684,0.18181818181818182,0.05,0.0,76,77
passage_retrieval_en,9,6,unstable_across_hardware,aggregate_only,low_support,False,0.07792207792207792,0.21333333333333335,0.0,0.0,77,75
passage_retrieval_en,9,7,stable_high_fnr_low_support,aggregate_only,low_support,True,0.2804878048780488,0.2558139534883721,0.0,0.0,82,86
passage_retrieval_zh,0,0,high_fp_risk,aggregate_only,low_support,False,0.1,0.10227272727272728,0.6666666666666666,0.625,90,88
passage_retrieval_zh,0,1,stable_high_fnr_low_support,aggregate_only,low_support,True,0.6885245901639344,0.5666666666666667,0.02857142857142857,0.027777777777777776,61,60
passage_retrieval_zh,0,2,stable_high_fnr_low_support,aggregate_only,low_support,True,0.2289156626506024,0.24675324675324675,0.0,0.0,83,77
passage_retrieval_zh,0,3,stable_high_fnr_low_support,aggregate_only,low_support,True,0.7169811320754716,0.576271186440678,0.0,0.0,53,59
passage_retrieval_zh,0,4,stable_high_fnr_low_support,aggregate_only,low_support,True,0.417910447761194,0.3939393939393939,0.0,0.0,67,66
passage_retrieval_zh,0,5,stable_low_fpr,aggregate_only,low_support,True,0.042105263157894736,0.042105263157894736,0.0,0.0,95,95
passage_retrieval_zh,0,6,stable_low_fpr,aggregate_only,low_support,True,0.08045977011494253,0.12087912087912088,0.0,0.0,87,91
passage_retrieval_zh,0,7,high_fp_risk,aggregate_only,low_support,False,0.0,0.0,0.0,0.09090909090909091,84,85
passage_retrieval_zh,1,0,stable_low_fpr,aggregate_only,low_support,True,0.08536585365853659,0.05128205128205128,0.0,0.0,82,78
passage_retrieval_zh,1,1,stable_high_fnr_low_support,aggregate_only,low_support,True,0.208955223880597,0.38461538461538464,0.0,0.0,67,65
passage_retrieval_zh,1,2,high_fp_risk,aggregate_only,low_support,False,0.024691358024691357,0.036585365853658534,0.06666666666666667,0.0,81,82
passage_retrieval_zh,1,3,stable_high_fnr_low_support,aggregate_only,low_support,True,0.35294117647058826,0.2753623188405797,0.0,0.0,68,69
passage_retrieval_zh,1,4,stable_low_fpr,aggregate_only,low_support,True,0.012195121951219513,0.012048192771084338,0.0,0.0,82,83
passage_retrieval_zh,1,5,high_fp_risk,aggregate_only,low_support,False,0.04938271604938271,0.06329113924050633,0.06666666666666667,0.11764705882352941,81,79
passage_retrieval_zh,1,6,unstable_across_hardware,aggregate_only,low_support,False,0.18421052631578946,0.125,0.0,0.0,76,72
passage_retrieval_zh,1,7,stable_high_fnr_low_support,aggregate_only,low_support,True,0.35714285714285715,0.2923076923076923,0.0,0.0,70,65
passage_retrieval_zh,10,0,stable_low_fpr,aggregate_only,low_support,True,0.060240963855421686,0.036585365853658534,0.0,0.0,83,82
passage_retrieval_zh,10,1,stable_low_fpr,aggregate_only,low_support,True,0.13333333333333333,0.18055555555555555,0.0,0.0,75,72
passage_retrieval_zh,10,2,high_fp_risk,aggregate_only,low_support,False,0.0759493670886076,0.12345679012345678,0.058823529411764705,0.0,79,81
passage_retrieval_zh,10,3,high_fp_risk,aggregate_only,low_support,False,0.08641975308641975,0.05063291139240506,0.0,0.058823529411764705,81,79
passage_retrieval_zh,10,4,stable_low_fpr,aggregate_only,low_support,True,0.1686746987951807,0.1951219512195122,0.0,0.0,83,82
passage_retrieval_zh,10,5,stable_high_fnr_low_support,aggregate_only,low_support,True,0.21951219512195122,0.2289156626506024,0.0,0.0,82,83
passage_retrieval_zh,10,6,high_fp_risk,aggregate_only,low_support,False,0.19230769230769232,0.1282051282051282,0.0,0.05555555555555555,78,78
passage_retrieval_zh,10,7,stable_low_fpr,aggregate_only,low_support,True,0.0,0.012048192771084338,0.0,0.0,84,83
passage_retrieval_zh,11,0,high_fp_risk,aggregate_only,low_support,False,0.10126582278481013,0.0875,0.058823529411764705,0.0,79,80
passage_retrieval_zh,11,1,stable_low_fpr,aggregate_only,low_support,True,0.05,0.08641975308641975,0.0,0.0,80,81
passage_retrieval_zh,11,2,high_fp_risk,aggregate_only,low_support,False,0.0125,0.0125,0.0625,0.0625,80,80
passage_retrieval_zh,11,3,high_fp_risk,aggregate_only,low_support,False,0.1643835616438356,0.08108108108108109,0.2608695652173913,0.22727272727272727,73,74
passage_retrieval_zh,11,4,high_fp_risk,aggregate_only,low_support,False,0.1276595744680851,0.12631578947368421,0.5,0.0,94,95
passage_retrieval_zh,11,5,high_fp_risk,aggregate_only,low_support,False,0.14666666666666667,0.10810810810810811,0.09523809523809523,0.045454545454545456,75,74
passage_retrieval_zh,11,6,high_fp_risk,aggregate_only,low_support,False,0.05128205128205128,0.025,0.4444444444444444,0.5625,78,80
passage_retrieval_zh,11,7,stable_low_fpr,aggregate_only,low_support,True,0.19736842105263158,0.2191780821917808,0.0,0.0,76,73
passage_retrieval_zh,12,0,stable_high_fnr_low_support,aggregate_only,low_support,True,0.2073170731707317,0.2073170731707317,0.0,0.0,82,82
passage_retrieval_zh,12,1,high_fp_risk,aggregate_only,low_support,False,0.2898550724637681,0.3142857142857143,0.2962962962962963,0.34615384615384615,69,70
passage_retrieval_zh,12,2,stable_high_fnr_low_support,aggregate_only,low_support,True,0.21428571428571427,0.20481927710843373,0.0,0.0,84,83
passage_retrieval_zh,12,3,stable_low_fpr,aggregate_only,low_support,True,0.056818181818181816,0.07777777777777778,0.0,0.0,88,90
passage_retrieval_zh,12,4,stable_low_fpr,aggregate_only,low_support,True,0.08641975308641975,0.05128205128205128,0.0,0.0,81,78
passage_retrieval_zh,12,5,stable_high_fnr_low_support,aggregate_only,low_support,True,0.34285714285714286,0.35294117647058826,0.0,0.0,70,68
passage_retrieval_zh,12,6,stable_high_fnr_low_support,aggregate_only,low_support,True,0.3103448275862069,0.3409090909090909,0.0,0.0,87,88
passage_retrieval_zh,12,7,stable_low_fpr,aggregate_only,low_support,True,0.09876543209876543,0.04878048780487805,0.0,0.0,81,82
passage_retrieval_zh,13,0,stable_low_fpr,aggregate_only,low_support,True,0.11235955056179775,0.1590909090909091,0.0,0.0,89,88
passage_retrieval_zh,13,1,stable_low_fpr,aggregate_only,low_support,True,0.1643835616438356,0.15,0.0,0.0,73,80
passage_retrieval_zh,13,2,stable_low_fpr,aggregate_only,low_support,True,0.09411764705882353,0.12222222222222222,0.0,0.0,85,90
passage_retrieval_zh,13,3,high_fp_risk,aggregate_only,low_support,False,0.28169014084507044,0.2894736842105263,0.04,0.05,71,76
passage_retrieval_zh,13,4,stable_low_fpr,aggregate_only,low_support,True,0.07692307692307693,0.09523809523809523,0.0,0.0,78,84
passage_retrieval_zh,13,5,stable_high_fnr_low_support,aggregate_only,low_support,True,0.3283582089552239,0.4444444444444444,0.0,0.0,67,63
passage_retrieval_zh,13,6,stable_low_fpr,aggregate_only,low_support,True,0.13580246913580246,0.11688311688311688,0.0,0.0,81,77
passage_retrieval_zh,13,7,stable_low_fpr,aggregate_only,low_support,True,0.13924050632911392,0.13924050632911392,0.0,0.0,79,79
passage_retrieval_zh,14,0,high_fp_risk,aggregate_only,low_support,False,0.2631578947368421,0.29333333333333333,0.05,0.047619047619047616,76,75
passage_retrieval_zh,14,1,high_fp_risk,aggregate_only,low_support,False,0.4,0.27941176470588236,0.07692307692307693,0.07142857142857142,70,68
passage_retrieval_zh,14,2,stable_low_fpr,aggregate_only,low_support,True,0.060240963855421686,0.024390243902439025,0.0,0.0,83,82
passage_retrieval_zh,14,3,high_fp_risk,aggregate_only,low_support,False,0.36486486486486486,0.2625,0.3181818181818182,0.25,74,80
passage_retrieval_zh,14,4,high_fp_risk,aggregate_only,low_support,False,0.025,0.012345679012345678,0.0625,0.06666666666666667,80,81
passage_retrieval_zh,14,5,unstable_across_hardware,aggregate_only,low_support,False,0.02531645569620253,0.125,0.0,0.0,79,80
passage_retrieval_zh,14,6,stable_low_fpr,aggregate_only,low_support,True,0.0641025641025641,0.09333333333333334,0.0,0.0,78,75
passage_retrieval_zh,14,7,stable_low_fpr,aggregate_only,low_support,True,0.125,0.10256410256410256,0.0,0.0,80,78
passage_retrieval_zh,15,0,stable_low_fpr,aggregate_only,low_support,True,0.13580246913580246,0.15,0.0,0.0,81,80
passage_retrieval_zh,15,1,stable_low_fpr,aggregate_only,low_support,True,0.12222222222222222,0.13793103448275862,0.0,0.0,90,87
passage_retrieval_zh,15,2,stable_high_fnr_low_support,aggregate_only,low_support,True,0.2857142857142857,0.25,0.0,0.0,70,68
passage_retrieval_zh,15,3,stable_high_fnr_low_support,aggregate_only,low_support,True,0.36363636363636365,0.4117647058823529,0.0,0.0,66,68
passage_retrieval_zh,15,4,stable_low_fpr,aggregate_only,low_support,True,0.1917808219178082,0.23376623376623376,0.0,0.0,73,77
passage_retrieval_zh,15,5,stable_low_fpr,aggregate_only,low_support,True,0.18309859154929578,0.2328767123287671,0.0,0.0,71,73
passage_retrieval_zh,15,6,high_fp_risk,aggregate_only,low_support,False,0.23943661971830985,0.391304347826087,0.48,0.4444444444444444,71,69
passage_retrieval_zh,15,7,stable_low_fpr,aggregate_only,low_support,True,0.0625,0.06172839506172839,0.0,0.0,80,81
passage_retrieval_zh,16,0,high_fp_risk,aggregate_only,low_support,False,0.19402985074626866,0.2835820895522388,0.06896551724137931,0.0,67,67
passage_retrieval_zh,16,1,high_fp_risk,aggregate_only,low_support,False,0.0125,0.036585365853658534,0.0625,0.0,80,82
passage_retrieval_zh,16,2,stable_high_fnr_low_support,aggregate_only,low_support,True,0.43283582089552236,0.4,0.0,0.03225806451612903,67,65
passage_retrieval_zh,16,3,stable_low_fpr,aggregate_only,low_support,True,0.0641025641025641,0.10714285714285714,0.0,0.0,78,84
passage_retrieval_zh,16,4,stable_low_fpr,aggregate_only,low_support,True,0.14102564102564102,0.13924050632911392,0.0,0.0,78,79
passage_retrieval_zh,16,5,high_fp_risk,aggregate_only,low_support,False,0.21052631578947367,0.21333333333333335,0.05,0.0,76,75
passage_retrieval_zh,16,6,high_fp_risk,aggregate_only,low_support,False,0.273972602739726,0.13157894736842105,0.043478260869565216,0.05,73,76
passage_retrieval_zh,16,7,stable_low_fpr,aggregate_only,low_support,True,0.04819277108433735,0.06097560975609756,0.0,0.0,83,82
passage_retrieval_zh,17,0,stable_high_fnr_low_support,aggregate_only,low_support,True,0.25,0.3333333333333333,0.0,0.037037037037037035,76,69
passage_retrieval_zh,17,1,stable_high_fnr_low_support,aggregate_only,low_support,True,0.26666666666666666,0.21621621621621623,0.0,0.0,75,74
passage_retrieval_zh,17,2,stable_low_fpr,aggregate_only,low_support,True,0.1125,0.10843373493975904,0.0,0.0,80,83
passage_retrieval_zh,17,3,stable_low_fpr,aggregate_only,low_support,True,0.04819277108433735,0.024691358024691357,0.0,0.0,83,81
passage_retrieval_zh,17,4,stable_low_fpr,aggregate_only,low_support,True,0.175,0.13333333333333333,0.0,0.0,80,75
passage_retrieval_zh,17,5,stable_high_fnr_low_support,aggregate_only,low_support,True,0.2878787878787879,0.35,0.0,0.0,66,60
passage_retrieval_zh,17,6,stable_high_fnr_low_support,aggregate_only,low_support,True,0.2222222222222222,0.2602739726027397,0.0,0.0,72,73
passage_retrieval_zh,17,7,stable_high_fnr_low_support,aggregate_only,low_support,True,0.24285714285714285,0.38666666666666666,0.0,0.0,70,75
passage_retrieval_zh,18,0,stable_low_fpr,aggregate_only,low_support,True,0.07692307692307693,0.08,0.0,0.047619047619047616,78,75
passage_retrieval_zh,18,1,stable_high_fnr_low_support,aggregate_only,low_support,True,0.24358974358974358,0.24324324324324326,0.0,0.0,78,74
passage_retrieval_zh,18,2,stable_low_fpr,aggregate_only,low_support,True,0.05128205128205128,0.036585365853658534,0.0,0.0,78,82
passage_retrieval_zh,18,3,stable_low_fpr,aggregate_only,low_support,True,0.06329113924050633,0.07407407407407407,0.0,0.0,79,81
passage_retrieval_zh,18,4,stable_high_fnr_low_support,aggregate_only,low_support,True,0.38571428571428573,0.27941176470588236,0.0,0.0,70,68
passage_retrieval_zh,18,5,stable_high_fnr_low_support,aggregate_only,low_support,True,0.29577464788732394,0.21621621621621623,0.0,0.0,71,74
passage_retrieval_zh,18,6,stable_low_fpr,aggregate_only,low_support,True,0.1282051282051282,0.12987012987012986,0.0,0.0,78,77
passage_retrieval_zh,18,7,stable_high_fnr_low_support,aggregate_only,low_support,True,0.2361111111111111,0.2535211267605634,0.0,0.0,72,71
passage_retrieval_zh,19,0,high_fp_risk,aggregate_only,low_support,False,0.19753086419753085,0.10256410256410256,0.0,0.05555555555555555,81,78
passage_retrieval_zh,19,1,stable_low_fpr,aggregate_only,low_support,True,0.1,0.125,0.0,0.0,80,80
passage_retrieval_zh,19,2,stable_low_fpr,aggregate_only,low_support,True,0.0875,0.125,0.0,0.0,80,80
passage_retrieval_zh,19,3,high_fp_risk,aggregate_only,low_support,False,0.18571428571428572,0.225,0.038461538461538464,0.0625,70,80
passage_retrieval_zh,19,4,unstable_across_hardware,aggregate_only,low_support,False,0.05063291139240506,0.1038961038961039,0.0,0.0,79,77
passage_retrieval_zh,19,5,stable_high_fnr_low_support,aggregate_only,low_support,True,0.27631578947368424,0.2236842105263158,0.0,0.0,76,76
passage_retrieval_zh,19,6,stable_high_fnr_low_support,aggregate_only,low_support,True,0.40625,0.4067796610169492,0.03125,0.0,64,59
passage_retrieval_zh,19,7,stable_low_fpr,aggregate_only,low_support,True,0.011904761904761904,0.012048192771084338,0.0,0.0,84,83
passage_retrieval_zh,2,0,high_fp_risk,aggregate_only,low_support,False,0.27692307692307694,0.2535211267605634,0.0,0.08,65,71
passage_retrieval_zh,2,1,stable_low_fpr,aggregate_only,low_support,True,0.075,0.06097560975609756,0.0,0.0,80,82
passage_retrieval_zh,2,2,stable_low_fpr,aggregate_only,low_support,True,0.14285714285714285,0.1038961038961039,0.0,0.0,77,77
passage_retrieval_zh,2,3,high_fp_risk,aggregate_only,low_support,False,0.0,0.0,0.0,0.07692307692307693,84,83
passage_retrieval_zh,2,4,stable_low_fpr,aggregate_only,low_support,True,0.2191780821917808,0.18666666666666668,0.0,0.0,73,75
passage_retrieval_zh,2,5,stable_low_fpr,aggregate_only,low_support,True,0.0,0.0,0.0,0.0,84,84
passage_retrieval_zh,2,6,high_fp_risk,aggregate_only,low_support,False,0.0,0.0,0.07692307692307693,0.0,83,84
passage_retrieval_zh,2,7,stable_low_fpr,aggregate_only,low_support,True,0.08536585365853659,0.08433734939759036,0.0,0.0,82,83
passage_retrieval_zh,20,0,stable_high_fnr_low_support,aggregate_only,low_support,True,0.35,0.5,0.0,0.0,60,66
passage_retrieval_zh,20,1,high_fp_risk,aggregate_only,low_support,False,0.15584415584415584,0.18181818181818182,0.0,0.05263157894736842,77,77
passage_retrieval_zh,20,2,stable_low_fpr,aggregate_only,low_support,True,0.12658227848101267,0.13924050632911392,0.0,0.0,79,79
passage_retrieval_zh,20,3,high_fp_risk,aggregate_only,low_support,False,0.189873417721519,0.11392405063291139,0.058823529411764705,0.058823529411764705,79,79
passage_retrieval_zh,20,4,stable_low_fpr,aggregate_only,low_support,True,0.011904761904761904,0.0,0.0,0.0,84,84
passage_retrieval_zh,20,5,unstable_across_hardware,aggregate_only,low_support,False,0.2,0.14864864864864866,0.0,0.045454545454545456,80,74
passage_retrieval_zh,20,6,high_fp_risk,aggregate_only,low_support,False,0.05063291139240506,0.1375,0.058823529411764705,0.0625,79,80
passage_retrieval_zh,20,7,unstable_across_hardware,aggregate_only,low_support,False,0.18421052631578946,0.25333333333333335,0.0,0.0,76,75
passage_retrieval_zh,21,0,stable_low_fpr,aggregate_only,low_support,True,0.18840579710144928,0.14084507042253522,0.0,0.0,69,71
passage_retrieval_zh,21,1,stable_low_fpr,aggregate_only,low_support,True,0.0,0.0,0.0,0.0,84,84
passage_retrieval_zh,21,2,stable_low_fpr,aggregate_only,low_support,True,0.0,0.037037037037037035,0.0,0.0,84,81
passage_retrieval_zh,21,3,stable_high_fnr_low_support,aggregate_only,low_support,True,0.323943661971831,0.23529411764705882,0.0,0.0,71,68
passage_retrieval_zh,21,4,stable_low_fpr,aggregate_only,low_support,True,0.024096385542168676,0.024096385542168676,0.0,0.0,83,83
passage_retrieval_zh,21,5,stable_high_fnr_low_support,aggregate_only,low_support,True,0.3611111111111111,0.2602739726027397,0.041666666666666664,0.0,72,73
passage_retrieval_zh,21,6,stable_high_fnr_low_support,aggregate_only,low_support,True,0.4166666666666667,0.38333333333333336,0.0,0.0,60,60
passage_retrieval_zh,21,7,stable_high_fnr_low_support,aggregate_only,low_support,True,0.45,0.45161290322580644,0.0,0.0,60,62
passage_retrieval_zh,22,0,stable_high_fnr_low_support,aggregate_only,low_support,True,0.4666666666666667,0.5254237288135594,0.0,0.0,60,59
passage_retrieval_zh,22,1,stable_low_fpr,aggregate_only,low_support,True,0.03571428571428571,0.011904761904761904,0.0,0.0,84,84
passage_retrieval_zh,22,2,stable_high_fnr_low_support,aggregate_only,low_support,True,0.21428571428571427,0.29333333333333333,0.038461538461538464,0.047619047619047616,70,75
passage_retrieval_zh,22,3,stable_high_fnr_low_support,aggregate_only,low_support,True,0.23943661971830985,0.2191780821917808,0.04,0.0,71,73
passage_retrieval_zh,22,4,stable_high_fnr_low_support,aggregate_only,low_support,True,0.20253164556962025,0.24324324324324326,0.0,0.045454545454545456,79,74
passage_retrieval_zh,22,5,unstable_across_hardware,aggregate_only,low_support,False,0.1891891891891892,0.32,0.0,0.0,74,75
passage_retrieval_zh,22,6,stable_high_fnr_low_support,aggregate_only,low_support,True,0.32857142857142857,0.22535211267605634,0.038461538461538464,0.04,70,71
passage_retrieval_zh,22,7,stable_high_fnr_low_support,aggregate_only,low_support,True,0.5344827586206896,0.582089552238806,0.02631578947368421,0.0,58,67
passage_retrieval_zh,23,0,stable_low_fpr,aggregate_only,low_support,True,0.0,0.0,0.0,0.0,84,82
passage_retrieval_zh,23,1,stable_high_fnr_low_support,aggregate_only,low_support,True,0.35714285714285715,0.328125,0.0,0.0,70,64
passage_retrieval_zh,23,2,stable_low_fpr,aggregate_only,low_support,True,0.06329113924050633,0.0975609756097561,0.0,0.0,79,82
passage_retrieval_zh,23,3,stable_high_fnr_low_support,aggregate_only,low_support,True,0.5522388059701493,0.4098360655737705,0.0,0.0,67,61
passage_retrieval_zh,23,4,stable_low_fpr,aggregate_only,low_support,True,0.11538461538461539,0.15384615384615385,0.0,0.0,78,78
passage_retrieval_zh,23,5,stable_high_fnr_low_support,aggregate_only,low_support,True,0.45614035087719296,0.5333333333333333,0.0,0.0,57,60
passage_retrieval_zh,23,6,stable_high_fnr_low_support,aggregate_only,low_support,True,0.45161290322580644,0.4305555555555556,0.029411764705882353,0.0,62,72
passage_retrieval_zh,23,7,stable_low_fpr,aggregate_only,low_support,True,0.012048192771084338,0.036585365853658534,0.0,0.0,83,82
passage_retrieval_zh,24,0,stable_low_fpr,aggregate_only,low_support,True,0.024096385542168676,0.0,0.0,0.0,83,82
passage_retrieval_zh,24,1,stable_low_fpr,aggregate_only,low_support,True,0.07317073170731707,0.06172839506172839,0.0,0.0,82,81
passage_retrieval_zh,24,2,unstable_across_hardware,aggregate_only,low_support,False,0.21518987341772153,0.12987012987012986,0.0,0.0,79,77
passage_retrieval_zh,24,3,stable_low_fpr,aggregate_only,low_support,True,0.07317073170731707,0.0625,0.0,0.0,82,80
passage_retrieval_zh,24,4,stable_high_fnr_low_support,aggregate_only,low_support,True,0.48484848484848486,0.5652173913043478,0.0,0.0,66,69
passage_retrieval_zh,24,5,stable_high_fnr_low_support,aggregate_only,low_support,True,0.47058823529411764,0.515625,0.0,0.0,68,64
passage_retrieval_zh,24,6,stable_low_fpr,aggregate_only,low_support,True,0.1917808219178082,0.16883116883116883,0.043478260869565216,0.0,73,77
passage_retrieval_zh,24,7,stable_low_fpr,aggregate_only,low_support,True,0.0,0.03614457831325301,0.0,0.0,83,83
passage_retrieval_zh,25,0,stable_low_fpr,aggregate_only,low_support,True,0.13580246913580246,0.1125,0.0,0.0,81,80
passage_retrieval_zh,25,1,stable_high_fnr_low_support,aggregate_only,low_support,True,0.423728813559322,0.48214285714285715,0.0,0.0,59,56
passage_retrieval_zh,25,2,unstable_across_hardware,aggregate_only,low_support,False,0.12345679012345678,0.060240963855421686,0.0,0.0,81,83
passage_retrieval_zh,25,3,stable_high_fnr_low_support,aggregate_only,low_support,True,0.5357142857142857,0.559322033898305,0.0,0.0,56,59
passage_retrieval_zh,25,4,unstable_across_hardware,aggregate_only,low_support,False,0.09210526315789473,0.15384615384615385,0.0,0.0,76,78
passage_retrieval_zh,25,5,stable_low_fpr,aggregate_only,low_support,True,0.0,0.011904761904761904,0.0,0.0,84,84
passage_retrieval_zh,25,6,unstable_across_hardware,aggregate_only,low_support,False,0.04878048780487805,0.11392405063291139,0.0,0.0,82,79
passage_retrieval_zh,25,7,stable_low_fpr,aggregate_only,low_support,True,0.0641025641025641,0.024691358024691357,0.0,0.0,78,81
passage_retrieval_zh,26,0,stable_low_fpr,aggregate_only,low_support,True,0.0,0.023809523809523808,0.0,0.0,84,84
passage_retrieval_zh,26,1,stable_low_fpr,aggregate_only,low_support,True,0.07317073170731707,0.05,0.0,0.0,82,80
passage_retrieval_zh,26,2,stable_low_fpr,aggregate_only,low_support,True,0.024691358024691357,0.024096385542168676,0.0,0.0,81,83
passage_retrieval_zh,26,3,stable_low_fpr,aggregate_only,low_support,True,0.1891891891891892,0.1794871794871795,0.0,0.0,74,78
passage_retrieval_zh,26,4,unstable_across_hardware,aggregate_only,low_support,False,0.2465753424657534,0.1232876712328767,0.0,0.0,73,73
passage_retrieval_zh,26,5,stable_high_fnr_low_support,aggregate_only,low_support,True,0.21428571428571427,0.30666666666666664,0.0,0.0,70,75
passage_retrieval_zh,26,6,stable_high_fnr_low_support,aggregate_only,low_support,True,0.32,0.3291139240506329,0.0,0.0,75,79
passage_retrieval_zh,26,7,stable_high_fnr_low_support,aggregate_only,low_support,True,0.5,0.4305555555555556,0.0,0.0,64,72
passage_retrieval_zh,27,0,stable_high_fnr_low_support,aggregate_only,low_support,True,0.3972602739726027,0.29577464788732394,0.0,0.04,73,71
passage_retrieval_zh,27,1,stable_high_fnr_low_support,aggregate_only,low_support,True,0.5263157894736842,0.39344262295081966,0.0,0.0,57,61
passage_retrieval_zh,27,2,stable_low_fpr,aggregate_only,low_support,True,0.04938271604938271,0.07228915662650602,0.0,0.0,81,83
passage_retrieval_zh,27,3,stable_low_fpr,aggregate_only,low_support,True,0.060240963855421686,0.04819277108433735,0.0,0.0,83,83
passage_retrieval_zh,27,4,unstable_across_hardware,aggregate_only,low_support,False,0.08108108108108109,0.14864864864864866,0.0,0.0,74,74
passage_retrieval_zh,27,5,stable_high_fnr_low_support,aggregate_only,low_support,True,0.4264705882352941,0.47761194029850745,0.0,0.0,68,67
passage_retrieval_zh,27,6,unstable_across_hardware,aggregate_only,low_support,False,0.1,0.20512820512820512,0.0,0.0,70,78
passage_retrieval_zh,27,7,stable_low_fpr,aggregate_only,low_support,True,0.0,0.0,0.0,0.0,84,84
passage_retrieval_zh,28,0,stable_high_fnr_low_support,aggregate_only,low_support,True,0.25,0.3076923076923077,0.0,0.0,76,65
passage_retrieval_zh,28,1,high_fp_risk,aggregate_only,low_support,False,0.11392405063291139,0.04819277108433735,0.058823529411764705,0.0,79,83
passage_retrieval_zh,28,2,stable_low_fpr,aggregate_only,low_support,True,0.14285714285714285,0.14666666666666667,0.0,0.0,77,75
passage_retrieval_zh,28,3,stable_high_fnr_low_support,aggregate_only,low_support,True,0.410958904109589,0.2753623188405797,0.0,0.0,73,69
passage_retrieval_zh,28,4,unstable_across_hardware,aggregate_only,low_support,False,0.17105263157894737,0.25,0.0,0.0,76,72
passage_retrieval_zh,28,5,stable_high_fnr_low_support,aggregate_only,low_support,True,0.3287671232876712,0.3142857142857143,0.0,0.0,73,70
passage_retrieval_zh,28,6,unstable_across_hardware,aggregate_only,low_support,False,0.17073170731707318,0.1125,0.0,0.0,82,80
passage_retrieval_zh,28,7,stable_high_fnr_low_support,aggregate_only,low_support,True,0.2112676056338028,0.24675324675324675,0.0,0.0,71,77
passage_retrieval_zh,29,0,high_fp_risk,aggregate_only,low_support,False,0.2,0.19230769230769232,0.0,0.1111111111111111,75,78
passage_retrieval_zh,29,1,stable_low_fpr,aggregate_only,low_support,True,0.024096385542168676,0.024096385542168676,0.0,0.0,83,83
passage_retrieval_zh,29,2,stable_high_fnr_low_support,aggregate_only,low_support,True,0.273972602739726,0.20253164556962025,0.0,0.0,73,79
passage_retrieval_zh,29,3,unstable_across_hardware,aggregate_only,low_support,False,0.0875,0.16049382716049382,0.0,0.0,80,81
passage_retrieval_zh,29,4,stable_low_fpr,aggregate_only,low_support,True,0.0,0.012195121951219513,0.0,0.0,83,82
passage_retrieval_zh,29,5,unstable_across_hardware,aggregate_only,low_support,False,0.11688311688311688,0.18181818181818182,0.0,0.0,77,77
passage_retrieval_zh,29,6,stable_low_fpr,aggregate_only,low_support,True,0.0,0.0,0.0,0.0,84,84
passage_retrieval_zh,29,7,stable_low_fpr,aggregate_only,low_support,True,0.11842105263157894,0.1095890410958904,0.0,0.0,76,73
passage_retrieval_zh,3,0,stable_high_fnr_low_support,aggregate_only,low_support,True,0.46875,0.42028985507246375,0.0,0.0,64,69
passage_retrieval_zh,3,1,stable_low_fpr,aggregate_only,low_support,True,0.0,0.0,0.0,0.0,84,84
passage_retrieval_zh,3,2,high_fp_risk,aggregate_only,low_support,False,0.2631578947368421,0.3125,0.05,0.0,76,80
passage_retrieval_zh,3,3,stable_high_fnr_low_support,aggregate_only,low_support,True,0.38028169014084506,0.3611111111111111,0.0,0.0,71,72
passage_retrieval_zh,3,4,stable_low_fpr,aggregate_only,low_support,True,0.012048192771084338,0.011904761904761904,0.0,0.0,83,84
passage_retrieval_zh,3,5,stable_high_fnr_low_support,aggregate_only,low_support,True,0.375,0.4142857142857143,0.0,0.0,72,70
passage_retrieval_zh,3,6,stable_high_fnr_low_support,aggregate_only,low_support,True,0.4098360655737705,0.5166666666666667,0.0,0.0,61,60
passage_retrieval_zh,3,7,stable_low_fpr,aggregate_only,low_support,True,0.06493506493506493,0.09210526315789473,0.0,0.0,77,76
passage_retrieval_zh,30,0,stable_high_fnr_low_support,aggregate_only,low_support,True,0.3835616438356164,0.4444444444444444,0.0,0.0,73,72
passage_retrieval_zh,30,1,stable_low_fpr,aggregate_only,low_support,True,0.0975609756097561,0.04819277108433735,0.0,0.0,82,83
passage_retrieval_zh,30,2,stable_low_fpr,aggregate_only,low_support,True,0.08641975308641975,0.10666666666666667,0.0,0.0,81,75
passage_retrieval_zh,30,3,stable_high_fnr_low_support,aggregate_only,low_support,True,0.29411764705882354,0.3384615384615385,0.0,0.0,68,65
passage_retrieval_zh,30,4,stable_low_fpr,aggregate_only,low_support,True,0.04938271604938271,0.08536585365853659,0.0,0.0,81,82
passage_retrieval_zh,30,5,stable_low_fpr,aggregate_only,low_support,True,0.03614457831325301,0.023809523809523808,0.0,0.0,83,84
passage_retrieval_zh,30,6,stable_high_fnr_low_support,aggregate_only,low_support,True,0.3188405797101449,0.3939393939393939,0.0,0.0,69,66
passage_retrieval_zh,30,7,stable_high_fnr_low_support,aggregate_only,low_support,True,0.4032258064516129,0.42028985507246375,0.029411764705882353,0.0,62,69
passage_retrieval_zh,31,0,stable_high_fnr_low_support,aggregate_only,low_support,True,0.22784810126582278,0.2191780821917808,0.0,0.0,79,73
passage_retrieval_zh,31,1,stable_low_fpr,aggregate_only,low_support,True,0.0,0.011904761904761904,0.0,0.0,84,84
passage_retrieval_zh,31,2,stable_low_fpr,aggregate_only,low_support,True,0.024691358024691357,0.024691358024691357,0.0,0.0,81,81
passage_retrieval_zh,31,3,stable_low_fpr,aggregate_only,low_support,True,0.0,0.023809523809523808,0.0,0.0,84,84
passage_retrieval_zh,31,4,high_fp_risk,aggregate_only,low_support,False,0.039473684210526314,0.06493506493506493,0.05,0.0,76,77
passage_retrieval_zh,31,5,stable_high_fnr_low_support,aggregate_only,low_support,True,0.4142857142857143,0.4714285714285714,0.0,0.0,70,70
passage_retrieval_zh,31,6,stable_low_fpr,aggregate_only,low_support,True,0.075,0.0875,0.0,0.0,80,80
passage_retrieval_zh,31,7,high_fp_risk,aggregate_only,low_support,False,0.2727272727272727,0.2876712328767123,0.05263157894736842,0.0,77,73
passage_retrieval_zh,4,0,stable_low_fpr,aggregate_only,low_support,True,0.17105263157894737,0.2077922077922078,0.0,0.0,76,77
passage_retrieval_zh,4,1,stable_high_fnr_low_support,aggregate_only,low_support,True,0.32857142857142857,0.3157894736842105,0.0,0.0,70,76
passage_retrieval_zh,4,2,stable_low_fpr,aggregate_only,low_support,True,0.023809523809523808,0.0,0.0,0.0,84,84
passage_retrieval_zh,4,3,stable_low_fpr,aggregate_only,low_support,True,0.024390243902439025,0.012048192771084338,0.0,0.0,82,83
passage_retrieval_zh,4,4,high_fp_risk,aggregate_only,low_support,False,0.024390243902439025,0.06097560975609756,0.07142857142857142,0.0,82,82
passage_retrieval_zh,4,5,stable_high_fnr_low_support,aggregate_only,low_support,True,0.4461538461538462,0.3728813559322034,0.0,0.0,65,59
passage_retrieval_zh,4,6,unstable_across_hardware,aggregate_only,low_support,False,0.012195121951219513,0.07317073170731707,0.0,0.0,82,82
passage_retrieval_zh,4,7,stable_high_fnr_low_support,aggregate_only,low_support,True,0.417910447761194,0.36363636363636365,0.0,0.0,67,66
passage_retrieval_zh,5,0,unstable_across_hardware,aggregate_only,low_support,False,0.024691358024691357,0.11538461538461539,0.0,0.0,81,78
passage_retrieval_zh,5,1,stable_low_fpr,aggregate_only,low_support,True,0.024096385542168676,0.011904761904761904,0.0,0.0,83,84
passage_retrieval_zh,5,2,stable_low_fpr,aggregate_only,low_support,True,0.0,0.03571428571428571,0.0,0.0,84,84
passage_retrieval_zh,5,3,stable_low_fpr,aggregate_only,low_support,True,0.0,0.04819277108433735,0.0,0.0,83,83
passage_retrieval_zh,5,4,unstable_across_hardware,aggregate_only,low_support,False,0.0759493670886076,0.14814814814814814,0.0,0.0,79,81
passage_retrieval_zh,5,5,stable_low_fpr,aggregate_only,low_support,True,0.19444444444444445,0.17333333333333334,0.041666666666666664,0.047619047619047616,72,75
passage_retrieval_zh,5,6,unstable_across_hardware,aggregate_only,low_support,False,0.0759493670886076,0.13580246913580246,0.0,0.0,79,81
passage_retrieval_zh,5,7,stable_low_fpr,aggregate_only,low_support,True,0.024691358024691357,0.012345679012345678,0.0,0.0,81,81
passage_retrieval_zh,6,0,stable_high_fnr_low_support,aggregate_only,low_support,True,0.2597402597402597,0.32894736842105265,0.0,0.0,77,76
passage_retrieval_zh,6,1,stable_high_fnr_low_support,aggregate_only,low_support,True,0.38666666666666666,0.4375,0.0,0.03125,75,64
passage_retrieval_zh,6,2,high_fp_risk,aggregate_only,low_support,False,0.060240963855421686,0.07142857142857142,0.07692307692307693,0.0,83,84
passage_retrieval_zh,6,3,high_fp_risk,aggregate_only,low_support,False,0.012195121951219513,0.012345679012345678,0.0,0.06666666666666667,82,81
passage_retrieval_zh,6,4,stable_low_fpr,aggregate_only,low_support,True,0.03614457831325301,0.04819277108433735,0.0,0.0,83,83
passage_retrieval_zh,6,5,unstable_across_hardware,aggregate_only,low_support,False,0.15714285714285714,0.21333333333333335,0.038461538461538464,0.047619047619047616,70,75
passage_retrieval_zh,6,6,unstable_across_hardware,aggregate_only,low_support,False,0.1927710843373494,0.125,0.0,0.0,83,80
passage_retrieval_zh,6,7,high_fp_risk,aggregate_only,low_support,False,0.33783783783783783,0.2911392405063291,0.045454545454545456,0.058823529411764705,74,79
passage_retrieval_zh,7,0,stable_low_fpr,aggregate_only,low_support,True,0.03571428571428571,0.07142857142857142,0.0,0.0,84,84
passage_retrieval_zh,7,1,stable_low_fpr,aggregate_only,low_support,True,0.06976744186046512,0.046511627906976744,0.0,0.0,86,86
passage_retrieval_zh,7,2,stable_low_fpr,aggregate_only,low_support,True,0.09090909090909091,0.0945945945945946,0.0,0.0,77,74
passage_retrieval_zh,7,3,stable_low_fpr,aggregate_only,low_support,True,0.17567567567567569,0.20270270270270271,0.0,0.0,74,74
passage_retrieval_zh,7,4,stable_low_fpr,aggregate_only,low_support,True,0.09090909090909091,0.075,0.0,0.0,77,80
passage_retrieval_zh,7,5,stable_low_fpr,aggregate_only,low_support,True,0.04878048780487805,0.03614457831325301,0.0,0.0,82,83
passage_retrieval_zh,7,6,stable_low_fpr,aggregate_only,low_support,True,0.012345679012345678,0.0,0.0,0.0,81,81
passage_retrieval_zh,7,7,stable_low_fpr,aggregate_only,low_support,True,0.16883116883116883,0.21621621621621623,0.0,0.0,77,74
passage_retrieval_zh,8,0,stable_low_fpr,aggregate_only,low_support,True,0.10526315789473684,0.12,0.0,0.0,76,75
passage_retrieval_zh,8,1,stable_low_fpr,aggregate_only,low_support,True,0.17333333333333334,0.15584415584415584,0.0,0.0,75,77
passage_retrieval_zh,8,2,unstable_across_hardware,aggregate_only,low_support,False,0.0975609756097561,0.16091954022988506,0.0,0.0,82,87
passage_retrieval_zh,8,3,stable_low_fpr,aggregate_only,low_support,True,0.08433734939759036,0.060240963855421686,0.0,0.0,83,83
passage_retrieval_zh,8,4,stable_high_fnr_low_support,aggregate_only,low_support,True,0.3125,0.2891566265060241,0.0,0.0,80,83
passage_retrieval_zh,8,5,stable_low_fpr,aggregate_only,low_support,True,0.09090909090909091,0.04819277108433735,0.0,0.0,88,83
passage_retrieval_zh,8,6,stable_high_fnr_low_support,aggregate_only,low_support,True,0.4461538461538462,0.44285714285714284,0.0,0.0,65,70
passage_retrieval_zh,8,7,high_fp_risk,aggregate_only,low_support,False,0.14285714285714285,0.12048192771084337,0.08333333333333333,0.07692307692307693,84,83
passage_retrieval_zh,9,0,stable_low_fpr,aggregate_only,low_support,True,0.14772727272727273,0.1590909090909091,0.0,0.0,88,88
passage_retrieval_zh,9,1,stable_high_fnr_low_support,aggregate_only,low_support,True,0.4507042253521127,0.3835616438356164,0.0,0.0,71,73
passage_retrieval_zh,9,2,stable_low_fpr,aggregate_only,low_support,True,0.023809523809523808,0.011764705882352941,0.0,0.0,84,85
passage_retrieval_zh,9,3,stable_low_fpr,aggregate_only,low_support,True,0.15384615384615385,0.19230769230769232,0.0,0.0,78,78
passage_retrieval_zh,9,4,stable_low_fpr,aggregate_only,low_support,True,0.0975609756097561,0.08860759493670886,0.0,0.0,82,79
passage_retrieval_zh,9,5,stable_low_fpr,aggregate_only,low_support,True,0.1891891891891892,0.2054794520547945,0.0,0.043478260869565216,74,73
passage_retrieval_zh,9,6,unstable_across_hardware,aggregate_only,low_support,False,0.2361111111111111,0.18055555555555555,0.0,0.0,72,72
passage_retrieval_zh,9,7,high_fp_risk,aggregate_only,low_support,False,0.2857142857142857,0.3924050632911392,0.0,0.058823529411764705,77,79
samsum,0,0,high_fp_risk,aggregate_only,low_support,False,0.08450704225352113,0.03896103896103896,0.08,0.0,71,77
samsum,0,1,high_fp_risk,aggregate_only,low_support,False,0.4430379746835443,0.4057971014492754,0.058823529411764705,0.037037037037037035,79,69
samsum,0,2,stable_high_fnr_low_support,aggregate_only,low_support,True,0.2571428571428571,0.29850746268656714,0.038461538461538464,0.034482758620689655,70,67
samsum,0,3,high_fp_risk,aggregate_only,low_support,False,0.2727272727272727,0.29850746268656714,0.06666666666666667,0.034482758620689655,66,67
samsum,0,4,stable_high_fnr_low_support,aggregate_only,low_support,True,0.2,0.2459016393442623,0.0,0.0,60,61
samsum,0,5,high_fp_risk,aggregate_only,low_support,False,0.0,0.0,1.0,1.0,94,94
samsum,0,6,stable_low_fpr,aggregate_only,low_support,True,0.09195402298850575,0.056818181818181816,0.0,0.0,87,88
samsum,0,7,stable_low_fpr,aggregate_only,low_support,True,0.0,0.0,0.0,0.0,85,87
samsum,1,0,stable_low_fpr,aggregate_only,low_support,True,0.0375,0.037037037037037035,0.0,0.0,80,81
samsum,1,1,stable_high_fnr_low_support,aggregate_only,low_support,True,0.24285714285714285,0.2112676056338028,0.0,0.0,70,71
samsum,1,2,high_fp_risk,aggregate_only,low_support,False,0.012195121951219513,0.024096385542168676,0.07142857142857142,0.0,82,83
samsum,1,3,stable_high_fnr_low_support,aggregate_only,low_support,True,0.35294117647058826,0.43661971830985913,0.0,0.0,68,71
samsum,1,4,stable_low_fpr,aggregate_only,low_support,True,0.036585365853658534,0.036585365853658534,0.0,0.0,82,82
samsum,1,5,high_fp_risk,aggregate_only,low_support,False,0.05063291139240506,0.02564102564102564,0.17647058823529413,0.16666666666666666,79,78
samsum,1,6,high_fp_risk,aggregate_only,low_support,False,0.16455696202531644,0.125,0.0,0.0625,79,80
samsum,1,7,stable_low_fpr,aggregate_only,low_support,True,0.16417910447761194,0.17333333333333334,0.0,0.0,67,75
samsum,10,0,high_fp_risk,aggregate_only,low_support,False,0.0,0.0375,0.0,0.0625,82,80
samsum,10,1,stable_low_fpr,aggregate_only,low_support,True,0.15584415584415584,0.1282051282051282,0.0,0.0,77,78
samsum,10,2,unstable_across_hardware,aggregate_only,low_support,False,0.05128205128205128,0.10843373493975904,0.0,0.0,78,83
samsum,10,3,stable_low_fpr,aggregate_only,low_support,True,0.0625,0.05128205128205128,0.0,0.0,80,78
samsum,10,4,stable_low_fpr,aggregate_only,low_support,True,0.21052631578947367,0.16666666666666666,0.0,0.0,76,78
samsum,10,5,high_fp_risk,aggregate_only,low_support,False,0.16455696202531644,0.18518518518518517,0.0,0.06666666666666667,79,81
samsum,10,6,stable_low_fpr,aggregate_only,low_support,True,0.075,0.1111111111111111,0.0,0.0,80,81
samsum,10,7,stable_low_fpr,aggregate_only,low_support,True,0.0,0.0,0.0,0.0,84,84
samsum,11,0,stable_low_fpr,aggregate_only,low_support,True,0.05128205128205128,0.05263157894736842,0.0,0.0,78,76
samsum,11,1,stable_low_fpr,aggregate_only,low_support,True,0.13333333333333333,0.12987012987012986,0.0,0.0,75,77
samsum,11,2,stable_low_fpr,aggregate_only,low_support,True,0.024096385542168676,0.04819277108433735,0.0,0.0,83,83
samsum,11,3,high_fp_risk,aggregate_only,low_support,False,0.10666666666666667,0.09090909090909091,0.19047619047619047,0.10526315789473684,75,77
samsum,11,4,stable_low_fpr,aggregate_only,low_support,True,0.03529411764705882,0.03529411764705882,0.0,0.0,85,85
samsum,11,5,high_fp_risk,aggregate_only,low_support,False,0.14473684210526316,0.14102564102564102,0.05,0.1111111111111111,76,78
samsum,11,6,high_fp_risk,aggregate_only,low_support,False,0.05194805194805195,0.05,0.3684210526315789,0.4375,77,80
samsum,11,7,stable_low_fpr,aggregate_only,low_support,True,0.13333333333333333,0.15492957746478872,0.0,0.0,75,71
samsum,12,0,stable_high_fnr_low_support,aggregate_only,low_support,True,0.27058823529411763,0.26436781609195403,0.0,0.0,85,87
samsum,12,1,high_fp_risk,aggregate_only,low_support,False,0.3116883116883117,0.2857142857142857,0.05263157894736842,0.07692307692307693,77,70
samsum,12,2,high_fp_risk,aggregate_only,low_support,False,0.26436781609195403,0.2235294117647059,0.1111111111111111,0.09090909090909091,87,85
samsum,12,3,stable_low_fpr,aggregate_only,low_support,True,0.0,0.0,0.0,0.0,84,83
samsum,12,4,stable_low_fpr,aggregate_only,low_support,True,0.04878048780487805,0.07317073170731707,0.0,0.0,82,82
samsum,12,5,high_fp_risk,aggregate_only,low_support,False,0.19736842105263158,0.21794871794871795,0.1,0.0,76,78
samsum,12,6,stable_high_fnr_low_support,aggregate_only,low_support,True,0.26136363636363635,0.225,0.0,0.0,88,80
samsum,12,7,stable_low_fpr,aggregate_only,low_support,True,0.012048192771084338,0.03614457831325301,0.0,0.0,83,83
samsum,13,0,stable_low_fpr,aggregate_only,low_support,True,0.13636363636363635,0.09302325581395349,0.0,0.0,88,86
samsum,13,1,unstable_across_hardware,aggregate_only,low_support,False,0.1111111111111111,0.17105263157894737,0.0,0.0,72,76
samsum,13,2,stable_high_fnr_low_support,aggregate_only,low_support,True,0.22093023255813954,0.25,0.0,0.0,86,84
samsum,13,3,stable_high_fnr_low_support,aggregate_only,low_support,True,0.29577464788732394,0.2328767123287671,0.04,0.0,71,73
samsum,13,4,stable_low_fpr,aggregate_only,low_support,True,0.10126582278481013,0.10126582278481013,0.0,0.0,79,79
samsum,13,5,stable_high_fnr_low_support,aggregate_only,low_support,True,0.3972602739726027,0.4393939393939394,0.0,0.0,73,66
samsum,13,6,stable_low_fpr,aggregate_only,low_support,True,0.1527777777777778,0.1917808219178082,0.041666666666666664,0.0,72,73
samsum,13,7,unstable_across_hardware,aggregate_only,low_support,False,0.060240963855421686,0.1125,0.0,0.0,83,80
samsum,14,0,stable_high_fnr_low_support,aggregate_only,low_support,True,0.22727272727272727,0.22727272727272727,0.0,0.0,66,66
samsum,14,1,stable_high_fnr_low_support,aggregate_only,low_support,True,0.27941176470588236,0.31343283582089554,0.03571428571428571,0.034482758620689655,68,67
samsum,14,2,stable_low_fpr,aggregate_only,low_support,True,0.0,0.024096385542168676,0.0,0.0,83,83
samsum,14,3,stable_high_fnr_low_support,aggregate_only,low_support,True,0.2028985507246377,0.20270270270270271,0.037037037037037035,0.0,69,74
samsum,14,4,stable_low_fpr,aggregate_only,low_support,True,0.024390243902439025,0.036585365853658534,0.0,0.0,82,82
samsum,14,5,high_fp_risk,aggregate_only,low_support,False,0.12345679012345678,0.06493506493506493,0.0,0.05263157894736842,81,77
samsum,14,6,stable_low_fpr,aggregate_only,low_support,True,0.09090909090909091,0.10666666666666667,0.0,0.0,77,75
samsum,14,7,high_fp_risk,aggregate_only,low_support,False,0.13580246913580246,0.09876543209876543,0.0,0.06666666666666667,81,81
samsum,15,0,stable_low_fpr,aggregate_only,low_support,True,0.19230769230769232,0.16216216216216217,0.0,0.0,78,74
samsum,15,1,stable_low_fpr,aggregate_only,low_support,True,0.15217391304347827,0.17582417582417584,0.0,0.0,92,91
samsum,15,2,stable_high_fnr_low_support,aggregate_only,low_support,True,0.21052631578947367,0.36,0.0,0.0,76,75
samsum,15,3,stable_high_fnr_low_support,aggregate_only,low_support,True,0.3484848484848485,0.3472222222222222,0.0,0.0,66,72
samsum,15,4,stable_low_fpr,aggregate_only,low_support,True,0.2125,0.19230769230769232,0.0,0.0,80,78
samsum,15,5,unstable_across_hardware,aggregate_only,low_support,False,0.1780821917808219,0.2465753424657534,0.0,0.0,73,73
samsum,15,6,high_fp_risk,aggregate_only,low_support,False,0.21621621621621623,0.2916666666666667,0.5909090909090909,0.5,74,72
samsum,15,7,stable_low_fpr,aggregate_only,low_support,True,0.075,0.075,0.0,0.0,80,80
samsum,16,0,high_fp_risk,aggregate_only,low_support,False,0.14473684210526316,0.16666666666666666,0.05,0.041666666666666664,76,72
samsum,16,1,stable_low_fpr,aggregate_only,low_support,True,0.04819277108433735,0.0,0.0,0.0,83,83
samsum,16,2,stable_high_fnr_low_support,aggregate_only,low_support,True,0.30985915492957744,0.2727272727272727,0.04,0.0,71,66
samsum,16,3,stable_low_fpr,aggregate_only,low_support,True,0.012195121951219513,0.012048192771084338,0.0,0.0,82,83
samsum,16,4,stable_low_fpr,aggregate_only,low_support,True,0.1917808219178082,0.17105263157894737,0.0,0.0,73,76
samsum,16,5,stable_low_fpr,aggregate_only,low_support,True,0.1038961038961039,0.14473684210526316,0.0,0.0,77,76
samsum,16,6,unstable_across_hardware,aggregate_only,low_support,False,0.0821917808219178,0.1388888888888889,0.0,0.0,73,72
samsum,16,7,stable_low_fpr,aggregate_only,low_support,True,0.02564102564102564,0.036585365853658534,0.0,0.0,78,82
samsum,17,0,stable_low_fpr,aggregate_only,low_support,True,0.15492957746478872,0.13333333333333333,0.04,0.0,71,75
samsum,17,1,stable_high_fnr_low_support,aggregate_only,low_support,True,0.22666666666666666,0.2054794520547945,0.0,0.0,75,73
samsum,17,2,stable_low_fpr,aggregate_only,low_support,True,0.08974358974358974,0.07792207792207792,0.0,0.0,78,77
samsum,17,3,high_fp_risk,aggregate_only,low_support,False,0.0625,0.07317073170731707,0.0625,0.0,80,82
samsum,17,4,stable_high_fnr_low_support,aggregate_only,low_support,True,0.21052631578947367,0.2318840579710145,0.0,0.0,76,69
samsum,17,5,stable_high_fnr_low_support,aggregate_only,low_support,True,0.35064935064935066,0.3013698630136986,0.0,0.0,77,73
samsum,17,6,stable_high_fnr_low_support,aggregate_only,low_support,True,0.2463768115942029,0.24,0.0,0.0,69,75
samsum,17,7,stable_high_fnr_low_support,aggregate_only,low_support,True,0.2,0.2857142857142857,0.0,0.0,70,70
samsum,18,0,stable_low_fpr,aggregate_only,low_support,True,0.17073170731707318,0.1282051282051282,0.0,0.0,82,78
samsum,18,1,stable_low_fpr,aggregate_only,low_support,True,0.125,0.12195121951219512,0.0,0.0,80,82
samsum,18,2,stable_low_fpr,aggregate_only,low_support,True,0.08108108108108109,0.08536585365853659,0.0,0.0,74,82
samsum,18,3,stable_low_fpr,aggregate_only,low_support,True,0.0875,0.07407407407407407,0.0,0.0,80,81
samsum,18,4,stable_high_fnr_low_support,aggregate_only,low_support,True,0.3287671232876712,0.28378378378378377,0.0,0.0,73,74
samsum,18,5,unstable_across_hardware,aggregate_only,low_support,False,0.17105263157894737,0.26666666666666666,0.0,0.0,76,75
samsum,18,6,high_fp_risk,aggregate_only,low_support,False,0.12987012987012986,0.1111111111111111,0.10526315789473684,0.041666666666666664,77,72
samsum,18,7,stable_low_fpr,aggregate_only,low_support,True,0.12987012987012986,0.14864864864864866,0.0,0.0,77,74
samsum,19,0,stable_low_fpr,aggregate_only,low_support,True,0.14102564102564102,0.1,0.0,0.0,78,80
samsum,19,1,stable_low_fpr,aggregate_only,low_support,True,0.1095890410958904,0.15384615384615385,0.043478260869565216,0.0,73,78
samsum,19,2,stable_low_fpr,aggregate_only,low_support,True,0.04,0.08974358974358974,0.047619047619047616,0.0,75,78
samsum,19,3,unstable_across_hardware,aggregate_only,low_support,False,0.21621621621621623,0.13513513513513514,0.0,0.0,74,74
samsum,19,4,stable_high_fnr_low_support,aggregate_only,low_support,True,0.2222222222222222,0.273972602739726,0.0,0.0,72,73
samsum,19,5,stable_high_fnr_low_support,aggregate_only,low_support,True,0.25,0.20253164556962025,0.0,0.0,76,79
samsum,19,6,stable_high_fnr_low_support,aggregate_only,low_support,True,0.2727272727272727,0.23880597014925373,0.03333333333333333,0.0,66,67
samsum,19,7,stable_low_fpr,aggregate_only,low_support,True,0.0,0.011904761904761904,0.0,0.0,84,84
samsum,2,0,stable_high_fnr_low_support,aggregate_only,low_support,True,0.3013698630136986,0.2608695652173913,0.0,0.0,73,69
samsum,2,1,stable_low_fpr,aggregate_only,low_support,True,0.0625,0.0625,0.0,0.0,80,80
samsum,2,2,unstable_across_hardware,aggregate_only,low_support,False,0.19480519480519481,0.13513513513513514,0.0,0.0,77,74
samsum,2,3,stable_low_fpr,aggregate_only,low_support,True,0.0,0.0,0.0,0.0,83,83
samsum,2,4,stable_low_fpr,aggregate_only,low_support,True,0.16417910447761194,0.11842105263157894,0.0,0.0,67,76
samsum,2,5,stable_low_fpr,aggregate_only,low_support,True,0.0,0.0,0.0,0.0,84,83
samsum,2,6,stable_low_fpr,aggregate_only,low_support,True,0.0,0.0,0.0,0.0,84,84
samsum,2,7,stable_low_fpr,aggregate_only,low_support,True,0.038461538461538464,0.0625,0.0,0.0,78,80
samsum,20,0,stable_high_fnr_low_support,aggregate_only,low_support,True,0.21621621621621623,0.2328767123287671,0.0,0.0,74,73
samsum,20,1,stable_high_fnr_low_support,aggregate_only,low_support,True,0.3116883116883117,0.2638888888888889,0.0,0.0,77,72
samsum,20,2,stable_low_fpr,aggregate_only,low_support,True,0.09876543209876543,0.13414634146341464,0.0,0.0,81,82
samsum,20,3,unstable_across_hardware,aggregate_only,low_support,False,0.15,0.2077922077922078,0.0,0.0,80,77
samsum,20,4,high_fp_risk,aggregate_only,low_support,False,0.036585365853658534,0.03614457831325301,0.07142857142857142,0.0,82,83
samsum,20,5,unstable_across_hardware,aggregate_only,low_support,False,0.24324324324324326,0.17721518987341772,0.0,0.0,74,79
samsum,20,6,stable_low_fpr,aggregate_only,low_support,True,0.1518987341772152,0.1875,0.0,0.0,79,80
samsum,20,7,unstable_across_hardware,aggregate_only,low_support,False,0.17567567567567569,0.22666666666666666,0.0,0.0,74,75
samsum,21,0,stable_low_fpr,aggregate_only,low_support,True,0.14084507042253522,0.18421052631578946,0.0,0.0,71,76
samsum,21,1,stable_low_fpr,aggregate_only,low_support,True,0.0,0.0,0.0,0.0,84,84
samsum,21,2,stable_low_fpr,aggregate_only,low_support,True,0.024390243902439025,0.012345679012345678,0.0,0.0,82,81
samsum,21,3,stable_high_fnr_low_support,aggregate_only,low_support,True,0.32,0.23943661971830985,0.0,0.0,75,71
samsum,21,4,stable_low_fpr,aggregate_only,low_support,True,0.012195121951219513,0.012195121951219513,0.0,0.0,82,82
samsum,21,5,stable_high_fnr_low_support,aggregate_only,low_support,True,0.23880597014925373,0.3,0.0,0.0,67,70
samsum,21,6,stable_high_fnr_low_support,aggregate_only,low_support,True,0.45588235294117646,0.3582089552238806,0.0,0.0,68,67
samsum,21,7,unstable_across_hardware,aggregate_only,low_support,False,0.19444444444444445,0.2535211267605634,0.0,0.0,72,71
samsum,22,0,stable_high_fnr_low_support,aggregate_only,low_support,True,0.4406779661016949,0.34375,0.0,0.03125,59,64
samsum,22,1,stable_low_fpr,aggregate_only,low_support,True,0.060240963855421686,0.06097560975609756,0.0,0.0,83,82
samsum,22,2,stable_high_fnr_low_support,aggregate_only,low_support,True,0.21875,0.2571428571428571,0.0,0.0,64,70
samsum,22,3,stable_low_fpr,aggregate_only,low_support,True,0.22666666666666666,0.18421052631578946,0.0,0.0,75,76
samsum,22,4,stable_low_fpr,aggregate_only,low_support,True,0.08974358974358974,0.0875,0.0,0.0,78,80
samsum,22,5,high_fp_risk,aggregate_only,low_support,False,0.14814814814814814,0.11392405063291139,0.06666666666666667,0.0,81,79
samsum,22,6,unstable_across_hardware,aggregate_only,low_support,False,0.23076923076923078,0.18055555555555555,0.0,0.041666666666666664,65,72
samsum,22,7,stable_high_fnr_low_support,aggregate_only,low_support,True,0.4305555555555556,0.22388059701492538,0.0,0.0,72,67
samsum,23,0,stable_low_fpr,aggregate_only,low_support,True,0.03614457831325301,0.03614457831325301,0.0,0.0,83,83
samsum,23,1,stable_low_fpr,aggregate_only,low_support,True,0.07692307692307693,0.12048192771084337,0.0,0.0,78,83
samsum,23,2,stable_low_fpr,aggregate_only,low_support,True,0.06493506493506493,0.08,0.0,0.0,77,75
samsum,23,3,stable_high_fnr_low_support,aggregate_only,low_support,True,0.30303030303030304,0.2,0.0,0.0,66,70
samsum,23,4,unstable_across_hardware,aggregate_only,low_support,False,0.15789473684210525,0.25675675675675674,0.0,0.0,76,74
samsum,23,5,stable_high_fnr_low_support,aggregate_only,low_support,True,0.5223880597014925,0.44285714285714284,0.0,0.038461538461538464,67,70
samsum,23,6,stable_high_fnr_low_support,aggregate_only,low_support,True,0.32857142857142857,0.2835820895522388,0.0,0.0,70,67
samsum,23,7,stable_low_fpr,aggregate_only,low_support,True,0.0,0.024096385542168676,0.0,0.0,83,83
samsum,24,0,stable_high_fnr_low_support,aggregate_only,low_support,True,0.29333333333333333,0.23376623376623376,0.0,0.0,75,77
samsum,24,1,unstable_across_hardware,aggregate_only,low_support,False,0.1038961038961039,0.18181818181818182,0.0,0.0,77,77
samsum,24,2,stable_low_fpr,aggregate_only,low_support,True,0.1375,0.10126582278481013,0.0,0.0,80,79
samsum,24,3,stable_low_fpr,aggregate_only,low_support,True,0.0625,0.1125,0.0,0.0,80,80
samsum,24,4,stable_high_fnr_low_support,aggregate_only,low_support,True,0.4492753623188406,0.29850746268656714,0.0,0.0,69,67
samsum,24,5,stable_high_fnr_low_support,aggregate_only,low_support,True,0.22535211267605634,0.3088235294117647,0.0,0.0,71,68
samsum,24,6,stable_low_fpr,aggregate_only,low_support,True,0.0759493670886076,0.04938271604938271,0.0,0.0,79,81
samsum,24,7,stable_low_fpr,aggregate_only,low_support,True,0.0,0.0,0.0,0.0,83,83
samsum,25,0,stable_low_fpr,aggregate_only,low_support,True,0.0975609756097561,0.04938271604938271,0.0,0.0,82,81
samsum,25,1,stable_high_fnr_low_support,aggregate_only,low_support,True,0.323943661971831,0.2777777777777778,0.04,0.0,71,72
samsum,25,2,stable_low_fpr,aggregate_only,low_support,True,0.036585365853658534,0.024390243902439025,0.0,0.0,82,82
samsum,25,3,stable_low_fpr,aggregate_only,low_support,True,0.2054794520547945,0.18309859154929578,0.0,0.0,73,71
samsum,25,4,stable_high_fnr_low_support,aggregate_only,low_support,True,0.2236842105263158,0.2077922077922078,0.0,0.0,76,77
samsum,25,5,stable_low_fpr,aggregate_only,low_support,True,0.0,0.0,0.0,0.0,84,84
samsum,25,6,stable_low_fpr,aggregate_only,low_support,True,0.10666666666666667,0.14864864864864866,0.0,0.0,75,74
samsum,25,7,unstable_across_hardware,aggregate_only,low_support,False,0.07692307692307693,0.18181818181818182,0.0,0.0,78,77
samsum,26,0,stable_low_fpr,aggregate_only,low_support,True,0.0,0.0,0.0,0.0,84,84
samsum,26,1,stable_low_fpr,aggregate_only,low_support,True,0.16455696202531644,0.2,0.0,0.0,79,75
samsum,26,2,stable_low_fpr,aggregate_only,low_support,True,0.06097560975609756,0.04878048780487805,0.0,0.0,82,82
samsum,26,3,high_fp_risk,aggregate_only,low_support,False,0.17073170731707318,0.17721518987341772,0.07142857142857142,0.0,82,79
samsum,26,4,stable_low_fpr,aggregate_only,low_support,True,0.12,0.14285714285714285,0.0,0.0,75,77
samsum,26,5,stable_low_fpr,aggregate_only,low_support,True,0.19736842105263158,0.1506849315068493,0.0,0.0,76,73
samsum,26,6,stable_high_fnr_low_support,aggregate_only,low_support,True,0.32857142857142857,0.28169014084507044,0.0,0.0,70,71
samsum,26,7,stable_high_fnr_low_support,aggregate_only,low_support,True,0.3492063492063492,0.4153846153846154,0.0,0.0,63,65
samsum,27,0,stable_high_fnr_low_support,aggregate_only,low_support,True,0.4,0.4090909090909091,0.03225806451612903,0.0,65,66
samsum,27,1,stable_low_fpr,aggregate_only,low_support,True,0.19117647058823528,0.22857142857142856,0.0,0.0,68,70
samsum,27,2,stable_low_fpr,aggregate_only,low_support,True,0.08974358974358974,0.0875,0.0,0.0,78,80
samsum,27,3,high_fp_risk,aggregate_only,low_support,False,0.08433734939759036,0.04878048780487805,0.07692307692307693,0.07142857142857142,83,82
samsum,27,4,stable_low_fpr,aggregate_only,low_support,True,0.07407407407407407,0.07692307692307693,0.0,0.0,81,78
samsum,27,5,stable_high_fnr_low_support,aggregate_only,low_support,True,0.3050847457627119,0.3076923076923077,0.0,0.0,59,65
samsum,27,6,stable_low_fpr,aggregate_only,low_support,True,0.06097560975609756,0.07894736842105263,0.0,0.0,82,76
samsum,27,7,stable_low_fpr,aggregate_only,low_support,True,0.0,0.0,0.0,0.0,84,84
samsum,28,0,stable_high_fnr_low_support,aggregate_only,low_support,True,0.23880597014925373,0.36486486486486486,0.034482758620689655,0.0,67,74
samsum,28,1,high_fp_risk,aggregate_only,low_support,False,0.08433734939759036,0.07317073170731707,0.0,0.07142857142857142,83,82
samsum,28,2,stable_low_fpr,aggregate_only,low_support,True,0.10843373493975904,0.08974358974358974,0.0,0.0,83,78
samsum,28,3,stable_low_fpr,aggregate_only,low_support,True,0.14102564102564102,0.13333333333333333,0.0,0.047619047619047616,78,75
samsum,28,4,unstable_across_hardware,aggregate_only,low_support,False,0.24050632911392406,0.13333333333333333,0.0,0.0,79,75
samsum,28,5,unstable_across_hardware,aggregate_only,low_support,False,0.29333333333333333,0.18309859154929578,0.047619047619047616,0.0,75,71
samsum,28,6,stable_low_fpr,aggregate_only,low_support,True,0.08860759493670886,0.06172839506172839,0.0,0.0,79,81
samsum,28,7,stable_low_fpr,aggregate_only,low_support,True,0.12658227848101267,0.14102564102564102,0.0,0.0,79,78
samsum,29,0,stable_low_fpr,aggregate_only,low_support,True,0.18309859154929578,0.22535211267605634,0.04,0.0,71,71
samsum,29,1,stable_high_fnr_low_support,aggregate_only,low_support,True,0.22972972972972974,0.2972972972972973,0.0,0.0,74,74
samsum,29,2,stable_low_fpr,aggregate_only,low_support,True,0.16666666666666666,0.1917808219178082,0.0,0.0,72,73
samsum,29,3,stable_low_fpr,aggregate_only,low_support,True,0.07792207792207792,0.08641975308641975,0.0,0.0,77,81
samsum,29,4,stable_low_fpr,aggregate_only,low_support,True,0.012195121951219513,0.012345679012345678,0.0,0.0,82,81
samsum,29,5,stable_low_fpr,aggregate_only,low_support,True,0.175,0.14285714285714285,0.0,0.0,80,77
samsum,29,6,stable_low_fpr,aggregate_only,low_support,True,0.0,0.0,0.0,0.0,84,84
samsum,29,7,stable_low_fpr,aggregate_only,low_support,True,0.060240963855421686,0.03571428571428571,0.0,0.0,83,84
samsum,3,0,stable_low_fpr,aggregate_only,low_support,True,0.19718309859154928,0.19117647058823528,0.0,0.0,71,68
samsum,3,1,stable_low_fpr,aggregate_only,low_support,True,0.0,0.0,0.0,0.0,84,83
samsum,3,2,high_fp_risk,aggregate_only,low_support,False,0.0625,0.14285714285714285,0.0625,0.0,80,77
samsum,3,3,stable_high_fnr_low_support,aggregate_only,low_support,True,0.3194444444444444,0.3150684931506849,0.0,0.0,72,73
samsum,3,4,stable_low_fpr,aggregate_only,low_support,True,0.011904761904761904,0.023809523809523808,0.0,0.0,84,84
samsum,3,5,stable_high_fnr_low_support,aggregate_only,low_support,True,0.34782608695652173,0.4307692307692308,0.0,0.0,69,65
samsum,3,6,stable_high_fnr_low_support,aggregate_only,low_support,True,0.42424242424242425,0.3939393939393939,0.0,0.0,66,66
samsum,3,7,high_fp_risk,aggregate_only,low_support,False,0.13157894736842105,0.12345679012345678,0.05,0.0,76,81
samsum,30,0,stable_high_fnr_low_support,aggregate_only,low_support,True,0.32857142857142857,0.27941176470588236,0.0,0.0,70,68
samsum,30,1,stable_low_fpr,aggregate_only,low_support,True,0.024096385542168676,0.03571428571428571,0.0,0.0,83,84
samsum,30,2,stable_low_fpr,aggregate_only,low_support,True,0.17073170731707318,0.15,0.0,0.0,82,80
samsum,30,3,stable_high_fnr_low_support,aggregate_only,low_support,True,0.2727272727272727,0.2191780821917808,0.03333333333333333,0.0,66,73
samsum,30,4,unstable_across_hardware,aggregate_only,low_support,False,0.060240963855421686,0.0,0.0,0.0,83,81
samsum,30,5,high_fp_risk,aggregate_only,low_support,False,0.11842105263157894,0.11538461538461539,0.05,0.05555555555555555,76,78
samsum,30,6,stable_high_fnr_low_support,aggregate_only,low_support,True,0.20270270270270271,0.21621621621621623,0.045454545454545456,0.0,74,74
samsum,30,7,stable_high_fnr_low_support,aggregate_only,low_support,True,0.3188405797101449,0.3142857142857143,0.0,0.0,69,70
samsum,31,0,high_fp_risk,aggregate_only,low_support,False,0.0625,0.11392405063291139,0.0,0.058823529411764705,80,79
samsum,31,1,high_fp_risk,aggregate_only,low_support,False,0.012345679012345678,0.0,0.06666666666666667,0.0,81,84
samsum,31,2,stable_low_fpr,aggregate_only,low_support,True,0.011904761904761904,0.0,0.0,0.0,84,84
samsum,31,3,stable_low_fpr,aggregate_only,low_support,True,0.0,0.0,0.0,0.0,84,84
samsum,31,4,stable_low_fpr,aggregate_only,low_support,True,0.15384615384615385,0.1728395061728395,0.0,0.0,78,81
samsum,31,5,high_fp_risk,aggregate_only,low_support,False,0.1038961038961039,0.1506849315068493,0.05263157894736842,0.043478260869565216,77,73
samsum,31,6,stable_low_fpr,aggregate_only,low_support,True,0.037037037037037035,0.04878048780487805,0.0,0.0,81,82
samsum,31,7,unstable_across_hardware,aggregate_only,low_support,False,0.26666666666666666,0.19480519480519481,0.047619047619047616,0.0,75,77
samsum,4,0,unstable_across_hardware,aggregate_only,low_support,False,0.19718309859154928,0.2631578947368421,0.0,0.0,71,76
samsum,4,1,stable_low_fpr,aggregate_only,low_support,True,0.21428571428571427,0.16883116883116883,0.0,0.0,70,77
samsum,4,2,stable_low_fpr,aggregate_only,low_support,True,0.0,0.023809523809523808,0.0,0.0,84,84
samsum,4,3,stable_low_fpr,aggregate_only,low_support,True,0.012048192771084338,0.023809523809523808,0.0,0.0,83,84
samsum,4,4,stable_low_fpr,aggregate_only,low_support,True,0.023809523809523808,0.024691358024691357,0.0,0.0,84,81
samsum,4,5,unstable_across_hardware,aggregate_only,low_support,False,0.1917808219178082,0.2702702702702703,0.0,0.0,73,74
samsum,4,6,high_fp_risk,aggregate_only,low_support,False,0.024390243902439025,0.012345679012345678,0.0,0.06666666666666667,82,81
samsum,4,7,stable_low_fpr,aggregate_only,low_support,True,0.19718309859154928,0.18055555555555555,0.0,0.0,71,72
samsum,5,0,high_fp_risk,aggregate_only,low_support,False,0.09090909090909091,0.12195121951219512,0.05263157894736842,0.0,77,82
samsum,5,1,high_fp_risk,aggregate_only,low_support,False,0.036585365853658534,0.036585365853658534,0.07142857142857142,0.0,82,82
samsum,5,2,stable_low_fpr,aggregate_only,low_support,True,0.023809523809523808,0.024691358024691357,0.0,0.0,84,81
samsum,5,3,stable_low_fpr,aggregate_only,low_support,True,0.05063291139240506,0.05063291139240506,0.0,0.0,79,79
samsum,5,4,stable_low_fpr,aggregate_only,low_support,True,0.09090909090909091,0.07407407407407407,0.0,0.0,77,81
samsum,5,5,stable_high_fnr_low_support,aggregate_only,low_support,True,0.24324324324324326,0.2318840579710145,0.0,0.0,74,69
samsum,5,6,high_fp_risk,aggregate_only,low_support,False,0.0125,0.0125,0.125,0.0625,80,80
samsum,5,7,stable_low_fpr,aggregate_only,low_support,True,0.04878048780487805,0.03614457831325301,0.0,0.0,82,83
samsum,6,0,stable_low_fpr,aggregate_only,low_support,True,0.17333333333333334,0.13333333333333333,0.0,0.0,75,75
samsum,6,1,stable_high_fnr_low_support,aggregate_only,low_support,True,0.2727272727272727,0.32857142857142857,0.0,0.0,66,70
samsum,6,2,high_fp_risk,aggregate_only,low_support,False,0.024691358024691357,0.04878048780487805,0.06666666666666667,0.07142857142857142,81,82
samsum,6,3,stable_low_fpr,aggregate_only,low_support,True,0.03571428571428571,0.047619047619047616,0.0,0.0,84,84
samsum,6,4,stable_low_fpr,aggregate_only,low_support,True,0.05952380952380952,0.04819277108433735,0.0,0.0,84,83
samsum,6,5,high_fp_risk,aggregate_only,low_support,False,0.12987012987012986,0.1527777777777778,0.05263157894736842,0.125,77,72
samsum,6,6,stable_low_fpr,aggregate_only,low_support,True,0.10526315789473684,0.13513513513513514,0.0,0.0,76,74
samsum,6,7,unstable_across_hardware,aggregate_only,low_support,False,0.16666666666666666,0.2727272727272727,0.0,0.0,72,77
samsum,7,0,stable_low_fpr,aggregate_only,low_support,True,0.024096385542168676,0.024096385542168676,0.0,0.0,83,83
samsum,7,1,stable_low_fpr,aggregate_only,low_support,True,0.024096385542168676,0.012195121951219513,0.0,0.0,83,82
samsum,7,2,high_fp_risk,aggregate_only,low_support,False,0.10256410256410256,0.07792207792207792,0.05555555555555555,0.05263157894736842,78,77
samsum,7,3,stable_low_fpr,aggregate_only,low_support,True,0.20512820512820512,0.17333333333333334,0.0,0.047619047619047616,78,75
samsum,7,4,stable_low_fpr,aggregate_only,low_support,True,0.09333333333333334,0.10256410256410256,0.0,0.0,75,78
samsum,7,5,stable_low_fpr,aggregate_only,low_support,True,0.06172839506172839,0.0375,0.0,0.0,81,80
samsum,7,6,high_fp_risk,aggregate_only,low_support,False,0.024096385542168676,0.024096385542168676,0.0,0.07692307692307693,83,83
samsum,7,7,stable_low_fpr,aggregate_only,low_support,True,0.09090909090909091,0.1232876712328767,0.0,0.0,77,73
samsum,8,0,stable_low_fpr,aggregate_only,low_support,True,0.08536585365853659,0.05128205128205128,0.0,0.0,82,78
samsum,8,1,stable_low_fpr,aggregate_only,low_support,True,0.1875,0.2077922077922078,0.0,0.0,80,77
samsum,8,2,unstable_across_hardware,aggregate_only,low_support,False,0.1566265060240964,0.10588235294117647,0.0,0.0,83,85
samsum,8,3,high_fp_risk,aggregate_only,low_support,False,0.046511627906976744,0.037037037037037035,0.0,0.06666666666666667,86,81
samsum,8,4,high_fp_risk,aggregate_only,low_support,False,0.32051282051282054,0.2727272727272727,0.05555555555555555,0.15789473684210525,78,77
samsum,8,5,stable_low_fpr,aggregate_only,low_support,True,0.07058823529411765,0.04819277108433735,0.0,0.0,85,83
samsum,8,6,stable_high_fnr_low_support,aggregate_only,low_support,True,0.2916666666666667,0.34328358208955223,0.0,0.034482758620689655,72,67
samsum,8,7,stable_low_fpr,aggregate_only,low_support,True,0.14457831325301204,0.13095238095238096,0.0,0.0,83,84
samsum,9,0,stable_low_fpr,aggregate_only,low_support,True,0.12222222222222222,0.10344827586206896,0.0,0.0,90,87
samsum,9,1,stable_high_fnr_low_support,aggregate_only,low_support,True,0.3,0.3283582089552239,0.0,0.0,70,67
samsum,9,2,stable_low_fpr,aggregate_only,low_support,True,0.046511627906976744,0.046511627906976744,0.0,0.0,86,86
samsum,9,3,stable_low_fpr,aggregate_only,low_support,True,0.04938271604938271,0.075,0.0,0.0,81,80
samsum,9,4,stable_low_fpr,aggregate_only,low_support,True,0.024096385542168676,0.04878048780487805,0.0,0.0,83,82
samsum,9,5,stable_low_fpr,aggregate_only,low_support,True,0.136986301369863,0.14666666666666667,0.0,0.0,73,75
samsum,9,6,stable_low_fpr,aggregate_only,low_support,True,0.1527777777777778,0.15384615384615385,0.0,0.0,72,78
samsum,9,7,high_fp_risk,aggregate_only,low_support,False,0.3333333333333333,0.2976190476190476,0.0,0.08333333333333333,81,84
