task,layer,kv_head,v100_fnr,gpu4090_fnr,v100_fpr,gpu4090_fpr,v100_accepted_fraction,gpu4090_accepted_fraction,v100_fn_count,gpu4090_fn_count,v100_fp_count,gpu4090_fp_count,v100_positive_support,gpu4090_positive_support,v100_negative_support,gpu4090_negative_support,fnr_abs_diff,fpr_abs_diff,accepted_fraction_abs_diff,fn_count_abs_diff,cross_hardware_consistent,support_label,fnr_stability_label,label,readiness,high_fnr_rank,low_risk_rank
dureader,0,3,0.7894736842105263,0.8412698412698413,0.0,0.0,0.125,0.10416666666666667,45,53,0,0,57,63,39,33,0.05179615705931495,0.0,0.02083333333333333,8,True,low_support,unstable,stable_high_fnr_low_support,aggregate_only,1,1
passage_retrieval_zh,0,3,0.7169811320754716,0.576271186440678,0.0,0.0,0.15625,0.2604166666666667,38,34,0,0,53,59,43,37,0.14070994563479367,0.0,0.10416666666666669,4,True,low_support,unstable,stable_high_fnr_low_support,aggregate_only,2,2
passage_retrieval_en,22,0,0.5344827586206896,0.6071428571428571,0.0,0.0,0.28125,0.22916666666666666,31,34,0,0,58,56,38,40,0.07266009852216748,0.0,0.05208333333333334,3,True,low_support,unstable,stable_high_fnr_low_support,aggregate_only,7,3
passage_retrieval_zh,25,3,0.5357142857142857,0.559322033898305,0.0,0.0,0.2708333333333333,0.2708333333333333,30,33,0,0,56,59,40,37,0.02360774818401934,0.0,0.0,3,True,low_support,stable,stable_high_fnr_low_support,aggregate_only,5,4
passage_retrieval_en,26,7,0.576271186440678,0.5254237288135594,0.0,0.0,0.2604166666666667,0.2916666666666667,34,31,0,0,59,59,37,37,0.05084745762711862,0.0,0.03125,3,True,low_support,unstable,stable_high_fnr_low_support,aggregate_only,9,5
dureader,22,0,0.43636363636363634,0.576271186440678,0.0,0.0,0.3229166666666667,0.2604166666666667,24,34,0,0,55,59,41,37,0.13990755007704164,0.0,0.0625,10,True,low_support,unstable,stable_high_fnr_low_support,aggregate_only,33,6
dureader,24,4,0.532258064516129,0.5735294117647058,0.0,0.0,0.3020833333333333,0.3020833333333333,33,39,0,0,62,68,34,28,0.04127134724857684,0.0,0.0,6,True,low_support,stable,stable_high_fnr_low_support,aggregate_only,8,7
passage_retrieval_zh,23,5,0.45614035087719296,0.5333333333333333,0.0,0.0,0.3229166666666667,0.2916666666666667,26,32,0,0,57,60,39,36,0.07719298245614037,0.0,0.03125,6,True,low_support,unstable,stable_high_fnr_low_support,aggregate_only,22,8
passage_retrieval_zh,22,0,0.4666666666666667,0.5254237288135594,0.0,0.0,0.3333333333333333,0.2916666666666667,28,31,0,0,60,59,36,37,0.05875706214689269,0.0,0.04166666666666663,3,True,low_support,unstable,stable_high_fnr_low_support,aggregate_only,20,9
passage_retrieval_en,24,4,0.55,0.47058823529411764,0.0,0.0,0.28125,0.375,33,32,0,0,60,68,36,28,0.0794117647058824,0.0,0.09375,1,True,low_support,unstable,stable_high_fnr_low_support,aggregate_only,18,10
passage_retrieval_zh,25,1,0.423728813559322,0.48214285714285715,0.0,0.0,0.3541666666666667,0.3020833333333333,25,27,0,0,59,56,37,40,0.058414043583535136,0.0,0.05208333333333337,2,True,low_support,unstable,stable_high_fnr_low_support,aggregate_only,39,11
passage_retrieval_zh,24,4,0.48484848484848486,0.5652173913043478,0.0,0.0,0.3541666666666667,0.3125,32,39,0,0,66,69,30,27,0.08036890645586292,0.0,0.041666666666666685,7,True,low_support,unstable,stable_high_fnr_low_support,aggregate_only,16,12
passage_retrieval_zh,27,1,0.5263157894736842,0.39344262295081966,0.0,0.0,0.28125,0.3854166666666667,30,24,0,0,57,61,39,35,0.13287316652286452,0.0,0.10416666666666669,6,True,low_support,unstable,stable_high_fnr_low_support,aggregate_only,68,13
passage_retrieval_en,27,5,0.5076923076923077,0.49230769230769234,0.0,0.0,0.3333333333333333,0.34375,33,32,0,0,65,65,31,31,0.01538461538461533,0.0,0.010416666666666685,1,True,low_support,stable,stable_high_fnr_low_support,aggregate_only,13,14
passage_retrieval_zh,3,6,0.4098360655737705,0.5166666666666667,0.0,0.0,0.375,0.3020833333333333,25,31,0,0,61,60,35,36,0.10683060109289622,0.0,0.07291666666666669,6,True,low_support,unstable,stable_high_fnr_low_support,aggregate_only,48,15
dureader,27,5,0.5072463768115942,0.4918032786885246,0.0,0.0,0.3541666666666667,0.3229166666666667,35,30,0,0,69,61,27,35,0.015443098123069654,0.0,0.03125,5,True,low_support,stable,stable_high_fnr_low_support,aggregate_only,14,16
passage_retrieval_en,30,0,0.5238095238095238,0.4461538461538462,0.0,0.0,0.3125,0.375,33,29,0,0,63,65,33,31,0.07765567765567766,0.0,0.0625,4,True,low_support,unstable,stable_high_fnr_low_support,aggregate_only,25,17
passage_retrieval_zh,23,3,0.5522388059701493,0.4098360655737705,0.0,0.0,0.3125,0.375,37,25,0,0,67,61,29,35,0.1424027403963788,0.0,0.0625,12,True,low_support,unstable,stable_high_fnr_low_support,aggregate_only,47,18
passage_retrieval_en,19,6,0.5303030303030303,0.47058823529411764,0.0,0.0,0.3229166666666667,0.375,35,32,0,0,66,68,30,28,0.059714795008912636,0.0,0.052083333333333315,3,True,low_support,unstable,stable_high_fnr_low_support,aggregate_only,17,19
passage_retrieval_zh,24,5,0.47058823529411764,0.515625,0.0,0.0,0.375,0.3229166666666667,32,33,0,0,68,64,28,32,0.04503676470588236,0.0,0.052083333333333315,1,True,low_support,stable,stable_high_fnr_low_support,aggregate_only,19,20
passage_retrieval_zh,21,7,0.45,0.45161290322580644,0.0,0.0,0.34375,0.3541666666666667,27,28,0,0,60,62,36,34,0.001612903225806428,0.0,0.010416666666666685,1,True,low_support,stable,stable_high_fnr_low_support,aggregate_only,24,21
dureader,24,5,0.5,0.4375,0.0,0.0,0.3229166666666667,0.375,31,28,0,0,62,64,34,32,0.0625,0.0,0.052083333333333315,3,True,low_support,unstable,stable_high_fnr_low_support,aggregate_only,32,22
dureader,23,5,0.5245901639344263,0.4090909090909091,0.0,0.0,0.3020833333333333,0.40625,32,27,0,0,61,66,35,30,0.11549925484351714,0.0,0.10416666666666669,5,True,low_support,unstable,stable_high_fnr_low_support,aggregate_only,49,23
passage_retrieval_en,21,6,0.5245901639344263,0.4090909090909091,0.0,0.0,0.3020833333333333,0.40625,32,27,0,0,61,66,35,30,0.11549925484351714,0.0,0.10416666666666669,5,True,low_support,unstable,stable_high_fnr_low_support,aggregate_only,50,24
passage_retrieval_en,15,3,0.5211267605633803,0.4852941176470588,0.0,0.0,0.3541666666666667,0.3645833333333333,37,33,0,0,71,68,25,28,0.03583264291632143,0.0,0.01041666666666663,4,True,low_support,stable,stable_high_fnr_low_support,aggregate_only,15,25
dureader,26,7,0.45161290322580644,0.4444444444444444,0.0,0.0,0.3541666666666667,0.3645833333333333,28,28,0,0,62,63,34,33,0.007168458781362019,0.0,0.01041666666666663,0,True,low_support,stable,stable_high_fnr_low_support,aggregate_only,26,26
passage_retrieval_en,22,7,0.5076923076923077,0.421875,0.0,0.0,0.3333333333333333,0.3854166666666667,33,27,0,0,65,64,31,32,0.08581730769230766,0.0,0.05208333333333337,6,True,low_support,unstable,stable_high_fnr_low_support,aggregate_only,40,27
dureader,22,7,0.53125,0.375,0.0,0.0,0.3125,0.4166666666666667,34,24,0,0,64,64,32,32,0.15625,0.0,0.10416666666666669,10,True,low_support,unstable,stable_high_fnr_low_support,aggregate_only,81,28
passage_retrieval_en,1,3,0.5194805194805194,0.5138888888888888,0.0,0.0,0.3854166666666667,0.3645833333333333,40,37,0,0,77,72,19,24,0.005591630591630592,0.0,0.02083333333333337,3,True,low_support,stable,stable_high_fnr_low_support,aggregate_only,10,29
hotpotqa,22,0,0.4411764705882353,0.4426229508196721,0.0,0.0,0.3958333333333333,0.3541666666666667,30,27,0,0,68,61,28,35,0.001446480231436842,0.0,0.04166666666666663,3,True,low_support,stable,stable_high_fnr_low_support,aggregate_only,30,30
passage_retrieval_en,3,6,0.5,0.3968253968253968,0.0,0.0,0.3541666666666667,0.3958333333333333,34,25,0,0,68,63,28,33,0.1031746031746032,0.0,0.04166666666666663,9,True,low_support,unstable,stable_high_fnr_low_support,aggregate_only,63,31
passage_retrieval_zh,21,6,0.4166666666666667,0.38333333333333336,0.0,0.0,0.3645833333333333,0.3854166666666667,25,23,0,0,60,60,36,36,0.033333333333333326,0.0,0.02083333333333337,2,True,low_support,stable,stable_high_fnr_low_support,aggregate_only,76,32
passage_retrieval_zh,20,0,0.35,0.5,0.0,0.0,0.40625,0.34375,21,33,0,0,60,66,36,30,0.15000000000000002,0.0,0.0625,12,True,low_support,unstable,stable_high_fnr_low_support,aggregate_only,105,33
passage_retrieval_zh,26,7,0.5,0.4305555555555556,0.0,0.0,0.3333333333333333,0.4270833333333333,32,31,0,0,64,72,32,24,0.06944444444444442,0.0,0.09375,1,True,low_support,unstable,stable_high_fnr_low_support,aggregate_only,36,34
passage_retrieval_en,23,6,0.45161290322580644,0.4583333333333333,0.0,0.0,0.3541666666666667,0.40625,28,33,0,0,62,72,34,24,0.006720430107526876,0.0,0.052083333333333315,5,True,low_support,stable,stable_high_fnr_low_support,aggregate_only,23,35
passage_retrieval_en,13,5,0.4782608695652174,0.4307692307692308,0.0,0.0,0.375,0.3854166666666667,33,28,0,0,69,65,27,31,0.04749163879598661,0.0,0.010416666666666685,5,True,low_support,stable,stable_high_fnr_low_support,aggregate_only,35,36
passage_retrieval_zh,4,5,0.4461538461538462,0.3728813559322034,0.0,0.0,0.375,0.3854166666666667,29,22,0,0,65,59,31,37,0.07327249022164278,0.0,0.010416666666666685,7,True,low_support,unstable,stable_high_fnr_low_support,aggregate_only,84,37
dureader,21,7,0.45714285714285713,0.47058823529411764,0.0,0.0,0.3958333333333333,0.375,32,32,0,0,70,68,26,28,0.013445378151260512,0.0,0.020833333333333315,0,True,low_support,stable,stable_high_fnr_low_support,aggregate_only,21,38
dureader,13,5,0.45454545454545453,0.4411764705882353,0.0,0.0,0.375,0.3958333333333333,30,30,0,0,66,68,30,28,0.01336898395721925,0.0,0.020833333333333315,0,True,low_support,stable,stable_high_fnr_low_support,aggregate_only,29,39
passage_retrieval_zh,27,5,0.4264705882352941,0.47761194029850745,0.0,0.0,0.40625,0.3645833333333333,29,32,0,0,68,67,28,29,0.05114135206321335,0.0,0.041666666666666685,3,True,low_support,unstable,stable_high_fnr_low_support,aggregate_only,38,40
dureader,30,3,0.41935483870967744,0.43283582089552236,0.0,0.0,0.375,0.3958333333333333,26,29,0,0,62,67,34,29,0.013480982185844925,0.0,0.020833333333333315,3,True,low_support,stable,stable_high_fnr_low_support,aggregate_only,43,41
passage_retrieval_en,30,7,0.4714285714285714,0.4393939393939394,0.0,0.0,0.3854166666666667,0.3854166666666667,33,29,0,0,70,66,26,30,0.03203463203463203,0.0,0.0,4,True,low_support,stable,stable_high_fnr_low_support,aggregate_only,31,42
passage_retrieval_zh,3,0,0.46875,0.42028985507246375,0.0,0.0,0.3541666666666667,0.4166666666666667,30,29,0,0,64,69,32,27,0.04846014492753625,0.0,0.0625,1,True,low_support,stable,stable_high_fnr_low_support,aggregate_only,41,43
hotpotqa,30,7,0.40298507462686567,0.46875,0.0,0.0,0.4166666666666667,0.3541666666666667,27,30,0,0,67,64,29,32,0.06576492537313433,0.0,0.0625,3,True,low_support,unstable,stable_high_fnr_low_support,aggregate_only,53,44
passage_retrieval_zh,8,6,0.4461538461538462,0.44285714285714284,0.0,0.0,0.375,0.40625,29,31,0,0,65,70,31,26,0.0032967032967033405,0.0,0.03125,2,True,low_support,stable,stable_high_fnr_low_support,aggregate_only,28,45
dureader,25,1,0.42857142857142855,0.417910447761194,0.0,0.0,0.375,0.40625,27,28,0,0,63,67,33,29,0.010660980810234533,0.0,0.03125,1,True,low_support,stable,stable_high_fnr_low_support,aggregate_only,44,46
passage_retrieval_en,3,5,0.375,0.3492063492063492,0.0,0.0,0.3645833333333333,0.4270833333333333,21,22,0,0,56,63,40,33,0.025793650793650813,0.0,0.0625,1,True,low_support,stable,stable_high_fnr_low_support,aggregate_only,108,47
dureader,8,6,0.417910447761194,0.421875,0.0,0.0,0.40625,0.3854166666666667,28,27,0,0,67,64,29,32,0.003964552238805985,0.0,0.020833333333333315,1,True,low_support,stable,stable_high_fnr_low_support,aggregate_only,45,48
passage_retrieval_en,17,5,0.39705882352941174,0.4461538461538462,0.0,0.0,0.4270833333333333,0.375,27,29,0,0,68,65,28,31,0.04909502262443444,0.0,0.052083333333333315,2,True,low_support,stable,stable_high_fnr_low_support,aggregate_only,62,49
dureader,0,4,0.43243243243243246,0.4782608695652174,0.0,0.0,0.4375,0.375,32,33,0,0,74,69,22,27,0.04582843713278495,0.0,0.0625,1,True,low_support,stable,stable_high_fnr_low_support,aggregate_only,34,50
passage_retrieval_zh,31,5,0.4142857142857143,0.4714285714285714,0.0,0.0,0.4270833333333333,0.3854166666666667,29,33,0,0,70,70,26,26,0.057142857142857106,0.0,0.04166666666666663,4,True,low_support,unstable,stable_high_fnr_low_support,aggregate_only,46,51
samsum,3,6,0.42424242424242425,0.3939393939393939,0.0,0.0,0.3958333333333333,0.4166666666666667,28,26,0,0,66,66,30,30,0.03030303030303033,0.0,0.02083333333333337,2,True,low_support,stable,stable_high_fnr_low_support,aggregate_only,66,52
dureader,6,1,0.375,0.3770491803278688,0.0,0.0,0.4166666666666667,0.3958333333333333,24,23,0,0,64,61,32,35,0.002049180327868827,0.0,0.02083333333333337,1,True,low_support,stable,stable_high_fnr_low_support,aggregate_only,83,53
hotpotqa,25,1,0.45161290322580644,0.35294117647058826,0.0,0.0,0.3541666666666667,0.4583333333333333,28,24,0,0,62,68,34,28,0.09867172675521818,0.0,0.10416666666666663,4,True,low_support,unstable,stable_high_fnr_low_support,aggregate_only,104,54
hotpotqa,3,6,0.3492063492063492,0.4714285714285714,0.0,0.0,0.4270833333333333,0.3854166666666667,22,33,0,0,63,70,33,26,0.12222222222222223,0.0,0.04166666666666663,11,True,low_support,unstable,stable_high_fnr_low_support,aggregate_only,106,55
dureader,3,6,0.39705882352941174,0.4492753623188406,0.0,0.0,0.4270833333333333,0.3958333333333333,27,31,0,0,68,69,28,27,0.052216538789428835,0.0,0.03125,4,True,low_support,unstable,stable_high_fnr_low_support,aggregate_only,61,56
dureader,23,3,0.359375,0.4492753623188406,0.0,0.0,0.4270833333333333,0.3958333333333333,23,31,0,0,64,69,32,27,0.08990036231884058,0.0,0.03125,8,True,low_support,unstable,stable_high_fnr_low_support,aggregate_only,97,57
samsum,26,7,0.3492063492063492,0.4153846153846154,0.0,0.0,0.4270833333333333,0.3958333333333333,22,27,0,0,63,65,33,31,0.06617826617826622,0.0,0.03125,5,True,low_support,unstable,stable_high_fnr_low_support,aggregate_only,107,58
dureader,9,1,0.463768115942029,0.4,0.0,0.0,0.3854166666666667,0.4375,32,28,0,0,69,70,27,26,0.06376811594202897,0.0,0.052083333333333315,4,True,low_support,unstable,stable_high_fnr_low_support,aggregate_only,54,59
passage_retrieval_zh,0,4,0.417910447761194,0.3939393939393939,0.0,0.0,0.40625,0.4166666666666667,28,26,0,0,67,66,29,30,0.023971053821800092,0.0,0.010416666666666685,2,True,low_support,stable,stable_high_fnr_low_support,aggregate_only,65,60
dureader,25,3,0.38461538461538464,0.4090909090909091,0.0,0.0,0.4166666666666667,0.40625,25,27,0,0,65,66,31,30,0.02447552447552448,0.0,0.010416666666666685,2,True,low_support,stable,stable_high_fnr_low_support,aggregate_only,72,61
passage_retrieval_en,27,0,0.36764705882352944,0.4626865671641791,0.0,0.0,0.4479166666666667,0.375,25,31,0,0,68,67,28,29,0.09503950834064967,0.0,0.07291666666666669,6,True,low_support,unstable,stable_high_fnr_low_support,aggregate_only,87,62
hotpotqa,23,5,0.42424242424242425,0.38235294117647056,0.0,0.0,0.3958333333333333,0.4375,28,26,0,0,66,68,30,28,0.04188948306595369,0.0,0.041666666666666685,2,True,low_support,stable,stable_high_fnr_low_support,aggregate_only,77,63
dureader,21,6,0.4264705882352941,0.36923076923076925,0.0,0.0,0.40625,0.4270833333333333,29,24,0,0,68,65,28,31,0.05723981900452485,0.0,0.020833333333333315,5,True,low_support,unstable,stable_high_fnr_low_support,aggregate_only,85,64
dureader,3,0,0.4492753623188406,0.35384615384615387,0.0,0.0,0.3958333333333333,0.4375,31,23,0,0,69,65,27,31,0.09542920847268671,0.0,0.041666666666666685,8,True,low_support,unstable,stable_high_fnr_low_support,aggregate_only,101,65
passage_retrieval_zh,13,5,0.3283582089552239,0.4444444444444444,0.0,0.0,0.46875,0.3645833333333333,22,28,0,0,67,63,29,33,0.11608623548922054,0.0,0.10416666666666669,6,True,low_support,unstable,stable_high_fnr_low_support,aggregate_only,127,66
dureader,18,4,0.3939393939393939,0.40298507462686567,0.0,0.0,0.4166666666666667,0.4166666666666667,26,27,0,0,66,67,30,29,0.009045680687471747,0.0,0.0,1,True,low_support,stable,stable_high_fnr_low_support,aggregate_only,67,67
samsum,21,6,0.45588235294117646,0.3582089552238806,0.0,0.0,0.3854166666666667,0.4479166666666667,31,24,0,0,68,67,28,29,0.09767339771729588,0.0,0.0625,7,True,low_support,unstable,stable_high_fnr_low_support,aggregate_only,98,68
samsum,13,5,0.3972602739726027,0.4393939393939394,0.0,0.0,0.4583333333333333,0.3854166666666667,29,29,0,0,73,66,23,30,0.042133665421336675,0.0,0.07291666666666663,0,True,low_support,stable,stable_high_fnr_low_support,aggregate_only,59,69
passage_retrieval_zh,4,7,0.417910447761194,0.36363636363636365,0.0,0.0,0.40625,0.4375,28,24,0,0,67,66,29,30,0.05427408412483037,0.0,0.03125,4,True,low_support,unstable,stable_high_fnr_low_support,aggregate_only,92,70
passage_retrieval_zh,15,3,0.36363636363636365,0.4117647058823529,0.0,0.0,0.4375,0.4166666666666667,24,28,0,0,66,68,30,28,0.048128342245989275,0.0,0.020833333333333315,4,True,low_support,stable,stable_high_fnr_low_support,aggregate_only,91,71
dureader,27,1,0.35714285714285715,0.44776119402985076,0.0,0.0,0.46875,0.3854166666666667,25,30,0,0,70,67,26,29,0.09061833688699361,0.0,0.08333333333333331,5,True,low_support,unstable,stable_high_fnr_low_support,aggregate_only,100,72
samsum,3,5,0.34782608695652173,0.4307692307692308,0.0,0.0,0.46875,0.3854166666666667,24,28,0,0,69,65,27,31,0.08294314381270906,0.0,0.08333333333333331,4,True,low_support,unstable,stable_high_fnr_low_support,aggregate_only,109,73
dureader,16,2,0.4507042253521127,0.3972602739726027,0.0,0.0,0.40625,0.4583333333333333,32,29,0,0,71,73,25,23,0.05344395137950997,0.0,0.052083333333333315,3,True,low_support,unstable,stable_high_fnr_low_support,aggregate_only,58,74
hotpotqa,27,0,0.359375,0.43243243243243246,0.0,0.0,0.4270833333333333,0.4375,23,32,0,0,64,74,32,22,0.07305743243243246,0.0,0.010416666666666685,9,True,low_support,unstable,stable_high_fnr_low_support,aggregate_only,96,75
passage_retrieval_en,8,6,0.38571428571428573,0.38461538461538464,0.0,0.0,0.4479166666666667,0.4166666666666667,27,25,0,0,70,65,26,31,0.001098901098901095,0.0,0.03125,2,True,low_support,stable,stable_high_fnr_low_support,aggregate_only,73,76
passage_retrieval_en,0,3,0.42857142857142855,0.3582089552238806,0.0,0.0,0.4166666666666667,0.4479166666666667,30,24,0,0,70,67,26,29,0.07036247334754797,0.0,0.03125,6,True,low_support,unstable,stable_high_fnr_low_support,aggregate_only,99,77
passage_retrieval_zh,9,1,0.4507042253521127,0.3835616438356164,0.0,0.0,0.40625,0.46875,32,28,0,0,71,73,25,23,0.06714258151649627,0.0,0.0625,4,True,low_support,unstable,stable_high_fnr_low_support,aggregate_only,75,78
dureader,20,0,0.36764705882352944,0.39705882352941174,0.0,0.0,0.4479166666666667,0.4270833333333333,25,27,0,0,68,68,28,28,0.029411764705882304,0.0,0.02083333333333337,2,True,low_support,stable,stable_high_fnr_low_support,aggregate_only,89,79
passage_retrieval_en,6,1,0.36231884057971014,0.375,0.0,0.0,0.4583333333333333,0.4166666666666667,25,24,0,0,69,64,27,32,0.012681159420289856,0.0,0.04166666666666663,1,True,low_support,stable,stable_high_fnr_low_support,aggregate_only,94,80
samsum,1,3,0.35294117647058826,0.43661971830985913,0.0,0.0,0.4583333333333333,0.4166666666666667,24,31,0,0,68,71,28,25,0.08367854183927087,0.0,0.04166666666666663,7,True,low_support,unstable,stable_high_fnr_low_support,aggregate_only,102,81
dureader,4,5,0.4153846153846154,0.34285714285714286,0.0,0.0,0.3958333333333333,0.4791666666666667,27,24,0,0,65,70,31,26,0.07252747252747255,0.0,0.08333333333333337,3,True,low_support,unstable,stable_high_fnr_low_support,aggregate_only,113,82
dureader,19,6,0.3972602739726027,0.4057971014492754,0.0,0.0,0.4583333333333333,0.4270833333333333,29,28,0,0,73,69,23,27,0.00853682747667267,0.0,0.03125,1,True,low_support,stable,stable_high_fnr_low_support,aggregate_only,60,83
passage_retrieval_en,16,2,0.3888888888888889,0.4675324675324675,0.0,0.0,0.4583333333333333,0.4270833333333333,28,36,0,0,72,77,24,19,0.07864357864357863,0.0,0.03125,8,True,low_support,unstable,stable_high_fnr_low_support,aggregate_only,70,84
hotpotqa,0,4,0.36923076923076925,0.3230769230769231,0.0,0.0,0.4270833333333333,0.4583333333333333,24,21,0,0,65,65,31,31,0.046153846153846156,0.0,0.03125,3,True,low_support,stable,stable_high_fnr_low_support,aggregate_only,133,85
samsum,24,4,0.4492753623188406,0.29850746268656714,0.0,0.0,0.3958333333333333,0.4895833333333333,31,20,0,0,69,67,27,29,0.15076789963227344,0.0,0.09375,11,True,low_support,unstable,stable_high_fnr_low_support,aggregate_only,160,86
passage_retrieval_zh,30,0,0.3835616438356164,0.4444444444444444,0.0,0.0,0.46875,0.4166666666666667,28,32,0,0,73,72,23,24,0.060882800608828,0.0,0.052083333333333315,4,True,low_support,unstable,stable_high_fnr_low_support,aggregate_only,74,87
dureader,31,5,0.3424657534246575,0.421875,0.0,0.0,0.5,0.3854166666666667,25,27,0,0,73,64,23,32,0.07940924657534248,0.0,0.11458333333333331,2,True,low_support,unstable,stable_high_fnr_low_support,aggregate_only,117,88
hotpotqa,22,7,0.3389830508474576,0.31343283582089554,0.0,0.0,0.40625,0.4791666666666667,20,21,0,0,59,67,37,29,0.025550215026562073,0.0,0.07291666666666669,1,True,low_support,stable,stable_high_fnr_low_support,aggregate_only,146,89
passage_retrieval_en,27,1,0.375,0.26229508196721313,0.0,0.0,0.4166666666666667,0.46875,24,16,0,0,64,61,32,35,0.11270491803278687,0.0,0.052083333333333315,8,True,low_support,unstable,stable_high_fnr_low_support,aggregate_only,217,90
passage_retrieval_zh,3,5,0.375,0.4142857142857143,0.0,0.0,0.46875,0.4270833333333333,27,29,0,0,72,70,24,26,0.03928571428571431,0.0,0.041666666666666685,2,True,low_support,stable,stable_high_fnr_low_support,aggregate_only,82,91
passage_retrieval_en,17,7,0.35294117647058826,0.4084507042253521,0.0,0.0,0.4583333333333333,0.4375,24,29,0,0,68,71,28,25,0.055509527754763865,0.0,0.020833333333333315,5,True,low_support,unstable,stable_high_fnr_low_support,aggregate_only,103,92
samsum,27,5,0.3050847457627119,0.3076923076923077,0.0,0.0,0.4270833333333333,0.46875,18,20,0,0,59,65,37,31,0.0026075619295958252,0.0,0.041666666666666685,2,True,low_support,stable,stable_high_fnr_low_support,aggregate_only,154,93
passage_retrieval_zh,17,5,0.2878787878787879,0.35,0.0,0.0,0.4895833333333333,0.40625,19,21,0,0,66,60,30,36,0.06212121212121208,0.0,0.08333333333333331,2,True,low_support,unstable,stable_high_fnr_low_support,aggregate_only,173,94
passage_retrieval_en,28,0,0.37681159420289856,0.3888888888888889,0.0,0.0,0.4479166666666667,0.4583333333333333,26,28,0,0,69,72,27,24,0.012077294685990336,0.0,0.01041666666666663,2,True,low_support,stable,stable_high_fnr_low_support,aggregate_only,80,95
passage_retrieval_en,0,4,0.3235294117647059,0.4305555555555556,0.0,0.0,0.4791666666666667,0.4270833333333333,22,31,0,0,68,72,28,24,0.10702614379084968,0.0,0.05208333333333337,9,True,low_support,unstable,stable_high_fnr_low_support,aggregate_only,130,96
passage_retrieval_zh,30,6,0.3188405797101449,0.3939393939393939,0.0,0.0,0.4895833333333333,0.4166666666666667,22,26,0,0,69,66,27,30,0.07509881422924902,0.0,0.07291666666666663,4,True,low_support,unstable,stable_high_fnr_low_support,aggregate_only,136,97
passage_retrieval_en,30,3,0.2903225806451613,0.30158730158730157,0.0,0.0,0.4583333333333333,0.4583333333333333,18,19,0,0,62,63,34,33,0.01126472094214026,0.0,0.0,1,True,low_support,stable,stable_high_fnr_low_support,aggregate_only,170,98
passage_retrieval_zh,23,1,0.35714285714285715,0.328125,0.0,0.0,0.46875,0.4479166666666667,25,21,0,0,70,64,26,32,0.02901785714285715,0.0,0.020833333333333315,4,True,low_support,stable,stable_high_fnr_low_support,aggregate_only,128,99
dureader,17,6,0.373134328358209,0.3380281690140845,0.0,0.0,0.4375,0.4895833333333333,25,24,0,0,67,71,29,25,0.03510615934412448,0.0,0.052083333333333315,1,True,low_support,stable,stable_high_fnr_low_support,aggregate_only,119,100
dureader,30,0,0.3333333333333333,0.3787878787878788,0.0,0.0,0.5,0.4270833333333333,24,25,0,0,72,66,24,30,0.04545454545454547,0.0,0.07291666666666669,1,True,low_support,stable,stable_high_fnr_low_support,aggregate_only,124,101
passage_retrieval_en,3,0,0.25396825396825395,0.288135593220339,0.0,0.0,0.4895833333333333,0.4375,16,17,0,0,63,59,33,37,0.03416733925208504,0.0,0.052083333333333315,1,True,low_support,stable,stable_high_fnr_low_support,aggregate_only,229,102
passage_retrieval_en,21,5,0.3333333333333333,0.38571428571428573,0.0,0.0,0.4791666666666667,0.4479166666666667,23,27,0,0,69,70,27,26,0.05238095238095242,0.0,0.03125,4,True,low_support,unstable,stable_high_fnr_low_support,aggregate_only,123,103
passage_retrieval_zh,3,3,0.38028169014084506,0.3611111111111111,0.0,0.0,0.4583333333333333,0.4791666666666667,27,26,0,0,71,72,25,24,0.01917057902973396,0.0,0.02083333333333337,1,True,low_support,stable,stable_high_fnr_low_support,aggregate_only,95,104
samsum,15,3,0.3484848484848485,0.3472222222222222,0.0,0.0,0.4479166666666667,0.4895833333333333,23,25,0,0,66,72,30,24,0.0012626262626262985,0.0,0.04166666666666663,2,True,low_support,stable,stable_high_fnr_low_support,aggregate_only,111,105
passage_retrieval_zh,12,5,0.34285714285714286,0.35294117647058826,0.0,0.0,0.4791666666666667,0.4583333333333333,24,24,0,0,70,68,26,28,0.010084033613445398,0.0,0.02083333333333337,0,True,low_support,stable,stable_high_fnr_low_support,aggregate_only,116,106
hotpotqa,24,4,0.3230769230769231,0.352112676056338,0.0,0.0,0.4583333333333333,0.4791666666666667,21,25,0,0,65,71,31,25,0.02903575297941491,0.0,0.02083333333333337,4,True,low_support,stable,stable_high_fnr_low_support,aggregate_only,132,107
hotpotqa,0,3,0.3835616438356164,0.3181818181818182,0.0,0.0,0.46875,0.46875,28,21,0,0,73,66,23,30,0.06537982565379824,0.0,0.0,7,True,low_support,unstable,stable_high_fnr_low_support,aggregate_only,139,108
hotpotqa,26,7,0.3064516129032258,0.25396825396825395,0.0,0.0,0.4479166666666667,0.4895833333333333,19,16,0,0,62,63,34,33,0.05248335893497186,0.0,0.04166666666666663,3,True,low_support,unstable,stable_high_fnr_low_support,aggregate_only,228,109
passage_retrieval_zh,30,3,0.29411764705882354,0.3384615384615385,0.0,0.0,0.5,0.4479166666666667,20,22,0,0,68,65,28,31,0.04434389140271494,0.0,0.052083333333333315,2,True,low_support,stable,stable_high_fnr_low_support,aggregate_only,166,110
passage_retrieval_zh,1,7,0.35714285714285715,0.2923076923076923,0.0,0.0,0.46875,0.4791666666666667,25,19,0,0,70,65,26,31,0.06483516483516483,0.0,0.010416666666666685,6,True,low_support,unstable,stable_high_fnr_low_support,aggregate_only,167,111
hotpotqa,0,1,0.3684210526315789,0.3972602739726027,0.0,0.0,0.5,0.4583333333333333,28,29,0,0,76,73,20,23,0.02883922134102379,0.0,0.041666666666666685,1,True,low_support,stable,stable_high_fnr_low_support,aggregate_only,86,112
dureader,27,0,0.36619718309859156,0.3188405797101449,0.0,0.0,0.46875,0.4895833333333333,26,22,0,0,71,69,25,27,0.04735660338844666,0.0,0.020833333333333315,4,True,low_support,stable,stable_high_fnr_low_support,aggregate_only,135,113
dureader,15,5,0.4027777777777778,0.30985915492957744,0.0,0.0,0.4479166666666667,0.5104166666666666,29,22,0,0,72,71,24,25,0.09291862284820035,0.0,0.062499999999999944,7,True,low_support,unstable,stable_high_fnr_low_support,aggregate_only,149,114
passage_retrieval_zh,18,4,0.38571428571428573,0.27941176470588236,0.0,0.0,0.4479166666666667,0.5104166666666666,27,19,0,0,70,68,26,28,0.10630252100840337,0.0,0.062499999999999944,8,True,low_support,unstable,stable_high_fnr_low_support,aggregate_only,187,115
passage_retrieval_en,4,5,0.4090909090909091,0.22058823529411764,0.0,0.0,0.40625,0.5520833333333334,27,15,0,0,66,68,30,28,0.18850267379679148,0.0,0.14583333333333337,12,True,low_support,unstable,stable_high_fnr_low_support,aggregate_only,299,116
hotpotqa,19,6,0.29411764705882354,0.375,0.0,0.0,0.5,0.46875,20,27,0,0,68,72,28,24,0.08088235294117646,0.0,0.03125,7,True,low_support,unstable,stable_high_fnr_low_support,aggregate_only,165,117
passage_retrieval_en,29,0,0.28169014084507044,0.36363636363636365,0.0,0.0,0.53125,0.4375,20,24,0,0,71,66,25,30,0.08194622279129321,0.0,0.09375,4,True,low_support,unstable,stable_high_fnr_low_support,aggregate_only,184,118
passage_retrieval_zh,28,3,0.410958904109589,0.2753623188405797,0.0,0.0,0.4479166666666667,0.5208333333333334,30,19,0,0,73,69,23,27,0.1355965852690093,0.0,0.07291666666666669,11,True,low_support,unstable,stable_high_fnr_low_support,aggregate_only,195,119
hotpotqa,15,3,0.3382352941176471,0.2727272727272727,0.0,0.0,0.46875,0.5,23,18,0,0,68,66,28,30,0.06550802139037437,0.0,0.03125,5,True,low_support,unstable,stable_high_fnr_low_support,aggregate_only,202,120
samsum,22,7,0.4305555555555556,0.22388059701492538,0.0,0.0,0.4270833333333333,0.5416666666666666,31,15,0,0,72,67,24,29,0.2066749585406302,0.0,0.11458333333333331,16,True,low_support,unstable,stable_high_fnr_low_support,aggregate_only,291,121
passage_retrieval_zh,1,1,0.208955223880597,0.38461538461538464,0.0,0.0,0.5520833333333334,0.4166666666666667,14,25,0,0,67,65,29,31,0.17566016073478763,0.0,0.13541666666666669,11,True,low_support,unstable,stable_high_fnr_low_support,aggregate_only,330,122
passage_retrieval_en,3,3,0.375,0.33783783783783783,0.0,0.0,0.46875,0.5104166666666666,27,25,0,0,72,74,24,22,0.03716216216216217,0.0,0.04166666666666663,2,True,low_support,stable,stable_high_fnr_low_support,aggregate_only,120,123
samsum,9,1,0.3,0.3283582089552239,0.0,0.0,0.5104166666666666,0.46875,21,22,0,0,70,67,26,29,0.028358208955223896,0.0,0.04166666666666663,1,True,low_support,stable,stable_high_fnr_low_support,aggregate_only,159,124
passage_retrieval_en,4,1,0.29850746268656714,0.36486486486486486,0.0,0.0,0.4895833333333333,0.4895833333333333,20,27,0,0,67,74,29,22,0.06635740217829772,0.0,0.0,7,True,low_support,unstable,stable_high_fnr_low_support,aggregate_only,161,125
passage_retrieval_zh,1,3,0.35294117647058826,0.2753623188405797,0.0,0.0,0.4583333333333333,0.5208333333333334,24,19,0,0,68,69,28,27,0.07757885763000855,0.0,0.06250000000000006,5,True,low_support,unstable,stable_high_fnr_low_support,aggregate_only,196,126
samsum,0,4,0.2,0.2459016393442623,0.0,0.0,0.5,0.4791666666666667,12,15,0,0,60,61,36,35,0.04590163934426228,0.0,0.020833333333333315,3,True,low_support,stable,stable_high_fnr_low_support,aggregate_only,361,127
dureader,9,7,0.41025641025641024,0.3950617283950617,0.0,0.0,0.4791666666666667,0.5104166666666666,32,32,0,0,78,81,18,15,0.015194681861348536,0.0,0.031249999999999944,0,True,low_support,stable,stable_high_fnr_low_support,aggregate_only,64,128
dureader,15,2,0.3188405797101449,0.3333333333333333,0.0,0.0,0.4895833333333333,0.5,22,24,0,0,69,72,27,24,0.014492753623188415,0.0,0.010416666666666685,2,True,low_support,stable,stable_high_fnr_low_support,aggregate_only,137,129
samsum,30,7,0.3188405797101449,0.3142857142857143,0.0,0.0,0.4895833333333333,0.5,22,22,0,0,69,70,27,26,0.004554865424430621,0.0,0.010416666666666685,0,True,low_support,stable,stable_high_fnr_low_support,aggregate_only,145,130
passage_retrieval_en,20,1,0.30434782608695654,0.3472222222222222,0.0,0.0,0.5,0.4895833333333333,21,25,0,0,69,72,27,24,0.04287439613526567,0.0,0.010416666666666685,4,True,low_support,stable,stable_high_fnr_low_support,aggregate_only,156,131
samsum,23,6,0.32857142857142857,0.2835820895522388,0.0,0.0,0.4895833333333333,0.5,23,19,0,0,70,67,26,29,0.04498933901918978,0.0,0.010416666666666685,4,True,low_support,stable,stable_high_fnr_low_support,aggregate_only,182,132
passage_retrieval_en,12,5,0.27941176470588236,0.3333333333333333,0.0,0.0,0.5104166666666666,0.4791666666666667,19,23,0,0,68,69,28,27,0.053921568627450955,0.0,0.031249999999999944,4,True,low_support,unstable,stable_high_fnr_low_support,aggregate_only,188,133
samsum,6,1,0.2727272727272727,0.32857142857142857,0.0,0.0,0.5,0.4895833333333333,18,23,0,0,66,70,30,26,0.05584415584415586,0.0,0.010416666666666685,5,True,low_support,unstable,stable_high_fnr_low_support,aggregate_only,203,134
passage_retrieval_en,18,4,0.3918918918918919,0.3333333333333333,0.0,0.0,0.46875,0.5208333333333334,29,25,0,0,74,75,22,21,0.05855855855855857,0.0,0.05208333333333337,4,True,low_support,unstable,stable_high_fnr_low_support,aggregate_only,122,135
dureader,3,3,0.34782608695652173,0.3055555555555556,0.0,0.0,0.46875,0.5208333333333334,24,22,0,0,69,72,27,24,0.04227053140096615,0.0,0.05208333333333337,2,True,low_support,stable,stable_high_fnr_low_support,aggregate_only,153,136
dureader,17,5,0.35714285714285715,0.2857142857142857,0.0,0.0,0.46875,0.5208333333333334,25,20,0,0,70,70,26,26,0.07142857142857145,0.0,0.05208333333333337,5,True,low_support,unstable,stable_high_fnr_low_support,aggregate_only,175,137
samsum,30,0,0.32857142857142857,0.27941176470588236,0.0,0.0,0.4895833333333333,0.5104166666666666,23,19,0,0,70,68,26,28,0.04915966386554621,0.0,0.020833333333333315,4,True,low_support,stable,stable_high_fnr_low_support,aggregate_only,189,138
dureader,3,5,0.3076923076923077,0.2714285714285714,0.0,0.0,0.46875,0.53125,20,19,0,0,65,70,31,26,0.0362637362637363,0.0,0.0625,1,True,low_support,stable,stable_high_fnr_low_support,aggregate_only,207,139
hotpotqa,21,6,0.2571428571428571,0.35294117647058826,0.0,0.0,0.5416666666666666,0.4583333333333333,18,24,0,0,70,68,26,28,0.09579831932773114,0.0,0.08333333333333331,6,True,low_support,unstable,stable_high_fnr_low_support,aggregate_only,224,140
passage_retrieval_zh,28,5,0.3287671232876712,0.3142857142857143,0.0,0.0,0.5104166666666666,0.5,24,22,0,0,73,70,23,26,0.014481409001956935,0.0,0.01041666666666663,2,True,low_support,stable,stable_high_fnr_low_support,aggregate_only,144,141
passage_retrieval_en,28,5,0.30434782608695654,0.3466666666666667,0.0,0.0,0.5,0.5104166666666666,21,26,0,0,69,75,27,21,0.04231884057971014,0.0,0.01041666666666663,5,True,low_support,stable,stable_high_fnr_low_support,aggregate_only,155,142
hotpotqa,3,0,0.23880597014925373,0.3333333333333333,0.0,0.0,0.53125,0.4791666666666667,16,23,0,0,67,69,29,27,0.09452736318407959,0.0,0.052083333333333315,7,True,low_support,unstable,stable_high_fnr_low_support,aggregate_only,257,143
samsum,26,6,0.32857142857142857,0.28169014084507044,0.0,0.0,0.4895833333333333,0.53125,23,20,0,0,70,71,26,25,0.046881287726358134,0.0,0.041666666666666685,3,True,low_support,stable,stable_high_fnr_low_support,aggregate_only,185,144
passage_retrieval_en,6,7,0.2857142857142857,0.3424657534246575,0.0,0.0,0.5208333333333334,0.5,20,25,0,0,70,73,26,23,0.05675146771037182,0.0,0.02083333333333337,5,True,low_support,unstable,stable_high_fnr_low_support,aggregate_only,176,145
passage_retrieval_zh,4,1,0.32857142857142857,0.3157894736842105,0.0,0.0,0.4895833333333333,0.5416666666666666,23,24,0,0,70,76,26,20,0.012781954887218061,0.0,0.052083333333333315,1,True,low_support,stable,stable_high_fnr_low_support,aggregate_only,140,146
samsum,3,3,0.3194444444444444,0.3150684931506849,0.0,0.0,0.5104166666666666,0.5208333333333334,23,23,0,0,72,73,24,23,0.004375951293759506,0.0,0.01041666666666674,0,True,low_support,stable,stable_high_fnr_low_support,aggregate_only,142,147
hotpotqa,20,1,0.2923076923076923,0.273972602739726,0.0,0.0,0.4791666666666667,0.5520833333333334,19,20,0,0,65,73,31,23,0.01833508956796631,0.0,0.07291666666666669,1,True,low_support,stable,stable_high_fnr_low_support,aggregate_only,201,148
hotpotqa,23,6,0.273972602739726,0.352112676056338,0.0,0.0,0.5520833333333334,0.4791666666666667,20,25,0,0,73,71,23,25,0.07814007331661199,0.0,0.07291666666666669,5,True,low_support,unstable,stable_high_fnr_low_support,aggregate_only,199,149
passage_retrieval_en,2,0,0.2714285714285714,0.3333333333333333,0.0,0.0,0.53125,0.5,19,24,0,0,70,72,26,24,0.06190476190476191,0.0,0.03125,5,True,low_support,unstable,stable_high_fnr_low_support,aggregate_only,205,150
passage_retrieval_en,4,0,0.2535211267605634,0.3235294117647059,0.0,0.0,0.5520833333333334,0.4791666666666667,18,22,0,0,71,68,25,28,0.07000828500414252,0.0,0.07291666666666669,4,True,low_support,unstable,stable_high_fnr_low_support,aggregate_only,230,151
passage_retrieval_zh,17,7,0.24285714285714285,0.38666666666666666,0.0,0.0,0.5520833333333334,0.4791666666666667,17,29,0,0,70,75,26,21,0.1438095238095238,0.0,0.07291666666666669,12,True,low_support,unstable,stable_high_fnr_low_support,aggregate_only,250,152
passage_retrieval_en,30,6,0.3333333333333333,0.3142857142857143,0.0,0.0,0.5416666666666666,0.5,26,22,0,0,78,70,18,26,0.019047619047619035,0.0,0.04166666666666663,4,True,low_support,stable,stable_high_fnr_low_support,aggregate_only,143,153
samsum,21,5,0.23880597014925373,0.3,0.0,0.0,0.53125,0.5104166666666666,16,21,0,0,67,70,29,26,0.06119402985074626,0.0,0.02083333333333337,5,True,low_support,unstable,stable_high_fnr_low_support,aggregate_only,258,154
passage_retrieval_zh,21,3,0.323943661971831,0.23529411764705882,0.0,0.0,0.5,0.5416666666666666,23,16,0,0,71,68,25,28,0.08864954432477218,0.0,0.04166666666666663,7,True,low_support,unstable,stable_high_fnr_low_support,aggregate_only,264,155
hotpotqa,16,2,0.34146341463414637,0.36486486486486486,0.0,0.0,0.5625,0.4895833333333333,28,27,0,0,82,74,14,22,0.02340145023071849,0.0,0.07291666666666669,1,True,low_support,stable,stable_high_fnr_low_support,aggregate_only,118,156
passage_retrieval_en,4,7,0.3287671232876712,0.2972972972972973,0.0,0.0,0.5104166666666666,0.5416666666666666,24,22,0,0,73,74,23,22,0.0314698259903739,0.0,0.03125,2,True,low_support,stable,stable_high_fnr_low_support,aggregate_only,162,157
passage_retrieval_en,1,1,0.2777777777777778,0.3287671232876712,0.0,0.0,0.5416666666666666,0.5104166666666666,20,24,0,0,72,73,24,23,0.050989345509893425,0.0,0.03125,4,True,low_support,unstable,stable_high_fnr_low_support,aggregate_only,191,158
passage_retrieval_en,3,2,0.38666666666666666,0.26666666666666666,0.0,0.0,0.4791666666666667,0.5729166666666666,29,20,0,0,75,75,21,21,0.12,0.0,0.09374999999999994,9,True,low_support,unstable,stable_high_fnr_low_support,aggregate_only,210,159
hotpotqa,27,1,0.25,0.27692307692307694,0.0,0.0,0.5625,0.4895833333333333,18,18,0,0,72,65,24,31,0.02692307692307694,0.0,0.07291666666666669,0,True,low_support,stable,stable_high_fnr_low_support,aggregate_only,240,160
passage_retrieval_en,23,4,0.3472222222222222,0.25,0.0,0.0,0.4895833333333333,0.5625,25,18,0,0,72,72,24,24,0.09722222222222221,0.0,0.07291666666666669,7,True,low_support,unstable,stable_high_fnr_low_support,aggregate_only,233,161
dureader,17,7,0.2571428571428571,0.2222222222222222,0.0,0.0,0.5416666666666666,0.5104166666666666,18,14,0,0,70,63,26,33,0.03492063492063491,0.0,0.03125,4,True,low_support,stable,stable_high_fnr_low_support,aggregate_only,297,162
samsum,17,5,0.35064935064935066,0.3013698630136986,0.0,0.0,0.5208333333333334,0.53125,27,22,0,0,77,73,19,23,0.04927948763565204,0.0,0.01041666666666663,5,True,low_support,stable,stable_high_fnr_low_support,aggregate_only,157,163
dureader,6,7,0.3013698630136986,0.2857142857142857,0.0,0.0,0.53125,0.5208333333333334,22,20,0,0,73,70,23,26,0.015655577299412915,0.0,0.01041666666666663,2,True,low_support,stable,stable_high_fnr_low_support,aggregate_only,177,164
hotpotqa,8,6,0.3142857142857143,0.2638888888888889,0.0,0.0,0.5,0.5520833333333334,22,19,0,0,70,72,26,24,0.050396825396825384,0.0,0.05208333333333337,3,True,low_support,unstable,stable_high_fnr_low_support,aggregate_only,215,165
passage_retrieval_zh,15,2,0.2857142857142857,0.25,0.0,0.0,0.5208333333333334,0.53125,20,17,0,0,70,68,26,28,0.0357142857142857,0.0,0.01041666666666663,3,True,low_support,stable,stable_high_fnr_low_support,aggregate_only,238,166
passage_retrieval_en,19,4,0.34210526315789475,0.3246753246753247,0.0,0.0,0.5208333333333334,0.5416666666666666,26,25,0,0,76,77,20,19,0.017429938482570073,0.0,0.02083333333333326,1,True,low_support,stable,stable_high_fnr_low_support,aggregate_only,129,167
hotpotqa,30,0,0.32,0.2916666666666667,0.0,0.0,0.53125,0.53125,24,21,0,0,75,72,21,24,0.02833333333333332,0.0,0.0,3,True,low_support,stable,stable_high_fnr_low_support,aggregate_only,168,168
dureader,23,6,0.2876712328767123,0.3150684931506849,0.0,0.0,0.5416666666666666,0.5208333333333334,21,23,0,0,73,73,23,23,0.0273972602739726,0.0,0.02083333333333326,2,True,low_support,stable,stable_high_fnr_low_support,aggregate_only,174,169
samsum,18,4,0.3287671232876712,0.28378378378378377,0.0,0.0,0.5104166666666666,0.5520833333333334,24,21,0,0,73,74,23,22,0.04498333950388744,0.0,0.04166666666666674,3,True,low_support,stable,stable_high_fnr_low_support,aggregate_only,179,170
hotpotqa,3,3,0.3194444444444444,0.2638888888888889,0.0,0.0,0.5104166666666666,0.5520833333333334,23,19,0,0,72,72,24,24,0.055555555555555525,0.0,0.04166666666666674,4,True,low_support,unstable,stable_high_fnr_low_support,aggregate_only,214,171
samsum,2,0,0.3013698630136986,0.2608695652173913,0.0,0.0,0.53125,0.53125,22,18,0,0,73,69,23,27,0.040500297796307316,0.0,0.0,4,True,low_support,stable,stable_high_fnr_low_support,aggregate_only,218,172
hotpotqa,21,5,0.3142857142857143,0.2602739726027397,0.0,0.0,0.5,0.5625,22,19,0,0,70,73,26,23,0.05401174168297457,0.0,0.0625,3,True,low_support,unstable,stable_high_fnr_low_support,aggregate_only,220,173
hotpotqa,19,4,0.25675675675675674,0.3472222222222222,0.0,0.0,0.5729166666666666,0.4895833333333333,19,25,0,0,74,72,22,24,0.09046546546546547,0.0,0.08333333333333331,6,True,low_support,unstable,stable_high_fnr_low_support,aggregate_only,226,174
passage_retrieval_zh,28,0,0.25,0.3076923076923077,0.0,0.0,0.59375,0.46875,19,20,0,0,76,65,20,31,0.05769230769230771,0.0,0.125,1,True,low_support,unstable,stable_high_fnr_low_support,aggregate_only,237,175
samsum,14,0,0.22727272727272727,0.22727272727272727,0.0,0.0,0.53125,0.53125,15,15,0,0,66,66,30,30,0.0,0.0,0.0,0,True,low_support,stable,stable_high_fnr_low_support,aggregate_only,282,176
samsum,24,5,0.22535211267605634,0.3088235294117647,0.0,0.0,0.5729166666666666,0.4895833333333333,16,21,0,0,71,68,25,28,0.08347141673570838,0.0,0.08333333333333331,5,True,low_support,unstable,stable_high_fnr_low_support,aggregate_only,287,177
samsum,22,2,0.21875,0.2571428571428571,0.0,0.0,0.5208333333333334,0.5416666666666666,14,18,0,0,64,70,32,26,0.03839285714285712,0.0,0.02083333333333326,4,True,low_support,stable,stable_high_fnr_low_support,aggregate_only,308,178
samsum,23,3,0.30303030303030304,0.2,0.0,0.0,0.4791666666666667,0.5833333333333334,20,14,0,0,66,70,30,26,0.10303030303030303,0.0,0.10416666666666669,6,True,low_support,unstable,stable_high_fnr_low_support,aggregate_only,356,179
passage_retrieval_en,22,6,0.2777777777777778,0.2714285714285714,0.0,0.0,0.5416666666666666,0.53125,20,19,0,0,72,70,24,26,0.006349206349206382,0.0,0.01041666666666663,1,True,low_support,stable,stable_high_fnr_low_support,aggregate_only,208,180
passage_retrieval_en,1,7,0.2676056338028169,0.34615384615384615,0.0,0.0,0.5416666666666666,0.53125,19,27,0,0,71,78,25,18,0.07854821235102927,0.0,0.01041666666666663,8,True,low_support,unstable,stable_high_fnr_low_support,aggregate_only,209,181
hotpotqa,4,0,0.25,0.23529411764705882,0.0,0.0,0.53125,0.5416666666666666,17,16,0,0,68,68,28,28,0.01470588235294118,0.0,0.01041666666666663,1,True,low_support,stable,stable_high_fnr_low_support,aggregate_only,266,182
passage_retrieval_en,25,6,0.29411764705882354,0.22535211267605634,0.0,0.0,0.5,0.5729166666666666,20,16,0,0,68,71,28,25,0.0687655343827672,0.0,0.07291666666666663,4,True,low_support,unstable,stable_high_fnr_low_support,aggregate_only,288,183
dureader,12,5,0.27692307692307694,0.2328767123287671,0.0,0.0,0.4895833333333333,0.5833333333333334,18,17,0,0,65,73,31,23,0.04404636459430983,0.0,0.09375000000000006,1,True,low_support,stable,stable_high_fnr_low_support,aggregate_only,272,184
passage_retrieval_zh,26,6,0.32,0.3291139240506329,0.0,0.0,0.53125,0.5520833333333334,24,26,0,0,75,79,21,17,0.009113924050632882,0.0,0.02083333333333337,2,True,low_support,stable,stable_high_fnr_low_support,aggregate_only,134,185
hotpotqa,6,1,0.2714285714285714,0.3026315789473684,0.0,0.0,0.53125,0.5520833333333334,19,23,0,0,70,76,26,20,0.03120300751879701,0.0,0.02083333333333337,4,True,low_support,stable,stable_high_fnr_low_support,aggregate_only,206,186
hotpotqa,18,4,0.29577464788732394,0.2602739726027397,0.0,0.0,0.5208333333333334,0.5625,21,19,0,0,71,73,25,23,0.03550067528458423,0.0,0.04166666666666663,2,True,low_support,stable,stable_high_fnr_low_support,aggregate_only,221,187
hotpotqa,2,0,0.25,0.2647058823529412,0.0,0.0,0.5625,0.5208333333333334,18,18,0,0,72,68,24,28,0.01470588235294118,0.0,0.04166666666666663,0,True,low_support,stable,stable_high_fnr_low_support,aggregate_only,239,188
hotpotqa,17,5,0.3013698630136986,0.22058823529411764,0.0,0.0,0.53125,0.5520833333333334,22,15,0,0,73,68,23,28,0.08078162771958097,0.0,0.02083333333333337,7,True,low_support,unstable,stable_high_fnr_low_support,aggregate_only,300,189
dureader,18,7,0.2835820895522388,0.2112676056338028,0.0,0.0,0.5,0.5833333333333334,19,15,0,0,67,71,29,25,0.07231448391843598,0.0,0.08333333333333337,4,True,low_support,unstable,stable_high_fnr_low_support,aggregate_only,323,190
passage_retrieval_en,20,7,0.375,0.3373493975903614,0.0,0.0,0.5208333333333334,0.5729166666666666,30,28,0,0,80,83,16,13,0.03765060240963858,0.0,0.05208333333333326,2,True,low_support,stable,stable_high_fnr_low_support,aggregate_only,121,191
passage_retrieval_en,21,0,0.2894736842105263,0.3013698630136986,0.0,0.0,0.5625,0.53125,22,22,0,0,76,73,20,23,0.011896178803172286,0.0,0.03125,0,True,low_support,stable,stable_high_fnr_low_support,aggregate_only,171,192
samsum,21,3,0.32,0.23943661971830985,0.0,0.0,0.53125,0.5625,24,17,0,0,75,71,21,25,0.08056338028169016,0.0,0.03125,7,True,low_support,unstable,stable_high_fnr_low_support,aggregate_only,253,193
hotpotqa,29,0,0.3194444444444444,0.2328767123287671,0.0,0.0,0.5104166666666666,0.5833333333333334,23,17,0,0,72,73,24,23,0.08656773211567731,0.0,0.07291666666666674,6,True,low_support,unstable,stable_high_fnr_low_support,aggregate_only,270,194
dureader,31,7,0.2153846153846154,0.2602739726027397,0.0,0.0,0.53125,0.5625,14,19,0,0,65,73,31,23,0.044889357218124315,0.0,0.03125,5,True,low_support,stable,stable_high_fnr_low_support,aggregate_only,316,195
dureader,13,3,0.3076923076923077,0.30666666666666664,0.0,0.0,0.5625,0.5416666666666666,24,23,0,0,78,75,18,21,0.0010256410256410664,0.0,0.02083333333333337,1,True,low_support,stable,stable_high_fnr_low_support,aggregate_only,151,196
hotpotqa,28,0,0.2777777777777778,0.28,0.0,0.0,0.5416666666666666,0.5625,20,21,0,0,72,75,24,21,0.0022222222222222365,0.0,0.02083333333333337,1,True,low_support,stable,stable_high_fnr_low_support,aggregate_only,193,197
dureader,2,0,0.30434782608695654,0.275,0.0,0.0,0.5,0.6041666666666666,21,22,0,0,69,80,27,16,0.02934782608695652,0.0,0.10416666666666663,1,True,low_support,stable,stable_high_fnr_low_support,aggregate_only,198,198
passage_retrieval_en,17,4,0.22857142857142856,0.2463768115942029,0.0,0.0,0.5625,0.5416666666666666,16,17,0,0,70,69,26,27,0.017805383022774346,0.0,0.02083333333333337,1,True,low_support,stable,stable_high_fnr_low_support,aggregate_only,281,199
hotpotqa,4,7,0.32,0.22535211267605634,0.0,0.0,0.53125,0.5729166666666666,24,16,0,0,75,71,21,25,0.09464788732394366,0.0,0.04166666666666663,8,True,low_support,unstable,stable_high_fnr_low_support,aggregate_only,285,200
passage_retrieval_en,5,5,0.2191780821917808,0.3287671232876712,0.0,0.0,0.59375,0.5104166666666666,16,24,0,0,73,73,23,23,0.1095890410958904,0.0,0.08333333333333337,8,True,low_support,unstable,stable_high_fnr_low_support,aggregate_only,302,201
samsum,20,1,0.3116883116883117,0.2638888888888889,0.0,0.0,0.5520833333333334,0.5520833333333334,24,19,0,0,77,72,19,24,0.047799422799422786,0.0,0.0,5,True,low_support,stable,stable_high_fnr_low_support,aggregate_only,213,202
samsum,17,7,0.2,0.2857142857142857,0.0,0.0,0.5833333333333334,0.5208333333333334,14,20,0,0,70,70,26,26,0.08571428571428569,0.0,0.0625,6,True,low_support,unstable,stable_high_fnr_low_support,aggregate_only,355,203
gsm8k,24,5,0.27586206896551724,0.21666666666666667,0.0,0.0,0.525,0.5875,16,13,0,0,58,60,22,20,0.059195402298850563,0.0,0.0625,3,True,low_support,unstable,stable_high_fnr_low_support,aggregate_only,309,204
passage_retrieval_en,20,5,0.2465753424657534,0.2876712328767123,0.0,0.0,0.5729166666666666,0.5416666666666666,18,21,0,0,73,73,23,23,0.0410958904109589,0.0,0.03125,3,True,low_support,stable,stable_high_fnr_low_support,aggregate_only,242,205
passage_retrieval_en,26,5,0.23529411764705882,0.25675675675675674,0.0,0.0,0.5416666666666666,0.5729166666666666,16,19,0,0,68,74,28,22,0.021462639109697923,0.0,0.03125,3,True,low_support,stable,stable_high_fnr_low_support,aggregate_only,265,206
passage_retrieval_zh,26,5,0.21428571428571427,0.30666666666666664,0.0,0.0,0.5729166666666666,0.5416666666666666,15,23,0,0,70,75,26,21,0.09238095238095237,0.0,0.03125,8,True,low_support,unstable,stable_high_fnr_low_support,aggregate_only,318,207
dureader,13,1,0.28378378378378377,0.2894736842105263,0.0,0.0,0.5520833333333334,0.5625,21,22,0,0,74,76,22,20,0.005689900426742556,0.0,0.01041666666666663,1,True,low_support,stable,stable_high_fnr_low_support,aggregate_only,180,208
dureader,1,3,0.20588235294117646,0.24285714285714285,0.0,0.0,0.5625,0.5520833333333334,14,17,0,0,68,70,28,26,0.036974789915966394,0.0,0.01041666666666663,3,True,low_support,stable,stable_high_fnr_low_support,aggregate_only,338,209
passage_retrieval_zh,6,0,0.2597402597402597,0.32894736842105265,0.0,0.0,0.59375,0.53125,20,25,0,0,77,76,19,20,0.06920710868079294,0.0,0.0625,5,True,low_support,unstable,stable_high_fnr_low_support,aggregate_only,223,210
dureader,9,6,0.24324324324324326,0.2676056338028169,0.0,0.0,0.5833333333333334,0.5416666666666666,18,19,0,0,74,71,22,25,0.02436239055957362,0.0,0.04166666666666674,1,True,low_support,stable,stable_high_fnr_low_support,aggregate_only,248,211
hotpotqa,28,4,0.2602739726027397,0.23943661971830985,0.0,0.0,0.5625,0.5625,19,17,0,0,73,71,23,25,0.020837352884429866,0.0,0.0,2,True,low_support,stable,stable_high_fnr_low_support,aggregate_only,254,212
passage_retrieval_zh,18,7,0.2361111111111111,0.2535211267605634,0.0,0.0,0.5729166666666666,0.5520833333333334,17,18,0,0,72,71,24,25,0.01741001564945227,0.0,0.02083333333333326,1,True,low_support,stable,stable_high_fnr_low_support,aggregate_only,262,213
passage_retrieval_zh,18,5,0.29577464788732394,0.21621621621621623,0.0,0.0,0.5208333333333334,0.6041666666666666,21,16,0,0,71,74,25,22,0.07955843167110771,0.0,0.08333333333333326,5,True,low_support,unstable,stable_high_fnr_low_support,aggregate_only,310,214
samsum,15,2,0.21052631578947367,0.36,0.0,0.0,0.625,0.5,16,27,0,0,76,75,20,21,0.14947368421052631,0.0,0.125,11,True,low_support,unstable,stable_high_fnr_low_support,aggregate_only,326,215
dureader,12,0,0.34146341463414637,0.32926829268292684,0.0,0.0,0.5625,0.5729166666666666,28,27,0,0,82,82,14,14,0.012195121951219523,0.0,0.01041666666666663,1,True,low_support,stable,stable_high_fnr_low_support,aggregate_only,125,216
dureader,1,7,0.3076923076923077,0.27631578947368424,0.0,0.0,0.5625,0.5729166666666666,24,21,0,0,78,76,18,20,0.03137651821862347,0.0,0.01041666666666663,3,True,low_support,stable,stable_high_fnr_low_support,aggregate_only,194,217
hotpotqa,13,3,0.25,0.27631578947368424,0.0,0.0,0.5625,0.5729166666666666,18,21,0,0,72,76,24,20,0.026315789473684237,0.0,0.01041666666666663,3,True,low_support,stable,stable_high_fnr_low_support,aggregate_only,236,218
samsum,17,6,0.2463768115942029,0.24,0.0,0.0,0.5416666666666666,0.59375,17,18,0,0,69,75,27,21,0.006376811594202919,0.0,0.05208333333333337,1,True,low_support,stable,stable_high_fnr_low_support,aggregate_only,252,219
hotpotqa,15,2,0.2361111111111111,0.28,0.0,0.0,0.5729166666666666,0.5625,17,21,0,0,72,75,24,21,0.04388888888888892,0.0,0.01041666666666663,4,True,low_support,stable,stable_high_fnr_low_support,aggregate_only,261,220
samsum,29,1,0.22972972972972974,0.2972972972972973,0.0,0.0,0.59375,0.5416666666666666,17,22,0,0,74,74,22,22,0.06756756756756757,0.0,0.05208333333333337,5,True,low_support,unstable,stable_high_fnr_low_support,aggregate_only,277,221
dureader,19,5,0.2876712328767123,0.20833333333333334,0.0,0.0,0.5416666666666666,0.59375,21,15,0,0,73,72,23,24,0.07933789954337897,0.0,0.05208333333333337,6,True,low_support,unstable,stable_high_fnr_low_support,aggregate_only,331,222
hotpotqa,17,7,0.20588235294117646,0.22535211267605634,0.0,0.0,0.5625,0.5729166666666666,14,16,0,0,68,71,28,25,0.019469759734879882,0.0,0.01041666666666663,2,True,low_support,stable,stable_high_fnr_low_support,aggregate_only,339,223
samsum,27,1,0.19117647058823528,0.22857142857142856,0.0,0.0,0.5729166666666666,0.5625,13,16,0,0,68,70,28,26,0.03739495798319328,0.0,0.01041666666666663,3,True,low_support,stable,stable_low_fpr,aggregate_only,373,224
samsum,5,5,0.24324324324324326,0.2318840579710145,0.0,0.0,0.5833333333333334,0.5520833333333334,18,16,0,0,74,69,22,27,0.011359185272228761,0.0,0.03125,2,True,low_support,stable,stable_high_fnr_low_support,aggregate_only,273,225
samsum,19,4,0.2222222222222222,0.273972602739726,0.0,0.0,0.5833333333333334,0.5520833333333334,16,20,0,0,72,73,24,23,0.0517503805175038,0.0,0.03125,4,True,low_support,unstable,stable_high_fnr_low_support,aggregate_only,295,226
samsum,1,1,0.24285714285714285,0.2112676056338028,0.0,0.0,0.5520833333333334,0.5833333333333334,17,15,0,0,70,71,26,25,0.03158953722334004,0.0,0.03125,2,True,low_support,stable,stable_high_fnr_low_support,aggregate_only,325,227
passage_retrieval_en,21,3,0.2,0.24285714285714285,0.0,0.0,0.5833333333333334,0.5520833333333334,14,17,0,0,70,70,26,26,0.042857142857142844,0.0,0.03125,3,True,low_support,stable,stable_high_fnr_low_support,aggregate_only,359,228
passage_retrieval_zh,17,6,0.2222222222222222,0.2602739726027397,0.0,0.0,0.5833333333333334,0.5625,16,19,0,0,72,73,24,23,0.0380517503805175,0.0,0.02083333333333337,3,True,low_support,stable,stable_high_fnr_low_support,aggregate_only,296,229
passage_retrieval_en,31,0,0.19696969696969696,0.22972972972972974,0.0,0.0,0.5520833333333334,0.59375,13,17,0,0,66,74,30,22,0.03276003276003278,0.0,0.04166666666666663,4,True,low_support,stable,stable_low_fpr,aggregate_only,364,230
hotpotqa,31,7,0.19696969696969696,0.18571428571428572,0.0,0.0,0.5520833333333334,0.59375,13,13,0,0,66,70,30,26,0.01125541125541124,0.0,0.04166666666666663,0,True,low_support,stable,stable_low_fpr,aggregate_only,382,231
gsm8k,30,3,0.23076923076923078,0.2631578947368421,0.0,0.0,0.625,0.525,15,15,0,0,65,57,15,23,0.03238866396761131,0.0,0.09999999999999998,0,True,low_support,stable,stable_high_fnr_low_support,aggregate_only,276,232
passage_retrieval_en,8,4,0.3125,0.3253012048192771,0.0,0.0,0.5729166666666666,0.5833333333333334,25,27,0,0,80,83,16,13,0.012801204819277101,0.0,0.01041666666666674,2,True,low_support,stable,stable_high_fnr_low_support,aggregate_only,147,233
dureader,1,1,0.28,0.3048780487804878,0.0,0.0,0.5625,0.59375,21,25,0,0,75,82,21,14,0.02487804878048777,0.0,0.03125,4,True,low_support,stable,stable_high_fnr_low_support,aggregate_only,186,234
dureader,10,1,0.24324324324324326,0.22535211267605634,0.0,0.0,0.5833333333333334,0.5729166666666666,18,16,0,0,74,71,22,25,0.017891130567186914,0.0,0.01041666666666674,2,True,low_support,stable,stable_high_fnr_low_support,aggregate_only,289,235
dureader,12,6,0.3333333333333333,0.2839506172839506,0.0,0.0,0.5625,0.6041666666666666,27,23,0,0,81,81,15,15,0.04938271604938271,0.0,0.04166666666666663,4,True,low_support,stable,stable_high_fnr_low_support,aggregate_only,178,236
hotpotqa,19,3,0.27631578947368424,0.25,0.0,0.0,0.5729166666666666,0.59375,21,19,0,0,76,76,20,20,0.026315789473684237,0.0,0.02083333333333337,2,True,low_support,stable,stable_high_fnr_low_support,aggregate_only,235,237
hotpotqa,20,0,0.27631578947368424,0.2191780821917808,0.0,0.0,0.5729166666666666,0.59375,21,16,0,0,76,73,20,23,0.05713770728190343,0.0,0.02083333333333337,5,True,low_support,unstable,stable_high_fnr_low_support,aggregate_only,303,238
passage_retrieval_en,6,0,0.21621621621621623,0.25,0.0,0.0,0.6041666666666666,0.5625,16,18,0,0,74,72,22,24,0.03378378378378377,0.0,0.04166666666666663,2,True,low_support,stable,stable_high_fnr_low_support,aggregate_only,312,239
passage_retrieval_en,13,1,0.2777777777777778,0.21052631578947367,0.0,0.0,0.5416666666666666,0.625,20,16,0,0,72,76,24,20,0.06725146198830412,0.0,0.08333333333333337,4,True,low_support,unstable,stable_high_fnr_low_support,aggregate_only,327,240
samsum,3,0,0.19718309859154928,0.19117647058823528,0.0,0.0,0.59375,0.5729166666666666,14,13,0,0,71,68,25,28,0.006006628003314002,0.0,0.02083333333333337,1,True,low_support,stable,stable_low_fpr,aggregate_only,374,241
dureader,28,7,0.2625,0.3116883116883117,0.0,0.0,0.6145833333333334,0.5520833333333334,21,24,0,0,80,77,16,19,0.04918831168831167,0.0,0.0625,3,True,low_support,stable,stable_high_fnr_low_support,aggregate_only,216,242
hotpotqa,29,1,0.2631578947368421,0.25333333333333335,0.0,0.0,0.5833333333333334,0.5833333333333334,20,19,0,0,76,75,20,21,0.009824561403508736,0.0,0.0,1,True,low_support,stable,stable_high_fnr_low_support,aggregate_only,231,243
hotpotqa,15,4,0.23376623376623376,0.3026315789473684,0.0,0.0,0.6145833333333334,0.5520833333333334,18,23,0,0,77,76,19,20,0.06886534518113466,0.0,0.0625,5,True,low_support,unstable,stable_high_fnr_low_support,aggregate_only,268,244
samsum,24,0,0.29333333333333333,0.23376623376623376,0.0,0.0,0.5520833333333334,0.6145833333333334,22,18,0,0,75,77,21,19,0.059567099567099574,0.0,0.0625,4,True,low_support,unstable,stable_high_fnr_low_support,aggregate_only,269,245
gsm8k,27,5,0.19298245614035087,0.23809523809523808,0.0,0.0,0.575,0.6,11,15,0,0,57,63,23,17,0.045112781954887216,0.0,0.025000000000000022,4,True,low_support,stable,stable_low_fpr,aggregate_only,369,246
gsm8k,9,1,0.2878787878787879,0.22950819672131148,0.0,0.0,0.5875,0.5875,19,14,0,0,66,61,14,19,0.05837059115747642,0.0,0.0,5,True,low_support,unstable,stable_high_fnr_low_support,aggregate_only,279,247
dureader,3,2,0.26666666666666666,0.23684210526315788,0.0,0.0,0.5729166666666666,0.6041666666666666,20,18,0,0,75,76,21,20,0.02982456140350878,0.0,0.03125,2,True,low_support,stable,stable_high_fnr_low_support,aggregate_only,260,248
passage_retrieval_zh,17,1,0.26666666666666666,0.21621621621621623,0.0,0.0,0.5729166666666666,0.6041666666666666,20,16,0,0,75,74,21,22,0.050450450450450435,0.0,0.03125,4,True,low_support,unstable,stable_high_fnr_low_support,aggregate_only,311,249
passage_retrieval_en,11,7,0.2054794520547945,0.2465753424657534,0.0,0.0,0.6041666666666666,0.5729166666666666,15,18,0,0,73,73,23,23,0.0410958904109589,0.0,0.03125,3,True,low_support,stable,stable_high_fnr_low_support,aggregate_only,340,250
passage_retrieval_en,2,2,0.24324324324324326,0.22972972972972974,0.0,0.0,0.5833333333333334,0.59375,18,17,0,0,74,74,22,22,0.013513513513513514,0.0,0.01041666666666663,1,True,low_support,stable,stable_high_fnr_low_support,aggregate_only,278,251
samsum,17,4,0.21052631578947367,0.2318840579710145,0.0,0.0,0.625,0.5520833333333334,16,16,0,0,76,69,20,27,0.021357742181540823,0.0,0.07291666666666663,0,True,low_support,stable,stable_high_fnr_low_support,aggregate_only,329,252
dureader,11,7,0.20270270270270271,0.22857142857142856,0.0,0.0,0.6145833333333334,0.5625,15,16,0,0,74,70,22,26,0.02586872586872585,0.0,0.05208333333333337,1,True,low_support,stable,stable_high_fnr_low_support,aggregate_only,348,253
passage_retrieval_en,15,4,0.24324324324324326,0.19718309859154928,0.0,0.0,0.5833333333333334,0.59375,18,14,0,0,74,71,22,25,0.046060144651693974,0.0,0.01041666666666663,4,True,low_support,stable,stable_low_fpr,aggregate_only,363,254
passage_retrieval_zh,8,4,0.3125,0.2891566265060241,0.0,0.0,0.5729166666666666,0.6145833333333334,25,24,0,0,80,83,16,13,0.023343373493975916,0.0,0.04166666666666674,1,True,low_support,stable,stable_high_fnr_low_support,aggregate_only,172,255
passage_retrieval_en,26,1,0.27631578947368424,0.25316455696202533,0.0,0.0,0.5729166666666666,0.6145833333333334,21,20,0,0,76,79,20,17,0.023151232511658904,0.0,0.04166666666666674,1,True,low_support,stable,stable_high_fnr_low_support,aggregate_only,232,256
passage_retrieval_zh,19,5,0.27631578947368424,0.2236842105263158,0.0,0.0,0.5729166666666666,0.6145833333333334,21,17,0,0,76,76,20,20,0.052631578947368446,0.0,0.04166666666666674,4,True,low_support,unstable,stable_high_fnr_low_support,aggregate_only,292,257
samsum,20,0,0.21621621621621623,0.2328767123287671,0.0,0.0,0.6041666666666666,0.5833333333333334,16,17,0,0,74,73,22,23,0.016660496112550882,0.0,0.02083333333333326,1,True,low_support,stable,stable_high_fnr_low_support,aggregate_only,315,258
dureader,16,0,0.21428571428571427,0.21333333333333335,0.0,0.0,0.5729166666666666,0.6145833333333334,15,16,0,0,70,75,26,21,0.0009523809523809268,0.0,0.04166666666666674,1,True,low_support,stable,stable_high_fnr_low_support,aggregate_only,321,259
passage_retrieval_zh,28,7,0.2112676056338028,0.24675324675324675,0.0,0.0,0.5833333333333334,0.6041666666666666,15,19,0,0,71,77,25,19,0.03548564111944394,0.0,0.02083333333333326,4,True,low_support,stable,stable_high_fnr_low_support,aggregate_only,324,260
passage_retrieval_zh,15,5,0.18309859154929578,0.2328767123287671,0.0,0.0,0.6041666666666666,0.5833333333333334,13,17,0,0,71,73,25,23,0.04977812077947133,0.0,0.02083333333333326,4,True,low_support,stable,stable_low_fpr,aggregate_only,385,261
hotpotqa,26,5,0.20833333333333334,0.22666666666666666,0.0,0.0,0.59375,0.6041666666666666,15,17,0,0,72,75,24,21,0.018333333333333313,0.0,0.01041666666666663,2,True,low_support,stable,stable_high_fnr_low_support,aggregate_only,333,262
passage_retrieval_zh,18,1,0.24358974358974358,0.24324324324324326,0.0,0.0,0.6145833333333334,0.5833333333333334,19,18,0,0,78,74,18,22,0.000346500346500328,0.0,0.03125,1,True,low_support,stable,stable_high_fnr_low_support,aggregate_only,249,263
hotpotqa,12,5,0.25333333333333335,0.20270270270270271,0.0,0.0,0.5833333333333334,0.6145833333333334,19,15,0,0,75,74,21,22,0.05063063063063064,0.0,0.03125,4,True,low_support,unstable,stable_high_fnr_low_support,aggregate_only,346,264
hotpotqa,24,2,0.23684210526315788,0.22666666666666666,0.0,0.0,0.6041666666666666,0.6041666666666666,18,17,0,0,76,75,20,21,0.010175438596491226,0.0,0.0,1,True,low_support,stable,stable_high_fnr_low_support,aggregate_only,283,265
samsum,17,1,0.22666666666666666,0.2054794520547945,0.0,0.0,0.6041666666666666,0.6041666666666666,17,15,0,0,75,73,21,23,0.021187214611872146,0.0,0.0,2,True,low_support,stable,stable_high_fnr_low_support,aggregate_only,341,266
samsum,25,3,0.2054794520547945,0.18309859154929578,0.0,0.0,0.6041666666666666,0.6041666666666666,15,13,0,0,73,71,23,25,0.02238086050549873,0.0,0.0,2,True,low_support,stable,stable_low_fpr,aggregate_only,388,267
passage_retrieval_zh,29,2,0.273972602739726,0.20253164556962025,0.0,0.0,0.5520833333333334,0.65625,20,16,0,0,73,79,23,17,0.07144095717010576,0.0,0.10416666666666663,4,True,low_support,unstable,stable_high_fnr_low_support,aggregate_only,351,268
samsum,4,7,0.19718309859154928,0.18055555555555555,0.0,0.0,0.59375,0.6145833333333334,14,13,0,0,71,72,25,24,0.01662754303599373,0.0,0.02083333333333337,1,True,low_support,stable,stable_low_fpr,aggregate_only,391,269
gsm8k,3,5,0.24242424242424243,0.25396825396825395,0.0,0.0,0.625,0.5875,16,16,0,0,66,63,14,17,0.011544011544011523,0.0,0.03749999999999998,0,True,low_support,stable,stable_high_fnr_low_support,aggregate_only,251,270
gsm8k,1,3,0.1864406779661017,0.19672131147540983,0.0,0.0,0.6,0.6125,11,12,0,0,59,61,21,19,0.010280633509308135,0.0,0.012500000000000067,1,True,low_support,stable,stable_low_fpr,aggregate_only,381,271
gsm8k,18,4,0.18333333333333332,0.1724137931034483,0.0,0.0,0.6125,0.6,11,10,0,0,60,58,20,22,0.010919540229885033,0.0,0.012500000000000067,1,True,low_support,stable,stable_low_fpr,aggregate_only,405,272
gsm8k,0,4,0.12280701754385964,0.11320754716981132,0.0,0.0,0.625,0.5875,7,6,0,0,57,53,23,27,0.009599470374048319,0.0,0.03749999999999998,1,True,low_support,stable,stable_low_fpr,aggregate_only,548,273
dureader,26,3,0.2236842105263158,0.21621621621621623,0.0,0.0,0.6145833333333334,0.6041666666666666,17,16,0,0,76,74,20,22,0.007467994310099563,0.0,0.01041666666666674,1,True,low_support,stable,stable_high_fnr_low_support,aggregate_only,313,274
hotpotqa,30,6,0.2191780821917808,0.2,0.0,0.0,0.59375,0.625,16,15,0,0,73,75,23,21,0.0191780821917808,0.0,0.03125,1,True,low_support,stable,stable_high_fnr_low_support,aggregate_only,358,275
passage_retrieval_zh,21,0,0.18840579710144928,0.14084507042253522,0.0,0.0,0.5833333333333334,0.6354166666666666,13,10,0,0,69,71,27,25,0.04756072667891406,0.0,0.05208333333333326,3,True,low_support,stable,stable_low_fpr,aggregate_only,472,276
passage_retrieval_zh,12,6,0.3103448275862069,0.3409090909090909,0.0,0.0,0.625,0.6041666666666666,27,30,0,0,87,88,9,8,0.030564263322883978,0.0,0.02083333333333337,3,True,low_support,stable,stable_high_fnr_low_support,aggregate_only,148,277
passage_retrieval_zh,31,0,0.22784810126582278,0.2191780821917808,0.0,0.0,0.6354166666666666,0.59375,18,16,0,0,79,73,17,23,0.008670019074041968,0.0,0.04166666666666663,2,True,low_support,stable,stable_high_fnr_low_support,aggregate_only,304,278
dureader,10,5,0.2,0.2894736842105263,0.0,0.0,0.6666666666666666,0.5625,16,22,0,0,80,76,16,20,0.08947368421052632,0.0,0.10416666666666663,6,True,low_support,unstable,stable_high_fnr_low_support,aggregate_only,354,279
passage_retrieval_zh,11,7,0.19736842105263158,0.2191780821917808,0.0,0.0,0.6354166666666666,0.59375,15,16,0,0,76,73,20,23,0.021809661139149228,0.0,0.04166666666666663,1,True,low_support,stable,stable_low_fpr,aggregate_only,362,280
hotpotqa,6,0,0.19444444444444445,0.21052631578947367,0.0,0.0,0.6041666666666666,0.625,14,16,0,0,72,76,24,20,0.016081871345029225,0.0,0.02083333333333337,2,True,low_support,stable,stable_low_fpr,aggregate_only,367,281
passage_retrieval_zh,2,4,0.2191780821917808,0.18666666666666668,0.0,0.0,0.59375,0.6354166666666666,16,14,0,0,73,75,23,21,0.032511415525114135,0.0,0.04166666666666663,2,True,low_support,stable,stable_low_fpr,aggregate_only,380,282
passage_retrieval_en,18,5,0.21518987341772153,0.24324324324324326,0.0,0.0,0.6458333333333334,0.5833333333333334,17,18,0,0,79,74,17,22,0.02805336982552173,0.0,0.0625,1,True,low_support,stable,stable_high_fnr_low_support,aggregate_only,317,283
passage_retrieval_zh,15,4,0.1917808219178082,0.23376623376623376,0.0,0.0,0.6145833333333334,0.6145833333333334,14,18,0,0,73,77,23,19,0.04198541184842555,0.0,0.0,4,True,low_support,stable,stable_low_fpr,aggregate_only,372,284
samsum,1,7,0.16417910447761194,0.17333333333333334,0.0,0.0,0.5833333333333334,0.6458333333333334,11,13,0,0,67,75,29,21,0.009154228855721397,0.0,0.0625,2,True,low_support,stable,stable_low_fpr,aggregate_only,422,285
passage_retrieval_en,19,1,0.2077922077922078,0.24675324675324675,0.0,0.0,0.6354166666666666,0.6041666666666666,16,19,0,0,77,77,19,19,0.038961038961038946,0.0,0.03125,3,True,low_support,stable,stable_high_fnr_low_support,aggregate_only,334,286
samsum,4,1,0.21428571428571427,0.16883116883116883,0.0,0.0,0.5729166666666666,0.6666666666666666,15,13,0,0,70,77,26,19,0.04545454545454544,0.0,0.09375,2,True,low_support,stable,stable_low_fpr,aggregate_only,412,287
dureader,17,1,0.24050632911392406,0.2236842105263158,0.0,0.0,0.625,0.6145833333333334,19,17,0,0,79,76,17,20,0.016822118587608265,0.0,0.01041666666666663,2,True,low_support,stable,stable_high_fnr_low_support,aggregate_only,293,288
dureader,1,6,0.2125,0.2631578947368421,0.0,0.0,0.65625,0.5833333333333334,17,20,0,0,80,76,16,20,0.050657894736842096,0.0,0.07291666666666663,3,True,low_support,unstable,stable_high_fnr_low_support,aggregate_only,322,289
dureader,22,2,0.24358974358974358,0.21052631578947367,0.0,0.0,0.6145833333333334,0.625,19,16,0,0,78,76,18,20,0.03306342780026991,0.0,0.01041666666666663,3,True,low_support,stable,stable_high_fnr_low_support,aggregate_only,328,290
hotpotqa,8,1,0.20270270270270271,0.22077922077922077,0.0,0.0,0.6145833333333334,0.625,15,17,0,0,74,77,22,19,0.018076518076518056,0.0,0.01041666666666663,2,True,low_support,stable,stable_high_fnr_low_support,aggregate_only,347,291
passage_retrieval_en,24,2,0.20270270270270271,0.2,0.0,0.0,0.6145833333333334,0.625,15,15,0,0,74,75,22,21,0.002702702702702703,0.0,0.01041666666666663,0,True,low_support,stable,stable_high_fnr_low_support,aggregate_only,360,292
hotpotqa,23,3,0.1780821917808219,0.21333333333333335,0.0,0.0,0.625,0.6145833333333334,13,16,0,0,73,75,23,21,0.03525114155251144,0.0,0.01041666666666663,3,True,low_support,stable,stable_low_fpr,aggregate_only,394,293
samsum,29,2,0.16666666666666666,0.1917808219178082,0.0,0.0,0.625,0.6145833333333334,12,14,0,0,72,73,24,23,0.02511415525114155,0.0,0.01041666666666663,2,True,low_support,stable,stable_low_fpr,aggregate_only,417,294
hotpotqa,1,7,0.25925925925925924,0.23076923076923078,0.0,0.0,0.625,0.625,21,18,0,0,81,78,15,18,0.028490028490028463,0.0,0.0,3,True,low_support,stable,stable_high_fnr_low_support,aggregate_only,274,295
samsum,25,4,0.2236842105263158,0.2077922077922078,0.0,0.0,0.6145833333333334,0.6354166666666666,17,16,0,0,76,77,20,19,0.015892002734107985,0.0,0.02083333333333326,1,True,low_support,stable,stable_high_fnr_low_support,aggregate_only,335,296
samsum,19,5,0.25,0.20253164556962025,0.0,0.0,0.59375,0.65625,19,16,0,0,76,79,20,17,0.04746835443037975,0.0,0.0625,3,True,low_support,stable,stable_high_fnr_low_support,aggregate_only,352,297
hotpotqa,26,1,0.18666666666666668,0.2236842105263158,0.0,0.0,0.6354166666666666,0.6145833333333334,14,17,0,0,75,76,21,20,0.037017543859649116,0.0,0.02083333333333326,3,True,low_support,stable,stable_low_fpr,aggregate_only,378,298
samsum,22,3,0.22666666666666666,0.18421052631578946,0.0,0.0,0.6041666666666666,0.6458333333333334,17,14,0,0,75,76,21,20,0.04245614035087719,0.0,0.04166666666666674,3,True,low_support,stable,stable_low_fpr,aggregate_only,383,299
hotpotqa,20,7,0.19480519480519481,0.18309859154929578,0.0,0.0,0.6458333333333334,0.6041666666666666,15,13,0,0,77,71,19,25,0.011706603255899034,0.0,0.04166666666666674,2,True,low_support,stable,stable_low_fpr,aggregate_only,387,300
passage_retrieval_zh,7,3,0.17567567567567569,0.20270270270270271,0.0,0.0,0.6354166666666666,0.6145833333333334,13,15,0,0,74,74,22,22,0.02702702702702703,0.0,0.02083333333333326,2,True,low_support,stable,stable_low_fpr,aggregate_only,396,301
passage_retrieval_en,12,2,0.24705882352941178,0.2962962962962963,0.0,0.0,0.6666666666666666,0.59375,21,24,0,0,85,81,11,15,0.049237472766884505,0.0,0.07291666666666663,3,True,low_support,stable,stable_high_fnr_low_support,aggregate_only,241,302
dureader,31,0,0.18666666666666668,0.21052631578947367,0.0,0.0,0.6354166666666666,0.625,14,16,0,0,75,76,21,20,0.023859649122806997,0.0,0.01041666666666663,2,True,low_support,stable,stable_low_fpr,aggregate_only,379,303
passage_retrieval_en,23,2,0.1891891891891892,0.17567567567567569,0.0,0.0,0.625,0.6354166666666666,14,13,0,0,74,74,22,22,0.013513513513513514,0.0,0.01041666666666663,1,True,low_support,stable,stable_low_fpr,aggregate_only,397,304
hotpotqa,22,4,0.1891891891891892,0.1643835616438356,0.0,0.0,0.625,0.6354166666666666,14,12,0,0,74,73,22,23,0.024805627545353592,0.0,0.01041666666666663,2,True,low_support,stable,stable_low_fpr,aggregate_only,420,305
passage_retrieval_en,19,5,0.20270270270270271,0.18421052631578946,0.0,0.0,0.6145833333333334,0.6458333333333334,15,14,0,0,74,76,22,20,0.01849217638691325,0.0,0.03125,1,True,low_support,stable,stable_low_fpr,aggregate_only,384,306
passage_retrieval_zh,0,2,0.2289156626506024,0.24675324675324675,0.0,0.0,0.6666666666666666,0.6041666666666666,19,19,0,0,83,77,13,19,0.017837584102644355,0.0,0.0625,0,True,low_support,stable,stable_high_fnr_low_support,aggregate_only,280,307
passage_retrieval_en,25,4,0.17567567567567569,0.18666666666666668,0.0,0.0,0.6354166666666666,0.6354166666666666,13,14,0,0,74,75,22,21,0.01099099099099099,0.0,0.0,1,True,low_support,stable,stable_low_fpr,aggregate_only,398,308
passage_retrieval_zh,7,7,0.16883116883116883,0.21621621621621623,0.0,0.0,0.6666666666666666,0.6041666666666666,13,16,0,0,77,74,19,22,0.047385047385047396,0.0,0.0625,3,True,low_support,stable,stable_low_fpr,aggregate_only,411,309
dureader,12,2,0.32142857142857145,0.2261904761904762,0.0,0.0,0.59375,0.6770833333333334,27,19,0,0,84,84,12,12,0.09523809523809526,0.0,0.08333333333333337,8,True,low_support,unstable,stable_high_fnr_low_support,aggregate_only,284,310
passage_retrieval_en,10,5,0.2073170731707317,0.25,0.0,0.0,0.6770833333333334,0.59375,17,19,0,0,82,76,14,20,0.0426829268292683,0.0,0.08333333333333337,2,True,low_support,stable,stable_high_fnr_low_support,aggregate_only,336,311
dureader,18,6,0.19480519480519481,0.2,0.0,0.0,0.6458333333333334,0.625,15,15,0,0,77,75,19,21,0.0051948051948051965,0.0,0.02083333333333337,0,True,low_support,stable,stable_low_fpr,aggregate_only,366,312
dureader,22,5,0.18421052631578946,0.1780821917808219,0.0,0.0,0.6458333333333334,0.625,14,13,0,0,76,73,20,23,0.0061283345349675555,0.0,0.02083333333333337,1,True,low_support,stable,stable_low_fpr,aggregate_only,395,313
dureader,16,5,0.17333333333333334,0.1780821917808219,0.0,0.0,0.6458333333333334,0.625,13,13,0,0,75,73,21,23,0.004748858447488569,0.0,0.02083333333333337,0,True,low_support,stable,stable_low_fpr,aggregate_only,402,314
samsum,16,4,0.1917808219178082,0.17105263157894737,0.0,0.0,0.6145833333333334,0.65625,14,13,0,0,73,76,23,20,0.020728190338860836,0.0,0.04166666666666663,1,True,low_support,stable,stable_low_fpr,aggregate_only,408,315
gsm8k,26,5,0.1935483870967742,0.14754098360655737,0.0,0.0,0.625,0.65,12,9,0,0,62,61,18,19,0.046007403490216814,0.0,0.025000000000000022,3,True,low_support,stable,stable_low_fpr,aggregate_only,456,316
passage_retrieval_en,9,7,0.2804878048780488,0.2558139534883721,0.0,0.0,0.6145833333333334,0.6666666666666666,23,22,0,0,82,86,14,10,0.024673851389676704,0.0,0.05208333333333326,1,True,low_support,stable,stable_high_fnr_low_support,aggregate_only,227,317
hotpotqa,12,6,0.24390243902439024,0.3068181818181818,0.0,0.0,0.6458333333333334,0.6354166666666666,20,27,0,0,82,88,14,8,0.06291574279379158,0.0,0.01041666666666674,7,True,low_support,unstable,stable_high_fnr_low_support,aggregate_only,247,318
passage_retrieval_en,18,7,0.19230769230769232,0.21052631578947367,0.0,0.0,0.65625,0.625,15,16,0,0,78,76,18,20,0.018218623481781354,0.0,0.03125,1,True,low_support,stable,stable_low_fpr,aggregate_only,371,319
hotpotqa,15,5,0.18181818181818182,0.2,0.0,0.0,0.65625,0.625,14,15,0,0,77,75,19,21,0.018181818181818188,0.0,0.03125,1,True,low_support,stable,stable_low_fpr,aggregate_only,389,320
dureader,21,0,0.1780821917808219,0.17105263157894737,0.0,0.0,0.625,0.65625,13,13,0,0,73,76,23,20,0.007029560201874535,0.0,0.03125,0,True,low_support,stable,stable_low_fpr,aggregate_only,409,321
samsum,26,5,0.19736842105263158,0.1506849315068493,0.0,0.0,0.6354166666666666,0.6458333333333334,15,11,0,0,76,73,20,23,0.046683489545782275,0.0,0.01041666666666674,4,True,low_support,stable,stable_low_fpr,aggregate_only,449,322
samsum,21,0,0.14084507042253522,0.18421052631578946,0.0,0.0,0.6354166666666666,0.6458333333333334,10,14,0,0,71,76,25,20,0.043365455893254246,0.0,0.01041666666666674,4,True,low_support,stable,stable_low_fpr,aggregate_only,471,323
dureader,29,0,0.14285714285714285,0.125,0.0,0.0,0.625,0.65625,10,9,0,0,70,72,26,24,0.01785714285714285,0.0,0.03125,1,True,low_support,stable,stable_low_fpr,aggregate_only,520,324
samsum,2,4,0.16417910447761194,0.11842105263157894,0.0,0.0,0.5833333333333334,0.6979166666666666,11,9,0,0,67,76,29,20,0.045758051846033,0.0,0.11458333333333326,2,True,low_support,stable,stable_low_fpr,aggregate_only,533,325
dureader,19,4,0.189873417721519,0.2,0.0,0.0,0.6666666666666666,0.625,15,15,0,0,79,75,17,21,0.010126582278481011,0.0,0.04166666666666663,0,True,low_support,stable,stable_low_fpr,aggregate_only,375,326
passage_retrieval_zh,26,3,0.1891891891891892,0.1794871794871795,0.0,0.0,0.625,0.6666666666666666,14,14,0,0,74,78,22,18,0.009702009702009712,0.0,0.04166666666666663,0,True,low_support,stable,stable_low_fpr,aggregate_only,392,327
passage_retrieval_zh,4,0,0.17105263157894737,0.2077922077922078,0.0,0.0,0.65625,0.6354166666666666,13,16,0,0,76,77,20,19,0.03673957621326043,0.0,0.02083333333333337,3,True,low_support,stable,stable_low_fpr,aggregate_only,406,328
passage_retrieval_zh,10,1,0.13333333333333333,0.18055555555555555,0.0,0.0,0.6770833333333334,0.6145833333333334,10,13,0,0,75,72,21,24,0.04722222222222222,0.0,0.0625,3,True,low_support,stable,stable_low_fpr,aggregate_only,491,329
hotpotqa,9,7,0.20512820512820512,0.25882352941176473,0.0,0.0,0.6458333333333334,0.65625,16,22,0,0,78,85,18,11,0.05369532428355961,0.0,0.01041666666666663,6,True,low_support,unstable,stable_high_fnr_low_support,aggregate_only,343,330
samsum,10,4,0.21052631578947367,0.16666666666666666,0.0,0.0,0.625,0.6770833333333334,16,13,0,0,76,78,20,18,0.043859649122807015,0.0,0.05208333333333337,3,True,low_support,stable,stable_low_fpr,aggregate_only,415,331
samsum,15,0,0.19230769230769232,0.16216216216216217,0.0,0.0,0.65625,0.6458333333333334,15,12,0,0,78,74,18,22,0.030145530145530147,0.0,0.01041666666666663,3,True,low_support,stable,stable_low_fpr,aggregate_only,424,332
dureader,7,2,0.16,0.17333333333333334,0.0,0.0,0.65625,0.6458333333333334,12,13,0,0,75,75,21,21,0.013333333333333336,0.0,0.01041666666666663,1,True,low_support,stable,stable_low_fpr,aggregate_only,426,333
hotpotqa,26,6,0.17333333333333334,0.14864864864864866,0.0,0.0,0.6458333333333334,0.65625,13,11,0,0,75,74,21,22,0.024684684684684682,0.0,0.01041666666666663,2,True,low_support,stable,stable_low_fpr,aggregate_only,452,334
samsum,11,7,0.13333333333333333,0.15492957746478872,0.0,0.0,0.6770833333333334,0.625,10,11,0,0,75,71,21,25,0.02159624413145539,0.0,0.05208333333333337,1,True,low_support,stable,stable_low_fpr,aggregate_only,493,335
passage_retrieval_en,6,6,0.13043478260869565,0.14473684210526316,0.0,0.0,0.625,0.6770833333333334,9,11,0,0,69,76,27,20,0.014302059496567515,0.0,0.05208333333333337,2,True,low_support,stable,stable_low_fpr,aggregate_only,499,336
passage_retrieval_en,8,1,0.125,0.1506849315068493,0.0,0.0,0.65625,0.6458333333333334,9,11,0,0,72,73,24,23,0.025684931506849307,0.0,0.01041666666666663,2,True,low_support,stable,stable_low_fpr,aggregate_only,519,337
samsum,12,0,0.27058823529411763,0.26436781609195403,0.0,0.0,0.6458333333333334,0.6666666666666666,23,23,0,0,85,87,11,9,0.006220419202163596,0.0,0.02083333333333326,0,True,low_support,stable,stable_high_fnr_low_support,aggregate_only,212,338
hotpotqa,12,2,0.2222222222222222,0.25882352941176473,0.0,0.0,0.65625,0.65625,18,22,0,0,81,85,15,11,0.03660130718954252,0.0,0.0,4,True,low_support,stable,stable_high_fnr_low_support,aggregate_only,294,339
samsum,15,4,0.2125,0.19230769230769232,0.0,0.0,0.65625,0.65625,17,15,0,0,80,78,16,18,0.020192307692307676,0.0,0.0,2,True,low_support,stable,stable_low_fpr,aggregate_only,370,340
samsum,8,1,0.1875,0.2077922077922078,0.0,0.0,0.6770833333333334,0.6354166666666666,15,16,0,0,80,77,16,19,0.020292207792207806,0.0,0.04166666666666674,1,True,low_support,stable,stable_low_fpr,aggregate_only,377,341
dureader,20,1,0.20270270270270271,0.1728395061728395,0.0,0.0,0.6145833333333334,0.6979166666666666,15,14,0,0,74,81,22,15,0.029863196529863217,0.0,0.08333333333333326,1,True,low_support,stable,stable_low_fpr,aggregate_only,404,342
samsum,26,1,0.16455696202531644,0.2,0.0,0.0,0.6875,0.625,13,15,0,0,79,75,17,21,0.03544303797468357,0.0,0.0625,2,True,low_support,stable,stable_low_fpr,aggregate_only,419,343
hotpotqa,27,4,0.16,0.16,0.0,0.0,0.65625,0.65625,12,12,0,0,75,75,21,21,0.0,0.0,0.0,0,True,low_support,stable,stable_low_fpr,aggregate_only,427,344
gsm8k,21,5,0.15873015873015872,0.2,0.0,0.0,0.6625,0.65,10,13,0,0,63,65,17,15,0.04126984126984129,0.0,0.012499999999999956,3,True,low_support,stable,stable_low_fpr,aggregate_only,429,345
dureader,27,6,0.18181818181818182,0.15789473684210525,0.0,0.0,0.65625,0.6666666666666666,14,12,0,0,77,76,19,20,0.02392344497607657,0.0,0.01041666666666663,2,True,low_support,stable,stable_low_fpr,aggregate_only,431,346
samsum,9,6,0.1527777777777778,0.15384615384615385,0.0,0.0,0.6354166666666666,0.6875,11,12,0,0,72,78,24,18,0.0010683760683760646,0.0,0.05208333333333337,1,True,low_support,stable,stable_low_fpr,aggregate_only,442,347
dureader,10,3,0.15789473684210525,0.14864864864864866,0.0,0.0,0.6666666666666666,0.65625,12,11,0,0,76,74,20,22,0.009246088193456597,0.0,0.01041666666666663,1,True,low_support,stable,stable_low_fpr,aggregate_only,453,348
hotpotqa,19,5,0.14666666666666667,0.136986301369863,0.0,0.0,0.6666666666666666,0.65625,11,10,0,0,75,73,21,23,0.009680365296803661,0.0,0.01041666666666663,1,True,low_support,stable,stable_low_fpr,aggregate_only,483,349
samsum,9,5,0.136986301369863,0.14666666666666667,0.0,0.0,0.65625,0.6666666666666666,10,11,0,0,73,75,23,21,0.009680365296803661,0.0,0.01041666666666663,1,True,low_support,stable,stable_low_fpr,aggregate_only,485,350
hotpotqa,9,5,0.125,0.15789473684210525,0.0,0.0,0.65625,0.6666666666666666,9,12,0,0,72,76,24,20,0.032894736842105254,0.0,0.01041666666666663,3,True,low_support,stable,stable_low_fpr,aggregate_only,517,351
samsum,12,6,0.26136363636363635,0.225,0.0,0.0,0.6770833333333334,0.6458333333333334,23,18,0,0,88,80,8,16,0.03636363636363635,0.0,0.03125,5,True,low_support,stable,stable_high_fnr_low_support,aggregate_only,290,352
passage_retrieval_zh,8,1,0.17333333333333334,0.15584415584415584,0.0,0.0,0.6458333333333334,0.6770833333333334,13,12,0,0,75,77,21,19,0.0174891774891775,0.0,0.03125,1,True,low_support,stable,stable_low_fpr,aggregate_only,436,353
samsum,6,0,0.17333333333333334,0.13333333333333333,0.0,0.0,0.6458333333333334,0.6770833333333334,13,10,0,0,75,75,21,21,0.04000000000000001,0.0,0.03125,3,True,low_support,stable,stable_low_fpr,aggregate_only,492,354
gsm8k,30,7,0.13114754098360656,0.14516129032258066,0.0,0.0,0.6625,0.6625,8,9,0,0,61,62,19,18,0.01401374933897409,0.0,0.0,1,True,low_support,stable,stable_low_fpr,aggregate_only,496,355
passage_retrieval_zh,10,5,0.21951219512195122,0.2289156626506024,0.0,0.0,0.6666666666666666,0.6666666666666666,18,19,0,0,82,83,14,13,0.009403467528651177,0.0,0.0,1,True,low_support,stable,stable_high_fnr_low_support,aggregate_only,301,356
gsm8k,25,3,0.140625,0.1875,0.0,0.0,0.6875,0.65,9,12,0,0,64,64,16,16,0.046875,0.0,0.03749999999999998,3,True,low_support,stable,stable_low_fpr,aggregate_only,473,357
hotpotqa,23,1,0.1875,0.15789473684210525,0.0,0.0,0.6770833333333334,0.6666666666666666,15,12,0,0,80,76,16,20,0.029605263157894746,0.0,0.01041666666666674,3,True,low_support,stable,stable_low_fpr,aggregate_only,430,358
passage_retrieval_zh,9,3,0.15384615384615385,0.19230769230769232,0.0,0.0,0.6875,0.65625,12,15,0,0,78,78,18,18,0.038461538461538464,0.0,0.03125,3,True,low_support,stable,stable_low_fpr,aggregate_only,437,359
passage_retrieval_zh,13,1,0.1643835616438356,0.15,0.0,0.0,0.6354166666666666,0.7083333333333334,12,12,0,0,73,80,23,16,0.014383561643835613,0.0,0.07291666666666674,0,True,low_support,stable,stable_low_fpr,aggregate_only,451,360
gsm8k,5,5,0.15151515151515152,0.1746031746031746,0.0,0.0,0.7,0.65,10,11,0,0,66,63,14,17,0.023088023088023074,0.0,0.04999999999999993,1,True,low_support,stable,stable_low_fpr,aggregate_only,448,361
samsum,13,2,0.22093023255813954,0.25,0.0,0.0,0.6979166666666666,0.65625,19,21,0,0,86,84,10,12,0.02906976744186046,0.0,0.04166666666666663,2,True,low_support,stable,stable_high_fnr_low_support,aggregate_only,298,362
hotpotqa,6,5,0.14666666666666667,0.14285714285714285,0.0,0.0,0.6666666666666666,0.6875,11,11,0,0,75,77,21,19,0.003809523809523818,0.0,0.02083333333333337,0,True,low_support,stable,stable_low_fpr,aggregate_only,466,363
passage_retrieval_en,22,4,0.15789473684210525,0.14285714285714285,0.0,0.0,0.6666666666666666,0.6875,12,11,0,0,76,77,20,19,0.015037593984962405,0.0,0.02083333333333337,1,True,low_support,stable,stable_low_fpr,aggregate_only,464,364
passage_retrieval_zh,28,2,0.14285714285714285,0.14666666666666667,0.0,0.0,0.6875,0.6666666666666666,11,11,0,0,77,75,19,21,0.003809523809523818,0.0,0.02083333333333337,0,True,low_support,stable,stable_low_fpr,aggregate_only,467,365
passage_retrieval_en,18,6,0.1527777777777778,0.1375,0.0,0.0,0.6354166666666666,0.71875,11,11,0,0,72,80,24,16,0.015277777777777779,0.0,0.08333333333333337,0,True,low_support,stable,stable_low_fpr,aggregate_only,481,366
samsum,18,7,0.12987012987012986,0.14864864864864866,0.0,0.0,0.6979166666666666,0.65625,10,11,0,0,77,74,19,22,0.0187785187785188,0.0,0.04166666666666663,1,True,low_support,stable,stable_low_fpr,aggregate_only,500,367
dureader,20,2,0.16883116883116883,0.12,0.0,0.0,0.6666666666666666,0.6875,13,9,0,0,77,75,19,21,0.048831168831168836,0.0,0.02083333333333337,4,True,low_support,stable,stable_low_fpr,aggregate_only,530,368
samsum,25,6,0.10666666666666667,0.14864864864864866,0.0,0.0,0.6979166666666666,0.65625,8,11,0,0,75,74,21,22,0.04198198198198198,0.0,0.04166666666666663,3,True,low_support,stable,stable_low_fpr,aggregate_only,562,369
passage_retrieval_zh,12,0,0.2073170731707317,0.2073170731707317,0.0,0.0,0.6770833333333334,0.6770833333333334,17,17,0,0,82,82,14,14,0.0,0.0,0.0,0,True,low_support,stable,stable_high_fnr_low_support,aggregate_only,337,370
dureader,7,4,0.1875,0.16666666666666666,0.0,0.0,0.6770833333333334,0.6770833333333334,15,13,0,0,80,78,16,18,0.020833333333333343,0.0,0.0,2,True,low_support,stable,stable_low_fpr,aggregate_only,416,371
dureader,7,7,0.16666666666666666,0.15584415584415584,0.0,0.0,0.6770833333333334,0.6770833333333334,13,12,0,0,78,77,18,19,0.010822510822510817,0.0,0.0,1,True,low_support,stable,stable_low_fpr,aggregate_only,435,372
hotpotqa,25,6,0.14473684210526316,0.16666666666666666,0.0,0.0,0.6770833333333334,0.6770833333333334,11,13,0,0,76,78,20,18,0.021929824561403494,0.0,0.0,2,True,low_support,stable,stable_low_fpr,aggregate_only,462,373
gsm8k,15,4,0.14285714285714285,0.19117647058823528,0.0,0.0,0.675,0.6875,9,13,0,0,63,68,17,12,0.04831932773109243,0.0,0.012499999999999956,4,True,low_support,stable,stable_low_fpr,aggregate_only,465,374
gsm8k,27,1,0.09836065573770492,0.14285714285714285,0.0,0.0,0.6875,0.675,6,9,0,0,61,63,19,17,0.04449648711943793,0.0,0.012499999999999956,3,True,low_support,stable,stable_low_fpr,aggregate_only,581,375
passage_retrieval_en,27,2,0.21951219512195122,0.1728395061728395,0.0,0.0,0.6666666666666666,0.6979166666666666,18,14,0,0,82,81,14,15,0.046672688949111724,0.0,0.03125,4,True,low_support,stable,stable_low_fpr,aggregate_only,403,376
hotpotqa,13,7,0.14102564102564102,0.1794871794871795,0.0,0.0,0.6979166666666666,0.6666666666666666,11,14,0,0,78,78,18,18,0.038461538461538464,0.0,0.03125,3,True,low_support,stable,stable_low_fpr,aggregate_only,468,377
hotpotqa,19,1,0.14102564102564102,0.15789473684210525,0.0,0.0,0.6979166666666666,0.6666666666666666,11,12,0,0,78,76,18,20,0.01686909581646423,0.0,0.03125,1,True,low_support,stable,stable_low_fpr,aggregate_only,470,378
hotpotqa,29,5,0.14102564102564102,0.16883116883116883,0.0,0.0,0.6979166666666666,0.6666666666666666,11,13,0,0,78,77,18,19,0.027805527805527808,0.0,0.03125,2,True,low_support,stable,stable_low_fpr,aggregate_only,469,379
passage_retrieval_en,23,1,0.1232876712328767,0.11842105263157894,0.0,0.0,0.6666666666666666,0.6979166666666666,9,9,0,0,73,76,23,20,0.004866618601297765,0.0,0.03125,0,True,low_support,stable,stable_low_fpr,aggregate_only,535,380
hotpotqa,16,4,0.175,0.15584415584415584,0.0,0.0,0.6875,0.6770833333333334,14,12,0,0,80,77,16,19,0.01915584415584415,0.0,0.01041666666666663,2,True,low_support,stable,stable_low_fpr,aggregate_only,434,381
dureader,5,4,0.14473684210526316,0.175,0.0,0.0,0.6770833333333334,0.6875,11,14,0,0,76,80,20,16,0.030263157894736825,0.0,0.01041666666666663,3,True,low_support,stable,stable_low_fpr,aggregate_only,460,382
dureader,9,3,0.14473684210526316,0.16455696202531644,0.0,0.0,0.6770833333333334,0.6875,11,13,0,0,76,79,20,17,0.01982011992005328,0.0,0.01041666666666663,2,True,low_support,stable,stable_low_fpr,aggregate_only,461,383
passage_retrieval_zh,17,4,0.175,0.13333333333333333,0.0,0.0,0.6875,0.6770833333333334,14,10,0,0,80,75,16,21,0.04166666666666666,0.0,0.01041666666666663,4,True,low_support,stable,stable_low_fpr,aggregate_only,490,384
hotpotqa,28,2,0.09722222222222222,0.12,0.0,0.0,0.6770833333333334,0.6875,7,9,0,0,72,75,24,21,0.022777777777777772,0.0,0.01041666666666663,2,True,low_support,stable,stable_low_fpr,aggregate_only,585,385
passage_retrieval_zh,12,2,0.21428571428571427,0.20481927710843373,0.0,0.0,0.6875,0.6875,18,17,0,0,84,83,12,13,0.009466437177280546,0.0,0.0,1,True,low_support,stable,stable_high_fnr_low_support,aggregate_only,344,386
dureader,20,6,0.1518987341772152,0.15584415584415584,0.0,0.0,0.6979166666666666,0.6770833333333334,12,12,0,0,79,77,17,19,0.003945421666940646,0.0,0.02083333333333326,0,True,low_support,stable,stable_low_fpr,aggregate_only,446,387
samsum,20,6,0.1518987341772152,0.1875,0.0,0.0,0.6979166666666666,0.6770833333333334,12,15,0,0,79,80,17,16,0.035601265822784806,0.0,0.02083333333333326,3,True,low_support,stable,stable_low_fpr,aggregate_only,445,388
samsum,29,5,0.175,0.14285714285714285,0.0,0.0,0.6875,0.6875,14,11,0,0,80,77,16,19,0.03214285714285714,0.0,0.0,3,True,low_support,stable,stable_low_fpr,aggregate_only,463,389
passage_retrieval_en,31,4,0.15789473684210525,0.13924050632911392,0.0,0.0,0.6666666666666666,0.7083333333333334,12,11,0,0,76,79,20,17,0.018654230512991338,0.0,0.04166666666666674,1,True,low_support,stable,stable_low_fpr,aggregate_only,474,390
hotpotqa,16,6,0.1375,0.17105263157894737,0.0,0.0,0.71875,0.65625,11,13,0,0,80,76,16,20,0.03355263157894736,0.0,0.0625,2,True,low_support,stable,stable_low_fpr,aggregate_only,479,391
passage_retrieval_en,30,2,0.16,0.1375,0.0,0.0,0.65625,0.71875,12,11,0,0,75,80,21,16,0.022499999999999992,0.0,0.0625,1,True,low_support,stable,stable_low_fpr,aggregate_only,480,392
samsum,11,1,0.13333333333333333,0.12987012987012986,0.0,0.0,0.6770833333333334,0.6979166666666666,10,10,0,0,75,77,21,19,0.0034632034632034736,0.0,0.02083333333333326,0,True,low_support,stable,stable_low_fpr,aggregate_only,501,393
dureader,10,2,0.1232876712328767,0.1282051282051282,0.0,0.0,0.6666666666666666,0.7083333333333334,9,10,0,0,73,78,23,18,0.004917456972251488,0.0,0.04166666666666674,1,True,low_support,stable,stable_low_fpr,aggregate_only,522,394
hotpotqa,16,0,0.14285714285714285,0.12,0.0,0.0,0.6875,0.6875,11,9,0,0,77,75,19,21,0.022857142857142854,0.0,0.0,2,True,low_support,stable,stable_low_fpr,aggregate_only,531,395
samsum,26,4,0.12,0.14285714285714285,0.0,0.0,0.6875,0.6875,9,11,0,0,75,77,21,19,0.022857142857142854,0.0,0.0,2,True,low_support,stable,stable_low_fpr,aggregate_only,532,396
gsm8k,13,5,0.1111111111111111,0.15625,0.0,0.0,0.7,0.675,7,10,0,0,63,64,17,16,0.045138888888888895,0.0,0.02499999999999991,3,True,low_support,stable,stable_low_fpr,aggregate_only,554,397
passage_retrieval_zh,29,7,0.11842105263157894,0.1095890410958904,0.0,0.0,0.6979166666666666,0.6770833333333334,9,8,0,0,76,73,20,23,0.008832011535688536,0.0,0.02083333333333326,1,True,low_support,stable,stable_low_fpr,aggregate_only,557,398
dureader,24,6,0.12162162162162163,0.10666666666666667,0.0,0.0,0.6770833333333334,0.6979166666666666,9,8,0,0,74,75,22,21,0.014954954954954955,0.0,0.02083333333333326,1,True,low_support,stable,stable_low_fpr,aggregate_only,563,399
samsum,6,6,0.10526315789473684,0.13513513513513514,0.0,0.0,0.7083333333333334,0.6666666666666666,8,10,0,0,76,74,20,22,0.029871977240398306,0.0,0.04166666666666674,2,True,low_support,stable,stable_low_fpr,aggregate_only,565,400
hotpotqa,18,7,0.1095890410958904,0.0945945945945946,0.0,0.0,0.6770833333333334,0.6979166666666666,8,7,0,0,73,74,23,22,0.014994446501295805,0.0,0.02083333333333326,1,True,low_support,stable,stable_low_fpr,aggregate_only,589,401
dureader,4,0,0.09333333333333334,0.1232876712328767,0.0,0.0,0.7083333333333334,0.6666666666666666,7,9,0,0,75,73,21,23,0.029954337899543368,0.0,0.04166666666666674,2,True,low_support,stable,stable_low_fpr,aggregate_only,592,402
hotpotqa,28,3,0.15853658536585366,0.15789473684210525,0.0,0.0,0.71875,0.6666666666666666,13,12,0,0,82,76,14,20,0.0006418485237484062,0.0,0.05208333333333337,1,True,low_support,stable,stable_low_fpr,aggregate_only,432,403
samsum,31,4,0.15384615384615385,0.1728395061728395,0.0,0.0,0.6875,0.6979166666666666,12,14,0,0,78,81,18,15,0.018993352326685642,0.0,0.01041666666666663,2,True,low_support,stable,stable_low_fpr,aggregate_only,438,404
samsum,10,1,0.15584415584415584,0.1282051282051282,0.0,0.0,0.6770833333333334,0.7083333333333334,12,10,0,0,77,78,19,18,0.027639027639027647,0.0,0.03125,2,True,low_support,stable,stable_low_fpr,aggregate_only,506,405
gsm8k,2,4,0.18461538461538463,0.15942028985507245,0.0,0.0,0.6625,0.725,12,11,0,0,65,69,15,11,0.025195094760312176,0.0,0.0625,1,True,low_support,stable,stable_low_fpr,aggregate_only,428,406
gsm8k,22,3,0.140625,0.13846153846153847,0.0,0.0,0.6875,0.7,9,9,0,0,64,65,16,15,0.0021634615384615308,0.0,0.012499999999999956,0,True,low_support,stable,stable_low_fpr,aggregate_only,477,407
gsm8k,28,2,0.13114754098360656,0.1076923076923077,0.0,0.0,0.6625,0.725,8,7,0,0,61,65,19,15,0.023455233291298866,0.0,0.0625,1,True,low_support,stable,stable_low_fpr,aggregate_only,560,408
hotpotqa,24,0,0.1518987341772152,0.1518987341772152,0.0,0.0,0.6979166666666666,0.6979166666666666,12,12,0,0,79,79,17,17,0.0,0.0,0.0,0,True,low_support,stable,stable_low_fpr,aggregate_only,447,409
hotpotqa,27,6,0.12987012987012986,0.11842105263157894,0.0,0.0,0.6979166666666666,0.6979166666666666,10,9,0,0,77,76,19,20,0.011449077238550917,0.0,0.0,1,True,low_support,stable,stable_low_fpr,aggregate_only,534,410
dureader,6,6,0.14102564102564102,0.10666666666666667,0.0,0.0,0.6979166666666666,0.6979166666666666,11,8,0,0,78,75,18,21,0.03435897435897435,0.0,0.0,3,True,low_support,stable,stable_low_fpr,aggregate_only,561,411
passage_retrieval_en,13,7,0.0945945945945946,0.11842105263157894,0.0,0.0,0.6979166666666666,0.6979166666666666,7,9,0,0,74,76,22,20,0.02382645803698434,0.0,0.0,2,True,low_support,stable,stable_low_fpr,aggregate_only,588,412
samsum,7,7,0.09090909090909091,0.1232876712328767,0.0,0.0,0.7291666666666666,0.6666666666666666,7,9,0,0,77,73,19,23,0.032378580323785794,0.0,0.0625,2,True,low_support,stable,stable_low_fpr,aggregate_only,599,413
passage_retrieval_zh,8,0,0.10526315789473684,0.12,0.0,0.0,0.7083333333333334,0.6875,8,9,0,0,76,75,20,21,0.01473684210526316,0.0,0.02083333333333337,1,True,low_support,stable,stable_low_fpr,aggregate_only,566,414
hotpotqa,20,3,0.1095890410958904,0.1038961038961039,0.0,0.0,0.6770833333333334,0.71875,8,8,0,0,73,77,23,19,0.005692937199786502,0.0,0.04166666666666663,0,True,low_support,stable,stable_low_fpr,aggregate_only,570,415
samsum,16,5,0.1038961038961039,0.14473684210526316,0.0,0.0,0.71875,0.6770833333333334,8,11,0,0,77,76,19,20,0.04084073820915926,0.0,0.04166666666666663,3,True,low_support,stable,stable_low_fpr,aggregate_only,568,416
gsm8k,19,6,0.12307692307692308,0.12698412698412698,0.0,0.0,0.7125,0.6875,8,8,0,0,65,63,15,17,0.003907203907203893,0.0,0.025000000000000022,0,True,low_support,stable,stable_low_fpr,aggregate_only,523,417
gsm8k,2,2,0.1111111111111111,0.13846153846153847,0.0,0.0,0.7,0.7,7,9,0,0,63,65,17,15,0.027350427350427364,0.0,0.0,2,True,low_support,stable,stable_low_fpr,aggregate_only,555,418
passage_retrieval_zh,10,4,0.1686746987951807,0.1951219512195122,0.0,0.0,0.71875,0.6875,14,16,0,0,83,82,13,14,0.02644725242433149,0.0,0.03125,2,True,low_support,stable,stable_low_fpr,aggregate_only,414,419
passage_retrieval_zh,16,4,0.14102564102564102,0.13924050632911392,0.0,0.0,0.6979166666666666,0.7083333333333334,11,11,0,0,78,79,18,17,0.0017851346965271075,0.0,0.01041666666666674,0,True,low_support,stable,stable_low_fpr,aggregate_only,476,420
dureader,13,6,0.14102564102564102,0.1282051282051282,0.0,0.0,0.6979166666666666,0.7083333333333334,11,10,0,0,78,78,18,18,0.01282051282051283,0.0,0.01041666666666674,1,True,low_support,stable,stable_low_fpr,aggregate_only,507,421
hotpotqa,17,2,0.14102564102564102,0.1282051282051282,0.0,0.0,0.6979166666666666,0.7083333333333334,11,10,0,0,78,78,18,18,0.01282051282051283,0.0,0.01041666666666674,1,True,low_support,stable,stable_low_fpr,aggregate_only,508,422
passage_retrieval_en,30,4,0.1282051282051282,0.14102564102564102,0.0,0.0,0.7083333333333334,0.6979166666666666,10,11,0,0,78,78,18,18,0.01282051282051283,0.0,0.01041666666666674,1,True,low_support,stable,stable_low_fpr,aggregate_only,509,423
passage_retrieval_en,9,3,0.1625,0.1282051282051282,0.0,0.0,0.6979166666666666,0.7083333333333334,13,10,0,0,80,78,16,18,0.03429487179487181,0.0,0.01041666666666674,3,True,low_support,stable,stable_low_fpr,aggregate_only,505,424
passage_retrieval_zh,18,6,0.1282051282051282,0.12987012987012986,0.0,0.0,0.7083333333333334,0.6979166666666666,10,10,0,0,78,77,18,19,0.0016650016650016641,0.0,0.01041666666666674,0,True,low_support,stable,stable_low_fpr,aggregate_only,510,425
dureader,29,2,0.14285714285714285,0.12658227848101267,0.0,0.0,0.6875,0.71875,11,10,0,0,77,79,19,17,0.016274864376130183,0.0,0.03125,1,True,low_support,stable,stable_low_fpr,aggregate_only,513,426
hotpotqa,27,2,0.11688311688311688,0.1518987341772152,0.0,0.0,0.7083333333333334,0.6979166666666666,9,12,0,0,77,79,19,17,0.035015617294098314,0.0,0.01041666666666674,3,True,low_support,stable,stable_low_fpr,aggregate_only,536,427
passage_retrieval_zh,23,4,0.11538461538461539,0.15384615384615385,0.0,0.0,0.71875,0.6875,9,12,0,0,78,78,18,18,0.038461538461538464,0.0,0.03125,3,True,low_support,stable,stable_low_fpr,aggregate_only,542,428
passage_retrieval_zh,2,2,0.14285714285714285,0.1038961038961039,0.0,0.0,0.6875,0.71875,11,8,0,0,77,77,19,19,0.038961038961038946,0.0,0.03125,3,True,low_support,stable,stable_low_fpr,aggregate_only,567,429
dureader,22,4,0.09090909090909091,0.13333333333333333,0.0,0.0,0.7291666666666666,0.6770833333333334,7,10,0,0,77,75,19,21,0.04242424242424242,0.0,0.05208333333333326,3,True,low_support,stable,stable_low_fpr,aggregate_only,598,430
gsm8k,31,5,0.1791044776119403,0.14705882352941177,0.0,0.0,0.6875,0.725,12,10,0,0,67,68,13,12,0.03204565408252852,0.0,0.03749999999999998,2,True,low_support,stable,stable_low_fpr,aggregate_only,457,431
passage_retrieval_en,26,3,0.15384615384615385,0.1566265060240964,0.0,0.0,0.6875,0.7291666666666666,12,13,0,0,78,83,18,13,0.0027803521779425355,0.0,0.04166666666666663,1,True,low_support,stable,stable_low_fpr,aggregate_only,439,432
passage_retrieval_en,24,3,0.14814814814814814,0.1625,0.0,0.0,0.71875,0.6979166666666666,12,13,0,0,81,80,15,16,0.014351851851851866,0.0,0.02083333333333337,1,True,low_support,stable,stable_low_fpr,aggregate_only,454,433
hotpotqa,16,5,0.1375,0.1728395061728395,0.0,0.0,0.71875,0.6979166666666666,11,14,0,0,80,81,16,15,0.035339506172839485,0.0,0.02083333333333337,3,True,low_support,stable,stable_low_fpr,aggregate_only,478,434
passage_retrieval_en,28,6,0.12658227848101267,0.1518987341772152,0.0,0.0,0.71875,0.6979166666666666,10,12,0,0,79,79,17,17,0.025316455696202528,0.0,0.02083333333333337,2,True,low_support,stable,stable_low_fpr,aggregate_only,511,435
samsum,28,7,0.12658227848101267,0.14102564102564102,0.0,0.0,0.71875,0.6979166666666666,10,11,0,0,79,78,17,18,0.014443362544628358,0.0,0.02083333333333337,1,True,low_support,stable,stable_low_fpr,aggregate_only,515,436
dureader,19,2,0.125,0.13157894736842105,0.0,0.0,0.7291666666666666,0.6875,10,10,0,0,80,76,16,20,0.006578947368421045,0.0,0.04166666666666663,0,True,low_support,stable,stable_low_fpr,aggregate_only,518,437
passage_retrieval_en,8,0,0.14102564102564102,0.11538461538461539,0.0,0.0,0.6979166666666666,0.71875,11,9,0,0,78,78,18,18,0.025641025641025633,0.0,0.02083333333333337,2,True,low_support,stable,stable_low_fpr,aggregate_only,544,438
hotpotqa,8,4,0.23595505617977527,0.23595505617977527,0.0,0.0,0.7083333333333334,0.7083333333333334,21,21,0,0,89,89,7,7,0.0,0.0,0.0,0,True,low_support,stable,stable_high_fnr_low_support,aggregate_only,263,439
dureader,9,0,0.18072289156626506,0.19047619047619047,0.0,0.0,0.7083333333333334,0.7083333333333334,15,16,0,0,83,84,13,12,0.009753298909925406,0.0,0.0,1,True,low_support,stable,stable_low_fpr,aggregate_only,390,440
samsum,30,2,0.17073170731707318,0.15,0.0,0.0,0.7083333333333334,0.7083333333333334,14,12,0,0,82,80,14,16,0.02073170731707319,0.0,0.0,2,True,low_support,stable,stable_low_fpr,aggregate_only,450,441
passage_retrieval_zh,13,7,0.13924050632911392,0.13924050632911392,0.0,0.0,0.7083333333333334,0.7083333333333334,11,11,0,0,79,79,17,17,0.0,0.0,0.0,0,True,low_support,stable,stable_low_fpr,aggregate_only,475,442
samsum,18,0,0.17073170731707318,0.1282051282051282,0.0,0.0,0.7083333333333334,0.7083333333333334,14,10,0,0,82,78,14,18,0.04252657911194499,0.0,0.0,4,True,low_support,stable,stable_low_fpr,aggregate_only,504,443
hotpotqa,26,3,0.1095890410958904,0.08974358974358974,0.0,0.0,0.6770833333333334,0.7395833333333334,8,7,0,0,73,78,23,18,0.01984545135230066,0.0,0.0625,1,True,low_support,stable,stable_low_fpr,aggregate_only,607,444
gsm8k,15,2,0.16417910447761194,0.12121212121212122,0.0,0.0,0.7,0.725,11,8,0,0,67,66,13,14,0.04296698326549073,0.0,0.025000000000000022,3,True,low_support,stable,stable_low_fpr,aggregate_only,528,445
passage_retrieval_zh,7,2,0.09090909090909091,0.0945945945945946,0.0,0.0,0.7291666666666666,0.6979166666666666,7,7,0,0,77,74,19,22,0.0036855036855036882,0.0,0.03125,0,True,low_support,stable,stable_low_fpr,aggregate_only,603,446
samsum,14,6,0.09090909090909091,0.10666666666666667,0.0,0.0,0.7291666666666666,0.6979166666666666,7,8,0,0,77,75,19,21,0.015757575757575762,0.0,0.03125,1,True,low_support,stable,stable_low_fpr,aggregate_only,600,447
passage_retrieval_en,10,6,0.06666666666666667,0.06944444444444445,0.0,0.0,0.7291666666666666,0.6979166666666666,5,5,0,0,75,72,21,24,0.002777777777777782,0.0,0.03125,0,True,low_support,stable,stable_low_fpr,aggregate_only,681,448
dureader,31,4,0.16455696202531644,0.13414634146341464,0.0,0.0,0.6875,0.7395833333333334,13,11,0,0,79,82,17,14,0.030410620561901802,0.0,0.05208333333333337,2,True,low_support,stable,stable_low_fpr,aggregate_only,489,449
dureader,14,7,0.13924050632911392,0.12658227848101267,0.0,0.0,0.7083333333333334,0.71875,11,10,0,0,79,79,17,17,0.01265822784810125,0.0,0.01041666666666663,1,True,low_support,stable,stable_low_fpr,aggregate_only,512,450
passage_retrieval_zh,20,2,0.12658227848101267,0.13924050632911392,0.0,0.0,0.71875,0.7083333333333334,10,11,0,0,79,79,17,17,0.01265822784810125,0.0,0.01041666666666663,1,True,low_support,stable,stable_low_fpr,aggregate_only,514,451
dureader,14,6,0.13333333333333333,0.12195121951219512,0.0,0.0,0.6770833333333334,0.75,10,10,0,0,75,82,21,14,0.011382113821138212,0.0,0.07291666666666663,0,True,low_support,stable,stable_low_fpr,aggregate_only,525,452
passage_retrieval_en,20,2,0.14814814814814814,0.11688311688311688,0.0,0.0,0.71875,0.7083333333333334,12,9,0,0,81,77,15,19,0.03126503126503126,0.0,0.01041666666666663,3,True,low_support,stable,stable_low_fpr,aggregate_only,537,453
hotpotqa,25,4,0.11538461538461539,0.15,0.0,0.0,0.71875,0.7083333333333334,9,12,0,0,78,80,18,16,0.0346153846153846,0.0,0.01041666666666663,3,True,low_support,stable,stable_low_fpr,aggregate_only,541,454
passage_retrieval_en,16,5,0.11538461538461539,0.13924050632911392,0.0,0.0,0.71875,0.7083333333333334,9,11,0,0,78,79,18,17,0.023855890944498526,0.0,0.01041666666666663,2,True,low_support,stable,stable_low_fpr,aggregate_only,543,455
passage_retrieval_en,7,7,0.11688311688311688,0.11538461538461539,0.0,0.0,0.7083333333333334,0.71875,9,9,0,0,77,78,19,18,0.0014985014985014894,0.0,0.01041666666666663,0,True,low_support,stable,stable_low_fpr,aggregate_only,545,456
gsm8k,23,6,0.14705882352941177,0.14925373134328357,0.0,0.0,0.725,0.7125,10,10,0,0,68,67,12,13,0.0021949078138717992,0.0,0.012499999999999956,0,True,low_support,stable,stable_low_fpr,aggregate_only,458,457
passage_retrieval_en,28,1,0.1375,0.1375,0.0,0.0,0.71875,0.71875,11,11,0,0,80,80,16,16,0.0,0.0,0.0,0,True,low_support,stable,stable_low_fpr,aggregate_only,482,458
dureader,11,0,0.13580246913580246,0.13924050632911392,0.0,0.0,0.7291666666666666,0.7083333333333334,11,11,0,0,81,79,15,17,0.003438037193311455,0.0,0.02083333333333326,0,True,low_support,stable,stable_low_fpr,aggregate_only,488,459
passage_retrieval_zh,15,0,0.13580246913580246,0.15,0.0,0.0,0.7291666666666666,0.7083333333333334,11,12,0,0,81,80,15,16,0.014197530864197533,0.0,0.02083333333333326,1,True,low_support,stable,stable_low_fpr,aggregate_only,487,460
hotpotqa,31,4,0.125,0.13924050632911392,0.0,0.0,0.7291666666666666,0.7083333333333334,10,11,0,0,80,79,16,17,0.014240506329113917,0.0,0.02083333333333326,1,True,low_support,stable,stable_low_fpr,aggregate_only,516,461
passage_retrieval_zh,13,6,0.13580246913580246,0.11688311688311688,0.0,0.0,0.7291666666666666,0.7083333333333334,11,9,0,0,81,77,15,19,0.01891935225268558,0.0,0.02083333333333326,2,True,low_support,stable,stable_low_fpr,aggregate_only,538,462
passage_retrieval_en,11,1,0.12658227848101267,0.1038961038961039,0.0,0.0,0.71875,0.71875,10,8,0,0,79,77,17,19,0.022686174584908764,0.0,0.0,2,True,low_support,stable,stable_low_fpr,aggregate_only,569,463
samsum,7,4,0.09333333333333334,0.10256410256410256,0.0,0.0,0.7083333333333334,0.7291666666666666,7,8,0,0,75,78,21,18,0.009230769230769223,0.0,0.02083333333333326,1,True,low_support,stable,stable_low_fpr,aggregate_only,594,464
hotpotqa,14,5,0.08974358974358974,0.12987012987012986,0.0,0.0,0.7395833333333334,0.6979166666666666,7,10,0,0,78,77,18,19,0.040126540126540114,0.0,0.04166666666666674,3,True,low_support,stable,stable_low_fpr,aggregate_only,605,465
hotpotqa,25,7,0.08860759493670886,0.12,0.0,0.0,0.75,0.6875,7,9,0,0,79,75,17,21,0.031392405063291134,0.0,0.0625,2,True,low_support,stable,stable_low_fpr,aggregate_only,610,466
hotpotqa,25,0,0.08,0.1038961038961039,0.0,0.0,0.71875,0.71875,6,8,0,0,75,77,21,19,0.0238961038961039,0.0,0.0,2,True,low_support,stable,stable_low_fpr,aggregate_only,638,467
hotpotqa,17,0,0.11842105263157894,0.07792207792207792,0.0,0.0,0.6979166666666666,0.7395833333333334,9,6,0,0,76,77,20,19,0.04049897470950102,0.0,0.04166666666666674,3,True,low_support,stable,stable_low_fpr,aggregate_only,642,468
passage_retrieval_en,11,3,0.06756756756756757,0.0547945205479452,0.0,0.0,0.71875,0.71875,5,4,0,0,74,73,22,23,0.012773047019622369,0.0,0.0,1,True,low_support,stable,stable_low_fpr,aggregate_only,730,469
samsum,19,0,0.14102564102564102,0.1,0.0,0.0,0.6979166666666666,0.75,11,8,0,0,78,80,18,16,0.04102564102564102,0.0,0.05208333333333337,3,True,low_support,stable,stable_low_fpr,aggregate_only,576,470
hotpotqa,14,7,0.09333333333333334,0.10126582278481013,0.0,0.0,0.7083333333333334,0.7395833333333334,7,8,0,0,75,79,21,17,0.007932489451476787,0.0,0.03125,1,True,low_support,stable,stable_low_fpr,aggregate_only,593,471
gsm8k,17,2,0.16417910447761194,0.13043478260869565,0.0,0.0,0.7,0.75,11,9,0,0,67,69,13,11,0.033744321868916294,0.0,0.050000000000000044,2,True,low_support,stable,stable_low_fpr,aggregate_only,498,472
gsm8k,21,6,0.14705882352941177,0.12121212121212122,0.0,0.0,0.725,0.725,10,8,0,0,68,66,12,14,0.025846702317290554,0.0,0.0,2,True,low_support,stable,stable_low_fpr,aggregate_only,529,473
gsm8k,20,1,0.09230769230769231,0.12307692307692308,0.0,0.0,0.7375,0.7125,6,8,0,0,65,65,15,15,0.03076923076923077,0.0,0.025000000000000022,2,True,low_support,stable,stable_low_fpr,aggregate_only,597,474
gsm8k,23,4,0.09230769230769231,0.08064516129032258,0.0,0.0,0.7375,0.7125,6,5,0,0,65,62,15,18,0.011662531017369734,0.0,0.025000000000000022,1,True,low_support,stable,stable_low_fpr,aggregate_only,636,475
passage_retrieval_zh,14,7,0.125,0.10256410256410256,0.0,0.0,0.7291666666666666,0.7291666666666666,10,8,0,0,80,78,16,18,0.02243589743589744,0.0,0.0,2,True,low_support,stable,stable_low_fpr,aggregate_only,573,476
samsum,24,2,0.1375,0.10126582278481013,0.0,0.0,0.71875,0.7395833333333334,11,8,0,0,80,79,16,17,0.036234177215189886,0.0,0.02083333333333337,3,True,low_support,stable,stable_low_fpr,aggregate_only,574,477
hotpotqa,19,2,0.0684931506849315,0.07692307692307693,0.0,0.0,0.7083333333333334,0.75,5,6,0,0,73,78,23,18,0.008429926238145424,0.0,0.04166666666666663,1,True,low_support,stable,stable_low_fpr,aggregate_only,676,478
dureader,12,7,0.11392405063291139,0.1125,0.0,0.0,0.7291666666666666,0.7395833333333334,9,9,0,0,79,80,17,16,0.0014240506329113861,0.0,0.01041666666666674,0,True,low_support,stable,stable_low_fpr,aggregate_only,550,479
passage_retrieval_zh,25,0,0.13580246913580246,0.1125,0.0,0.0,0.7291666666666666,0.7395833333333334,11,9,0,0,81,80,15,16,0.02330246913580246,0.0,0.01041666666666674,2,True,low_support,stable,stable_low_fpr,aggregate_only,549,480
hotpotqa,7,2,0.13580246913580246,0.08974358974358974,0.0,0.0,0.7291666666666666,0.7395833333333334,11,7,0,0,81,78,15,18,0.04605887939221272,0.0,0.01041666666666674,4,True,low_support,stable,stable_low_fpr,aggregate_only,604,481
passage_retrieval_zh,30,2,0.08641975308641975,0.10666666666666667,0.0,0.0,0.7708333333333334,0.6979166666666666,7,8,0,0,81,75,15,21,0.020246913580246925,0.0,0.07291666666666674,1,True,low_support,stable,stable_low_fpr,aggregate_only,627,482
passage_retrieval_en,19,2,0.08974358974358974,0.07894736842105263,0.0,0.0,0.7395833333333334,0.7291666666666666,7,6,0,0,78,76,18,20,0.010796221322537117,0.0,0.01041666666666674,1,True,low_support,stable,stable_low_fpr,aggregate_only,640,483
dureader,13,4,0.10256410256410256,0.07792207792207792,0.0,0.0,0.7291666666666666,0.7395833333333334,8,6,0,0,78,77,18,19,0.02464202464202464,0.0,0.01041666666666674,2,True,low_support,stable,stable_low_fpr,aggregate_only,643,484
dureader,19,0,0.12658227848101267,0.07692307692307693,0.0,0.0,0.71875,0.75,10,6,0,0,79,78,17,18,0.04965920155793574,0.0,0.03125,4,True,low_support,stable,stable_low_fpr,aggregate_only,646,485
passage_retrieval_en,24,6,0.06578947368421052,0.06666666666666667,0.0,0.0,0.7395833333333334,0.7291666666666666,5,5,0,0,76,75,20,21,0.0008771929824561431,0.0,0.01041666666666674,0,True,low_support,stable,stable_low_fpr,aggregate_only,683,486
passage_retrieval_zh,3,7,0.06493506493506493,0.09210526315789473,0.0,0.0,0.75,0.71875,5,7,0,0,77,76,19,20,0.027170198222829803,0.0,0.03125,2,True,low_support,stable,stable_low_fpr,aggregate_only,684,487
samsum,23,2,0.06493506493506493,0.08,0.0,0.0,0.75,0.71875,5,6,0,0,77,75,19,21,0.015064935064935073,0.0,0.03125,1,True,low_support,stable,stable_low_fpr,aggregate_only,686,488
passage_retrieval_zh,14,6,0.0641025641025641,0.09333333333333334,0.0,0.0,0.7604166666666666,0.7083333333333334,5,7,0,0,78,75,18,21,0.02923076923076924,0.0,0.05208333333333326,2,True,low_support,stable,stable_low_fpr,aggregate_only,689,489
passage_retrieval_en,9,0,0.19540229885057472,0.2,0.0,0.0,0.7291666666666666,0.75,17,18,0,0,87,90,9,6,0.004597701149425287,0.0,0.02083333333333337,1,True,low_support,stable,stable_low_fpr,aggregate_only,365,490
samsum,18,1,0.125,0.12195121951219512,0.0,0.0,0.7291666666666666,0.75,10,10,0,0,80,82,16,14,0.0030487804878048808,0.0,0.02083333333333337,0,True,low_support,stable,stable_low_fpr,aggregate_only,526,491
passage_retrieval_zh,19,1,0.1,0.125,0.0,0.0,0.75,0.7291666666666666,8,10,0,0,80,80,16,16,0.024999999999999994,0.0,0.02083333333333337,2,True,low_support,stable,stable_low_fpr,aggregate_only,577,492
dureader,3,7,0.08860759493670886,0.10256410256410256,0.0,0.0,0.75,0.7291666666666666,7,8,0,0,79,78,17,18,0.0139565076273937,0.0,0.02083333333333337,1,True,low_support,stable,stable_low_fpr,aggregate_only,611,493
passage_retrieval_en,10,3,0.08860759493670886,0.125,0.0,0.0,0.75,0.7291666666666666,7,10,0,0,79,80,17,16,0.03639240506329114,0.0,0.02083333333333337,3,True,low_support,stable,stable_low_fpr,aggregate_only,609,494
passage_retrieval_en,7,2,0.09090909090909091,0.08860759493670886,0.0,0.0,0.7291666666666666,0.75,7,7,0,0,77,79,19,17,0.0023014959723820505,0.0,0.02083333333333337,0,True,low_support,stable,stable_low_fpr,aggregate_only,613,495
dureader,14,5,0.07894736842105263,0.08860759493670886,0.0,0.0,0.7291666666666666,0.75,6,7,0,0,76,79,20,17,0.009660226515656234,0.0,0.02083333333333337,1,True,low_support,stable,stable_low_fpr,aggregate_only,639,496
hotpotqa,13,2,0.20224719101123595,0.1744186046511628,0.0,0.0,0.7395833333333334,0.7395833333333334,18,15,0,0,89,86,7,10,0.027828586360073154,0.0,0.0,3,True,low_support,stable,stable_low_fpr,aggregate_only,399,497
samsum,13,4,0.10126582278481013,0.10126582278481013,0.0,0.0,0.7395833333333334,0.7395833333333334,8,8,0,0,79,79,17,17,0.0,0.0,0.0,0,True,low_support,stable,stable_low_fpr,aggregate_only,575,498
dureader,2,2,0.11688311688311688,0.08641975308641975,0.0,0.0,0.7083333333333334,0.7708333333333334,9,7,0,0,77,81,19,15,0.030463363796697132,0.0,0.0625,2,True,low_support,stable,stable_low_fpr,aggregate_only,624,499
samsum,17,2,0.08974358974358974,0.07792207792207792,0.0,0.0,0.7395833333333334,0.7395833333333334,7,6,0,0,78,77,18,19,0.011821511821511824,0.0,0.0,1,True,low_support,stable,stable_low_fpr,aggregate_only,644,500
gsm8k,12,2,0.15942028985507245,0.1527777777777778,0.0,0.0,0.725,0.7625,11,11,0,0,69,72,11,8,0.00664251207729466,0.0,0.03749999999999998,0,True,low_support,stable,stable_low_fpr,aggregate_only,443,501
gsm8k,28,4,0.15942028985507245,0.11594202898550725,0.0,0.0,0.725,0.7625,11,8,0,0,69,69,11,11,0.0434782608695652,0.0,0.03749999999999998,3,True,low_support,stable,stable_low_fpr,aggregate_only,539,502
gsm8k,28,7,0.13432835820895522,0.10294117647058823,0.0,0.0,0.725,0.7625,9,7,0,0,67,68,13,12,0.03138718173836699,0.0,0.03749999999999998,2,True,low_support,stable,stable_low_fpr,aggregate_only,572,503
gsm8k,29,1,0.08823529411764706,0.13636363636363635,0.0,0.0,0.775,0.7125,6,9,0,0,68,66,12,14,0.04812834224598929,0.0,0.0625,3,True,low_support,stable,stable_low_fpr,aggregate_only,614,504
passage_retrieval_zh,19,2,0.0875,0.125,0.0,0.0,0.7604166666666666,0.7291666666666666,7,10,0,0,80,80,16,16,0.037500000000000006,0.0,0.03125,3,True,low_support,stable,stable_low_fpr,aggregate_only,618,505
hotpotqa,28,1,0.0759493670886076,0.09090909090909091,0.0,0.0,0.7604166666666666,0.7291666666666666,6,7,0,0,79,77,17,19,0.014959723820483314,0.0,0.03125,1,True,low_support,stable,stable_low_fpr,aggregate_only,652,506
passage_retrieval_en,18,2,0.0759493670886076,0.09090909090909091,0.0,0.0,0.7604166666666666,0.7291666666666666,6,7,0,0,79,77,17,19,0.014959723820483314,0.0,0.03125,1,True,low_support,stable,stable_low_fpr,aggregate_only,654,507
passage_retrieval_en,10,2,0.10126582278481013,0.1,0.0,0.0,0.7395833333333334,0.75,8,8,0,0,79,80,17,16,0.0012658227848101195,0.0,0.01041666666666663,0,True,low_support,stable,stable_low_fpr,aggregate_only,579,508
samsum,18,2,0.08108108108108109,0.08536585365853659,0.0,0.0,0.7083333333333334,0.78125,6,7,0,0,74,82,22,14,0.004284772577455506,0.0,0.07291666666666663,1,True,low_support,stable,stable_low_fpr,aggregate_only,635,509
hotpotqa,7,4,0.06578947368421052,0.07692307692307693,0.0,0.0,0.7395833333333334,0.75,5,6,0,0,76,78,20,18,0.011133603238866405,0.0,0.01041666666666663,1,True,low_support,stable,stable_low_fpr,aggregate_only,682,510
samsum,8,7,0.14457831325301204,0.13095238095238096,0.0,0.0,0.7395833333333334,0.7604166666666666,12,11,0,0,83,84,13,12,0.013625932300631083,0.0,0.02083333333333326,1,True,low_support,stable,stable_low_fpr,aggregate_only,497,511
samsum,20,2,0.09876543209876543,0.13414634146341464,0.0,0.0,0.7604166666666666,0.7395833333333334,8,11,0,0,81,82,15,14,0.035380909364649216,0.0,0.02083333333333326,3,True,low_support,stable,stable_low_fpr,aggregate_only,580,512
hotpotqa,4,4,0.0975609756097561,0.10256410256410256,0.0,0.0,0.7708333333333334,0.7291666666666666,8,8,0,0,82,78,14,18,0.00500312695434646,0.0,0.04166666666666674,0,True,low_support,stable,stable_low_fpr,aggregate_only,583,513
gsm8k,31,7,0.09090909090909091,0.11764705882352941,0.0,0.0,0.75,0.75,6,8,0,0,66,68,14,12,0.0267379679144385,0.0,0.0,2,True,low_support,stable,stable_low_fpr,aggregate_only,601,514
samsum,22,4,0.08974358974358974,0.0875,0.0,0.0,0.7395833333333334,0.7604166666666666,7,7,0,0,78,80,18,16,0.0022435897435897495,0.0,0.02083333333333326,0,True,low_support,stable,stable_low_fpr,aggregate_only,619,515
samsum,27,2,0.08974358974358974,0.0875,0.0,0.0,0.7395833333333334,0.7604166666666666,7,7,0,0,78,80,18,16,0.0022435897435897495,0.0,0.02083333333333326,0,True,low_support,stable,stable_low_fpr,aggregate_only,620,516
hotpotqa,21,3,0.10256410256410256,0.08641975308641975,0.0,0.0,0.7291666666666666,0.7708333333333334,8,7,0,0,78,81,18,15,0.016144349477682812,0.0,0.04166666666666674,1,True,low_support,stable,stable_low_fpr,aggregate_only,626,517
passage_retrieval_en,23,0,0.11392405063291139,0.08641975308641975,0.0,0.0,0.7291666666666666,0.7708333333333334,9,7,0,0,79,81,17,15,0.02750429754649164,0.0,0.04166666666666674,2,True,low_support,stable,stable_low_fpr,aggregate_only,625,518
gsm8k,16,0,0.10294117647058823,0.078125,0.0,0.0,0.7625,0.7375,7,5,0,0,68,64,12,16,0.02481617647058823,0.0,0.02499999999999991,2,True,low_support,stable,stable_low_fpr,aggregate_only,641,519
dureader,8,0,0.11392405063291139,0.075,0.0,0.0,0.7291666666666666,0.7708333333333334,9,6,0,0,79,80,17,16,0.03892405063291139,0.0,0.04166666666666674,3,True,low_support,stable,stable_low_fpr,aggregate_only,655,520
hotpotqa,7,7,0.075,0.09090909090909091,0.0,0.0,0.7708333333333334,0.7291666666666666,6,7,0,0,80,77,16,19,0.015909090909090914,0.0,0.04166666666666674,1,True,low_support,stable,stable_low_fpr,aggregate_only,660,521
passage_retrieval_zh,7,4,0.09090909090909091,0.075,0.0,0.0,0.7291666666666666,0.7708333333333334,7,6,0,0,77,80,19,16,0.015909090909090914,0.0,0.04166666666666674,1,True,low_support,stable,stable_low_fpr,aggregate_only,662,522
hotpotqa,30,4,0.0641025641025641,0.08974358974358974,0.0,0.0,0.7604166666666666,0.7395833333333334,5,7,0,0,78,78,18,18,0.025641025641025647,0.0,0.02083333333333326,2,True,low_support,stable,stable_low_fpr,aggregate_only,688,523
gsm8k,19,3,0.078125,0.06153846153846154,0.0,0.0,0.7375,0.7625,5,4,0,0,64,65,16,15,0.016586538461538458,0.0,0.02499999999999991,1,True,low_support,stable,stable_low_fpr,aggregate_only,707,524
dureader,27,4,0.05263157894736842,0.06493506493506493,0.0,0.0,0.75,0.75,4,5,0,0,76,77,20,19,0.01230348598769651,0.0,0.0,1,True,low_support,stable,stable_low_fpr,aggregate_only,732,525
gsm8k,4,0,0.046875,0.09230769230769231,0.0,0.0,0.7625,0.7375,3,6,0,0,64,65,16,15,0.04543269230769231,0.0,0.02499999999999991,3,True,low_support,stable,stable_low_fpr,aggregate_only,781,526
samsum,23,1,0.07692307692307693,0.12048192771084337,0.0,0.0,0.75,0.7604166666666666,6,10,0,0,78,83,18,13,0.043558850787766445,0.0,0.01041666666666663,4,True,low_support,stable,stable_low_fpr,aggregate_only,647,527
samsum,5,4,0.09090909090909091,0.07407407407407407,0.0,0.0,0.7291666666666666,0.78125,7,6,0,0,77,81,19,15,0.01683501683501684,0.0,0.05208333333333337,1,True,low_support,stable,stable_low_fpr,aggregate_only,666,528
passage_retrieval_en,29,7,0.05194805194805195,0.07692307692307693,0.0,0.0,0.7604166666666666,0.75,4,6,0,0,77,78,19,18,0.024975024975024976,0.0,0.01041666666666663,2,True,low_support,stable,stable_low_fpr,aggregate_only,734,529
passage_retrieval_zh,17,2,0.1125,0.10843373493975904,0.0,0.0,0.7395833333333334,0.7708333333333334,9,9,0,0,80,83,16,13,0.0040662650602409645,0.0,0.03125,0,True,low_support,stable,stable_low_fpr,aggregate_only,558,530
samsum,28,2,0.10843373493975904,0.08974358974358974,0.0,0.0,0.7708333333333334,0.7395833333333334,9,7,0,0,83,78,13,18,0.018690145196169294,0.0,0.03125,2,True,low_support,stable,stable_low_fpr,aggregate_only,606,531
hotpotqa,9,3,0.08641975308641975,0.08974358974358974,0.0,0.0,0.7708333333333334,0.7395833333333334,7,7,0,0,81,78,15,18,0.0033238366571699957,0.0,0.03125,0,True,low_support,stable,stable_low_fpr,aggregate_only,629,532
samsum,29,3,0.07792207792207792,0.08641975308641975,0.0,0.0,0.7395833333333334,0.7708333333333334,6,7,0,0,77,81,19,15,0.008497675164341828,0.0,0.03125,1,True,low_support,stable,stable_low_fpr,aggregate_only,645,533
dureader,5,6,0.08974358974358974,0.075,0.0,0.0,0.7395833333333334,0.7708333333333334,7,6,0,0,78,80,18,16,0.014743589743589747,0.0,0.03125,1,True,low_support,stable,stable_low_fpr,aggregate_only,659,534
passage_retrieval_en,17,3,0.1125,0.075,0.0,0.0,0.7395833333333334,0.7708333333333334,9,6,0,0,80,80,16,16,0.037500000000000006,0.0,0.03125,3,True,low_support,stable,stable_low_fpr,aggregate_only,656,535
passage_retrieval_en,19,0,0.10126582278481013,0.06329113924050633,0.0,0.0,0.7395833333333334,0.7708333333333334,8,5,0,0,79,79,17,17,0.03797468354430379,0.0,0.03125,3,True,low_support,stable,stable_low_fpr,aggregate_only,690,536
gsm8k,22,2,0.08955223880597014,0.09090909090909091,0.0,0.0,0.7625,0.75,6,6,0,0,67,66,13,14,0.0013568521031207675,0.0,0.012499999999999956,0,True,low_support,stable,stable_low_fpr,aggregate_only,608,537
gsm8k,12,1,0.0625,0.07575757575757576,0.0,0.0,0.75,0.7625,4,5,0,0,64,66,16,14,0.01325757575757576,0.0,0.012499999999999956,1,True,low_support,stable,stable_low_fpr,aggregate_only,701,538
gsm8k,26,4,0.07462686567164178,0.09230769230769231,0.0,0.0,0.775,0.7375,5,6,0,0,67,65,13,15,0.01768082663605053,0.0,0.03749999999999998,1,True,low_support,stable,stable_low_fpr,aggregate_only,664,539
dureader,8,5,0.15294117647058825,0.16853932584269662,0.0,0.0,0.75,0.7708333333333334,13,15,0,0,85,89,11,7,0.015598149372108377,0.0,0.02083333333333337,2,True,low_support,stable,stable_low_fpr,aggregate_only,440,540
passage_retrieval_en,8,7,0.10843373493975904,0.1,0.0,0.0,0.7708333333333334,0.75,9,8,0,0,83,80,13,16,0.008433734939759033,0.0,0.02083333333333337,1,True,low_support,stable,stable_low_fpr,aggregate_only,578,541
dureader,31,6,0.0975609756097561,0.1,0.0,0.0,0.7708333333333334,0.75,8,8,0,0,82,80,14,16,0.0024390243902439046,0.0,0.02083333333333337,0,True,low_support,stable,stable_low_fpr,aggregate_only,582,542
passage_retrieval_zh,9,4,0.0975609756097561,0.08860759493670886,0.0,0.0,0.7708333333333334,0.75,8,7,0,0,82,79,14,17,0.00895338067304724,0.0,0.02083333333333337,1,True,low_support,stable,stable_low_fpr,aggregate_only,612,543
dureader,29,3,0.08974358974358974,0.08536585365853659,0.0,0.0,0.7395833333333334,0.78125,7,7,0,0,78,82,18,14,0.004377736085053152,0.0,0.04166666666666663,0,True,low_support,stable,stable_low_fpr,aggregate_only,631,544
samsum,10,6,0.075,0.1111111111111111,0.0,0.0,0.7708333333333334,0.75,6,9,0,0,80,81,16,15,0.03611111111111111,0.0,0.02083333333333337,3,True,low_support,stable,stable_low_fpr,aggregate_only,657,545
passage_retrieval_en,31,2,0.06329113924050633,0.07692307692307693,0.0,0.0,0.7708333333333334,0.75,5,6,0,0,79,78,17,18,0.013631937682570594,0.0,0.02083333333333337,1,True,low_support,stable,stable_low_fpr,aggregate_only,693,546
samsum,24,3,0.0625,0.1125,0.0,0.0,0.78125,0.7395833333333334,5,9,0,0,80,80,16,16,0.05,0.0,0.04166666666666663,4,True,low_support,stable,stable_low_fpr,aggregate_only,695,547
samsum,11,0,0.05128205128205128,0.05263157894736842,0.0,0.0,0.7708333333333334,0.75,4,4,0,0,78,76,18,20,0.0013495276653171379,0.0,0.02083333333333337,0,True,low_support,stable,stable_low_fpr,aggregate_only,743,548
gsm8k,13,3,0.11764705882352941,0.08823529411764706,0.0,0.0,0.75,0.775,8,6,0,0,68,68,12,12,0.029411764705882346,0.0,0.025000000000000022,2,True,low_support,stable,stable_low_fpr,aggregate_only,615,549
gsm8k,26,3,0.07692307692307693,0.10144927536231885,0.0,0.0,0.75,0.775,5,7,0,0,65,69,15,11,0.02452619843924192,0.0,0.025000000000000022,2,True,low_support,stable,stable_low_fpr,aggregate_only,649,550
gsm8k,10,2,0.06153846153846154,0.10294117647058823,0.0,0.0,0.7625,0.7625,4,7,0,0,65,68,15,12,0.04140271493212669,0.0,0.0,3,True,low_support,stable,stable_low_fpr,aggregate_only,706,551
hotpotqa,2,7,0.0875,0.11904761904761904,0.0,0.0,0.7604166666666666,0.7708333333333334,7,10,0,0,80,84,16,12,0.03154761904761905,0.0,0.01041666666666674,3,True,low_support,stable,stable_low_fpr,aggregate_only,617,552
dureader,27,2,0.0875,0.08641975308641975,0.0,0.0,0.7604166666666666,0.7708333333333334,7,7,0,0,80,81,16,15,0.0010802469135802462,0.0,0.01041666666666674,0,True,low_support,stable,stable_low_fpr,aggregate_only,628,553
dureader,2,7,0.0875,0.075,0.0,0.0,0.7604166666666666,0.7708333333333334,7,6,0,0,80,80,16,16,0.012499999999999997,0.0,0.01041666666666674,1,True,low_support,stable,stable_low_fpr,aggregate_only,658,554
passage_retrieval_zh,31,6,0.075,0.0875,0.0,0.0,0.7708333333333334,0.7604166666666666,6,7,0,0,80,80,16,16,0.012499999999999997,0.0,0.01041666666666674,1,True,low_support,stable,stable_low_fpr,aggregate_only,661,555
samsum,27,4,0.07407407407407407,0.07692307692307693,0.0,0.0,0.78125,0.75,6,6,0,0,81,78,15,18,0.0028490028490028574,0.0,0.03125,0,True,low_support,stable,stable_low_fpr,aggregate_only,667,556
dureader,17,2,0.07317073170731707,0.10126582278481013,0.0,0.0,0.7916666666666666,0.7395833333333334,6,8,0,0,82,79,14,17,0.028095091077493056,0.0,0.05208333333333326,2,True,low_support,stable,stable_low_fpr,aggregate_only,669,557
hotpotqa,31,6,0.0625,0.08860759493670886,0.0,0.0,0.78125,0.75,5,7,0,0,80,79,16,17,0.02610759493670886,0.0,0.03125,2,True,low_support,stable,stable_low_fpr,aggregate_only,696,558
samsum,27,6,0.06097560975609756,0.07894736842105263,0.0,0.0,0.8020833333333334,0.7291666666666666,5,6,0,0,82,76,14,20,0.017971758664955068,0.0,0.07291666666666674,1,True,low_support,stable,stable_low_fpr,aggregate_only,710,559
gsm8k,24,1,0.08823529411764706,0.11594202898550725,0.0,0.0,0.775,0.7625,6,8,0,0,68,69,12,11,0.027706734867860183,0.0,0.012500000000000067,2,True,low_support,stable,stable_low_fpr,aggregate_only,616,560
gsm8k,20,7,0.09090909090909091,0.08695652173913043,0.0,0.0,0.75,0.7875,6,6,0,0,66,69,14,11,0.003952569169960479,0.0,0.03749999999999998,0,True,low_support,stable,stable_low_fpr,aggregate_only,622,561
gsm8k,9,5,0.08695652173913043,0.1044776119402985,0.0,0.0,0.7875,0.75,6,7,0,0,69,67,11,13,0.01752109020116807,0.0,0.03749999999999998,1,True,low_support,stable,stable_low_fpr,aggregate_only,621,562
gsm8k,4,1,0.07575757575757576,0.046153846153846156,0.0,0.0,0.7625,0.775,5,3,0,0,66,65,14,15,0.029603729603729603,0.0,0.012500000000000067,2,True,low_support,stable,stable_low_fpr,aggregate_only,785,563
passage_retrieval_zh,13,4,0.07692307692307693,0.09523809523809523,0.0,0.0,0.75,0.7916666666666666,6,8,0,0,78,84,18,12,0.018315018315018305,0.0,0.04166666666666663,2,True,low_support,stable,stable_low_fpr,aggregate_only,648,564
samsum,18,3,0.0875,0.07407407407407407,0.0,0.0,0.7604166666666666,0.78125,7,6,0,0,80,81,16,15,0.013425925925925924,0.0,0.02083333333333337,1,True,low_support,stable,stable_low_fpr,aggregate_only,665,565
hotpotqa,5,4,0.07317073170731707,0.06493506493506493,0.0,0.0,0.7916666666666666,0.75,6,5,0,0,82,77,14,19,0.00823566677225214,0.0,0.04166666666666663,1,True,low_support,stable,stable_low_fpr,aggregate_only,685,566
passage_retrieval_zh,16,3,0.0641025641025641,0.10714285714285714,0.0,0.0,0.7604166666666666,0.78125,5,9,0,0,78,84,18,12,0.04304029304029304,0.0,0.02083333333333337,4,True,low_support,stable,stable_low_fpr,aggregate_only,687,567
samsum,28,6,0.08860759493670886,0.06172839506172839,0.0,0.0,0.75,0.7916666666666666,7,5,0,0,79,81,17,15,0.02687919987498047,0.0,0.04166666666666663,2,True,low_support,stable,stable_low_fpr,aggregate_only,702,568
hotpotqa,19,0,0.07407407407407407,0.05194805194805195,0.0,0.0,0.78125,0.7604166666666666,6,4,0,0,81,77,15,19,0.02212602212602212,0.0,0.02083333333333337,2,True,low_support,stable,stable_low_fpr,aggregate_only,733,569
dureader,30,4,0.05,0.07692307692307693,0.0,0.0,0.7916666666666666,0.75,4,6,0,0,80,78,16,18,0.026923076923076925,0.0,0.04166666666666663,2,True,low_support,stable,stable_low_fpr,aggregate_only,746,570
samsum,15,7,0.075,0.075,0.0,0.0,0.7708333333333334,0.7708333333333334,6,6,0,0,80,80,16,16,0.0,0.0,0.0,0,True,low_support,stable,stable_low_fpr,aggregate_only,663,571
passage_retrieval_zh,23,2,0.06329113924050633,0.0975609756097561,0.0,0.0,0.7708333333333334,0.7708333333333334,5,8,0,0,79,82,17,14,0.03426983636924977,0.0,0.0,3,True,low_support,stable,stable_low_fpr,aggregate_only,691,572
passage_retrieval_zh,12,4,0.08641975308641975,0.05128205128205128,0.0,0.0,0.7708333333333334,0.7708333333333334,7,4,0,0,81,78,15,18,0.03513770180436847,0.0,0.0,3,True,low_support,stable,stable_low_fpr,aggregate_only,739,573
gsm8k,21,3,0.08955223880597014,0.05970149253731343,0.0,0.0,0.7625,0.7875,6,4,0,0,67,67,13,13,0.029850746268656712,0.0,0.025000000000000022,2,True,low_support,stable,stable_low_fpr,aggregate_only,716,574
gsm8k,0,1,0.1111111111111111,0.15492957746478872,0.0,0.0,0.8,0.75,8,11,0,0,72,71,8,9,0.043818466353677615,0.0,0.050000000000000044,3,True,low_support,stable,stable_low_fpr,aggregate_only,553,575
gsm8k,1,0,0.058823529411764705,0.09090909090909091,0.0,0.0,0.8,0.75,4,6,0,0,68,66,12,14,0.03208556149732621,0.0,0.050000000000000044,2,True,low_support,stable,stable_low_fpr,aggregate_only,720,576
gsm8k,30,2,0.058823529411764705,0.09090909090909091,0.0,0.0,0.8,0.75,4,6,0,0,68,66,12,14,0.03208556149732621,0.0,0.050000000000000044,2,True,low_support,stable,stable_low_fpr,aggregate_only,721,577
gsm8k,21,0,0.057971014492753624,0.09230769230769231,0.0,0.0,0.8125,0.7375,4,6,0,0,69,65,11,15,0.03433667781493869,0.0,0.07499999999999996,2,True,low_support,stable,stable_low_fpr,aggregate_only,725,578
gsm8k,2,7,0.04477611940298507,0.07692307692307693,0.0,0.0,0.8,0.75,3,5,0,0,67,65,13,15,0.032146957520091855,0.0,0.050000000000000044,2,True,low_support,stable,stable_low_fpr,aggregate_only,787,579
dureader,26,4,0.09876543209876543,0.09523809523809523,0.0,0.0,0.7604166666666666,0.7916666666666666,8,8,0,0,81,84,15,12,0.003527336860670194,0.0,0.03125,0,True,low_support,stable,stable_low_fpr,aggregate_only,587,580
hotpotqa,8,7,0.12048192771084337,0.08433734939759036,0.0,0.0,0.7604166666666666,0.7916666666666666,10,7,0,0,83,83,13,13,0.03614457831325302,0.0,0.03125,3,True,low_support,stable,stable_low_fpr,aggregate_only,632,581
passage_retrieval_en,31,6,0.05,0.0759493670886076,0.0,0.0,0.7916666666666666,0.7604166666666666,4,6,0,0,80,79,16,17,0.025949367088607594,0.0,0.03125,2,True,low_support,stable,stable_low_fpr,aggregate_only,748,582
passage_retrieval_zh,9,0,0.14772727272727273,0.1590909090909091,0.0,0.0,0.78125,0.7708333333333334,13,14,0,0,88,88,8,8,0.011363636363636354,0.0,0.01041666666666663,1,True,low_support,stable,stable_low_fpr,aggregate_only,455,583
passage_retrieval_en,13,4,0.0963855421686747,0.12941176470588237,0.0,0.0,0.78125,0.7708333333333334,8,11,0,0,83,85,13,11,0.03302622253720766,0.0,0.01041666666666663,3,True,low_support,stable,stable_low_fpr,aggregate_only,586,584
hotpotqa,17,3,0.08536585365853659,0.06329113924050633,0.0,0.0,0.78125,0.7708333333333334,7,5,0,0,82,79,14,17,0.02207471441803026,0.0,0.01041666666666663,2,True,low_support,stable,stable_low_fpr,aggregate_only,692,585
passage_retrieval_zh,18,3,0.06329113924050633,0.07407407407407407,0.0,0.0,0.7708333333333334,0.78125,5,6,0,0,79,81,17,15,0.010782934833567737,0.0,0.01041666666666663,1,True,low_support,stable,stable_low_fpr,aggregate_only,694,586
hotpotqa,10,3,0.0625,0.06329113924050633,0.0,0.0,0.78125,0.7708333333333334,5,5,0,0,80,79,16,17,0.0007911392405063333,0.0,0.01041666666666663,0,True,low_support,stable,stable_low_fpr,aggregate_only,699,587
passage_retrieval_en,2,1,0.08641975308641975,0.0625,0.0,0.0,0.7708333333333334,0.78125,7,5,0,0,81,80,15,16,0.02391975308641975,0.0,0.01041666666666663,2,True,low_support,stable,stable_low_fpr,aggregate_only,697,588
dureader,18,0,0.08536585365853659,0.05128205128205128,0.0,0.0,0.78125,0.7708333333333334,7,4,0,0,82,78,14,18,0.03408380237648531,0.0,0.01041666666666663,3,True,low_support,stable,stable_low_fpr,aggregate_only,735,589
dureader,9,4,0.07407407407407407,0.05128205128205128,0.0,0.0,0.78125,0.7708333333333334,6,4,0,0,81,78,15,18,0.02279202279202279,0.0,0.01041666666666663,2,True,low_support,stable,stable_low_fpr,aggregate_only,741,590
passage_retrieval_en,7,4,0.05128205128205128,0.08536585365853659,0.0,0.0,0.7708333333333334,0.78125,4,7,0,0,78,82,18,14,0.03408380237648531,0.0,0.01041666666666663,3,True,low_support,stable,stable_low_fpr,aggregate_only,737,591
passage_retrieval_zh,1,0,0.08536585365853659,0.05128205128205128,0.0,0.0,0.78125,0.7708333333333334,7,4,0,0,82,78,14,18,0.03408380237648531,0.0,0.01041666666666663,3,True,low_support,stable,stable_low_fpr,aggregate_only,738,592
samsum,10,3,0.0625,0.05128205128205128,0.0,0.0,0.78125,0.7708333333333334,5,4,0,0,80,78,16,18,0.01121794871794872,0.0,0.01041666666666663,1,True,low_support,stable,stable_low_fpr,aggregate_only,742,593
samsum,8,0,0.08536585365853659,0.05128205128205128,0.0,0.0,0.78125,0.7708333333333334,7,4,0,0,82,78,14,18,0.03408380237648531,0.0,0.01041666666666663,3,True,low_support,stable,stable_low_fpr,aggregate_only,740,594
hotpotqa,2,1,0.04,0.04938271604938271,0.0,0.0,0.75,0.8020833333333334,3,4,0,0,75,81,21,15,0.009382716049382712,0.0,0.05208333333333337,1,True,low_support,stable,stable_low_fpr,aggregate_only,808,595
hotpotqa,13,0,0.14606741573033707,0.14942528735632185,0.0,0.0,0.7916666666666666,0.7708333333333334,13,13,0,0,89,87,7,9,0.0033578716259847763,0.0,0.02083333333333326,0,True,low_support,stable,stable_low_fpr,aggregate_only,459,596
dureader,8,2,0.13636363636363635,0.13953488372093023,0.0,0.0,0.7916666666666666,0.7708333333333334,12,12,0,0,88,86,8,10,0.003171247357293877,0.0,0.02083333333333326,0,True,low_support,stable,stable_low_fpr,aggregate_only,486,597
passage_retrieval_en,13,0,0.12048192771084337,0.09411764705882353,0.0,0.0,0.7604166666666666,0.8020833333333334,10,8,0,0,83,85,13,11,0.026364280652019845,0.0,0.04166666666666674,2,True,low_support,stable,stable_low_fpr,aggregate_only,591,598
gsm8k,26,6,0.08695652173913043,0.08823529411764706,0.0,0.0,0.7875,0.775,6,6,0,0,69,68,11,12,0.0012787723785166322,0.0,0.012499999999999956,0,True,low_support,stable,stable_low_fpr,aggregate_only,623,599
passage_retrieval_en,15,1,0.08333333333333333,0.0759493670886076,0.0,0.0,0.8020833333333334,0.7604166666666666,7,6,0,0,84,79,12,17,0.0073839662447257315,0.0,0.04166666666666674,1,True,low_support,stable,stable_low_fpr,aggregate_only,653,600
gsm8k,15,7,0.07575757575757576,0.07246376811594203,0.0,0.0,0.7625,0.8,5,5,0,0,66,69,14,11,0.003293807641633728,0.0,0.03750000000000009,0,True,low_support,stable,stable_low_fpr,aggregate_only,671,601
dureader,25,2,0.12048192771084337,0.07228915662650602,0.0,0.0,0.7604166666666666,0.8020833333333334,10,6,0,0,83,83,13,13,0.04819277108433735,0.0,0.04166666666666674,4,True,low_support,stable,stable_low_fpr,aggregate_only,672,602
samsum,2,1,0.0625,0.0625,0.0,0.0,0.78125,0.78125,5,5,0,0,80,80,16,16,0.0,0.0,0.0,0,True,low_support,stable,stable_low_fpr,aggregate_only,700,603
samsum,5,3,0.05063291139240506,0.05063291139240506,0.0,0.0,0.78125,0.78125,4,4,0,0,79,79,17,17,0.0,0.0,0.0,0,True,low_support,stable,stable_low_fpr,aggregate_only,744,604
passage_retrieval_zh,11,1,0.05,0.08641975308641975,0.0,0.0,0.7916666666666666,0.7708333333333334,4,7,0,0,80,81,16,15,0.036419753086419746,0.0,0.02083333333333326,3,True,low_support,stable,stable_low_fpr,aggregate_only,745,605
dureader,16,3,0.0759493670886076,0.04938271604938271,0.0,0.0,0.7604166666666666,0.8020833333333334,6,4,0,0,79,81,17,15,0.026566651039224884,0.0,0.04166666666666674,2,True,low_support,stable,stable_low_fpr,aggregate_only,754,606
samsum,24,6,0.0759493670886076,0.04938271604938271,0.0,0.0,0.7604166666666666,0.8020833333333334,6,4,0,0,79,81,17,15,0.026566651039224884,0.0,0.04166666666666674,2,True,low_support,stable,stable_low_fpr,aggregate_only,756,607
gsm8k,24,6,0.06153846153846154,0.04477611940298507,0.0,0.0,0.7625,0.8,4,3,0,0,65,67,15,13,0.01676234213547647,0.0,0.03750000000000009,1,True,low_support,stable,stable_low_fpr,aggregate_only,788,608
dureader,29,7,0.03896103896103896,0.07317073170731707,0.0,0.0,0.7708333333333334,0.7916666666666666,3,6,0,0,77,82,19,14,0.03420969274627811,0.0,0.02083333333333326,3,True,low_support,stable,stable_low_fpr,aggregate_only,809,609
samsum,2,7,0.038461538461538464,0.0625,0.0,0.0,0.78125,0.78125,3,5,0,0,78,80,18,16,0.024038461538461536,0.0,0.0,2,True,low_support,stable,stable_low_fpr,aggregate_only,810,610
passage_retrieval_zh,2,7,0.08536585365853659,0.08433734939759036,0.0,0.0,0.78125,0.7916666666666666,7,7,0,0,82,83,14,13,0.0010285042609462364,0.0,0.01041666666666663,0,True,low_support,stable,stable_low_fpr,aggregate_only,633,611
hotpotqa,24,7,0.07407407407407407,0.07317073170731707,0.0,0.0,0.78125,0.7916666666666666,6,6,0,0,81,82,15,14,0.0009033423667570012,0.0,0.01041666666666663,0,True,low_support,stable,stable_low_fpr,aggregate_only,670,612
dureader,18,2,0.0759493670886076,0.07142857142857142,0.0,0.0,0.7604166666666666,0.8125,6,6,0,0,79,84,17,12,0.004520795660036173,0.0,0.05208333333333337,0,True,low_support,stable,stable_low_fpr,aggregate_only,675,613
passage_retrieval_zh,24,3,0.07317073170731707,0.0625,0.0,0.0,0.7916666666666666,0.78125,6,5,0,0,82,80,14,16,0.010670731707317069,0.0,0.01041666666666663,1,True,low_support,stable,stable_low_fpr,aggregate_only,698,614
passage_retrieval_en,16,7,0.06172839506172839,0.0625,0.0,0.0,0.7916666666666666,0.78125,5,5,0,0,81,80,15,16,0.0007716049382716084,0.0,0.01041666666666663,0,True,low_support,stable,stable_low_fpr,aggregate_only,704,615
passage_retrieval_zh,15,7,0.0625,0.06172839506172839,0.0,0.0,0.78125,0.7916666666666666,5,5,0,0,80,81,16,15,0.0007716049382716084,0.0,0.01041666666666663,0,True,low_support,stable,stable_low_fpr,aggregate_only,705,616
dureader,11,2,0.05,0.05063291139240506,0.0,0.0,0.7916666666666666,0.78125,4,4,0,0,80,79,16,17,0.0006329113924050597,0.0,0.01041666666666663,0,True,low_support,stable,stable_low_fpr,aggregate_only,751,617
hotpotqa,5,0,0.0875,0.04878048780487805,0.0,0.0,0.7604166666666666,0.8125,7,4,0,0,80,82,16,14,0.038719512195121944,0.0,0.05208333333333337,3,True,low_support,stable,stable_low_fpr,aggregate_only,762,618
passage_retrieval_en,1,0,0.09876543209876543,0.04878048780487805,0.0,0.0,0.7604166666666666,0.8125,8,4,0,0,81,82,15,14,0.049984944293887376,0.0,0.05208333333333337,4,True,low_support,stable,stable_low_fpr,aggregate_only,760,619
passage_retrieval_zh,12,7,0.09876543209876543,0.04878048780487805,0.0,0.0,0.7604166666666666,0.8125,8,4,0,0,81,82,15,14,0.049984944293887376,0.0,0.05208333333333337,4,True,low_support,stable,stable_low_fpr,aggregate_only,761,620
dureader,23,2,0.06097560975609756,0.075,0.0,0.0,0.8020833333333334,0.7708333333333334,5,6,0,0,82,80,14,16,0.014024390243902438,0.0,0.03125,1,True,low_support,stable,stable_low_fpr,aggregate_only,708,621
passage_retrieval_zh,2,1,0.075,0.06097560975609756,0.0,0.0,0.7708333333333334,0.8020833333333334,6,5,0,0,80,82,16,14,0.014024390243902438,0.0,0.03125,1,True,low_support,stable,stable_low_fpr,aggregate_only,709,622
samsum,25,0,0.0975609756097561,0.04938271604938271,0.0,0.0,0.7708333333333334,0.8020833333333334,8,4,0,0,82,81,14,15,0.04817825956037339,0.0,0.03125,4,True,low_support,stable,stable_low_fpr,aggregate_only,752,623
samsum,9,3,0.04938271604938271,0.075,0.0,0.0,0.8020833333333334,0.7708333333333334,4,6,0,0,81,80,15,16,0.025617283950617284,0.0,0.03125,2,True,low_support,stable,stable_low_fpr,aggregate_only,757,624
gsm8k,29,3,0.08695652173913043,0.07352941176470588,0.0,0.0,0.7875,0.7875,6,5,0,0,69,68,11,12,0.013427109974424548,0.0,0.0,1,True,low_support,stable,stable_low_fpr,aggregate_only,668,625
gsm8k,30,5,0.031746031746031744,0.029850746268656716,0.0,0.0,0.7625,0.8125,2,2,0,0,63,67,17,13,0.0018952854773750284,0.0,0.050000000000000044,0,True,low_support,stable,stable_low_fpr,aggregate_only,851,626
gsm8k,1,6,0.031746031746031744,0.015151515151515152,0.0,0.0,0.7625,0.8125,2,1,0,0,63,66,17,14,0.016594516594516592,0.0,0.050000000000000044,1,True,low_support,stable,stable_low_fpr,aggregate_only,925,627
gsm8k,26,1,0.08823529411764706,0.08571428571428572,0.0,0.0,0.775,0.8,6,6,0,0,68,70,12,10,0.0025210084033613495,0.0,0.025000000000000022,0,True,low_support,stable,stable_low_fpr,aggregate_only,630,628
hotpotqa,8,2,0.11627906976744186,0.10588235294117647,0.0,0.0,0.7916666666666666,0.7916666666666666,10,9,0,0,86,85,10,11,0.01039671682626539,0.0,0.0,1,True,low_support,stable,stable_low_fpr,aggregate_only,564,629
passage_retrieval_zh,24,1,0.07317073170731707,0.06172839506172839,0.0,0.0,0.7916666666666666,0.7916666666666666,6,5,0,0,82,81,14,15,0.011442336645588677,0.0,0.0,1,True,low_support,stable,stable_low_fpr,aggregate_only,703,630
passage_retrieval_zh,26,1,0.07317073170731707,0.05,0.0,0.0,0.7916666666666666,0.7916666666666666,6,4,0,0,82,80,14,16,0.023170731707317066,0.0,0.0,2,True,low_support,stable,stable_low_fpr,aggregate_only,749,631
passage_retrieval_zh,25,7,0.0641025641025641,0.024691358024691357,0.0,0.0,0.7604166666666666,0.8229166666666666,5,2,0,0,78,81,18,15,0.03941120607787274,0.0,0.0625,3,True,low_support,stable,stable_low_fpr,aggregate_only,877,632
passage_retrieval_zh,30,4,0.04938271604938271,0.08536585365853659,0.0,0.0,0.8020833333333334,0.78125,4,7,0,0,81,82,15,14,0.03598313760915388,0.0,0.02083333333333337,3,True,low_support,stable,stable_low_fpr,aggregate_only,753,633
dureader,7,5,0.04878048780487805,0.075,0.0,0.0,0.8125,0.7708333333333334,4,6,0,0,82,80,14,16,0.026219512195121947,0.0,0.04166666666666663,2,True,low_support,stable,stable_low_fpr,aggregate_only,763,634
hotpotqa,18,2,0.0375,0.05063291139240506,0.0,0.0,0.8020833333333334,0.78125,3,4,0,0,80,79,16,17,0.013132911392405064,0.0,0.02083333333333337,1,True,low_support,stable,stable_low_fpr,aggregate_only,813,635
gsm8k,18,7,0.05970149253731343,0.058823529411764705,0.0,0.0,0.7875,0.8,4,4,0,0,67,68,13,12,0.0008779631255487266,0.0,0.012500000000000067,0,True,low_support,stable,stable_low_fpr,aggregate_only,723,636
gsm8k,16,6,0.057971014492753624,0.08823529411764706,0.0,0.0,0.8125,0.775,4,6,0,0,69,68,11,12,0.03026427962489344,0.0,0.03749999999999998,2,True,low_support,stable,stable_low_fpr,aggregate_only,724,637
gsm8k,9,6,0.05970149253731343,0.04477611940298507,0.0,0.0,0.7875,0.8,4,3,0,0,67,67,13,13,0.01492537313432836,0.0,0.012500000000000067,1,True,low_support,stable,stable_low_fpr,aggregate_only,789,638
gsm8k,11,2,0.030303030303030304,0.03076923076923077,0.0,0.0,0.8,0.7875,2,2,0,0,66,65,14,15,0.00046620046620046707,0.0,0.012500000000000067,0,True,low_support,stable,stable_low_fpr,aggregate_only,846,639
gsm8k,7,2,0.030303030303030304,0.07352941176470588,0.0,0.0,0.8,0.7875,2,5,0,0,66,68,14,12,0.04322638146167558,0.0,0.012500000000000067,3,True,low_support,stable,stable_low_fpr,aggregate_only,845,640
samsum,15,1,0.15217391304347827,0.17582417582417584,0.0,0.0,0.8125,0.78125,14,16,0,0,92,91,4,5,0.023650262780697567,0.0,0.03125,2,True,low_support,stable,stable_low_fpr,aggregate_only,444,641
passage_retrieval_zh,13,0,0.11235955056179775,0.1590909090909091,0.0,0.0,0.8229166666666666,0.7708333333333334,10,14,0,0,89,88,7,8,0.04673135852911134,0.0,0.05208333333333326,4,True,low_support,stable,stable_low_fpr,aggregate_only,552,642
passage_retrieval_en,8,5,0.0963855421686747,0.09302325581395349,0.0,0.0,0.78125,0.8125,8,8,0,0,83,86,13,10,0.0033622863547212167,0.0,0.03125,0,True,low_support,stable,stable_low_fpr,aggregate_only,596,643
hotpotqa,30,1,0.07228915662650602,0.07317073170731707,0.0,0.0,0.8020833333333334,0.7916666666666666,6,6,0,0,83,82,13,14,0.0008815750808110479,0.0,0.01041666666666674,0,True,low_support,stable,stable_low_fpr,aggregate_only,673,644
passage_retrieval_en,5,3,0.06097560975609756,0.06172839506172839,0.0,0.0,0.8020833333333334,0.7916666666666666,5,5,0,0,82,81,14,15,0.000752785305630832,0.0,0.01041666666666674,0,True,low_support,stable,stable_low_fpr,aggregate_only,711,645
passage_retrieval_en,9,4,0.0625,0.060240963855421686,0.0,0.0,0.78125,0.8125,5,5,0,0,80,83,16,13,0.0022590361445783136,0.0,0.03125,0,True,low_support,stable,stable_low_fpr,aggregate_only,714,646
hotpotqa,31,2,0.05952380952380952,0.08641975308641975,0.0,0.0,0.8229166666666666,0.7708333333333334,5,7,0,0,84,81,12,15,0.026895943562610228,0.0,0.05208333333333326,2,True,low_support,stable,stable_low_fpr,aggregate_only,718,647
hotpotqa,23,0,0.07228915662650602,0.05,0.0,0.0,0.8020833333333334,0.7916666666666666,6,4,0,0,83,80,13,16,0.022289156626506018,0.0,0.01041666666666674,2,True,low_support,stable,stable_low_fpr,aggregate_only,747,648
passage_retrieval_en,12,7,0.06097560975609756,0.05,0.0,0.0,0.8020833333333334,0.7916666666666666,5,4,0,0,82,80,14,16,0.010975609756097557,0.0,0.01041666666666674,1,True,low_support,stable,stable_low_fpr,aggregate_only,750,649
dureader,1,5,0.04938271604938271,0.05,0.0,0.0,0.8020833333333334,0.7916666666666666,4,4,0,0,81,80,15,16,0.0006172839506172895,0.0,0.01041666666666674,0,True,low_support,stable,stable_low_fpr,aggregate_only,759,650
dureader,15,7,0.075,0.04819277108433735,0.0,0.0,0.7708333333333334,0.8229166666666666,6,4,0,0,80,83,16,13,0.026807228915662645,0.0,0.05208333333333326,2,True,low_support,stable,stable_low_fpr,aggregate_only,772,651
passage_retrieval_zh,30,1,0.0975609756097561,0.04819277108433735,0.0,0.0,0.7708333333333334,0.8229166666666666,8,4,0,0,82,83,14,13,0.04936820452541875,0.0,0.05208333333333326,4,True,low_support,stable,stable_low_fpr,aggregate_only,769,652
hotpotqa,28,6,0.0375,0.0379746835443038,0.0,0.0,0.8020833333333334,0.7916666666666666,3,3,0,0,80,79,16,17,0.0004746835443038,0.0,0.01041666666666674,0,True,low_support,stable,stable_low_fpr,aggregate_only,814,653
samsum,7,5,0.06172839506172839,0.0375,0.0,0.0,0.7916666666666666,0.8020833333333334,5,3,0,0,81,80,15,16,0.024228395061728393,0.0,0.01041666666666674,2,True,low_support,stable,stable_low_fpr,aggregate_only,812,654
dureader,30,1,0.036585365853658534,0.075,0.0,0.0,0.8229166666666666,0.7708333333333334,3,6,0,0,82,80,14,16,0.03841463414634146,0.0,0.05208333333333326,3,True,low_support,stable,stable_low_fpr,aggregate_only,821,655
passage_retrieval_en,11,6,0.036585365853658534,0.08641975308641975,0.0,0.0,0.8229166666666666,0.7708333333333334,3,7,0,0,82,81,14,15,0.049834387232761214,0.0,0.05208333333333326,4,True,low_support,stable,stable_low_fpr,aggregate_only,820,656
passage_retrieval_zh,18,2,0.05128205128205128,0.036585365853658534,0.0,0.0,0.7708333333333334,0.8229166666666666,4,3,0,0,78,82,18,14,0.014696685428392746,0.0,0.05208333333333326,1,True,low_support,stable,stable_low_fpr,aggregate_only,823,657
gsm8k,7,7,0.07142857142857142,0.05970149253731343,0.0,0.0,0.8125,0.7875,5,4,0,0,70,67,10,13,0.011727078891257993,0.0,0.025000000000000022,1,True,low_support,stable,stable_low_fpr,aggregate_only,717,658
gsm8k,5,3,0.07246376811594203,0.058823529411764705,0.0,0.0,0.8,0.8,5,4,0,0,69,68,11,12,0.013640238704177327,0.0,0.0,1,True,low_support,stable,stable_low_fpr,aggregate_only,722,659
gsm8k,24,2,0.029850746268656716,0.045454545454545456,0.0,0.0,0.8125,0.7875,2,3,0,0,67,66,13,14,0.01560379918588874,0.0,0.025000000000000022,1,True,low_support,stable,stable_low_fpr,aggregate_only,850,660
gsm8k,25,6,0.029850746268656716,0.07352941176470588,0.0,0.0,0.8125,0.7875,2,5,0,0,67,68,13,12,0.043678665496049165,0.0,0.025000000000000022,3,True,low_support,stable,stable_low_fpr,aggregate_only,847,661
gsm8k,31,4,0.07352941176470588,0.029850746268656716,0.0,0.0,0.7875,0.8125,5,2,0,0,68,67,12,13,0.043678665496049165,0.0,0.025000000000000022,3,True,low_support,stable,stable_low_fpr,aggregate_only,848,662
passage_retrieval_zh,15,1,0.12222222222222222,0.13793103448275862,0.0,0.0,0.8229166666666666,0.78125,11,12,0,0,90,87,6,9,0.0157088122605364,0.0,0.04166666666666663,1,True,low_support,stable,stable_low_fpr,aggregate_only,524,663
passage_retrieval_en,8,2,0.11235955056179775,0.15730337078651685,0.0,0.0,0.8229166666666666,0.78125,10,14,0,0,89,89,7,7,0.0449438202247191,0.0,0.04166666666666663,4,True,low_support,stable,stable_low_fpr,aggregate_only,551,664
samsum,13,0,0.13636363636363635,0.09302325581395349,0.0,0.0,0.7916666666666666,0.8125,12,8,0,0,88,86,8,10,0.043340380549682866,0.0,0.02083333333333337,4,True,low_support,stable,stable_low_fpr,aggregate_only,595,665
dureader,1,0,0.10588235294117647,0.07142857142857142,0.0,0.0,0.7916666666666666,0.8125,9,6,0,0,85,84,11,12,0.034453781512605045,0.0,0.02083333333333337,3,True,low_support,stable,stable_low_fpr,aggregate_only,674,666
passage_retrieval_zh,8,3,0.08433734939759036,0.060240963855421686,0.0,0.0,0.7916666666666666,0.8125,7,5,0,0,83,83,13,13,0.02409638554216867,0.0,0.02083333333333337,2,True,low_support,stable,stable_low_fpr,aggregate_only,712,667
passage_retrieval_en,7,5,0.04878048780487805,0.05,0.0,0.0,0.8125,0.7916666666666666,4,4,0,0,82,80,14,16,0.0012195121951219523,0.0,0.02083333333333337,0,True,low_support,stable,stable_low_fpr,aggregate_only,768,668
passage_retrieval_en,8,3,0.07317073170731707,0.04878048780487805,0.0,0.0,0.7916666666666666,0.8125,6,4,0,0,82,82,14,14,0.02439024390243902,0.0,0.02083333333333337,2,True,low_support,stable,stable_low_fpr,aggregate_only,764,669
samsum,12,4,0.04878048780487805,0.07317073170731707,0.0,0.0,0.8125,0.7916666666666666,4,6,0,0,82,82,14,14,0.02439024390243902,0.0,0.02083333333333337,2,True,low_support,stable,stable_low_fpr,aggregate_only,765,670
hotpotqa,5,3,0.0625,0.04819277108433735,0.0,0.0,0.78125,0.8229166666666666,5,4,0,0,80,83,16,13,0.014307228915662648,0.0,0.04166666666666663,1,True,low_support,stable,stable_low_fpr,aggregate_only,774,671
hotpotqa,20,4,0.037037037037037035,0.05,0.0,0.0,0.8125,0.7916666666666666,3,4,0,0,81,80,15,16,0.012962962962962968,0.0,0.02083333333333337,1,True,low_support,stable,stable_low_fpr,aggregate_only,816,672
passage_retrieval_zh,27,2,0.04938271604938271,0.07228915662650602,0.0,0.0,0.8020833333333334,0.8020833333333334,4,6,0,0,81,83,15,13,0.022906440577123308,0.0,0.0,2,True,low_support,stable,stable_low_fpr,aggregate_only,755,673
gsm8k,3,7,0.045454545454545456,0.05714285714285714,0.0,0.0,0.7875,0.825,3,4,0,0,66,70,14,10,0.011688311688311685,0.0,0.03749999999999998,1,True,low_support,stable,stable_low_fpr,aggregate_only,786,674
gsm8k,19,2,0.07352941176470588,0.043478260869565216,0.0,0.0,0.7875,0.825,5,3,0,0,68,69,12,11,0.03005115089514067,0.0,0.03749999999999998,2,True,low_support,stable,stable_low_fpr,aggregate_only,794,675
gsm8k,4,5,0.05970149253731343,0.043478260869565216,0.0,0.0,0.7875,0.825,4,3,0,0,67,69,13,11,0.016223231667748216,0.0,0.03749999999999998,1,True,low_support,stable,stable_low_fpr,aggregate_only,797,676
gsm8k,20,0,0.029411764705882353,0.07352941176470588,0.0,0.0,0.825,0.7875,2,5,0,0,68,68,12,12,0.04411764705882353,0.0,0.03749999999999998,3,True,low_support,stable,stable_low_fpr,aggregate_only,852,677
gsm8k,22,5,0.07352941176470588,0.029411764705882353,0.0,0.0,0.7875,0.825,5,2,0,0,68,68,12,12,0.04411764705882353,0.0,0.03749999999999998,3,True,low_support,stable,stable_low_fpr,aggregate_only,853,678
gsm8k,27,6,0.015625,0.029411764705882353,0.0,0.0,0.7875,0.825,1,2,0,0,64,68,16,12,0.013786764705882353,0.0,0.03749999999999998,1,True,low_support,stable,stable_low_fpr,aggregate_only,923,679
gsm8k,17,6,0.04411764705882353,0.058823529411764705,0.0,0.0,0.8125,0.8,3,4,0,0,68,68,12,12,0.014705882352941173,0.0,0.012499999999999956,1,True,low_support,stable,stable_low_fpr,aggregate_only,791,680
gsm8k,20,6,0.04477611940298507,0.04411764705882353,0.0,0.0,0.8,0.8125,3,3,0,0,67,68,13,12,0.0006584723441615398,0.0,0.012499999999999956,0,True,low_support,stable,stable_low_fpr,aggregate_only,792,681
gsm8k,29,0,0.046153846153846156,0.04285714285714286,0.0,0.0,0.775,0.8375,3,3,0,0,65,70,15,10,0.003296703296703299,0.0,0.0625,0,True,low_support,stable,stable_low_fpr,aggregate_only,804,682
dureader,7,1,0.08433734939759036,0.04819277108433735,0.0,0.0,0.7916666666666666,0.8229166666666666,7,4,0,0,83,83,13,13,0.036144578313253004,0.0,0.03125,3,True,low_support,stable,stable_low_fpr,aggregate_only,771,683
dureader,10,7,0.0379746835443038,0.05952380952380952,0.0,0.0,0.7916666666666666,0.8229166666666666,3,5,0,0,79,84,17,12,0.021549125979505722,0.0,0.03125,2,True,low_support,stable,stable_low_fpr,aggregate_only,811,684
samsum,16,7,0.02564102564102564,0.036585365853658534,0.0,0.0,0.7916666666666666,0.8229166666666666,2,3,0,0,78,82,18,14,0.010944340212632894,0.0,0.03125,1,True,low_support,stable,stable_low_fpr,aggregate_only,871,685
dureader,15,1,0.12903225806451613,0.14942528735632185,0.0,0.0,0.84375,0.7708333333333334,12,13,0,0,93,87,3,9,0.020393029291805725,0.0,0.07291666666666663,1,True,low_support,stable,stable_low_fpr,aggregate_only,503,686
hotpotqa,6,2,0.11363636363636363,0.1348314606741573,0.0,0.0,0.8125,0.8020833333333334,10,12,0,0,88,89,8,7,0.021195097037793667,0.0,0.01041666666666663,2,True,low_support,stable,stable_low_fpr,aggregate_only,547,687
hotpotqa,15,1,0.08235294117647059,0.11494252873563218,0.0,0.0,0.8125,0.8020833333333334,7,10,0,0,85,87,11,9,0.032589587559161595,0.0,0.01041666666666663,3,True,low_support,stable,stable_low_fpr,aggregate_only,634,688
samsum,22,1,0.060240963855421686,0.06097560975609756,0.0,0.0,0.8125,0.8020833333333334,5,5,0,0,83,82,13,14,0.0007346459006758732,0.0,0.01041666666666663,0,True,low_support,stable,stable_low_fpr,aggregate_only,715,689
hotpotqa,1,0,0.04938271604938271,0.060240963855421686,0.0,0.0,0.8020833333333334,0.8125,4,5,0,0,81,83,15,13,0.010858247806038973,0.0,0.01041666666666663,1,True,low_support,stable,stable_low_fpr,aggregate_only,758,690
samsum,26,2,0.06097560975609756,0.04878048780487805,0.0,0.0,0.8020833333333334,0.8125,5,4,0,0,82,82,14,14,0.01219512195121951,0.0,0.01041666666666663,1,True,low_support,stable,stable_low_fpr,aggregate_only,767,691
hotpotqa,16,7,0.06097560975609756,0.037037037037037035,0.0,0.0,0.8020833333333334,0.8125,5,3,0,0,82,81,14,15,0.023938572719060525,0.0,0.01041666666666663,2,True,low_support,stable,stable_low_fpr,aggregate_only,815,692
samsum,1,0,0.0375,0.037037037037037035,0.0,0.0,0.8020833333333334,0.8125,3,3,0,0,80,81,16,15,0.00046296296296296363,0.0,0.01041666666666663,0,True,low_support,stable,stable_low_fpr,aggregate_only,819,693
passage_retrieval_en,2,7,0.03614457831325301,0.07407407407407407,0.0,0.0,0.8333333333333334,0.78125,3,6,0,0,83,81,13,15,0.03792949576082106,0.0,0.05208333333333337,3,True,low_support,stable,stable_low_fpr,aggregate_only,827,694
dureader,12,4,0.02531645569620253,0.025,0.0,0.0,0.8020833333333334,0.8125,2,2,0,0,79,80,17,16,0.00031645569620252986,0.0,0.01041666666666663,0,True,low_support,stable,stable_low_fpr,aggregate_only,874,695
passage_retrieval_zh,13,2,0.09411764705882353,0.12222222222222222,0.0,0.0,0.8020833333333334,0.8229166666666666,8,11,0,0,85,90,11,6,0.02810457516339869,0.0,0.02083333333333326,3,True,low_support,stable,stable_low_fpr,aggregate_only,590,696
dureader,31,2,0.060240963855421686,0.07142857142857142,0.0,0.0,0.8125,0.8125,5,6,0,0,83,84,13,12,0.011187607573149738,0.0,0.0,1,True,low_support,stable,stable_low_fpr,aggregate_only,713,697
passage_retrieval_zh,16,7,0.04819277108433735,0.06097560975609756,0.0,0.0,0.8229166666666666,0.8020833333333334,4,5,0,0,83,82,13,14,0.012782838671760208,0.0,0.02083333333333326,1,True,low_support,stable,stable_low_fpr,aggregate_only,775,698
gsm8k,13,7,0.04411764705882353,0.057971014492753624,0.0,0.0,0.8125,0.8125,3,4,0,0,68,69,12,11,0.013853367433930092,0.0,0.0,1,True,low_support,stable,stable_low_fpr,aggregate_only,790,699
gsm8k,31,2,0.04411764705882353,0.04411764705882353,0.0,0.0,0.8125,0.8125,3,3,0,0,68,68,12,12,0.0,0.0,0.0,0,True,low_support,stable,stable_low_fpr,aggregate_only,793,700
gsm8k,20,3,0.043478260869565216,0.07246376811594203,0.0,0.0,0.825,0.8,3,5,0,0,69,69,11,11,0.028985507246376815,0.0,0.02499999999999991,2,True,low_support,stable,stable_low_fpr,aggregate_only,795,701
gsm8k,17,5,0.07352941176470588,0.04285714285714286,0.0,0.0,0.7875,0.8375,5,3,0,0,68,70,12,10,0.030672268907563027,0.0,0.050000000000000044,2,True,low_support,stable,stable_low_fpr,aggregate_only,798,702
hotpotqa,9,4,0.04878048780487805,0.037037037037037035,0.0,0.0,0.8125,0.8125,4,3,0,0,82,81,14,15,0.011743450767841015,0.0,0.0,1,True,low_support,stable,stable_low_fpr,aggregate_only,817,703
samsum,31,6,0.037037037037037035,0.04878048780487805,0.0,0.0,0.8125,0.8125,3,4,0,0,81,82,15,14,0.011743450767841015,0.0,0.0,1,True,low_support,stable,stable_low_fpr,aggregate_only,818,704
hotpotqa,16,3,0.0375,0.036585365853658534,0.0,0.0,0.8020833333333334,0.8229166666666666,3,3,0,0,80,82,16,14,0.0009146341463414642,0.0,0.02083333333333326,0,True,low_support,stable,stable_low_fpr,aggregate_only,825,705
gsm8k,10,3,0.058823529411764705,0.029411764705882353,0.0,0.0,0.8,0.825,4,2,0,0,68,68,12,12,0.029411764705882353,0.0,0.02499999999999991,2,True,low_support,stable,stable_low_fpr,aggregate_only,854,706
hotpotqa,12,7,0.025,0.025,0.0,0.0,0.8125,0.8125,2,2,0,0,80,80,16,16,0.0,0.0,0.0,0,True,low_support,stable,stable_low_fpr,aggregate_only,875,707
hotpotqa,29,4,0.024691358024691357,0.04938271604938271,0.0,0.0,0.8229166666666666,0.8020833333333334,2,4,0,0,81,81,15,15,0.024691358024691357,0.0,0.02083333333333326,2,True,low_support,stable,stable_low_fpr,aggregate_only,878,708
passage_retrieval_en,12,4,0.024691358024691357,0.06097560975609756,0.0,0.0,0.8229166666666666,0.8020833333333334,2,5,0,0,81,82,15,14,0.0362842517314062,0.0,0.02083333333333326,3,True,low_support,stable,stable_low_fpr,aggregate_only,876,709
dureader,7,0,0.05,0.024390243902439025,0.0,0.0,0.7916666666666666,0.8333333333333334,4,2,0,0,80,82,16,14,0.025609756097560978,0.0,0.04166666666666674,2,True,low_support,stable,stable_low_fpr,aggregate_only,885,710
passage_retrieval_en,20,4,0.024096385542168676,0.07407407407407407,0.0,0.0,0.84375,0.78125,2,6,0,0,83,81,13,15,0.049977688531905394,0.0,0.0625,4,True,low_support,stable,stable_low_fpr,aggregate_only,897,711
hotpotqa,6,3,0.012658227848101266,0.04878048780487805,0.0,0.0,0.8125,0.8125,1,4,0,0,79,82,17,14,0.03612225995677679,0.0,0.0,3,True,low_support,stable,stable_low_fpr,aggregate_only,952,712
gsm8k,18,2,0.04477611940298507,0.0,0.0,0.0,0.8,0.825,3,0,0,0,67,66,13,14,0.04477611940298507,0.0,0.02499999999999991,3,True,low_support,stable,stable_low_fpr,aggregate_only,1008,713
passage_retrieval_en,6,2,0.12903225806451613,0.16483516483516483,0.0,0.0,0.84375,0.7916666666666666,12,15,0,0,93,91,3,5,0.03580290677064871,0.0,0.05208333333333337,3,True,low_support,stable,stable_low_fpr,aggregate_only,502,714
samsum,9,0,0.12222222222222222,0.10344827586206896,0.0,0.0,0.8229166666666666,0.8125,11,9,0,0,90,87,6,9,0.018773946360153254,0.0,0.01041666666666663,2,True,low_support,stable,stable_low_fpr,aggregate_only,571,715
passage_retrieval_en,4,6,0.05952380952380952,0.060240963855421686,0.0,0.0,0.8229166666666666,0.8125,5,5,0,0,84,83,12,13,0.0007171543316121659,0.0,0.01041666666666663,0,True,low_support,stable,stable_low_fpr,aggregate_only,719,716
dureader,26,1,0.04878048780487805,0.05952380952380952,0.0,0.0,0.8125,0.8229166666666666,4,5,0,0,82,84,14,12,0.01074332171893147,0.0,0.01041666666666663,1,True,low_support,stable,stable_low_fpr,aggregate_only,766,717
passage_retrieval_zh,27,3,0.060240963855421686,0.04819277108433735,0.0,0.0,0.8125,0.8229166666666666,5,4,0,0,83,83,13,13,0.012048192771084335,0.0,0.01041666666666663,1,True,low_support,stable,stable_low_fpr,aggregate_only,776,718
dureader,5,3,0.036585365853658534,0.037037037037037035,0.0,0.0,0.8229166666666666,0.8125,3,3,0,0,82,81,14,15,0.0004516711833785006,0.0,0.01041666666666663,0,True,low_support,stable,stable_low_fpr,aggregate_only,824,719
passage_retrieval_zh,10,0,0.060240963855421686,0.036585365853658534,0.0,0.0,0.8125,0.8229166666666666,5,3,0,0,83,82,13,14,0.023655598001763152,0.0,0.01041666666666663,2,True,low_support,stable,stable_low_fpr,aggregate_only,822,720
passage_retrieval_en,5,6,0.03571428571428571,0.08433734939759036,0.0,0.0,0.84375,0.7916666666666666,3,7,0,0,84,83,12,13,0.04862306368330464,0.0,0.05208333333333337,4,True,low_support,stable,stable_low_fpr,aggregate_only,838,721
passage_retrieval_en,7,1,0.024691358024691357,0.04878048780487805,0.0,0.0,0.8229166666666666,0.8125,2,4,0,0,81,82,15,14,0.024089129780186694,0.0,0.01041666666666663,2,True,low_support,stable,stable_low_fpr,aggregate_only,880,722
dureader,18,3,0.012195121951219513,0.02564102564102564,0.0,0.0,0.84375,0.7916666666666666,1,2,0,0,82,78,14,18,0.013445903689806128,0.0,0.05208333333333337,1,True,low_support,stable,stable_low_fpr,aggregate_only,962,723
dureader,4,4,0.047619047619047616,0.07228915662650602,0.0,0.0,0.8333333333333334,0.8020833333333334,4,6,0,0,84,83,12,13,0.024670109007458405,0.0,0.03125,2,True,low_support,stable,stable_low_fpr,aggregate_only,778,724
hotpotqa,11,2,0.06097560975609756,0.047619047619047616,0.0,0.0,0.8020833333333334,0.8333333333333334,5,4,0,0,82,84,14,12,0.013356562137049943,0.0,0.03125,1,True,low_support,stable,stable_low_fpr,aggregate_only,779,725
gsm8k,22,6,0.043478260869565216,0.029850746268656716,0.0,0.0,0.825,0.8125,3,2,0,0,69,67,11,13,0.0136275146009085,0.0,0.012499999999999956,1,True,low_support,stable,stable_low_fpr,aggregate_only,849,726
gsm8k,18,6,0.029411764705882353,0.057971014492753624,0.0,0.0,0.825,0.8125,2,4,0,0,68,69,12,11,0.02855924978687127,0.0,0.012499999999999956,2,True,low_support,stable,stable_low_fpr,aggregate_only,855,727
gsm8k,11,1,0.04411764705882353,0.014925373134328358,0.0,0.0,0.8125,0.825,3,1,0,0,68,67,12,13,0.029192273924495173,0.0,0.012499999999999956,2,True,low_support,stable,stable_low_fpr,aggregate_only,926,728
gsm8k,6,0,0.028985507246376812,0.07246376811594203,0.0,0.0,0.8375,0.8,2,5,0,0,69,69,11,11,0.043478260869565216,0.0,0.03749999999999998,3,True,low_support,stable,stable_low_fpr,aggregate_only,857,729
gsm8k,6,5,0.015384615384615385,0.04285714285714286,0.0,0.0,0.8,0.8375,1,3,0,0,65,70,15,10,0.027472527472527472,0.0,0.03749999999999998,2,True,low_support,stable,stable_low_fpr,aggregate_only,924,730
samsum,6,4,0.05952380952380952,0.04819277108433735,0.0,0.0,0.8229166666666666,0.8229166666666666,5,4,0,0,84,83,12,13,0.011331038439472169,0.0,0.0,1,True,low_support,stable,stable_low_fpr,aggregate_only,777,731
samsum,8,5,0.07058823529411765,0.04819277108433735,0.0,0.0,0.8229166666666666,0.8229166666666666,6,4,0,0,85,83,11,13,0.022395464209780294,0.0,0.0,2,True,low_support,stable,stable_low_fpr,aggregate_only,773,732
samsum,1,4,0.036585365853658534,0.036585365853658534,0.0,0.0,0.8229166666666666,0.8229166666666666,3,3,0,0,82,82,14,14,0.0,0.0,0.0,0,True,low_support,stable,stable_low_fpr,aggregate_only,826,733
hotpotqa,7,0,0.024691358024691357,0.04819277108433735,0.0,0.0,0.8229166666666666,0.8229166666666666,2,4,0,0,81,83,15,13,0.023501413059645995,0.0,0.0,2,True,low_support,stable,stable_low_fpr,aggregate_only,879,734
passage_retrieval_zh,17,3,0.04819277108433735,0.024691358024691357,0.0,0.0,0.8229166666666666,0.8229166666666666,4,2,0,0,83,81,13,15,0.023501413059645995,0.0,0.0,2,True,low_support,stable,stable_low_fpr,aggregate_only,881,735
passage_retrieval_zh,31,2,0.024691358024691357,0.024691358024691357,0.0,0.0,0.8229166666666666,0.8229166666666666,2,2,0,0,81,81,15,15,0.0,0.0,0.0,0,True,low_support,stable,stable_low_fpr,aggregate_only,882,736
dureader,6,3,0.0125,0.024691358024691357,0.0,0.0,0.8229166666666666,0.8229166666666666,1,2,0,0,80,81,16,15,0.012191358024691356,0.0,0.0,1,True,low_support,stable,stable_low_fpr,aggregate_only,954,737
passage_retrieval_en,11,2,0.03614457831325301,0.04878048780487805,0.0,0.0,0.8333333333333334,0.8125,3,4,0,0,83,82,13,14,0.01263590949162504,0.0,0.02083333333333337,1,True,low_support,stable,stable_low_fpr,aggregate_only,831,738
passage_retrieval_zh,7,5,0.04878048780487805,0.03614457831325301,0.0,0.0,0.8125,0.8333333333333334,4,3,0,0,82,83,14,13,0.01263590949162504,0.0,0.02083333333333337,1,True,low_support,stable,stable_low_fpr,aggregate_only,833,739
samsum,5,7,0.04878048780487805,0.03614457831325301,0.0,0.0,0.8125,0.8333333333333334,4,3,0,0,82,83,14,13,0.01263590949162504,0.0,0.02083333333333337,1,True,low_support,stable,stable_low_fpr,aggregate_only,834,740
dureader,23,7,0.037037037037037035,0.024390243902439025,0.0,0.0,0.8125,0.8333333333333334,3,2,0,0,81,82,15,14,0.01264679313459801,0.0,0.02083333333333337,1,True,low_support,stable,stable_low_fpr,aggregate_only,886,741
passage_retrieval_en,10,0,0.024390243902439025,0.037037037037037035,0.0,0.0,0.8333333333333334,0.8125,2,3,0,0,82,81,14,15,0.01264679313459801,0.0,0.02083333333333337,1,True,low_support,stable,stable_low_fpr,aggregate_only,887,742
passage_retrieval_en,29,4,0.024390243902439025,0.037037037037037035,0.0,0.0,0.8333333333333334,0.8125,2,3,0,0,82,81,14,15,0.01264679313459801,0.0,0.02083333333333337,1,True,low_support,stable,stable_low_fpr,aggregate_only,890,743
passage_retrieval_zh,14,2,0.060240963855421686,0.024390243902439025,0.0,0.0,0.8125,0.8333333333333334,5,2,0,0,83,82,13,14,0.03585071995298266,0.0,0.02083333333333337,3,True,low_support,stable,stable_low_fpr,aggregate_only,883,744
dureader,25,7,0.024390243902439025,0.012658227848101266,0.0,0.0,0.8333333333333334,0.8125,2,1,0,0,82,79,14,17,0.01173201605433776,0.0,0.02083333333333337,1,True,low_support,stable,stable_low_fpr,aggregate_only,953,745
passage_retrieval_en,16,3,0.0375,0.0,0.0,0.0,0.8020833333333334,0.84375,3,0,0,0,80,81,16,15,0.0375,0.0,0.04166666666666663,3,True,low_support,stable,stable_low_fpr,aggregate_only,1013,746
gsm8k,22,1,0.043478260869565216,0.05714285714285714,0.0,0.0,0.825,0.825,3,4,0,0,69,70,11,10,0.013664596273291925,0.0,0.0,1,True,low_support,stable,stable_low_fpr,aggregate_only,796,747
gsm8k,16,3,0.04285714285714286,0.057971014492753624,0.0,0.0,0.8375,0.8125,3,4,0,0,70,69,10,11,0.015113871635610766,0.0,0.025000000000000022,1,True,low_support,stable,stable_low_fpr,aggregate_only,799,748
gsm8k,18,5,0.04285714285714286,0.057971014492753624,0.0,0.0,0.8375,0.8125,3,4,0,0,70,69,10,11,0.015113871635610766,0.0,0.025000000000000022,1,True,low_support,stable,stable_low_fpr,aggregate_only,800,749
gsm8k,7,1,0.057971014492753624,0.04285714285714286,0.0,0.0,0.8125,0.8375,4,3,0,0,69,70,11,10,0.015113871635610766,0.0,0.025000000000000022,1,True,low_support,stable,stable_low_fpr,aggregate_only,801,750
gsm8k,12,4,0.029411764705882353,0.043478260869565216,0.0,0.0,0.825,0.825,2,3,0,0,68,69,12,11,0.014066496163682864,0.0,0.0,1,True,low_support,stable,stable_low_fpr,aggregate_only,856,751
gsm8k,17,7,0.057971014492753624,0.028985507246376812,0.0,0.0,0.8125,0.8375,4,2,0,0,69,69,11,11,0.028985507246376812,0.0,0.025000000000000022,2,True,low_support,stable,stable_low_fpr,aggregate_only,858,752
gsm8k,2,1,0.029850746268656716,0.028985507246376812,0.0,0.0,0.8125,0.8375,2,2,0,0,67,69,13,11,0.0008652390222799039,0.0,0.025000000000000022,0,True,low_support,stable,stable_low_fpr,aggregate_only,862,753
gsm8k,5,0,0.04411764705882353,0.028985507246376812,0.0,0.0,0.8125,0.8375,3,2,0,0,68,69,12,11,0.01513213981244672,0.0,0.025000000000000022,1,True,low_support,stable,stable_low_fpr,aggregate_only,860,754
gsm8k,17,0,0.058823529411764705,0.02857142857142857,0.0,0.0,0.8,0.85,4,2,0,0,68,70,12,10,0.030252100840336135,0.0,0.04999999999999993,2,True,low_support,stable,stable_low_fpr,aggregate_only,864,755
gsm8k,28,1,0.02857142857142857,0.04477611940298507,0.0,0.0,0.85,0.8,2,3,0,0,70,67,10,13,0.0162046908315565,0.0,0.04999999999999993,1,True,low_support,stable,stable_low_fpr,aggregate_only,867,756
gsm8k,25,7,0.029411764705882353,0.014925373134328358,0.0,0.0,0.825,0.825,2,1,0,0,68,67,12,13,0.014486391571553995,0.0,0.0,1,True,low_support,stable,stable_low_fpr,aggregate_only,928,757
gsm8k,18,1,0.029411764705882353,0.0,0.0,0.0,0.825,0.825,2,0,0,0,68,66,12,14,0.029411764705882353,0.0,0.0,2,True,low_support,stable,stable_low_fpr,aggregate_only,1021,758
passage_retrieval_zh,8,5,0.09090909090909091,0.04819277108433735,0.0,0.0,0.8333333333333334,0.8229166666666666,8,4,0,0,88,83,8,13,0.04271631982475356,0.0,0.01041666666666674,4,True,low_support,stable,stable_low_fpr,aggregate_only,770,759
passage_retrieval_en,23,7,0.04819277108433735,0.047619047619047616,0.0,0.0,0.8229166666666666,0.8333333333333334,4,4,0,0,83,84,13,12,0.0005737234652897355,0.0,0.01041666666666674,0,True,low_support,stable,stable_low_fpr,aggregate_only,780,760
dureader,29,1,0.04819277108433735,0.03614457831325301,0.0,0.0,0.8229166666666666,0.8333333333333334,4,3,0,0,83,83,13,13,0.012048192771084341,0.0,0.01041666666666674,1,True,low_support,stable,stable_low_fpr,aggregate_only,828,761
hotpotqa,23,7,0.03614457831325301,0.036585365853658534,0.0,0.0,0.8333333333333334,0.8229166666666666,3,3,0,0,83,82,13,14,0.0004407875404055239,0.0,0.01041666666666674,0,True,low_support,stable,stable_low_fpr,aggregate_only,835,762
hotpotqa,8,3,0.03614457831325301,0.04819277108433735,0.0,0.0,0.8333333333333334,0.8229166666666666,3,4,0,0,83,83,13,13,0.012048192771084341,0.0,0.01041666666666674,1,True,low_support,stable,stable_low_fpr,aggregate_only,830,763
passage_retrieval_zh,6,4,0.03614457831325301,0.04819277108433735,0.0,0.0,0.8333333333333334,0.8229166666666666,3,4,0,0,83,83,13,13,0.012048192771084341,0.0,0.01041666666666674,1,True,low_support,stable,stable_low_fpr,aggregate_only,832,764
dureader,24,3,0.060240963855421686,0.03571428571428571,0.0,0.0,0.8125,0.84375,5,3,0,0,83,84,13,12,0.024526678141135974,0.0,0.03125,2,True,low_support,stable,stable_low_fpr,aggregate_only,840,765
passage_retrieval_zh,7,0,0.03571428571428571,0.07142857142857142,0.0,0.0,0.84375,0.8125,3,6,0,0,84,84,12,12,0.03571428571428571,0.0,0.03125,3,True,low_support,stable,stable_low_fpr,aggregate_only,839,766
samsum,29,7,0.060240963855421686,0.03571428571428571,0.0,0.0,0.8125,0.84375,5,3,0,0,83,84,13,12,0.024526678141135974,0.0,0.03125,2,True,low_support,stable,stable_low_fpr,aggregate_only,841,767
dureader,22,1,0.04819277108433735,0.024390243902439025,0.0,0.0,0.8229166666666666,0.8333333333333334,4,2,0,0,83,82,13,14,0.023802527181898327,0.0,0.01041666666666674,2,True,low_support,stable,stable_low_fpr,aggregate_only,884,768
passage_retrieval_en,24,7,0.036585365853658534,0.024390243902439025,0.0,0.0,0.8229166666666666,0.8333333333333334,3,2,0,0,82,82,14,14,0.01219512195121951,0.0,0.01041666666666674,1,True,low_support,stable,stable_low_fpr,aggregate_only,889,769
passage_retrieval_en,4,2,0.036585365853658534,0.024390243902439025,0.0,0.0,0.8229166666666666,0.8333333333333334,3,2,0,0,82,82,14,14,0.01219512195121951,0.0,0.01041666666666674,1,True,low_support,stable,stable_low_fpr,aggregate_only,891,770
samsum,14,4,0.024390243902439025,0.036585365853658534,0.0,0.0,0.8333333333333334,0.8229166666666666,2,3,0,0,82,82,14,14,0.01219512195121951,0.0,0.01041666666666674,1,True,low_support,stable,stable_low_fpr,aggregate_only,892,771
samsum,25,2,0.036585365853658534,0.024390243902439025,0.0,0.0,0.8229166666666666,0.8333333333333334,3,2,0,0,82,82,14,14,0.01219512195121951,0.0,0.01041666666666674,1,True,low_support,stable,stable_low_fpr,aggregate_only,893,772
hotpotqa,14,4,0.04878048780487805,0.024096385542168676,0.0,0.0,0.8125,0.84375,4,2,0,0,82,83,14,13,0.024684102262709375,0.0,0.03125,2,True,low_support,stable,stable_low_fpr,aggregate_only,899,773
passage_retrieval_en,5,1,0.024096385542168676,0.037037037037037035,0.0,0.0,0.84375,0.8125,2,3,0,0,83,81,13,15,0.012940651494868359,0.0,0.03125,1,True,low_support,stable,stable_low_fpr,aggregate_only,904,774
samsum,9,4,0.024096385542168676,0.04878048780487805,0.0,0.0,0.84375,0.8125,2,4,0,0,83,82,13,14,0.024684102262709375,0.0,0.03125,2,True,low_support,stable,stable_low_fpr,aggregate_only,902,775
hotpotqa,21,4,0.023809523809523808,0.04938271604938271,0.0,0.0,0.8541666666666666,0.8020833333333334,2,4,0,0,84,81,12,15,0.025573192239858905,0.0,0.05208333333333326,2,True,low_support,stable,stable_low_fpr,aggregate_only,914,776
dureader,5,7,0.0125,0.012345679012345678,0.0,0.0,0.8229166666666666,0.8333333333333334,1,1,0,0,80,81,16,15,0.00015432098765432237,0.0,0.01041666666666674,0,True,low_support,stable,stable_low_fpr,aggregate_only,957,777
passage_retrieval_zh,5,7,0.024691358024691357,0.012345679012345678,0.0,0.0,0.8229166666666666,0.8333333333333334,2,1,0,0,81,81,15,15,0.012345679012345678,0.0,0.01041666666666674,1,True,low_support,stable,stable_low_fpr,aggregate_only,955,778
dureader,16,1,0.012195121951219513,0.025,0.0,0.0,0.84375,0.8125,1,2,0,0,82,80,14,16,0.012804878048780489,0.0,0.03125,1,True,low_support,stable,stable_low_fpr,aggregate_only,961,779
hotpotqa,23,2,0.012195121951219513,0.037037037037037035,0.0,0.0,0.84375,0.8125,1,3,0,0,82,81,14,15,0.024841915085817522,0.0,0.03125,2,True,low_support,stable,stable_low_fpr,aggregate_only,958,780
passage_retrieval_en,21,2,0.037037037037037035,0.012195121951219513,0.0,0.0,0.8125,0.84375,3,1,0,0,81,82,15,14,0.024841915085817522,0.0,0.03125,2,True,low_support,stable,stable_low_fpr,aggregate_only,959,781
passage_retrieval_en,5,7,0.012048192771084338,0.04938271604938271,0.0,0.0,0.8541666666666666,0.8020833333333334,1,4,0,0,83,81,13,15,0.03733452327829838,0.0,0.05208333333333326,3,True,low_support,stable,stable_low_fpr,aggregate_only,970,782
gsm8k,8,3,0.05714285714285714,0.04285714285714286,0.0,0.0,0.825,0.8375,4,3,0,0,70,70,10,10,0.014285714285714284,0.0,0.012500000000000067,1,True,low_support,stable,stable_low_fpr,aggregate_only,802,783
gsm8k,9,4,0.043478260869565216,0.028985507246376812,0.0,0.0,0.825,0.8375,3,2,0,0,69,69,11,11,0.014492753623188404,0.0,0.012500000000000067,1,True,low_support,stable,stable_low_fpr,aggregate_only,861,784
gsm8k,10,1,0.02857142857142857,0.057971014492753624,0.0,0.0,0.85,0.8125,2,4,0,0,70,69,10,11,0.029399585921325053,0.0,0.03749999999999998,2,True,low_support,stable,stable_low_fpr,aggregate_only,863,785
gsm8k,14,4,0.028985507246376812,0.014925373134328358,0.0,0.0,0.8375,0.825,2,1,0,0,69,67,11,13,0.014060134112048454,0.0,0.012500000000000067,1,True,low_support,stable,stable_low_fpr,aggregate_only,927,786
gsm8k,29,7,0.014925373134328358,0.028985507246376812,0.0,0.0,0.825,0.8375,1,2,0,0,67,69,13,11,0.014060134112048454,0.0,0.012500000000000067,1,True,low_support,stable,stable_low_fpr,aggregate_only,929,787
gsm8k,11,7,0.043478260869565216,0.014705882352941176,0.0,0.0,0.825,0.8375,3,1,0,0,69,68,11,12,0.02877237851662404,0.0,0.012500000000000067,2,True,low_support,stable,stable_low_fpr,aggregate_only,931,788
gsm8k,5,4,0.014705882352941176,0.043478260869565216,0.0,0.0,0.8375,0.825,1,3,0,0,68,69,12,11,0.02877237851662404,0.0,0.012500000000000067,2,True,low_support,stable,stable_low_fpr,aggregate_only,932,789
gsm8k,25,2,0.057971014492753624,0.014492753623188406,0.0,0.0,0.8125,0.85,4,1,0,0,69,69,11,11,0.043478260869565216,0.0,0.03749999999999998,3,True,low_support,stable,stable_low_fpr,aggregate_only,934,790
gsm8k,29,4,0.057971014492753624,0.014492753623188406,0.0,0.0,0.8125,0.85,4,1,0,0,69,69,11,11,0.043478260869565216,0.0,0.03749999999999998,3,True,low_support,stable,stable_low_fpr,aggregate_only,935,791
gsm8k,4,4,0.014492753623188406,0.015151515151515152,0.0,0.0,0.85,0.8125,1,1,0,0,69,66,11,14,0.000658761528326746,0.0,0.03749999999999998,0,True,low_support,stable,stable_low_fpr,aggregate_only,941,792
gsm8k,31,0,0.0,0.04411764705882353,0.0,0.0,0.85,0.8125,0,3,0,0,68,68,12,12,0.04411764705882353,0.0,0.03749999999999998,3,True,low_support,stable,stable_low_fpr,aggregate_only,1010,793
gsm8k,7,4,0.0,0.029850746268656716,0.0,0.0,0.85,0.8125,0,2,0,0,68,67,12,13,0.029850746268656716,0.0,0.03749999999999998,2,True,low_support,stable,stable_low_fpr,aggregate_only,1028,794
dureader,6,4,0.024096385542168676,0.05952380952380952,0.0,0.0,0.84375,0.8229166666666666,2,5,0,0,83,84,13,12,0.035427423981640845,0.0,0.02083333333333337,3,True,low_support,stable,stable_low_fpr,aggregate_only,898,795
passage_retrieval_en,26,0,0.024096385542168676,0.04819277108433735,0.0,0.0,0.84375,0.8229166666666666,2,4,0,0,83,83,13,13,0.024096385542168676,0.0,0.02083333333333337,2,True,low_support,stable,stable_low_fpr,aggregate_only,900,796
passage_retrieval_zh,26,2,0.024691358024691357,0.024096385542168676,0.0,0.0,0.8229166666666666,0.84375,2,2,0,0,81,83,15,13,0.0005949724825226807,0.0,0.02083333333333337,0,True,low_support,stable,stable_low_fpr,aggregate_only,909,797
samsum,11,2,0.024096385542168676,0.04819277108433735,0.0,0.0,0.84375,0.8229166666666666,2,4,0,0,83,83,13,13,0.024096385542168676,0.0,0.02083333333333337,2,True,low_support,stable,stable_low_fpr,aggregate_only,901,798
hotpotqa,16,1,0.012048192771084338,0.037037037037037035,0.0,0.0,0.8541666666666666,0.8125,1,3,0,0,83,81,13,15,0.024988844265952697,0.0,0.04166666666666663,2,True,low_support,stable,stable_low_fpr,aggregate_only,972,799
hotpotqa,7,5,0.012048192771084338,0.037037037037037035,0.0,0.0,0.8541666666666666,0.8125,1,3,0,0,83,81,13,15,0.024988844265952697,0.0,0.04166666666666663,2,True,low_support,stable,stable_low_fpr,aggregate_only,974,800
passage_retrieval_en,27,3,0.060240963855421686,0.012048192771084338,0.0,0.0,0.8125,0.8541666666666666,5,1,0,0,83,83,13,13,0.04819277108433735,0.0,0.04166666666666663,4,True,low_support,stable,stable_low_fpr,aggregate_only,969,801
passage_retrieval_zh,0,6,0.08045977011494253,0.12087912087912088,0.0,0.0,0.8333333333333334,0.8333333333333334,7,11,0,0,87,91,9,5,0.04041935076417835,0.0,0.0,4,True,low_support,stable,stable_low_fpr,aggregate_only,637,802
hotpotqa,7,6,0.047619047619047616,0.03614457831325301,0.0,0.0,0.8333333333333334,0.8333333333333334,4,3,0,0,84,83,12,13,0.011474469305794606,0.0,0.0,1,True,low_support,stable,stable_low_fpr,aggregate_only,829,803
passage_retrieval_en,6,3,0.03614457831325301,0.03614457831325301,0.0,0.0,0.8333333333333334,0.8333333333333334,3,3,0,0,83,83,13,13,0.0,0.0,0.0,0,True,low_support,stable,stable_low_fpr,aggregate_only,836,804
samsum,23,0,0.03614457831325301,0.03614457831325301,0.0,0.0,0.8333333333333334,0.8333333333333334,3,3,0,0,83,83,13,13,0.0,0.0,0.0,0,True,low_support,stable,stable_low_fpr,aggregate_only,837,805
dureader,5,1,0.024390243902439025,0.024390243902439025,0.0,0.0,0.8333333333333334,0.8333333333333334,2,2,0,0,82,82,14,14,0.0,0.0,0.0,0,True,low_support,stable,stable_low_fpr,aggregate_only,894,806
dureader,7,6,0.024390243902439025,0.024390243902439025,0.0,0.0,0.8333333333333334,0.8333333333333334,2,2,0,0,82,82,14,14,0.0,0.0,0.0,0,True,low_support,stable,stable_low_fpr,aggregate_only,895,807
passage_retrieval_en,12,3,0.024390243902439025,0.024390243902439025,0.0,0.0,0.8333333333333334,0.8333333333333334,2,2,0,0,82,82,14,14,0.0,0.0,0.0,0,True,low_support,stable,stable_low_fpr,aggregate_only,896,808
samsum,21,2,0.024390243902439025,0.012345679012345678,0.0,0.0,0.8333333333333334,0.8333333333333334,2,1,0,0,82,81,14,15,0.012044564890093347,0.0,0.0,1,True,low_support,stable,stable_low_fpr,aggregate_only,956,809
gsm8k,17,1,0.02857142857142857,0.043478260869565216,0.0,0.0,0.85,0.825,2,3,0,0,70,69,10,11,0.014906832298136646,0.0,0.025000000000000022,1,True,low_support,stable,stable_low_fpr,aggregate_only,866,810
gsm8k,30,4,0.029411764705882353,0.02857142857142857,0.0,0.0,0.825,0.85,2,2,0,0,68,70,12,10,0.000840336134453782,0.0,0.025000000000000022,0,True,low_support,stable,stable_low_fpr,aggregate_only,869,811
gsm8k,15,5,0.029411764705882353,0.014492753623188406,0.0,0.0,0.825,0.85,2,1,0,0,68,69,12,11,0.014919011082693947,0.0,0.025000000000000022,1,True,low_support,stable,stable_low_fpr,aggregate_only,936,812
gsm8k,23,0,0.014925373134328358,0.014492753623188406,0.0,0.0,0.825,0.85,1,1,0,0,67,69,13,11,0.00043261951113995195,0.0,0.025000000000000022,0,True,low_support,stable,stable_low_fpr,aggregate_only,939,813
gsm8k,7,3,0.014925373134328358,0.014492753623188406,0.0,0.0,0.825,0.85,1,1,0,0,67,69,13,11,0.00043261951113995195,0.0,0.025000000000000022,0,True,low_support,stable,stable_low_fpr,aggregate_only,942,814
gsm8k,24,7,0.0,0.029411764705882353,0.0,0.0,0.85,0.825,0,2,0,0,68,68,12,12,0.029411764705882353,0.0,0.025000000000000022,2,True,low_support,stable,stable_low_fpr,aggregate_only,1024,815
gsm8k,11,5,0.04285714285714286,0.04285714285714286,0.0,0.0,0.8375,0.8375,3,3,0,0,70,70,10,10,0.0,0.0,0.0,0,True,low_support,stable,stable_low_fpr,aggregate_only,803,816
gsm8k,13,6,0.04285714285714286,0.028985507246376812,0.0,0.0,0.8375,0.8375,3,2,0,0,70,69,10,11,0.013871635610766046,0.0,0.0,1,True,low_support,stable,stable_low_fpr,aggregate_only,859,817
gsm8k,14,0,0.014705882352941176,0.056338028169014086,0.0,0.0,0.8375,0.8375,1,4,0,0,68,71,12,9,0.04163214581607291,0.0,0.0,3,True,low_support,stable,stable_low_fpr,aggregate_only,930,818
gsm8k,16,1,0.028985507246376812,0.014705882352941176,0.0,0.0,0.8375,0.8375,2,1,0,0,69,68,11,12,0.014279624893435636,0.0,0.0,1,True,low_support,stable,stable_low_fpr,aggregate_only,933,819
gsm8k,14,2,0.015151515151515152,0.0,0.0,0.0,0.8125,0.8625,1,0,0,0,66,69,14,11,0.015151515151515152,0.0,0.050000000000000044,1,True,low_support,stable,stable_low_fpr,aggregate_only,1050,820
gsm8k,14,5,0.028985507246376812,0.0,0.0,0.0,0.8375,0.8375,2,0,0,0,69,67,11,13,0.028985507246376812,0.0,0.0,2,True,low_support,stable,stable_low_fpr,aggregate_only,1020,821
dureader,11,4,0.06818181818181818,0.08139534883720931,0.0,0.0,0.8541666666666666,0.8229166666666666,6,7,0,0,88,86,8,10,0.013213530655391131,0.0,0.03125,1,True,low_support,stable,stable_low_fpr,aggregate_only,677,822
dureader,27,3,0.04819277108433735,0.023809523809523808,0.0,0.0,0.8229166666666666,0.8541666666666666,4,2,0,0,83,84,13,12,0.024383247274813544,0.0,0.03125,2,True,low_support,stable,stable_low_fpr,aggregate_only,913,823
passage_retrieval_en,14,2,0.05952380952380952,0.023809523809523808,0.0,0.0,0.8229166666666666,0.8541666666666666,5,2,0,0,84,84,12,12,0.03571428571428571,0.0,0.03125,3,True,low_support,stable,stable_low_fpr,aggregate_only,912,824
passage_retrieval_en,31,1,0.023809523809523808,0.036585365853658534,0.0,0.0,0.8541666666666666,0.8229166666666666,2,3,0,0,84,82,12,14,0.012775842044134726,0.0,0.03125,1,True,low_support,stable,stable_low_fpr,aggregate_only,916,825
samsum,4,4,0.023809523809523808,0.024691358024691357,0.0,0.0,0.8541666666666666,0.8229166666666666,2,2,0,0,84,81,12,15,0.0008818342151675485,0.0,0.03125,0,True,low_support,stable,stable_low_fpr,aggregate_only,920,826
samsum,5,2,0.023809523809523808,0.024691358024691357,0.0,0.0,0.8541666666666666,0.8229166666666666,2,2,0,0,84,81,12,15,0.0008818342151675485,0.0,0.03125,0,True,low_support,stable,stable_low_fpr,aggregate_only,921,827
dureader,14,2,0.012048192771084338,0.036585365853658534,0.0,0.0,0.8541666666666666,0.8229166666666666,1,3,0,0,83,82,13,14,0.024537173082574196,0.0,0.03125,2,True,low_support,stable,stable_low_fpr,aggregate_only,971,828
passage_retrieval_zh,23,7,0.012048192771084338,0.036585365853658534,0.0,0.0,0.8541666666666666,0.8229166666666666,1,3,0,0,83,82,13,14,0.024537173082574196,0.0,0.03125,2,True,low_support,stable,stable_low_fpr,aggregate_only,976,829
samsum,6,3,0.03571428571428571,0.047619047619047616,0.0,0.0,0.84375,0.8333333333333334,3,4,0,0,84,84,12,12,0.011904761904761904,0.0,0.01041666666666663,1,True,low_support,stable,stable_low_fpr,aggregate_only,842,830
passage_retrieval_en,10,7,0.03571428571428571,0.024390243902439025,0.0,0.0,0.84375,0.8333333333333334,3,2,0,0,84,82,12,14,0.011324041811846687,0.0,0.01041666666666663,1,True,low_support,stable,stable_low_fpr,aggregate_only,888,831
dureader,23,0,0.024096385542168676,0.03614457831325301,0.0,0.0,0.84375,0.8333333333333334,2,3,0,0,83,83,13,13,0.012048192771084335,0.0,0.01041666666666663,1,True,low_support,stable,stable_low_fpr,aggregate_only,903,832
dureader,30,5,0.024390243902439025,0.024096385542168676,0.0,0.0,0.8333333333333334,0.84375,2,2,0,0,82,83,14,13,0.0002938583602703493,0.0,0.01041666666666663,0,True,low_support,stable,stable_low_fpr,aggregate_only,906,833
hotpotqa,26,0,0.012345679012345678,0.012195121951219513,0.0,0.0,0.8333333333333334,0.84375,1,1,0,0,81,82,15,14,0.0001505570611261657,0.0,0.01041666666666663,0,True,low_support,stable,stable_low_fpr,aggregate_only,966,834
hotpotqa,5,6,0.024390243902439025,0.012195121951219513,0.0,0.0,0.8333333333333334,0.84375,2,1,0,0,82,82,14,14,0.012195121951219513,0.0,0.01041666666666663,1,True,low_support,stable,stable_low_fpr,aggregate_only,964,835
passage_retrieval_en,21,4,0.03614457831325301,0.012195121951219513,0.0,0.0,0.8333333333333334,0.84375,3,1,0,0,83,82,13,14,0.023949456362033498,0.0,0.01041666666666663,2,True,low_support,stable,stable_low_fpr,aggregate_only,960,836
samsum,29,4,0.012195121951219513,0.012345679012345678,0.0,0.0,0.84375,0.8333333333333334,1,1,0,0,82,81,14,15,0.0001505570611261657,0.0,0.01041666666666663,0,True,low_support,stable,stable_low_fpr,aggregate_only,968,837
passage_retrieval_zh,7,6,0.012345679012345678,0.0,0.0,0.0,0.8333333333333334,0.84375,1,0,0,0,81,81,15,15,0.012345679012345678,0.0,0.01041666666666663,1,True,low_support,stable,stable_low_fpr,aggregate_only,1063,838
samsum,0,6,0.09195402298850575,0.056818181818181816,0.0,0.0,0.8229166666666666,0.8645833333333334,8,5,0,0,87,88,9,8,0.03513584117032393,0.0,0.04166666666666674,3,True,low_support,stable,stable_low_fpr,aggregate_only,726,839
hotpotqa,12,3,0.046511627906976744,0.06976744186046512,0.0,0.0,0.8541666666666666,0.8333333333333334,4,6,0,0,86,86,10,10,0.023255813953488372,0.0,0.02083333333333326,2,True,low_support,stable,stable_low_fpr,aggregate_only,782,840
passage_retrieval_zh,7,1,0.06976744186046512,0.046511627906976744,0.0,0.0,0.8333333333333334,0.8541666666666666,6,4,0,0,86,86,10,10,0.023255813953488372,0.0,0.02083333333333326,2,True,low_support,stable,stable_low_fpr,aggregate_only,783,841
gsm8k,9,2,0.041666666666666664,0.05714285714285714,0.0,0.0,0.8625,0.825,3,4,0,0,72,70,8,10,0.015476190476190477,0.0,0.03750000000000009,1,True,low_support,stable,stable_low_fpr,aggregate_only,806,842
gsm8k,10,7,0.04285714285714286,0.02857142857142857,0.0,0.0,0.8375,0.85,3,2,0,0,70,70,10,10,0.014285714285714287,0.0,0.012499999999999956,1,True,low_support,stable,stable_low_fpr,aggregate_only,865,843
dureader,4,3,0.024096385542168676,0.024096385542168676,0.0,0.0,0.84375,0.84375,2,2,0,0,83,83,13,13,0.0,0.0,0.0,0,True,low_support,stable,stable_low_fpr,aggregate_only,907,844
passage_retrieval_zh,21,4,0.024096385542168676,0.024096385542168676,0.0,0.0,0.84375,0.84375,2,2,0,0,83,83,13,13,0.0,0.0,0.0,0,True,low_support,stable,stable_low_fpr,aggregate_only,908,845
passage_retrieval_zh,29,1,0.024096385542168676,0.024096385542168676,0.0,0.0,0.84375,0.84375,2,2,0,0,83,83,13,13,0.0,0.0,0.0,0,True,low_support,stable,stable_low_fpr,aggregate_only,910,846
samsum,30,1,0.024096385542168676,0.03571428571428571,0.0,0.0,0.84375,0.84375,2,3,0,0,83,84,13,12,0.011617900172117036,0.0,0.0,1,True,low_support,stable,stable_low_fpr,aggregate_only,905,847
samsum,7,0,0.024096385542168676,0.024096385542168676,0.0,0.0,0.84375,0.84375,2,2,0,0,83,83,13,13,0.0,0.0,0.0,0,True,low_support,stable,stable_low_fpr,aggregate_only,911,848
hotpotqa,14,2,0.024390243902439025,0.023809523809523808,0.0,0.0,0.8333333333333334,0.8541666666666666,2,2,0,0,82,84,14,12,0.000580720092915217,0.0,0.02083333333333326,0,True,low_support,stable,stable_low_fpr,aggregate_only,919,849
passage_retrieval_zh,30,5,0.03614457831325301,0.023809523809523808,0.0,0.0,0.8333333333333334,0.8541666666666666,3,2,0,0,83,84,13,12,0.012335054503729202,0.0,0.02083333333333326,1,True,low_support,stable,stable_low_fpr,aggregate_only,917,850
hotpotqa,7,1,0.04819277108433735,0.023529411764705882,0.0,0.0,0.8229166666666666,0.8645833333333334,4,2,0,0,83,85,13,11,0.02466335931963147,0.0,0.04166666666666674,2,True,low_support,stable,stable_low_fpr,aggregate_only,922,851
gsm8k,3,1,0.014492753623188406,0.028985507246376812,0.0,0.0,0.85,0.8375,1,2,0,0,69,69,11,11,0.014492753623188406,0.0,0.012499999999999956,1,True,low_support,stable,stable_low_fpr,aggregate_only,937,852
gsm8k,30,1,0.014705882352941176,0.014492753623188406,0.0,0.0,0.8375,0.85,1,1,0,0,68,69,12,11,0.0002131287297527703,0.0,0.012499999999999956,0,True,low_support,stable,stable_low_fpr,aggregate_only,940,853
gsm8k,6,4,0.014492753623188406,0.028985507246376812,0.0,0.0,0.85,0.8375,1,2,0,0,69,69,11,11,0.014492753623188406,0.0,0.012499999999999956,1,True,low_support,stable,stable_low_fpr,aggregate_only,938,854
hotpotqa,31,1,0.012195121951219513,0.024096385542168676,0.0,0.0,0.84375,0.84375,1,2,0,0,82,83,14,13,0.011901263590949163,0.0,0.0,1,True,low_support,stable,stable_low_fpr,aggregate_only,963,855
samsum,21,4,0.012195121951219513,0.012195121951219513,0.0,0.0,0.84375,0.84375,1,1,0,0,82,82,14,14,0.0,0.0,0.0,0,True,low_support,stable,stable_low_fpr,aggregate_only,967,856
samsum,7,1,0.024096385542168676,0.012195121951219513,0.0,0.0,0.84375,0.84375,2,1,0,0,83,82,13,14,0.011901263590949163,0.0,0.0,1,True,low_support,stable,stable_low_fpr,aggregate_only,965,857
hotpotqa,21,2,0.012048192771084338,0.03614457831325301,0.0,0.0,0.8541666666666666,0.8333333333333334,1,3,0,0,83,83,13,13,0.024096385542168672,0.0,0.02083333333333326,2,True,low_support,stable,stable_low_fpr,aggregate_only,973,858
passage_retrieval_zh,4,3,0.024390243902439025,0.012048192771084338,0.0,0.0,0.8333333333333334,0.8541666666666666,2,1,0,0,82,83,14,13,0.012342051131354687,0.0,0.02083333333333326,1,True,low_support,stable,stable_low_fpr,aggregate_only,980,859
samsum,12,7,0.012048192771084338,0.03614457831325301,0.0,0.0,0.8541666666666666,0.8333333333333334,1,3,0,0,83,83,13,13,0.024096385542168672,0.0,0.02083333333333326,2,True,low_support,stable,stable_low_fpr,aggregate_only,977,860
passage_retrieval_en,5,2,0.011904761904761904,0.04819277108433735,0.0,0.0,0.8645833333333334,0.8229166666666666,1,4,0,0,84,83,12,13,0.03628800917957545,0.0,0.04166666666666674,3,True,low_support,stable,stable_low_fpr,aggregate_only,987,861
gsm8k,18,3,0.028985507246376812,0.0,0.0,0.0,0.8375,0.85,2,0,0,0,69,68,11,12,0.028985507246376812,0.0,0.012499999999999956,2,True,low_support,stable,stable_low_fpr,aggregate_only,1022,862
gsm8k,23,7,0.029411764705882353,0.0,0.0,0.0,0.825,0.8625,2,0,0,0,68,69,12,11,0.029411764705882353,0.0,0.03750000000000009,2,True,low_support,stable,stable_low_fpr,aggregate_only,1023,863
gsm8k,8,7,0.028985507246376812,0.0,0.0,0.0,0.8375,0.85,2,0,0,0,69,68,11,12,0.028985507246376812,0.0,0.012499999999999956,2,True,low_support,stable,stable_low_fpr,aggregate_only,1030,864
passage_retrieval_zh,21,2,0.0,0.037037037037037035,0.0,0.0,0.875,0.8125,0,3,0,0,84,81,12,15,0.037037037037037035,0.0,0.0625,3,True,low_support,stable,stable_low_fpr,aggregate_only,1014,865
passage_retrieval_zh,5,3,0.0,0.04819277108433735,0.0,0.0,0.8645833333333334,0.8229166666666666,0,4,0,0,83,83,13,13,0.04819277108433735,0.0,0.04166666666666674,4,True,low_support,stable,stable_low_fpr,aggregate_only,1005,866
samsum,16,1,0.04819277108433735,0.0,0.0,0.0,0.8229166666666666,0.8645833333333334,4,0,0,0,83,83,13,13,0.04819277108433735,0.0,0.04166666666666674,4,True,low_support,stable,stable_low_fpr,aggregate_only,1006,867
dureader,24,0,0.023809523809523808,0.03571428571428571,0.0,0.0,0.8541666666666666,0.84375,2,3,0,0,84,84,12,12,0.011904761904761904,0.0,0.01041666666666663,1,True,low_support,stable,stable_low_fpr,aggregate_only,915,868
dureader,17,3,0.012195121951219513,0.012048192771084338,0.0,0.0,0.84375,0.8541666666666666,1,1,0,0,82,83,14,13,0.00014692918013517464,0.0,0.01041666666666663,0,True,low_support,stable,stable_low_fpr,aggregate_only,982,869
dureader,21,4,0.012048192771084338,0.012195121951219513,0.0,0.0,0.8541666666666666,0.84375,1,1,0,0,83,82,13,14,0.00014692918013517464,0.0,0.01041666666666663,0,True,low_support,stable,stable_low_fpr,aggregate_only,983,870
hotpotqa,10,7,0.012048192771084338,0.024096385542168676,0.0,0.0,0.8541666666666666,0.84375,1,2,0,0,83,83,13,13,0.012048192771084338,0.0,0.01041666666666663,1,True,low_support,stable,stable_low_fpr,aggregate_only,978,871
hotpotqa,5,2,0.012195121951219513,0.012048192771084338,0.0,0.0,0.84375,0.8541666666666666,1,1,0,0,82,83,14,13,0.00014692918013517464,0.0,0.01041666666666663,0,True,low_support,stable,stable_low_fpr,aggregate_only,984,872
hotpotqa,6,4,0.012048192771084338,0.024096385542168676,0.0,0.0,0.8541666666666666,0.84375,1,2,0,0,83,83,13,13,0.012048192771084338,0.0,0.01041666666666663,1,True,low_support,stable,stable_low_fpr,aggregate_only,979,873
passage_retrieval_en,7,6,0.012048192771084338,0.03571428571428571,0.0,0.0,0.8541666666666666,0.84375,1,3,0,0,83,84,13,12,0.023666092943201374,0.0,0.01041666666666663,2,True,low_support,stable,stable_low_fpr,aggregate_only,975,874
passage_retrieval_zh,1,4,0.012195121951219513,0.012048192771084338,0.0,0.0,0.84375,0.8541666666666666,1,1,0,0,82,83,14,13,0.00014692918013517464,0.0,0.01041666666666663,0,True,low_support,stable,stable_low_fpr,aggregate_only,985,875
samsum,16,3,0.012195121951219513,0.012048192771084338,0.0,0.0,0.84375,0.8541666666666666,1,1,0,0,82,83,14,13,0.00014692918013517464,0.0,0.01041666666666663,0,True,low_support,stable,stable_low_fpr,aggregate_only,986,876
hotpotqa,10,0,0.03571428571428571,0.0,0.0,0.0,0.84375,0.8541666666666666,3,0,0,0,84,82,12,14,0.03571428571428571,0.0,0.01041666666666663,3,True,low_support,stable,stable_low_fpr,aggregate_only,1011,877
hotpotqa,4,2,0.023809523809523808,0.0,0.0,0.0,0.8541666666666666,0.84375,2,0,0,0,84,81,12,15,0.023809523809523808,0.0,0.01041666666666663,2,True,low_support,stable,stable_low_fpr,aggregate_only,1031,878
passage_retrieval_zh,24,0,0.024096385542168676,0.0,0.0,0.0,0.84375,0.8541666666666666,2,0,0,0,83,82,13,14,0.024096385542168676,0.0,0.01041666666666663,2,True,low_support,stable,stable_low_fpr,aggregate_only,1033,879
passage_retrieval_en,16,1,0.0,0.03614457831325301,0.0,0.0,0.8645833333333334,0.8333333333333334,0,3,0,0,83,83,13,13,0.03614457831325301,0.0,0.03125,3,True,low_support,stable,stable_low_fpr,aggregate_only,1012,880
passage_retrieval_zh,24,7,0.0,0.03614457831325301,0.0,0.0,0.8645833333333334,0.8333333333333334,0,3,0,0,83,83,13,13,0.03614457831325301,0.0,0.03125,3,True,low_support,stable,stable_low_fpr,aggregate_only,1015,881
gsm8k,19,7,0.02857142857142857,0.02857142857142857,0.0,0.0,0.85,0.85,2,2,0,0,70,70,10,10,0.0,0.0,0.0,0,True,low_support,stable,stable_low_fpr,aggregate_only,868,882
gsm8k,7,6,0.02857142857142857,0.0,0.0,0.0,0.85,0.85,2,0,0,0,70,68,10,12,0.02857142857142857,0.0,0.0,2,True,low_support,stable,stable_low_fpr,aggregate_only,1029,883
gsm8k,5,2,0.014285714285714285,0.028985507246376812,0.0,0.0,0.8625,0.8375,1,2,0,0,70,69,10,11,0.014699792960662527,0.0,0.025000000000000022,1,True,low_support,stable,stable_low_fpr,aggregate_only,943,884
gsm8k,10,6,0.014705882352941176,0.0,0.0,0.0,0.8375,0.8625,1,0,0,0,68,69,12,11,0.014705882352941176,0.0,0.025000000000000022,1,True,low_support,stable,stable_low_fpr,aggregate_only,1048,885
gsm8k,5,1,0.0,0.028985507246376812,0.0,0.0,0.8625,0.8375,0,2,0,0,69,69,11,11,0.028985507246376812,0.0,0.025000000000000022,2,True,low_support,stable,stable_low_fpr,aggregate_only,1026,886
samsum,9,2,0.046511627906976744,0.046511627906976744,0.0,0.0,0.8541666666666666,0.8541666666666666,4,4,0,0,86,86,10,10,0.0,0.0,0.0,0,True,low_support,stable,stable_low_fpr,aggregate_only,784,887
samsum,11,4,0.03529411764705882,0.03529411764705882,0.0,0.0,0.8541666666666666,0.8541666666666666,3,3,0,0,85,85,11,11,0.0,0.0,0.0,0,True,low_support,stable,stable_low_fpr,aggregate_only,843,888
dureader,4,2,0.023809523809523808,0.023809523809523808,0.0,0.0,0.8541666666666666,0.8541666666666666,2,2,0,0,84,84,12,12,0.0,0.0,0.0,0,True,low_support,stable,stable_low_fpr,aggregate_only,918,889
samsum,4,3,0.012048192771084338,0.023809523809523808,0.0,0.0,0.8541666666666666,0.8541666666666666,1,2,0,0,83,84,13,12,0.01176133103843947,0.0,0.0,1,True,low_support,stable,stable_low_fpr,aggregate_only,981,890
dureader,21,2,0.023809523809523808,0.0,0.0,0.0,0.8541666666666666,0.8541666666666666,2,0,0,0,84,82,12,14,0.023809523809523808,0.0,0.0,2,True,low_support,stable,stable_low_fpr,aggregate_only,1017,891
dureader,26,2,0.012048192771084338,0.0,0.0,0.0,0.8541666666666666,0.8541666666666666,1,0,0,0,83,82,13,14,0.012048192771084338,0.0,0.0,1,True,low_support,stable,stable_low_fpr,aggregate_only,1044,892
hotpotqa,1,2,0.011904761904761904,0.012195121951219513,0.0,0.0,0.8645833333333334,0.84375,1,1,0,0,84,82,12,14,0.0002903600464576085,0.0,0.02083333333333337,0,True,low_support,stable,stable_low_fpr,aggregate_only,997,893
passage_retrieval_en,19,7,0.011904761904761904,0.024096385542168676,0.0,0.0,0.8645833333333334,0.84375,1,2,0,0,84,83,12,13,0.012191623637406772,0.0,0.02083333333333337,1,True,low_support,stable,stable_low_fpr,aggregate_only,994,894
passage_retrieval_en,27,7,0.03571428571428571,0.011904761904761904,0.0,0.0,0.84375,0.8645833333333334,3,1,0,0,84,84,12,12,0.023809523809523808,0.0,0.02083333333333337,2,True,low_support,stable,stable_low_fpr,aggregate_only,988,895
passage_retrieval_zh,22,1,0.03571428571428571,0.011904761904761904,0.0,0.0,0.84375,0.8645833333333334,3,1,0,0,84,84,12,12,0.023809523809523808,0.0,0.02083333333333337,2,True,low_support,stable,stable_low_fpr,aggregate_only,989,896
passage_retrieval_zh,5,1,0.024096385542168676,0.011904761904761904,0.0,0.0,0.84375,0.8645833333333334,2,1,0,0,83,84,13,12,0.012191623637406772,0.0,0.02083333333333337,1,True,low_support,stable,stable_low_fpr,aggregate_only,995,897
hotpotqa,9,2,0.011764705882352941,0.03614457831325301,0.0,0.0,0.875,0.8333333333333334,1,3,0,0,85,83,11,13,0.02437987243090007,0.0,0.04166666666666663,2,True,low_support,stable,stable_low_fpr,aggregate_only,1001,898
passage_retrieval_zh,29,4,0.0,0.012195121951219513,0.0,0.0,0.8645833333333334,0.84375,0,1,0,0,83,82,13,14,0.012195121951219513,0.0,0.02083333333333337,1,True,low_support,stable,stable_low_fpr,aggregate_only,1061,899
samsum,14,2,0.0,0.024096385542168676,0.0,0.0,0.8645833333333334,0.84375,0,2,0,0,83,83,13,13,0.024096385542168676,0.0,0.02083333333333337,2,True,low_support,stable,stable_low_fpr,aggregate_only,1037,900
samsum,23,7,0.0,0.024096385542168676,0.0,0.0,0.8645833333333334,0.84375,0,2,0,0,83,83,13,13,0.024096385542168676,0.0,0.02083333333333337,2,True,low_support,stable,stable_low_fpr,aggregate_only,1038,901
gsm8k,12,6,0.14102564102564102,0.11392405063291139,0.0,0.0,0.8375,0.875,11,9,0,0,78,79,2,1,0.027101590392729635,0.0,0.03749999999999998,2,True,low_support,stable,stable_low_fpr,aggregate_only,546,902
gsm8k,13,4,0.0684931506849315,0.06756756756756757,0.0,0.0,0.85,0.8625,5,5,0,0,73,74,7,6,0.0009255831173639317,0.0,0.012500000000000067,0,True,low_support,stable,stable_low_fpr,aggregate_only,679,903
gsm8k,27,3,0.014285714285714285,0.014492753623188406,0.0,0.0,0.8625,0.85,1,1,0,0,70,69,10,11,0.0002070393374741207,0.0,0.012500000000000067,0,True,low_support,stable,stable_low_fpr,aggregate_only,945,904
gsm8k,4,3,0.014492753623188406,0.014285714285714285,0.0,0.0,0.85,0.8625,1,1,0,0,69,70,11,10,0.0002070393374741207,0.0,0.012500000000000067,0,True,low_support,stable,stable_low_fpr,aggregate_only,947,905
gsm8k,7,0,0.014285714285714285,0.02857142857142857,0.0,0.0,0.8625,0.85,1,2,0,0,70,70,10,10,0.014285714285714285,0.0,0.012500000000000067,1,True,low_support,stable,stable_low_fpr,aggregate_only,944,906
gsm8k,7,5,0.014492753623188406,0.014285714285714285,0.0,0.0,0.85,0.8625,1,1,0,0,69,70,11,10,0.0002070393374741207,0.0,0.012500000000000067,0,True,low_support,stable,stable_low_fpr,aggregate_only,948,907
gsm8k,8,0,0.014285714285714285,0.014492753623188406,0.0,0.0,0.8625,0.85,1,1,0,0,70,69,10,11,0.0002070393374741207,0.0,0.012500000000000067,0,True,low_support,stable,stable_low_fpr,aggregate_only,949,908
gsm8k,10,4,0.0,0.029411764705882353,0.0,0.0,0.8875,0.825,0,2,0,0,71,68,9,12,0.029411764705882353,0.0,0.0625,2,True,low_support,stable,stable_low_fpr,aggregate_only,1019,909
gsm8k,11,0,0.0,0.014492753623188406,0.0,0.0,0.8625,0.85,0,1,0,0,69,69,11,11,0.014492753623188406,0.0,0.012500000000000067,1,True,low_support,stable,stable_low_fpr,aggregate_only,1049,910
gsm8k,16,4,0.04285714285714286,0.0,0.0,0.0,0.8375,0.875,3,0,0,0,70,70,10,10,0.04285714285714286,0.0,0.03749999999999998,3,True,low_support,stable,stable_low_fpr,aggregate_only,1007,911
gsm8k,18,0,0.0,0.014705882352941176,0.0,0.0,0.875,0.8375,0,1,0,0,70,68,10,12,0.014705882352941176,0.0,0.03749999999999998,1,True,low_support,stable,stable_low_fpr,aggregate_only,1052,912
gsm8k,20,4,0.04285714285714286,0.0,0.0,0.0,0.8375,0.875,3,0,0,0,70,70,10,10,0.04285714285714286,0.0,0.03749999999999998,3,True,low_support,stable,stable_low_fpr,aggregate_only,1009,913
gsm8k,21,4,0.014285714285714285,0.0,0.0,0.0,0.8625,0.85,1,0,0,0,70,68,10,12,0.014285714285714285,0.0,0.012500000000000067,1,True,low_support,stable,stable_low_fpr,aggregate_only,1053,914
gsm8k,5,7,0.02857142857142857,0.0,0.0,0.0,0.85,0.8625,2,0,0,0,70,69,10,11,0.02857142857142857,0.0,0.012500000000000067,2,True,low_support,stable,stable_low_fpr,aggregate_only,1027,915
passage_retrieval_en,9,2,0.056818181818181816,0.05747126436781609,0.0,0.0,0.8645833333333334,0.8541666666666666,5,5,0,0,88,87,8,9,0.0006530825496342749,0.0,0.01041666666666674,0,True,low_support,stable,stable_low_fpr,aggregate_only,728,916
dureader,3,4,0.023809523809523808,0.011904761904761904,0.0,0.0,0.8541666666666666,0.8645833333333334,2,1,0,0,84,84,12,12,0.011904761904761904,0.0,0.01041666666666674,1,True,low_support,stable,stable_low_fpr,aggregate_only,990,917
hotpotqa,19,7,0.011904761904761904,0.023809523809523808,0.0,0.0,0.8645833333333334,0.8541666666666666,1,2,0,0,84,84,12,12,0.011904761904761904,0.0,0.01041666666666674,1,True,low_support,stable,stable_low_fpr,aggregate_only,991,918
hotpotqa,3,4,0.011904761904761904,0.023809523809523808,0.0,0.0,0.8645833333333334,0.8541666666666666,1,2,0,0,84,84,12,12,0.011904761904761904,0.0,0.01041666666666674,1,True,low_support,stable,stable_low_fpr,aggregate_only,992,919
hotpotqa,5,1,0.011904761904761904,0.023809523809523808,0.0,0.0,0.8645833333333334,0.8541666666666666,1,2,0,0,84,84,12,12,0.011904761904761904,0.0,0.01041666666666674,1,True,low_support,stable,stable_low_fpr,aggregate_only,993,920
passage_retrieval_zh,19,7,0.011904761904761904,0.012048192771084338,0.0,0.0,0.8645833333333334,0.8541666666666666,1,1,0,0,84,83,12,13,0.00014343086632243388,0.0,0.01041666666666674,0,True,low_support,stable,stable_low_fpr,aggregate_only,999,921
passage_retrieval_zh,3,4,0.012048192771084338,0.011904761904761904,0.0,0.0,0.8541666666666666,0.8645833333333334,1,1,0,0,83,84,13,12,0.00014343086632243388,0.0,0.01041666666666674,0,True,low_support,stable,stable_low_fpr,aggregate_only,1000,922
samsum,3,4,0.011904761904761904,0.023809523809523808,0.0,0.0,0.8645833333333334,0.8541666666666666,1,2,0,0,84,84,12,12,0.011904761904761904,0.0,0.01041666666666674,1,True,low_support,stable,stable_low_fpr,aggregate_only,996,923
dureader,19,7,0.0,0.012048192771084338,0.0,0.0,0.8645833333333334,0.8541666666666666,0,1,0,0,83,83,13,13,0.012048192771084338,0.0,0.01041666666666674,1,True,low_support,stable,stable_low_fpr,aggregate_only,1041,924
dureader,5,2,0.0,0.023809523809523808,0.0,0.0,0.8645833333333334,0.8541666666666666,0,2,0,0,83,84,13,12,0.023809523809523808,0.0,0.01041666666666674,2,True,low_support,stable,stable_low_fpr,aggregate_only,1018,925
hotpotqa,4,3,0.0,0.012048192771084338,0.0,0.0,0.8645833333333334,0.8541666666666666,0,1,0,0,83,83,13,13,0.012048192771084338,0.0,0.01041666666666674,1,True,low_support,stable,stable_low_fpr,aggregate_only,1056,926
passage_retrieval_zh,5,2,0.0,0.03571428571428571,0.0,0.0,0.875,0.84375,0,3,0,0,84,84,12,12,0.03571428571428571,0.0,0.03125,3,True,low_support,stable,stable_low_fpr,aggregate_only,1016,927
gsm8k,9,7,0.08,0.06756756756756757,0.0,0.0,0.8625,0.8625,6,5,0,0,75,74,5,6,0.01243243243243243,0.0,0.0,1,True,low_support,stable,stable_low_fpr,aggregate_only,678,928
gsm8k,12,0,0.028169014084507043,0.041666666666666664,0.0,0.0,0.8625,0.8625,2,3,0,0,71,72,9,8,0.013497652582159621,0.0,0.0,1,True,low_support,stable,stable_low_fpr,aggregate_only,870,929
gsm8k,4,2,0.014285714285714285,0.014285714285714285,0.0,0.0,0.8625,0.8625,1,1,0,0,70,70,10,10,0.0,0.0,0.0,0,True,low_support,stable,stable_low_fpr,aggregate_only,946,930
gsm8k,10,0,0.0,0.0,0.0,0.0,0.8625,0.8625,0,0,0,0,69,69,11,11,0.0,0.0,0.0,0,True,low_support,stable,stable_low_fpr,aggregate_only,1075,931
gsm8k,17,3,0.0,0.014285714285714285,0.0,0.0,0.8625,0.8625,0,1,0,0,69,70,11,10,0.014285714285714285,0.0,0.0,1,True,low_support,stable,stable_low_fpr,aggregate_only,1051,932
gsm8k,26,0,0.0,0.0,0.0,0.0,0.8625,0.8625,0,0,0,0,69,69,11,11,0.0,0.0,0.0,0,True,low_support,stable,stable_low_fpr,aggregate_only,1085,933
gsm8k,3,4,0.0,0.02857142857142857,0.0,0.0,0.875,0.85,0,2,0,0,70,70,10,10,0.02857142857142857,0.0,0.025000000000000022,2,True,low_support,stable,stable_low_fpr,aggregate_only,1025,934
passage_retrieval_zh,9,2,0.023809523809523808,0.011764705882352941,0.0,0.0,0.8541666666666666,0.875,2,1,0,0,84,85,12,11,0.012044817927170867,0.0,0.02083333333333337,1,True,low_support,stable,stable_low_fpr,aggregate_only,1002,935
passage_retrieval_en,1,2,0.0,0.0,0.0,0.0,0.8541666666666666,0.875,0,0,0,0,82,84,14,12,0.0,0.0,0.02083333333333337,0,True,low_support,stable,stable_low_fpr,aggregate_only,1101,936
passage_retrieval_en,3,1,0.023809523809523808,0.0,0.0,0.0,0.8541666666666666,0.875,2,0,0,0,84,84,12,12,0.023809523809523808,0.0,0.02083333333333337,2,True,low_support,stable,stable_low_fpr,aggregate_only,1032,937
passage_retrieval_zh,10,7,0.0,0.012048192771084338,0.0,0.0,0.875,0.8541666666666666,0,1,0,0,84,83,12,13,0.012048192771084338,0.0,0.02083333333333337,1,True,low_support,stable,stable_low_fpr,aggregate_only,1058,938
passage_retrieval_zh,23,0,0.0,0.0,0.0,0.0,0.875,0.8541666666666666,0,0,0,0,84,82,12,14,0.0,0.0,0.02083333333333337,0,True,low_support,stable,stable_low_fpr,aggregate_only,1111,939
passage_retrieval_zh,26,0,0.0,0.023809523809523808,0.0,0.0,0.875,0.8541666666666666,0,2,0,0,84,84,12,12,0.023809523809523808,0.0,0.02083333333333337,2,True,low_support,stable,stable_low_fpr,aggregate_only,1034,940
passage_retrieval_zh,31,3,0.0,0.023809523809523808,0.0,0.0,0.875,0.8541666666666666,0,2,0,0,84,84,12,12,0.023809523809523808,0.0,0.02083333333333337,2,True,low_support,stable,stable_low_fpr,aggregate_only,1035,941
passage_retrieval_zh,4,2,0.023809523809523808,0.0,0.0,0.0,0.8541666666666666,0.875,2,0,0,0,84,84,12,12,0.023809523809523808,0.0,0.02083333333333337,2,True,low_support,stable,stable_low_fpr,aggregate_only,1036,942
samsum,4,2,0.0,0.023809523809523808,0.0,0.0,0.875,0.8541666666666666,0,2,0,0,84,84,12,12,0.023809523809523808,0.0,0.02083333333333337,2,True,low_support,stable,stable_low_fpr,aggregate_only,1039,943
passage_retrieval_zh,12,3,0.056818181818181816,0.07777777777777778,0.0,0.0,0.8645833333333334,0.8645833333333334,5,7,0,0,88,90,8,6,0.020959595959595963,0.0,0.0,2,True,low_support,stable,stable_low_fpr,aggregate_only,727,944
passage_retrieval_en,21,1,0.011904761904761904,0.011904761904761904,0.0,0.0,0.8645833333333334,0.8645833333333334,1,1,0,0,84,84,12,12,0.0,0.0,0.0,0,True,low_support,stable,stable_low_fpr,aggregate_only,998,945
samsum,2,3,0.0,0.0,0.0,0.0,0.8645833333333334,0.8645833333333334,0,0,0,0,83,83,13,13,0.0,0.0,0.0,0,True,low_support,stable,stable_low_fpr,aggregate_only,1118,946
samsum,24,7,0.0,0.0,0.0,0.0,0.8645833333333334,0.8645833333333334,0,0,0,0,83,83,13,13,0.0,0.0,0.0,0,True,low_support,stable,stable_low_fpr,aggregate_only,1122,947
gsm8k,8,5,0.014084507042253521,0.028169014084507043,0.0,0.0,0.875,0.8625,1,2,0,0,71,71,9,9,0.014084507042253521,0.0,0.012499999999999956,1,True,low_support,stable,stable_low_fpr,aggregate_only,950,948
gsm8k,14,7,0.0,0.0,0.0,0.0,0.875,0.8625,0,0,0,0,70,69,10,11,0.0,0.0,0.012499999999999956,0,True,low_support,stable,stable_low_fpr,aggregate_only,1077,949
gsm8k,21,2,0.0,0.0,0.0,0.0,0.875,0.8625,0,0,0,0,70,69,10,11,0.0,0.0,0.012499999999999956,0,True,low_support,stable,stable_low_fpr,aggregate_only,1083,950
gsm8k,31,1,0.0,0.014285714285714285,0.0,0.0,0.875,0.8625,0,1,0,0,70,70,10,10,0.014285714285714285,0.0,0.012499999999999956,1,True,low_support,stable,stable_low_fpr,aggregate_only,1054,951
gsm8k,6,6,0.0,0.014285714285714285,0.0,0.0,0.875,0.8625,0,1,0,0,70,70,10,10,0.014285714285714285,0.0,0.012499999999999956,1,True,low_support,stable,stable_low_fpr,aggregate_only,1055,952
dureader,0,6,0.07865168539325842,0.07608695652173914,0.0,0.0,0.8541666666666666,0.8854166666666666,7,7,0,0,89,92,7,4,0.0025647288715192895,0.0,0.03125,0,True,low_support,stable,stable_low_fpr,aggregate_only,651,953
hotpotqa,9,0,0.09782608695652174,0.06666666666666667,0.0,0.0,0.8645833333333334,0.875,9,6,0,0,92,90,4,6,0.031159420289855078,0.0,0.01041666666666663,3,True,low_support,stable,stable_low_fpr,aggregate_only,680,954
dureader,20,4,0.0,0.011904761904761904,0.0,0.0,0.875,0.8645833333333334,0,1,0,0,84,84,12,12,0.011904761904761904,0.0,0.01041666666666663,1,True,low_support,stable,stable_low_fpr,aggregate_only,1042,955
dureader,24,7,0.011904761904761904,0.0,0.0,0.0,0.8645833333333334,0.875,1,0,0,0,84,84,12,12,0.011904761904761904,0.0,0.01041666666666663,1,True,low_support,stable,stable_low_fpr,aggregate_only,1043,956
dureader,27,7,0.011904761904761904,0.0,0.0,0.0,0.8645833333333334,0.875,1,0,0,0,84,84,12,12,0.011904761904761904,0.0,0.01041666666666663,1,True,low_support,stable,stable_low_fpr,aggregate_only,1045,957
dureader,29,4,0.011904761904761904,0.0,0.0,0.0,0.8645833333333334,0.875,1,0,0,0,84,84,12,12,0.011904761904761904,0.0,0.01041666666666663,1,True,low_support,stable,stable_low_fpr,aggregate_only,1046,958
dureader,3,1,0.011904761904761904,0.0,0.0,0.0,0.8645833333333334,0.875,1,0,0,0,84,84,12,12,0.011904761904761904,0.0,0.01041666666666663,1,True,low_support,stable,stable_low_fpr,aggregate_only,1047,959
hotpotqa,21,1,0.0,0.0,0.0,0.0,0.875,0.8645833333333334,0,0,0,0,84,83,12,13,0.0,0.0,0.01041666666666663,0,True,low_support,stable,stable_low_fpr,aggregate_only,1095,960
hotpotqa,27,7,0.0,0.0,0.0,0.0,0.8645833333333334,0.875,0,0,0,0,83,84,13,12,0.0,0.0,0.01041666666666663,0,True,low_support,stable,stable_low_fpr,aggregate_only,1097,961
hotpotqa,3,1,0.0,0.0,0.0,0.0,0.875,0.8645833333333334,0,0,0,0,84,83,12,13,0.0,0.0,0.01041666666666663,0,True,low_support,stable,stable_low_fpr,aggregate_only,1099,962
passage_retrieval_en,2,3,0.011904761904761904,0.0,0.0,0.0,0.8645833333333334,0.875,1,0,0,0,84,84,12,12,0.011904761904761904,0.0,0.01041666666666663,1,True,low_support,stable,stable_low_fpr,aggregate_only,1057,963
passage_retrieval_en,3,4,0.0,0.0,0.0,0.0,0.8645833333333334,0.875,0,0,0,0,83,84,13,12,0.0,0.0,0.01041666666666663,0,True,low_support,stable,stable_low_fpr,aggregate_only,1106,964
passage_retrieval_zh,20,4,0.011904761904761904,0.0,0.0,0.0,0.8645833333333334,0.875,1,0,0,0,84,84,12,12,0.011904761904761904,0.0,0.01041666666666663,1,True,low_support,stable,stable_low_fpr,aggregate_only,1059,965
passage_retrieval_zh,25,5,0.0,0.011904761904761904,0.0,0.0,0.875,0.8645833333333334,0,1,0,0,84,84,12,12,0.011904761904761904,0.0,0.01041666666666663,1,True,low_support,stable,stable_low_fpr,aggregate_only,1060,966
passage_retrieval_zh,31,1,0.0,0.011904761904761904,0.0,0.0,0.875,0.8645833333333334,0,1,0,0,84,84,12,12,0.011904761904761904,0.0,0.01041666666666663,1,True,low_support,stable,stable_low_fpr,aggregate_only,1062,967
samsum,12,3,0.0,0.0,0.0,0.0,0.875,0.8645833333333334,0,0,0,0,84,83,12,13,0.0,0.0,0.01041666666666663,0,True,low_support,stable,stable_low_fpr,aggregate_only,1117,968
samsum,19,7,0.0,0.011904761904761904,0.0,0.0,0.875,0.8645833333333334,0,1,0,0,84,84,12,12,0.011904761904761904,0.0,0.01041666666666663,1,True,low_support,stable,stable_low_fpr,aggregate_only,1064,969
samsum,2,5,0.0,0.0,0.0,0.0,0.875,0.8645833333333334,0,0,0,0,84,83,12,13,0.0,0.0,0.01041666666666663,0,True,low_support,stable,stable_low_fpr,aggregate_only,1119,970
samsum,3,1,0.0,0.0,0.0,0.0,0.875,0.8645833333333334,0,0,0,0,84,83,12,13,0.0,0.0,0.01041666666666663,0,True,low_support,stable,stable_low_fpr,aggregate_only,1127,971
samsum,31,2,0.011904761904761904,0.0,0.0,0.0,0.8645833333333334,0.875,1,0,0,0,84,84,12,12,0.011904761904761904,0.0,0.01041666666666663,1,True,low_support,stable,stable_low_fpr,aggregate_only,1065,972
gsm8k,8,2,0.09090909090909091,0.09090909090909091,0.0,0.0,0.875,0.875,7,7,0,0,77,77,3,3,0.0,0.0,0.0,0,True,low_support,stable,stable_low_fpr,aggregate_only,602,973
gsm8k,13,0,0.05405405405405406,0.05405405405405406,0.0,0.0,0.875,0.875,4,4,0,0,74,74,6,6,0.0,0.0,0.0,0,True,low_support,stable,stable_low_fpr,aggregate_only,731,974
dureader,2,3,0.0,0.0,0.0,0.0,0.875,0.875,0,0,0,0,84,84,12,12,0.0,0.0,0.0,0,True,low_support,stable,stable_low_fpr,aggregate_only,1067,975
dureader,2,6,0.0,0.0,0.0,0.0,0.875,0.875,0,0,0,0,84,84,12,12,0.0,0.0,0.0,0,True,low_support,stable,stable_low_fpr,aggregate_only,1068,976
dureader,21,1,0.0,0.0,0.0,0.0,0.875,0.875,0,0,0,0,84,84,12,12,0.0,0.0,0.0,0,True,low_support,stable,stable_low_fpr,aggregate_only,1069,977
dureader,25,5,0.0,0.0,0.0,0.0,0.875,0.875,0,0,0,0,84,84,12,12,0.0,0.0,0.0,0,True,low_support,stable,stable_low_fpr,aggregate_only,1070,978
dureader,26,0,0.0,0.0,0.0,0.0,0.875,0.875,0,0,0,0,84,84,12,12,0.0,0.0,0.0,0,True,low_support,stable,stable_low_fpr,aggregate_only,1071,979
dureader,29,6,0.0,0.0,0.0,0.0,0.875,0.875,0,0,0,0,84,84,12,12,0.0,0.0,0.0,0,True,low_support,stable,stable_low_fpr,aggregate_only,1072,980
dureader,31,1,0.0,0.0,0.0,0.0,0.875,0.875,0,0,0,0,84,84,12,12,0.0,0.0,0.0,0,True,low_support,stable,stable_low_fpr,aggregate_only,1073,981
dureader,31,3,0.0,0.0,0.0,0.0,0.875,0.875,0,0,0,0,84,84,12,12,0.0,0.0,0.0,0,True,low_support,stable,stable_low_fpr,aggregate_only,1074,982
gsm8k,16,7,0.0,0.0,0.0,0.0,0.875,0.875,0,0,0,0,70,70,10,10,0.0,0.0,0.0,0,True,low_support,stable,stable_low_fpr,aggregate_only,1078,983
gsm8k,2,3,0.0,0.0,0.0,0.0,0.875,0.875,0,0,0,0,70,70,10,10,0.0,0.0,0.0,0,True,low_support,stable,stable_low_fpr,aggregate_only,1079,984
gsm8k,2,5,0.0,0.0,0.0,0.0,0.875,0.875,0,0,0,0,70,70,10,10,0.0,0.0,0.0,0,True,low_support,stable,stable_low_fpr,aggregate_only,1080,985
gsm8k,2,6,0.0,0.0,0.0,0.0,0.875,0.875,0,0,0,0,70,70,10,10,0.0,0.0,0.0,0,True,low_support,stable,stable_low_fpr,aggregate_only,1081,986
gsm8k,21,1,0.0,0.0,0.0,0.0,0.875,0.875,0,0,0,0,70,70,10,10,0.0,0.0,0.0,0,True,low_support,stable,stable_low_fpr,aggregate_only,1082,987
gsm8k,25,5,0.0,0.0,0.0,0.0,0.875,0.875,0,0,0,0,70,70,10,10,0.0,0.0,0.0,0,True,low_support,stable,stable_low_fpr,aggregate_only,1084,988
gsm8k,27,7,0.0,0.0,0.0,0.0,0.875,0.875,0,0,0,0,70,70,10,10,0.0,0.0,0.0,0,True,low_support,stable,stable_low_fpr,aggregate_only,1086,989
gsm8k,29,6,0.0,0.0,0.0,0.0,0.875,0.875,0,0,0,0,70,70,10,10,0.0,0.0,0.0,0,True,low_support,stable,stable_low_fpr,aggregate_only,1087,990
gsm8k,4,6,0.0,0.0,0.0,0.0,0.875,0.875,0,0,0,0,70,70,10,10,0.0,0.0,0.0,0,True,low_support,stable,stable_low_fpr,aggregate_only,1089,991
gsm8k,5,6,0.0,0.0,0.0,0.0,0.875,0.875,0,0,0,0,70,70,10,10,0.0,0.0,0.0,0,True,low_support,stable,stable_low_fpr,aggregate_only,1090,992
hotpotqa,2,3,0.0,0.0,0.0,0.0,0.875,0.875,0,0,0,0,84,84,12,12,0.0,0.0,0.0,0,True,low_support,stable,stable_low_fpr,aggregate_only,1092,993
hotpotqa,2,5,0.0,0.0,0.0,0.0,0.875,0.875,0,0,0,0,84,84,12,12,0.0,0.0,0.0,0,True,low_support,stable,stable_low_fpr,aggregate_only,1093,994
hotpotqa,2,6,0.0,0.0,0.0,0.0,0.875,0.875,0,0,0,0,84,84,12,12,0.0,0.0,0.0,0,True,low_support,stable,stable_low_fpr,aggregate_only,1094,995
hotpotqa,25,5,0.0,0.0,0.0,0.0,0.875,0.875,0,0,0,0,84,84,12,12,0.0,0.0,0.0,0,True,low_support,stable,stable_low_fpr,aggregate_only,1096,996
hotpotqa,29,6,0.0,0.0,0.0,0.0,0.875,0.875,0,0,0,0,84,84,12,12,0.0,0.0,0.0,0,True,low_support,stable,stable_low_fpr,aggregate_only,1098,997
hotpotqa,31,3,0.0,0.0,0.0,0.0,0.875,0.875,0,0,0,0,84,84,12,12,0.0,0.0,0.0,0,True,low_support,stable,stable_low_fpr,aggregate_only,1100,998
passage_retrieval_en,2,5,0.0,0.0,0.0,0.0,0.875,0.875,0,0,0,0,84,84,12,12,0.0,0.0,0.0,0,True,low_support,stable,stable_low_fpr,aggregate_only,1102,999
passage_retrieval_en,2,6,0.0,0.0,0.0,0.0,0.875,0.875,0,0,0,0,84,84,12,12,0.0,0.0,0.0,0,True,low_support,stable,stable_low_fpr,aggregate_only,1103,1000
passage_retrieval_en,25,5,0.0,0.0,0.0,0.0,0.875,0.875,0,0,0,0,84,84,12,12,0.0,0.0,0.0,0,True,low_support,stable,stable_low_fpr,aggregate_only,1104,1001
passage_retrieval_en,29,6,0.0,0.0,0.0,0.0,0.875,0.875,0,0,0,0,84,84,12,12,0.0,0.0,0.0,0,True,low_support,stable,stable_low_fpr,aggregate_only,1105,1002
passage_retrieval_en,31,3,0.0,0.0,0.0,0.0,0.875,0.875,0,0,0,0,84,84,12,12,0.0,0.0,0.0,0,True,low_support,stable,stable_low_fpr,aggregate_only,1107,1003
passage_retrieval_en,4,3,0.0,0.0,0.0,0.0,0.875,0.875,0,0,0,0,84,84,12,12,0.0,0.0,0.0,0,True,low_support,stable,stable_low_fpr,aggregate_only,1108,1004
passage_retrieval_zh,2,5,0.0,0.0,0.0,0.0,0.875,0.875,0,0,0,0,84,84,12,12,0.0,0.0,0.0,0,True,low_support,stable,stable_low_fpr,aggregate_only,1109,1005
passage_retrieval_zh,21,1,0.0,0.0,0.0,0.0,0.875,0.875,0,0,0,0,84,84,12,12,0.0,0.0,0.0,0,True,low_support,stable,stable_low_fpr,aggregate_only,1110,1006
passage_retrieval_zh,27,7,0.0,0.0,0.0,0.0,0.875,0.875,0,0,0,0,84,84,12,12,0.0,0.0,0.0,0,True,low_support,stable,stable_low_fpr,aggregate_only,1112,1007
passage_retrieval_zh,29,6,0.0,0.0,0.0,0.0,0.875,0.875,0,0,0,0,84,84,12,12,0.0,0.0,0.0,0,True,low_support,stable,stable_low_fpr,aggregate_only,1113,1008
passage_retrieval_zh,3,1,0.0,0.0,0.0,0.0,0.875,0.875,0,0,0,0,84,84,12,12,0.0,0.0,0.0,0,True,low_support,stable,stable_low_fpr,aggregate_only,1114,1009
samsum,10,7,0.0,0.0,0.0,0.0,0.875,0.875,0,0,0,0,84,84,12,12,0.0,0.0,0.0,0,True,low_support,stable,stable_low_fpr,aggregate_only,1116,1010
samsum,2,6,0.0,0.0,0.0,0.0,0.875,0.875,0,0,0,0,84,84,12,12,0.0,0.0,0.0,0,True,low_support,stable,stable_low_fpr,aggregate_only,1120,1011
samsum,21,1,0.0,0.0,0.0,0.0,0.875,0.875,0,0,0,0,84,84,12,12,0.0,0.0,0.0,0,True,low_support,stable,stable_low_fpr,aggregate_only,1121,1012
samsum,25,5,0.0,0.0,0.0,0.0,0.875,0.875,0,0,0,0,84,84,12,12,0.0,0.0,0.0,0,True,low_support,stable,stable_low_fpr,aggregate_only,1123,1013
samsum,26,0,0.0,0.0,0.0,0.0,0.875,0.875,0,0,0,0,84,84,12,12,0.0,0.0,0.0,0,True,low_support,stable,stable_low_fpr,aggregate_only,1124,1014
samsum,27,7,0.0,0.0,0.0,0.0,0.875,0.875,0,0,0,0,84,84,12,12,0.0,0.0,0.0,0,True,low_support,stable,stable_low_fpr,aggregate_only,1125,1015
samsum,29,6,0.0,0.0,0.0,0.0,0.875,0.875,0,0,0,0,84,84,12,12,0.0,0.0,0.0,0,True,low_support,stable,stable_low_fpr,aggregate_only,1126,1016
samsum,31,3,0.0,0.0,0.0,0.0,0.875,0.875,0,0,0,0,84,84,12,12,0.0,0.0,0.0,0,True,low_support,stable,stable_low_fpr,aggregate_only,1128,1017
hotpotqa,0,6,0.054945054945054944,0.07777777777777778,0.0,0.0,0.8958333333333334,0.8645833333333334,5,7,0,0,91,90,5,6,0.022832722832722835,0.0,0.03125,2,True,low_support,stable,stable_low_fpr,aggregate_only,729,1018
gsm8k,12,3,0.0,0.0,0.0,0.0,0.875,0.8875,0,0,0,0,70,71,10,9,0.0,0.0,0.012499999999999956,0,True,low_support,stable,stable_low_fpr,aggregate_only,1076,1019
passage_retrieval_en,0,6,0.06741573033707865,0.03333333333333333,0.0,0.0,0.8645833333333334,0.90625,6,3,0,0,89,90,7,6,0.03408239700374532,0.0,0.04166666666666663,3,True,low_support,stable,stable_low_fpr,aggregate_only,844,1020
samsum,0,7,0.0,0.0,0.0,0.0,0.8854166666666666,0.90625,0,0,0,0,85,87,11,9,0.0,0.0,0.02083333333333337,0,True,low_support,stable,stable_low_fpr,aggregate_only,1115,1021
gsm8k,13,2,0.05128205128205128,0.09090909090909091,0.0,0.0,0.925,0.875,4,7,0,0,78,77,2,3,0.03962703962703963,0.0,0.050000000000000044,3,True,low_support,stable,stable_low_fpr,aggregate_only,736,1022
gsm8k,31,3,0.0,0.0,0.0,0.0,0.9,0.9,0,0,0,0,72,72,8,8,0.0,0.0,0.0,0,True,low_support,stable,stable_low_fpr,aggregate_only,1088,1023
passage_retrieval_en,1,4,0.011363636363636364,0.022222222222222223,0.0,0.0,0.90625,0.9166666666666666,1,2,0,0,88,90,8,6,0.010858585858585859,0.0,0.01041666666666663,1,True,low_support,stable,stable_low_fpr,aggregate_only,1003,1024
passage_retrieval_zh,0,5,0.042105263157894736,0.042105263157894736,0.0,0.0,0.9479166666666666,0.9479166666666666,4,4,0,0,95,95,1,1,0.0,0.0,0.0,0,True,low_support,stable,stable_low_fpr,aggregate_only,805,1025
gsm8k,0,7,0.02564102564102564,0.02564102564102564,0.0,0.0,0.95,0.95,2,2,0,0,78,78,2,2,0.0,0.0,0.0,0,True,low_support,stable,stable_low_fpr,aggregate_only,872,1026
gsm8k,0,5,0.01282051282051282,0.013157894736842105,0.0,0.0,0.9625,0.9375,1,1,0,0,78,76,2,4,0.00033738191632928446,0.0,0.025000000000000022,0,True,low_support,stable,stable_low_fpr,aggregate_only,951,1027
gsm8k,15,1,0.02531645569620253,0.02531645569620253,0.0,0.0,0.9625,0.9625,2,2,0,0,79,79,1,1,0.0,0.0,0.0,0,True,low_support,stable,stable_low_fpr,aggregate_only,873,1028
passage_retrieval_en,0,5,0.010638297872340425,0.021052631578947368,0.0,0.0,0.96875,0.96875,1,2,0,0,94,95,2,1,0.010414333706606943,0.0,0.0,1,True,low_support,stable,stable_low_fpr,aggregate_only,1004,1029
hotpotqa,0,7,0.0,0.0,0.0,0.0,0.96875,0.96875,0,0,0,0,93,93,3,3,0.0,0.0,0.0,0,True,low_support,stable,stable_low_fpr,aggregate_only,1091,1030
dureader,0,7,0.0,0.0,0.0,0.0,0.96875,0.9791666666666666,0,0,0,0,93,94,3,2,0.0,0.0,0.01041666666666663,0,True,low_support,stable,stable_low_fpr,aggregate_only,1066,1031
dureader,0,5,0.010526315789473684,0.0,0.0,0.0,0.9791666666666666,0.9791666666666666,1,0,0,0,95,94,1,2,0.010526315789473684,0.0,0.0,1,True,low_support,stable,stable_low_fpr,aggregate_only,1040,1032
passage_retrieval_en,23,5,0.5094339622641509,0.5333333333333333,0.023255813953488372,0.0,0.28125,0.2916666666666667,27,32,1,0,53,60,43,36,0.023899371069182385,0.023255813953488372,0.010416666666666685,5,True,low_support,stable,stable_high_fnr_low_support,aggregate_only,11,1033
passage_retrieval_zh,22,7,0.5344827586206896,0.582089552238806,0.02631578947368421,0.0,0.2916666666666667,0.2916666666666667,31,39,1,0,58,67,38,29,0.04760679361811637,0.02631578947368421,0.0,8,True,low_support,stable,stable_high_fnr_low_support,aggregate_only,6,1034
passage_retrieval_en,9,1,0.5081967213114754,0.5,0.02857142857142857,0.0,0.3229166666666667,0.34375,31,33,1,0,61,66,35,30,0.008196721311475419,0.02857142857142857,0.020833333333333315,2,True,low_support,stable,stable_high_fnr_low_support,aggregate_only,12,1035
passage_retrieval_en,23,3,0.3770491803278688,0.4057971014492754,0.02857142857142857,0.0,0.40625,0.4270833333333333,23,28,1,0,61,69,35,27,0.02874792112140656,0.02857142857142857,0.020833333333333315,5,True,low_support,stable,stable_high_fnr_low_support,aggregate_only,78,1036
passage_retrieval_zh,23,6,0.45161290322580644,0.4305555555555556,0.029411764705882353,0.0,0.3645833333333333,0.4270833333333333,28,31,1,0,62,72,34,24,0.02105734767025086,0.029411764705882353,0.0625,3,True,low_support,stable,stable_high_fnr_low_support,aggregate_only,37,1037
passage_retrieval_zh,30,7,0.4032258064516129,0.42028985507246375,0.029411764705882353,0.0,0.3958333333333333,0.4166666666666667,25,29,1,0,62,69,34,27,0.01706404862085087,0.029411764705882353,0.02083333333333337,4,True,low_support,stable,stable_high_fnr_low_support,aggregate_only,52,1038
passage_retrieval_zh,19,6,0.40625,0.4067796610169492,0.03125,0.0,0.40625,0.3645833333333333,26,24,1,0,64,59,32,37,0.0005296610169491789,0.03125,0.041666666666666685,2,True,low_support,stable,stable_high_fnr_low_support,aggregate_only,51,1039
dureader,30,7,0.453125,0.390625,0.03125,0.0,0.375,0.40625,29,25,1,0,64,64,32,32,0.0625,0.03125,0.03125,4,True,low_support,unstable,stable_high_fnr_low_support,aggregate_only,69,1040
samsum,22,0,0.4406779661016949,0.34375,0.0,0.03125,0.34375,0.4479166666666667,26,22,0,1,59,64,37,32,0.0969279661016949,0.03125,0.10416666666666669,4,True,low_support,unstable,stable_high_fnr_low_support,aggregate_only,112,1041
passage_retrieval_zh,6,1,0.38666666666666666,0.4375,0.0,0.03125,0.4791666666666667,0.3854166666666667,29,28,0,1,75,64,21,32,0.05083333333333334,0.03125,0.09375,1,True,low_support,unstable,stable_high_fnr_low_support,aggregate_only,71,1042
passage_retrieval_zh,16,2,0.43283582089552236,0.4,0.0,0.03225806451612903,0.3958333333333333,0.4166666666666667,29,26,0,1,67,65,29,31,0.03283582089552234,0.03225806451612903,0.02083333333333337,3,True,low_support,stable,stable_high_fnr_low_support,aggregate_only,55,1043
samsum,27,0,0.4,0.4090909090909091,0.03225806451612903,0.0,0.4166666666666667,0.40625,26,27,1,0,65,66,31,30,0.009090909090909094,0.03225806451612903,0.010416666666666685,1,True,low_support,stable,stable_high_fnr_low_support,aggregate_only,57,1044
hotpotqa,27,5,0.4,0.40298507462686567,0.03225806451612903,0.0,0.4166666666666667,0.4166666666666667,26,27,1,0,65,67,31,29,0.002985074626865647,0.03225806451612903,0.0,1,True,low_support,stable,stable_high_fnr_low_support,aggregate_only,56,1045
passage_retrieval_en,25,1,0.42424242424242425,0.3230769230769231,0.0,0.03225806451612903,0.3958333333333333,0.46875,28,21,0,1,66,65,30,31,0.10116550116550116,0.03225806451612903,0.07291666666666669,7,True,low_support,unstable,stable_high_fnr_low_support,aggregate_only,131,1046
dureader,22,3,0.23076923076923078,0.29411764705882354,0.03225806451612903,0.0,0.53125,0.5,15,20,1,0,65,68,31,28,0.06334841628959276,0.03225806451612903,0.03125,5,True,low_support,unstable,stable_high_fnr_low_support,aggregate_only,275,1047
samsum,19,6,0.2727272727272727,0.23880597014925373,0.03333333333333333,0.0,0.5104166666666666,0.53125,18,16,1,0,66,67,30,29,0.03392130257801898,0.03333333333333333,0.02083333333333337,2,True,low_support,stable,stable_high_fnr_low_support,aggregate_only,259,1048
samsum,30,3,0.2727272727272727,0.2191780821917808,0.03333333333333333,0.0,0.5104166666666666,0.59375,18,16,1,0,66,73,30,23,0.0535491905354919,0.03333333333333333,0.08333333333333337,2,True,low_support,unstable,stable_high_fnr_low_support,aggregate_only,305,1049
samsum,8,6,0.2916666666666667,0.34328358208955223,0.0,0.034482758620689655,0.53125,0.46875,21,23,0,1,72,67,24,29,0.051616915422885545,0.034482758620689655,0.0625,2,True,low_support,unstable,stable_high_fnr_low_support,aggregate_only,169,1050
hotpotqa,30,3,0.3380281690140845,0.2835820895522388,0.0,0.034482758620689655,0.4895833333333333,0.5104166666666666,24,19,0,1,71,67,25,29,0.05444607946184571,0.034482758620689655,0.020833333333333315,5,True,low_support,unstable,stable_high_fnr_low_support,aggregate_only,181,1051
samsum,28,0,0.23880597014925373,0.36486486486486486,0.034482758620689655,0.0,0.5416666666666666,0.4895833333333333,16,27,1,0,67,74,29,22,0.12605889471561113,0.034482758620689655,0.052083333333333315,11,True,low_support,unstable,stable_high_fnr_low_support,aggregate_only,256,1052
dureader,11,5,0.19444444444444445,0.19402985074626866,0.0,0.034482758620689655,0.6041666666666666,0.5729166666666666,14,13,0,1,72,67,24,29,0.00041459369817578584,0.034482758620689655,0.03125,1,True,low_support,stable,stable_low_fpr,aggregate_only,368,1053
passage_retrieval_en,24,5,0.36764705882352944,0.39705882352941174,0.0,0.03571428571428571,0.4479166666666667,0.4375,25,27,0,1,68,68,28,28,0.029411764705882304,0.03571428571428571,0.010416666666666685,2,True,low_support,stable,stable_high_fnr_low_support,aggregate_only,90,1054
hotpotqa,13,5,0.34285714285714286,0.36764705882352944,0.0,0.03571428571428571,0.4791666666666667,0.4583333333333333,24,25,0,1,70,68,26,28,0.024789915966386578,0.03571428571428571,0.02083333333333337,1,True,low_support,stable,stable_high_fnr_low_support,aggregate_only,114,1055
dureader,14,1,0.3088235294117647,0.37681159420289856,0.03571428571428571,0.0,0.5,0.4479166666666667,21,26,1,0,68,69,28,27,0.06798806479113384,0.03571428571428571,0.052083333333333315,5,True,low_support,unstable,stable_high_fnr_low_support,aggregate_only,150,1056
passage_retrieval_en,16,6,0.16176470588235295,0.15789473684210525,0.03571428571428571,0.0,0.6041666666666666,0.6666666666666666,11,12,1,0,68,76,28,20,0.003869969040247695,0.03571428571428571,0.0625,1,True,low_support,stable,stable_low_fpr,aggregate_only,433,1057
hotpotqa,3,5,0.37681159420289856,0.43478260869565216,0.037037037037037035,0.0,0.4583333333333333,0.40625,26,30,1,0,69,69,27,27,0.0579710144927536,0.037037037037037035,0.052083333333333315,4,True,low_support,unstable,stable_high_fnr_low_support,aggregate_only,79,1058
passage_retrieval_en,29,2,0.36231884057971014,0.36923076923076925,0.037037037037037035,0.0,0.46875,0.4270833333333333,25,24,1,0,69,65,27,31,0.006911928651059107,0.037037037037037035,0.041666666666666685,1,True,low_support,stable,stable_high_fnr_low_support,aggregate_only,93,1059
hotpotqa,24,5,0.36619718309859156,0.34782608695652173,0.0,0.037037037037037035,0.46875,0.4791666666666667,26,24,0,1,71,69,25,27,0.01837109614206983,0.037037037037037035,0.010416666666666685,2,True,low_support,stable,stable_high_fnr_low_support,aggregate_only,110,1060
passage_retrieval_en,20,0,0.3088235294117647,0.2463768115942029,0.0,0.037037037037037035,0.4895833333333333,0.5520833333333334,21,17,0,1,68,69,28,27,0.06244671781756181,0.037037037037037035,0.06250000000000006,4,True,low_support,unstable,stable_high_fnr_low_support,aggregate_only,246,1061
passage_retrieval_zh,17,0,0.25,0.3333333333333333,0.0,0.037037037037037035,0.59375,0.4895833333333333,19,23,0,1,76,69,20,27,0.08333333333333331,0.037037037037037035,0.10416666666666669,4,True,low_support,unstable,stable_high_fnr_low_support,aggregate_only,234,1062
hotpotqa,25,3,0.2028985507246377,0.3424657534246575,0.037037037037037035,0.0,0.5833333333333334,0.5,14,25,1,0,69,73,27,23,0.13956720270001982,0.037037037037037035,0.08333333333333337,11,True,low_support,unstable,stable_high_fnr_low_support,aggregate_only,345,1063
hotpotqa,21,7,0.2898550724637681,0.20833333333333334,0.037037037037037035,0.0,0.5208333333333334,0.59375,20,15,1,0,69,72,27,24,0.08152173913043478,0.037037037037037035,0.07291666666666663,5,True,low_support,unstable,stable_high_fnr_low_support,aggregate_only,332,1064
samsum,14,3,0.2028985507246377,0.20270270270270271,0.037037037037037035,0.0,0.5833333333333334,0.6145833333333334,14,15,1,0,69,74,27,22,0.00019584802193498008,0.037037037037037035,0.03125,1,True,low_support,stable,stable_high_fnr_low_support,aggregate_only,350,1065
samsum,23,5,0.5223880597014925,0.44285714285714284,0.0,0.038461538461538464,0.3333333333333333,0.4166666666666667,35,31,0,1,67,70,29,26,0.07953091684434965,0.038461538461538464,0.08333333333333337,4,True,low_support,unstable,stable_high_fnr_low_support,aggregate_only,27,1066
passage_retrieval_en,22,2,0.35714285714285715,0.34285714285714286,0.0,0.038461538461538464,0.46875,0.4895833333333333,25,24,0,1,70,70,26,26,0.01428571428571429,0.038461538461538464,0.020833333333333315,1,True,low_support,stable,stable_high_fnr_low_support,aggregate_only,115,1067
passage_retrieval_en,17,6,0.34285714285714286,0.32857142857142857,0.038461538461538464,0.0,0.4895833333333333,0.4895833333333333,24,23,1,0,70,70,26,26,0.01428571428571429,0.038461538461538464,0.0,1,True,low_support,stable,stable_high_fnr_low_support,aggregate_only,126,1068
dureader,6,0,0.21428571428571427,0.28169014084507044,0.038461538461538464,0.0,0.5833333333333334,0.53125,15,20,1,0,70,71,26,25,0.06740442655935616,0.038461538461538464,0.05208333333333337,5,True,low_support,unstable,stable_high_fnr_low_support,aggregate_only,320,1069
passage_retrieval_en,18,0,0.18571428571428572,0.16216216216216217,0.038461538461538464,0.0,0.6041666666666666,0.6458333333333334,13,12,1,0,70,74,26,22,0.02355212355212355,0.038461538461538464,0.04166666666666674,1,True,low_support,stable,stable_low_fpr,aggregate_only,425,1070
passage_retrieval_en,17,1,0.15714285714285714,0.136986301369863,0.038461538461538464,0.0,0.625,0.65625,11,10,1,0,70,73,26,23,0.020156555772994134,0.038461538461538464,0.03125,1,True,low_support,stable,stable_low_fpr,aggregate_only,484,1071
dureader,15,3,0.41935483870967744,0.4647887323943662,0.0,0.04,0.375,0.40625,26,33,0,1,62,71,34,25,0.04543389368468875,0.04,0.03125,7,True,low_support,stable,stable_high_fnr_low_support,aggregate_only,42,1072
passage_retrieval_zh,27,0,0.3972602739726027,0.29577464788732394,0.0,0.04,0.4583333333333333,0.53125,29,21,0,1,73,71,23,25,0.10148562608527878,0.04,0.07291666666666669,8,True,low_support,unstable,stable_high_fnr_low_support,aggregate_only,164,1073
samsum,16,2,0.30985915492957744,0.2727272727272727,0.04,0.0,0.5208333333333334,0.5,22,18,1,0,71,66,25,30,0.03713188220230473,0.04,0.02083333333333337,4,True,low_support,stable,stable_high_fnr_low_support,aggregate_only,204,1074
samsum,25,1,0.323943661971831,0.2777777777777778,0.04,0.0,0.5104166666666666,0.5416666666666666,23,20,1,0,71,72,25,24,0.04616588419405321,0.04,0.03125,3,True,low_support,stable,stable_high_fnr_low_support,aggregate_only,192,1075
passage_retrieval_en,24,1,0.28169014084507044,0.2753623188405797,0.04,0.0,0.5416666666666666,0.5208333333333334,20,19,1,0,71,69,25,27,0.006327822004490724,0.04,0.02083333333333326,1,True,low_support,stable,stable_high_fnr_low_support,aggregate_only,197,1076
samsum,13,3,0.29577464788732394,0.2328767123287671,0.04,0.0,0.53125,0.5833333333333334,21,17,1,0,71,73,25,23,0.06289793555855683,0.04,0.05208333333333337,4,True,low_support,unstable,stable_high_fnr_low_support,aggregate_only,271,1077
dureader,4,7,0.23943661971830985,0.2535211267605634,0.04,0.0,0.5729166666666666,0.5520833333333334,17,18,1,0,71,71,25,25,0.01408450704225353,0.04,0.02083333333333326,1,True,low_support,stable,stable_high_fnr_low_support,aggregate_only,255,1078
passage_retrieval_zh,22,3,0.23943661971830985,0.2191780821917808,0.04,0.0,0.5729166666666666,0.59375,17,16,1,0,71,73,25,23,0.020258537526529036,0.04,0.02083333333333337,1,True,low_support,stable,stable_high_fnr_low_support,aggregate_only,306,1079
samsum,29,0,0.18309859154929578,0.22535211267605634,0.04,0.0,0.6145833333333334,0.5729166666666666,13,16,1,0,71,71,25,25,0.04225352112676056,0.04,0.04166666666666674,3,True,low_support,stable,stable_low_fpr,aggregate_only,386,1080
gsm8k,22,0,0.21311475409836064,0.16363636363636364,0.0,0.04,0.6,0.5875,13,9,0,1,61,55,19,25,0.04947839046199701,0.04,0.012499999999999956,4,True,low_support,stable,stable_low_fpr,aggregate_only,423,1081
passage_retrieval_en,28,7,0.16901408450704225,0.18840579710144928,0.04,0.0,0.625,0.5833333333333334,12,13,1,0,71,69,25,27,0.01939171259440703,0.04,0.04166666666666663,1,True,low_support,stable,stable_low_fpr,aggregate_only,410,1082
samsum,17,0,0.15492957746478872,0.13333333333333333,0.04,0.0,0.6354166666666666,0.6770833333333334,11,10,1,0,71,75,25,21,0.02159624413145539,0.04,0.04166666666666674,1,True,low_support,stable,stable_low_fpr,aggregate_only,494,1083
dureader,21,5,0.3472222222222222,0.3055555555555556,0.041666666666666664,0.0,0.5,0.5208333333333334,25,22,1,0,72,72,24,24,0.04166666666666663,0.041666666666666664,0.02083333333333337,3,True,low_support,stable,stable_high_fnr_low_support,aggregate_only,152,1084
passage_retrieval_zh,21,5,0.3611111111111111,0.2602739726027397,0.041666666666666664,0.0,0.4895833333333333,0.5625,26,19,1,0,72,73,24,23,0.1008371385083714,0.041666666666666664,0.07291666666666669,7,True,low_support,unstable,stable_high_fnr_low_support,aggregate_only,219,1085
samsum,13,6,0.1527777777777778,0.1917808219178082,0.041666666666666664,0.0,0.6458333333333334,0.6145833333333334,11,14,1,0,72,73,24,23,0.03900304414003042,0.041666666666666664,0.03125,3,True,low_support,stable,stable_low_fpr,aggregate_only,441,1086
hotpotqa,20,5,0.17105263157894737,0.19444444444444445,0.0,0.041666666666666664,0.65625,0.6145833333333334,13,14,0,1,76,72,20,24,0.023391812865497075,0.041666666666666664,0.04166666666666663,1,True,low_support,stable,stable_low_fpr,aggregate_only,407,1087
dureader,26,5,0.11842105263157894,0.09722222222222222,0.0,0.041666666666666664,0.6979166666666666,0.6875,9,7,0,1,76,72,20,24,0.021198830409356717,0.041666666666666664,0.01041666666666663,2,True,low_support,stable,stable_low_fpr,aggregate_only,584,1088
dureader,14,0,0.3157894736842105,0.3150684931506849,0.0,0.043478260869565216,0.5416666666666666,0.53125,24,23,0,1,76,73,20,23,0.0007209805335255948,0.043478260869565216,0.01041666666666663,1,True,low_support,stable,stable_high_fnr_low_support,aggregate_only,141,1089
hotpotqa,24,1,0.273972602739726,0.33783783783783783,0.043478260869565216,0.0,0.5625,0.5104166666666666,20,25,1,0,73,74,23,22,0.06386523509811182,0.043478260869565216,0.05208333333333337,5,True,low_support,unstable,stable_high_fnr_low_support,aggregate_only,200,1090
passage_retrieval_en,24,0,0.2876712328767123,0.2465753424657534,0.0,0.043478260869565216,0.5416666666666666,0.5833333333333334,21,18,0,1,73,73,23,23,0.0410958904109589,0.043478260869565216,0.04166666666666674,3,True,low_support,stable,stable_high_fnr_low_support,aggregate_only,243,1091
hotpotqa,28,7,0.2692307692307692,0.2602739726027397,0.0,0.043478260869565216,0.59375,0.5729166666666666,21,19,0,1,78,73,18,23,0.008956796628029506,0.043478260869565216,0.02083333333333337,2,True,low_support,stable,stable_high_fnr_low_support,aggregate_only,222,1092
passage_retrieval_en,17,0,0.2222222222222222,0.2191780821917808,0.0,0.043478260869565216,0.5833333333333334,0.6041666666666666,16,16,0,1,72,73,24,23,0.0030441400304414,0.043478260869565216,0.02083333333333326,0,True,low_support,stable,stable_high_fnr_low_support,aggregate_only,307,1093
hotpotqa,22,2,0.2054794520547945,0.21333333333333335,0.043478260869565216,0.0,0.6145833333333334,0.6145833333333334,15,16,1,0,73,75,23,21,0.007853881278538838,0.043478260869565216,0.0,1,True,low_support,stable,stable_high_fnr_low_support,aggregate_only,342,1094
passage_retrieval_zh,9,5,0.1891891891891892,0.2054794520547945,0.0,0.043478260869565216,0.625,0.6145833333333334,14,15,0,1,74,73,22,23,0.01629026286560531,0.043478260869565216,0.01041666666666663,1,True,low_support,stable,stable_low_fpr,aggregate_only,376,1095
passage_retrieval_zh,24,6,0.1917808219178082,0.16883116883116883,0.043478260869565216,0.0,0.625,0.6666666666666666,14,13,1,0,73,77,23,19,0.022949653086639377,0.043478260869565216,0.04166666666666663,1,True,low_support,stable,stable_low_fpr,aggregate_only,413,1096
samsum,19,1,0.1095890410958904,0.15384615384615385,0.043478260869565216,0.0,0.6875,0.6875,8,12,1,0,73,78,23,18,0.04425711275026345,0.043478260869565216,0.0,4,True,low_support,stable,stable_low_fpr,aggregate_only,556,1097
dureader,23,1,0.36486486486486486,0.28169014084507044,0.045454545454545456,0.0,0.5,0.53125,27,20,1,0,74,71,22,25,0.08317472401979442,0.045454545454545456,0.03125,7,True,low_support,unstable,stable_high_fnr_low_support,aggregate_only,183,1098
passage_retrieval_en,13,3,0.3013698630136986,0.2972972972972973,0.0,0.045454545454545456,0.53125,0.5520833333333334,22,22,0,1,73,74,23,22,0.0040725657164013,0.045454545454545456,0.02083333333333337,0,True,low_support,stable,stable_high_fnr_low_support,aggregate_only,163,1099
hotpotqa,13,1,0.21621621621621623,0.1791044776119403,0.045454545454545456,0.0,0.6145833333333334,0.5729166666666666,16,12,1,0,74,67,22,29,0.03711173860427594,0.045454545454545456,0.04166666666666674,4,True,low_support,stable,stable_low_fpr,aggregate_only,393,1100
samsum,30,6,0.20270270270270271,0.21621621621621623,0.045454545454545456,0.0,0.625,0.6041666666666666,15,16,1,0,74,74,22,22,0.013513513513513514,0.045454545454545456,0.02083333333333337,1,True,low_support,stable,stable_high_fnr_low_support,aggregate_only,349,1101
passage_retrieval_zh,22,4,0.20253164556962025,0.24324324324324326,0.0,0.045454545454545456,0.65625,0.59375,16,18,0,1,79,74,17,22,0.04071159767362301,0.045454545454545456,0.0625,2,True,low_support,stable,stable_high_fnr_low_support,aggregate_only,353,1102
passage_retrieval_en,7,3,0.1891891891891892,0.1643835616438356,0.045454545454545456,0.0,0.6354166666666666,0.6354166666666666,14,12,1,0,74,73,22,23,0.024805627545353592,0.045454545454545456,0.0,2,True,low_support,stable,stable_low_fpr,aggregate_only,421,1103
passage_retrieval_en,20,6,0.12162162162162163,0.14864864864864866,0.0,0.045454545454545456,0.6770833333333334,0.6666666666666666,9,11,0,1,74,74,22,22,0.02702702702702703,0.045454545454545456,0.01041666666666674,2,True,low_support,stable,stable_low_fpr,aggregate_only,527,1104
dureader,30,2,0.10810810810810811,0.1282051282051282,0.045454545454545456,0.0,0.6979166666666666,0.7083333333333334,8,10,1,0,74,78,22,18,0.02009702009702008,0.045454545454545456,0.01041666666666674,2,True,low_support,stable,stable_low_fpr,aggregate_only,559,1105
passage_retrieval_en,15,5,0.2987012987012987,0.26666666666666666,0.0,0.047619047619047616,0.5625,0.5833333333333334,23,20,0,1,77,75,19,21,0.03203463203463203,0.047619047619047616,0.02083333333333337,3,True,low_support,stable,stable_high_fnr_low_support,aggregate_only,211,1106
hotpotqa,5,5,0.2,0.23943661971830985,0.047619047619047616,0.0,0.6354166666666666,0.5625,15,17,1,0,75,71,21,25,0.039436619718309834,0.047619047619047616,0.07291666666666663,2,True,low_support,stable,stable_high_fnr_low_support,aggregate_only,357,1107
samsum,7,3,0.20512820512820512,0.17333333333333334,0.0,0.047619047619047616,0.6458333333333334,0.65625,16,13,0,1,78,75,18,21,0.03179487179487178,0.047619047619047616,0.01041666666666663,3,True,low_support,stable,stable_low_fpr,aggregate_only,400,1108
hotpotqa,18,5,0.11594202898550725,0.14666666666666667,0.0,0.047619047619047616,0.6354166666666666,0.6770833333333334,8,11,0,1,69,75,27,21,0.03072463768115942,0.047619047619047616,0.04166666666666674,3,True,low_support,stable,stable_low_fpr,aggregate_only,540,1109
gsm8k,26,7,0.125,0.13559322033898305,0.0,0.047619047619047616,0.7,0.65,8,8,0,1,64,59,16,21,0.01059322033898305,0.047619047619047616,0.04999999999999993,0,True,low_support,stable,stable_low_fpr,aggregate_only,521,1110
samsum,28,3,0.14102564102564102,0.13333333333333333,0.0,0.047619047619047616,0.6979166666666666,0.6875,11,10,0,1,78,75,18,21,0.007692307692307693,0.047619047619047616,0.01041666666666663,1,True,low_support,stable,stable_low_fpr,aggregate_only,495,1111
passage_retrieval_zh,18,0,0.07692307692307693,0.08,0.0,0.047619047619047616,0.75,0.7291666666666666,6,6,0,1,78,75,18,21,0.0030769230769230743,0.047619047619047616,0.02083333333333337,0,True,low_support,stable,stable_low_fpr,aggregate_only,650,1112
samsum,19,2,0.04,0.08974358974358974,0.047619047619047616,0.0,0.7604166666666666,0.7395833333333334,3,7,1,0,75,78,21,18,0.04974358974358974,0.047619047619047616,0.02083333333333326,4,True,low_support,stable,stable_low_fpr,aggregate_only,807,1113
passage_retrieval_zh,0,1,0.6885245901639344,0.5666666666666667,0.02857142857142857,0.027777777777777776,0.20833333333333334,0.28125,42,34,1,1,61,60,35,36,0.12185792349726776,0.0007936507936507943,0.07291666666666666,8,True,low_support,unstable,stable_high_fnr_low_support,aggregate_only,3,1114
passage_retrieval_en,31,7,0.2153846153846154,0.16666666666666666,0.03225806451612903,0.03333333333333333,0.5416666666666666,0.5833333333333334,14,11,1,1,65,66,31,30,0.04871794871794874,0.0010752688172043015,0.04166666666666674,3,True,low_support,stable,stable_low_fpr,aggregate_only,418,1115
hotpotqa,1,1,0.2608695652173913,0.234375,0.037037037037037035,0.03125,0.5416666666666666,0.5208333333333334,18,15,1,1,69,64,27,32,0.026494565217391297,0.005787037037037035,0.02083333333333326,3,True,low_support,stable,stable_high_fnr_low_support,aggregate_only,267,1116
samsum,14,1,0.27941176470588236,0.31343283582089554,0.03571428571428571,0.034482758620689655,0.5208333333333334,0.4895833333333333,19,21,1,1,68,67,28,29,0.03402107111501318,0.0012315270935960576,0.031250000000000056,2,True,low_support,stable,stable_high_fnr_low_support,aggregate_only,190,1117
hotpotqa,14,1,0.3484848484848485,0.3188405797101449,0.03333333333333333,0.037037037037037035,0.4583333333333333,0.5,23,22,1,1,66,69,30,27,0.029644268774703608,0.003703703703703702,0.041666666666666685,1,True,low_support,stable,stable_high_fnr_low_support,aggregate_only,138,1118
passage_retrieval_en,29,1,0.2463768115942029,0.34328358208955223,0.037037037037037035,0.034482758620689655,0.5520833333333334,0.46875,17,23,1,1,69,67,27,29,0.09690677049534932,0.0025542784163473803,0.08333333333333337,6,True,low_support,unstable,stable_high_fnr_low_support,aggregate_only,245,1119
dureader,4,1,0.35294117647058826,0.2463768115942029,0.03571428571428571,0.037037037037037035,0.46875,0.5520833333333334,24,17,1,1,68,69,28,27,0.10656436487638535,0.0013227513227513227,0.08333333333333337,7,True,low_support,unstable,stable_high_fnr_low_support,aggregate_only,244,1120
samsum,0,2,0.2571428571428571,0.29850746268656714,0.038461538461538464,0.034482758620689655,0.5520833333333334,0.5,18,20,1,1,70,67,26,29,0.04136460554371002,0.003978779840848809,0.05208333333333337,2,True,low_support,stable,stable_high_fnr_low_support,aggregate_only,225,1121
passage_retrieval_zh,22,6,0.32857142857142857,0.22535211267605634,0.038461538461538464,0.04,0.5,0.5833333333333334,23,16,1,1,70,71,26,25,0.10321931589537223,0.0015384615384615372,0.08333333333333337,7,True,low_support,unstable,stable_high_fnr_low_support,aggregate_only,286,1122
dureader,0,1,0.589041095890411,0.5507246376811594,0.043478260869565216,0.037037037037037035,0.3229166666666667,0.3333333333333333,43,38,1,1,73,69,23,27,0.03831645820925156,0.006441223832528181,0.01041666666666663,5,True,low_support,stable,stable_high_fnr_low_support,aggregate_only,4,1123
dureader,28,3,0.36764705882352944,0.3783783783783784,0.03571428571428571,0.045454545454545456,0.4583333333333333,0.4895833333333333,25,28,1,1,68,74,28,22,0.010731319554848961,0.009740259740259744,0.03125,3,True,low_support,stable,stable_high_fnr_low_support,aggregate_only,88,1124
dureader,30,6,0.23943661971830985,0.21621621621621623,0.04,0.045454545454545456,0.5729166666666666,0.6145833333333334,17,16,1,1,71,74,25,22,0.023220403502093617,0.005454545454545455,0.04166666666666674,1,True,low_support,stable,stable_high_fnr_low_support,aggregate_only,314,1125
passage_retrieval_zh,22,2,0.21428571428571427,0.29333333333333333,0.038461538461538464,0.047619047619047616,0.5833333333333334,0.5625,15,22,1,1,70,75,26,21,0.07904761904761906,0.009157509157509153,0.02083333333333337,7,True,low_support,unstable,stable_high_fnr_low_support,aggregate_only,319,1126
passage_retrieval_en,25,3,0.3013698630136986,0.3287671232876712,0.043478260869565216,0.043478260869565216,0.5416666666666666,0.5208333333333334,22,24,1,1,73,73,23,23,0.0273972602739726,0.0,0.02083333333333326,2,True,low_support,stable,stable_high_fnr_low_support,aggregate_only,158,1127
passage_retrieval_zh,5,5,0.19444444444444445,0.17333333333333334,0.041666666666666664,0.047619047619047616,0.6145833333333334,0.65625,14,13,1,1,72,75,24,21,0.02111111111111111,0.005952380952380952,0.04166666666666663,1,True,low_support,stable,stable_low_fpr,aggregate_only,401,1128
hotpotqa,4,1,0.18309859154929578,0.3,0.0,0.0,0.6041666666666666,0.5104166666666666,13,21,0,0,71,70,25,26,0.11690140845070421,0.0,0.09375,8,False,low_support,unstable,unstable_across_hardware,aggregate_only,1203,1129
passage_retrieval_en,21,7,0.19402985074626866,0.29333333333333333,0.0,0.0,0.5625,0.5520833333333334,13,22,0,0,67,75,29,21,0.09930348258706467,0.0,0.01041666666666663,9,False,low_support,unstable,unstable_across_hardware,aggregate_only,1184,1130
dureader,28,5,0.1917808219178082,0.3013698630136986,0.0,0.0,0.6145833333333334,0.53125,14,22,0,0,73,73,23,23,0.1095890410958904,0.0,0.08333333333333337,8,False,low_support,unstable,unstable_across_hardware,aggregate_only,1187,1131
gsm8k,24,4,0.25862068965517243,0.19672131147540983,0.0,0.0,0.5375,0.6125,15,12,0,0,58,61,22,19,0.0618993781797626,0.0,0.07500000000000007,3,False,low_support,unstable,unstable_across_hardware,aggregate_only,1180,1132
samsum,21,7,0.19444444444444445,0.2535211267605634,0.0,0.0,0.6041666666666666,0.5520833333333334,14,18,0,0,72,71,24,25,0.05907668231611893,0.0,0.05208333333333326,4,False,low_support,unstable,unstable_across_hardware,aggregate_only,1183,1133
passage_retrieval_zh,22,5,0.1891891891891892,0.32,0.0,0.0,0.625,0.53125,14,24,0,0,74,75,22,21,0.1308108108108108,0.0,0.09375,10,False,low_support,unstable,unstable_across_hardware,aggregate_only,1189,1134
dureader,18,5,0.29577464788732394,0.17333333333333334,0.0,0.0,0.5208333333333334,0.6458333333333334,21,13,0,0,71,75,25,21,0.1224413145539906,0.0,0.125,8,False,low_support,unstable,unstable_across_hardware,aggregate_only,1217,1135
hotpotqa,29,2,0.2,0.13846153846153847,0.0,0.0,0.5833333333333334,0.5833333333333334,14,9,0,0,70,65,26,31,0.06153846153846154,0.0,0.0,5,False,low_support,unstable,unstable_across_hardware,aggregate_only,1272,1136
gsm8k,1,1,0.18333333333333332,0.25,0.0,0.0,0.6125,0.5625,11,15,0,0,60,60,20,20,0.06666666666666668,0.0,0.050000000000000044,4,False,low_support,unstable,unstable_across_hardware,aggregate_only,1200,1137
samsum,4,0,0.19718309859154928,0.2631578947368421,0.0,0.0,0.59375,0.5833333333333334,14,20,0,0,71,76,25,20,0.06597479614529281,0.0,0.01041666666666663,6,False,low_support,unstable,unstable_across_hardware,aggregate_only,1179,1138
samsum,4,5,0.1917808219178082,0.2702702702702703,0.0,0.0,0.6145833333333334,0.5625,14,20,0,0,73,74,23,22,0.07848944835246208,0.0,0.05208333333333337,6,False,low_support,unstable,unstable_across_hardware,aggregate_only,1188,1139
passage_retrieval_en,16,0,0.18571428571428572,0.25333333333333335,0.0,0.0,0.59375,0.5833333333333334,13,19,0,0,70,75,26,21,0.06761904761904763,0.0,0.01041666666666663,6,False,low_support,unstable,unstable_across_hardware,aggregate_only,1194,1140
hotpotqa,22,6,0.2153846153846154,0.16216216216216217,0.0,0.0,0.53125,0.6458333333333334,14,12,0,0,65,74,31,22,0.053222453222453225,0.0,0.11458333333333337,2,False,low_support,unstable,unstable_across_hardware,aggregate_only,1230,1141
passage_retrieval_zh,9,6,0.2361111111111111,0.18055555555555555,0.0,0.0,0.5729166666666666,0.6145833333333334,17,13,0,0,72,72,24,24,0.05555555555555555,0.0,0.04166666666666674,4,False,low_support,unstable,unstable_across_hardware,aggregate_only,1205,1142
samsum,15,5,0.1780821917808219,0.2465753424657534,0.0,0.0,0.625,0.5729166666666666,13,18,0,0,73,73,23,23,0.0684931506849315,0.0,0.05208333333333337,5,False,low_support,unstable,unstable_across_hardware,aggregate_only,1210,1143
gsm8k,17,4,0.24193548387096775,0.18333333333333332,0.0,0.0,0.5875,0.6125,15,11,0,0,62,60,18,20,0.05860215053763443,0.0,0.025000000000000022,4,False,low_support,unstable,unstable_across_hardware,aggregate_only,1201,1144
samsum,6,7,0.16666666666666666,0.2727272727272727,0.0,0.0,0.625,0.5833333333333334,12,21,0,0,72,77,24,19,0.10606060606060605,0.0,0.04166666666666663,9,False,low_support,unstable,unstable_across_hardware,aggregate_only,1224,1145
hotpotqa,2,2,0.14285714285714285,0.28205128205128205,0.0,0.0,0.625,0.5833333333333334,10,22,0,0,70,78,26,18,0.1391941391941392,0.0,0.04166666666666663,12,False,low_support,unstable,unstable_across_hardware,aggregate_only,1259,1146
passage_retrieval_zh,28,4,0.17105263157894737,0.25,0.0,0.0,0.65625,0.5625,13,18,0,0,76,72,20,24,0.07894736842105263,0.0,0.09375,5,False,low_support,unstable,unstable_across_hardware,aggregate_only,1219,1147
passage_retrieval_en,15,2,0.25,0.15492957746478872,0.0,0.0,0.59375,0.625,19,11,0,0,76,71,20,25,0.09507042253521128,0.0,0.03125,8,False,low_support,unstable,unstable_across_hardware,aggregate_only,1244,1148
samsum,18,5,0.17105263157894737,0.26666666666666666,0.0,0.0,0.65625,0.5729166666666666,13,20,0,0,76,75,20,21,0.09561403508771929,0.0,0.08333333333333337,7,False,low_support,unstable,unstable_across_hardware,aggregate_only,1218,1149
passage_retrieval_en,28,2,0.22972972972972974,0.1643835616438356,0.0,0.0,0.59375,0.6354166666666666,17,12,0,0,74,73,22,23,0.06534616808589414,0.0,0.04166666666666663,5,False,low_support,unstable,unstable_across_hardware,aggregate_only,1228,1150
passage_retrieval_zh,20,7,0.18421052631578946,0.25333333333333335,0.0,0.0,0.6458333333333334,0.5833333333333334,14,19,0,0,76,75,20,21,0.06912280701754389,0.0,0.0625,5,False,low_support,unstable,unstable_across_hardware,aggregate_only,1197,1151
hotpotqa,28,5,0.1388888888888889,0.2,0.0,0.0,0.6458333333333334,0.5833333333333334,10,14,0,0,72,70,24,26,0.061111111111111116,0.0,0.0625,4,False,low_support,unstable,unstable_across_hardware,aggregate_only,1271,1152
gsm8k,3,6,0.1774193548387097,0.23809523809523808,0.0,0.0,0.6375,0.6,11,15,0,0,62,63,18,17,0.060675883256528396,0.0,0.03749999999999998,4,False,low_support,unstable,unstable_across_hardware,aggregate_only,1211,1153
hotpotqa,11,7,0.23684210526315788,0.17567567567567569,0.0,0.0,0.6041666666666666,0.6354166666666666,18,13,0,0,76,74,20,22,0.061166429587482196,0.0,0.03125,5,False,low_support,unstable,unstable_across_hardware,aggregate_only,1214,1154
samsum,20,7,0.17567567567567569,0.22666666666666666,0.0,0.0,0.6354166666666666,0.6041666666666666,13,17,0,0,74,75,22,21,0.05099099099099097,0.0,0.03125,4,False,low_support,unstable,unstable_across_hardware,aggregate_only,1216,1155
samsum,23,4,0.15789473684210525,0.25675675675675674,0.0,0.0,0.6666666666666666,0.5729166666666666,12,19,0,0,76,74,20,22,0.09886201991465149,0.0,0.09375,7,False,low_support,unstable,unstable_across_hardware,aggregate_only,1236,1156
passage_retrieval_zh,26,4,0.2465753424657534,0.1232876712328767,0.0,0.0,0.5729166666666666,0.6666666666666666,18,9,0,0,73,73,23,23,0.1232876712328767,0.0,0.09375,9,False,low_support,unstable,unstable_across_hardware,aggregate_only,1294,1157
dureader,21,3,0.17105263157894737,0.2328767123287671,0.0,0.0,0.65625,0.5833333333333334,13,17,0,0,76,73,20,23,0.06182408074981974,0.0,0.07291666666666663,4,False,low_support,unstable,unstable_across_hardware,aggregate_only,1220,1158
passage_retrieval_en,20,3,0.14285714285714285,0.21333333333333335,0.0,0.0,0.625,0.6145833333333334,10,16,0,0,70,75,26,21,0.0704761904761905,0.0,0.01041666666666663,6,False,low_support,unstable,unstable_across_hardware,aggregate_only,1261,1159
dureader,16,6,0.2191780821917808,0.1388888888888889,0.0,0.0,0.59375,0.6458333333333334,16,10,0,0,73,72,23,24,0.08028919330289191,0.0,0.05208333333333337,6,False,low_support,unstable,unstable_across_hardware,aggregate_only,1269,1160
passage_retrieval_en,30,5,0.23376623376623376,0.17567567567567569,0.0,0.0,0.6145833333333334,0.6354166666666666,18,13,0,0,77,74,19,22,0.058090558090558075,0.0,0.02083333333333326,5,False,low_support,unstable,unstable_across_hardware,aggregate_only,1215,1161
dureader,26,6,0.1643835616438356,0.23376623376623376,0.0,0.0,0.6354166666666666,0.6145833333333334,12,18,0,0,73,77,23,19,0.06938267212239815,0.0,0.02083333333333326,6,False,low_support,unstable,unstable_across_hardware,aggregate_only,1227,1162
dureader,28,0,0.14084507042253522,0.21333333333333335,0.0,0.0,0.6354166666666666,0.6145833333333334,10,16,0,0,71,75,25,21,0.07248826291079813,0.0,0.02083333333333326,6,False,low_support,unstable,unstable_across_hardware,aggregate_only,1266,1163
dureader,15,4,0.15789473684210525,0.25,0.0,0.0,0.6666666666666666,0.59375,12,19,0,0,76,76,20,20,0.09210526315789475,0.0,0.07291666666666663,7,False,low_support,unstable,unstable_across_hardware,aggregate_only,1235,1164
dureader,19,1,0.2702702702702703,0.11842105263157894,0.0,0.0,0.5625,0.6979166666666666,20,9,0,0,74,76,22,20,0.15184921763869136,0.0,0.13541666666666663,11,False,low_support,unstable,unstable_across_hardware,aggregate_only,1301,1165
samsum,20,5,0.24324324324324326,0.17721518987341772,0.0,0.0,0.5833333333333334,0.6770833333333334,18,14,0,0,74,79,22,17,0.06602805336982553,0.0,0.09375,4,False,low_support,unstable,unstable_across_hardware,aggregate_only,1212,1166
passage_retrieval_en,2,4,0.16216216216216217,0.21333333333333335,0.0,0.0,0.6458333333333334,0.6145833333333334,12,16,0,0,74,75,22,21,0.051171171171171176,0.0,0.03125,4,False,low_support,unstable,unstable_across_hardware,aggregate_only,1229,1167
hotpotqa,15,0,0.21333333333333335,0.1388888888888889,0.0,0.0,0.6145833333333334,0.6458333333333334,16,10,0,0,75,72,21,24,0.07444444444444445,0.0,0.03125,6,False,low_support,unstable,unstable_across_hardware,aggregate_only,1270,1168
hotpotqa,21,0,0.2727272727272727,0.12162162162162163,0.0,0.0,0.5833333333333334,0.6770833333333334,21,9,0,0,77,74,19,22,0.15110565110565108,0.0,0.09375,12,False,low_support,unstable,unstable_across_hardware,aggregate_only,1297,1169
samsum,19,3,0.21621621621621623,0.13513513513513514,0.0,0.0,0.6041666666666666,0.6666666666666666,16,10,0,0,74,74,22,22,0.08108108108108109,0.0,0.0625,6,False,low_support,unstable,unstable_across_hardware,aggregate_only,1277,1170
hotpotqa,3,2,0.16,0.2236842105263158,0.0,0.0,0.65625,0.6145833333333334,12,17,0,0,75,76,21,20,0.06368421052631579,0.0,0.04166666666666663,5,False,low_support,unstable,unstable_across_hardware,aggregate_only,1232,1171
passage_retrieval_en,29,3,0.2222222222222222,0.15384615384615385,0.0,0.0,0.5833333333333334,0.6875,16,12,0,0,72,78,24,18,0.06837606837606836,0.0,0.10416666666666663,4,False,low_support,unstable,unstable_across_hardware,aggregate_only,1246,1172
hotpotqa,20,6,0.17567567567567569,0.2345679012345679,0.0,0.0,0.6354166666666666,0.6458333333333334,13,19,0,0,74,81,22,15,0.0588922255588922,0.0,0.01041666666666674,6,False,low_support,unstable,unstable_across_hardware,aggregate_only,1213,1173
hotpotqa,6,6,0.24050632911392406,0.1232876712328767,0.0,0.0,0.625,0.6666666666666666,19,9,0,0,79,73,17,23,0.11721865788104735,0.0,0.04166666666666663,10,False,low_support,unstable,unstable_across_hardware,aggregate_only,1293,1174
hotpotqa,23,4,0.15584415584415584,0.2236842105263158,0.0,0.0,0.6770833333333334,0.6145833333333334,12,17,0,0,77,76,19,20,0.06784005468215995,0.0,0.0625,5,False,low_support,unstable,unstable_across_hardware,aggregate_only,1241,1175
passage_retrieval_en,31,5,0.15,0.2328767123287671,0.0,0.0,0.7083333333333334,0.5833333333333334,12,17,0,0,80,73,16,23,0.08287671232876712,0.0,0.125,5,False,low_support,unstable,unstable_across_hardware,aggregate_only,1251,1176
dureader,29,5,0.14666666666666667,0.19736842105263158,0.0,0.0,0.6666666666666666,0.6354166666666666,11,15,0,0,75,76,21,20,0.050701754385964914,0.0,0.03125,4,False,low_support,unstable,unstable_across_hardware,aggregate_only,1255,1177
dureader,10,4,0.14864864864864866,0.21518987341772153,0.0,0.0,0.65625,0.6458333333333334,11,17,0,0,74,79,22,17,0.06654122476907287,0.0,0.01041666666666663,6,False,low_support,unstable,unstable_across_hardware,aggregate_only,1253,1178
samsum,28,4,0.24050632911392406,0.13333333333333333,0.0,0.0,0.625,0.6770833333333334,19,10,0,0,79,75,17,21,0.10717299578059072,0.0,0.05208333333333337,9,False,low_support,unstable,unstable_across_hardware,aggregate_only,1279,1179
passage_retrieval_zh,1,6,0.18421052631578946,0.125,0.0,0.0,0.6458333333333334,0.65625,14,9,0,0,76,72,20,24,0.05921052631578946,0.0,0.01041666666666663,5,False,low_support,unstable,unstable_across_hardware,aggregate_only,1290,1180
passage_retrieval_zh,27,6,0.1,0.20512820512820512,0.0,0.0,0.65625,0.6458333333333334,7,16,0,0,70,78,26,18,0.10512820512820512,0.0,0.01041666666666663,9,False,low_support,unstable,unstable_across_hardware,aggregate_only,1333,1181
hotpotqa,10,5,0.24691358024691357,0.16666666666666666,0.0,0.0,0.6354166666666666,0.6770833333333334,20,13,0,0,81,78,15,18,0.08024691358024691,0.0,0.04166666666666674,7,False,low_support,unstable,unstable_across_hardware,aggregate_only,1223,1182
hotpotqa,2,4,0.22077922077922077,0.16455696202531644,0.0,0.0,0.625,0.6875,17,13,0,0,77,79,19,17,0.056222258753904325,0.0,0.0625,4,False,low_support,unstable,unstable_across_hardware,aggregate_only,1225,1183
samsum,2,2,0.19480519480519481,0.13513513513513514,0.0,0.0,0.6458333333333334,0.6666666666666666,15,10,0,0,77,74,19,22,0.05967005967005967,0.0,0.02083333333333326,5,False,low_support,unstable,unstable_across_hardware,aggregate_only,1278,1184
hotpotqa,31,0,0.2125,0.15789473684210525,0.0,0.0,0.65625,0.6666666666666666,17,12,0,0,80,76,16,20,0.05460526315789474,0.0,0.01041666666666663,5,False,low_support,unstable,unstable_across_hardware,aggregate_only,1237,1185
passage_retrieval_en,22,5,0.1518987341772152,0.21052631578947367,0.0,0.0,0.6979166666666666,0.625,12,16,0,0,79,76,17,20,0.05862758161225848,0.0,0.07291666666666663,4,False,low_support,unstable,unstable_across_hardware,aggregate_only,1249,1186
samsum,13,1,0.1111111111111111,0.17105263157894737,0.0,0.0,0.6666666666666666,0.65625,8,13,0,0,72,76,24,20,0.05994152046783627,0.0,0.01041666666666663,5,False,low_support,unstable,unstable_across_hardware,aggregate_only,1318,1187
hotpotqa,26,4,0.09859154929577464,0.18181818181818182,0.0,0.0,0.6666666666666666,0.65625,7,14,0,0,71,77,25,19,0.08322663252240718,0.0,0.01041666666666663,7,False,low_support,unstable,unstable_across_hardware,aggregate_only,1339,1188
gsm8k,29,2,0.15384615384615385,0.2153846153846154,0.0,0.0,0.6875,0.6375,10,14,0,0,65,65,15,15,0.06153846153846154,0.0,0.050000000000000044,4,False,low_support,unstable,unstable_across_hardware,aggregate_only,1247,1189
passage_retrieval_en,28,3,0.24050632911392406,0.13924050632911392,0.0,0.0,0.625,0.7083333333333334,19,11,0,0,79,79,17,17,0.10126582278481014,0.0,0.08333333333333337,8,False,low_support,unstable,unstable_across_hardware,aggregate_only,1268,1190
gsm8k,0,3,0.08064516129032258,0.13793103448275862,0.0,0.0,0.7125,0.625,5,8,0,0,62,58,18,22,0.05728587319243604,0.0,0.08750000000000002,3,False,low_support,unstable,unstable_across_hardware,aggregate_only,1366,1191
samsum,20,3,0.15,0.2077922077922078,0.0,0.0,0.7083333333333334,0.6354166666666666,12,16,0,0,80,77,16,19,0.05779220779220781,0.0,0.07291666666666674,4,False,low_support,unstable,unstable_across_hardware,aggregate_only,1252,1192
passage_retrieval_zh,24,2,0.21518987341772153,0.12987012987012986,0.0,0.0,0.6458333333333334,0.6979166666666666,17,10,0,0,79,77,17,19,0.08531974354759167,0.0,0.05208333333333326,7,False,low_support,unstable,unstable_across_hardware,aggregate_only,1282,1193
samsum,16,6,0.0821917808219178,0.1388888888888889,0.0,0.0,0.6979166666666666,0.6458333333333334,6,10,0,0,73,72,23,24,0.05669710806697109,0.0,0.05208333333333326,4,False,low_support,unstable,unstable_across_hardware,aggregate_only,1362,1194
dureader,20,3,0.18181818181818182,0.11842105263157894,0.0,0.0,0.65625,0.6979166666666666,14,9,0,0,77,76,19,20,0.06339712918660288,0.0,0.04166666666666663,5,False,low_support,unstable,unstable_across_hardware,aggregate_only,1302,1195
hotpotqa,18,6,0.1111111111111111,0.18518518518518517,0.0,0.0,0.6666666666666666,0.6875,8,15,0,0,72,81,24,15,0.07407407407407407,0.0,0.02083333333333337,7,False,low_support,unstable,unstable_across_hardware,aggregate_only,1317,1196
dureader,17,4,0.16216216216216217,0.09333333333333334,0.0,0.0,0.6458333333333334,0.7083333333333334,12,7,0,0,74,75,22,21,0.06882882882882883,0.0,0.0625,5,False,low_support,unstable,unstable_across_hardware,aggregate_only,1344,1197
dureader,20,5,0.1506849315068493,0.09333333333333334,0.0,0.0,0.6458333333333334,0.7083333333333334,11,7,0,0,73,75,23,21,0.05735159817351597,0.0,0.0625,4,False,low_support,unstable,unstable_across_hardware,aggregate_only,1345,1198
passage_retrieval_en,9,6,0.07792207792207792,0.21333333333333335,0.0,0.0,0.7395833333333334,0.6145833333333334,6,16,0,0,77,75,19,21,0.13541125541125543,0.0,0.125,10,False,low_support,unstable,unstable_across_hardware,aggregate_only,1368,1199
passage_retrieval_en,10,4,0.1375,0.19480519480519481,0.0,0.0,0.71875,0.6458333333333334,11,15,0,0,80,77,16,19,0.0573051948051948,0.0,0.07291666666666663,4,False,low_support,unstable,unstable_across_hardware,aggregate_only,1275,1200
passage_retrieval_zh,29,5,0.11688311688311688,0.18181818181818182,0.0,0.0,0.7083333333333334,0.65625,9,14,0,0,77,77,19,19,0.06493506493506494,0.0,0.05208333333333337,5,False,low_support,unstable,unstable_across_hardware,aggregate_only,1304,1201
passage_retrieval_zh,27,4,0.08108108108108109,0.14864864864864866,0.0,0.0,0.7083333333333334,0.65625,6,11,0,0,74,74,22,22,0.06756756756756757,0.0,0.05208333333333337,5,False,low_support,unstable,unstable_across_hardware,aggregate_only,1365,1202
dureader,13,2,0.17857142857142858,0.23170731707317074,0.0,0.0,0.71875,0.65625,15,19,0,0,84,82,12,14,0.05313588850174217,0.0,0.0625,4,False,low_support,unstable,unstable_across_hardware,aggregate_only,1208,1203
dureader,23,4,0.19230769230769232,0.11538461538461539,0.0,0.0,0.65625,0.71875,15,9,0,0,78,78,18,18,0.07692307692307693,0.0,0.0625,6,False,low_support,unstable,unstable_across_hardware,aggregate_only,1305,1204
hotpotqa,30,2,0.11538461538461539,0.18181818181818182,0.0,0.0,0.71875,0.65625,9,14,0,0,78,77,18,19,0.06643356643356643,0.0,0.0625,5,False,low_support,unstable,unstable_across_hardware,aggregate_only,1306,1205
samsum,24,1,0.1038961038961039,0.18181818181818182,0.0,0.0,0.71875,0.65625,8,14,0,0,77,77,19,19,0.07792207792207792,0.0,0.0625,6,False,low_support,unstable,unstable_across_hardware,aggregate_only,1325,1206
passage_retrieval_en,27,6,0.14666666666666667,0.09333333333333334,0.0,0.0,0.6666666666666666,0.7083333333333334,11,7,0,0,75,75,21,21,0.05333333333333333,0.0,0.04166666666666674,4,False,low_support,unstable,unstable_across_hardware,aggregate_only,1346,1207
gsm8k,2,0,0.1774193548387097,0.06349206349206349,0.0,0.0,0.6375,0.7375,11,4,0,0,62,63,18,17,0.1139272913466462,0.0,0.10000000000000009,7,False,low_support,unstable,unstable_across_hardware,aggregate_only,1401,1208
dureader,25,4,0.1875,0.11688311688311688,0.0,0.0,0.6770833333333334,0.7083333333333334,15,9,0,0,80,77,16,19,0.07061688311688312,0.0,0.03125,6,False,low_support,unstable,unstable_across_hardware,aggregate_only,1303,1209
gsm8k,22,7,0.19117647058823528,0.08196721311475409,0.0,0.0,0.6875,0.7,13,5,0,0,68,61,12,19,0.10920925747348119,0.0,0.012499999999999956,8,False,low_support,unstable,unstable_across_hardware,aggregate_only,1363,1210
gsm8k,15,3,0.078125,0.1875,0.0,0.0,0.7375,0.65,5,12,0,0,64,64,16,16,0.109375,0.0,0.08750000000000002,7,False,low_support,unstable,unstable_across_hardware,aggregate_only,1367,1211
gsm8k,20,5,0.12121212121212122,0.19402985074626866,0.0,0.0,0.725,0.675,8,13,0,0,66,67,14,13,0.07281772953414745,0.0,0.04999999999999993,5,False,low_support,unstable,unstable_across_hardware,aggregate_only,1298,1212
passage_retrieval_zh,25,4,0.09210526315789473,0.15384615384615385,0.0,0.0,0.71875,0.6875,7,12,0,0,76,78,20,18,0.06174089068825912,0.0,0.03125,5,False,low_support,unstable,unstable_across_hardware,aggregate_only,1348,1213
samsum,25,7,0.07692307692307693,0.18181818181818182,0.0,0.0,0.75,0.65625,6,14,0,0,78,77,18,19,0.1048951048951049,0.0,0.09375,8,False,low_support,unstable,unstable_across_hardware,aggregate_only,1374,1214
hotpotqa,29,3,0.06329113924050633,0.2077922077922078,0.0,0.0,0.7708333333333334,0.6354166666666666,5,16,0,0,79,77,17,19,0.14450106855170147,0.0,0.13541666666666674,11,False,low_support,unstable,unstable_across_hardware,aggregate_only,1402,1215
dureader,28,6,0.2,0.12195121951219512,0.0,0.0,0.6666666666666666,0.75,16,10,0,0,80,82,16,14,0.07804878048780489,0.0,0.08333333333333337,6,False,low_support,unstable,unstable_across_hardware,aggregate_only,1295,1216
dureader,11,1,0.14473684210526316,0.07792207792207792,0.0,0.0,0.6770833333333334,0.7395833333333334,11,6,0,0,76,77,20,19,0.06681476418318524,0.0,0.0625,5,False,low_support,unstable,unstable_across_hardware,aggregate_only,1369,1217
gsm8k,30,6,0.15625,0.0625,0.0,0.0,0.675,0.75,10,4,0,0,64,64,16,16,0.09375,0.0,0.07499999999999996,6,False,low_support,unstable,unstable_across_hardware,aggregate_only,1409,1218
gsm8k,12,5,0.03278688524590164,0.140625,0.0,0.0,0.7375,0.6875,2,9,0,0,61,64,19,16,0.10783811475409835,0.0,0.050000000000000044,7,False,low_support,unstable,unstable_across_hardware,aggregate_only,1473,1219
passage_retrieval_zh,6,6,0.1927710843373494,0.125,0.0,0.0,0.6979166666666666,0.7291666666666666,16,10,0,0,83,80,13,16,0.06777108433734941,0.0,0.03125,6,False,low_support,unstable,unstable_across_hardware,aggregate_only,1289,1220
dureader,0,2,0.20481927710843373,0.15476190476190477,0.0,0.0,0.6875,0.7395833333333334,17,13,0,0,83,84,13,12,0.05005737234652896,0.0,0.05208333333333337,4,False,low_support,unstable,unstable_across_hardware,aggregate_only,1245,1221
dureader,24,1,0.07692307692307693,0.175,0.0,0.0,0.75,0.6875,6,14,0,0,78,80,18,16,0.09807692307692306,0.0,0.0625,8,False,low_support,unstable,unstable_across_hardware,aggregate_only,1373,1222
gsm8k,4,7,0.07692307692307693,0.12698412698412698,0.0,0.0,0.75,0.6875,5,8,0,0,65,63,15,17,0.05006105006105005,0.0,0.0625,3,False,low_support,unstable,unstable_across_hardware,aggregate_only,1378,1223
passage_retrieval_en,14,6,0.1951219512195122,0.07692307692307693,0.0,0.0,0.6875,0.75,16,6,0,0,82,78,14,18,0.11819887429643527,0.0,0.0625,10,False,low_support,unstable,unstable_across_hardware,aggregate_only,1372,1224
hotpotqa,7,3,0.0875,0.15384615384615385,0.0,0.0,0.7604166666666666,0.6875,7,12,0,0,80,78,16,18,0.06634615384615386,0.0,0.07291666666666663,5,False,low_support,unstable,unstable_across_hardware,aggregate_only,1357,1225
passage_retrieval_zh,28,6,0.17073170731707318,0.1125,0.0,0.0,0.7083333333333334,0.7395833333333334,14,9,0,0,82,80,14,16,0.05823170731707318,0.0,0.03125,5,False,low_support,unstable,unstable_across_hardware,aggregate_only,1315,1226
gsm8k,8,1,0.13846153846153847,0.07692307692307693,0.0,0.0,0.7,0.75,9,5,0,0,65,65,15,15,0.06153846153846154,0.0,0.050000000000000044,4,False,low_support,unstable,unstable_across_hardware,aggregate_only,1377,1227
gsm8k,24,0,0.045454545454545456,0.15873015873015872,0.0,0.0,0.7875,0.6625,3,10,0,0,66,63,14,17,0.11327561327561327,0.0,0.125,7,False,low_support,unstable,unstable_across_hardware,aggregate_only,1455,1228
dureader,24,2,0.1728395061728395,0.0641025641025641,0.0,0.0,0.6979166666666666,0.7604166666666666,14,5,0,0,81,78,15,18,0.1087369420702754,0.0,0.0625,9,False,low_support,unstable,unstable_across_hardware,aggregate_only,1399,1229
dureader,18,1,0.12987012987012986,0.039473684210526314,0.0,0.0,0.6979166666666666,0.7604166666666666,10,3,0,0,77,76,19,20,0.09039644565960354,0.0,0.0625,7,False,low_support,unstable,unstable_across_hardware,aggregate_only,1459,1230
dureader,5,0,0.1282051282051282,0.07692307692307693,0.0,0.0,0.7083333333333334,0.75,10,6,0,0,78,78,18,18,0.051282051282051266,0.0,0.04166666666666663,4,False,low_support,unstable,unstable_across_hardware,aggregate_only,1376,1231
passage_retrieval_zh,29,3,0.0875,0.16049382716049382,0.0,0.0,0.7604166666666666,0.7083333333333334,7,13,0,0,80,81,16,15,0.07299382716049382,0.0,0.05208333333333326,6,False,low_support,unstable,unstable_across_hardware,aggregate_only,1356,1232
passage_retrieval_en,30,1,0.07692307692307693,0.14814814814814814,0.0,0.0,0.75,0.71875,6,12,0,0,78,81,18,15,0.07122507122507121,0.0,0.03125,6,False,low_support,unstable,unstable_across_hardware,aggregate_only,1375,1233
gsm8k,21,7,0.07462686567164178,0.13846153846153847,0.0,0.0,0.775,0.7,5,9,0,0,67,65,13,15,0.06383467278989668,0.0,0.07500000000000007,4,False,low_support,unstable,unstable_across_hardware,aggregate_only,1385,1234
gsm8k,3,0,0.14285714285714285,0.058823529411764705,0.0,0.0,0.675,0.8,9,4,0,0,63,68,17,12,0.08403361344537814,0.0,0.125,5,False,low_support,unstable,unstable_across_hardware,aggregate_only,1422,1235
gsm8k,1,4,0.09523809523809523,0.031746031746031744,0.0,0.0,0.7125,0.7625,6,2,0,0,63,63,17,17,0.06349206349206349,0.0,0.04999999999999993,4,False,low_support,unstable,unstable_across_hardware,aggregate_only,1474,1236
passage_retrieval_zh,5,4,0.0759493670886076,0.14814814814814814,0.0,0.0,0.7604166666666666,0.71875,6,12,0,0,79,81,17,15,0.07219878105954054,0.0,0.04166666666666663,6,False,low_support,unstable,unstable_across_hardware,aggregate_only,1381,1237
hotpotqa,1,6,0.11538461538461539,0.05194805194805195,0.0,0.0,0.71875,0.7604166666666666,9,4,0,0,78,77,18,19,0.06343656343656344,0.0,0.04166666666666663,5,False,low_support,unstable,unstable_across_hardware,aggregate_only,1427,1238
gsm8k,19,4,0.08955223880597014,0.14705882352941177,0.0,0.0,0.7625,0.725,6,10,0,0,67,68,13,12,0.057506584723441626,0.0,0.03749999999999998,4,False,low_support,unstable,unstable_across_hardware,aggregate_only,1353,1239
gsm8k,30,0,0.16176470588235295,0.08823529411764706,0.0,0.0,0.7125,0.775,11,6,0,0,68,68,12,12,0.07352941176470588,0.0,0.0625,5,False,low_support,unstable,unstable_across_hardware,aggregate_only,1355,1240
gsm8k,22,4,0.15384615384615385,0.030303030303030304,0.0,0.0,0.6875,0.8,10,2,0,0,65,66,15,14,0.12354312354312355,0.0,0.11250000000000004,8,False,low_support,unstable,unstable_across_hardware,aggregate_only,1475,1241
passage_retrieval_zh,5,6,0.0759493670886076,0.13580246913580246,0.0,0.0,0.7604166666666666,0.7291666666666666,6,11,0,0,79,81,17,15,0.059853102047194864,0.0,0.03125,5,False,low_support,unstable,unstable_across_hardware,aggregate_only,1382,1242
hotpotqa,18,0,0.14102564102564102,0.06172839506172839,0.0,0.0,0.6979166666666666,0.7916666666666666,11,5,0,0,78,81,18,15,0.07929724596391263,0.0,0.09375,6,False,low_support,unstable,unstable_across_hardware,aggregate_only,1412,1243
hotpotqa,24,3,0.0625,0.13924050632911392,0.0,0.0,0.78125,0.7083333333333334,5,11,0,0,80,79,16,17,0.07674050632911392,0.0,0.07291666666666663,6,False,low_support,unstable,unstable_across_hardware,aggregate_only,1405,1244
gsm8k,28,3,0.13432835820895522,0.07462686567164178,0.0,0.0,0.725,0.775,9,5,0,0,67,67,13,13,0.05970149253731344,0.0,0.050000000000000044,4,False,low_support,unstable,unstable_across_hardware,aggregate_only,1386,1245
dureader,25,6,0.07228915662650602,0.1625,0.0,0.0,0.8020833333333334,0.6979166666666666,6,13,0,0,83,80,13,16,0.09021084337349398,0.0,0.10416666666666674,7,False,low_support,unstable,unstable_across_hardware,aggregate_only,1393,1246
hotpotqa,29,7,0.12658227848101267,0.0625,0.0,0.0,0.71875,0.78125,10,5,0,0,79,80,17,16,0.06408227848101267,0.0,0.0625,5,False,low_support,unstable,unstable_across_hardware,aggregate_only,1407,1247
passage_retrieval_zh,19,4,0.05063291139240506,0.1038961038961039,0.0,0.0,0.78125,0.71875,4,8,0,0,79,77,17,19,0.05326319250369884,0.0,0.0625,4,False,low_support,unstable,unstable_across_hardware,aggregate_only,1436,1248
passage_retrieval_en,1,6,0.125,0.0625,0.0,0.0,0.7291666666666666,0.78125,10,5,0,0,80,80,16,16,0.0625,0.0,0.05208333333333337,5,False,low_support,unstable,unstable_across_hardware,aggregate_only,1408,1249
gsm8k,3,2,0.046153846153846156,0.1323529411764706,0.0,0.0,0.775,0.7375,3,9,0,0,65,68,15,12,0.08619909502262443,0.0,0.03749999999999998,6,False,low_support,unstable,unstable_across_hardware,aggregate_only,1451,1250
samsum,8,2,0.1566265060240964,0.10588235294117647,0.0,0.0,0.7291666666666666,0.7916666666666666,13,9,0,0,83,85,13,11,0.05074415308291992,0.0,0.0625,4,False,low_support,unstable,unstable_across_hardware,aggregate_only,1323,1251
dureader,13,7,0.07317073170731707,0.13580246913580246,0.0,0.0,0.7916666666666666,0.7291666666666666,6,11,0,0,82,81,14,15,0.06263173742848539,0.0,0.0625,5,False,low_support,unstable,unstable_across_hardware,aggregate_only,1389,1252
hotpotqa,11,6,0.10126582278481013,0.05063291139240506,0.0,0.0,0.7395833333333334,0.78125,8,4,0,0,79,79,17,17,0.05063291139240506,0.0,0.04166666666666663,4,False,low_support,unstable,unstable_across_hardware,aggregate_only,1434,1253
dureader,16,4,0.16049382716049382,0.04878048780487805,0.0,0.0,0.7083333333333334,0.8125,13,4,0,0,81,82,15,14,0.11171333935561577,0.0,0.10416666666666663,9,False,low_support,unstable,unstable_across_hardware,aggregate_only,1445,1254
dureader,2,1,0.0375,0.12658227848101267,0.0,0.0,0.8020833333333334,0.71875,3,10,0,0,80,79,16,17,0.08908227848101266,0.0,0.08333333333333337,7,False,low_support,unstable,unstable_across_hardware,aggregate_only,1464,1255
gsm8k,6,1,0.11764705882352941,0.06060606060606061,0.0,0.0,0.75,0.775,8,4,0,0,68,66,12,14,0.0570409982174688,0.0,0.025000000000000022,4,False,low_support,unstable,unstable_across_hardware,aggregate_only,1416,1256
gsm8k,29,5,0.04411764705882353,0.16176470588235295,0.0,0.0,0.8125,0.7125,3,11,0,0,68,68,12,12,0.11764705882352941,0.0,0.09999999999999998,8,False,low_support,unstable,unstable_across_hardware,aggregate_only,1458,1257
passage_retrieval_zh,8,2,0.0975609756097561,0.16091954022988506,0.0,0.0,0.7708333333333334,0.7604166666666666,8,14,0,0,82,87,14,9,0.06335856462012895,0.0,0.01041666666666674,6,False,low_support,unstable,unstable_across_hardware,aggregate_only,1340,1258
hotpotqa,22,1,0.07317073170731707,0.12345679012345678,0.0,0.0,0.7916666666666666,0.7395833333333334,6,10,0,0,82,81,14,15,0.050286058416139714,0.0,0.05208333333333326,4,False,low_support,unstable,unstable_across_hardware,aggregate_only,1390,1259
passage_retrieval_zh,14,5,0.02531645569620253,0.125,0.0,0.0,0.8020833333333334,0.7291666666666666,2,10,0,0,79,80,17,16,0.09968354430379747,0.0,0.07291666666666674,8,False,low_support,unstable,unstable_across_hardware,aggregate_only,1482,1260
passage_retrieval_zh,25,6,0.04878048780487805,0.11392405063291139,0.0,0.0,0.8125,0.7291666666666666,4,9,0,0,82,79,14,17,0.06514356282803334,0.0,0.08333333333333337,5,False,low_support,unstable,unstable_across_hardware,aggregate_only,1446,1261
passage_retrieval_zh,5,0,0.024691358024691357,0.11538461538461539,0.0,0.0,0.8229166666666666,0.71875,2,9,0,0,81,78,15,18,0.09069325735992403,0.0,0.10416666666666663,7,False,low_support,unstable,unstable_across_hardware,aggregate_only,1489,1262
samsum,10,2,0.05128205128205128,0.10843373493975904,0.0,0.0,0.7708333333333334,0.7708333333333334,4,9,0,0,78,83,18,13,0.05715168365770776,0.0,0.0,5,False,low_support,unstable,unstable_across_hardware,aggregate_only,1432,1263
passage_retrieval_zh,25,2,0.12345679012345678,0.060240963855421686,0.0,0.0,0.7395833333333334,0.8125,10,5,0,0,81,83,15,13,0.0632158262680351,0.0,0.07291666666666663,5,False,low_support,unstable,unstable_across_hardware,aggregate_only,1419,1264
samsum,13,7,0.060240963855421686,0.1125,0.0,0.0,0.8125,0.7395833333333334,5,9,0,0,83,80,13,16,0.052259036144578316,0.0,0.07291666666666663,4,False,low_support,unstable,unstable_across_hardware,aggregate_only,1420,1265
hotpotqa,20,2,0.1111111111111111,0.04819277108433735,0.0,0.0,0.75,0.8229166666666666,9,4,0,0,81,83,15,13,0.06291834002677375,0.0,0.07291666666666663,5,False,low_support,unstable,unstable_across_hardware,aggregate_only,1449,1266
hotpotqa,17,1,0.025,0.0759493670886076,0.0,0.0,0.8125,0.7604166666666666,2,6,0,0,80,79,16,17,0.050949367088607596,0.0,0.05208333333333337,4,False,low_support,unstable,unstable_across_hardware,aggregate_only,1485,1267
gsm8k,27,2,0.029850746268656716,0.08955223880597014,0.0,0.0,0.8125,0.7625,2,6,0,0,67,67,13,13,0.059701492537313425,0.0,0.050000000000000044,4,False,low_support,unstable,unstable_across_hardware,aggregate_only,1476,1268
dureader,4,6,0.06493506493506493,0.0,0.0,0.0,0.75,0.84375,5,0,0,0,77,81,19,15,0.06493506493506493,0.0,0.09375,5,False,low_support,unstable,unstable_across_hardware,aggregate_only,1520,1269
gsm8k,23,1,0.029411764705882353,0.08823529411764706,0.0,0.0,0.825,0.775,2,6,0,0,68,68,12,12,0.05882352941176471,0.0,0.04999999999999993,4,False,low_support,unstable,unstable_across_hardware,aggregate_only,1478,1270
gsm8k,20,2,0.11764705882352941,0.014492753623188406,0.0,0.0,0.75,0.85,8,1,0,0,68,69,12,11,0.10315430520034101,0.0,0.09999999999999998,7,False,low_support,unstable,unstable_across_hardware,aggregate_only,1506,1271
dureader,16,7,0.03614457831325301,0.0975609756097561,0.0,0.0,0.8333333333333334,0.7708333333333334,3,8,0,0,83,82,13,14,0.06141639729650309,0.0,0.0625,5,False,low_support,unstable,unstable_across_hardware,aggregate_only,1470,1272
gsm8k,8,6,0.014925373134328358,0.07352941176470588,0.0,0.0,0.825,0.7875,1,5,0,0,67,68,13,12,0.058604038630377525,0.0,0.03749999999999998,4,False,low_support,unstable,unstable_across_hardware,aggregate_only,1501,1273
gsm8k,9,3,0.08695652173913043,0.014925373134328358,0.0,0.0,0.7875,0.825,6,1,0,0,69,67,11,13,0.07203114860480207,0.0,0.03749999999999998,5,False,low_support,unstable,unstable_across_hardware,aggregate_only,1500,1274
hotpotqa,8,0,0.0875,0.023809523809523808,0.0,0.0,0.7604166666666666,0.8541666666666666,7,2,0,0,80,84,16,12,0.06369047619047619,0.0,0.09375,5,False,low_support,unstable,unstable_across_hardware,aggregate_only,1496,1275
gsm8k,19,1,0.07352941176470588,0.014705882352941176,0.0,0.0,0.7875,0.8375,5,1,0,0,68,68,12,12,0.058823529411764705,0.0,0.050000000000000044,4,False,low_support,unstable,unstable_across_hardware,aggregate_only,1503,1276
gsm8k,1,2,0.07462686567164178,0.014492753623188406,0.0,0.0,0.775,0.85,5,1,0,0,67,69,13,11,0.06013411204845338,0.0,0.07499999999999996,4,False,low_support,unstable,unstable_across_hardware,aggregate_only,1508,1277
gsm8k,28,6,0.10144927536231885,0.014492753623188406,0.0,0.0,0.775,0.85,7,1,0,0,69,69,11,11,0.08695652173913045,0.0,0.07499999999999996,6,False,low_support,unstable,unstable_across_hardware,aggregate_only,1507,1278
gsm8k,19,0,0.0,0.07352941176470588,0.0,0.0,0.8375,0.7875,0,5,0,0,67,68,13,12,0.07352941176470588,0.0,0.050000000000000044,5,False,low_support,unstable,unstable_across_hardware,aggregate_only,1521,1279
gsm8k,6,7,0.0,0.05970149253731343,0.0,0.0,0.8375,0.7875,0,4,0,0,67,67,13,13,0.05970149253731343,0.0,0.050000000000000044,4,False,low_support,unstable,unstable_across_hardware,aggregate_only,1524,1280
passage_retrieval_zh,4,6,0.012195121951219513,0.07317073170731707,0.0,0.0,0.84375,0.7916666666666666,1,6,0,0,82,82,14,14,0.06097560975609756,0.0,0.05208333333333337,5,False,low_support,unstable,unstable_across_hardware,aggregate_only,1515,1281
gsm8k,6,2,0.0547945205479452,0.1267605633802817,0.0,0.0,0.8625,0.775,4,9,0,0,73,71,7,9,0.07196604283233649,0.0,0.08750000000000002,5,False,low_support,unstable,unstable_across_hardware,aggregate_only,1426,1282
gsm8k,24,3,0.014705882352941176,0.07246376811594203,0.0,0.0,0.8375,0.8,1,5,0,0,68,69,12,11,0.05775788576300085,0.0,0.03749999999999998,4,False,low_support,unstable,unstable_across_hardware,aggregate_only,1504,1283
dureader,13,0,0.1,0.15384615384615385,0.0,0.0,0.84375,0.8020833333333334,9,14,0,0,90,91,6,5,0.05384615384615385,0.0,0.04166666666666663,5,False,low_support,unstable,unstable_across_hardware,aggregate_only,1332,1284
passage_retrieval_en,7,0,0.0,0.06097560975609756,0.0,0.0,0.8541666666666666,0.8020833333333334,0,5,0,0,82,82,14,14,0.06097560975609756,0.0,0.05208333333333326,5,False,low_support,unstable,unstable_across_hardware,aggregate_only,1522,1285
samsum,30,4,0.060240963855421686,0.0,0.0,0.0,0.8125,0.84375,5,0,0,0,83,81,13,15,0.060240963855421686,0.0,0.03125,5,False,low_support,unstable,unstable_across_hardware,aggregate_only,1523,1286
gsm8k,0,6,0.05194805194805195,0.10666666666666667,0.0,0.0,0.9125,0.8375,4,8,0,0,77,75,3,5,0.05471861471861472,0.0,0.07499999999999996,4,False,low_support,unstable,unstable_across_hardware,aggregate_only,1429,1287
passage_retrieval_en,3,7,0.2,0.07246376811594203,0.0,0.037037037037037035,0.625,0.6770833333333334,15,5,0,1,75,69,21,27,0.127536231884058,0.037037037037037035,0.05208333333333337,10,False,low_support,unstable,unstable_across_hardware,aggregate_only,1392,1288
hotpotqa,4,5,0.23376623376623376,0.15714285714285714,0.0,0.038461538461538464,0.6145833333333334,0.625,18,11,0,1,77,70,19,26,0.07662337662337662,0.038461538461538464,0.01041666666666663,7,False,low_support,unstable,unstable_across_hardware,aggregate_only,1239,1289
hotpotqa,30,5,0.11267605633802817,0.17567567567567569,0.04,0.0,0.6666666666666666,0.6354166666666666,8,13,1,0,71,74,25,22,0.06299961933764751,0.04,0.03125,5,False,low_support,unstable,unstable_across_hardware,aggregate_only,1312,1290
passage_retrieval_en,27,4,0.08450704225352113,0.17333333333333334,0.04,0.0,0.6875,0.6458333333333334,6,13,1,0,71,75,25,21,0.08882629107981221,0.04,0.04166666666666663,7,False,low_support,unstable,unstable_across_hardware,aggregate_only,1360,1291
samsum,22,6,0.23076923076923078,0.18055555555555555,0.0,0.041666666666666664,0.5208333333333334,0.625,15,13,0,1,65,72,31,24,0.05021367521367523,0.041666666666666664,0.10416666666666663,2,False,low_support,unstable,unstable_across_hardware,aggregate_only,1206,1292
hotpotqa,31,5,0.16666666666666666,0.2857142857142857,0.041666666666666664,0.0,0.6354166666666666,0.5729166666666666,12,22,1,0,72,77,24,19,0.11904761904761904,0.041666666666666664,0.0625,10,False,low_support,unstable,unstable_across_hardware,aggregate_only,1222,1293
hotpotqa,10,1,0.1780821917808219,0.273972602739726,0.043478260869565216,0.0,0.6354166666666666,0.5520833333333334,13,20,1,0,73,73,23,23,0.0958904109589041,0.043478260869565216,0.08333333333333326,7,False,low_support,unstable,unstable_across_hardware,aggregate_only,1209,1294
passage_retrieval_en,10,1,0.2876712328767123,0.14473684210526316,0.043478260869565216,0.0,0.5520833333333334,0.6770833333333334,21,11,1,0,73,76,23,20,0.14293439077144915,0.043478260869565216,0.125,10,False,low_support,unstable,unstable_across_hardware,aggregate_only,1256,1295
gsm8k,23,5,0.203125,0.13793103448275862,0.0,0.045454545454545456,0.6375,0.6375,13,8,0,1,64,58,16,22,0.06519396551724138,0.045454545454545456,0.0,5,False,low_support,unstable,unstable_across_hardware,aggregate_only,1274,1296
passage_retrieval_zh,20,5,0.2,0.14864864864864866,0.0,0.045454545454545456,0.6666666666666666,0.6666666666666666,16,11,0,1,80,74,16,22,0.051351351351351354,0.045454545454545456,0.0,5,False,low_support,unstable,unstable_across_hardware,aggregate_only,1254,1297
passage_retrieval_en,16,4,0.0945945945945946,0.1643835616438356,0.045454545454545456,0.0,0.7083333333333334,0.6354166666666666,7,12,1,0,74,73,22,23,0.06978896704924101,0.045454545454545456,0.07291666666666674,5,False,low_support,unstable,unstable_across_hardware,aggregate_only,1343,1298
samsum,28,5,0.29333333333333333,0.18309859154929578,0.047619047619047616,0.0,0.5625,0.6041666666666666,22,13,1,0,75,71,21,25,0.11023474178403755,0.047619047619047616,0.04166666666666663,9,False,low_support,unstable,unstable_across_hardware,aggregate_only,1202,1299
dureader,5,5,0.273972602739726,0.16,0.0,0.047619047619047616,0.5520833333333334,0.6666666666666666,20,12,0,1,73,75,23,21,0.11397260273972601,0.047619047619047616,0.11458333333333326,8,False,low_support,unstable,unstable_across_hardware,aggregate_only,1231,1300
samsum,31,7,0.26666666666666666,0.19480519480519481,0.047619047619047616,0.0,0.5833333333333334,0.6458333333333334,20,15,1,0,75,77,21,19,0.07186147186147185,0.047619047619047616,0.0625,5,False,low_support,unstable,unstable_across_hardware,aggregate_only,1181,1301
dureader,15,0,0.16666666666666666,0.10666666666666667,0.0,0.047619047619047616,0.6770833333333334,0.7083333333333334,13,8,0,1,78,75,18,21,0.059999999999999984,0.047619047619047616,0.03125,5,False,low_support,unstable,unstable_across_hardware,aggregate_only,1321,1302
hotpotqa,22,3,0.19444444444444445,0.14084507042253522,0.041666666666666664,0.04,0.6145833333333334,0.6458333333333334,14,10,1,1,72,71,24,25,0.05359937402190923,0.0016666666666666635,0.03125,4,False,low_support,unstable,unstable_across_hardware,aggregate_only,1267,1303
passage_retrieval_zh,6,5,0.15714285714285714,0.21333333333333335,0.038461538461538464,0.047619047619047616,0.625,0.625,11,16,1,1,70,75,26,21,0.05619047619047621,0.009157509157509153,0.0,5,False,low_support,unstable,unstable_across_hardware,aggregate_only,1240,1304
passage_retrieval_zh,3,2,0.2631578947368421,0.3125,0.05,0.0,0.59375,0.5729166666666666,20,25,1,0,76,80,20,16,0.04934210526315791,0.05,0.02083333333333337,5,False,low_support,unstable,high_fp_risk,aggregate_only,1157,1305
hotpotqa,17,6,0.29333333333333333,0.18421052631578946,0.0,0.05,0.5520833333333334,0.65625,22,14,0,1,75,76,21,20,0.10912280701754387,0.05,0.10416666666666663,8,False,low_support,unstable,high_fp_risk,aggregate_only,1196,1306
passage_retrieval_zh,16,5,0.21052631578947367,0.21333333333333335,0.05,0.0,0.6354166666666666,0.6145833333333334,16,16,1,0,76,75,20,21,0.0028070175438596745,0.05,0.02083333333333326,0,False,low_support,unstable,high_fp_risk,aggregate_only,1176,1307
dureader,22,6,0.18421052631578946,0.22972972972972974,0.05,0.0,0.65625,0.59375,14,17,1,0,76,74,20,22,0.04551920341394028,0.05,0.0625,3,False,low_support,unstable,high_fp_risk,aggregate_only,1198,1308
hotpotqa,18,1,0.17721518987341772,0.15789473684210525,0.0,0.05,0.6770833333333334,0.6770833333333334,14,12,0,1,79,76,17,20,0.019320453031312468,0.05,0.0,2,False,low_support,unstable,high_fp_risk,aggregate_only,1238,1309
passage_retrieval_en,9,5,0.10526315789473684,0.18181818181818182,0.05,0.0,0.71875,0.65625,8,14,1,0,76,77,20,19,0.07655502392344499,0.05,0.0625,6,False,low_support,unstable,high_fp_risk,aggregate_only,1324,1310
passage_retrieval_en,17,2,0.08860759493670886,0.15789473684210525,0.0,0.05,0.75,0.6770833333333334,7,12,0,1,79,76,17,20,0.0692871419053964,0.05,0.07291666666666663,5,False,low_support,unstable,high_fp_risk,aggregate_only,1354,1311
samsum,3,7,0.13157894736842105,0.12345679012345678,0.05,0.0,0.6979166666666666,0.7395833333333334,10,10,1,0,76,81,20,15,0.008122157244964262,0.05,0.04166666666666674,0,False,low_support,unstable,high_fp_risk,aggregate_only,1292,1312
passage_retrieval_zh,31,4,0.039473684210526314,0.06493506493506493,0.05,0.0,0.7708333333333334,0.75,3,5,1,0,76,77,20,19,0.025461380724538615,0.05,0.02083333333333337,2,False,low_support,unstable,high_fp_risk,aggregate_only,1460,1313
dureader,28,1,0.09210526315789473,0.037037037037037035,0.05,0.0,0.7291666666666666,0.8125,7,3,1,0,76,81,20,15,0.0550682261208577,0.05,0.08333333333333337,4,False,low_support,unstable,high_fp_risk,aggregate_only,1466,1314
passage_retrieval_zh,31,7,0.2727272727272727,0.2876712328767123,0.05263157894736842,0.0,0.59375,0.5416666666666666,21,21,1,0,77,73,19,23,0.014943960149439606,0.05263157894736842,0.05208333333333337,0,False,low_support,unstable,high_fp_risk,aggregate_only,1154,1315
dureader,9,5,0.33766233766233766,0.23376623376623376,0.0,0.05263157894736842,0.53125,0.625,26,18,0,1,77,77,19,19,0.1038961038961039,0.05263157894736842,0.09375,8,False,low_support,unstable,high_fp_risk,aggregate_only,1168,1316
hotpotqa,17,4,0.2597402597402597,0.15789473684210525,0.05263157894736842,0.0,0.6041666666666666,0.6666666666666666,20,12,1,0,77,76,19,20,0.10184552289815446,0.05263157894736842,0.0625,8,False,low_support,unstable,high_fp_risk,aggregate_only,1234,1317
passage_retrieval_en,29,5,0.18181818181818182,0.2236842105263158,0.05263157894736842,0.0,0.6666666666666666,0.6145833333333334,14,17,1,0,77,76,19,20,0.04186602870813397,0.05263157894736842,0.05208333333333326,3,False,low_support,unstable,high_fp_risk,aggregate_only,1204,1318
hotpotqa,0,2,0.22077922077922077,0.2125,0.05263157894736842,0.0,0.6354166666666666,0.65625,17,17,1,0,77,80,19,16,0.008279220779220775,0.05263157894736842,0.02083333333333337,0,False,low_support,unstable,high_fp_risk,aggregate_only,1175,1319
passage_retrieval_en,26,4,0.18181818181818182,0.1794871794871795,0.05263157894736842,0.0,0.6666666666666666,0.6666666666666666,14,14,1,0,77,78,19,18,0.0023310023310023353,0.05263157894736842,0.0,0,False,low_support,unstable,high_fp_risk,aggregate_only,1207,1320
passage_retrieval_en,15,0,0.21794871794871795,0.14285714285714285,0.0,0.05263157894736842,0.6354166666666666,0.6979166666666666,17,11,0,1,78,77,18,19,0.0750915750915751,0.05263157894736842,0.0625,6,False,low_support,unstable,high_fp_risk,aggregate_only,1260,1321
passage_retrieval_zh,20,1,0.15584415584415584,0.18181818181818182,0.0,0.05263157894736842,0.6770833333333334,0.6666666666666666,12,14,0,1,77,77,19,19,0.025974025974025983,0.05263157894736842,0.01041666666666674,2,False,low_support,unstable,high_fp_risk,aggregate_only,1243,1322
hotpotqa,22,5,0.12987012987012986,0.06944444444444445,0.05263157894736842,0.0,0.7083333333333334,0.6979166666666666,10,5,1,0,77,72,19,24,0.06042568542568541,0.05263157894736842,0.01041666666666674,5,False,low_support,unstable,high_fp_risk,aggregate_only,1395,1323
hotpotqa,13,6,0.07792207792207792,0.09090909090909091,0.05263157894736842,0.0,0.75,0.7291666666666666,6,7,1,0,77,77,19,19,0.012987012987012991,0.05263157894736842,0.02083333333333337,1,False,low_support,unstable,high_fp_risk,aggregate_only,1371,1324
dureader,28,2,0.12987012987012986,0.11904761904761904,0.05263157894736842,0.0,0.7083333333333334,0.7708333333333334,10,10,1,0,77,84,19,12,0.010822510822510817,0.05263157894736842,0.0625,0,False,low_support,unstable,high_fp_risk,aggregate_only,1300,1325
samsum,5,0,0.09090909090909091,0.12195121951219512,0.05263157894736842,0.0,0.7395833333333334,0.75,7,10,1,0,77,82,19,14,0.031042128603104208,0.05263157894736842,0.01041666666666663,3,False,low_support,unstable,high_fp_risk,aggregate_only,1349,1326
samsum,14,5,0.12345679012345678,0.06493506493506493,0.0,0.05263157894736842,0.7395833333333334,0.7604166666666666,10,5,0,1,81,77,15,19,0.058521725188391854,0.05263157894736842,0.02083333333333326,5,False,low_support,unstable,high_fp_risk,aggregate_only,1398,1327
passage_retrieval_en,18,3,0.05194805194805195,0.05333333333333334,0.05263157894736842,0.0,0.7708333333333334,0.7395833333333334,4,4,1,0,77,75,19,21,0.0013852813852813853,0.05263157894736842,0.03125,0,False,low_support,unstable,high_fp_risk,aggregate_only,1430,1328
gsm8k,25,1,0.3387096774193548,0.2786885245901639,0.05555555555555555,0.0,0.525,0.55,21,17,1,0,62,61,18,19,0.060021152829190905,0.05555555555555555,0.025000000000000022,4,False,low_support,unstable,high_fp_risk,aggregate_only,1152,1329
dureader,20,7,0.2716049382716049,0.24358974358974358,0.0,0.05555555555555555,0.6145833333333334,0.625,22,19,0,1,81,78,15,18,0.02801519468186134,0.05555555555555555,0.01041666666666663,3,False,low_support,unstable,high_fp_risk,aggregate_only,1163,1330
passage_retrieval_en,12,0,0.21794871794871795,0.21518987341772153,0.05555555555555555,0.0,0.6458333333333334,0.6458333333333334,17,17,1,0,78,79,18,17,0.002758844530996424,0.05555555555555555,0.0,0,False,low_support,unstable,high_fp_risk,aggregate_only,1174,1331
hotpotqa,9,6,0.15584415584415584,0.19230769230769232,0.0,0.05555555555555555,0.6770833333333334,0.6666666666666666,12,15,0,1,77,78,19,18,0.03646353646353648,0.05555555555555555,0.01041666666666674,3,False,low_support,unstable,high_fp_risk,aggregate_only,1242,1332
passage_retrieval_zh,10,6,0.19230769230769232,0.1282051282051282,0.0,0.05555555555555555,0.65625,0.71875,15,10,0,1,78,78,18,18,0.06410256410256412,0.05555555555555555,0.0625,5,False,low_support,unstable,high_fp_risk,aggregate_only,1286,1333
dureader,10,6,0.136986301369863,0.11538461538461539,0.0,0.05555555555555555,0.65625,0.7291666666666666,10,9,0,1,73,78,23,18,0.021601685985247615,0.05555555555555555,0.07291666666666663,1,False,low_support,unstable,high_fp_risk,aggregate_only,1307,1334
passage_retrieval_zh,19,0,0.19753086419753085,0.10256410256410256,0.0,0.05555555555555555,0.6770833333333334,0.7395833333333334,16,8,0,1,81,78,15,18,0.09496676163342829,0.05555555555555555,0.0625,8,False,low_support,unstable,high_fp_risk,aggregate_only,1328,1335
hotpotqa,10,6,0.08860759493670886,0.07692307692307693,0.0,0.05555555555555555,0.75,0.7604166666666666,7,6,0,1,79,78,17,18,0.011684518013631934,0.05555555555555555,0.01041666666666663,1,False,low_support,unstable,high_fp_risk,aggregate_only,1380,1336
hotpotqa,26,2,0.1125,0.05128205128205128,0.0,0.05555555555555555,0.7395833333333334,0.78125,9,4,0,1,80,78,16,18,0.06121794871794872,0.05555555555555555,0.04166666666666663,5,False,low_support,unstable,high_fp_risk,aggregate_only,1431,1337
hotpotqa,18,3,0.0375,0.05128205128205128,0.0,0.05555555555555555,0.8020833333333334,0.78125,3,4,0,1,80,78,16,18,0.013782051282051282,0.05555555555555555,0.02083333333333337,1,False,low_support,unstable,high_fp_risk,aggregate_only,1465,1338
passage_retrieval_zh,9,7,0.2857142857142857,0.3924050632911392,0.0,0.058823529411764705,0.5729166666666666,0.5104166666666666,22,31,0,1,77,79,19,17,0.10669077757685352,0.058823529411764705,0.0625,9,False,low_support,unstable,high_fp_risk,aggregate_only,1148,1339
passage_retrieval_en,12,6,0.3291139240506329,0.30120481927710846,0.058823529411764705,0.0,0.5625,0.6041666666666666,26,25,1,0,79,83,17,13,0.02790910477352443,0.058823529411764705,0.04166666666666663,1,False,low_support,unstable,high_fp_risk,aggregate_only,1141,1340
passage_retrieval_en,0,2,0.2962962962962963,0.2911392405063291,0.0,0.058823529411764705,0.59375,0.59375,24,23,0,1,81,79,15,17,0.005157055789967169,0.058823529411764705,0.0,1,False,low_support,unstable,high_fp_risk,aggregate_only,1146,1341
hotpotqa,12,0,0.2564102564102564,0.22784810126582278,0.0,0.058823529411764705,0.6041666666666666,0.6458333333333334,20,18,0,1,78,79,18,17,0.02856215514443361,0.058823529411764705,0.04166666666666674,2,False,low_support,unstable,high_fp_risk,aggregate_only,1170,1342
gsm8k,23,3,0.16923076923076924,0.14285714285714285,0.0,0.058823529411764705,0.675,0.6875,11,9,0,1,65,63,15,17,0.02637362637362639,0.058823529411764705,0.012499999999999956,2,False,low_support,unstable,high_fp_risk,aggregate_only,1262,1343
passage_retrieval_en,25,2,0.08333333333333333,0.189873417721519,0.0,0.058823529411764705,0.6875,0.6770833333333334,6,15,0,1,72,79,24,17,0.10654008438818567,0.058823529411764705,0.01041666666666663,9,False,low_support,unstable,high_fp_risk,aggregate_only,1361,1344
passage_retrieval_en,18,1,0.16666666666666666,0.1518987341772152,0.0,0.058823529411764705,0.6770833333333334,0.7083333333333334,13,12,0,1,78,79,18,17,0.014767932489451463,0.058823529411764705,0.03125,1,False,low_support,unstable,high_fp_risk,aggregate_only,1250,1345
hotpotqa,11,1,0.1375,0.10126582278481013,0.0,0.058823529411764705,0.71875,0.75,11,8,0,1,80,79,16,17,0.036234177215189886,0.058823529411764705,0.03125,3,False,low_support,unstable,high_fp_risk,aggregate_only,1330,1346
gsm8k,16,2,0.09523809523809523,0.09090909090909091,0.058823529411764705,0.0,0.725,0.75,6,6,1,0,63,66,17,14,0.004329004329004321,0.058823529411764705,0.025000000000000022,0,False,low_support,unstable,high_fp_risk,aggregate_only,1351,1347
passage_retrieval_en,4,4,0.1125,0.11392405063291139,0.0,0.058823529411764705,0.7395833333333334,0.7395833333333334,9,9,0,1,80,79,16,17,0.0014240506329113861,0.058823529411764705,0.0,0,False,low_support,unstable,high_fp_risk,aggregate_only,1316,1348
passage_retrieval_en,5,0,0.10666666666666667,0.05063291139240506,0.0,0.058823529411764705,0.6979166666666666,0.7916666666666666,8,4,0,1,75,79,21,17,0.05603375527426161,0.058823529411764705,0.09375,4,False,low_support,unstable,high_fp_risk,aggregate_only,1435,1349
passage_retrieval_zh,11,0,0.10126582278481013,0.0875,0.058823529411764705,0.0,0.75,0.7604166666666666,8,7,1,0,79,80,17,16,0.01376582278481013,0.058823529411764705,0.01041666666666663,1,False,low_support,unstable,high_fp_risk,aggregate_only,1358,1350
passage_retrieval_zh,10,2,0.0759493670886076,0.12345679012345678,0.058823529411764705,0.0,0.7708333333333334,0.7395833333333334,6,10,1,0,79,81,17,15,0.047507423034849186,0.058823529411764705,0.03125,4,False,low_support,unstable,high_fp_risk,aggregate_only,1383,1351
samsum,31,0,0.0625,0.11392405063291139,0.0,0.058823529411764705,0.78125,0.7395833333333334,5,9,0,1,80,79,16,17,0.05142405063291139,0.058823529411764705,0.04166666666666663,4,False,low_support,unstable,high_fp_risk,aggregate_only,1410,1352
passage_retrieval_zh,10,3,0.08641975308641975,0.05063291139240506,0.0,0.058823529411764705,0.7708333333333334,0.7916666666666666,7,4,0,1,81,79,15,17,0.035786841694014686,0.058823529411764705,0.02083333333333326,3,False,low_support,unstable,high_fp_risk,aggregate_only,1438,1353
passage_retrieval_zh,28,1,0.11392405063291139,0.04819277108433735,0.058823529411764705,0.0,0.7395833333333334,0.8229166666666666,9,4,1,0,79,83,17,13,0.06573127954857404,0.058823529411764705,0.08333333333333326,5,False,low_support,unstable,high_fp_risk,aggregate_only,1450,1354
passage_retrieval_en,6,4,0.07317073170731707,0.06329113924050633,0.0,0.058823529411764705,0.7916666666666666,0.78125,6,5,0,1,82,79,14,17,0.009879592466810735,0.058823529411764705,0.01041666666666663,1,False,low_support,unstable,high_fp_risk,aggregate_only,1404,1355
passage_retrieval_en,15,7,0.06172839506172839,0.02531645569620253,0.0,0.058823529411764705,0.7916666666666666,0.8125,5,2,0,1,81,79,15,17,0.036411939365525864,0.058823529411764705,0.02083333333333337,3,False,low_support,unstable,high_fp_risk,aggregate_only,1484,1356
passage_retrieval_en,14,4,0.02531645569620253,0.06097560975609756,0.058823529411764705,0.0,0.8125,0.8020833333333334,2,5,1,0,79,82,17,14,0.03565915405989503,0.058823529411764705,0.01041666666666663,3,False,low_support,unstable,high_fp_risk,aggregate_only,1483,1357
hotpotqa,10,2,0.1375,0.14666666666666667,0.0625,0.0,0.7291666666666666,0.6666666666666666,11,11,1,0,80,75,16,21,0.009166666666666656,0.0625,0.0625,0,False,low_support,unstable,high_fp_risk,aggregate_only,1276,1358
dureader,17,0,0.12987012987012986,0.1375,0.0,0.0625,0.6979166666666666,0.7291666666666666,10,11,0,1,77,80,19,16,0.007629870129870153,0.0625,0.03125,1,False,low_support,unstable,high_fp_risk,aggregate_only,1284,1359
samsum,1,6,0.16455696202531644,0.125,0.0,0.0625,0.6875,0.7395833333333334,13,10,0,1,79,80,17,16,0.039556962025316444,0.0625,0.05208333333333337,3,False,low_support,unstable,high_fp_risk,aggregate_only,1291,1360
passage_retrieval_en,13,6,0.18292682926829268,0.1125,0.0,0.0625,0.6979166666666666,0.75,15,9,0,1,82,80,14,16,0.07042682926829268,0.0625,0.05208333333333337,6,False,low_support,unstable,high_fp_risk,aggregate_only,1314,1361
samsum,3,2,0.0625,0.14285714285714285,0.0625,0.0,0.7916666666666666,0.6875,5,11,1,0,80,77,16,19,0.08035714285714285,0.0625,0.10416666666666663,6,False,low_support,unstable,high_fp_risk,aggregate_only,1406,1362
samsum,17,3,0.0625,0.07317073170731707,0.0625,0.0,0.7916666666666666,0.7916666666666666,5,6,1,0,80,82,16,14,0.010670731707317069,0.0625,0.0,1,False,low_support,unstable,high_fp_risk,aggregate_only,1411,1363
dureader,10,0,0.08433734939759036,0.05,0.0,0.0625,0.7916666666666666,0.8020833333333334,7,4,0,1,83,80,13,16,0.03433734939759035,0.0625,0.01041666666666674,3,False,low_support,unstable,high_fp_risk,aggregate_only,1441,1364
dureader,8,3,0.038461538461538464,0.025,0.0,0.0625,0.78125,0.8229166666666666,3,2,0,1,78,80,18,16,0.013461538461538462,0.0625,0.04166666666666663,1,False,low_support,unstable,high_fp_risk,aggregate_only,1488,1365
gsm8k,25,0,0.046875,0.0,0.0625,0.0,0.775,0.8375,3,0,1,0,64,67,16,13,0.046875,0.0625,0.0625,3,False,low_support,unstable,high_fp_risk,aggregate_only,1525,1366
passage_retrieval_zh,16,1,0.0125,0.036585365853658534,0.0625,0.0,0.8333333333333334,0.8229166666666666,1,3,1,0,80,82,16,14,0.024085365853658534,0.0625,0.01041666666666674,2,False,low_support,unstable,high_fp_risk,aggregate_only,1509,1367
samsum,10,0,0.0,0.0375,0.0,0.0625,0.8541666666666666,0.8125,0,3,0,1,82,80,14,16,0.0375,0.0625,0.04166666666666663,3,False,low_support,unstable,high_fp_risk,aggregate_only,1526,1368
samsum,10,5,0.16455696202531644,0.18518518518518517,0.0,0.06666666666666667,0.6875,0.6979166666666666,13,15,0,1,79,81,17,15,0.02062822315986873,0.06666666666666667,0.01041666666666663,2,False,low_support,unstable,high_fp_risk,aggregate_only,1226,1369
samsum,22,5,0.14814814814814814,0.11392405063291139,0.06666666666666667,0.0,0.7291666666666666,0.7291666666666666,12,9,1,0,81,79,15,17,0.03422409751523675,0.06666666666666667,0.0,3,False,low_support,unstable,high_fp_risk,aggregate_only,1310,1370
gsm8k,3,3,0.1323529411764706,0.09230769230769231,0.0,0.06666666666666667,0.7375,0.75,9,6,0,1,68,65,12,15,0.04004524886877828,0.06666666666666667,0.012499999999999956,3,False,low_support,unstable,high_fp_risk,aggregate_only,1347,1371
gsm8k,1,7,0.015384615384615385,0.18181818181818182,0.06666666666666667,0.0,0.8125,0.675,1,12,1,0,65,66,15,14,0.16643356643356644,0.06666666666666667,0.13749999999999996,11,False,low_support,unstable,high_fp_risk,aggregate_only,1499,1372
hotpotqa,25,2,0.10526315789473684,0.08641975308641975,0.0,0.06666666666666667,0.7083333333333334,0.78125,8,7,0,1,76,81,20,15,0.018843404808317088,0.06666666666666667,0.07291666666666663,1,False,low_support,unstable,high_fp_risk,aggregate_only,1359,1373
samsum,14,7,0.13580246913580246,0.09876543209876543,0.0,0.06666666666666667,0.7291666666666666,0.7708333333333334,11,8,0,1,81,81,15,15,0.037037037037037035,0.06666666666666667,0.04166666666666674,3,False,low_support,unstable,high_fp_risk,aggregate_only,1337,1374
passage_retrieval_en,14,7,0.09876543209876543,0.1111111111111111,0.06666666666666667,0.0,0.7708333333333334,0.75,8,9,1,0,81,81,15,15,0.012345679012345678,0.06666666666666667,0.02083333333333337,1,False,low_support,unstable,high_fp_risk,aggregate_only,1338,1375
dureader,14,4,0.1111111111111111,0.05,0.06666666666666667,0.0,0.7604166666666666,0.7916666666666666,9,4,1,0,81,80,15,16,0.0611111111111111,0.06666666666666667,0.03125,5,False,low_support,unstable,high_fp_risk,aggregate_only,1439,1376
dureader,25,0,0.06172839506172839,0.0975609756097561,0.06666666666666667,0.0,0.8020833333333334,0.7708333333333334,5,8,1,0,81,82,15,14,0.03583258054802771,0.06666666666666667,0.03125,3,False,low_support,unstable,high_fp_risk,aggregate_only,1413,1377
passage_retrieval_en,11,0,0.03896103896103896,0.06172839506172839,0.0,0.06666666666666667,0.7708333333333334,0.8020833333333334,3,5,0,1,77,81,19,15,0.02276735610068943,0.06666666666666667,0.03125,2,False,low_support,unstable,high_fp_risk,aggregate_only,1462,1378
hotpotqa,12,4,0.08641975308641975,0.06097560975609756,0.06666666666666667,0.0,0.78125,0.8020833333333334,7,5,1,0,81,82,15,14,0.02544414333032219,0.06666666666666667,0.02083333333333337,2,False,low_support,unstable,high_fp_risk,aggregate_only,1415,1379
hotpotqa,11,0,0.05128205128205128,0.04938271604938271,0.0,0.06666666666666667,0.7708333333333334,0.8125,4,4,0,1,78,81,18,15,0.001899335232668567,0.06666666666666667,0.04166666666666663,0,False,low_support,unstable,high_fp_risk,aggregate_only,1444,1380
passage_retrieval_zh,1,2,0.024691358024691357,0.036585365853658534,0.06666666666666667,0.0,0.8333333333333334,0.8229166666666666,2,3,1,0,81,82,15,14,0.011894007828967178,0.06666666666666667,0.01041666666666674,1,False,low_support,unstable,high_fp_risk,aggregate_only,1491,1381
samsum,8,3,0.046511627906976744,0.037037037037037035,0.0,0.06666666666666667,0.8541666666666666,0.8229166666666666,4,3,0,1,86,81,10,15,0.009474590869939709,0.06666666666666667,0.03125,1,False,low_support,unstable,high_fp_risk,aggregate_only,1468,1382
hotpotqa,27,3,0.012345679012345678,0.012345679012345678,0.06666666666666667,0.0,0.84375,0.8333333333333334,1,1,1,0,81,81,15,15,0.0,0.06666666666666667,0.01041666666666663,0,False,low_support,unstable,high_fp_risk,aggregate_only,1514,1383
samsum,4,6,0.024390243902439025,0.012345679012345678,0.0,0.06666666666666667,0.8333333333333334,0.84375,2,1,0,1,82,81,14,15,0.012044564890093347,0.06666666666666667,0.01041666666666663,1,False,low_support,unstable,high_fp_risk,aggregate_only,1513,1384
passage_retrieval_zh,6,3,0.012195121951219513,0.012345679012345678,0.0,0.06666666666666667,0.84375,0.84375,1,1,0,1,82,81,14,15,0.0001505570611261657,0.06666666666666667,0.0,0,False,low_support,unstable,high_fp_risk,aggregate_only,1517,1385
samsum,31,1,0.012345679012345678,0.0,0.06666666666666667,0.0,0.84375,0.875,1,0,1,0,81,84,15,12,0.012345679012345678,0.06666666666666667,0.03125,1,False,low_support,unstable,high_fp_risk,aggregate_only,1528,1386
passage_retrieval_en,0,1,0.43243243243243246,0.47761194029850745,0.0,0.06896551724137931,0.4375,0.3854166666666667,32,32,0,2,74,67,22,29,0.045179507866075,0.06896551724137931,0.052083333333333315,0,False,low_support,unstable,high_fp_risk,aggregate_only,1130,1387
passage_retrieval_zh,16,0,0.19402985074626866,0.2835820895522388,0.06896551724137931,0.0,0.5833333333333334,0.5,13,19,2,0,67,67,29,29,0.08955223880597013,0.06896551724137931,0.08333333333333337,6,False,low_support,unstable,high_fp_risk,aggregate_only,1185,1388
dureader,8,4,0.35365853658536583,0.3333333333333333,0.07142857142857142,0.0,0.5625,0.5833333333333334,29,28,1,0,82,84,14,12,0.02032520325203252,0.07142857142857142,0.02083333333333337,1,False,low_support,unstable,high_fp_risk,aggregate_only,1136,1389
hotpotqa,11,5,0.10810810810810811,0.10294117647058823,0.0,0.07142857142857142,0.6875,0.65625,8,7,0,2,74,68,22,28,0.005166931637519884,0.07142857142857142,0.03125,1,False,low_support,unstable,high_fp_risk,aggregate_only,1327,1390
samsum,26,3,0.17073170731707318,0.17721518987341772,0.07142857142857142,0.0,0.71875,0.6770833333333334,14,14,1,0,82,79,14,17,0.006483482556344539,0.07142857142857142,0.04166666666666663,0,False,low_support,unstable,high_fp_risk,aggregate_only,1221,1391
passage_retrieval_en,26,2,0.12195121951219512,0.12658227848101267,0.07142857142857142,0.0,0.7604166666666666,0.71875,10,10,1,0,82,79,14,17,0.004631058968817547,0.07142857142857142,0.04166666666666663,0,False,low_support,unstable,high_fp_risk,aggregate_only,1296,1392
gsm8k,27,0,0.07575757575757576,0.13636363636363635,0.07142857142857142,0.0,0.775,0.7125,5,9,1,0,66,66,14,14,0.060606060606060594,0.07142857142857142,0.0625,4,False,low_support,unstable,high_fp_risk,aggregate_only,1384,1393
gsm8k,27,4,0.10606060606060606,0.11594202898550725,0.07142857142857142,0.0,0.75,0.7625,7,8,1,0,66,69,14,11,0.009881422924901184,0.07142857142857142,0.012499999999999956,1,False,low_support,unstable,high_fp_risk,aggregate_only,1322,1394
passage_retrieval_en,22,1,0.10975609756097561,0.09523809523809523,0.07142857142857142,0.0,0.7708333333333334,0.7916666666666666,9,8,1,0,82,84,14,12,0.014518002322880377,0.07142857142857142,0.02083333333333326,1,False,low_support,unstable,high_fp_risk,aggregate_only,1342,1395
samsum,28,1,0.08433734939759036,0.07317073170731707,0.0,0.07142857142857142,0.7916666666666666,0.8020833333333334,7,6,0,1,83,82,13,14,0.011166617690273287,0.07142857142857142,0.01041666666666674,1,False,low_support,unstable,high_fp_risk,aggregate_only,1391,1396
gsm8k,14,6,0.045454545454545456,0.07246376811594203,0.07142857142857142,0.0,0.8,0.8,3,5,1,0,66,69,14,11,0.027009222661396576,0.07142857142857142,0.0,2,False,low_support,unstable,high_fp_risk,aggregate_only,1456,1397
hotpotqa,15,7,0.037037037037037035,0.06097560975609756,0.0,0.07142857142857142,0.8125,0.8125,3,5,0,1,81,82,15,14,0.023938572719060525,0.07142857142857142,0.0,2,False,low_support,unstable,high_fp_risk,aggregate_only,1467,1398
gsm8k,13,1,0.030303030303030304,0.029850746268656716,0.07142857142857142,0.0,0.8125,0.8125,2,2,1,0,66,67,14,13,0.000452284034373588,0.07142857142857142,0.0,0,False,low_support,unstable,high_fp_risk,aggregate_only,1477,1399
passage_retrieval_zh,4,4,0.024390243902439025,0.06097560975609756,0.07142857142857142,0.0,0.84375,0.8020833333333334,2,5,1,0,82,82,14,14,0.036585365853658534,0.07142857142857142,0.04166666666666663,3,False,low_support,unstable,high_fp_risk,aggregate_only,1492,1400
samsum,5,1,0.036585365853658534,0.036585365853658534,0.07142857142857142,0.0,0.8333333333333334,0.8229166666666666,3,3,1,0,82,82,14,14,0.0,0.07142857142857142,0.01041666666666674,0,False,low_support,unstable,high_fp_risk,aggregate_only,1469,1401
samsum,20,4,0.036585365853658534,0.03614457831325301,0.07142857142857142,0.0,0.8333333333333334,0.8333333333333334,3,3,1,0,82,83,14,13,0.0004407875404055239,0.07142857142857142,0.0,0,False,low_support,unstable,high_fp_risk,aggregate_only,1471,1402
hotpotqa,5,7,0.03614457831325301,0.024390243902439025,0.0,0.07142857142857142,0.8333333333333334,0.84375,3,2,0,1,83,82,13,14,0.011754334410813985,0.07142857142857142,0.01041666666666663,1,False,low_support,unstable,high_fp_risk,aggregate_only,1493,1403
samsum,1,2,0.012195121951219513,0.024096385542168676,0.07142857142857142,0.0,0.8541666666666666,0.84375,1,2,1,0,82,83,14,13,0.011901263590949163,0.07142857142857142,0.01041666666666663,1,False,low_support,unstable,high_fp_risk,aggregate_only,1516,1404
hotpotqa,9,1,0.391304347826087,0.3787878787878788,0.07407407407407407,0.0,0.4583333333333333,0.4270833333333333,27,25,2,0,69,66,27,30,0.012516469038208189,0.07407407407407407,0.03125,2,False,low_support,unstable,high_fp_risk,aggregate_only,1135,1405
passage_retrieval_en,25,7,0.18666666666666668,0.22857142857142856,0.0,0.07692307692307693,0.6354166666666666,0.5833333333333334,14,16,0,2,75,70,21,26,0.04190476190476189,0.07692307692307693,0.05208333333333326,2,False,low_support,unstable,high_fp_risk,aggregate_only,1193,1406
gsm8k,28,0,0.09230769230769231,0.07462686567164178,0.0,0.07692307692307693,0.7375,0.7875,6,5,0,1,65,67,15,13,0.01768082663605053,0.07692307692307693,0.04999999999999993,1,False,low_support,unstable,high_fp_risk,aggregate_only,1387,1407
gsm8k,16,5,0.06060606060606061,0.08955223880597014,0.0,0.07692307692307693,0.775,0.775,4,6,0,1,66,67,14,13,0.028946178199909536,0.07692307692307693,0.0,2,False,low_support,unstable,high_fp_risk,aggregate_only,1418,1408
passage_retrieval_zh,6,2,0.060240963855421686,0.07142857142857142,0.07692307692307693,0.0,0.8229166666666666,0.8125,5,6,1,0,83,84,13,12,0.011187607573149738,0.07692307692307693,0.01041666666666663,1,False,low_support,unstable,high_fp_risk,aggregate_only,1421,1409
samsum,7,6,0.024096385542168676,0.024096385542168676,0.0,0.07692307692307693,0.84375,0.8541666666666666,2,2,0,1,83,83,13,13,0.0,0.07692307692307693,0.01041666666666663,0,False,low_support,unstable,high_fp_risk,aggregate_only,1495,1410
dureader,12,3,0.024096385542168676,0.011904761904761904,0.07692307692307693,0.0,0.8541666666666666,0.8645833333333334,2,1,1,0,83,84,13,12,0.012191623637406772,0.07692307692307693,0.01041666666666674,1,False,low_support,unstable,high_fp_risk,aggregate_only,1518,1411
dureader,2,5,0.0,0.0,0.0,0.07692307692307693,0.875,0.875,0,0,0,1,84,83,12,13,0.0,0.07692307692307693,0.0,0,False,low_support,unstable,high_fp_risk,aggregate_only,1529,1412
dureader,9,2,0.0,0.0,0.07692307692307693,0.0,0.875,0.875,0,0,1,0,83,84,13,12,0.0,0.07692307692307693,0.0,0,False,low_support,unstable,high_fp_risk,aggregate_only,1530,1413
passage_retrieval_zh,2,3,0.0,0.0,0.0,0.07692307692307693,0.875,0.875,0,0,0,1,84,83,12,13,0.0,0.07692307692307693,0.0,0,False,low_support,unstable,high_fp_risk,aggregate_only,1534,1414
passage_retrieval_zh,2,6,0.0,0.0,0.07692307692307693,0.0,0.875,0.875,0,0,1,0,83,84,13,12,0.0,0.07692307692307693,0.0,0,False,low_support,unstable,high_fp_risk,aggregate_only,1535,1415
passage_retrieval_zh,2,0,0.27692307692307694,0.2535211267605634,0.0,0.08,0.4895833333333333,0.5729166666666666,18,18,0,2,65,71,31,25,0.023401950162513563,0.08,0.08333333333333331,0,False,low_support,unstable,high_fp_risk,aggregate_only,1161,1416
samsum,0,0,0.08450704225352113,0.03896103896103896,0.08,0.0,0.6979166666666666,0.7708333333333334,6,3,2,0,71,77,25,19,0.045546003292482165,0.08,0.07291666666666674,3,False,low_support,unstable,high_fp_risk,aggregate_only,1461,1417
samsum,9,7,0.3333333333333333,0.2976190476190476,0.0,0.08333333333333333,0.5625,0.625,27,25,0,1,81,84,15,12,0.0357142857142857,0.08333333333333333,0.0625,2,False,low_support,unstable,high_fp_risk,aggregate_only,1142,1418
gsm8k,12,7,0.07462686567164178,0.058823529411764705,0.0,0.08333333333333333,0.775,0.8125,5,4,0,1,67,68,13,12,0.01580333625987708,0.08333333333333333,0.03749999999999998,1,False,low_support,unstable,high_fp_risk,aggregate_only,1424,1419
hotpotqa,13,4,0.09523809523809523,0.13636363636363635,0.08333333333333333,0.0,0.8020833333333334,0.7916666666666666,8,12,1,0,84,88,12,8,0.04112554112554112,0.08333333333333333,0.01041666666666674,4,False,low_support,unstable,high_fp_risk,aggregate_only,1341,1420
gsm8k,31,6,0.08333333333333333,0.058823529411764705,0.0,0.08333333333333333,0.825,0.8125,6,4,0,1,72,68,8,12,0.024509803921568624,0.08333333333333333,0.012499999999999956,2,False,low_support,unstable,high_fp_risk,aggregate_only,1423,1421
gsm8k,23,2,0.014705882352941176,0.04477611940298507,0.08333333333333333,0.0,0.85,0.8,1,3,1,0,68,67,12,13,0.030070237050043896,0.08333333333333333,0.04999999999999993,2,False,low_support,unstable,high_fp_risk,aggregate_only,1505,1422
gsm8k,26,2,0.029411764705882353,0.04285714285714286,0.08333333333333333,0.0,0.8375,0.8375,2,3,1,0,68,70,12,10,0.013445378151260505,0.08333333333333333,0.0,1,False,low_support,unstable,high_fp_risk,aggregate_only,1479,1423
gsm8k,6,3,0.0,0.0,0.08333333333333333,0.0,0.8625,0.8625,0,0,1,0,68,69,12,11,0.0,0.08333333333333333,0.0,0,False,low_support,unstable,high_fp_risk,aggregate_only,1531,1424
passage_retrieval_zh,13,3,0.28169014084507044,0.2894736842105263,0.04,0.05,0.5416666666666666,0.5729166666666666,20,22,1,1,71,76,25,20,0.007783543365455892,0.010000000000000002,0.03125,2,False,low_support,unstable,high_fp_risk,aggregate_only,1150,1425
dureader,2,4,0.038461538461538464,0.06756756756756757,0.0,0.09090909090909091,0.78125,0.7395833333333334,3,5,0,2,78,74,18,22,0.029106029106029108,0.09090909090909091,0.04166666666666663,2,False,low_support,unstable,high_fp_risk,aggregate_only,1463,1426
gsm8k,10,5,0.11267605633802817,0.14492753623188406,0.0,0.09090909090909091,0.7875,0.75,8,10,0,1,71,69,9,11,0.03225147989385589,0.09090909090909091,0.03749999999999998,2,False,low_support,unstable,high_fp_risk,aggregate_only,1313,1427
gsm8k,25,4,0.028985507246376812,0.08695652173913043,0.0,0.09090909090909091,0.8375,0.8,2,6,0,1,69,69,11,11,0.05797101449275362,0.09090909090909091,0.03749999999999998,4,False,low_support,unstable,high_fp_risk,aggregate_only,1480,1428
passage_retrieval_zh,0,7,0.0,0.0,0.0,0.09090909090909091,0.875,0.8958333333333334,0,0,0,1,84,85,12,11,0.0,0.09090909090909091,0.02083333333333337,0,False,low_support,unstable,high_fp_risk,aggregate_only,1533,1429
samsum,16,0,0.14473684210526316,0.16666666666666666,0.05,0.041666666666666664,0.6875,0.6354166666666666,11,12,1,1,76,72,20,24,0.021929824561403494,0.008333333333333338,0.05208333333333337,1,False,low_support,unstable,high_fp_risk,aggregate_only,1258,1430
dureader,7,3,0.2727272727272727,0.28169014084507044,0.05263157894736842,0.04,0.59375,0.5416666666666666,21,20,1,1,77,71,19,25,0.008962868117797729,0.012631578947368417,0.05208333333333337,1,False,low_support,unstable,high_fp_risk,aggregate_only,1155,1431
passage_retrieval_zh,16,6,0.273972602739726,0.13157894736842105,0.043478260869565216,0.05,0.5625,0.6979166666666666,20,10,1,1,73,76,23,20,0.14239365537130497,0.006521739130434787,0.13541666666666663,10,False,low_support,unstable,high_fp_risk,aggregate_only,1280,1432
samsum,0,1,0.4430379746835443,0.4057971014492754,0.058823529411764705,0.037037037037037035,0.46875,0.4375,35,28,1,1,79,69,17,27,0.03724087323426889,0.02178649237472767,0.03125,7,False,low_support,unstable,high_fp_risk,aggregate_only,1132,1433
samsum,31,5,0.1038961038961039,0.1506849315068493,0.05263157894736842,0.043478260869565216,0.7291666666666666,0.65625,8,11,1,1,77,73,19,23,0.046788827610745404,0.009153318077803202,0.07291666666666663,3,False,low_support,unstable,high_fp_risk,aggregate_only,1326,1434
passage_retrieval_en,26,6,0.35294117647058826,0.30158730158730157,0.03571428571428571,0.06060606060606061,0.46875,0.4791666666666667,24,19,1,2,68,63,28,33,0.05135387488328669,0.024891774891774895,0.010416666666666685,5,False,low_support,unstable,high_fp_risk,aggregate_only,1140,1435
dureader,8,1,0.2948717948717949,0.3194444444444444,0.05555555555555555,0.041666666666666664,0.5833333333333334,0.5208333333333334,23,23,1,1,78,72,18,24,0.02457264957264954,0.013888888888888888,0.0625,0,False,low_support,unstable,high_fp_risk,aggregate_only,1143,1436
passage_retrieval_zh,14,0,0.2631578947368421,0.29333333333333333,0.05,0.047619047619047616,0.59375,0.5625,20,22,1,1,76,75,20,21,0.030175438596491244,0.0023809523809523864,0.03125,2,False,low_support,unstable,high_fp_risk,aggregate_only,1158,1437
hotpotqa,3,7,0.23684210526315788,0.18666666666666668,0.1,0.0,0.625,0.6354166666666666,18,14,2,0,76,75,20,21,0.050175438596491206,0.1,0.01041666666666663,4,False,low_support,unstable,high_fp_risk,aggregate_only,1192,1438
samsum,12,5,0.19736842105263158,0.21794871794871795,0.1,0.0,0.65625,0.6354166666666666,15,17,2,0,76,78,20,18,0.02058029689608637,0.1,0.02083333333333337,2,False,low_support,unstable,high_fp_risk,aggregate_only,1177,1439
dureader,28,4,0.2,0.19736842105263158,0.0,0.1,0.6666666666666666,0.65625,16,15,0,2,80,76,16,20,0.0026315789473684292,0.1,0.01041666666666663,1,False,low_support,unstable,high_fp_risk,aggregate_only,1178,1440
hotpotqa,6,7,0.14473684210526316,0.1875,0.1,0.0,0.6979166666666666,0.6770833333333334,11,15,2,0,76,80,20,16,0.042763157894736836,0.1,0.02083333333333326,4,False,low_support,unstable,high_fp_risk,aggregate_only,1257,1441
dureader,6,2,0.13953488372093023,0.0989010989010989,0.1,0.0,0.78125,0.8541666666666666,12,9,1,0,86,91,10,5,0.040633784819831334,0.1,0.07291666666666663,3,False,low_support,unstable,high_fp_risk,aggregate_only,1336,1442
passage_retrieval_en,5,4,0.18181818181818182,0.16,0.05263157894736842,0.047619047619047616,0.6666666666666666,0.6666666666666666,14,12,1,1,77,75,19,21,0.02181818181818182,0.005012531328320802,0.0,2,False,low_support,unstable,high_fp_risk,aggregate_only,1233,1443
passage_retrieval_zh,19,3,0.18571428571428572,0.225,0.038461538461538464,0.0625,0.6041666666666666,0.65625,13,18,1,1,70,80,26,16,0.039285714285714285,0.024038461538461536,0.05208333333333337,5,False,low_support,unstable,high_fp_risk,aggregate_only,1195,1444
passage_retrieval_en,28,4,0.32432432432432434,0.3076923076923077,0.045454545454545456,0.05555555555555555,0.53125,0.5729166666666666,24,24,1,1,74,78,22,18,0.016632016632016633,0.010101010101010097,0.04166666666666663,0,False,low_support,unstable,high_fp_risk,aggregate_only,1139,1445
samsum,0,3,0.2727272727272727,0.29850746268656714,0.06666666666666667,0.034482758620689655,0.5208333333333334,0.5,18,20,2,1,66,67,30,29,0.02578018995929443,0.03218390804597701,0.02083333333333337,2,False,low_support,unstable,high_fp_risk,aggregate_only,1156,1446
dureader,19,3,0.17105263157894737,0.12987012987012986,0.05,0.05263157894736842,0.6666666666666666,0.7083333333333334,13,10,1,1,76,77,20,19,0.041182501708817515,0.0026315789473684154,0.04166666666666674,3,False,low_support,unstable,high_fp_risk,aggregate_only,1283,1447
passage_retrieval_zh,6,7,0.33783783783783783,0.2911392405063291,0.045454545454545456,0.058823529411764705,0.5208333333333334,0.59375,25,23,1,1,74,79,22,17,0.04669859733150872,0.01336898395721925,0.07291666666666663,2,False,low_support,unstable,high_fp_risk,aggregate_only,1145,1448
samsum,30,5,0.11842105263157894,0.11538461538461539,0.05,0.05555555555555555,0.7083333333333334,0.7291666666666666,9,9,1,1,76,78,20,18,0.0030364372469635498,0.00555555555555555,0.02083333333333326,0,False,low_support,unstable,high_fp_risk,aggregate_only,1308,1449
samsum,7,2,0.10256410256410256,0.07792207792207792,0.05555555555555555,0.05263157894736842,0.7395833333333334,0.75,8,6,1,1,78,77,18,19,0.02464202464202464,0.0029239766081871343,0.01041666666666663,2,False,low_support,unstable,high_fp_risk,aggregate_only,1370,1450
hotpotqa,14,6,0.06329113924050633,0.10526315789473684,0.058823529411764705,0.05,0.78125,0.71875,5,8,1,1,79,76,17,20,0.0419720186542305,0.008823529411764702,0.0625,3,False,low_support,unstable,high_fp_risk,aggregate_only,1403,1451
passage_retrieval_en,19,3,0.18840579710144928,0.21739130434782608,0.07407407407407407,0.037037037037037035,0.6041666666666666,0.5729166666666666,13,15,2,1,69,69,27,27,0.0289855072463768,0.037037037037037035,0.03125,2,False,low_support,unstable,high_fp_risk,aggregate_only,1191,1452
passage_retrieval_zh,29,0,0.2,0.19230769230769232,0.0,0.1111111111111111,0.625,0.6770833333333334,15,15,0,2,75,78,21,18,0.007692307692307693,0.1111111111111111,0.05208333333333337,0,False,low_support,unstable,high_fp_risk,aggregate_only,1186,1453
hotpotqa,8,5,0.11363636363636363,0.04597701149425287,0.0,0.1111111111111111,0.8125,0.875,10,4,0,1,88,87,8,9,0.06765935214211076,0.1111111111111111,0.0625,6,False,low_support,unstable,high_fp_risk,aggregate_only,1454,1454
hotpotqa,1,4,0.05747126436781609,0.06818181818181818,0.1111111111111111,0.0,0.8645833333333334,0.8541666666666666,5,6,1,0,87,88,9,8,0.010710553814002086,0.1111111111111111,0.01041666666666674,1,False,low_support,unstable,high_fp_risk,aggregate_only,1425,1455
gsm8k,28,5,0.09523809523809523,0.04838709677419355,0.058823529411764705,0.05555555555555555,0.725,0.75,6,3,1,1,63,62,17,18,0.046850998463901686,0.0032679738562091526,0.025000000000000022,3,False,low_support,unstable,high_fp_risk,aggregate_only,1448,1456
hotpotqa,10,4,0.08860759493670886,0.07692307692307693,0.058823529411764705,0.05555555555555555,0.7604166666666666,0.7604166666666666,7,6,1,1,79,78,17,18,0.011684518013631934,0.0032679738562091526,0.0,1,False,low_support,unstable,high_fp_risk,aggregate_only,1379,1457
passage_retrieval_zh,20,3,0.189873417721519,0.11392405063291139,0.058823529411764705,0.058823529411764705,0.6770833333333334,0.7395833333333334,15,9,1,1,79,79,17,17,0.07594936708860761,0.0,0.0625,6,False,low_support,unstable,high_fp_risk,aggregate_only,1309,1458
passage_retrieval_en,14,5,0.14102564102564102,0.1,0.05555555555555555,0.0625,0.7083333333333334,0.7604166666666666,11,8,1,1,78,80,18,16,0.04102564102564102,0.0069444444444444475,0.05208333333333326,3,False,low_support,unstable,high_fp_risk,aggregate_only,1334,1459
hotpotqa,1,3,0.46774193548387094,0.4444444444444444,0.08823529411764706,0.030303030303030304,0.375,0.375,29,28,3,1,62,63,34,33,0.02329749103942652,0.05793226381461676,0.0,1,False,low_support,unstable,high_fp_risk,aggregate_only,1129,1460
hotpotqa,11,3,0.1111111111111111,0.05194805194805195,0.06666666666666667,0.05263157894736842,0.7604166666666666,0.7708333333333334,9,4,1,1,81,77,15,19,0.05916305916305915,0.014035087719298248,0.01041666666666674,5,False,low_support,unstable,high_fp_risk,aggregate_only,1428,1461
passage_retrieval_zh,20,6,0.05063291139240506,0.1375,0.058823529411764705,0.0625,0.7916666666666666,0.7291666666666666,4,11,1,1,79,80,17,16,0.08686708860759496,0.003676470588235295,0.0625,7,False,low_support,unstable,high_fp_risk,aggregate_only,1433,1462
passage_retrieval_en,6,5,0.23943661971830985,0.2465753424657534,0.08,0.043478260869565216,0.5833333333333334,0.5833333333333334,17,18,2,1,71,73,25,23,0.0071387227474435655,0.036521739130434785,0.0,1,False,low_support,unstable,high_fp_risk,aggregate_only,1165,1463
gsm8k,8,4,0.09090909090909091,0.09836065573770492,0.07142857142857142,0.05263157894736842,0.7625,0.7,6,6,1,1,66,61,14,19,0.007451564828614005,0.018796992481203006,0.0625,0,False,low_support,unstable,high_fp_risk,aggregate_only,1352,1464
hotpotqa,24,6,0.05,0.1,0.125,0.0,0.8125,0.75,4,8,2,0,80,80,16,16,0.05,0.125,0.0625,4,False,low_support,unstable,high_fp_risk,aggregate_only,1440,1465
passage_retrieval_zh,11,2,0.0125,0.0125,0.0625,0.0625,0.8333333333333334,0.8333333333333334,1,1,1,1,80,80,16,16,0.0,0.0,0.0,0,False,low_support,unstable,high_fp_risk,aggregate_only,1510,1466
passage_retrieval_en,22,3,0.22666666666666666,0.14084507042253522,0.047619047619047616,0.08,0.6145833333333334,0.65625,17,10,1,2,75,71,21,25,0.08582159624413144,0.032380952380952385,0.04166666666666663,7,False,low_support,unstable,high_fp_risk,aggregate_only,1265,1467
passage_retrieval_en,11,5,0.18840579710144928,0.24324324324324326,0.037037037037037035,0.09090909090909091,0.59375,0.6041666666666666,13,18,1,2,69,74,27,22,0.05483744614179398,0.05387205387205388,0.01041666666666663,5,False,low_support,unstable,high_fp_risk,aggregate_only,1190,1468
hotpotqa,4,6,0.04938271604938271,0.025,0.06666666666666667,0.0625,0.8125,0.8229166666666666,4,2,1,1,81,80,15,16,0.024382716049382712,0.004166666666666666,0.01041666666666663,2,False,low_support,unstable,high_fp_risk,aggregate_only,1486,1469
passage_retrieval_zh,14,4,0.025,0.012345679012345678,0.0625,0.06666666666666667,0.8229166666666666,0.84375,2,1,1,1,80,81,16,15,0.012654320987654323,0.004166666666666666,0.02083333333333337,1,False,low_support,unstable,high_fp_risk,aggregate_only,1512,1470
samsum,12,1,0.3116883116883117,0.2857142857142857,0.05263157894736842,0.07692307692307693,0.5625,0.5416666666666666,24,20,1,2,77,70,19,26,0.025974025974025983,0.02429149797570851,0.02083333333333337,4,False,low_support,unstable,high_fp_risk,aggregate_only,1149,1471
samsum,6,2,0.024691358024691357,0.04878048780487805,0.06666666666666667,0.07142857142857142,0.8333333333333334,0.8229166666666666,2,4,1,1,81,82,15,14,0.024089129780186694,0.004761904761904759,0.01041666666666674,2,False,low_support,unstable,high_fp_risk,aggregate_only,1490,1472
passage_retrieval_zh,11,5,0.14666666666666667,0.10810810810810811,0.09523809523809523,0.045454545454545456,0.6875,0.6979166666666666,11,8,2,1,75,74,21,22,0.03855855855855855,0.04978354978354978,0.01041666666666663,3,False,low_support,unstable,high_fp_risk,aggregate_only,1320,1473
gsm8k,0,0,0.046153846153846156,0.08955223880597014,0.06666666666666667,0.07692307692307693,0.7875,0.775,3,6,1,1,65,67,15,13,0.04339839265212399,0.010256410256410262,0.012499999999999956,3,False,low_support,unstable,high_fp_risk,aggregate_only,1452,1474
samsum,18,6,0.12987012987012986,0.1111111111111111,0.10526315789473684,0.041666666666666664,0.71875,0.6770833333333334,10,8,2,1,77,72,19,24,0.018759018759018753,0.06359649122807018,0.04166666666666663,2,False,low_support,unstable,high_fp_risk,aggregate_only,1319,1475
passage_retrieval_zh,14,1,0.4,0.27941176470588236,0.07692307692307693,0.07142857142857142,0.4583333333333333,0.53125,28,19,2,2,70,68,26,28,0.12058823529411766,0.005494505494505503,0.07291666666666669,9,False,low_support,unstable,high_fp_risk,aggregate_only,1151,1476
samsum,27,3,0.08433734939759036,0.04878048780487805,0.07692307692307693,0.07142857142857142,0.8020833333333334,0.8229166666666666,7,4,1,1,83,82,13,14,0.035556861592712305,0.005494505494505503,0.02083333333333326,3,False,low_support,unstable,high_fp_risk,aggregate_only,1447,1477
gsm8k,0,2,0.06666666666666667,0.06666666666666667,0.05,0.1,0.7125,0.725,4,4,1,2,60,60,20,20,0.0,0.05,0.012499999999999956,0,False,low_support,unstable,high_fp_risk,aggregate_only,1397,1478
gsm8k,15,0,0.08823529411764706,0.06060606060606061,0.08333333333333333,0.07142857142857142,0.7875,0.7875,6,4,1,1,68,66,12,14,0.027629233511586457,0.011904761904761904,0.0,2,False,low_support,unstable,high_fp_risk,aggregate_only,1417,1479
passage_retrieval_en,25,0,0.19480519480519481,0.22077922077922077,0.10526315789473684,0.05263157894736842,0.6666666666666666,0.6354166666666666,15,17,2,1,77,77,19,19,0.025974025974025955,0.05263157894736842,0.03125,2,False,low_support,unstable,high_fp_risk,aggregate_only,1182,1480
passage_retrieval_zh,8,7,0.14285714285714285,0.12048192771084337,0.08333333333333333,0.07692307692307693,0.7604166666666666,0.7708333333333334,12,10,1,1,84,83,12,13,0.022375215146299476,0.006410256410256401,0.01041666666666674,2,False,low_support,unstable,high_fp_risk,aggregate_only,1299,1481
gsm8k,11,3,0.04411764705882353,0.014925373134328358,0.08333333333333333,0.07692307692307693,0.825,0.8375,3,1,1,1,68,67,12,13,0.029192273924495173,0.006410256410256401,0.012500000000000067,2,False,low_support,unstable,high_fp_risk,aggregate_only,1502,1482
samsum,11,5,0.14473684210526316,0.14102564102564102,0.05,0.1111111111111111,0.6875,0.71875,11,11,1,2,76,78,20,18,0.0037112010796221395,0.0611111111111111,0.03125,0,False,low_support,unstable,high_fp_risk,aggregate_only,1264,1483
gsm8k,14,1,0.13636363636363635,0.13043478260869565,0.07142857142857142,0.09090909090909091,0.725,0.7625,9,9,1,1,66,69,14,11,0.005928853754940705,0.019480519480519487,0.03749999999999998,0,False,low_support,unstable,high_fp_risk,aggregate_only,1281,1484
gsm8k,19,5,0.12121212121212122,0.10144927536231885,0.07142857142857142,0.09090909090909091,0.7375,0.7875,8,7,1,1,66,69,14,11,0.01976284584980237,0.019480519480519487,0.04999999999999993,1,False,low_support,unstable,high_fp_risk,aggregate_only,1329,1485
samsum,6,5,0.12987012987012986,0.1527777777777778,0.05263157894736842,0.125,0.7083333333333334,0.6666666666666666,10,11,1,3,77,72,19,24,0.022907647907647932,0.07236842105263158,0.04166666666666674,1,False,low_support,unstable,high_fp_risk,aggregate_only,1285,1486
hotpotqa,1,5,0.05063291139240506,0.0875,0.11764705882352941,0.0625,0.8020833333333334,0.7708333333333334,4,7,2,1,79,80,17,16,0.03686708860759493,0.05514705882352941,0.03125,3,False,low_support,unstable,high_fp_risk,aggregate_only,1437,1487
dureader,8,7,0.19540229885057472,0.07317073170731707,0.1111111111111111,0.07142857142857142,0.7395833333333334,0.8020833333333334,17,6,1,1,87,82,9,14,0.12223156714325766,0.03968253968253968,0.0625,11,False,low_support,unstable,high_fp_risk,aggregate_only,1388,1488
passage_retrieval_zh,1,5,0.04938271604938271,0.06329113924050633,0.06666666666666667,0.11764705882352941,0.8125,0.7916666666666666,4,5,1,2,81,79,15,17,0.01390842319112362,0.050980392156862744,0.02083333333333337,1,False,low_support,unstable,high_fp_risk,aggregate_only,1443,1489
samsum,5,6,0.0125,0.0125,0.125,0.0625,0.84375,0.8333333333333334,1,1,2,1,80,80,16,16,0.0,0.0625,0.01041666666666663,0,False,low_support,unstable,high_fp_risk,aggregate_only,1511,1490
passage_retrieval_en,14,1,0.22666666666666666,0.22077922077922077,0.14285714285714285,0.05263157894736842,0.6354166666666666,0.6354166666666666,17,17,3,1,75,77,21,19,0.005887445887445886,0.09022556390977443,0.0,0,False,low_support,unstable,high_fp_risk,aggregate_only,1172,1491
passage_retrieval_en,1,5,0.07407407407407407,0.06172839506172839,0.0,0.2,0.78125,0.8229166666666666,6,5,0,3,81,81,15,15,0.012345679012345678,0.2,0.04166666666666663,1,False,low_support,unstable,high_fp_risk,aggregate_only,1414,1492
samsum,12,2,0.26436781609195403,0.2235294117647059,0.1111111111111111,0.09090909090909091,0.6770833333333334,0.6979166666666666,23,19,1,1,87,85,9,11,0.04083840432724814,0.020202020202020193,0.02083333333333326,4,False,low_support,unstable,high_fp_risk,aggregate_only,1171,1493
samsum,8,4,0.32051282051282054,0.2727272727272727,0.05555555555555555,0.15789473684210525,0.5625,0.6145833333333334,25,21,1,3,78,77,18,19,0.04778554778554783,0.1023391812865497,0.05208333333333337,4,False,low_support,unstable,high_fp_risk,aggregate_only,1153,1494
passage_retrieval_en,14,0,0.37142857142857144,0.3088235294117647,0.11538461538461539,0.10714285714285714,0.4895833333333333,0.5208333333333334,26,21,3,3,70,68,26,28,0.06260504201680672,0.008241758241758254,0.031250000000000056,5,False,low_support,unstable,high_fp_risk,aggregate_only,1138,1495
hotpotqa,14,0,0.323943661971831,0.23880597014925373,0.12,0.10344827586206896,0.53125,0.5625,23,16,3,3,71,67,25,29,0.08513769182257727,0.01655172413793103,0.03125,7,False,low_support,unstable,high_fp_risk,aggregate_only,1166,1496
dureader,1,2,0.058823529411764705,0.03488372093023256,0.18181818181818182,0.1,0.8541666666666666,0.875,5,3,2,1,85,86,11,10,0.023939808481532147,0.08181818181818182,0.02083333333333337,2,False,low_support,unstable,high_fp_risk,aggregate_only,1472,1497
dureader,6,5,0.25,0.28,0.15,0.14285714285714285,0.625,0.59375,19,21,3,3,76,75,20,21,0.030000000000000027,0.007142857142857145,0.03125,2,False,low_support,unstable,high_fp_risk,aggregate_only,1162,1498
samsum,11,3,0.10666666666666667,0.09090909090909091,0.19047619047619047,0.10526315789473684,0.7395833333333334,0.75,8,7,4,2,75,77,21,19,0.015757575757575762,0.08521303258145363,0.01041666666666663,1,False,low_support,unstable,high_fp_risk,aggregate_only,1350,1499
dureader,1,4,0.022222222222222223,0.02247191011235955,0.16666666666666666,0.14285714285714285,0.9270833333333334,0.9166666666666666,2,2,1,1,90,89,6,7,0.00024968789013732687,0.023809523809523808,0.01041666666666674,0,False,low_support,unstable,high_fp_risk,aggregate_only,1497,1500
hotpotqa,0,0,0.06896551724137931,0.07058823529411765,0.2222222222222222,0.09090909090909091,0.8645833333333334,0.8333333333333334,6,6,2,1,87,85,9,11,0.0016227180527383367,0.1313131313131313,0.03125,0,False,low_support,unstable,high_fp_risk,aggregate_only,1396,1501
gsm8k,1,5,0.10606060606060606,0.015625,0.14285714285714285,0.1875,0.7625,0.825,7,1,2,3,66,64,14,16,0.09043560606060606,0.04464285714285715,0.0625,6,False,low_support,unstable,high_fp_risk,aggregate_only,1498,1502
passage_retrieval_en,13,2,0.22988505747126436,0.26436781609195403,0.1111111111111111,0.2222222222222222,0.7083333333333334,0.6875,20,23,1,2,87,87,9,9,0.03448275862068967,0.1111111111111111,0.02083333333333337,3,False,low_support,unstable,high_fp_risk,aggregate_only,1169,1503
samsum,1,5,0.05063291139240506,0.02564102564102564,0.17647058823529413,0.16666666666666666,0.8125,0.8229166666666666,4,2,3,3,79,78,17,18,0.024991885751379422,0.009803921568627472,0.01041666666666663,2,False,low_support,unstable,high_fp_risk,aggregate_only,1481,1504
dureader,14,3,0.41333333333333333,0.38235294117647056,0.23809523809523808,0.14285714285714285,0.5104166666666666,0.4791666666666667,31,26,5,4,75,68,21,28,0.030980392156862768,0.09523809523809523,0.031249999999999944,5,False,low_support,unstable,high_fp_risk,aggregate_only,1133,1505
dureader,0,0,0.15217391304347827,0.16666666666666666,0.25,0.16666666666666666,0.8229166666666666,0.7916666666666666,14,15,1,1,92,90,4,6,0.014492753623188387,0.08333333333333334,0.03125,1,False,low_support,unstable,high_fp_risk,aggregate_only,1248,1506
passage_retrieval_zh,11,3,0.1643835616438356,0.08108108108108109,0.2608695652173913,0.22727272727272727,0.6979166666666666,0.7604166666666666,12,6,6,5,73,74,23,22,0.08330248056275452,0.03359683794466403,0.0625,6,False,low_support,unstable,high_fp_risk,aggregate_only,1364,1507
passage_retrieval_en,0,0,0.10465116279069768,0.06976744186046512,0.2,0.3,0.8229166666666666,0.8645833333333334,9,6,2,3,86,86,10,10,0.034883720930232565,0.09999999999999998,0.04166666666666674,3,False,low_support,unstable,high_fp_risk,aggregate_only,1394,1508
passage_retrieval_zh,11,4,0.1276595744680851,0.12631578947368421,0.5,0.0,0.8645833333333334,0.8645833333333334,12,12,1,0,94,95,2,1,0.0013437849944008817,0.5,0.0,0,False,low_support,unstable,high_fp_risk,aggregate_only,1288,1509
hotpotqa,14,3,0.10126582278481013,0.12987012987012986,0.29411764705882354,0.2631578947368421,0.7916666666666666,0.75,8,10,5,5,79,77,17,19,0.028604307085319733,0.03095975232198145,0.04166666666666663,2,False,low_support,unstable,high_fp_risk,aggregate_only,1331,1510
hotpotqa,12,1,0.31343283582089554,0.3888888888888889,0.27586206896551724,0.2916666666666667,0.5625,0.53125,21,28,8,7,67,72,29,24,0.07545605306799336,0.015804597701149448,0.03125,7,False,low_support,unstable,high_fp_risk,aggregate_only,1137,1511
passage_retrieval_zh,14,3,0.36486486486486486,0.2625,0.3181818181818182,0.25,0.5625,0.65625,27,21,7,4,74,80,22,16,0.10236486486486485,0.06818181818181818,0.09375,6,False,low_support,unstable,high_fp_risk,aggregate_only,1159,1512
gsm8k,14,3,0.06153846153846154,0.04477611940298507,0.26666666666666666,0.3076923076923077,0.8125,0.85,4,3,4,4,65,67,15,13,0.01676234213547647,0.041025641025641046,0.03749999999999998,1,False,low_support,unstable,high_fp_risk,aggregate_only,1457,1513
passage_retrieval_zh,12,1,0.2898550724637681,0.3142857142857143,0.2962962962962963,0.34615384615384615,0.59375,0.59375,20,22,8,9,69,70,27,26,0.024430641821946153,0.049857549857549865,0.0,2,False,low_support,unstable,high_fp_risk,aggregate_only,1147,1514
passage_retrieval_en,14,3,0.25675675675675674,0.2727272727272727,0.36363636363636365,0.3157894736842105,0.65625,0.6458333333333334,19,21,8,6,74,77,22,19,0.015970515970515964,0.04784688995215314,0.01041666666666663,2,False,low_support,unstable,high_fp_risk,aggregate_only,1160,1515
passage_retrieval_en,12,1,0.3972602739726027,0.38235294117647056,0.34782608695652173,0.35714285714285715,0.5416666666666666,0.5416666666666666,29,26,8,10,73,68,23,28,0.014907332796132156,0.009316770186335421,0.0,3,False,low_support,unstable,high_fp_risk,aggregate_only,1134,1516
dureader,11,3,0.11392405063291139,0.13414634146341464,0.29411764705882354,0.42857142857142855,0.78125,0.8020833333333334,9,11,5,6,79,82,17,14,0.020222290830503253,0.134453781512605,0.02083333333333337,2,False,low_support,unstable,high_fp_risk,aggregate_only,1311,1517
dureader,12,1,0.532258064516129,0.42424242424242425,0.3235294117647059,0.4,0.4166666666666667,0.5208333333333334,33,28,11,12,62,66,34,30,0.10801564027370475,0.07647058823529412,0.10416666666666669,5,False,low_support,unstable,high_fp_risk,aggregate_only,1131,1518
gsm8k,11,6,0.02857142857142857,0.0,0.4,0.36363636363636365,0.9,0.9125,2,0,4,4,70,69,10,11,0.02857142857142857,0.036363636363636376,0.012499999999999956,2,False,low_support,unstable,high_fp_risk,aggregate_only,1527,1519
samsum,11,6,0.05194805194805195,0.05,0.3684210526315789,0.4375,0.8333333333333334,0.8645833333333334,4,4,7,7,77,80,19,16,0.0019480519480519487,0.06907894736842107,0.03125,0,False,low_support,unstable,high_fp_risk,aggregate_only,1442,1520
passage_retrieval_en,15,6,0.3,0.23880597014925373,0.46153846153846156,0.4482758620689655,0.6354166666666666,0.6666666666666666,21,16,12,13,70,67,26,29,0.06119402985074626,0.01326259946949604,0.03125,5,False,low_support,unstable,high_fp_risk,aggregate_only,1167,1521
passage_retrieval_zh,15,6,0.23943661971830985,0.391304347826087,0.48,0.4444444444444444,0.6875,0.5625,17,27,12,12,71,69,25,27,0.15186772810777713,0.03555555555555556,0.125,10,False,low_support,unstable,high_fp_risk,aggregate_only,1164,1522
gsm8k,11,4,0.14102564102564102,0.15,0.0,,0.8375,0.85,11,12,0,0,78,80,2,0,0.00897435897435897,0.0,0.012499999999999956,1,False,low_support,unstable,data_insufficient,aggregate_only,1263,1523
hotpotqa,11,4,0.15625,0.13829787234042554,,0.0,0.84375,0.84375,15,13,0,0,96,94,0,2,0.017952127659574463,0.0,0.0,2,False,low_support,unstable,data_insufficient,aggregate_only,1273,1524
passage_retrieval_en,11,4,0.1276595744680851,0.13541666666666666,0.0,,0.8541666666666666,0.8645833333333334,12,13,0,0,94,96,2,0,0.007757092198581561,0.0,0.01041666666666674,1,False,low_support,unstable,data_insufficient,aggregate_only,1287,1525
gsm8k,9,0,0.0875,0.0641025641025641,,0.0,0.9125,0.9125,7,5,0,0,80,78,0,2,0.023397435897435898,0.0,0.0,2,False,low_support,unstable,data_insufficient,aggregate_only,1400,1526
passage_retrieval_en,0,7,0.0,0.0,,0.0,1.0,0.9895833333333334,0,0,0,0,96,95,0,1,0.0,0.0,0.01041666666666663,0,False,low_support,unstable,data_insufficient,aggregate_only,1532,1527
gsm8k,15,6,0.09523809523809523,0.046153846153846156,0.47058823529411764,0.5333333333333333,0.8125,0.875,6,3,8,8,63,65,17,15,0.049084249084249076,0.06274509803921569,0.0625,3,False,low_support,unstable,high_fp_risk,aggregate_only,1453,1528
passage_retrieval_zh,11,6,0.05128205128205128,0.025,0.4444444444444444,0.5625,0.8541666666666666,0.90625,4,2,8,9,78,80,18,16,0.02628205128205128,0.11805555555555558,0.05208333333333337,2,False,low_support,unstable,high_fp_risk,aggregate_only,1487,1529
samsum,15,6,0.21621621621621623,0.2916666666666667,0.5909090909090909,0.5,0.7395833333333334,0.65625,16,21,13,12,74,72,22,24,0.07545045045045046,0.09090909090909094,0.08333333333333337,5,False,low_support,unstable,high_fp_risk,aggregate_only,1173,1530
dureader,15,6,0.29333333333333333,0.32432432432432434,0.5714285714285714,0.5454545454545454,0.6770833333333334,0.6458333333333334,22,24,12,12,75,74,21,22,0.030990990990991008,0.025974025974025983,0.03125,2,False,low_support,unstable,high_fp_risk,aggregate_only,1144,1531
hotpotqa,15,6,0.18421052631578946,0.21333333333333335,0.6,0.5714285714285714,0.7708333333333334,0.7395833333333334,14,16,12,12,76,75,20,21,0.029122807017543884,0.02857142857142858,0.03125,2,False,low_support,unstable,high_fp_risk,aggregate_only,1199,1532
passage_retrieval_zh,0,0,0.1,0.10227272727272728,0.6666666666666666,0.625,0.8854166666666666,0.875,9,9,4,5,90,88,6,8,0.0022727272727272735,0.04166666666666663,0.01041666666666663,0,False,low_support,unstable,high_fp_risk,aggregate_only,1335,1533
dureader,11,6,0.024096385542168676,0.05,0.6923076923076923,0.625,0.9375,0.8958333333333334,2,4,9,10,83,80,13,16,0.025903614457831327,0.06730769230769229,0.04166666666666663,2,False,low_support,unstable,high_fp_risk,aggregate_only,1494,1534
hotpotqa,0,5,0.010416666666666666,0.020833333333333332,,,0.9895833333333334,0.9791666666666666,1,2,0,0,96,96,0,0,0.010416666666666666,0.0,0.01041666666666674,1,False,low_support,unstable,data_insufficient,aggregate_only,1519,1535
samsum,0,5,0.0,0.0,1.0,1.0,1.0,1.0,0,0,2,2,94,94,2,2,0.0,0.0,0.0,0,False,low_support,unstable,high_fp_risk,aggregate_only,1536,1536
