benchmark,model_name,model_identity_hash,method,display_method,backend_method,method_config_hash,problem_id,base_seed,sample_id,effective_seed,task_key,dataset_sha256,prompt_hash,input_token_hash,generation_config_hash,parser_hash,reference_answer,parsed_answer,is_correct,parser_strategy,parser_error,generated_tokens,generated_token_hash,generated_text_sha256,stop_reason,eos_stop,length_stop,truncated,oom,runtime_error,source_result_path,source_result_sha256,experiment_id,config_hash,git_commit,physical_gpu_id,gpu_uuid,timestamp,k_bits,v_bits,group_size,sink_length,recent_length,residual_length,selector,v4_budget_fraction,observed_v4_fraction,cache_mode,prompt_protocol,formal_key
aime25,DeepSeek-R1-Distill-Llama-8B,6af5ef5a437b77f7fb395930f430a9a266efaa5ead3804aa92c8359e141f6185,FP16,FP16,fp16,7cffe089a9825640,0,42,0,42,aime25:p0:s0,822a4c6ec6a41f65151cbc731d9d4ce2bb7bbd0f2f39bd7622be1b99d28e0d9d,0aa8edd27a3f078d857084cee9300ad8,4ef190c91f542a98419a563b7da52993,40fe960ae9f758e6,bench/aime_answer_parser.py:a7ab4395529caaa2cfcd9cb5203a2dd00723ac90fcd96d12bea77494b416b234,70,70,True,boxed,,2866,c275cc6a60471a0500e6fbc866c00f6b19c7171c2e007a128e2b51faea34bda6,bf285612259fa735948d760605cf455a2fd5db48e938da80f245142a124cc28e,eos,True,False,False,False,False,/home/qinch2023/v100_aime24_aime25_quality_work/Bounded-pattrenKV-method/results/aime25_full_causal25_quality_v100/formal/FP16/seed42/p00.json,5182dabb73c27564060266fc952126db71fb8164652e9ae827a6913c75ca1dcb,aime25_full_causal25_quality_v100_formal,fb8a77b673acfff3,fe834cd7e99a06f2aec37bfb6c74173ad7fee7c9,0,Tesla V100-SXM2-32GB,2026-08-20T07:41:08.615668+00:00,16,16,0,0,0,0,,,,,deepseek_r1_recommended,FP16:seed42:p00
aime25,DeepSeek-R1-Distill-Llama-8B,6af5ef5a437b77f7fb395930f430a9a266efaa5ead3804aa92c8359e141f6185,FP16,FP16,fp16,7cffe089a9825640,0,43,0,43,aime25:p0:s0,822a4c6ec6a41f65151cbc731d9d4ce2bb7bbd0f2f39bd7622be1b99d28e0d9d,0aa8edd27a3f078d857084cee9300ad8,4ef190c91f542a98419a563b7da52993,40fe960ae9f758e6,bench/aime_answer_parser.py:a7ab4395529caaa2cfcd9cb5203a2dd00723ac90fcd96d12bea77494b416b234,70,70,True,boxed,,2773,ad8d34e0f2ddee664cb32797376d0beb6876064d463ae3404baf2857e20a2495,ab6e43ca6202d1932615888108f72c868147d9838827e27b070b96088f751548,eos,True,False,False,False,False,/home/qinch2023/v100_aime24_aime25_quality_work/Bounded-pattrenKV-method/results/aime25_full_causal25_quality_v100/formal/FP16/seed43/p00.json,5e9cd0eab5005dcb16527069c5dd7066b79a8f5e32d4ce2863d3a10547214eca,aime25_full_causal25_quality_v100_formal,fb8a77b673acfff3,fe834cd7e99a06f2aec37bfb6c74173ad7fee7c9,0,Tesla V100-SXM2-32GB,2026-08-20T07:42:48.198848+00:00,16,16,0,0,0,0,,,,,deepseek_r1_recommended,FP16:seed43:p00
aime25,DeepSeek-R1-Distill-Llama-8B,6af5ef5a437b77f7fb395930f430a9a266efaa5ead3804aa92c8359e141f6185,FP16,FP16,fp16,7cffe089a9825640,0,44,0,44,aime25:p0:s0,822a4c6ec6a41f65151cbc731d9d4ce2bb7bbd0f2f39bd7622be1b99d28e0d9d,0aa8edd27a3f078d857084cee9300ad8,4ef190c91f542a98419a563b7da52993,40fe960ae9f758e6,bench/aime_answer_parser.py:a7ab4395529caaa2cfcd9cb5203a2dd00723ac90fcd96d12bea77494b416b234,70,915,False,boxed,,11207,d6cc90ffc26db6891bf1c7f52cf2095eb3b19b8a1960146018304efc39c544cc,0677a47b806029f9b133ce112d1cbab016cfe98f9549c02490de91d214a89b11,eos,True,False,False,False,False,/home/qinch2023/v100_aime24_aime25_quality_work/Bounded-pattrenKV-method/results/aime25_full_causal25_quality_v100/formal/FP16/seed44/p00.json,8a5f5b932e9081f426d57edb11b401e59d65f3bc65de3fa8bee0b9ec65f533a4,aime25_full_causal25_quality_v100_formal,fb8a77b673acfff3,fe834cd7e99a06f2aec37bfb6c74173ad7fee7c9,0,Tesla V100-SXM2-32GB,2026-08-20T07:52:50.265028+00:00,16,16,0,0,0,0,,,,,deepseek_r1_recommended,FP16:seed44:p00
aime25,DeepSeek-R1-Distill-Llama-8B,6af5ef5a437b77f7fb395930f430a9a266efaa5ead3804aa92c8359e141f6185,FP16,FP16,fp16,7cffe089a9825640,1,42,0,1042,aime25:p1:s0,822a4c6ec6a41f65151cbc731d9d4ce2bb7bbd0f2f39bd7622be1b99d28e0d9d,f27ac657e1ec0e7ef0a539a7c9c620ae,629622baf8d2584830c6b9967ecada73,40fe960ae9f758e6,bench/aime_answer_parser.py:a7ab4395529caaa2cfcd9cb5203a2dd00723ac90fcd96d12bea77494b416b234,588,768,False,boxed,,10868,6d4ee9cb82221f0d9a8c2436aaebe15dc1749720e41572a690f65e260cbc2115,23a8e36de522ee93ca3ad0583d1ffd5ec3de235fbfc388856425ba5f4cfb0daf,eos,True,False,False,False,False,/home/qinch2023/v100_aime24_aime25_quality_work/Bounded-pattrenKV-method/results/aime25_full_causal25_quality_v100/formal/FP16/seed42/p01.json,7afb9ea6b51591f78197578d1d9ff3fd8270f68f2f0cc691eb0164a18128c16b,aime25_full_causal25_quality_v100_formal,fb8a77b673acfff3,fe834cd7e99a06f2aec37bfb6c74173ad7fee7c9,0,Tesla V100-SXM2-32GB,2026-08-20T08:02:31.410806+00:00,16,16,0,0,0,0,,,,,deepseek_r1_recommended,FP16:seed42:p01
aime25,DeepSeek-R1-Distill-Llama-8B,6af5ef5a437b77f7fb395930f430a9a266efaa5ead3804aa92c8359e141f6185,FP16,FP16,fp16,7cffe089a9825640,1,43,0,1043,aime25:p1:s0,822a4c6ec6a41f65151cbc731d9d4ce2bb7bbd0f2f39bd7622be1b99d28e0d9d,f27ac657e1ec0e7ef0a539a7c9c620ae,629622baf8d2584830c6b9967ecada73,40fe960ae9f758e6,bench/aime_answer_parser.py:a7ab4395529caaa2cfcd9cb5203a2dd00723ac90fcd96d12bea77494b416b234,588,588,True,boxed,,7622,48c5ca06be7daf60ff452d867010c69efabbca6dda6906248c7ccd95b0d02633,570373fb173700ee61c36ca6bf3cda5060a8c7685c8c31264e45c21ddf6f39fe,eos,True,False,False,False,False,/home/qinch2023/v100_aime24_aime25_quality_work/Bounded-pattrenKV-method/results/aime25_full_causal25_quality_v100/formal/FP16/seed43/p01.json,153842ed17e0ef7dd7a0a61a47c68211c8a97f134afa2669e8ef92830acef5c6,aime25_full_causal25_quality_v100_formal,fb8a77b673acfff3,fe834cd7e99a06f2aec37bfb6c74173ad7fee7c9,0,Tesla V100-SXM2-32GB,2026-08-20T08:08:25.061349+00:00,16,16,0,0,0,0,,,,,deepseek_r1_recommended,FP16:seed43:p01
aime25,DeepSeek-R1-Distill-Llama-8B,6af5ef5a437b77f7fb395930f430a9a266efaa5ead3804aa92c8359e141f6185,FP16,FP16,fp16,7cffe089a9825640,1,44,0,1044,aime25:p1:s0,822a4c6ec6a41f65151cbc731d9d4ce2bb7bbd0f2f39bd7622be1b99d28e0d9d,f27ac657e1ec0e7ef0a539a7c9c620ae,629622baf8d2584830c6b9967ecada73,40fe960ae9f758e6,bench/aime_answer_parser.py:a7ab4395529caaa2cfcd9cb5203a2dd00723ac90fcd96d12bea77494b416b234,588,548,False,boxed,,6323,b98c3ac35f65a1693e20175dc7ae94018596eb6794aea59248083cce607e66f4,04ad8d113cdfda309c06552748b27e9cc78e267b2d3aea9c047d6733584001bc,eos,True,False,False,False,False,/home/qinch2023/v100_aime24_aime25_quality_work/Bounded-pattrenKV-method/results/aime25_full_causal25_quality_v100/formal/FP16/seed44/p01.json,c41cd0891ce09c9c504c36d72ce28ecf748da4846fa40a525448a0536e3873f6,aime25_full_causal25_quality_v100_formal,fb8a77b673acfff3,fe834cd7e99a06f2aec37bfb6c74173ad7fee7c9,0,Tesla V100-SXM2-32GB,2026-08-20T08:13:01.496151+00:00,16,16,0,0,0,0,,,,,deepseek_r1_recommended,FP16:seed44:p01
aime25,DeepSeek-R1-Distill-Llama-8B,6af5ef5a437b77f7fb395930f430a9a266efaa5ead3804aa92c8359e141f6185,FP16,FP16,fp16,7cffe089a9825640,2,42,0,2042,aime25:p2:s0,822a4c6ec6a41f65151cbc731d9d4ce2bb7bbd0f2f39bd7622be1b99d28e0d9d,b154e4cd8a12766975f679d58960ab8a,2866b5231d051e8f25d26a381ea73cb1,40fe960ae9f758e6,bench/aime_answer_parser.py:a7ab4395529caaa2cfcd9cb5203a2dd00723ac90fcd96d12bea77494b416b234,16,16,True,boxed,,5784,49140fa11e8f28f79c4faf6d9d027599356300a5f668adcc59a2b11371f60006,a1fd33bec80b429756584b1c92a5763be5fc5cd946cd70f38ff16728db67827a,eos,True,False,False,False,False,/home/qinch2023/v100_aime24_aime25_quality_work/Bounded-pattrenKV-method/results/aime25_full_causal25_quality_v100/formal/FP16/seed42/p02.json,3c4066f9b48dd5d44e7201ac06290302b05933e321cb8e9bae46bc59f56653ba,aime25_full_causal25_quality_v100_formal,fb8a77b673acfff3,fe834cd7e99a06f2aec37bfb6c74173ad7fee7c9,0,Tesla V100-SXM2-32GB,2026-08-20T08:17:09.551119+00:00,16,16,0,0,0,0,,,,,deepseek_r1_recommended,FP16:seed42:p02
aime25,DeepSeek-R1-Distill-Llama-8B,6af5ef5a437b77f7fb395930f430a9a266efaa5ead3804aa92c8359e141f6185,FP16,FP16,fp16,7cffe089a9825640,2,43,0,2043,aime25:p2:s0,822a4c6ec6a41f65151cbc731d9d4ce2bb7bbd0f2f39bd7622be1b99d28e0d9d,b154e4cd8a12766975f679d58960ab8a,2866b5231d051e8f25d26a381ea73cb1,40fe960ae9f758e6,bench/aime_answer_parser.py:a7ab4395529caaa2cfcd9cb5203a2dd00723ac90fcd96d12bea77494b416b234,16,16,True,boxed,,3794,9c5ecc521eee06bb7e682fc1a7ba047bca12b3c6649401a044ded26690755324,24714dc7d5cad1828807b7af57579823df779e8a41bd90eeb4082e303b6084ad,eos,True,False,False,False,False,/home/qinch2023/v100_aime24_aime25_quality_work/Bounded-pattrenKV-method/results/aime25_full_causal25_quality_v100/formal/FP16/seed43/p02.json,0b40986155b55a6f4c49903e845b61f10d9437196ad97113a2a548384e361e7e,aime25_full_causal25_quality_v100_formal,fb8a77b673acfff3,fe834cd7e99a06f2aec37bfb6c74173ad7fee7c9,0,Tesla V100-SXM2-32GB,2026-08-20T08:19:38.500226+00:00,16,16,0,0,0,0,,,,,deepseek_r1_recommended,FP16:seed43:p02
aime25,DeepSeek-R1-Distill-Llama-8B,6af5ef5a437b77f7fb395930f430a9a266efaa5ead3804aa92c8359e141f6185,FP16,FP16,fp16,7cffe089a9825640,2,44,0,2044,aime25:p2:s0,822a4c6ec6a41f65151cbc731d9d4ce2bb7bbd0f2f39bd7622be1b99d28e0d9d,b154e4cd8a12766975f679d58960ab8a,2866b5231d051e8f25d26a381ea73cb1,40fe960ae9f758e6,bench/aime_answer_parser.py:a7ab4395529caaa2cfcd9cb5203a2dd00723ac90fcd96d12bea77494b416b234,16,16,True,boxed,,3062,ccdfe6e87bfa217e447e0826fab4c6e2988d642fda313e72108df7ae5cfe14b2,e47f6f1755299f617c75f4a5ef622d6ca89a4402c5e35e6fb5be4abe43a5e66c,eos,True,False,False,False,False,/home/qinch2023/v100_aime24_aime25_quality_work/Bounded-pattrenKV-method/results/aime25_full_causal25_quality_v100/formal/FP16/seed44/p02.json,fb6bd58b54a50a200faf1019effcec693514d7747f06fd858ab17791a182f1d9,aime25_full_causal25_quality_v100_formal,fb8a77b673acfff3,fe834cd7e99a06f2aec37bfb6c74173ad7fee7c9,0,Tesla V100-SXM2-32GB,2026-08-20T08:21:31.388519+00:00,16,16,0,0,0,0,,,,,deepseek_r1_recommended,FP16:seed44:p02
aime25,DeepSeek-R1-Distill-Llama-8B,6af5ef5a437b77f7fb395930f430a9a266efaa5ead3804aa92c8359e141f6185,FP16,FP16,fp16,7cffe089a9825640,3,42,0,3042,aime25:p3:s0,822a4c6ec6a41f65151cbc731d9d4ce2bb7bbd0f2f39bd7622be1b99d28e0d9d,4e23311d7dfa4b6070198c38eb9b1766,d1fa92f5cd63fe490269c257103e01f3,40fe960ae9f758e6,bench/aime_answer_parser.py:a7ab4395529caaa2cfcd9cb5203a2dd00723ac90fcd96d12bea77494b416b234,117,117,True,boxed,,7058,fbef451586e22bce4b2bc0211dd569e65fd01439fc9fc6a643f8b14df89b0321,fde6da4c532ead2fb6bf41e6f2f85025e457f7723aae7387a27ec7758fc2414e,eos,True,False,False,False,False,/home/qinch2023/v100_aime24_aime25_quality_work/Bounded-pattrenKV-method/results/aime25_full_causal25_quality_v100/formal/FP16/seed42/p03.json,ca477e393f134792d503e0da12da943c2696dc711c4b8f8605e223386d8304ac,aime25_full_causal25_quality_v100_formal,fb8a77b673acfff3,fe834cd7e99a06f2aec37bfb6c74173ad7fee7c9,0,Tesla V100-SXM2-32GB,2026-08-20T08:26:48.661535+00:00,16,16,0,0,0,0,,,,,deepseek_r1_recommended,FP16:seed42:p03
aime25,DeepSeek-R1-Distill-Llama-8B,6af5ef5a437b77f7fb395930f430a9a266efaa5ead3804aa92c8359e141f6185,FP16,FP16,fp16,7cffe089a9825640,3,43,0,3043,aime25:p3:s0,822a4c6ec6a41f65151cbc731d9d4ce2bb7bbd0f2f39bd7622be1b99d28e0d9d,4e23311d7dfa4b6070198c38eb9b1766,d1fa92f5cd63fe490269c257103e01f3,40fe960ae9f758e6,bench/aime_answer_parser.py:a7ab4395529caaa2cfcd9cb5203a2dd00723ac90fcd96d12bea77494b416b234,117,117,True,boxed,,6129,7be02d8de372a766c00ba76d01f58dfe1790fc10b06c80f63f886ba127b97d51,ce6e7df9af352b7da3c842135f3e9f229cd804b5e8fa601ebea9e168e84d64b0,eos,True,False,False,False,False,/home/qinch2023/v100_aime24_aime25_quality_work/Bounded-pattrenKV-method/results/aime25_full_causal25_quality_v100/formal/FP16/seed43/p03.json,a47242c17868589a2aa365ff5156dd686f8e939d0f3ee0f4d8086ef884a963d9,aime25_full_causal25_quality_v100_formal,fb8a77b673acfff3,fe834cd7e99a06f2aec37bfb6c74173ad7fee7c9,0,Tesla V100-SXM2-32GB,2026-08-20T08:31:11.480796+00:00,16,16,0,0,0,0,,,,,deepseek_r1_recommended,FP16:seed43:p03
aime25,DeepSeek-R1-Distill-Llama-8B,6af5ef5a437b77f7fb395930f430a9a266efaa5ead3804aa92c8359e141f6185,FP16,FP16,fp16,7cffe089a9825640,3,44,0,3044,aime25:p3:s0,822a4c6ec6a41f65151cbc731d9d4ce2bb7bbd0f2f39bd7622be1b99d28e0d9d,4e23311d7dfa4b6070198c38eb9b1766,d1fa92f5cd63fe490269c257103e01f3,40fe960ae9f758e6,bench/aime_answer_parser.py:a7ab4395529caaa2cfcd9cb5203a2dd00723ac90fcd96d12bea77494b416b234,117,117,True,boxed,,4052,177cd80a1c1df82cd633c3e21684f05009ce418533536851b694b6a748caaff5,c2a4863096440ee06c117b9f0d7e5f46bc50790ed8af7cf80cb23886a9d31e09,eos,True,False,False,False,False,/home/qinch2023/v100_aime24_aime25_quality_work/Bounded-pattrenKV-method/results/aime25_full_causal25_quality_v100/formal/FP16/seed44/p03.json,6f6e372adf225bf28e67ff664f6c8f81f7efbedc642bd5eba4bef2e1d254abfa,aime25_full_causal25_quality_v100_formal,fb8a77b673acfff3,fe834cd7e99a06f2aec37bfb6c74173ad7fee7c9,0,Tesla V100-SXM2-32GB,2026-08-20T08:33:47.988730+00:00,16,16,0,0,0,0,,,,,deepseek_r1_recommended,FP16:seed44:p03
aime25,DeepSeek-R1-Distill-Llama-8B,6af5ef5a437b77f7fb395930f430a9a266efaa5ead3804aa92c8359e141f6185,FP16,FP16,fp16,7cffe089a9825640,4,42,0,4042,aime25:p4:s0,822a4c6ec6a41f65151cbc731d9d4ce2bb7bbd0f2f39bd7622be1b99d28e0d9d,d203570dd2cb4a40c3a495a237a94e6c,6a7fd6c176065bae7457ed3de0e773d8,40fe960ae9f758e6,bench/aime_answer_parser.py:a7ab4395529caaa2cfcd9cb5203a2dd00723ac90fcd96d12bea77494b416b234,279,279,True,boxed,,6195,0cc725895ab36ea818448f12b539e9e3a3a65ca8732c1e915ee7396e8d413196,ee4f9e5ea0fa710be9fe8ee31999c41114e9e648ae1bef3bf4506baf7069a06c,eos,True,False,False,False,False,/home/qinch2023/v100_aime24_aime25_quality_work/Bounded-pattrenKV-method/results/aime25_full_causal25_quality_v100/formal/FP16/seed42/p04.json,44e5a34012da020a5c8001a22333130ca97e754e0d5dcf62ce8c5065f5a4d36a,aime25_full_causal25_quality_v100_formal,fb8a77b673acfff3,fe834cd7e99a06f2aec37bfb6c74173ad7fee7c9,0,Tesla V100-SXM2-32GB,2026-08-20T08:38:15.175661+00:00,16,16,0,0,0,0,,,,,deepseek_r1_recommended,FP16:seed42:p04
aime25,DeepSeek-R1-Distill-Llama-8B,6af5ef5a437b77f7fb395930f430a9a266efaa5ead3804aa92c8359e141f6185,FP16,FP16,fp16,7cffe089a9825640,4,43,0,4043,aime25:p4:s0,822a4c6ec6a41f65151cbc731d9d4ce2bb7bbd0f2f39bd7622be1b99d28e0d9d,d203570dd2cb4a40c3a495a237a94e6c,6a7fd6c176065bae7457ed3de0e773d8,40fe960ae9f758e6,bench/aime_answer_parser.py:a7ab4395529caaa2cfcd9cb5203a2dd00723ac90fcd96d12bea77494b416b234,279,279,True,boxed,,9640,b3e75c1a312f1810c255624aa7c8d84c7fb969e86d8ba76626312ac41ba557e1,3954599c71ee91aa5f790d663411f867a75f20e080bfeec72c6a7825b3b15ccb,eos,True,False,False,False,False,/home/qinch2023/v100_aime24_aime25_quality_work/Bounded-pattrenKV-method/results/aime25_full_causal25_quality_v100/formal/FP16/seed43/p04.json,8376c06c14ac6bf0e1137c87bcb8a720eeee836747536abf853f049e13750319,aime25_full_causal25_quality_v100_formal,fb8a77b673acfff3,fe834cd7e99a06f2aec37bfb6c74173ad7fee7c9,0,Tesla V100-SXM2-32GB,2026-08-20T08:46:19.406816+00:00,16,16,0,0,0,0,,,,,deepseek_r1_recommended,FP16:seed43:p04
aime25,DeepSeek-R1-Distill-Llama-8B,6af5ef5a437b77f7fb395930f430a9a266efaa5ead3804aa92c8359e141f6185,FP16,FP16,fp16,7cffe089a9825640,4,44,0,4044,aime25:p4:s0,822a4c6ec6a41f65151cbc731d9d4ce2bb7bbd0f2f39bd7622be1b99d28e0d9d,d203570dd2cb4a40c3a495a237a94e6c,6a7fd6c176065bae7457ed3de0e773d8,40fe960ae9f758e6,bench/aime_answer_parser.py:a7ab4395529caaa2cfcd9cb5203a2dd00723ac90fcd96d12bea77494b416b234,279,0,False,tail_integer,,9492,29c72eadcfa556a6e390504406c93ea0c7adcbc2228fbb7f9ffbde3a38b312b1,799c915274800603b79b0f459c9bcbb775dc080955b46e9bbe9f677acc67afd4,eos,True,False,False,False,False,/home/qinch2023/v100_aime24_aime25_quality_work/Bounded-pattrenKV-method/results/aime25_full_causal25_quality_v100/formal/FP16/seed44/p04.json,36ce7be55605eae1b89d61201bf9255e3a71c3cc462c280662adf3c7d06fbb78,aime25_full_causal25_quality_v100_formal,fb8a77b673acfff3,fe834cd7e99a06f2aec37bfb6c74173ad7fee7c9,0,Tesla V100-SXM2-32GB,2026-08-20T08:54:13.311031+00:00,16,16,0,0,0,0,,,,,deepseek_r1_recommended,FP16:seed44:p04
aime25,DeepSeek-R1-Distill-Llama-8B,6af5ef5a437b77f7fb395930f430a9a266efaa5ead3804aa92c8359e141f6185,FP16,FP16,fp16,7cffe089a9825640,5,42,0,5042,aime25:p5:s0,822a4c6ec6a41f65151cbc731d9d4ce2bb7bbd0f2f39bd7622be1b99d28e0d9d,5604f42e3edc95e3611c2bb9092c3753,f3a79cd6beb69ce526004ce8289c1641,40fe960ae9f758e6,bench/aime_answer_parser.py:a7ab4395529caaa2cfcd9cb5203a2dd00723ac90fcd96d12bea77494b416b234,504,504,True,boxed,,3888,2b9709d3f96885e601bb2a5f2ac13062343fd2003adba75ba3360fc79096a999,b8bae17f132c0316b3c01b2c551757e4b40b837d18e399ab8eccbe4c37b7100e,eos,True,False,False,False,False,/home/qinch2023/v100_aime24_aime25_quality_work/Bounded-pattrenKV-method/results/aime25_full_causal25_quality_v100/formal/FP16/seed42/p05.json,611bf1fc31f9e89ccbaa6d9cdc4c1ed6cee57a15aa41fe072c63aaf2e6d46ece,aime25_full_causal25_quality_v100_formal,fb8a77b673acfff3,fe834cd7e99a06f2aec37bfb6c74173ad7fee7c9,0,Tesla V100-SXM2-32GB,2026-08-20T08:56:42.599146+00:00,16,16,0,0,0,0,,,,,deepseek_r1_recommended,FP16:seed42:p05
aime25,DeepSeek-R1-Distill-Llama-8B,6af5ef5a437b77f7fb395930f430a9a266efaa5ead3804aa92c8359e141f6185,FP16,FP16,fp16,7cffe089a9825640,5,43,0,5043,aime25:p5:s0,822a4c6ec6a41f65151cbc731d9d4ce2bb7bbd0f2f39bd7622be1b99d28e0d9d,5604f42e3edc95e3611c2bb9092c3753,f3a79cd6beb69ce526004ce8289c1641,40fe960ae9f758e6,bench/aime_answer_parser.py:a7ab4395529caaa2cfcd9cb5203a2dd00723ac90fcd96d12bea77494b416b234,504,504,True,boxed,,3570,63d06ef5891bc4181f98e79816751425d81132127815179c3e15f000a68f8fe3,890f9ee2186a9d96dfe037c577e993cedf5a1b137dec14f7569fb9e6350b0c55,eos,True,False,False,False,False,/home/qinch2023/v100_aime24_aime25_quality_work/Bounded-pattrenKV-method/results/aime25_full_causal25_quality_v100/formal/FP16/seed43/p05.json,2bed5111b2cafece6ab1c17f5a6cae31154eb9d43a17b79e7f26c1a02931e2cf,aime25_full_causal25_quality_v100_formal,fb8a77b673acfff3,fe834cd7e99a06f2aec37bfb6c74173ad7fee7c9,0,Tesla V100-SXM2-32GB,2026-08-20T08:58:57.301973+00:00,16,16,0,0,0,0,,,,,deepseek_r1_recommended,FP16:seed43:p05
aime25,DeepSeek-R1-Distill-Llama-8B,6af5ef5a437b77f7fb395930f430a9a266efaa5ead3804aa92c8359e141f6185,FP16,FP16,fp16,7cffe089a9825640,5,44,0,5044,aime25:p5:s0,822a4c6ec6a41f65151cbc731d9d4ce2bb7bbd0f2f39bd7622be1b99d28e0d9d,5604f42e3edc95e3611c2bb9092c3753,f3a79cd6beb69ce526004ce8289c1641,40fe960ae9f758e6,bench/aime_answer_parser.py:a7ab4395529caaa2cfcd9cb5203a2dd00723ac90fcd96d12bea77494b416b234,504,504,True,boxed,,2497,40727e12951c6e41e140542a54de985d84b97aec4ada4c13f55fe2a31b1d754f,e006ac7137f59cb946c328dc6cb622f8b73b9ad1b728f89590f6c4232980b0a3,eos,True,False,False,False,False,/home/qinch2023/v100_aime24_aime25_quality_work/Bounded-pattrenKV-method/results/aime25_full_causal25_quality_v100/formal/FP16/seed44/p05.json,08b75316b4829f3945e43900525dcb390b7243e880a5966235ab3f7faf952154,aime25_full_causal25_quality_v100_formal,fb8a77b673acfff3,fe834cd7e99a06f2aec37bfb6c74173ad7fee7c9,0,Tesla V100-SXM2-32GB,2026-08-20T09:00:25.975995+00:00,16,16,0,0,0,0,,,,,deepseek_r1_recommended,FP16:seed44:p05
aime25,DeepSeek-R1-Distill-Llama-8B,6af5ef5a437b77f7fb395930f430a9a266efaa5ead3804aa92c8359e141f6185,FP16,FP16,fp16,7cffe089a9825640,6,42,0,6042,aime25:p6:s0,822a4c6ec6a41f65151cbc731d9d4ce2bb7bbd0f2f39bd7622be1b99d28e0d9d,64a9ecdf5412d53e357a15aa766d1964,0118dd7f643d1d586b611f86a0df389e,40fe960ae9f758e6,bench/aime_answer_parser.py:a7ab4395529caaa2cfcd9cb5203a2dd00723ac90fcd96d12bea77494b416b234,821,,False,failure,,32768,6e349cdab7b4855d557c5008ebd1ff58539c916ef6724d54c6a3000f1f9a7c4d,e815cdae200ec43fa8189fd683b626caeb1c13bea6f4f31cf46abd4795e2d9fb,length,False,True,True,False,False,/home/qinch2023/v100_aime24_aime25_quality_work/Bounded-pattrenKV-method/results/aime25_full_causal25_quality_v100/formal/FP16/seed42/p06.json,a35211536e84e467abe4bae337e60ac96d2bd5a24124fc7524a39575e798d449,aime25_full_causal25_quality_v100_formal,fb8a77b673acfff3,fe834cd7e99a06f2aec37bfb6c74173ad7fee7c9,0,Tesla V100-SXM2-32GB,2026-08-20T09:58:11.277014+00:00,16,16,0,0,0,0,,,,,deepseek_r1_recommended,FP16:seed42:p06
aime25,DeepSeek-R1-Distill-Llama-8B,6af5ef5a437b77f7fb395930f430a9a266efaa5ead3804aa92c8359e141f6185,FP16,FP16,fp16,7cffe089a9825640,6,43,0,6043,aime25:p6:s0,822a4c6ec6a41f65151cbc731d9d4ce2bb7bbd0f2f39bd7622be1b99d28e0d9d,64a9ecdf5412d53e357a15aa766d1964,0118dd7f643d1d586b611f86a0df389e,40fe960ae9f758e6,bench/aime_answer_parser.py:a7ab4395529caaa2cfcd9cb5203a2dd00723ac90fcd96d12bea77494b416b234,821,1,False,boxed,,12042,28ff099f369c80149bbe838f6cbc3a324258cbf9649c5487263376469513f533,82a5fd7ace851865aae73e08b33c839fa50305d93629779043d4a00729582346,eos,True,False,False,False,False,/home/qinch2023/v100_aime24_aime25_quality_work/Bounded-pattrenKV-method/results/aime25_full_causal25_quality_v100/formal/FP16/seed43/p06.json,16c7ae692d4dc615744c1be3d1cc5d90fa57f24aafcffc540fc5012416fbceb5,aime25_full_causal25_quality_v100_formal,fb8a77b673acfff3,fe834cd7e99a06f2aec37bfb6c74173ad7fee7c9,0,Tesla V100-SXM2-32GB,2026-08-20T10:09:23.434009+00:00,16,16,0,0,0,0,,,,,deepseek_r1_recommended,FP16:seed43:p06
aime25,DeepSeek-R1-Distill-Llama-8B,6af5ef5a437b77f7fb395930f430a9a266efaa5ead3804aa92c8359e141f6185,FP16,FP16,fp16,7cffe089a9825640,6,44,0,6044,aime25:p6:s0,822a4c6ec6a41f65151cbc731d9d4ce2bb7bbd0f2f39bd7622be1b99d28e0d9d,64a9ecdf5412d53e357a15aa766d1964,0118dd7f643d1d586b611f86a0df389e,40fe960ae9f758e6,bench/aime_answer_parser.py:a7ab4395529caaa2cfcd9cb5203a2dd00723ac90fcd96d12bea77494b416b234,821,12,False,boxed,,16349,3e7814d511bc410fbdc32894e50da6452ae908bee716b1e57e25abf571493dd5,151d818f0f2c24c8c458031bf89411d7064b2fa52eb2ec5f62373fce9b4decfa,eos,True,False,False,False,False,/home/qinch2023/v100_aime24_aime25_quality_work/Bounded-pattrenKV-method/results/aime25_full_causal25_quality_v100/formal/FP16/seed44/p06.json,5452ab1daefcc0459840b1fda9a159e5d73099f57efe10d3ad7987331d2d92ef,aime25_full_causal25_quality_v100_formal,fb8a77b673acfff3,fe834cd7e99a06f2aec37bfb6c74173ad7fee7c9,0,Tesla V100-SXM2-32GB,2026-08-20T10:27:27.335225+00:00,16,16,0,0,0,0,,,,,deepseek_r1_recommended,FP16:seed44:p06
aime25,DeepSeek-R1-Distill-Llama-8B,6af5ef5a437b77f7fb395930f430a9a266efaa5ead3804aa92c8359e141f6185,FP16,FP16,fp16,7cffe089a9825640,7,42,0,7042,aime25:p7:s0,822a4c6ec6a41f65151cbc731d9d4ce2bb7bbd0f2f39bd7622be1b99d28e0d9d,e48e26a548dbc997ebb4ec40aed20ce2,b999bcfa740ff9dea815d3ee103b6b23,40fe960ae9f758e6,bench/aime_answer_parser.py:a7ab4395529caaa2cfcd9cb5203a2dd00723ac90fcd96d12bea77494b416b234,77,697,False,tail_integer,,12575,d1e3714796601f2c2afca3f441cfe19d5354d41e2961786f93018ddd76fd37b8,ca1e13994720d16df1f3050961dd89206d65c1ef6d284827ee9ab20f25a90949,eos,True,False,False,False,False,/home/qinch2023/v100_aime24_aime25_quality_work/Bounded-pattrenKV-method/results/aime25_full_causal25_quality_v100/formal/FP16/seed42/p07.json,c7f0e35bccf58064e0a7313ef4306ad34ecd382ec8b4de7938c93e86cc00948b,aime25_full_causal25_quality_v100_formal,fb8a77b673acfff3,fe834cd7e99a06f2aec37bfb6c74173ad7fee7c9,0,Tesla V100-SXM2-32GB,2026-08-20T10:39:23.937394+00:00,16,16,0,0,0,0,,,,,deepseek_r1_recommended,FP16:seed42:p07
aime25,DeepSeek-R1-Distill-Llama-8B,6af5ef5a437b77f7fb395930f430a9a266efaa5ead3804aa92c8359e141f6185,FP16,FP16,fp16,7cffe089a9825640,7,43,0,7043,aime25:p7:s0,822a4c6ec6a41f65151cbc731d9d4ce2bb7bbd0f2f39bd7622be1b99d28e0d9d,e48e26a548dbc997ebb4ec40aed20ce2,b999bcfa740ff9dea815d3ee103b6b23,40fe960ae9f758e6,bench/aime_answer_parser.py:a7ab4395529caaa2cfcd9cb5203a2dd00723ac90fcd96d12bea77494b416b234,77,77,True,boxed,,14302,2c45a42a423fdff92727a8a997d3a45615a9c57cac3598c8e09abac12ddfab27,ef2954a35512abfb967f3d159c28650b88c5fb1b48f07c3d1d371a18e3a9090f,eos,True,False,False,False,False,/home/qinch2023/v100_aime24_aime25_quality_work/Bounded-pattrenKV-method/results/aime25_full_causal25_quality_v100/formal/FP16/seed43/p07.json,02cd05c9d1b2c99d7cb66be8da261965842206093d229eb7d3d7428b8347f4fe,aime25_full_causal25_quality_v100_formal,fb8a77b673acfff3,fe834cd7e99a06f2aec37bfb6c74173ad7fee7c9,0,Tesla V100-SXM2-32GB,2026-08-20T10:53:59.134537+00:00,16,16,0,0,0,0,,,,,deepseek_r1_recommended,FP16:seed43:p07
aime25,DeepSeek-R1-Distill-Llama-8B,6af5ef5a437b77f7fb395930f430a9a266efaa5ead3804aa92c8359e141f6185,FP16,FP16,fp16,7cffe089a9825640,7,44,0,7044,aime25:p7:s0,822a4c6ec6a41f65151cbc731d9d4ce2bb7bbd0f2f39bd7622be1b99d28e0d9d,e48e26a548dbc997ebb4ec40aed20ce2,b999bcfa740ff9dea815d3ee103b6b23,40fe960ae9f758e6,bench/aime_answer_parser.py:a7ab4395529caaa2cfcd9cb5203a2dd00723ac90fcd96d12bea77494b416b234,77,59,False,boxed,,2962,efc19105023a319baa5e9fe754f92e49fd1214fdfb18ebb7c970980050b97d06,8828ec5963de23f3b8d73948c4530fb529d0053d05a916ca34ec3affa3892433,eos,True,False,False,False,False,/home/qinch2023/v100_aime24_aime25_quality_work/Bounded-pattrenKV-method/results/aime25_full_causal25_quality_v100/formal/FP16/seed44/p07.json,ce9ceca9ff348742beea833b54544241c4dd148008d771262a78257c055060f3,aime25_full_causal25_quality_v100_formal,fb8a77b673acfff3,fe834cd7e99a06f2aec37bfb6c74173ad7fee7c9,0,Tesla V100-SXM2-32GB,2026-08-20T10:55:48.130268+00:00,16,16,0,0,0,0,,,,,deepseek_r1_recommended,FP16:seed44:p07
aime25,DeepSeek-R1-Distill-Llama-8B,6af5ef5a437b77f7fb395930f430a9a266efaa5ead3804aa92c8359e141f6185,FP16,FP16,fp16,7cffe089a9825640,8,42,0,8042,aime25:p8:s0,822a4c6ec6a41f65151cbc731d9d4ce2bb7bbd0f2f39bd7622be1b99d28e0d9d,abe1b13843ffd34319fb6020222c465e,424ea0bf42bd95a9daf62f57743d4f41,40fe960ae9f758e6,bench/aime_answer_parser.py:a7ab4395529caaa2cfcd9cb5203a2dd00723ac90fcd96d12bea77494b416b234,62,,False,failure,,32768,79cf5b47234603fa16a6f0d4cbf26a25665f3d30ec832f6f75a5de933868e6a7,3cde6de299178495aec949d0fa00ea7af9c53d768fbfac99b9e37d286ee16fa3,length,False,True,True,False,False,/home/qinch2023/v100_aime24_aime25_quality_work/Bounded-pattrenKV-method/results/aime25_full_causal25_quality_v100/formal/FP16/seed42/p08.json,7221a6bcfb8ea52672720b6e6cace7a21b3dc13c34ecf9bf6d2465395a0b3880,aime25_full_causal25_quality_v100_formal,fb8a77b673acfff3,fe834cd7e99a06f2aec37bfb6c74173ad7fee7c9,0,Tesla V100-SXM2-32GB,2026-08-20T11:53:27.141832+00:00,16,16,0,0,0,0,,,,,deepseek_r1_recommended,FP16:seed42:p08
aime25,DeepSeek-R1-Distill-Llama-8B,6af5ef5a437b77f7fb395930f430a9a266efaa5ead3804aa92c8359e141f6185,FP16,FP16,fp16,7cffe089a9825640,8,43,0,8043,aime25:p8:s0,822a4c6ec6a41f65151cbc731d9d4ce2bb7bbd0f2f39bd7622be1b99d28e0d9d,abe1b13843ffd34319fb6020222c465e,424ea0bf42bd95a9daf62f57743d4f41,40fe960ae9f758e6,bench/aime_answer_parser.py:a7ab4395529caaa2cfcd9cb5203a2dd00723ac90fcd96d12bea77494b416b234,62,44,False,boxed,,25116,a75c53285a430065348eb8fc58b35dbfe7aae35856775bb4b8b86cd1e4344777,a0943f891766c16c0c5d812c0b0deb2bb5fb0bca48b195a909593ab54673610a,eos,True,False,False,False,False,/home/qinch2023/v100_aime24_aime25_quality_work/Bounded-pattrenKV-method/results/aime25_full_causal25_quality_v100/formal/FP16/seed43/p08.json,67d3cb1a511f35bce4018a1ccbd99572fa960c54a0388c8b636cffbfdcdf4435,aime25_full_causal25_quality_v100_formal,fb8a77b673acfff3,fe834cd7e99a06f2aec37bfb6c74173ad7fee7c9,0,Tesla V100-SXM2-32GB,2026-08-20T12:30:00.809755+00:00,16,16,0,0,0,0,,,,,deepseek_r1_recommended,FP16:seed43:p08
aime25,DeepSeek-R1-Distill-Llama-8B,6af5ef5a437b77f7fb395930f430a9a266efaa5ead3804aa92c8359e141f6185,FP16,FP16,fp16,7cffe089a9825640,8,44,0,8044,aime25:p8:s0,822a4c6ec6a41f65151cbc731d9d4ce2bb7bbd0f2f39bd7622be1b99d28e0d9d,abe1b13843ffd34319fb6020222c465e,424ea0bf42bd95a9daf62f57743d4f41,40fe960ae9f758e6,bench/aime_answer_parser.py:a7ab4395529caaa2cfcd9cb5203a2dd00723ac90fcd96d12bea77494b416b234,62,62,True,boxed,,9929,12b3f005b70081ca5704dde07439d36d3b66a0608e7caa422c43570b33dc59a5,132cbba412784754ceb5eff8e7b9e15ddd6848df7b9b3345a22407c7eb713a87,eos,True,False,False,False,False,/home/qinch2023/v100_aime24_aime25_quality_work/Bounded-pattrenKV-method/results/aime25_full_causal25_quality_v100/formal/FP16/seed44/p08.json,c4e77ce5ff31f28afb6d876b521ee5a12367c34452f7014734886f2e0f3f8c8d,aime25_full_causal25_quality_v100_formal,fb8a77b673acfff3,fe834cd7e99a06f2aec37bfb6c74173ad7fee7c9,0,Tesla V100-SXM2-32GB,2026-08-20T12:38:26.200955+00:00,16,16,0,0,0,0,,,,,deepseek_r1_recommended,FP16:seed44:p08
aime25,DeepSeek-R1-Distill-Llama-8B,6af5ef5a437b77f7fb395930f430a9a266efaa5ead3804aa92c8359e141f6185,FP16,FP16,fp16,7cffe089a9825640,9,42,0,9042,aime25:p9:s0,822a4c6ec6a41f65151cbc731d9d4ce2bb7bbd0f2f39bd7622be1b99d28e0d9d,eb00d45669943e5290559cf2bad97710,40123f77320631173972c9988f97c095,40fe960ae9f758e6,bench/aime_answer_parser.py:a7ab4395529caaa2cfcd9cb5203a2dd00723ac90fcd96d12bea77494b416b234,81,6,False,tail_integer,,32768,7aa69c26eb3ef58f5856be0240c7c378e2601819d46749832358ffb315ede7b9,eca7e43a50bfaa7bae3536eb50f2ddbdef664c563f89c57b8ab15874819b5bd4,length,False,True,True,False,False,/home/qinch2023/v100_aime24_aime25_quality_work/Bounded-pattrenKV-method/results/aime25_full_causal25_quality_v100/formal/FP16/seed42/p09.json,c7b56563e780796fedd2d037ab0e11762cbfe72a6ee2629a5370a1e0b6682f3f,aime25_full_causal25_quality_v100_formal,fb8a77b673acfff3,fe834cd7e99a06f2aec37bfb6c74173ad7fee7c9,0,Tesla V100-SXM2-32GB,2026-08-20T13:37:10.094122+00:00,16,16,0,0,0,0,,,,,deepseek_r1_recommended,FP16:seed42:p09
aime25,DeepSeek-R1-Distill-Llama-8B,6af5ef5a437b77f7fb395930f430a9a266efaa5ead3804aa92c8359e141f6185,FP16,FP16,fp16,7cffe089a9825640,9,43,0,9043,aime25:p9:s0,822a4c6ec6a41f65151cbc731d9d4ce2bb7bbd0f2f39bd7622be1b99d28e0d9d,eb00d45669943e5290559cf2bad97710,40123f77320631173972c9988f97c095,40fe960ae9f758e6,bench/aime_answer_parser.py:a7ab4395529caaa2cfcd9cb5203a2dd00723ac90fcd96d12bea77494b416b234,81,9,False,tail_integer,,32768,5757c6ad65e5a5c8aac6928003bebe6f67f0c82beaaf94a69584ae2954f85b00,f41b0084b080420a708b2ac9eb63c3b58c4067ae2511cd198fa16def8f842d28,length,False,True,True,False,False,/home/qinch2023/v100_aime24_aime25_quality_work/Bounded-pattrenKV-method/results/aime25_full_causal25_quality_v100/formal/FP16/seed43/p09.json,10db4e751847b52e29789eb6fc03b632a97e975702518ee9b4799b5fae434c4c,aime25_full_causal25_quality_v100_formal,fb8a77b673acfff3,fe834cd7e99a06f2aec37bfb6c74173ad7fee7c9,0,Tesla V100-SXM2-32GB,2026-08-20T14:35:54.424152+00:00,16,16,0,0,0,0,,,,,deepseek_r1_recommended,FP16:seed43:p09
aime25,DeepSeek-R1-Distill-Llama-8B,6af5ef5a437b77f7fb395930f430a9a266efaa5ead3804aa92c8359e141f6185,FP16,FP16,fp16,7cffe089a9825640,9,44,0,9044,aime25:p9:s0,822a4c6ec6a41f65151cbc731d9d4ce2bb7bbd0f2f39bd7622be1b99d28e0d9d,eb00d45669943e5290559cf2bad97710,40123f77320631173972c9988f97c095,40fe960ae9f758e6,bench/aime_answer_parser.py:a7ab4395529caaa2cfcd9cb5203a2dd00723ac90fcd96d12bea77494b416b234,81,,False,failure,,18831,5c0fa55cdb71a2df225f168f1c0fc8de62b897a0c0e55d23845e5f5b79f13e03,eca74360f7e9d0c049a70c9352ea3d9f298a0a6c2ca56bc90f667d07e0ed309f,eos,True,False,False,False,False,/home/qinch2023/v100_aime24_aime25_quality_work/Bounded-pattrenKV-method/results/aime25_full_causal25_quality_v100/formal/FP16/seed44/p09.json,7eb079fb08a53c75cddf28e30b7bdf960be1dc14c2ad66429c2e159f775a7608,aime25_full_causal25_quality_v100_formal,fb8a77b673acfff3,fe834cd7e99a06f2aec37bfb6c74173ad7fee7c9,0,Tesla V100-SXM2-32GB,2026-08-20T14:59:10.618982+00:00,16,16,0,0,0,0,,,,,deepseek_r1_recommended,FP16:seed44:p09
aime25,DeepSeek-R1-Distill-Llama-8B,6af5ef5a437b77f7fb395930f430a9a266efaa5ead3804aa92c8359e141f6185,FP16,FP16,fp16,7cffe089a9825640,10,42,0,10042,aime25:p10:s0,822a4c6ec6a41f65151cbc731d9d4ce2bb7bbd0f2f39bd7622be1b99d28e0d9d,d2ed0dcf88321e998d60fcd3c69c9026,0f8e537044bef92fb63caf29fbff2e16,40fe960ae9f758e6,bench/aime_answer_parser.py:a7ab4395529caaa2cfcd9cb5203a2dd00723ac90fcd96d12bea77494b416b234,259,36,False,final_answer_nearby_integer,,32768,9c136cc8d93e7dd0712098ee66ae06d828fcadf9b29e2e86a48ced8ecc9dc0f5,8a69b519f8593da17bcde37016a4bd4646c0fa7a4bffb2511ca588ee4b3da35a,length,False,True,True,False,False,/home/qinch2023/v100_aime24_aime25_quality_work/Bounded-pattrenKV-method/results/aime25_full_causal25_quality_v100/formal/FP16/seed42/p10.json,5cfe989764059d97aad7fa9ae47995d18c9644cd74baf99dd421aa16a6eb6aea,aime25_full_causal25_quality_v100_formal,fb8a77b673acfff3,fe834cd7e99a06f2aec37bfb6c74173ad7fee7c9,0,Tesla V100-SXM2-32GB,2026-08-20T15:58:38.127005+00:00,16,16,0,0,0,0,,,,,deepseek_r1_recommended,FP16:seed42:p10
aime25,DeepSeek-R1-Distill-Llama-8B,6af5ef5a437b77f7fb395930f430a9a266efaa5ead3804aa92c8359e141f6185,FP16,FP16,fp16,7cffe089a9825640,10,43,0,10043,aime25:p10:s0,822a4c6ec6a41f65151cbc731d9d4ce2bb7bbd0f2f39bd7622be1b99d28e0d9d,d2ed0dcf88321e998d60fcd3c69c9026,0f8e537044bef92fb63caf29fbff2e16,40fe960ae9f758e6,bench/aime_answer_parser.py:a7ab4395529caaa2cfcd9cb5203a2dd00723ac90fcd96d12bea77494b416b234,259,36,False,boxed,,22148,e1e1366e71b29e649db055cece24f5747bdf7a9f964b91b3f6d9a6c4d576c9e7,23c6b4c0a549072cf37671b538406f4150b65d4fc50d5b0875f9f005ad2a82f3,eos,True,False,False,False,False,/home/qinch2023/v100_aime24_aime25_quality_work/Bounded-pattrenKV-method/results/aime25_full_causal25_quality_v100/formal/FP16/seed43/p10.json,1365b2a02c383fa0f959ff6d9246a70ef1f77fa50864ad556a3589fb35ba8f7e,aime25_full_causal25_quality_v100_formal,fb8a77b673acfff3,fe834cd7e99a06f2aec37bfb6c74173ad7fee7c9,0,Tesla V100-SXM2-32GB,2026-08-20T16:29:27.911065+00:00,16,16,0,0,0,0,,,,,deepseek_r1_recommended,FP16:seed43:p10
aime25,DeepSeek-R1-Distill-Llama-8B,6af5ef5a437b77f7fb395930f430a9a266efaa5ead3804aa92c8359e141f6185,FP16,FP16,fp16,7cffe089a9825640,10,44,0,10044,aime25:p10:s0,822a4c6ec6a41f65151cbc731d9d4ce2bb7bbd0f2f39bd7622be1b99d28e0d9d,d2ed0dcf88321e998d60fcd3c69c9026,0f8e537044bef92fb63caf29fbff2e16,40fe960ae9f758e6,bench/aime_answer_parser.py:a7ab4395529caaa2cfcd9cb5203a2dd00723ac90fcd96d12bea77494b416b234,259,38,False,boxed,,16645,ca915aee7f4c2bf83b1d749ea1ecc8bdd5d52a15b594305b1e05b6d3aec863a5,6e6c774b089851b9002e2086f7573b2335d778d8c334eb800e07ee20ba861aec,eos,True,False,False,False,False,/home/qinch2023/v100_aime24_aime25_quality_work/Bounded-pattrenKV-method/results/aime25_full_causal25_quality_v100/formal/FP16/seed44/p10.json,dfc91fb1965550efe693850b8e656a45348e50b7edcf9d271288f97d20e36813,aime25_full_causal25_quality_v100_formal,fb8a77b673acfff3,fe834cd7e99a06f2aec37bfb6c74173ad7fee7c9,0,Tesla V100-SXM2-32GB,2026-08-20T16:48:55.157030+00:00,16,16,0,0,0,0,,,,,deepseek_r1_recommended,FP16:seed44:p10
aime25,DeepSeek-R1-Distill-Llama-8B,6af5ef5a437b77f7fb395930f430a9a266efaa5ead3804aa92c8359e141f6185,FP16,FP16,fp16,7cffe089a9825640,11,42,0,11042,aime25:p11:s0,822a4c6ec6a41f65151cbc731d9d4ce2bb7bbd0f2f39bd7622be1b99d28e0d9d,d9333fd9433fc6e62c7889822ef91441,8af875bdb7646b0ec7a7c973e0fa93dc,40fe960ae9f758e6,bench/aime_answer_parser.py:a7ab4395529caaa2cfcd9cb5203a2dd00723ac90fcd96d12bea77494b416b234,510,3,False,tail_integer,,13757,503445e138be565146c525a51e097cc233231336eb806649b112fe23f5a4a827,e02028973d527fc0c4222d0a1c64886cf6d7e012696aced07a2a29d748c16433,eos,True,False,False,False,False,/home/qinch2023/v100_aime24_aime25_quality_work/Bounded-pattrenKV-method/results/aime25_full_causal25_quality_v100/formal/FP16/seed42/p11.json,04809875cf4d465bf3ac47b97cb08a98b9153dfb473c60644357765266a64a2e,aime25_full_causal25_quality_v100_formal,fb8a77b673acfff3,fe834cd7e99a06f2aec37bfb6c74173ad7fee7c9,0,Tesla V100-SXM2-32GB,2026-08-20T17:02:37.493562+00:00,16,16,0,0,0,0,,,,,deepseek_r1_recommended,FP16:seed42:p11
aime25,DeepSeek-R1-Distill-Llama-8B,6af5ef5a437b77f7fb395930f430a9a266efaa5ead3804aa92c8359e141f6185,FP16,FP16,fp16,7cffe089a9825640,11,43,0,11043,aime25:p11:s0,822a4c6ec6a41f65151cbc731d9d4ce2bb7bbd0f2f39bd7622be1b99d28e0d9d,d9333fd9433fc6e62c7889822ef91441,8af875bdb7646b0ec7a7c973e0fa93dc,40fe960ae9f758e6,bench/aime_answer_parser.py:a7ab4395529caaa2cfcd9cb5203a2dd00723ac90fcd96d12bea77494b416b234,510,510,True,boxed,,20912,8c7f52948116715b9ee2fddc71d26c12c6b2f8e8007a1689f473998b34d5ae65,b4e3ebcb2b68eee114bc780654b00bfa9e51f29c06c19e6d4e3a8391b2c27e22,eos,True,False,False,False,False,/home/qinch2023/v100_aime24_aime25_quality_work/Bounded-pattrenKV-method/results/aime25_full_causal25_quality_v100/formal/FP16/seed43/p11.json,f7f69d8636092e520bf832b14949139ce9ada5204ce9455b8941aa65766cba84,aime25_full_causal25_quality_v100_formal,fb8a77b673acfff3,fe834cd7e99a06f2aec37bfb6c74173ad7fee7c9,0,Tesla V100-SXM2-32GB,2026-08-20T17:29:34.227181+00:00,16,16,0,0,0,0,,,,,deepseek_r1_recommended,FP16:seed43:p11
aime25,DeepSeek-R1-Distill-Llama-8B,6af5ef5a437b77f7fb395930f430a9a266efaa5ead3804aa92c8359e141f6185,FP16,FP16,fp16,7cffe089a9825640,11,44,0,11044,aime25:p11:s0,822a4c6ec6a41f65151cbc731d9d4ce2bb7bbd0f2f39bd7622be1b99d28e0d9d,d9333fd9433fc6e62c7889822ef91441,8af875bdb7646b0ec7a7c973e0fa93dc,40fe960ae9f758e6,bench/aime_answer_parser.py:a7ab4395529caaa2cfcd9cb5203a2dd00723ac90fcd96d12bea77494b416b234,510,510,True,boxed,,13014,f8466372ee33e4a9aa31686e101f623560db01ca6f0c41b47169faec7c2116f4,6145fb2fa968ca83cc52cb7c779be32aa22dee46e7f63b498d8e78c107034311,eos,True,False,False,False,False,/home/qinch2023/v100_aime24_aime25_quality_work/Bounded-pattrenKV-method/results/aime25_full_causal25_quality_v100/formal/FP16/seed44/p11.json,b23203af13ffb8f43780740bb95fdccae48e3a5ba37ccca3d386e439cdff2754,aime25_full_causal25_quality_v100_formal,fb8a77b673acfff3,fe834cd7e99a06f2aec37bfb6c74173ad7fee7c9,0,Tesla V100-SXM2-32GB,2026-08-20T17:42:08.582141+00:00,16,16,0,0,0,0,,,,,deepseek_r1_recommended,FP16:seed44:p11
aime25,DeepSeek-R1-Distill-Llama-8B,6af5ef5a437b77f7fb395930f430a9a266efaa5ead3804aa92c8359e141f6185,FP16,FP16,fp16,7cffe089a9825640,12,42,0,12042,aime25:p12:s0,822a4c6ec6a41f65151cbc731d9d4ce2bb7bbd0f2f39bd7622be1b99d28e0d9d,fd9591b94114b7e9172e5d8dec8bca1b,ba8692ed86b71a40ab3599135a7c18f6,40fe960ae9f758e6,bench/aime_answer_parser.py:a7ab4395529caaa2cfcd9cb5203a2dd00723ac90fcd96d12bea77494b416b234,204,95,False,final_answer_nearby_integer,,16622,c72960a21336c79898e90142e47e0e0ec5983668eb294436f67a848ee79e80e2,fa239ebfd1e050fe8c768e2151403542032539a08354e72364d5373898d8832c,eos,True,False,False,False,False,/home/qinch2023/v100_aime24_aime25_quality_work/Bounded-pattrenKV-method/results/aime25_full_causal25_quality_v100/formal/FP16/seed42/p12.json,a88af514502c5b9f33c10cc8f6657231c7fff7da596b153e78fbf7b8b81c09a7,aime25_full_causal25_quality_v100_formal,fb8a77b673acfff3,fe834cd7e99a06f2aec37bfb6c74173ad7fee7c9,0,Tesla V100-SXM2-32GB,2026-08-20T18:00:36.822951+00:00,16,16,0,0,0,0,,,,,deepseek_r1_recommended,FP16:seed42:p12
aime25,DeepSeek-R1-Distill-Llama-8B,6af5ef5a437b77f7fb395930f430a9a266efaa5ead3804aa92c8359e141f6185,FP16,FP16,fp16,7cffe089a9825640,12,43,0,12043,aime25:p12:s0,822a4c6ec6a41f65151cbc731d9d4ce2bb7bbd0f2f39bd7622be1b99d28e0d9d,fd9591b94114b7e9172e5d8dec8bca1b,ba8692ed86b71a40ab3599135a7c18f6,40fe960ae9f758e6,bench/aime_answer_parser.py:a7ab4395529caaa2cfcd9cb5203a2dd00723ac90fcd96d12bea77494b416b234,204,129,False,boxed,,11803,df4d9ada2b81a66b7a3ced737a6480e4c2b9147ba1c7d9e295c9ade852e09c1b,8d6c4f46a4589e35dbf92eb7d0e1c9f6d9ed54740d3b34b51ad08205f55e54b1,eos,True,False,False,False,False,/home/qinch2023/v100_aime24_aime25_quality_work/Bounded-pattrenKV-method/results/aime25_full_causal25_quality_v100/formal/FP16/seed43/p12.json,1d05aa23731e5265b1c98c042a56baf6639c5fecf41985ba3a99065048c6357a,aime25_full_causal25_quality_v100_formal,fb8a77b673acfff3,fe834cd7e99a06f2aec37bfb6c74173ad7fee7c9,0,Tesla V100-SXM2-32GB,2026-08-20T18:11:25.330288+00:00,16,16,0,0,0,0,,,,,deepseek_r1_recommended,FP16:seed43:p12
aime25,DeepSeek-R1-Distill-Llama-8B,6af5ef5a437b77f7fb395930f430a9a266efaa5ead3804aa92c8359e141f6185,FP16,FP16,fp16,7cffe089a9825640,12,44,0,12044,aime25:p12:s0,822a4c6ec6a41f65151cbc731d9d4ce2bb7bbd0f2f39bd7622be1b99d28e0d9d,fd9591b94114b7e9172e5d8dec8bca1b,ba8692ed86b71a40ab3599135a7c18f6,40fe960ae9f758e6,bench/aime_answer_parser.py:a7ab4395529caaa2cfcd9cb5203a2dd00723ac90fcd96d12bea77494b416b234,204,26,False,boxed,,17779,cb6b29c4bcb409f699a85b3848403b9f3507759fc359871e1e65e9953246ccbb,b771803356b12f9c06537f2b652a5ecbd242a31227d549f964f6e59219b177f4,eos,True,False,False,False,False,/home/qinch2023/v100_aime24_aime25_quality_work/Bounded-pattrenKV-method/results/aime25_full_causal25_quality_v100/formal/FP16/seed44/p12.json,cbcf44e3516bb8eb34f1985cf60caf295cba61d8da99795625b7ba3ecd2fe788,aime25_full_causal25_quality_v100_formal,fb8a77b673acfff3,fe834cd7e99a06f2aec37bfb6c74173ad7fee7c9,0,Tesla V100-SXM2-32GB,2026-08-20T18:32:01.343083+00:00,16,16,0,0,0,0,,,,,deepseek_r1_recommended,FP16:seed44:p12
aime25,DeepSeek-R1-Distill-Llama-8B,6af5ef5a437b77f7fb395930f430a9a266efaa5ead3804aa92c8359e141f6185,FP16,FP16,fp16,7cffe089a9825640,13,42,0,13042,aime25:p13:s0,822a4c6ec6a41f65151cbc731d9d4ce2bb7bbd0f2f39bd7622be1b99d28e0d9d,8b9fd09c7613cbd09c39c7a7d58d3bed,b0b53f6ebe1c861f8a39a672489a18bc,40fe960ae9f758e6,bench/aime_answer_parser.py:a7ab4395529caaa2cfcd9cb5203a2dd00723ac90fcd96d12bea77494b416b234,60,63,False,boxed,,18229,83ca55247308d9496882bbbb3dc27a487d94391899bf5625db683553a6248aa3,da1ea7c3037bc81ebbc7cf187d6b99782896c836c8768249c3cb59a179832256,eos,True,False,False,False,False,/home/qinch2023/v100_aime24_aime25_quality_work/Bounded-pattrenKV-method/results/aime25_full_causal25_quality_v100/formal/FP16/seed42/p13.json,c47d4c8d911f21de8cb6e10486968cc51a8f6ee40c7f4f2c946ff138082782bf,aime25_full_causal25_quality_v100_formal,fb8a77b673acfff3,fe834cd7e99a06f2aec37bfb6c74173ad7fee7c9,0,Tesla V100-SXM2-32GB,2026-08-20T18:53:32.990446+00:00,16,16,0,0,0,0,,,,,deepseek_r1_recommended,FP16:seed42:p13
aime25,DeepSeek-R1-Distill-Llama-8B,6af5ef5a437b77f7fb395930f430a9a266efaa5ead3804aa92c8359e141f6185,FP16,FP16,fp16,7cffe089a9825640,13,43,0,13043,aime25:p13:s0,822a4c6ec6a41f65151cbc731d9d4ce2bb7bbd0f2f39bd7622be1b99d28e0d9d,8b9fd09c7613cbd09c39c7a7d58d3bed,b0b53f6ebe1c861f8a39a672489a18bc,40fe960ae9f758e6,bench/aime_answer_parser.py:a7ab4395529caaa2cfcd9cb5203a2dd00723ac90fcd96d12bea77494b416b234,60,63,False,boxed,,12310,666b8307b83ebe27c498670106036593701354466c80de14769f52ebf1f4c058,610e09b48c63b555984c0bd6b8747fde836a0d50879ae26a417fa41d910ae89a,eos,True,False,False,False,False,/home/qinch2023/v100_aime24_aime25_quality_work/Bounded-pattrenKV-method/results/aime25_full_causal25_quality_v100/formal/FP16/seed43/p13.json,6d69bbaff8463d9c9eecf1efd6d4ab6cc912749eea98508ec6157574adaf6e3b,aime25_full_causal25_quality_v100_formal,fb8a77b673acfff3,fe834cd7e99a06f2aec37bfb6c74173ad7fee7c9,0,Tesla V100-SXM2-32GB,2026-08-20T19:05:06.540356+00:00,16,16,0,0,0,0,,,,,deepseek_r1_recommended,FP16:seed43:p13
aime25,DeepSeek-R1-Distill-Llama-8B,6af5ef5a437b77f7fb395930f430a9a266efaa5ead3804aa92c8359e141f6185,FP16,FP16,fp16,7cffe089a9825640,13,44,0,13044,aime25:p13:s0,822a4c6ec6a41f65151cbc731d9d4ce2bb7bbd0f2f39bd7622be1b99d28e0d9d,8b9fd09c7613cbd09c39c7a7d58d3bed,b0b53f6ebe1c861f8a39a672489a18bc,40fe960ae9f758e6,bench/aime_answer_parser.py:a7ab4395529caaa2cfcd9cb5203a2dd00723ac90fcd96d12bea77494b416b234,60,64,False,boxed,,27455,50daad4fbc35ee309fdd0944a64c19efa527fdef7564efa99a7e0b1233845dfb,ae15083f94fbd88a35562c95544a65692fdea785e3bcf1e21adec56c1bc6d1be,eos,True,False,False,False,False,/home/qinch2023/v100_aime24_aime25_quality_work/Bounded-pattrenKV-method/results/aime25_full_causal25_quality_v100/formal/FP16/seed44/p13.json,1c58e988b9e69e6098985b745b56b15aea3a7fbe10d74b0d6b40b887b715dbc0,aime25_full_causal25_quality_v100_formal,fb8a77b673acfff3,fe834cd7e99a06f2aec37bfb6c74173ad7fee7c9,0,Tesla V100-SXM2-32GB,2026-08-20T19:47:40.135754+00:00,16,16,0,0,0,0,,,,,deepseek_r1_recommended,FP16:seed44:p13
aime25,DeepSeek-R1-Distill-Llama-8B,6af5ef5a437b77f7fb395930f430a9a266efaa5ead3804aa92c8359e141f6185,FP16,FP16,fp16,7cffe089a9825640,14,42,0,14042,aime25:p14:s0,822a4c6ec6a41f65151cbc731d9d4ce2bb7bbd0f2f39bd7622be1b99d28e0d9d,1c4e447bb7b97df2a0d3d87c6abf4cd2,b395f5cd385ad3807f97c5251bb6892b,40fe960ae9f758e6,bench/aime_answer_parser.py:a7ab4395529caaa2cfcd9cb5203a2dd00723ac90fcd96d12bea77494b416b234,735,683,False,boxed,,13788,d7fdd321093a25d3daf7f3db0808cc2d69125cd33096b3f8e05eaabe3f73129f,f4e042e0e80370c9f13ec2c8267280a32c53a40df324c0aacfcb2a0eee65d34c,eos,True,False,False,False,False,/home/qinch2023/v100_aime24_aime25_quality_work/Bounded-pattrenKV-method/results/aime25_full_causal25_quality_v100/formal/FP16/seed42/p14.json,aacb4afb6b5a7317c4ba51f6680172e4d15365710d6efdfd716f3f240394ba86,aime25_full_causal25_quality_v100_formal,fb8a77b673acfff3,fe834cd7e99a06f2aec37bfb6c74173ad7fee7c9,0,Tesla V100-SXM2-32GB,2026-08-20T20:01:22.524972+00:00,16,16,0,0,0,0,,,,,deepseek_r1_recommended,FP16:seed42:p14
aime25,DeepSeek-R1-Distill-Llama-8B,6af5ef5a437b77f7fb395930f430a9a266efaa5ead3804aa92c8359e141f6185,FP16,FP16,fp16,7cffe089a9825640,14,43,0,14043,aime25:p14:s0,822a4c6ec6a41f65151cbc731d9d4ce2bb7bbd0f2f39bd7622be1b99d28e0d9d,1c4e447bb7b97df2a0d3d87c6abf4cd2,b395f5cd385ad3807f97c5251bb6892b,40fe960ae9f758e6,bench/aime_answer_parser.py:a7ab4395529caaa2cfcd9cb5203a2dd00723ac90fcd96d12bea77494b416b234,735,748,False,boxed,,20224,ac18d83e7928743028b7ead7375896252afa835b7edf17ac5d397d8bfa591726,a732c0ef18fd7a7eb15272d28ad8009b5a58d01f25205b56ef6e089d2902323c,eos,True,False,False,False,False,/home/qinch2023/v100_aime24_aime25_quality_work/Bounded-pattrenKV-method/results/aime25_full_causal25_quality_v100/formal/FP16/seed43/p14.json,8ffead6eeafed73c5c2035632d4b33bb7969f8adf94f3247ffb3e882e61a264d,aime25_full_causal25_quality_v100_formal,fb8a77b673acfff3,fe834cd7e99a06f2aec37bfb6c74173ad7fee7c9,0,Tesla V100-SXM2-32GB,2026-08-20T20:26:47.536637+00:00,16,16,0,0,0,0,,,,,deepseek_r1_recommended,FP16:seed43:p14
aime25,DeepSeek-R1-Distill-Llama-8B,6af5ef5a437b77f7fb395930f430a9a266efaa5ead3804aa92c8359e141f6185,FP16,FP16,fp16,7cffe089a9825640,14,44,0,14044,aime25:p14:s0,822a4c6ec6a41f65151cbc731d9d4ce2bb7bbd0f2f39bd7622be1b99d28e0d9d,1c4e447bb7b97df2a0d3d87c6abf4cd2,b395f5cd385ad3807f97c5251bb6892b,40fe960ae9f758e6,bench/aime_answer_parser.py:a7ab4395529caaa2cfcd9cb5203a2dd00723ac90fcd96d12bea77494b416b234,735,187,False,boxed,,25683,6edc2555a83128e9d35abd32809ce03155ae38d606fa5769e8518d863e213663,9cfc8f7df2fc835f6a93bc733825a3f7121ce90796a14cc47d57a06d70203faa,eos,True,False,False,False,False,/home/qinch2023/v100_aime24_aime25_quality_work/Bounded-pattrenKV-method/results/aime25_full_causal25_quality_v100/formal/FP16/seed44/p14.json,3651ff1c6c0b4e9fbbdd0e4289726a962534a2b1c94ea98c351fe54265580237,aime25_full_causal25_quality_v100_formal,fb8a77b673acfff3,fe834cd7e99a06f2aec37bfb6c74173ad7fee7c9,0,Tesla V100-SXM2-32GB,2026-08-20T21:04:41.215966+00:00,16,16,0,0,0,0,,,,,deepseek_r1_recommended,FP16:seed44:p14
aime25,DeepSeek-R1-Distill-Llama-8B,6af5ef5a437b77f7fb395930f430a9a266efaa5ead3804aa92c8359e141f6185,FP16,FP16,fp16,7cffe089a9825640,15,42,0,15042,aime25:p15:s0,822a4c6ec6a41f65151cbc731d9d4ce2bb7bbd0f2f39bd7622be1b99d28e0d9d,ac5db4324777e078cf6bc1992b10f2c5,77102177475600544e1691e298952a93,40fe960ae9f758e6,bench/aime_answer_parser.py:a7ab4395529caaa2cfcd9cb5203a2dd00723ac90fcd96d12bea77494b416b234,468,468,True,boxed,,2729,6c77bdaca265f629ff5ca339aad6b5ae3e24af54ed721ef4185ee682dc1d789d,a12538bcb67dcd4f5e9f1304e4447f6806197a58cdd7e538ae2442451cd126bc,eos,True,False,False,False,False,/home/qinch2023/v100_aime24_aime25_quality_work/Bounded-pattrenKV-method/results/aime25_full_causal25_quality_v100/formal/FP16/seed42/p15.json,e0b6619abb02f5af375165f4fc668ffe60e68b3ad820238e1196107c8f4f87aa,aime25_full_causal25_quality_v100_formal,fb8a77b673acfff3,fe834cd7e99a06f2aec37bfb6c74173ad7fee7c9,0,Tesla V100-SXM2-32GB,2026-08-20T21:06:19.296010+00:00,16,16,0,0,0,0,,,,,deepseek_r1_recommended,FP16:seed42:p15
aime25,DeepSeek-R1-Distill-Llama-8B,6af5ef5a437b77f7fb395930f430a9a266efaa5ead3804aa92c8359e141f6185,FP16,FP16,fp16,7cffe089a9825640,15,43,0,15043,aime25:p15:s0,822a4c6ec6a41f65151cbc731d9d4ce2bb7bbd0f2f39bd7622be1b99d28e0d9d,ac5db4324777e078cf6bc1992b10f2c5,77102177475600544e1691e298952a93,40fe960ae9f758e6,bench/aime_answer_parser.py:a7ab4395529caaa2cfcd9cb5203a2dd00723ac90fcd96d12bea77494b416b234,468,468,True,boxed,,4101,b04d26bd00d9677bc1d4e7311baefa38cb39e95afe8f74fe236f268da8430acc,c2569031f5dd93551af4d99d71d345b1ad88b88e5dc4e33ffa259e4b390d8ad1,eos,True,False,False,False,False,/home/qinch2023/v100_aime24_aime25_quality_work/Bounded-pattrenKV-method/results/aime25_full_causal25_quality_v100/formal/FP16/seed43/p15.json,dcd827ad5011d094affff4f1de7c0a8d433491a287e56e65e0a7b3a69719ab9a,aime25_full_causal25_quality_v100_formal,fb8a77b673acfff3,fe834cd7e99a06f2aec37bfb6c74173ad7fee7c9,0,Tesla V100-SXM2-32GB,2026-08-20T21:08:58.282472+00:00,16,16,0,0,0,0,,,,,deepseek_r1_recommended,FP16:seed43:p15
aime25,DeepSeek-R1-Distill-Llama-8B,6af5ef5a437b77f7fb395930f430a9a266efaa5ead3804aa92c8359e141f6185,FP16,FP16,fp16,7cffe089a9825640,15,44,0,15044,aime25:p15:s0,822a4c6ec6a41f65151cbc731d9d4ce2bb7bbd0f2f39bd7622be1b99d28e0d9d,ac5db4324777e078cf6bc1992b10f2c5,77102177475600544e1691e298952a93,40fe960ae9f758e6,bench/aime_answer_parser.py:a7ab4395529caaa2cfcd9cb5203a2dd00723ac90fcd96d12bea77494b416b234,468,468,True,boxed,,3172,7c2ef548cf10e5ede4c28c92358773ce2284407b283d72ba4a9b7e75fedd484e,8a00809965f017f4e2d0cc66cbd7302fdc65dd338f9db3b2883067be76fcc8ae,eos,True,False,False,False,False,/home/qinch2023/v100_aime24_aime25_quality_work/Bounded-pattrenKV-method/results/aime25_full_causal25_quality_v100/formal/FP16/seed44/p15.json,bca0b00c0464b5ed27ca1774c42d5b807622d318a4ad34ab7ec916259e3d1a13,aime25_full_causal25_quality_v100_formal,fb8a77b673acfff3,fe834cd7e99a06f2aec37bfb6c74173ad7fee7c9,0,Tesla V100-SXM2-32GB,2026-08-20T21:10:55.219947+00:00,16,16,0,0,0,0,,,,,deepseek_r1_recommended,FP16:seed44:p15
aime25,DeepSeek-R1-Distill-Llama-8B,6af5ef5a437b77f7fb395930f430a9a266efaa5ead3804aa92c8359e141f6185,FP16,FP16,fp16,7cffe089a9825640,16,42,0,16042,aime25:p16:s0,822a4c6ec6a41f65151cbc731d9d4ce2bb7bbd0f2f39bd7622be1b99d28e0d9d,5489657fa217a6e2c58f53b13dc7ff79,322e6fda2eed0a36b07b77678d3f91ed,40fe960ae9f758e6,bench/aime_answer_parser.py:a7ab4395529caaa2cfcd9cb5203a2dd00723ac90fcd96d12bea77494b416b234,49,49,True,boxed,,2648,4249529a8cf9d451e6fea59732f0937e65eb72524622fc5f87febf00df4cf786,494871059b81edb5b0546250ab3d8c3050da1c80586fed2ff48e294e45f0f9fc,eos,True,False,False,False,False,/home/qinch2023/v100_aime24_aime25_quality_work/Bounded-pattrenKV-method/results/aime25_full_causal25_quality_v100/formal/FP16/seed42/p16.json,3fcf3e4260dbb207903671a6d2e99c1d7a47ac86085849daeb97ea7801f93791,aime25_full_causal25_quality_v100_formal,fb8a77b673acfff3,fe834cd7e99a06f2aec37bfb6c74173ad7fee7c9,0,Tesla V100-SXM2-32GB,2026-08-20T21:12:29.487910+00:00,16,16,0,0,0,0,,,,,deepseek_r1_recommended,FP16:seed42:p16
aime25,DeepSeek-R1-Distill-Llama-8B,6af5ef5a437b77f7fb395930f430a9a266efaa5ead3804aa92c8359e141f6185,FP16,FP16,fp16,7cffe089a9825640,16,43,0,16043,aime25:p16:s0,822a4c6ec6a41f65151cbc731d9d4ce2bb7bbd0f2f39bd7622be1b99d28e0d9d,5489657fa217a6e2c58f53b13dc7ff79,322e6fda2eed0a36b07b77678d3f91ed,40fe960ae9f758e6,bench/aime_answer_parser.py:a7ab4395529caaa2cfcd9cb5203a2dd00723ac90fcd96d12bea77494b416b234,49,49,True,boxed,,3369,1d6ae5e1e68c6afb092b129b6684f55d9e2d222c9d2985f3892f3d3de66086c0,76be869c8bdd835066a02ef13284dd40be493e5a0bbab960acdbe6d8bfa37953,eos,True,False,False,False,False,/home/qinch2023/v100_aime24_aime25_quality_work/Bounded-pattrenKV-method/results/aime25_full_causal25_quality_v100/formal/FP16/seed43/p16.json,ed9d877046f48c16f3cc04b2fa7033e729cacd0af1e81d2ca726fa7863621491,aime25_full_causal25_quality_v100_formal,fb8a77b673acfff3,fe834cd7e99a06f2aec37bfb6c74173ad7fee7c9,0,Tesla V100-SXM2-32GB,2026-08-20T21:14:34.374030+00:00,16,16,0,0,0,0,,,,,deepseek_r1_recommended,FP16:seed43:p16
aime25,DeepSeek-R1-Distill-Llama-8B,6af5ef5a437b77f7fb395930f430a9a266efaa5ead3804aa92c8359e141f6185,FP16,FP16,fp16,7cffe089a9825640,16,44,0,16044,aime25:p16:s0,822a4c6ec6a41f65151cbc731d9d4ce2bb7bbd0f2f39bd7622be1b99d28e0d9d,5489657fa217a6e2c58f53b13dc7ff79,322e6fda2eed0a36b07b77678d3f91ed,40fe960ae9f758e6,bench/aime_answer_parser.py:a7ab4395529caaa2cfcd9cb5203a2dd00723ac90fcd96d12bea77494b416b234,49,49,True,boxed,,2279,f8de443be35fecab8f1985346174df55237f022ac38d36ac5e7b830880ef2627,9f3f8b507195aa908caec816ce365523891ab07907cf1f3686f7533a1cdf2005,eos,True,False,False,False,False,/home/qinch2023/v100_aime24_aime25_quality_work/Bounded-pattrenKV-method/results/aime25_full_causal25_quality_v100/formal/FP16/seed44/p16.json,726bc0ad7c3381ca49f9689830bbbbb9a785fd429ce5d2b9dddfb4827e509dff,aime25_full_causal25_quality_v100_formal,fb8a77b673acfff3,fe834cd7e99a06f2aec37bfb6c74173ad7fee7c9,0,Tesla V100-SXM2-32GB,2026-08-20T21:15:53.791096+00:00,16,16,0,0,0,0,,,,,deepseek_r1_recommended,FP16:seed44:p16
aime25,DeepSeek-R1-Distill-Llama-8B,6af5ef5a437b77f7fb395930f430a9a266efaa5ead3804aa92c8359e141f6185,FP16,FP16,fp16,7cffe089a9825640,17,42,0,17042,aime25:p17:s0,822a4c6ec6a41f65151cbc731d9d4ce2bb7bbd0f2f39bd7622be1b99d28e0d9d,1739d81e64e9035c74d65b45922370eb,ae05a32fc840fc96073443d651a4ba38,40fe960ae9f758e6,bench/aime_answer_parser.py:a7ab4395529caaa2cfcd9cb5203a2dd00723ac90fcd96d12bea77494b416b234,82,6,False,boxed,,29839,9cb660bdb71d08f7bcde5312632a3bd8c85be163dcd81e92ee7ce7ef7dfe9e8e,762b67be04a007a5ba19cfe1d9868b9a56e48f7d13b2b97f3b825524e2cf4b8e,eos,True,False,False,False,False,/home/qinch2023/v100_aime24_aime25_quality_work/Bounded-pattrenKV-method/results/aime25_full_causal25_quality_v100/formal/FP16/seed42/p17.json,addbb054f6c6908887311c726423bfc658ccf3376e8b1120296b2f5a8bfb3250,aime25_full_causal25_quality_v100_formal,fb8a77b673acfff3,fe834cd7e99a06f2aec37bfb6c74173ad7fee7c9,0,Tesla V100-SXM2-32GB,2026-08-20T22:05:13.764345+00:00,16,16,0,0,0,0,,,,,deepseek_r1_recommended,FP16:seed42:p17
aime25,DeepSeek-R1-Distill-Llama-8B,6af5ef5a437b77f7fb395930f430a9a266efaa5ead3804aa92c8359e141f6185,FP16,FP16,fp16,7cffe089a9825640,17,43,0,17043,aime25:p17:s0,822a4c6ec6a41f65151cbc731d9d4ce2bb7bbd0f2f39bd7622be1b99d28e0d9d,1739d81e64e9035c74d65b45922370eb,ae05a32fc840fc96073443d651a4ba38,40fe960ae9f758e6,bench/aime_answer_parser.py:a7ab4395529caaa2cfcd9cb5203a2dd00723ac90fcd96d12bea77494b416b234,82,8,False,boxed,,21944,c2e6102cd8c8679f88301039780f34c7eacae04eac889ce64d69c20eabd27175,5dad22b3940ad6a6049df6aa2ee2c7afe2290fb63e3b2e812750bf35f5c666df,eos,True,False,False,False,False,/home/qinch2023/v100_aime24_aime25_quality_work/Bounded-pattrenKV-method/results/aime25_full_causal25_quality_v100/formal/FP16/seed43/p17.json,45b002e9a14cd8f9f2ac20359a824b14a2f9c6853df4759a121702f3049c6041,aime25_full_causal25_quality_v100_formal,fb8a77b673acfff3,fe834cd7e99a06f2aec37bfb6c74173ad7fee7c9,0,Tesla V100-SXM2-32GB,2026-08-20T22:34:35.050315+00:00,16,16,0,0,0,0,,,,,deepseek_r1_recommended,FP16:seed43:p17
aime25,DeepSeek-R1-Distill-Llama-8B,6af5ef5a437b77f7fb395930f430a9a266efaa5ead3804aa92c8359e141f6185,FP16,FP16,fp16,7cffe089a9825640,17,44,0,17044,aime25:p17:s0,822a4c6ec6a41f65151cbc731d9d4ce2bb7bbd0f2f39bd7622be1b99d28e0d9d,1739d81e64e9035c74d65b45922370eb,ae05a32fc840fc96073443d651a4ba38,40fe960ae9f758e6,bench/aime_answer_parser.py:a7ab4395529caaa2cfcd9cb5203a2dd00723ac90fcd96d12bea77494b416b234,82,1,False,boxed,,12182,e410736442ebe185d94195cabc8bb903449cbc7464313e2e32a96f419467e5f8,ed32c61481a65712b724d0ac1b13c0e3587ff978d1ce1ac0053884e50a72beb9,eos,True,False,False,False,False,/home/qinch2023/v100_aime24_aime25_quality_work/Bounded-pattrenKV-method/results/aime25_full_causal25_quality_v100/formal/FP16/seed44/p17.json,80c5c00f1a407dfa5ffe1b7111757080fb9f681e21e9796785525359a2160b22,aime25_full_causal25_quality_v100_formal,fb8a77b673acfff3,fe834cd7e99a06f2aec37bfb6c74173ad7fee7c9,0,Tesla V100-SXM2-32GB,2026-08-20T22:46:02.622279+00:00,16,16,0,0,0,0,,,,,deepseek_r1_recommended,FP16:seed44:p17
aime25,DeepSeek-R1-Distill-Llama-8B,6af5ef5a437b77f7fb395930f430a9a266efaa5ead3804aa92c8359e141f6185,FP16,FP16,fp16,7cffe089a9825640,18,42,0,18042,aime25:p18:s0,822a4c6ec6a41f65151cbc731d9d4ce2bb7bbd0f2f39bd7622be1b99d28e0d9d,b537573bc7f840bbb1cab4a394a986be,c0a192be0f044f66739140190632d6a2,40fe960ae9f758e6,bench/aime_answer_parser.py:a7ab4395529caaa2cfcd9cb5203a2dd00723ac90fcd96d12bea77494b416b234,106,106,True,boxed,,12173,b8b80139b020cbbfdfb889b876c37a863799aaf1d41b4edc4a4ee049c8787e6d,5b31da626b29d4fac129141216184da6ca32d1656797f7035ba2ab79023a2393,eos,True,False,False,False,False,/home/qinch2023/v100_aime24_aime25_quality_work/Bounded-pattrenKV-method/results/aime25_full_causal25_quality_v100/formal/FP16/seed42/p18.json,f01aa4b476329c7ec96b876f14182cb762b66f9a82755b789f410fdfecc68232,aime25_full_causal25_quality_v100_formal,fb8a77b673acfff3,fe834cd7e99a06f2aec37bfb6c74173ad7fee7c9,0,Tesla V100-SXM2-32GB,2026-08-20T22:57:27.746504+00:00,16,16,0,0,0,0,,,,,deepseek_r1_recommended,FP16:seed42:p18
aime25,DeepSeek-R1-Distill-Llama-8B,6af5ef5a437b77f7fb395930f430a9a266efaa5ead3804aa92c8359e141f6185,FP16,FP16,fp16,7cffe089a9825640,18,43,0,18043,aime25:p18:s0,822a4c6ec6a41f65151cbc731d9d4ce2bb7bbd0f2f39bd7622be1b99d28e0d9d,b537573bc7f840bbb1cab4a394a986be,c0a192be0f044f66739140190632d6a2,40fe960ae9f758e6,bench/aime_answer_parser.py:a7ab4395529caaa2cfcd9cb5203a2dd00723ac90fcd96d12bea77494b416b234,106,1,False,tail_integer,,6790,ce93d2d0f03e63a7d561caf07f6459205ad0208c75b7f04200bedd31206e2eaf,f48542fb29af1ae9c2545963308045953d235d5c77535b208c4262e60032278a,eos,True,False,False,False,False,/home/qinch2023/v100_aime24_aime25_quality_work/Bounded-pattrenKV-method/results/aime25_full_causal25_quality_v100/formal/FP16/seed43/p18.json,c22b2d23768bb9d90372ef205f82d0aedecb69213353369a7a7749f77ef37baf,aime25_full_causal25_quality_v100_formal,fb8a77b673acfff3,fe834cd7e99a06f2aec37bfb6c74173ad7fee7c9,0,Tesla V100-SXM2-32GB,2026-08-20T23:02:31.383890+00:00,16,16,0,0,0,0,,,,,deepseek_r1_recommended,FP16:seed43:p18
aime25,DeepSeek-R1-Distill-Llama-8B,6af5ef5a437b77f7fb395930f430a9a266efaa5ead3804aa92c8359e141f6185,FP16,FP16,fp16,7cffe089a9825640,18,44,0,18044,aime25:p18:s0,822a4c6ec6a41f65151cbc731d9d4ce2bb7bbd0f2f39bd7622be1b99d28e0d9d,b537573bc7f840bbb1cab4a394a986be,c0a192be0f044f66739140190632d6a2,40fe960ae9f758e6,bench/aime_answer_parser.py:a7ab4395529caaa2cfcd9cb5203a2dd00723ac90fcd96d12bea77494b416b234,106,106,True,boxed,,7647,a2be40819aa945cac8cf00cf8f8bcccee787662674be30a886f51502f5edb619,e694bd5fe7e347b9c20ccc46011720638891453d47aadd728260ad6a0867b3bb,eos,True,False,False,False,False,/home/qinch2023/v100_aime24_aime25_quality_work/Bounded-pattrenKV-method/results/aime25_full_causal25_quality_v100/formal/FP16/seed44/p18.json,6405bfd430f7d6f4f864dc6458806c5ae43d9cd035094cde9f739b93330085ad,aime25_full_causal25_quality_v100_formal,fb8a77b673acfff3,fe834cd7e99a06f2aec37bfb6c74173ad7fee7c9,0,Tesla V100-SXM2-32GB,2026-08-20T23:08:26.735611+00:00,16,16,0,0,0,0,,,,,deepseek_r1_recommended,FP16:seed44:p18
aime25,DeepSeek-R1-Distill-Llama-8B,6af5ef5a437b77f7fb395930f430a9a266efaa5ead3804aa92c8359e141f6185,FP16,FP16,fp16,7cffe089a9825640,19,42,0,19042,aime25:p19:s0,822a4c6ec6a41f65151cbc731d9d4ce2bb7bbd0f2f39bd7622be1b99d28e0d9d,235ed25efc6f649672d67562fd906dee,f78e2c53e939fe0f18938bf711c5478c,40fe960ae9f758e6,bench/aime_answer_parser.py:a7ab4395529caaa2cfcd9cb5203a2dd00723ac90fcd96d12bea77494b416b234,336,334,False,boxed,,12756,7c999124bcdfc9c50534c9265bc5d6664132e6e5b6f9519bacd15a6e036e001a,42fe60591da7be325a1f16ddb9e3c6fb44b84813f90c70a32bbcb58e7af39aa1,eos,True,False,False,False,False,/home/qinch2023/v100_aime24_aime25_quality_work/Bounded-pattrenKV-method/results/aime25_full_causal25_quality_v100/formal/FP16/seed42/p19.json,a7febf2dd71e9a0b7198d2867463311a5fa5f6e124fb55e32f5ca6c92e3dd819,aime25_full_causal25_quality_v100_formal,fb8a77b673acfff3,fe834cd7e99a06f2aec37bfb6c74173ad7fee7c9,0,Tesla V100-SXM2-32GB,2026-08-20T23:20:59.690290+00:00,16,16,0,0,0,0,,,,,deepseek_r1_recommended,FP16:seed42:p19
aime25,DeepSeek-R1-Distill-Llama-8B,6af5ef5a437b77f7fb395930f430a9a266efaa5ead3804aa92c8359e141f6185,FP16,FP16,fp16,7cffe089a9825640,19,43,0,19043,aime25:p19:s0,822a4c6ec6a41f65151cbc731d9d4ce2bb7bbd0f2f39bd7622be1b99d28e0d9d,235ed25efc6f649672d67562fd906dee,f78e2c53e939fe0f18938bf711c5478c,40fe960ae9f758e6,bench/aime_answer_parser.py:a7ab4395529caaa2cfcd9cb5203a2dd00723ac90fcd96d12bea77494b416b234,336,334,False,boxed,,13566,41158227e1bb62cea1962e0b658ecc5035da16207d3766cef10311fe06cab5c8,ec9902704e8ee1708bddbf771fae409b1948b43597b22161dc86a7ded4dc4deb,eos,True,False,False,False,False,/home/qinch2023/v100_aime24_aime25_quality_work/Bounded-pattrenKV-method/results/aime25_full_causal25_quality_v100/formal/FP16/seed43/p19.json,dd08a53bd51893311dc578efcea3735ef1ee943fbdf3d6732b6cb0bb76a0d1ba,aime25_full_causal25_quality_v100_formal,fb8a77b673acfff3,fe834cd7e99a06f2aec37bfb6c74173ad7fee7c9,0,Tesla V100-SXM2-32GB,2026-08-20T23:34:47.581887+00:00,16,16,0,0,0,0,,,,,deepseek_r1_recommended,FP16:seed43:p19
aime25,DeepSeek-R1-Distill-Llama-8B,6af5ef5a437b77f7fb395930f430a9a266efaa5ead3804aa92c8359e141f6185,FP16,FP16,fp16,7cffe089a9825640,19,44,0,19044,aime25:p19:s0,822a4c6ec6a41f65151cbc731d9d4ce2bb7bbd0f2f39bd7622be1b99d28e0d9d,235ed25efc6f649672d67562fd906dee,f78e2c53e939fe0f18938bf711c5478c,40fe960ae9f758e6,bench/aime_answer_parser.py:a7ab4395529caaa2cfcd9cb5203a2dd00723ac90fcd96d12bea77494b416b234,336,335,False,boxed,,15589,11b378d05d3e44c950a35284b85985dc23f9d4f09d358ae41298ed87a3b8a84d,3904e746854913aa4506c529382feab280738e9346509799b6a6b1be01b08d0f,eos,True,False,False,False,False,/home/qinch2023/v100_aime24_aime25_quality_work/Bounded-pattrenKV-method/results/aime25_full_causal25_quality_v100/formal/FP16/seed44/p19.json,5a12c7f837a90972a34256bda6ddd791e026741a128b0b85aa70e3174fba414f,aime25_full_causal25_quality_v100_formal,fb8a77b673acfff3,fe834cd7e99a06f2aec37bfb6c74173ad7fee7c9,0,Tesla V100-SXM2-32GB,2026-08-20T23:51:56.607004+00:00,16,16,0,0,0,0,,,,,deepseek_r1_recommended,FP16:seed44:p19
aime25,DeepSeek-R1-Distill-Llama-8B,6af5ef5a437b77f7fb395930f430a9a266efaa5ead3804aa92c8359e141f6185,FP16,FP16,fp16,7cffe089a9825640,20,42,0,20042,aime25:p20:s0,822a4c6ec6a41f65151cbc731d9d4ce2bb7bbd0f2f39bd7622be1b99d28e0d9d,b225455e223b4ffbceab77eef11ded51,38b8b9425473a3a732f143f2e8037ab1,40fe960ae9f758e6,bench/aime_answer_parser.py:a7ab4395529caaa2cfcd9cb5203a2dd00723ac90fcd96d12bea77494b416b234,293,293,True,boxed,,14785,b344296c467c67e7cc13672df5575c25aed50c168699ed694ea66c242f07104c,fcdff59e8c853e210d88ade6f9b6674984c10bb60b735d4bffba18586822b669,eos,True,False,False,False,False,/home/qinch2023/v100_aime24_aime25_quality_work/Bounded-pattrenKV-method/results/aime25_full_causal25_quality_v100/formal/FP16/seed42/p20.json,2e0a4afb11cb91545da0a2e384e0ffa493eb79cf3322e250d8f0f4da634f8082,aime25_full_causal25_quality_v100_formal,fb8a77b673acfff3,fe834cd7e99a06f2aec37bfb6c74173ad7fee7c9,0,Tesla V100-SXM2-32GB,2026-08-21T00:07:49.042479+00:00,16,16,0,0,0,0,,,,,deepseek_r1_recommended,FP16:seed42:p20
aime25,DeepSeek-R1-Distill-Llama-8B,6af5ef5a437b77f7fb395930f430a9a266efaa5ead3804aa92c8359e141f6185,FP16,FP16,fp16,7cffe089a9825640,20,43,0,20043,aime25:p20:s0,822a4c6ec6a41f65151cbc731d9d4ce2bb7bbd0f2f39bd7622be1b99d28e0d9d,b225455e223b4ffbceab77eef11ded51,38b8b9425473a3a732f143f2e8037ab1,40fe960ae9f758e6,bench/aime_answer_parser.py:a7ab4395529caaa2cfcd9cb5203a2dd00723ac90fcd96d12bea77494b416b234,293,293,True,boxed,,8547,83bceef2d7f29aad6821dc89c4010dce08531c5783f7a5333619152e62b32309,6119a226e81cd001da00a9b6d2e608ed8b1a28078435ad0b5fa19fe0e51b9399,eos,True,False,False,False,False,/home/qinch2023/v100_aime24_aime25_quality_work/Bounded-pattrenKV-method/results/aime25_full_causal25_quality_v100/formal/FP16/seed43/p20.json,82844b63c79e79632df4ecf0b581a4405aa3d1f8fab9e342bff16dc5b751a552,aime25_full_causal25_quality_v100_formal,fb8a77b673acfff3,fe834cd7e99a06f2aec37bfb6c74173ad7fee7c9,0,Tesla V100-SXM2-32GB,2026-08-21T00:14:56.119948+00:00,16,16,0,0,0,0,,,,,deepseek_r1_recommended,FP16:seed43:p20
aime25,DeepSeek-R1-Distill-Llama-8B,6af5ef5a437b77f7fb395930f430a9a266efaa5ead3804aa92c8359e141f6185,FP16,FP16,fp16,7cffe089a9825640,20,44,0,20044,aime25:p20:s0,822a4c6ec6a41f65151cbc731d9d4ce2bb7bbd0f2f39bd7622be1b99d28e0d9d,b225455e223b4ffbceab77eef11ded51,38b8b9425473a3a732f143f2e8037ab1,40fe960ae9f758e6,bench/aime_answer_parser.py:a7ab4395529caaa2cfcd9cb5203a2dd00723ac90fcd96d12bea77494b416b234,293,293,True,boxed,,8544,1aa83ae39b690b5defec9571fd33871b8842dc325fb3adca35d13d082d801618,4d3411496f35c7ac54382c521fef931ea6f59568b7490f131df707f5725d2841,eos,True,False,False,False,False,/home/qinch2023/v100_aime24_aime25_quality_work/Bounded-pattrenKV-method/results/aime25_full_causal25_quality_v100/formal/FP16/seed44/p20.json,fb116432bab54b48287752ed8b7a0853af98dc94e838c7fa4be3f1890c667ca3,aime25_full_causal25_quality_v100_formal,fb8a77b673acfff3,fe834cd7e99a06f2aec37bfb6c74173ad7fee7c9,0,Tesla V100-SXM2-32GB,2026-08-21T00:22:03.140924+00:00,16,16,0,0,0,0,,,,,deepseek_r1_recommended,FP16:seed44:p20
aime25,DeepSeek-R1-Distill-Llama-8B,6af5ef5a437b77f7fb395930f430a9a266efaa5ead3804aa92c8359e141f6185,FP16,FP16,fp16,7cffe089a9825640,21,42,0,21042,aime25:p21:s0,822a4c6ec6a41f65151cbc731d9d4ce2bb7bbd0f2f39bd7622be1b99d28e0d9d,bbd2b774f9db157293a12f8fb74cce7d,e20297ee50f73c0f40b6f6d98e417d67,40fe960ae9f758e6,bench/aime_answer_parser.py:a7ab4395529caaa2cfcd9cb5203a2dd00723ac90fcd96d12bea77494b416b234,237,7,False,tail_integer,,7186,b58d8cc75ef051c1c24fcce888475c7279e468c7eeccff57cb85e485a3d644cd,2443a7eb23b27640b5f058a5b58e3a30604cd7442473267596248719565d634d,eos,True,False,False,False,False,/home/qinch2023/v100_aime24_aime25_quality_work/Bounded-pattrenKV-method/results/aime25_full_causal25_quality_v100/formal/FP16/seed42/p21.json,69760bf05f05f7fceb321e1178af7448f9502bf4b9e9aaee798a3cf07f14eedd,aime25_full_causal25_quality_v100_formal,fb8a77b673acfff3,fe834cd7e99a06f2aec37bfb6c74173ad7fee7c9,0,Tesla V100-SXM2-32GB,2026-08-21T00:27:27.515090+00:00,16,16,0,0,0,0,,,,,deepseek_r1_recommended,FP16:seed42:p21
aime25,DeepSeek-R1-Distill-Llama-8B,6af5ef5a437b77f7fb395930f430a9a266efaa5ead3804aa92c8359e141f6185,FP16,FP16,fp16,7cffe089a9825640,21,43,0,21043,aime25:p21:s0,822a4c6ec6a41f65151cbc731d9d4ce2bb7bbd0f2f39bd7622be1b99d28e0d9d,bbd2b774f9db157293a12f8fb74cce7d,e20297ee50f73c0f40b6f6d98e417d67,40fe960ae9f758e6,bench/aime_answer_parser.py:a7ab4395529caaa2cfcd9cb5203a2dd00723ac90fcd96d12bea77494b416b234,237,279,False,boxed,,4072,9e1c3d399f2a1f3078e18dfda1c7ddb87900f5c00340c5722c6984c231ac46f5,f384e6111fcec5ca1fda4feaa751006709571f0f181c46ddba09190373653786,eos,True,False,False,False,False,/home/qinch2023/v100_aime24_aime25_quality_work/Bounded-pattrenKV-method/results/aime25_full_causal25_quality_v100/formal/FP16/seed43/p21.json,4cabfb54533a20889dcb419bddf5c7927ac61755fde91bb5659caf4189fd8266,aime25_full_causal25_quality_v100_formal,fb8a77b673acfff3,fe834cd7e99a06f2aec37bfb6c74173ad7fee7c9,0,Tesla V100-SXM2-32GB,2026-08-21T00:30:05.153817+00:00,16,16,0,0,0,0,,,,,deepseek_r1_recommended,FP16:seed43:p21
aime25,DeepSeek-R1-Distill-Llama-8B,6af5ef5a437b77f7fb395930f430a9a266efaa5ead3804aa92c8359e141f6185,FP16,FP16,fp16,7cffe089a9825640,21,44,0,21044,aime25:p21:s0,822a4c6ec6a41f65151cbc731d9d4ce2bb7bbd0f2f39bd7622be1b99d28e0d9d,bbd2b774f9db157293a12f8fb74cce7d,e20297ee50f73c0f40b6f6d98e417d67,40fe960ae9f758e6,bench/aime_answer_parser.py:a7ab4395529caaa2cfcd9cb5203a2dd00723ac90fcd96d12bea77494b416b234,237,7,False,tail_integer,,6576,3aef99027a0709552ecc65df45d8c4532cf8aee5f97a5ffcec9d12daa255b6c8,8c41f0b8bb934dc9508c27c69e0f0814c7ea9263dec8d20f61cbdbfd9c9192a1,eos,True,False,False,False,False,/home/qinch2023/v100_aime24_aime25_quality_work/Bounded-pattrenKV-method/results/aime25_full_causal25_quality_v100/formal/FP16/seed44/p21.json,1c2159ec28af7fe8d4122ebf82e828735aeb73fdf0df52421444cf0c5af84659,aime25_full_causal25_quality_v100_formal,fb8a77b673acfff3,fe834cd7e99a06f2aec37bfb6c74173ad7fee7c9,0,Tesla V100-SXM2-32GB,2026-08-21T00:34:53.695324+00:00,16,16,0,0,0,0,,,,,deepseek_r1_recommended,FP16:seed44:p21
aime25,DeepSeek-R1-Distill-Llama-8B,6af5ef5a437b77f7fb395930f430a9a266efaa5ead3804aa92c8359e141f6185,FP16,FP16,fp16,7cffe089a9825640,22,42,0,22042,aime25:p22:s0,822a4c6ec6a41f65151cbc731d9d4ce2bb7bbd0f2f39bd7622be1b99d28e0d9d,f14728387e46e56379307433461f994e,288e50dc4483832ffe6d0454da3214de,40fe960ae9f758e6,bench/aime_answer_parser.py:a7ab4395529caaa2cfcd9cb5203a2dd00723ac90fcd96d12bea77494b416b234,610,724,False,boxed,,30282,5dd27d86c10a94f55e4ac8e52d7b89f7ba06e76114279ef4979e50235e421943,dd49f3a8851cdd4ce2610b2bc2ed381f4b2c898ee8290f2a1c07fef5b11f7c0c,eos,True,False,False,False,False,/home/qinch2023/v100_aime24_aime25_quality_work/Bounded-pattrenKV-method/results/aime25_full_causal25_quality_v100/formal/FP16/seed42/p22.json,f6248e5648ac350d34202b30541370a55de8c449dbbec0804231b16e140dac97,aime25_full_causal25_quality_v100_formal,fb8a77b673acfff3,fe834cd7e99a06f2aec37bfb6c74173ad7fee7c9,0,Tesla V100-SXM2-32GB,2026-08-21T01:25:32.506595+00:00,16,16,0,0,0,0,,,,,deepseek_r1_recommended,FP16:seed42:p22
aime25,DeepSeek-R1-Distill-Llama-8B,6af5ef5a437b77f7fb395930f430a9a266efaa5ead3804aa92c8359e141f6185,FP16,FP16,fp16,7cffe089a9825640,22,43,0,22043,aime25:p22:s0,822a4c6ec6a41f65151cbc731d9d4ce2bb7bbd0f2f39bd7622be1b99d28e0d9d,f14728387e46e56379307433461f994e,288e50dc4483832ffe6d0454da3214de,40fe960ae9f758e6,bench/aime_answer_parser.py:a7ab4395529caaa2cfcd9cb5203a2dd00723ac90fcd96d12bea77494b416b234,610,998,False,boxed,,20845,00ae5350abd47e5eddd9c5b2725c132483e8db77a07f528cd21650741752f039,01dd86963a185288e4349ee2329c13f804e0b38c1e2a2b36408d42d450d247d2,eos,True,False,False,False,False,/home/qinch2023/v100_aime24_aime25_quality_work/Bounded-pattrenKV-method/results/aime25_full_causal25_quality_v100/formal/FP16/seed43/p22.json,b9bfe5bfbaea238df9cb147fef517130ad7bc9f482963eff56e20acf5f66d755,aime25_full_causal25_quality_v100_formal,fb8a77b673acfff3,fe834cd7e99a06f2aec37bfb6c74173ad7fee7c9,0,Tesla V100-SXM2-32GB,2026-08-21T01:52:32.146717+00:00,16,16,0,0,0,0,,,,,deepseek_r1_recommended,FP16:seed43:p22
aime25,DeepSeek-R1-Distill-Llama-8B,6af5ef5a437b77f7fb395930f430a9a266efaa5ead3804aa92c8359e141f6185,FP16,FP16,fp16,7cffe089a9825640,22,44,0,22044,aime25:p22:s0,822a4c6ec6a41f65151cbc731d9d4ce2bb7bbd0f2f39bd7622be1b99d28e0d9d,f14728387e46e56379307433461f994e,288e50dc4483832ffe6d0454da3214de,40fe960ae9f758e6,bench/aime_answer_parser.py:a7ab4395529caaa2cfcd9cb5203a2dd00723ac90fcd96d12bea77494b416b234,610,800,False,boxed,,18950,3f04ec241284ddb685f09f869c3dbb2c28a4419b7f1905a90f70f2084edf49eb,c2701bf8b92e89a90c42be334267b9e652de71a1e6d54a778d6e19810797641b,eos,True,False,False,False,False,/home/qinch2023/v100_aime24_aime25_quality_work/Bounded-pattrenKV-method/results/aime25_full_causal25_quality_v100/formal/FP16/seed44/p22.json,d18036d81d0142c8a0a019301cfde985ccd22f256be49011c809b2837ef981b2,aime25_full_causal25_quality_v100_formal,fb8a77b673acfff3,fe834cd7e99a06f2aec37bfb6c74173ad7fee7c9,0,Tesla V100-SXM2-32GB,2026-08-21T02:15:37.262739+00:00,16,16,0,0,0,0,,,,,deepseek_r1_recommended,FP16:seed44:p22
aime25,DeepSeek-R1-Distill-Llama-8B,6af5ef5a437b77f7fb395930f430a9a266efaa5ead3804aa92c8359e141f6185,FP16,FP16,fp16,7cffe089a9825640,23,42,0,23042,aime25:p23:s0,822a4c6ec6a41f65151cbc731d9d4ce2bb7bbd0f2f39bd7622be1b99d28e0d9d,b301ab639a06c759d690f1f7c7478eb5,56c5557ee3016df09591563234b96b1e,40fe960ae9f758e6,bench/aime_answer_parser.py:a7ab4395529caaa2cfcd9cb5203a2dd00723ac90fcd96d12bea77494b416b234,149,140,False,boxed,,10985,a6d5fb8324a7bab7b2514906ec5f1786be2aa2500e9bb4ff767560d8f6663ea9,85453cd610198de2728735d1ced4aeb43ac0791d9b08eb01bb8597d67291a11f,eos,True,False,False,False,False,/home/qinch2023/v100_aime24_aime25_quality_work/Bounded-pattrenKV-method/results/aime25_full_causal25_quality_v100/formal/FP16/seed42/p23.json,fffd0ba8782df57b1be37d2516f8d63a3dac3e328fd22f62385b5564f0a80052,aime25_full_causal25_quality_v100_formal,fb8a77b673acfff3,fe834cd7e99a06f2aec37bfb6c74173ad7fee7c9,0,Tesla V100-SXM2-32GB,2026-08-21T02:25:20.266487+00:00,16,16,0,0,0,0,,,,,deepseek_r1_recommended,FP16:seed42:p23
aime25,DeepSeek-R1-Distill-Llama-8B,6af5ef5a437b77f7fb395930f430a9a266efaa5ead3804aa92c8359e141f6185,FP16,FP16,fp16,7cffe089a9825640,23,43,0,23043,aime25:p23:s0,822a4c6ec6a41f65151cbc731d9d4ce2bb7bbd0f2f39bd7622be1b99d28e0d9d,b301ab639a06c759d690f1f7c7478eb5,56c5557ee3016df09591563234b96b1e,40fe960ae9f758e6,bench/aime_answer_parser.py:a7ab4395529caaa2cfcd9cb5203a2dd00723ac90fcd96d12bea77494b416b234,149,150,False,boxed,,5348,a25b6ceb094f2579ebc91127383e827d7c264617de31ee4fb8e00da5297f47a0,7857e3a83bfd51a9aed25218c3eb4b4a61ef73a7422c957b6e04c8b12adddde4,eos,True,False,False,False,False,/home/qinch2023/v100_aime24_aime25_quality_work/Bounded-pattrenKV-method/results/aime25_full_causal25_quality_v100/formal/FP16/seed43/p23.json,cea9b12ef78392a426c20b328033787abc0dea883508cdeb5b1acc4790df177a,aime25_full_causal25_quality_v100_formal,fb8a77b673acfff3,fe834cd7e99a06f2aec37bfb6c74173ad7fee7c9,0,Tesla V100-SXM2-32GB,2026-08-21T02:29:01.268409+00:00,16,16,0,0,0,0,,,,,deepseek_r1_recommended,FP16:seed43:p23
aime25,DeepSeek-R1-Distill-Llama-8B,6af5ef5a437b77f7fb395930f430a9a266efaa5ead3804aa92c8359e141f6185,FP16,FP16,fp16,7cffe089a9825640,23,44,0,23044,aime25:p23:s0,822a4c6ec6a41f65151cbc731d9d4ce2bb7bbd0f2f39bd7622be1b99d28e0d9d,b301ab639a06c759d690f1f7c7478eb5,56c5557ee3016df09591563234b96b1e,40fe960ae9f758e6,bench/aime_answer_parser.py:a7ab4395529caaa2cfcd9cb5203a2dd00723ac90fcd96d12bea77494b416b234,149,160,False,boxed,,7344,2701e993bf05220f66cf926bae05b56cd3f0e50ea0e90cf315dbd447a1effb89,dd28ba0d6299e0b3be0454afd827f5c670ed230e628034d09acd0b095df50c70,eos,True,False,False,False,False,/home/qinch2023/v100_aime24_aime25_quality_work/Bounded-pattrenKV-method/results/aime25_full_causal25_quality_v100/formal/FP16/seed44/p23.json,ec1572cb9929d80042089b4f9d54378dcf61aec34ed969dba7acf06040c8569d,aime25_full_causal25_quality_v100_formal,fb8a77b673acfff3,fe834cd7e99a06f2aec37bfb6c74173ad7fee7c9,0,Tesla V100-SXM2-32GB,2026-08-21T02:34:34.926952+00:00,16,16,0,0,0,0,,,,,deepseek_r1_recommended,FP16:seed44:p23
aime25,DeepSeek-R1-Distill-Llama-8B,6af5ef5a437b77f7fb395930f430a9a266efaa5ead3804aa92c8359e141f6185,FP16,FP16,fp16,7cffe089a9825640,24,42,0,24042,aime25:p24:s0,822a4c6ec6a41f65151cbc731d9d4ce2bb7bbd0f2f39bd7622be1b99d28e0d9d,d376f064f86ac66de5b403f9b4fb3ff1,50b0e0a2af0df2708a6dec184858695e,40fe960ae9f758e6,bench/aime_answer_parser.py:a7ab4395529caaa2cfcd9cb5203a2dd00723ac90fcd96d12bea77494b416b234,907,9,False,boxed,,9088,8ae76f2b67dfc74a918fc89335f58a41f0cac0e7aec0ae3a06dc8dee41ad674b,37054382d5b0f1c5862a68e21c370aea31c69f0bce3803c22b8bc4aef9796785,eos,True,False,False,False,False,/home/qinch2023/v100_aime24_aime25_quality_work/Bounded-pattrenKV-method/results/aime25_full_causal25_quality_v100/formal/FP16/seed42/p24.json,a1db089c36391917b3210c49ceb0e1236374b92a2c4bec2e18189f62ca4a8fb6,aime25_full_causal25_quality_v100_formal,fb8a77b673acfff3,fe834cd7e99a06f2aec37bfb6c74173ad7fee7c9,0,Tesla V100-SXM2-32GB,2026-08-21T02:42:00.283999+00:00,16,16,0,0,0,0,,,,,deepseek_r1_recommended,FP16:seed42:p24
aime25,DeepSeek-R1-Distill-Llama-8B,6af5ef5a437b77f7fb395930f430a9a266efaa5ead3804aa92c8359e141f6185,FP16,FP16,fp16,7cffe089a9825640,24,43,0,24043,aime25:p24:s0,822a4c6ec6a41f65151cbc731d9d4ce2bb7bbd0f2f39bd7622be1b99d28e0d9d,d376f064f86ac66de5b403f9b4fb3ff1,50b0e0a2af0df2708a6dec184858695e,40fe960ae9f758e6,bench/aime_answer_parser.py:a7ab4395529caaa2cfcd9cb5203a2dd00723ac90fcd96d12bea77494b416b234,907,9,False,boxed,,6943,e29b0b374e7f281f8fd7d20e652e9480f029e4dd8fab16b8e63a039593b1c690,8f9318318b415045d106414241f439bbf789b2c42cb3ff09d64dee8c7adba6be,eos,True,False,False,False,False,/home/qinch2023/v100_aime24_aime25_quality_work/Bounded-pattrenKV-method/results/aime25_full_causal25_quality_v100/formal/FP16/seed43/p24.json,98a971f282db40ca2be62f369f36dc7014207dfdded4c9a75818edc24c78142f,aime25_full_causal25_quality_v100_formal,fb8a77b673acfff3,fe834cd7e99a06f2aec37bfb6c74173ad7fee7c9,0,Tesla V100-SXM2-32GB,2026-08-21T02:47:09.805408+00:00,16,16,0,0,0,0,,,,,deepseek_r1_recommended,FP16:seed43:p24
aime25,DeepSeek-R1-Distill-Llama-8B,6af5ef5a437b77f7fb395930f430a9a266efaa5ead3804aa92c8359e141f6185,FP16,FP16,fp16,7cffe089a9825640,24,44,0,24044,aime25:p24:s0,822a4c6ec6a41f65151cbc731d9d4ce2bb7bbd0f2f39bd7622be1b99d28e0d9d,d376f064f86ac66de5b403f9b4fb3ff1,50b0e0a2af0df2708a6dec184858695e,40fe960ae9f758e6,bench/aime_answer_parser.py:a7ab4395529caaa2cfcd9cb5203a2dd00723ac90fcd96d12bea77494b416b234,907,9,False,boxed,,3695,f48bd01238b70a8b4a04270e36893c3c626fab613799c3ec28e61a401a1848e1,11938478cb06bf896bc148374b68ce0975e1986b235860ce198f75811effcd9f,eos,True,False,False,False,False,/home/qinch2023/v100_aime24_aime25_quality_work/Bounded-pattrenKV-method/results/aime25_full_causal25_quality_v100/formal/FP16/seed44/p24.json,fc58aec61c699010932bb8a3d47ab855b84f6a3607dffb7316a41264fa2686b1,aime25_full_causal25_quality_v100_formal,fb8a77b673acfff3,fe834cd7e99a06f2aec37bfb6c74173ad7fee7c9,0,Tesla V100-SXM2-32GB,2026-08-21T02:49:29.736296+00:00,16,16,0,0,0,0,,,,,deepseek_r1_recommended,FP16:seed44:p24
aime25,DeepSeek-R1-Distill-Llama-8B,6af5ef5a437b77f7fb395930f430a9a266efaa5ead3804aa92c8359e141f6185,FP16,FP16,fp16,7cffe089a9825640,25,42,0,25042,aime25:p25:s0,822a4c6ec6a41f65151cbc731d9d4ce2bb7bbd0f2f39bd7622be1b99d28e0d9d,984d152105091bd54675c1f82970a7e3,e0a8ef0df8ee83405478542f38b7a1df,40fe960ae9f758e6,bench/aime_answer_parser.py:a7ab4395529caaa2cfcd9cb5203a2dd00723ac90fcd96d12bea77494b416b234,113,12,False,boxed,,16786,e08affa13e128bbe47ef0ba4486ca4701609e2b967379cac9ac9835cbed03fe1,91166320feef6c327d02bc356a21c65aa3f69ea9147ac0266b407fd13e53cf7b,eos,True,False,False,False,False,/home/qinch2023/v100_aime24_aime25_quality_work/Bounded-pattrenKV-method/results/aime25_full_causal25_quality_v100/formal/FP16/seed42/p25.json,3a94a6022e25ed84b8334aa38116ff5ce193076ae94a2114125d376df67eb6f4,aime25_full_causal25_quality_v100_formal,fb8a77b673acfff3,fe834cd7e99a06f2aec37bfb6c74173ad7fee7c9,0,Tesla V100-SXM2-32GB,2026-08-21T03:08:13.894596+00:00,16,16,0,0,0,0,,,,,deepseek_r1_recommended,FP16:seed42:p25
aime25,DeepSeek-R1-Distill-Llama-8B,6af5ef5a437b77f7fb395930f430a9a266efaa5ead3804aa92c8359e141f6185,FP16,FP16,fp16,7cffe089a9825640,25,43,0,25043,aime25:p25:s0,822a4c6ec6a41f65151cbc731d9d4ce2bb7bbd0f2f39bd7622be1b99d28e0d9d,984d152105091bd54675c1f82970a7e3,e0a8ef0df8ee83405478542f38b7a1df,40fe960ae9f758e6,bench/aime_answer_parser.py:a7ab4395529caaa2cfcd9cb5203a2dd00723ac90fcd96d12bea77494b416b234,113,1,False,boxed,,13596,32cd54f4b1e63786658290be1946cab69600ca088eafa3b96f9578461b6bbe4d,40e7d002143b5eda7e15747617698832626f421581cedf84fd49d30150bad67f,eos,True,False,False,False,False,/home/qinch2023/v100_aime24_aime25_quality_work/Bounded-pattrenKV-method/results/aime25_full_causal25_quality_v100/formal/FP16/seed43/p25.json,6efcc7aa368ee6865ad0b60050f6a948aa4e69c33a0ce6d939fcb8ebe96abed5,aime25_full_causal25_quality_v100_formal,fb8a77b673acfff3,fe834cd7e99a06f2aec37bfb6c74173ad7fee7c9,0,Tesla V100-SXM2-32GB,2026-08-21T03:21:37.701060+00:00,16,16,0,0,0,0,,,,,deepseek_r1_recommended,FP16:seed43:p25
aime25,DeepSeek-R1-Distill-Llama-8B,6af5ef5a437b77f7fb395930f430a9a266efaa5ead3804aa92c8359e141f6185,FP16,FP16,fp16,7cffe089a9825640,25,44,0,25044,aime25:p25:s0,822a4c6ec6a41f65151cbc731d9d4ce2bb7bbd0f2f39bd7622be1b99d28e0d9d,984d152105091bd54675c1f82970a7e3,e0a8ef0df8ee83405478542f38b7a1df,40fe960ae9f758e6,bench/aime_answer_parser.py:a7ab4395529caaa2cfcd9cb5203a2dd00723ac90fcd96d12bea77494b416b234,113,12,False,boxed,,13691,4ea8812bc5b220067a79a4ee528c44b02c184588c6c155b5f98beeb4eaa8b8db,7755d1afddc1ad29d77eb12477ee75e469e5b52d7d5a196102be4922c771bc5b,eos,True,False,False,False,False,/home/qinch2023/v100_aime24_aime25_quality_work/Bounded-pattrenKV-method/results/aime25_full_causal25_quality_v100/formal/FP16/seed44/p25.json,64bfce20800b3ae08ecd72858871f6be443311b28c32c884e8b34e5dec073eff,aime25_full_causal25_quality_v100_formal,fb8a77b673acfff3,fe834cd7e99a06f2aec37bfb6c74173ad7fee7c9,0,Tesla V100-SXM2-32GB,2026-08-21T03:35:10.246418+00:00,16,16,0,0,0,0,,,,,deepseek_r1_recommended,FP16:seed44:p25
aime25,DeepSeek-R1-Distill-Llama-8B,6af5ef5a437b77f7fb395930f430a9a266efaa5ead3804aa92c8359e141f6185,FP16,FP16,fp16,7cffe089a9825640,26,42,0,26042,aime25:p26:s0,822a4c6ec6a41f65151cbc731d9d4ce2bb7bbd0f2f39bd7622be1b99d28e0d9d,eb2c9b8154d1f52541726ed429ade2fb,5cf4f31c740ed28827f7be5498198531,40fe960ae9f758e6,bench/aime_answer_parser.py:a7ab4395529caaa2cfcd9cb5203a2dd00723ac90fcd96d12bea77494b416b234,19,913,False,boxed,,31199,8dae76430a2ddd238d243159954ccf5352699aeb4d8ac401f29fdddfdd8b8f84,17b0d7b9d14c91597d80fd5e9e5d6ffcef50e5c15e1f46cb8adceff6d580a0a2,eos,True,False,False,False,False,/home/qinch2023/v100_aime24_aime25_quality_work/Bounded-pattrenKV-method/results/aime25_full_causal25_quality_v100/formal/FP16/seed42/p26.json,b1da736a0eafc2089083dc7ca6b261610dc42415408825e17efbc919a7003295,aime25_full_causal25_quality_v100_formal,fb8a77b673acfff3,fe834cd7e99a06f2aec37bfb6c74173ad7fee7c9,0,Tesla V100-SXM2-32GB,2026-08-21T04:28:16.993652+00:00,16,16,0,0,0,0,,,,,deepseek_r1_recommended,FP16:seed42:p26
aime25,DeepSeek-R1-Distill-Llama-8B,6af5ef5a437b77f7fb395930f430a9a266efaa5ead3804aa92c8359e141f6185,FP16,FP16,fp16,7cffe089a9825640,26,43,0,26043,aime25:p26:s0,822a4c6ec6a41f65151cbc731d9d4ce2bb7bbd0f2f39bd7622be1b99d28e0d9d,eb2c9b8154d1f52541726ed429ade2fb,5cf4f31c740ed28827f7be5498198531,40fe960ae9f758e6,bench/aime_answer_parser.py:a7ab4395529caaa2cfcd9cb5203a2dd00723ac90fcd96d12bea77494b416b234,19,137,False,boxed,,22112,0e5d033f9a73f388042d85d74bb69de8f13cae9986bfc4c1c232494371da28e9,2d1a264d51f84ef4cb443a921540584642ff98c5d46f66b21d926a141d14cac7,eos,True,False,False,False,False,/home/qinch2023/v100_aime24_aime25_quality_work/Bounded-pattrenKV-method/results/aime25_full_causal25_quality_v100/formal/FP16/seed43/p26.json,2917a983fc4acc23593bc5a4c63b4393ac69b425dbb088d5afcf7c41e77d8db0,aime25_full_causal25_quality_v100_formal,fb8a77b673acfff3,fe834cd7e99a06f2aec37bfb6c74173ad7fee7c9,0,Tesla V100-SXM2-32GB,2026-08-21T04:57:55.575961+00:00,16,16,0,0,0,0,,,,,deepseek_r1_recommended,FP16:seed43:p26
aime25,DeepSeek-R1-Distill-Llama-8B,6af5ef5a437b77f7fb395930f430a9a266efaa5ead3804aa92c8359e141f6185,FP16,FP16,fp16,7cffe089a9825640,26,44,0,26044,aime25:p26:s0,822a4c6ec6a41f65151cbc731d9d4ce2bb7bbd0f2f39bd7622be1b99d28e0d9d,eb2c9b8154d1f52541726ed429ade2fb,5cf4f31c740ed28827f7be5498198531,40fe960ae9f758e6,bench/aime_answer_parser.py:a7ab4395529caaa2cfcd9cb5203a2dd00723ac90fcd96d12bea77494b416b234,19,82,False,boxed,,26054,ba7aa976885f26ac1b72c4d8007d9da822882671d3c9aaab32f832d9b354909d,452da95714e4b1199dfd30c3e726f2f3415c417f1fc96c356b23139a199fdbb0,eos,True,False,False,False,False,/home/qinch2023/v100_aime24_aime25_quality_work/Bounded-pattrenKV-method/results/aime25_full_causal25_quality_v100/formal/FP16/seed44/p26.json,f3d87db0462061cdda787a0abe8aee01b6010d582bdc66fa241bd79dc1d3d695,aime25_full_causal25_quality_v100_formal,fb8a77b673acfff3,fe834cd7e99a06f2aec37bfb6c74173ad7fee7c9,0,Tesla V100-SXM2-32GB,2026-08-21T05:36:58.150320+00:00,16,16,0,0,0,0,,,,,deepseek_r1_recommended,FP16:seed44:p26
aime25,DeepSeek-R1-Distill-Llama-8B,6af5ef5a437b77f7fb395930f430a9a266efaa5ead3804aa92c8359e141f6185,FP16,FP16,fp16,7cffe089a9825640,27,42,0,27042,aime25:p27:s0,822a4c6ec6a41f65151cbc731d9d4ce2bb7bbd0f2f39bd7622be1b99d28e0d9d,c219bc88c7508e20b65616d192f6b2a9,b4eb4e435edbe4f993b9a509ce78688d,40fe960ae9f758e6,bench/aime_answer_parser.py:a7ab4395529caaa2cfcd9cb5203a2dd00723ac90fcd96d12bea77494b416b234,248,3,False,boxed,,28010,16e34f1479df5795a49dbb17a6c2378d828f91565dc9a6f0c915d888d9b2c612,bb457b2532500c0ecdfb1c7f409fd00c2a364833a793a066877a45e0a781db69,eos,True,False,False,False,False,/home/qinch2023/v100_aime24_aime25_quality_work/Bounded-pattrenKV-method/results/aime25_full_causal25_quality_v100/formal/FP16/seed42/p27.json,d82a13a019748fee35fd5657727f2abc036514870bf2ccbc752afb82ffbd8e10,aime25_full_causal25_quality_v100_formal,fb8a77b673acfff3,fe834cd7e99a06f2aec37bfb6c74173ad7fee7c9,0,Tesla V100-SXM2-32GB,2026-08-21T06:20:59.344062+00:00,16,16,0,0,0,0,,,,,deepseek_r1_recommended,FP16:seed42:p27
aime25,DeepSeek-R1-Distill-Llama-8B,6af5ef5a437b77f7fb395930f430a9a266efaa5ead3804aa92c8359e141f6185,FP16,FP16,fp16,7cffe089a9825640,27,43,0,27043,aime25:p27:s0,822a4c6ec6a41f65151cbc731d9d4ce2bb7bbd0f2f39bd7622be1b99d28e0d9d,c219bc88c7508e20b65616d192f6b2a9,b4eb4e435edbe4f993b9a509ce78688d,40fe960ae9f758e6,bench/aime_answer_parser.py:a7ab4395529caaa2cfcd9cb5203a2dd00723ac90fcd96d12bea77494b416b234,248,3,False,boxed,,30580,ead6f8b651fa0c117940f37014cac2e73fdfa99d392d0bf576ae5e729ddff3bc,6d6762fb2ae99b9baf8ac00b109315027c958ce26491e85c418f84d696c167de,eos,True,False,False,False,False,/home/qinch2023/v100_aime24_aime25_quality_work/Bounded-pattrenKV-method/results/aime25_full_causal25_quality_v100/formal/FP16/seed43/p27.json,4e71e5f66b251954cbc0465ad3cc0e1104955b59ee532c13c15599d8951768d6,aime25_full_causal25_quality_v100_formal,fb8a77b673acfff3,fe834cd7e99a06f2aec37bfb6c74173ad7fee7c9,0,Tesla V100-SXM2-32GB,2026-08-21T07:12:09.454110+00:00,16,16,0,0,0,0,,,,,deepseek_r1_recommended,FP16:seed43:p27
aime25,DeepSeek-R1-Distill-Llama-8B,6af5ef5a437b77f7fb395930f430a9a266efaa5ead3804aa92c8359e141f6185,FP16,FP16,fp16,7cffe089a9825640,27,44,0,27044,aime25:p27:s0,822a4c6ec6a41f65151cbc731d9d4ce2bb7bbd0f2f39bd7622be1b99d28e0d9d,c219bc88c7508e20b65616d192f6b2a9,b4eb4e435edbe4f993b9a509ce78688d,40fe960ae9f758e6,bench/aime_answer_parser.py:a7ab4395529caaa2cfcd9cb5203a2dd00723ac90fcd96d12bea77494b416b234,248,208,False,boxed,,26410,c195f67f745fb3acf16c8d027b7aa92556b2566098d3a03f8cd748b744162d00,d7ffa684a34042e279b287e2473d549a6e0942ab09eafffdec9627234db13438,eos,True,False,False,False,False,/home/qinch2023/v100_aime24_aime25_quality_work/Bounded-pattrenKV-method/results/aime25_full_causal25_quality_v100/formal/FP16/seed44/p27.json,230bd4bfc4398555d9d8e761b2ddbd230cee2e2b1e1f2dea89cbe27e4d40c64f,aime25_full_causal25_quality_v100_formal,fb8a77b673acfff3,fe834cd7e99a06f2aec37bfb6c74173ad7fee7c9,0,Tesla V100-SXM2-32GB,2026-08-21T07:51:58.219680+00:00,16,16,0,0,0,0,,,,,deepseek_r1_recommended,FP16:seed44:p27
aime25,DeepSeek-R1-Distill-Llama-8B,6af5ef5a437b77f7fb395930f430a9a266efaa5ead3804aa92c8359e141f6185,FP16,FP16,fp16,7cffe089a9825640,28,42,0,28042,aime25:p28:s0,822a4c6ec6a41f65151cbc731d9d4ce2bb7bbd0f2f39bd7622be1b99d28e0d9d,32372ef5319e1d95611cdeb87ad07fae,94eb97d32b93c4f2704bdc98d7c471a5,40fe960ae9f758e6,bench/aime_answer_parser.py:a7ab4395529caaa2cfcd9cb5203a2dd00723ac90fcd96d12bea77494b416b234,104,104,True,boxed,,8841,4d49bac18b5f05bd4c32cd322953672ee5da2d1905aec08b012ea17f63380ddd,4fd5e6a709d1f174eb42a64165e62d0268c9c23b3a0ff9b339554df3232a93b8,eos,True,False,False,False,False,/home/qinch2023/v100_aime24_aime25_quality_work/Bounded-pattrenKV-method/results/aime25_full_causal25_quality_v100/formal/FP16/seed42/p28.json,43830f0b921dfb08223b6434bf68de3c28ca1b8b4c6f6fe419819b836ae21df0,aime25_full_causal25_quality_v100_formal,fb8a77b673acfff3,fe834cd7e99a06f2aec37bfb6c74173ad7fee7c9,0,Tesla V100-SXM2-32GB,2026-08-21T07:59:07.886267+00:00,16,16,0,0,0,0,,,,,deepseek_r1_recommended,FP16:seed42:p28
aime25,DeepSeek-R1-Distill-Llama-8B,6af5ef5a437b77f7fb395930f430a9a266efaa5ead3804aa92c8359e141f6185,FP16,FP16,fp16,7cffe089a9825640,28,43,0,28043,aime25:p28:s0,822a4c6ec6a41f65151cbc731d9d4ce2bb7bbd0f2f39bd7622be1b99d28e0d9d,32372ef5319e1d95611cdeb87ad07fae,94eb97d32b93c4f2704bdc98d7c471a5,40fe960ae9f758e6,bench/aime_answer_parser.py:a7ab4395529caaa2cfcd9cb5203a2dd00723ac90fcd96d12bea77494b416b234,104,153,False,boxed,,16334,27fc51773a8fc4529212f6f9e99bbc184ca7f1222a04652ddc1b19b9ece5b1c7,f420be59e387079cf91a6abdc867fe4c27f9d2dc402a39a60cad1b8433951411,eos,True,False,False,False,False,/home/qinch2023/v100_aime24_aime25_quality_work/Bounded-pattrenKV-method/results/aime25_full_causal25_quality_v100/formal/FP16/seed43/p28.json,581b8e81c2e83f82f0becc7688fb7368479d1c9df05adfd5de1281f473dedf09,aime25_full_causal25_quality_v100_formal,fb8a77b673acfff3,fe834cd7e99a06f2aec37bfb6c74173ad7fee7c9,0,Tesla V100-SXM2-32GB,2026-08-21T08:17:05.501244+00:00,16,16,0,0,0,0,,,,,deepseek_r1_recommended,FP16:seed43:p28
aime25,DeepSeek-R1-Distill-Llama-8B,6af5ef5a437b77f7fb395930f430a9a266efaa5ead3804aa92c8359e141f6185,FP16,FP16,fp16,7cffe089a9825640,28,44,0,28044,aime25:p28:s0,822a4c6ec6a41f65151cbc731d9d4ce2bb7bbd0f2f39bd7622be1b99d28e0d9d,32372ef5319e1d95611cdeb87ad07fae,94eb97d32b93c4f2704bdc98d7c471a5,40fe960ae9f758e6,bench/aime_answer_parser.py:a7ab4395529caaa2cfcd9cb5203a2dd00723ac90fcd96d12bea77494b416b234,104,84,False,boxed,,22342,343497ecfbefd6a29aafc7414f84c8343fd0f2fee0144c7b597bacd6dc42822f,6f9a73fd8827b6bbd7772fa8081bb2bcfcd769dd500cfd94d68fbac075b8e174,eos,True,False,False,False,False,/home/qinch2023/v100_aime24_aime25_quality_work/Bounded-pattrenKV-method/results/aime25_full_causal25_quality_v100/formal/FP16/seed44/p28.json,ff715d65afe014eceb3e5b7db96680cb4c2e35a9ec9485cfcd180abe63bad0a9,aime25_full_causal25_quality_v100_formal,fb8a77b673acfff3,fe834cd7e99a06f2aec37bfb6c74173ad7fee7c9,0,Tesla V100-SXM2-32GB,2026-08-21T08:47:06.567285+00:00,16,16,0,0,0,0,,,,,deepseek_r1_recommended,FP16:seed44:p28
aime25,DeepSeek-R1-Distill-Llama-8B,6af5ef5a437b77f7fb395930f430a9a266efaa5ead3804aa92c8359e141f6185,FP16,FP16,fp16,7cffe089a9825640,29,42,0,29042,aime25:p29:s0,822a4c6ec6a41f65151cbc731d9d4ce2bb7bbd0f2f39bd7622be1b99d28e0d9d,0009b4538255c73d6effffb3456908e9,8b6785b193c12dd1c54352df0d5e986f,40fe960ae9f758e6,bench/aime_answer_parser.py:a7ab4395529caaa2cfcd9cb5203a2dd00723ac90fcd96d12bea77494b416b234,240,188,False,boxed,,8942,00fea8e3e4b91590a527ff387cd5c06e387e573be8eec629b8c681b21e1ddba6,cc961195e8ef212ba084e399952f087bd2d5dcd6f3737b0d4e53e1399b56ff91,eos,True,False,False,False,False,/home/qinch2023/v100_aime24_aime25_quality_work/Bounded-pattrenKV-method/results/aime25_full_causal25_quality_v100/formal/FP16/seed42/p29.json,2bab046f5792fa788d5040f30003fe6192c1585554c733421f92ec20f435045e,aime25_full_causal25_quality_v100_formal,fb8a77b673acfff3,fe834cd7e99a06f2aec37bfb6c74173ad7fee7c9,0,Tesla V100-SXM2-32GB,2026-08-21T08:54:22.093295+00:00,16,16,0,0,0,0,,,,,deepseek_r1_recommended,FP16:seed42:p29
aime25,DeepSeek-R1-Distill-Llama-8B,6af5ef5a437b77f7fb395930f430a9a266efaa5ead3804aa92c8359e141f6185,FP16,FP16,fp16,7cffe089a9825640,29,43,0,29043,aime25:p29:s0,822a4c6ec6a41f65151cbc731d9d4ce2bb7bbd0f2f39bd7622be1b99d28e0d9d,0009b4538255c73d6effffb3456908e9,8b6785b193c12dd1c54352df0d5e986f,40fe960ae9f758e6,bench/aime_answer_parser.py:a7ab4395529caaa2cfcd9cb5203a2dd00723ac90fcd96d12bea77494b416b234,240,188,False,boxed,,20452,45ced2cb54c7059685405facaf269c54fff0cf813d7369b8cb4f4e685d130718,62d9fab8b467253be9fb972203e7cf5860b17bf715951da217b8227ab6da4ce4,eos,True,False,False,False,False,/home/qinch2023/v100_aime24_aime25_quality_work/Bounded-pattrenKV-method/results/aime25_full_causal25_quality_v100/formal/FP16/seed43/p29.json,4475da36474e0ad43222cfd464dcfb52572c881986594076344448bb7b317114,aime25_full_causal25_quality_v100_formal,fb8a77b673acfff3,fe834cd7e99a06f2aec37bfb6c74173ad7fee7c9,0,Tesla V100-SXM2-32GB,2026-08-21T09:20:15.450431+00:00,16,16,0,0,0,0,,,,,deepseek_r1_recommended,FP16:seed43:p29
aime25,DeepSeek-R1-Distill-Llama-8B,6af5ef5a437b77f7fb395930f430a9a266efaa5ead3804aa92c8359e141f6185,FP16,FP16,fp16,7cffe089a9825640,29,44,0,29044,aime25:p29:s0,822a4c6ec6a41f65151cbc731d9d4ce2bb7bbd0f2f39bd7622be1b99d28e0d9d,0009b4538255c73d6effffb3456908e9,8b6785b193c12dd1c54352df0d5e986f,40fe960ae9f758e6,bench/aime_answer_parser.py:a7ab4395529caaa2cfcd9cb5203a2dd00723ac90fcd96d12bea77494b416b234,240,188,False,boxed,,22478,20f88814b254768e34709cdb6ccb03c72f5e36967c91c3052052d6a7fd72574b,0da1751b1474e005b7df3ca6a7883ae87cb8892cb5b34a1d49e3183aadb966c0,eos,True,False,False,False,False,/home/qinch2023/v100_aime24_aime25_quality_work/Bounded-pattrenKV-method/results/aime25_full_causal25_quality_v100/formal/FP16/seed44/p29.json,d34d3a7f5d357114da10343f95e1013e8cf099441709ba3b20a5977d08475d15,aime25_full_causal25_quality_v100_formal,fb8a77b673acfff3,fe834cd7e99a06f2aec37bfb6c74173ad7fee7c9,0,Tesla V100-SXM2-32GB,2026-08-21T09:50:32.827695+00:00,16,16,0,0,0,0,,,,,deepseek_r1_recommended,FP16:seed44:p29
aime25,DeepSeek-R1-Distill-Llama-8B,6af5ef5a437b77f7fb395930f430a9a266efaa5ead3804aa92c8359e141f6185,KIVI_PAPER_G128,KIVI_PAPER_G128,kivi_paper_g128,a32ded9b2d918e25,0,42,0,42,aime25:p0:s0,822a4c6ec6a41f65151cbc731d9d4ce2bb7bbd0f2f39bd7622be1b99d28e0d9d,0aa8edd27a3f078d857084cee9300ad8,4ef190c91f542a98419a563b7da52993,8caec949e01b3da2,bench/aime_answer_parser.py:a7ab4395529caaa2cfcd9cb5203a2dd00723ac90fcd96d12bea77494b416b234,70,70,True,boxed,,2312,2387c0f9e633e7eaebb06a83e9eb3f0722a6255f41374c5e4c179e4845c22ed4,46395654148d6cfcd50129cf8fc74151e160ec7211240fa1ea9f3bfbea34a7a7,eos,True,False,False,False,False,/home/qinch2023/v100_aime24_aime25_quality_work/Bounded-pattrenKV-method/results/aime25_kivi_paper_g128_quality_v100/formal/KIVI_PAPER_G128/seed42/p00.json,3f40bef95081e82d0958ab2ad52525b505bf1bd697f7961b8b4f722757c75199,aime25_full_causal25_quality_v100_formal,9924be6a64a2da26,fe834cd7e99a06f2aec37bfb6c74173ad7fee7c9,0,Tesla V100-SXM2-32GB,2026-08-21T14:55:28.044514+00:00,2,2,128,0,128,128,,,,,deepseek_r1_recommended,KIVI_PAPER_G128:seed42:p00
aime25,DeepSeek-R1-Distill-Llama-8B,6af5ef5a437b77f7fb395930f430a9a266efaa5ead3804aa92c8359e141f6185,KIVI_PAPER_G128,KIVI_PAPER_G128,kivi_paper_g128,a32ded9b2d918e25,0,43,0,43,aime25:p0:s0,822a4c6ec6a41f65151cbc731d9d4ce2bb7bbd0f2f39bd7622be1b99d28e0d9d,0aa8edd27a3f078d857084cee9300ad8,4ef190c91f542a98419a563b7da52993,8caec949e01b3da2,bench/aime_answer_parser.py:a7ab4395529caaa2cfcd9cb5203a2dd00723ac90fcd96d12bea77494b416b234,70,70,True,boxed,,4532,c045c544ee4ff87baef5dfe593c36afc4ae6766cbdca858f513d043e5a1f571f,19dec2491e96688004e278e7c7f6d41bed6bc5b7be847a7abfc3dda94e78512f,eos,True,False,False,False,False,/home/qinch2023/v100_aime24_aime25_quality_work/Bounded-pattrenKV-method/results/aime25_kivi_paper_g128_quality_v100/formal/KIVI_PAPER_G128/seed43/p00.json,f8e3b5d1376a58ea95a0fcdbc724446bab1e810d63248f3f6c54631c2539ae00,aime25_full_causal25_quality_v100_formal,9924be6a64a2da26,fe834cd7e99a06f2aec37bfb6c74173ad7fee7c9,0,Tesla V100-SXM2-32GB,2026-08-21T15:00:10.805528+00:00,2,2,128,0,128,128,,,,,deepseek_r1_recommended,KIVI_PAPER_G128:seed43:p00
aime25,DeepSeek-R1-Distill-Llama-8B,6af5ef5a437b77f7fb395930f430a9a266efaa5ead3804aa92c8359e141f6185,KIVI_PAPER_G128,KIVI_PAPER_G128,kivi_paper_g128,a32ded9b2d918e25,0,44,0,44,aime25:p0:s0,822a4c6ec6a41f65151cbc731d9d4ce2bb7bbd0f2f39bd7622be1b99d28e0d9d,0aa8edd27a3f078d857084cee9300ad8,4ef190c91f542a98419a563b7da52993,8caec949e01b3da2,bench/aime_answer_parser.py:a7ab4395529caaa2cfcd9cb5203a2dd00723ac90fcd96d12bea77494b416b234,70,915,False,boxed,,8344,1e7286085f43b879dc63db211e1b47daec897f46ed09f72d1074c665ddcf118c,683dda3a22be98c0dd179b33f15f99681d6d08e3bbd9bacd672170e37fb375b6,eos,True,False,False,False,False,/home/qinch2023/v100_aime24_aime25_quality_work/Bounded-pattrenKV-method/results/aime25_kivi_paper_g128_quality_v100/formal/KIVI_PAPER_G128/seed44/p00.json,05087fd85b7c4e4b3c116f610a4c92da18880cb6376c3969ce2ea253c386dcc6,aime25_full_causal25_quality_v100_formal,9924be6a64a2da26,fe834cd7e99a06f2aec37bfb6c74173ad7fee7c9,0,Tesla V100-SXM2-32GB,2026-08-21T15:08:48.500030+00:00,2,2,128,0,128,128,,,,,deepseek_r1_recommended,KIVI_PAPER_G128:seed44:p00
aime25,DeepSeek-R1-Distill-Llama-8B,6af5ef5a437b77f7fb395930f430a9a266efaa5ead3804aa92c8359e141f6185,KIVI_PAPER_G128,KIVI_PAPER_G128,kivi_paper_g128,a32ded9b2d918e25,1,42,0,1042,aime25:p1:s0,822a4c6ec6a41f65151cbc731d9d4ce2bb7bbd0f2f39bd7622be1b99d28e0d9d,f27ac657e1ec0e7ef0a539a7c9c620ae,629622baf8d2584830c6b9967ecada73,8caec949e01b3da2,bench/aime_answer_parser.py:a7ab4395529caaa2cfcd9cb5203a2dd00723ac90fcd96d12bea77494b416b234,588,0,False,tail_integer,,11139,cf129bd60116319163217367a1cab65457ee4628e4e14b5898e96a89ae8c8865,6bf8f69eca5f46aad4776c6ec04b8e3e367bcd8d606e91de88f5c673514d006e,eos,True,False,False,False,False,/home/qinch2023/v100_aime24_aime25_quality_work/Bounded-pattrenKV-method/results/aime25_kivi_paper_g128_quality_v100/formal/KIVI_PAPER_G128/seed42/p01.json,18b03284947512510fe049f5d6f3212129e5dfcb70d75b50c1c0a3ed4d23aa06,aime25_full_causal25_quality_v100_formal,9924be6a64a2da26,fe834cd7e99a06f2aec37bfb6c74173ad7fee7c9,0,Tesla V100-SXM2-32GB,2026-08-21T15:20:17.585311+00:00,2,2,128,0,128,128,,,,,deepseek_r1_recommended,KIVI_PAPER_G128:seed42:p01
aime25,DeepSeek-R1-Distill-Llama-8B,6af5ef5a437b77f7fb395930f430a9a266efaa5ead3804aa92c8359e141f6185,KIVI_PAPER_G128,KIVI_PAPER_G128,kivi_paper_g128,a32ded9b2d918e25,1,43,0,1043,aime25:p1:s0,822a4c6ec6a41f65151cbc731d9d4ce2bb7bbd0f2f39bd7622be1b99d28e0d9d,f27ac657e1ec0e7ef0a539a7c9c620ae,629622baf8d2584830c6b9967ecada73,8caec949e01b3da2,bench/aime_answer_parser.py:a7ab4395529caaa2cfcd9cb5203a2dd00723ac90fcd96d12bea77494b416b234,588,364,False,boxed,,11491,75cb8bd1c02f792a3807815f537b80f4047072187678174df7b8aa743d9a4a1b,539226219f743106a0cc653ae43b43b738c8334cf569fcb4ed8b3cce58ea7bb2,eos,True,False,False,False,False,/home/qinch2023/v100_aime24_aime25_quality_work/Bounded-pattrenKV-method/results/aime25_kivi_paper_g128_quality_v100/formal/KIVI_PAPER_G128/seed43/p01.json,c9af399334177b5e49b54435425f63b961322a4704e267275b0c2b912ffb36bc,aime25_full_causal25_quality_v100_formal,9924be6a64a2da26,fe834cd7e99a06f2aec37bfb6c74173ad7fee7c9,0,Tesla V100-SXM2-32GB,2026-08-21T15:32:06.921621+00:00,2,2,128,0,128,128,,,,,deepseek_r1_recommended,KIVI_PAPER_G128:seed43:p01
aime25,DeepSeek-R1-Distill-Llama-8B,6af5ef5a437b77f7fb395930f430a9a266efaa5ead3804aa92c8359e141f6185,KIVI_PAPER_G128,KIVI_PAPER_G128,kivi_paper_g128,a32ded9b2d918e25,1,44,0,1044,aime25:p1:s0,822a4c6ec6a41f65151cbc731d9d4ce2bb7bbd0f2f39bd7622be1b99d28e0d9d,f27ac657e1ec0e7ef0a539a7c9c620ae,629622baf8d2584830c6b9967ecada73,8caec949e01b3da2,bench/aime_answer_parser.py:a7ab4395529caaa2cfcd9cb5203a2dd00723ac90fcd96d12bea77494b416b234,588,377,False,tail_integer,,14931,1e9340684b10a838fbcb54bd79eb81ca73352ad2aefa80d4c0efa1a42d051805,988bbde2d1cebea516ea5d61cdd04b00d509b69fb2e8dba3b12bdbf6f7123e9f,eos,True,False,False,False,False,/home/qinch2023/v100_aime24_aime25_quality_work/Bounded-pattrenKV-method/results/aime25_kivi_paper_g128_quality_v100/formal/KIVI_PAPER_G128/seed44/p01.json,317b415e46d3e782d5638580243d9bcd0267380625fe17234378df6832b2e48c,aime25_full_causal25_quality_v100_formal,9924be6a64a2da26,fe834cd7e99a06f2aec37bfb6c74173ad7fee7c9,0,Tesla V100-SXM2-32GB,2026-08-21T15:47:31.347792+00:00,2,2,128,0,128,128,,,,,deepseek_r1_recommended,KIVI_PAPER_G128:seed44:p01
aime25,DeepSeek-R1-Distill-Llama-8B,6af5ef5a437b77f7fb395930f430a9a266efaa5ead3804aa92c8359e141f6185,KIVI_PAPER_G128,KIVI_PAPER_G128,kivi_paper_g128,a32ded9b2d918e25,2,42,0,2042,aime25:p2:s0,822a4c6ec6a41f65151cbc731d9d4ce2bb7bbd0f2f39bd7622be1b99d28e0d9d,b154e4cd8a12766975f679d58960ab8a,2866b5231d051e8f25d26a381ea73cb1,8caec949e01b3da2,bench/aime_answer_parser.py:a7ab4395529caaa2cfcd9cb5203a2dd00723ac90fcd96d12bea77494b416b234,16,16,True,boxed,,8752,7f8dbf559630bfa0e8b5ec83dd1a7ee8c1819d3b22cd11c064af723f8dddec50,c78ca654786a0e64dc3148240842549ca8b44fe8febc80880bf1a5e2a086258a,eos,True,False,False,False,False,/home/qinch2023/v100_aime24_aime25_quality_work/Bounded-pattrenKV-method/results/aime25_kivi_paper_g128_quality_v100/formal/KIVI_PAPER_G128/seed42/p02.json,823ff78b4a2c5ed92e0303b2d81bcde711d16b1245926be0856429b566732346,aime25_full_causal25_quality_v100_formal,9924be6a64a2da26,fe834cd7e99a06f2aec37bfb6c74173ad7fee7c9,0,Tesla V100-SXM2-32GB,2026-08-21T15:56:32.485053+00:00,2,2,128,0,128,128,,,,,deepseek_r1_recommended,KIVI_PAPER_G128:seed42:p02
aime25,DeepSeek-R1-Distill-Llama-8B,6af5ef5a437b77f7fb395930f430a9a266efaa5ead3804aa92c8359e141f6185,KIVI_PAPER_G128,KIVI_PAPER_G128,kivi_paper_g128,a32ded9b2d918e25,2,43,0,2043,aime25:p2:s0,822a4c6ec6a41f65151cbc731d9d4ce2bb7bbd0f2f39bd7622be1b99d28e0d9d,b154e4cd8a12766975f679d58960ab8a,2866b5231d051e8f25d26a381ea73cb1,8caec949e01b3da2,bench/aime_answer_parser.py:a7ab4395529caaa2cfcd9cb5203a2dd00723ac90fcd96d12bea77494b416b234,16,324,False,boxed,,12016,dffac8acd80b1ec9b8874c27232444c796043fe367feb07ef019809c22126f44,868768833e70466f45aea07d9ed4edec5b3162ae3875decf7f37d40a063bcc1a,eos,True,False,False,False,False,/home/qinch2023/v100_aime24_aime25_quality_work/Bounded-pattrenKV-method/results/aime25_kivi_paper_g128_quality_v100/formal/KIVI_PAPER_G128/seed43/p02.json,85fb738d0a9fcf0f582163067dfec46409bf07aa04833a5f7afad06b83efe517,aime25_full_causal25_quality_v100_formal,9924be6a64a2da26,fe834cd7e99a06f2aec37bfb6c74173ad7fee7c9,0,Tesla V100-SXM2-32GB,2026-08-21T16:08:55.549736+00:00,2,2,128,0,128,128,,,,,deepseek_r1_recommended,KIVI_PAPER_G128:seed43:p02
aime25,DeepSeek-R1-Distill-Llama-8B,6af5ef5a437b77f7fb395930f430a9a266efaa5ead3804aa92c8359e141f6185,KIVI_PAPER_G128,KIVI_PAPER_G128,kivi_paper_g128,a32ded9b2d918e25,2,44,0,2044,aime25:p2:s0,822a4c6ec6a41f65151cbc731d9d4ce2bb7bbd0f2f39bd7622be1b99d28e0d9d,b154e4cd8a12766975f679d58960ab8a,2866b5231d051e8f25d26a381ea73cb1,8caec949e01b3da2,bench/aime_answer_parser.py:a7ab4395529caaa2cfcd9cb5203a2dd00723ac90fcd96d12bea77494b416b234,16,16,True,boxed,,8675,becc5cffcbedaa19cc3caaabc843cc982960fd40a2c0b22f56e593756e9aa844,999abc028fc505ac9106fd6b4c3340a308faf6fc322a196b3eec94e0d532bb03,eos,True,False,False,False,False,/home/qinch2023/v100_aime24_aime25_quality_work/Bounded-pattrenKV-method/results/aime25_kivi_paper_g128_quality_v100/formal/KIVI_PAPER_G128/seed44/p02.json,1025cd9135c4b98aa8856cc45dcb6a425a15870f6599b165f03d75268d337153,aime25_full_causal25_quality_v100_formal,9924be6a64a2da26,fe834cd7e99a06f2aec37bfb6c74173ad7fee7c9,0,Tesla V100-SXM2-32GB,2026-08-21T16:17:50.853692+00:00,2,2,128,0,128,128,,,,,deepseek_r1_recommended,KIVI_PAPER_G128:seed44:p02
aime25,DeepSeek-R1-Distill-Llama-8B,6af5ef5a437b77f7fb395930f430a9a266efaa5ead3804aa92c8359e141f6185,KIVI_PAPER_G128,KIVI_PAPER_G128,kivi_paper_g128,a32ded9b2d918e25,3,42,0,3042,aime25:p3:s0,822a4c6ec6a41f65151cbc731d9d4ce2bb7bbd0f2f39bd7622be1b99d28e0d9d,4e23311d7dfa4b6070198c38eb9b1766,d1fa92f5cd63fe490269c257103e01f3,8caec949e01b3da2,bench/aime_answer_parser.py:a7ab4395529caaa2cfcd9cb5203a2dd00723ac90fcd96d12bea77494b416b234,117,117,True,boxed,,6938,8eac19d8fb56fb48e74d59995e9a6f35eb494df82f2806617ebac6aaf95795fc,09c8359d72efbbe010b57a35deb9ee004ff8ace312f3499916a661fa776311ce,eos,True,False,False,False,False,/home/qinch2023/v100_aime24_aime25_quality_work/Bounded-pattrenKV-method/results/aime25_kivi_paper_g128_quality_v100/formal/KIVI_PAPER_G128/seed42/p03.json,dd48b36aa22b7ac90d8489bb5e45d3d994d6c3019d09abffa16e2b33ef17f311,aime25_full_causal25_quality_v100_formal,9924be6a64a2da26,fe834cd7e99a06f2aec37bfb6c74173ad7fee7c9,0,Tesla V100-SXM2-32GB,2026-08-21T16:24:59.449775+00:00,2,2,128,0,128,128,,,,,deepseek_r1_recommended,KIVI_PAPER_G128:seed42:p03
aime25,DeepSeek-R1-Distill-Llama-8B,6af5ef5a437b77f7fb395930f430a9a266efaa5ead3804aa92c8359e141f6185,KIVI_PAPER_G128,KIVI_PAPER_G128,kivi_paper_g128,a32ded9b2d918e25,3,43,0,3043,aime25:p3:s0,822a4c6ec6a41f65151cbc731d9d4ce2bb7bbd0f2f39bd7622be1b99d28e0d9d,4e23311d7dfa4b6070198c38eb9b1766,d1fa92f5cd63fe490269c257103e01f3,8caec949e01b3da2,bench/aime_answer_parser.py:a7ab4395529caaa2cfcd9cb5203a2dd00723ac90fcd96d12bea77494b416b234,117,117,True,boxed,,8275,dd28f5f85a0921eee17bfe3dad96b95a3109dd9f9406bd2c33e431203b677ec4,417e07f050d64703dec86f64765f72f0765309332c3f170136fc465a78783519,eos,True,False,False,False,False,/home/qinch2023/v100_aime24_aime25_quality_work/Bounded-pattrenKV-method/results/aime25_kivi_paper_g128_quality_v100/formal/KIVI_PAPER_G128/seed43/p03.json,954496eb4fc0e662570a0e8ee63f9d04fb00fece3321891397f190e0b61b7d54,aime25_full_causal25_quality_v100_formal,9924be6a64a2da26,fe834cd7e99a06f2aec37bfb6c74173ad7fee7c9,0,Tesla V100-SXM2-32GB,2026-08-21T16:33:27.770074+00:00,2,2,128,0,128,128,,,,,deepseek_r1_recommended,KIVI_PAPER_G128:seed43:p03
aime25,DeepSeek-R1-Distill-Llama-8B,6af5ef5a437b77f7fb395930f430a9a266efaa5ead3804aa92c8359e141f6185,KIVI_PAPER_G128,KIVI_PAPER_G128,kivi_paper_g128,a32ded9b2d918e25,3,44,0,3044,aime25:p3:s0,822a4c6ec6a41f65151cbc731d9d4ce2bb7bbd0f2f39bd7622be1b99d28e0d9d,4e23311d7dfa4b6070198c38eb9b1766,d1fa92f5cd63fe490269c257103e01f3,8caec949e01b3da2,bench/aime_answer_parser.py:a7ab4395529caaa2cfcd9cb5203a2dd00723ac90fcd96d12bea77494b416b234,117,117,True,boxed,,13576,f876e5d57a8836b25e61d04310ca498540caec831ce0dbd70532425bdd77ab61,3696fa336e6efbd88adc1d7463264cf934c99f619339610b3003e1bb57c57e3c,eos,True,False,False,False,False,/home/qinch2023/v100_aime24_aime25_quality_work/Bounded-pattrenKV-method/results/aime25_kivi_paper_g128_quality_v100/formal/KIVI_PAPER_G128/seed44/p03.json,42e0e6a09bd67f6972dfe39e5adb02a5c2fe80c3ac506bf9471a885d5050de4a,aime25_full_causal25_quality_v100_formal,9924be6a64a2da26,fe834cd7e99a06f2aec37bfb6c74173ad7fee7c9,0,Tesla V100-SXM2-32GB,2026-08-21T16:47:26.213138+00:00,2,2,128,0,128,128,,,,,deepseek_r1_recommended,KIVI_PAPER_G128:seed44:p03
aime25,DeepSeek-R1-Distill-Llama-8B,6af5ef5a437b77f7fb395930f430a9a266efaa5ead3804aa92c8359e141f6185,KIVI_PAPER_G128,KIVI_PAPER_G128,kivi_paper_g128,a32ded9b2d918e25,4,42,0,4042,aime25:p4:s0,822a4c6ec6a41f65151cbc731d9d4ce2bb7bbd0f2f39bd7622be1b99d28e0d9d,d203570dd2cb4a40c3a495a237a94e6c,6a7fd6c176065bae7457ed3de0e773d8,8caec949e01b3da2,bench/aime_answer_parser.py:a7ab4395529caaa2cfcd9cb5203a2dd00723ac90fcd96d12bea77494b416b234,279,855,False,boxed,,12899,f6e3c2b6eac7723c982b58aeecd2e136a062b0285169e2000178b35c829733a5,198a6f26a452c435540cef63d0f45b80c55f75f3fb843880807f46bbd1227e72,eos,True,False,False,False,False,/home/qinch2023/v100_aime24_aime25_quality_work/Bounded-pattrenKV-method/results/aime25_kivi_paper_g128_quality_v100/formal/KIVI_PAPER_G128/seed42/p04.json,b98520fcff5e7c34064cb4d4f9c2c0ab41adbd38d092692585b3003d6dc1571b,aime25_full_causal25_quality_v100_formal,9924be6a64a2da26,fe834cd7e99a06f2aec37bfb6c74173ad7fee7c9,0,Tesla V100-SXM2-32GB,2026-08-21T17:00:40.925158+00:00,2,2,128,0,128,128,,,,,deepseek_r1_recommended,KIVI_PAPER_G128:seed42:p04
aime25,DeepSeek-R1-Distill-Llama-8B,6af5ef5a437b77f7fb395930f430a9a266efaa5ead3804aa92c8359e141f6185,KIVI_PAPER_G128,KIVI_PAPER_G128,kivi_paper_g128,a32ded9b2d918e25,4,43,0,4043,aime25:p4:s0,822a4c6ec6a41f65151cbc731d9d4ce2bb7bbd0f2f39bd7622be1b99d28e0d9d,d203570dd2cb4a40c3a495a237a94e6c,6a7fd6c176065bae7457ed3de0e773d8,8caec949e01b3da2,bench/aime_answer_parser.py:a7ab4395529caaa2cfcd9cb5203a2dd00723ac90fcd96d12bea77494b416b234,279,,False,failure,,32768,edc042b095122aecf89d53c6fd09a7be88a573dcdc50233e3cea53ffb378c566,afed3176ed5bcbfbb44b54c59bf68e4f8f8e7f56343517cec2a5e636a32da3a1,length,False,True,True,False,False,/home/qinch2023/v100_aime24_aime25_quality_work/Bounded-pattrenKV-method/results/aime25_kivi_paper_g128_quality_v100/formal/KIVI_PAPER_G128/seed43/p04.json,42a26ff06a68e72dbff2ddf91291930dca22ac41d633aab723671e7d192eb7ea,aime25_full_causal25_quality_v100_formal,9924be6a64a2da26,fe834cd7e99a06f2aec37bfb6c74173ad7fee7c9,0,Tesla V100-SXM2-32GB,2026-08-21T17:34:30.733541+00:00,2,2,128,0,128,128,,,,,deepseek_r1_recommended,KIVI_PAPER_G128:seed43:p04
aime25,DeepSeek-R1-Distill-Llama-8B,6af5ef5a437b77f7fb395930f430a9a266efaa5ead3804aa92c8359e141f6185,KIVI_PAPER_G128,KIVI_PAPER_G128,kivi_paper_g128,a32ded9b2d918e25,4,44,0,4044,aime25:p4:s0,822a4c6ec6a41f65151cbc731d9d4ce2bb7bbd0f2f39bd7622be1b99d28e0d9d,d203570dd2cb4a40c3a495a237a94e6c,6a7fd6c176065bae7457ed3de0e773d8,8caec949e01b3da2,bench/aime_answer_parser.py:a7ab4395529caaa2cfcd9cb5203a2dd00723ac90fcd96d12bea77494b416b234,279,576,False,tail_integer,,14878,36cb3e581ac4d1f977f3bf241a565cc451f2bc8200ea1f79c2f7cad3198ecb25,59948270e3d0fdf420a207175b298cca63366535fc97d7e563255e17e5c6e51f,eos,True,False,False,False,False,/home/qinch2023/v100_aime24_aime25_quality_work/Bounded-pattrenKV-method/results/aime25_kivi_paper_g128_quality_v100/formal/KIVI_PAPER_G128/seed44/p04.json,0cf59f21e22299db7cd8f23ddd5af0df5e1953aa9515fe65284037a4d2f956e9,aime25_full_causal25_quality_v100_formal,9924be6a64a2da26,fe834cd7e99a06f2aec37bfb6c74173ad7fee7c9,0,Tesla V100-SXM2-32GB,2026-08-21T17:50:32.294205+00:00,2,2,128,0,128,128,,,,,deepseek_r1_recommended,KIVI_PAPER_G128:seed44:p04
aime25,DeepSeek-R1-Distill-Llama-8B,6af5ef5a437b77f7fb395930f430a9a266efaa5ead3804aa92c8359e141f6185,KIVI_PAPER_G128,KIVI_PAPER_G128,kivi_paper_g128,a32ded9b2d918e25,5,42,0,5042,aime25:p5:s0,822a4c6ec6a41f65151cbc731d9d4ce2bb7bbd0f2f39bd7622be1b99d28e0d9d,5604f42e3edc95e3611c2bb9092c3753,f3a79cd6beb69ce526004ce8289c1641,8caec949e01b3da2,bench/aime_answer_parser.py:a7ab4395529caaa2cfcd9cb5203a2dd00723ac90fcd96d12bea77494b416b234,504,504,True,boxed,,2936,246f2f04f9fdfc42dca0e4103beda1af00a927c7db51d3825ca52508d74b5526,576384cd3ef89c444b6d68f71f32f9208b8c08f40efda6e5329efebd8005ae08,eos,True,False,False,False,False,/home/qinch2023/v100_aime24_aime25_quality_work/Bounded-pattrenKV-method/results/aime25_kivi_paper_g128_quality_v100/formal/KIVI_PAPER_G128/seed42/p05.json,081268bce98130e21deab3f170c0c57a097b02bc87d2e130b3cfa4bb1392061d,aime25_full_causal25_quality_v100_formal,9924be6a64a2da26,fe834cd7e99a06f2aec37bfb6c74173ad7fee7c9,0,Tesla V100-SXM2-32GB,2026-08-21T17:54:24.670022+00:00,2,2,128,0,128,128,,,,,deepseek_r1_recommended,KIVI_PAPER_G128:seed42:p05
aime25,DeepSeek-R1-Distill-Llama-8B,6af5ef5a437b77f7fb395930f430a9a266efaa5ead3804aa92c8359e141f6185,KIVI_PAPER_G128,KIVI_PAPER_G128,kivi_paper_g128,a32ded9b2d918e25,5,43,0,5043,aime25:p5:s0,822a4c6ec6a41f65151cbc731d9d4ce2bb7bbd0f2f39bd7622be1b99d28e0d9d,5604f42e3edc95e3611c2bb9092c3753,f3a79cd6beb69ce526004ce8289c1641,8caec949e01b3da2,bench/aime_answer_parser.py:a7ab4395529caaa2cfcd9cb5203a2dd00723ac90fcd96d12bea77494b416b234,504,504,True,boxed,,3485,e0bf9d520afc4a68a8fe9da51d43a3438991cc4d0e4e404aafdd1972fd59c31b,3cc63b2017c2f3d3ae2e4058f6e5bce63527370edd1560a0344a9abbeab68a38,eos,True,False,False,False,False,/home/qinch2023/v100_aime24_aime25_quality_work/Bounded-pattrenKV-method/results/aime25_kivi_paper_g128_quality_v100/formal/KIVI_PAPER_G128/seed43/p05.json,a99350549aa04bfc4c1583fa49af7b71c7a05052ae38ff76f32fdcee4d3d68cf,aime25_full_causal25_quality_v100_formal,9924be6a64a2da26,fe834cd7e99a06f2aec37bfb6c74173ad7fee7c9,0,Tesla V100-SXM2-32GB,2026-08-21T17:58:12.581312+00:00,2,2,128,0,128,128,,,,,deepseek_r1_recommended,KIVI_PAPER_G128:seed43:p05
aime25,DeepSeek-R1-Distill-Llama-8B,6af5ef5a437b77f7fb395930f430a9a266efaa5ead3804aa92c8359e141f6185,KIVI_PAPER_G128,KIVI_PAPER_G128,kivi_paper_g128,a32ded9b2d918e25,5,44,0,5044,aime25:p5:s0,822a4c6ec6a41f65151cbc731d9d4ce2bb7bbd0f2f39bd7622be1b99d28e0d9d,5604f42e3edc95e3611c2bb9092c3753,f3a79cd6beb69ce526004ce8289c1641,8caec949e01b3da2,bench/aime_answer_parser.py:a7ab4395529caaa2cfcd9cb5203a2dd00723ac90fcd96d12bea77494b416b234,504,504,True,boxed,,5052,e12ca1085b0860783bca849372dff9088a13650d89b61dff412ba09685667f05,6a7655b9d41858bcfe2f0bff3cee9a596e5ed149f7ddbd1e34b4478fed790074,eos,True,False,False,False,False,/home/qinch2023/v100_aime24_aime25_quality_work/Bounded-pattrenKV-method/results/aime25_kivi_paper_g128_quality_v100/formal/KIVI_PAPER_G128/seed44/p05.json,5bb5d5a2f3bb6111a9d6a28fc577b9669cddd5835f8cea43e2706350f12a83de,aime25_full_causal25_quality_v100_formal,9924be6a64a2da26,fe834cd7e99a06f2aec37bfb6c74173ad7fee7c9,0,Tesla V100-SXM2-32GB,2026-08-21T18:03:20.438209+00:00,2,2,128,0,128,128,,,,,deepseek_r1_recommended,KIVI_PAPER_G128:seed44:p05
aime25,DeepSeek-R1-Distill-Llama-8B,6af5ef5a437b77f7fb395930f430a9a266efaa5ead3804aa92c8359e141f6185,KIVI_PAPER_G128,KIVI_PAPER_G128,kivi_paper_g128,a32ded9b2d918e25,6,42,0,6042,aime25:p6:s0,822a4c6ec6a41f65151cbc731d9d4ce2bb7bbd0f2f39bd7622be1b99d28e0d9d,64a9ecdf5412d53e357a15aa766d1964,0118dd7f643d1d586b611f86a0df389e,8caec949e01b3da2,bench/aime_answer_parser.py:a7ab4395529caaa2cfcd9cb5203a2dd00723ac90fcd96d12bea77494b416b234,821,,False,failure,,20013,ed0caeaf1edd49c38dc5324a55df209aad5b9a10f2228c65052999ec542450f3,3f1cc3387295a488628fa5b516551d0e4a24f126b85bde0f778075aadc3bf204,eos,True,False,False,False,False,/home/qinch2023/v100_aime24_aime25_quality_work/Bounded-pattrenKV-method/results/aime25_kivi_paper_g128_quality_v100/formal/KIVI_PAPER_G128/seed42/p06.json,2baa488888fb1358303581b0e8efe3052012f3703c3ee046083b7e6257fdb3a4,aime25_full_causal25_quality_v100_formal,9924be6a64a2da26,fe834cd7e99a06f2aec37bfb6c74173ad7fee7c9,0,Tesla V100-SXM2-32GB,2026-08-21T18:23:51.655349+00:00,2,2,128,0,128,128,,,,,deepseek_r1_recommended,KIVI_PAPER_G128:seed42:p06
aime25,DeepSeek-R1-Distill-Llama-8B,6af5ef5a437b77f7fb395930f430a9a266efaa5ead3804aa92c8359e141f6185,KIVI_PAPER_G128,KIVI_PAPER_G128,kivi_paper_g128,a32ded9b2d918e25,6,43,0,6043,aime25:p6:s0,822a4c6ec6a41f65151cbc731d9d4ce2bb7bbd0f2f39bd7622be1b99d28e0d9d,64a9ecdf5412d53e357a15aa766d1964,0118dd7f643d1d586b611f86a0df389e,8caec949e01b3da2,bench/aime_answer_parser.py:a7ab4395529caaa2cfcd9cb5203a2dd00723ac90fcd96d12bea77494b416b234,821,12,False,boxed,,4920,85a78bb172d2544502221a978503666bc2ba811c97f8ab090feec759ba2479e4,668c68b7b1331deb6923e85c26686abece6540b6debf710623eb2a1e81290675,eos,True,False,False,False,False,/home/qinch2023/v100_aime24_aime25_quality_work/Bounded-pattrenKV-method/results/aime25_kivi_paper_g128_quality_v100/formal/KIVI_PAPER_G128/seed43/p06.json,96348527f0aa0f5c7dffbcb1ac34341acef20a527eda5797781eb41816fa42d8,aime25_full_causal25_quality_v100_formal,9924be6a64a2da26,fe834cd7e99a06f2aec37bfb6c74173ad7fee7c9,0,Tesla V100-SXM2-32GB,2026-08-21T18:28:54.481170+00:00,2,2,128,0,128,128,,,,,deepseek_r1_recommended,KIVI_PAPER_G128:seed43:p06
aime25,DeepSeek-R1-Distill-Llama-8B,6af5ef5a437b77f7fb395930f430a9a266efaa5ead3804aa92c8359e141f6185,KIVI_PAPER_G128,KIVI_PAPER_G128,kivi_paper_g128,a32ded9b2d918e25,6,44,0,6044,aime25:p6:s0,822a4c6ec6a41f65151cbc731d9d4ce2bb7bbd0f2f39bd7622be1b99d28e0d9d,64a9ecdf5412d53e357a15aa766d1964,0118dd7f643d1d586b611f86a0df389e,8caec949e01b3da2,bench/aime_answer_parser.py:a7ab4395529caaa2cfcd9cb5203a2dd00723ac90fcd96d12bea77494b416b234,821,1,False,boxed,,16122,52a4d9de0f8f1d699d7e365a5a8562caab689c2ac3b7c3f61c800a4b098e6353,54227fc09322e915d9800f329a978c31d54a88baad4cb7ec8faacb318067b264,eos,True,False,False,False,False,/home/qinch2023/v100_aime24_aime25_quality_work/Bounded-pattrenKV-method/results/aime25_kivi_paper_g128_quality_v100/formal/KIVI_PAPER_G128/seed44/p06.json,3f6d05a2c83b627e418bd88dca82d03298ed0b058d5e0b9e0bdf86db99292943,aime25_full_causal25_quality_v100_formal,9924be6a64a2da26,fe834cd7e99a06f2aec37bfb6c74173ad7fee7c9,0,Tesla V100-SXM2-32GB,2026-08-21T18:45:29.251342+00:00,2,2,128,0,128,128,,,,,deepseek_r1_recommended,KIVI_PAPER_G128:seed44:p06
aime25,DeepSeek-R1-Distill-Llama-8B,6af5ef5a437b77f7fb395930f430a9a266efaa5ead3804aa92c8359e141f6185,KIVI_PAPER_G128,KIVI_PAPER_G128,kivi_paper_g128,a32ded9b2d918e25,7,42,0,7042,aime25:p7:s0,822a4c6ec6a41f65151cbc731d9d4ce2bb7bbd0f2f39bd7622be1b99d28e0d9d,e48e26a548dbc997ebb4ec40aed20ce2,b999bcfa740ff9dea815d3ee103b6b23,8caec949e01b3da2,bench/aime_answer_parser.py:a7ab4395529caaa2cfcd9cb5203a2dd00723ac90fcd96d12bea77494b416b234,77,1,False,boxed,,15936,9d74e18d80ac4a77641e0da7511012d77f850a2d2bf2ffd37d5ef72b49abd928,b58013249fbe10fd0fb96391543e3498ea164620eb7c066cd94afedfeb584095,eos,True,False,False,False,False,/home/qinch2023/v100_aime24_aime25_quality_work/Bounded-pattrenKV-method/results/aime25_kivi_paper_g128_quality_v100/formal/KIVI_PAPER_G128/seed42/p07.json,f7554a71637028fee05b03ca08c994599b840987f89b073889d738632455b519,aime25_full_causal25_quality_v100_formal,9924be6a64a2da26,fe834cd7e99a06f2aec37bfb6c74173ad7fee7c9,0,Tesla V100-SXM2-32GB,2026-08-21T19:01:39.889285+00:00,2,2,128,0,128,128,,,,,deepseek_r1_recommended,KIVI_PAPER_G128:seed42:p07
aime25,DeepSeek-R1-Distill-Llama-8B,6af5ef5a437b77f7fb395930f430a9a266efaa5ead3804aa92c8359e141f6185,KIVI_PAPER_G128,KIVI_PAPER_G128,kivi_paper_g128,a32ded9b2d918e25,7,43,0,7043,aime25:p7:s0,822a4c6ec6a41f65151cbc731d9d4ce2bb7bbd0f2f39bd7622be1b99d28e0d9d,e48e26a548dbc997ebb4ec40aed20ce2,b999bcfa740ff9dea815d3ee103b6b23,8caec949e01b3da2,bench/aime_answer_parser.py:a7ab4395529caaa2cfcd9cb5203a2dd00723ac90fcd96d12bea77494b416b234,77,77,True,boxed,,4834,89319a2d8b8442d16ededd4ac8da6ef42cfb5fe7ae0cffa3892c38283f17b20a,78aea483e51e3781da0bfd08cc8b642731078a9b63000868fa86392ff7cc5ed7,eos,True,False,False,False,False,/home/qinch2023/v100_aime24_aime25_quality_work/Bounded-pattrenKV-method/results/aime25_kivi_paper_g128_quality_v100/formal/KIVI_PAPER_G128/seed43/p07.json,a1bef749e87160677810899412049530bf6fa6eb5bb5b1d3a0324a0cce0bc7e6,aime25_full_causal25_quality_v100_formal,9924be6a64a2da26,fe834cd7e99a06f2aec37bfb6c74173ad7fee7c9,0,Tesla V100-SXM2-32GB,2026-08-21T19:06:33.155150+00:00,2,2,128,0,128,128,,,,,deepseek_r1_recommended,KIVI_PAPER_G128:seed43:p07
aime25,DeepSeek-R1-Distill-Llama-8B,6af5ef5a437b77f7fb395930f430a9a266efaa5ead3804aa92c8359e141f6185,KIVI_PAPER_G128,KIVI_PAPER_G128,kivi_paper_g128,a32ded9b2d918e25,7,44,0,7044,aime25:p7:s0,822a4c6ec6a41f65151cbc731d9d4ce2bb7bbd0f2f39bd7622be1b99d28e0d9d,e48e26a548dbc997ebb4ec40aed20ce2,b999bcfa740ff9dea815d3ee103b6b23,8caec949e01b3da2,bench/aime_answer_parser.py:a7ab4395529caaa2cfcd9cb5203a2dd00723ac90fcd96d12bea77494b416b234,77,78,False,boxed,,13992,081cf395661f405f6b850771ce12258962628d9e14c5e8a5281c7b6a71411436,84b93ab304a5b1d81b590f235b556d5cacdb26ba776d429b56c13e5b3cc06f6d,eos,True,False,False,False,False,/home/qinch2023/v100_aime24_aime25_quality_work/Bounded-pattrenKV-method/results/aime25_kivi_paper_g128_quality_v100/formal/KIVI_PAPER_G128/seed44/p07.json,3aa6641551098b91fe39727eb18aded9f35ad9191f7c6cc70c5f3c05861b44ca,aime25_full_causal25_quality_v100_formal,9924be6a64a2da26,fe834cd7e99a06f2aec37bfb6c74173ad7fee7c9,0,Tesla V100-SXM2-32GB,2026-08-21T19:20:54.941194+00:00,2,2,128,0,128,128,,,,,deepseek_r1_recommended,KIVI_PAPER_G128:seed44:p07
aime25,DeepSeek-R1-Distill-Llama-8B,6af5ef5a437b77f7fb395930f430a9a266efaa5ead3804aa92c8359e141f6185,KIVI_PAPER_G128,KIVI_PAPER_G128,kivi_paper_g128,a32ded9b2d918e25,8,42,0,8042,aime25:p8:s0,822a4c6ec6a41f65151cbc731d9d4ce2bb7bbd0f2f39bd7622be1b99d28e0d9d,abe1b13843ffd34319fb6020222c465e,424ea0bf42bd95a9daf62f57743d4f41,8caec949e01b3da2,bench/aime_answer_parser.py:a7ab4395529caaa2cfcd9cb5203a2dd00723ac90fcd96d12bea77494b416b234,62,69,False,boxed,,23028,753ee1ee79b79df9eeb0d366c131887d834627fe9a741d733d7be971046c6f2c,421c6c986824cebc8eee92b6372d0bcf39c2c8741f3e93b421c97863bfaeaf8c,eos,True,False,False,False,False,/home/qinch2023/v100_aime24_aime25_quality_work/Bounded-pattrenKV-method/results/aime25_kivi_paper_g128_quality_v100/formal/KIVI_PAPER_G128/seed42/p08.json,be8d1ec08bfcc72cdd9b10e26950bc3e830a9800f38ecfb9cd60801cf04eeb87,aime25_full_causal25_quality_v100_formal,9924be6a64a2da26,fe834cd7e99a06f2aec37bfb6c74173ad7fee7c9,0,Tesla V100-SXM2-32GB,2026-08-21T19:44:41.120127+00:00,2,2,128,0,128,128,,,,,deepseek_r1_recommended,KIVI_PAPER_G128:seed42:p08
aime25,DeepSeek-R1-Distill-Llama-8B,6af5ef5a437b77f7fb395930f430a9a266efaa5ead3804aa92c8359e141f6185,KIVI_PAPER_G128,KIVI_PAPER_G128,kivi_paper_g128,a32ded9b2d918e25,8,43,0,8043,aime25:p8:s0,822a4c6ec6a41f65151cbc731d9d4ce2bb7bbd0f2f39bd7622be1b99d28e0d9d,abe1b13843ffd34319fb6020222c465e,424ea0bf42bd95a9daf62f57743d4f41,8caec949e01b3da2,bench/aime_answer_parser.py:a7ab4395529caaa2cfcd9cb5203a2dd00723ac90fcd96d12bea77494b416b234,62,297,False,boxed,,31170,3c1761c2fe418767d328af0ec37c700b7c87455b7c66bcea55cca2671c39bfb6,6d84b484338e7ea70011790ff13b6b8f533d0d9d308de4e997de02d1ad9fd518,eos,True,False,False,False,False,/home/qinch2023/v100_aime24_aime25_quality_work/Bounded-pattrenKV-method/results/aime25_kivi_paper_g128_quality_v100/formal/KIVI_PAPER_G128/seed43/p08.json,03243076ba678b5e5a6425d695feaac95ec99e6a6a55e80b13a67365bfa97676,aime25_full_causal25_quality_v100_formal,9924be6a64a2da26,fe834cd7e99a06f2aec37bfb6c74173ad7fee7c9,0,Tesla V100-SXM2-32GB,2026-08-21T20:16:47.756675+00:00,2,2,128,0,128,128,,,,,deepseek_r1_recommended,KIVI_PAPER_G128:seed43:p08
aime25,DeepSeek-R1-Distill-Llama-8B,6af5ef5a437b77f7fb395930f430a9a266efaa5ead3804aa92c8359e141f6185,KIVI_PAPER_G128,KIVI_PAPER_G128,kivi_paper_g128,a32ded9b2d918e25,8,44,0,8044,aime25:p8:s0,822a4c6ec6a41f65151cbc731d9d4ce2bb7bbd0f2f39bd7622be1b99d28e0d9d,abe1b13843ffd34319fb6020222c465e,424ea0bf42bd95a9daf62f57743d4f41,8caec949e01b3da2,bench/aime_answer_parser.py:a7ab4395529caaa2cfcd9cb5203a2dd00723ac90fcd96d12bea77494b416b234,62,18,False,boxed,,20617,768d59506778c98f5c9013d76c6a8af9c72f5b5d28432e0991b652da5dd6e642,d06590e751efa9f0d5178fc78e95307e4a5f8c5e3f59e5fb8f2792c641518060,eos,True,False,False,False,False,/home/qinch2023/v100_aime24_aime25_quality_work/Bounded-pattrenKV-method/results/aime25_kivi_paper_g128_quality_v100/formal/KIVI_PAPER_G128/seed44/p08.json,af4462533f51c3a5c21d56483adfc963c2bdd1009649de40e0eb270252ffd3ab,aime25_full_causal25_quality_v100_formal,9924be6a64a2da26,fe834cd7e99a06f2aec37bfb6c74173ad7fee7c9,0,Tesla V100-SXM2-32GB,2026-08-21T20:38:06.609558+00:00,2,2,128,0,128,128,,,,,deepseek_r1_recommended,KIVI_PAPER_G128:seed44:p08
aime25,DeepSeek-R1-Distill-Llama-8B,6af5ef5a437b77f7fb395930f430a9a266efaa5ead3804aa92c8359e141f6185,KIVI_PAPER_G128,KIVI_PAPER_G128,kivi_paper_g128,a32ded9b2d918e25,9,42,0,9042,aime25:p9:s0,822a4c6ec6a41f65151cbc731d9d4ce2bb7bbd0f2f39bd7622be1b99d28e0d9d,eb00d45669943e5290559cf2bad97710,40123f77320631173972c9988f97c095,8caec949e01b3da2,bench/aime_answer_parser.py:a7ab4395529caaa2cfcd9cb5203a2dd00723ac90fcd96d12bea77494b416b234,81,38,False,boxed,,14344,4fd9dbf7656d1c6edafb60c8071ee2ee1f0651eb29cba1011e8d87b358fcd730,4ba7a8f71acf83019bd4f78717f17f585b136dc15d679b69f4d15d08602b7744,eos,True,False,False,False,False,/home/qinch2023/v100_aime24_aime25_quality_work/Bounded-pattrenKV-method/results/aime25_kivi_paper_g128_quality_v100/formal/KIVI_PAPER_G128/seed42/p09.json,0c1ce9fff27f5bda6166a442c4a05ca4ca74dbe6a466a488ec7e06beec412662,aime25_full_causal25_quality_v100_formal,9924be6a64a2da26,fe834cd7e99a06f2aec37bfb6c74173ad7fee7c9,0,Tesla V100-SXM2-32GB,2026-08-21T20:52:56.795056+00:00,2,2,128,0,128,128,,,,,deepseek_r1_recommended,KIVI_PAPER_G128:seed42:p09
aime25,DeepSeek-R1-Distill-Llama-8B,6af5ef5a437b77f7fb395930f430a9a266efaa5ead3804aa92c8359e141f6185,KIVI_PAPER_G128,KIVI_PAPER_G128,kivi_paper_g128,a32ded9b2d918e25,9,43,0,9043,aime25:p9:s0,822a4c6ec6a41f65151cbc731d9d4ce2bb7bbd0f2f39bd7622be1b99d28e0d9d,eb00d45669943e5290559cf2bad97710,40123f77320631173972c9988f97c095,8caec949e01b3da2,bench/aime_answer_parser.py:a7ab4395529caaa2cfcd9cb5203a2dd00723ac90fcd96d12bea77494b416b234,81,87,False,boxed,,13318,f6bc5ef518a31e7243b09b8855328570b318f66d782de607eb3b0de2945f03d7,f00579dcf1b1d27a467ff3556374487bda396da6b34c839b044eed8238040b64,eos,True,False,False,False,False,/home/qinch2023/v100_aime24_aime25_quality_work/Bounded-pattrenKV-method/results/aime25_kivi_paper_g128_quality_v100/formal/KIVI_PAPER_G128/seed43/p09.json,379b3ba09bb274457c345cba9ffa6f9ceac67530b90681912bd9f6bbc2537a39,aime25_full_causal25_quality_v100_formal,9924be6a64a2da26,fe834cd7e99a06f2aec37bfb6c74173ad7fee7c9,0,Tesla V100-SXM2-32GB,2026-08-21T21:06:42.174185+00:00,2,2,128,0,128,128,,,,,deepseek_r1_recommended,KIVI_PAPER_G128:seed43:p09
aime25,DeepSeek-R1-Distill-Llama-8B,6af5ef5a437b77f7fb395930f430a9a266efaa5ead3804aa92c8359e141f6185,KIVI_PAPER_G128,KIVI_PAPER_G128,kivi_paper_g128,a32ded9b2d918e25,9,44,0,9044,aime25:p9:s0,822a4c6ec6a41f65151cbc731d9d4ce2bb7bbd0f2f39bd7622be1b99d28e0d9d,eb00d45669943e5290559cf2bad97710,40123f77320631173972c9988f97c095,8caec949e01b3da2,bench/aime_answer_parser.py:a7ab4395529caaa2cfcd9cb5203a2dd00723ac90fcd96d12bea77494b416b234,81,1,False,tail_integer,,32768,7d53ceadca68e5993706ccd8a6d44f7454fbbb4709189abccbf2b5e7ff4c6744,9bd35a4f2afc671de34716f3bc0eb242eebcdfed98708b287a4d1c784a742729,length,False,True,True,False,False,/home/qinch2023/v100_aime24_aime25_quality_work/Bounded-pattrenKV-method/results/aime25_kivi_paper_g128_quality_v100/formal/KIVI_PAPER_G128/seed44/p09.json,f8693d61131350335544ceb8c68b58093ee00ef78ca01db5c72cf4d9d7cb0097,aime25_full_causal25_quality_v100_formal,9924be6a64a2da26,fe834cd7e99a06f2aec37bfb6c74173ad7fee7c9,0,Tesla V100-SXM2-32GB,2026-08-21T21:40:36.347274+00:00,2,2,128,0,128,128,,,,,deepseek_r1_recommended,KIVI_PAPER_G128:seed44:p09
aime25,DeepSeek-R1-Distill-Llama-8B,6af5ef5a437b77f7fb395930f430a9a266efaa5ead3804aa92c8359e141f6185,KIVI_PAPER_G128,KIVI_PAPER_G128,kivi_paper_g128,a32ded9b2d918e25,10,42,0,10042,aime25:p10:s0,822a4c6ec6a41f65151cbc731d9d4ce2bb7bbd0f2f39bd7622be1b99d28e0d9d,d2ed0dcf88321e998d60fcd3c69c9026,0f8e537044bef92fb63caf29fbff2e16,8caec949e01b3da2,bench/aime_answer_parser.py:a7ab4395529caaa2cfcd9cb5203a2dd00723ac90fcd96d12bea77494b416b234,259,39,False,boxed,,20605,8e6302a3a7557931f6e87f7d510563545b527d64467161cddce7ca81525eb925,018db774090cd34d0ae0a81039c9bc74d83853c96dfee60850e291fac74f82aa,eos,True,False,False,False,False,/home/qinch2023/v100_aime24_aime25_quality_work/Bounded-pattrenKV-method/results/aime25_kivi_paper_g128_quality_v100/formal/KIVI_PAPER_G128/seed42/p10.json,86b2cb06888b6403ba447bd552d6a889cd138c2101b9e5ef28d1dc7e84d77e11,aime25_full_causal25_quality_v100_formal,9924be6a64a2da26,fe834cd7e99a06f2aec37bfb6c74173ad7fee7c9,0,Tesla V100-SXM2-32GB,2026-08-21T22:02:27.416514+00:00,2,2,128,0,128,128,,,,,deepseek_r1_recommended,KIVI_PAPER_G128:seed42:p10
aime25,DeepSeek-R1-Distill-Llama-8B,6af5ef5a437b77f7fb395930f430a9a266efaa5ead3804aa92c8359e141f6185,KIVI_PAPER_G128,KIVI_PAPER_G128,kivi_paper_g128,a32ded9b2d918e25,10,43,0,10043,aime25:p10:s0,822a4c6ec6a41f65151cbc731d9d4ce2bb7bbd0f2f39bd7622be1b99d28e0d9d,d2ed0dcf88321e998d60fcd3c69c9026,0f8e537044bef92fb63caf29fbff2e16,8caec949e01b3da2,bench/aime_answer_parser.py:a7ab4395529caaa2cfcd9cb5203a2dd00723ac90fcd96d12bea77494b416b234,259,70,False,boxed,,16600,7e98e5ada22987a0aef1f40fef12fd6827c417e5fcd2ccefee98580ed9cad17e,544b4c8b238f9095edd32ee1a03344d445eb4c5fb92906e598790d7da6cc29cf,eos,True,False,False,False,False,/home/qinch2023/v100_aime24_aime25_quality_work/Bounded-pattrenKV-method/results/aime25_kivi_paper_g128_quality_v100/formal/KIVI_PAPER_G128/seed43/p10.json,d78def2b469e943bfe689011a9b3daac749b32b88953a3e2a58bd7df69573ac3,aime25_full_causal25_quality_v100_formal,9924be6a64a2da26,fe834cd7e99a06f2aec37bfb6c74173ad7fee7c9,0,Tesla V100-SXM2-32GB,2026-08-21T22:19:24.204378+00:00,2,2,128,0,128,128,,,,,deepseek_r1_recommended,KIVI_PAPER_G128:seed43:p10
aime25,DeepSeek-R1-Distill-Llama-8B,6af5ef5a437b77f7fb395930f430a9a266efaa5ead3804aa92c8359e141f6185,KIVI_PAPER_G128,KIVI_PAPER_G128,kivi_paper_g128,a32ded9b2d918e25,10,44,0,10044,aime25:p10:s0,822a4c6ec6a41f65151cbc731d9d4ce2bb7bbd0f2f39bd7622be1b99d28e0d9d,d2ed0dcf88321e998d60fcd3c69c9026,0f8e537044bef92fb63caf29fbff2e16,8caec949e01b3da2,bench/aime_answer_parser.py:a7ab4395529caaa2cfcd9cb5203a2dd00723ac90fcd96d12bea77494b416b234,259,206,False,boxed,,16406,588b2e8aaaee727e415393bb6c52f3a5916b25cef7d6b419f9359d0072f6509b,f0f57dbab706d009b23ad071fc0eaa3507fdc8e1815b74394259106131da4958,eos,True,False,False,False,False,/home/qinch2023/v100_aime24_aime25_quality_work/Bounded-pattrenKV-method/results/aime25_kivi_paper_g128_quality_v100/formal/KIVI_PAPER_G128/seed44/p10.json,c99b195ebb30b79a04dc78180664996a0c77fdd97aa1078246eb41114c781448,aime25_full_causal25_quality_v100_formal,9924be6a64a2da26,fe834cd7e99a06f2aec37bfb6c74173ad7fee7c9,0,Tesla V100-SXM2-32GB,2026-08-21T22:36:10.814520+00:00,2,2,128,0,128,128,,,,,deepseek_r1_recommended,KIVI_PAPER_G128:seed44:p10
aime25,DeepSeek-R1-Distill-Llama-8B,6af5ef5a437b77f7fb395930f430a9a266efaa5ead3804aa92c8359e141f6185,KIVI_PAPER_G128,KIVI_PAPER_G128,kivi_paper_g128,a32ded9b2d918e25,11,42,0,11042,aime25:p11:s0,822a4c6ec6a41f65151cbc731d9d4ce2bb7bbd0f2f39bd7622be1b99d28e0d9d,d9333fd9433fc6e62c7889822ef91441,8af875bdb7646b0ec7a7c973e0fa93dc,8caec949e01b3da2,bench/aime_answer_parser.py:a7ab4395529caaa2cfcd9cb5203a2dd00723ac90fcd96d12bea77494b416b234,510,28,False,boxed,,19352,dfe79fafee6bd943a099aef249ff31ef7580a9ae4ff20066ff1f348fb578e551,e4d570e2a57ff1a7ed22c34c91ea1727c07f604fdc300f8392b0c67b770f6113,eos,True,False,False,False,False,/home/qinch2023/v100_aime24_aime25_quality_work/Bounded-pattrenKV-method/results/aime25_kivi_paper_g128_quality_v100/formal/KIVI_PAPER_G128/seed42/p11.json,e4e648cc1ede7d0a0eefc22094b78ec8ec362fd3d0544659830c07743a2218ff,aime25_full_causal25_quality_v100_formal,9924be6a64a2da26,fe834cd7e99a06f2aec37bfb6c74173ad7fee7c9,0,Tesla V100-SXM2-32GB,2026-08-21T22:56:15.541907+00:00,2,2,128,0,128,128,,,,,deepseek_r1_recommended,KIVI_PAPER_G128:seed42:p11
aime25,DeepSeek-R1-Distill-Llama-8B,6af5ef5a437b77f7fb395930f430a9a266efaa5ead3804aa92c8359e141f6185,KIVI_PAPER_G128,KIVI_PAPER_G128,kivi_paper_g128,a32ded9b2d918e25,11,43,0,11043,aime25:p11:s0,822a4c6ec6a41f65151cbc731d9d4ce2bb7bbd0f2f39bd7622be1b99d28e0d9d,d9333fd9433fc6e62c7889822ef91441,8af875bdb7646b0ec7a7c973e0fa93dc,8caec949e01b3da2,bench/aime_answer_parser.py:a7ab4395529caaa2cfcd9cb5203a2dd00723ac90fcd96d12bea77494b416b234,510,148,False,boxed,,15092,a0653b01a44be2a60f8725c236b528ceac23a578552fb21e3c4a21cb2389fb90,452271683d58a719f9107ee3656dbebe06a5f842f6f33aa8eb7fcbf9eef89cd5,eos,True,False,False,False,False,/home/qinch2023/v100_aime24_aime25_quality_work/Bounded-pattrenKV-method/results/aime25_kivi_paper_g128_quality_v100/formal/KIVI_PAPER_G128/seed43/p11.json,fe473c79fe9676d50bd9fb14596c97ca7970c08194af1245b87305c538ca46a9,aime25_full_causal25_quality_v100_formal,9924be6a64a2da26,fe834cd7e99a06f2aec37bfb6c74173ad7fee7c9,0,Tesla V100-SXM2-32GB,2026-08-21T23:12:49.520983+00:00,2,2,128,0,128,128,,,,,deepseek_r1_recommended,KIVI_PAPER_G128:seed43:p11
aime25,DeepSeek-R1-Distill-Llama-8B,6af5ef5a437b77f7fb395930f430a9a266efaa5ead3804aa92c8359e141f6185,KIVI_PAPER_G128,KIVI_PAPER_G128,kivi_paper_g128,a32ded9b2d918e25,11,44,0,11044,aime25:p11:s0,822a4c6ec6a41f65151cbc731d9d4ce2bb7bbd0f2f39bd7622be1b99d28e0d9d,d9333fd9433fc6e62c7889822ef91441,8af875bdb7646b0ec7a7c973e0fa93dc,8caec949e01b3da2,bench/aime_answer_parser.py:a7ab4395529caaa2cfcd9cb5203a2dd00723ac90fcd96d12bea77494b416b234,510,78,False,boxed,,18147,ac11547df45926fd56e5bcac2a7b5238ce1a1a08a4d26934db878bfa23177746,f824f8be9687c3a9e9b26a42a533347d1d3345104becef01b26f108deddd420c,eos,True,False,False,False,False,/home/qinch2023/v100_aime24_aime25_quality_work/Bounded-pattrenKV-method/results/aime25_kivi_paper_g128_quality_v100/formal/KIVI_PAPER_G128/seed44/p11.json,a23b52ea11817e1ee3ea75203f38d48f833ab0110b10d2dbdbf3d436daf33ba8,aime25_full_causal25_quality_v100_formal,9924be6a64a2da26,fe834cd7e99a06f2aec37bfb6c74173ad7fee7c9,0,Tesla V100-SXM2-32GB,2026-08-21T23:33:13.587651+00:00,2,2,128,0,128,128,,,,,deepseek_r1_recommended,KIVI_PAPER_G128:seed44:p11
aime25,DeepSeek-R1-Distill-Llama-8B,6af5ef5a437b77f7fb395930f430a9a266efaa5ead3804aa92c8359e141f6185,KIVI_PAPER_G128,KIVI_PAPER_G128,kivi_paper_g128,a32ded9b2d918e25,12,42,0,12042,aime25:p12:s0,822a4c6ec6a41f65151cbc731d9d4ce2bb7bbd0f2f39bd7622be1b99d28e0d9d,fd9591b94114b7e9172e5d8dec8bca1b,ba8692ed86b71a40ab3599135a7c18f6,8caec949e01b3da2,bench/aime_answer_parser.py:a7ab4395529caaa2cfcd9cb5203a2dd00723ac90fcd96d12bea77494b416b234,204,27,False,tail_integer,,18980,da6a9db2785421d38dada97de3f7d61a771df1d020251b7ee6591c851bdea9f4,ec70b0004bc2c4e9588758bc1c688b840a21129b2fda99b0d66559b5ba55dfc5,eos,True,False,False,False,False,/home/qinch2023/v100_aime24_aime25_quality_work/Bounded-pattrenKV-method/results/aime25_kivi_paper_g128_quality_v100/formal/KIVI_PAPER_G128/seed42/p12.json,d0c3880cd911748104d5a660e672271460854fb3b8b0bfb11efef858fd174601,aime25_full_causal25_quality_v100_formal,9924be6a64a2da26,fe834cd7e99a06f2aec37bfb6c74173ad7fee7c9,0,Tesla V100-SXM2-32GB,2026-08-21T23:54:13.963881+00:00,2,2,128,0,128,128,,,,,deepseek_r1_recommended,KIVI_PAPER_G128:seed42:p12
aime25,DeepSeek-R1-Distill-Llama-8B,6af5ef5a437b77f7fb395930f430a9a266efaa5ead3804aa92c8359e141f6185,KIVI_PAPER_G128,KIVI_PAPER_G128,kivi_paper_g128,a32ded9b2d918e25,12,43,0,12043,aime25:p12:s0,822a4c6ec6a41f65151cbc731d9d4ce2bb7bbd0f2f39bd7622be1b99d28e0d9d,fd9591b94114b7e9172e5d8dec8bca1b,ba8692ed86b71a40ab3599135a7c18f6,8caec949e01b3da2,bench/aime_answer_parser.py:a7ab4395529caaa2cfcd9cb5203a2dd00723ac90fcd96d12bea77494b416b234,204,379,False,boxed,,11634,b558a08a4e3735803d3a4751750dba7b68537eb9b654fef17702c9e3b5f6ca62,35a27eafc883358ef0ce0addb945b89ebb041c84784fd8f0a60b67497a3eabae,eos,True,False,False,False,False,/home/qinch2023/v100_aime24_aime25_quality_work/Bounded-pattrenKV-method/results/aime25_kivi_paper_g128_quality_v100/formal/KIVI_PAPER_G128/seed43/p12.json,5a2e71791804c4ebafd1c4c266320a0a79d40b362f68fa2f3effdf80bd6b5642,aime25_full_causal25_quality_v100_formal,9924be6a64a2da26,fe834cd7e99a06f2aec37bfb6c74173ad7fee7c9,0,Tesla V100-SXM2-32GB,2026-08-22T00:07:16.767135+00:00,2,2,128,0,128,128,,,,,deepseek_r1_recommended,KIVI_PAPER_G128:seed43:p12
aime25,DeepSeek-R1-Distill-Llama-8B,6af5ef5a437b77f7fb395930f430a9a266efaa5ead3804aa92c8359e141f6185,KIVI_PAPER_G128,KIVI_PAPER_G128,kivi_paper_g128,a32ded9b2d918e25,12,44,0,12044,aime25:p12:s0,822a4c6ec6a41f65151cbc731d9d4ce2bb7bbd0f2f39bd7622be1b99d28e0d9d,fd9591b94114b7e9172e5d8dec8bca1b,ba8692ed86b71a40ab3599135a7c18f6,8caec949e01b3da2,bench/aime_answer_parser.py:a7ab4395529caaa2cfcd9cb5203a2dd00723ac90fcd96d12bea77494b416b234,204,176,False,boxed,,17022,1082170bcd8dfe09e65a720a69375bc31e246e4eb3e4d40f46c042aa505db8c9,494cea8edcd8b589237decd6c26680e304aaf0060bb26f719c4fd24b8007c841,eos,True,False,False,False,False,/home/qinch2023/v100_aime24_aime25_quality_work/Bounded-pattrenKV-method/results/aime25_kivi_paper_g128_quality_v100/formal/KIVI_PAPER_G128/seed44/p12.json,db9ffa021ef80539e001cbd06462d8a917df56849195bb613c80ba2066c0516e,aime25_full_causal25_quality_v100_formal,9924be6a64a2da26,fe834cd7e99a06f2aec37bfb6c74173ad7fee7c9,0,Tesla V100-SXM2-32GB,2026-08-22T00:25:27.053095+00:00,2,2,128,0,128,128,,,,,deepseek_r1_recommended,KIVI_PAPER_G128:seed44:p12
aime25,DeepSeek-R1-Distill-Llama-8B,6af5ef5a437b77f7fb395930f430a9a266efaa5ead3804aa92c8359e141f6185,KIVI_PAPER_G128,KIVI_PAPER_G128,kivi_paper_g128,a32ded9b2d918e25,13,42,0,13042,aime25:p13:s0,822a4c6ec6a41f65151cbc731d9d4ce2bb7bbd0f2f39bd7622be1b99d28e0d9d,8b9fd09c7613cbd09c39c7a7d58d3bed,b0b53f6ebe1c861f8a39a672489a18bc,8caec949e01b3da2,bench/aime_answer_parser.py:a7ab4395529caaa2cfcd9cb5203a2dd00723ac90fcd96d12bea77494b416b234,60,63,False,boxed,,7926,84c712f1420f1aa057da0189f25799a1b52212a11420c653169cf95f61f9fe2a,7017324bf7a74f5e150a285c3a81dc000859a63ad47b4b74f7c9cd9f9c111d63,eos,True,False,False,False,False,/home/qinch2023/v100_aime24_aime25_quality_work/Bounded-pattrenKV-method/results/aime25_kivi_paper_g128_quality_v100/formal/KIVI_PAPER_G128/seed42/p13.json,fc2b0236eb5f7b81656fd63eb400d1910aacd6ffb7a0e70d27285ec00ca492e5,aime25_full_causal25_quality_v100_formal,9924be6a64a2da26,fe834cd7e99a06f2aec37bfb6c74173ad7fee7c9,0,Tesla V100-SXM2-32GB,2026-08-22T00:33:52.355885+00:00,2,2,128,0,128,128,,,,,deepseek_r1_recommended,KIVI_PAPER_G128:seed42:p13
aime25,DeepSeek-R1-Distill-Llama-8B,6af5ef5a437b77f7fb395930f430a9a266efaa5ead3804aa92c8359e141f6185,KIVI_PAPER_G128,KIVI_PAPER_G128,kivi_paper_g128,a32ded9b2d918e25,13,43,0,13043,aime25:p13:s0,822a4c6ec6a41f65151cbc731d9d4ce2bb7bbd0f2f39bd7622be1b99d28e0d9d,8b9fd09c7613cbd09c39c7a7d58d3bed,b0b53f6ebe1c861f8a39a672489a18bc,8caec949e01b3da2,bench/aime_answer_parser.py:a7ab4395529caaa2cfcd9cb5203a2dd00723ac90fcd96d12bea77494b416b234,60,,False,failure,,32768,ab2ad1700ee91cc57de0f5466056288d405b7bbf82475bfdfa45fff93bab8630,1e5408e2de0904b9d91025ba7f0849b2536c9b05d267c34fac8ee137177f8628,length,False,True,True,False,False,/home/qinch2023/v100_aime24_aime25_quality_work/Bounded-pattrenKV-method/results/aime25_kivi_paper_g128_quality_v100/formal/KIVI_PAPER_G128/seed43/p13.json,55c7f2bac2f9bcbf30657d8ee80338698aeb5759937ebbe81b0eaf87c8bf0801,aime25_full_causal25_quality_v100_formal,9924be6a64a2da26,fe834cd7e99a06f2aec37bfb6c74173ad7fee7c9,0,Tesla V100-SXM2-32GB,2026-08-22T01:07:32.771461+00:00,2,2,128,0,128,128,,,,,deepseek_r1_recommended,KIVI_PAPER_G128:seed43:p13
aime25,DeepSeek-R1-Distill-Llama-8B,6af5ef5a437b77f7fb395930f430a9a266efaa5ead3804aa92c8359e141f6185,KIVI_PAPER_G128,KIVI_PAPER_G128,kivi_paper_g128,a32ded9b2d918e25,13,44,0,13044,aime25:p13:s0,822a4c6ec6a41f65151cbc731d9d4ce2bb7bbd0f2f39bd7622be1b99d28e0d9d,8b9fd09c7613cbd09c39c7a7d58d3bed,b0b53f6ebe1c861f8a39a672489a18bc,8caec949e01b3da2,bench/aime_answer_parser.py:a7ab4395529caaa2cfcd9cb5203a2dd00723ac90fcd96d12bea77494b416b234,60,597,False,boxed,,10742,e5ef7eb3aca1991dbaa51c3b2a0ce2485cfee5bb00948263ddca265ce4debe18,aa7dc321fe9e759d7b8028dd705e0f0dd486428a1e7ab5ca78a9b5fd87f19705,eos,True,False,False,False,False,/home/qinch2023/v100_aime24_aime25_quality_work/Bounded-pattrenKV-method/results/aime25_kivi_paper_g128_quality_v100/formal/KIVI_PAPER_G128/seed44/p13.json,5a399e065c686b1ff30821045b1059ec8a5d29dcd97a32f2760d12d8dc124487,aime25_full_causal25_quality_v100_formal,9924be6a64a2da26,fe834cd7e99a06f2aec37bfb6c74173ad7fee7c9,0,Tesla V100-SXM2-32GB,2026-08-22T01:18:34.902113+00:00,2,2,128,0,128,128,,,,,deepseek_r1_recommended,KIVI_PAPER_G128:seed44:p13
aime25,DeepSeek-R1-Distill-Llama-8B,6af5ef5a437b77f7fb395930f430a9a266efaa5ead3804aa92c8359e141f6185,KIVI_PAPER_G128,KIVI_PAPER_G128,kivi_paper_g128,a32ded9b2d918e25,14,42,0,14042,aime25:p14:s0,822a4c6ec6a41f65151cbc731d9d4ce2bb7bbd0f2f39bd7622be1b99d28e0d9d,1c4e447bb7b97df2a0d3d87c6abf4cd2,b395f5cd385ad3807f97c5251bb6892b,8caec949e01b3da2,bench/aime_answer_parser.py:a7ab4395529caaa2cfcd9cb5203a2dd00723ac90fcd96d12bea77494b416b234,735,683,False,boxed,,9433,7017d43775860f68e0894e5151316d72e3077e617664eb55bb7da81b5dab0e90,982d67618daf5fc97ccc1a2eda612ccbcf7d6631598cc56024c798252cfc6301,eos,True,False,False,False,False,/home/qinch2023/v100_aime24_aime25_quality_work/Bounded-pattrenKV-method/results/aime25_kivi_paper_g128_quality_v100/formal/KIVI_PAPER_G128/seed42/p14.json,d196eef0089ac3cc783296badc4e08ca127fb376133157b0d2721f36f7d1ffc7,aime25_full_causal25_quality_v100_formal,9924be6a64a2da26,fe834cd7e99a06f2aec37bfb6c74173ad7fee7c9,0,Tesla V100-SXM2-32GB,2026-08-22T01:28:10.699394+00:00,2,2,128,0,128,128,,,,,deepseek_r1_recommended,KIVI_PAPER_G128:seed42:p14
aime25,DeepSeek-R1-Distill-Llama-8B,6af5ef5a437b77f7fb395930f430a9a266efaa5ead3804aa92c8359e141f6185,KIVI_PAPER_G128,KIVI_PAPER_G128,kivi_paper_g128,a32ded9b2d918e25,14,43,0,14043,aime25:p14:s0,822a4c6ec6a41f65151cbc731d9d4ce2bb7bbd0f2f39bd7622be1b99d28e0d9d,1c4e447bb7b97df2a0d3d87c6abf4cd2,b395f5cd385ad3807f97c5251bb6892b,8caec949e01b3da2,bench/aime_answer_parser.py:a7ab4395529caaa2cfcd9cb5203a2dd00723ac90fcd96d12bea77494b416b234,735,187,False,boxed,,11615,620d778a0ba07a51bc1f0686874f677fb7f36dea87dee5d5d1ca2e2f7aad8145,3f93ec6244d2527467957947f647b3a0243bf3e2fa8143d2d1f0fadd2af95d87,eos,True,False,False,False,False,/home/qinch2023/v100_aime24_aime25_quality_work/Bounded-pattrenKV-method/results/aime25_kivi_paper_g128_quality_v100/formal/KIVI_PAPER_G128/seed43/p14.json,63aebe6988a6409486b805615bc50f946c473fedfa0f8e8c49f6c645bfaf3050,aime25_full_causal25_quality_v100_formal,9924be6a64a2da26,fe834cd7e99a06f2aec37bfb6c74173ad7fee7c9,0,Tesla V100-SXM2-32GB,2026-08-22T01:39:58.599699+00:00,2,2,128,0,128,128,,,,,deepseek_r1_recommended,KIVI_PAPER_G128:seed43:p14
aime25,DeepSeek-R1-Distill-Llama-8B,6af5ef5a437b77f7fb395930f430a9a266efaa5ead3804aa92c8359e141f6185,KIVI_PAPER_G128,KIVI_PAPER_G128,kivi_paper_g128,a32ded9b2d918e25,14,44,0,14044,aime25:p14:s0,822a4c6ec6a41f65151cbc731d9d4ce2bb7bbd0f2f39bd7622be1b99d28e0d9d,1c4e447bb7b97df2a0d3d87c6abf4cd2,b395f5cd385ad3807f97c5251bb6892b,8caec949e01b3da2,bench/aime_answer_parser.py:a7ab4395529caaa2cfcd9cb5203a2dd00723ac90fcd96d12bea77494b416b234,735,147,False,boxed,,9443,c84def5e98699097c37e2077183e026add48437d099c6efe6b1f9ccf6875081e,5c3fac59ed854559685a36f35fb18e9bd9485a490a9d4c898572bfbbc9826568,eos,True,False,False,False,False,/home/qinch2023/v100_aime24_aime25_quality_work/Bounded-pattrenKV-method/results/aime25_kivi_paper_g128_quality_v100/formal/KIVI_PAPER_G128/seed44/p14.json,c8b27bec30c156385916030ee96d2e6ef4e9ef2b3c8d9342713c795709aa1fa5,aime25_full_causal25_quality_v100_formal,9924be6a64a2da26,fe834cd7e99a06f2aec37bfb6c74173ad7fee7c9,0,Tesla V100-SXM2-32GB,2026-08-22T01:49:36.350939+00:00,2,2,128,0,128,128,,,,,deepseek_r1_recommended,KIVI_PAPER_G128:seed44:p14
aime25,DeepSeek-R1-Distill-Llama-8B,6af5ef5a437b77f7fb395930f430a9a266efaa5ead3804aa92c8359e141f6185,KIVI_PAPER_G128,KIVI_PAPER_G128,kivi_paper_g128,a32ded9b2d918e25,15,42,0,15042,aime25:p15:s0,822a4c6ec6a41f65151cbc731d9d4ce2bb7bbd0f2f39bd7622be1b99d28e0d9d,ac5db4324777e078cf6bc1992b10f2c5,77102177475600544e1691e298952a93,8caec949e01b3da2,bench/aime_answer_parser.py:a7ab4395529caaa2cfcd9cb5203a2dd00723ac90fcd96d12bea77494b416b234,468,468,True,boxed,,20175,207b808a228527750b22355663cfa8e77f74e4ae6fb809358070c6cd9c28d621,5bddcf066a8751cbe40981388ba92fe2ee17a2afc53661f084b5d77d9a882aa0,eos,True,False,False,False,False,/home/qinch2023/v100_aime24_aime25_quality_work/Bounded-pattrenKV-method/results/aime25_kivi_paper_g128_quality_v100/formal/KIVI_PAPER_G128/seed42/p15.json,3666900442219772306c78f3b1827cd5e3976c7c7d3e111d05d357a338c4203c,aime25_full_causal25_quality_v100_formal,9924be6a64a2da26,fe834cd7e99a06f2aec37bfb6c74173ad7fee7c9,0,Tesla V100-SXM2-32GB,2026-08-22T02:10:27.118084+00:00,2,2,128,0,128,128,,,,,deepseek_r1_recommended,KIVI_PAPER_G128:seed42:p15
aime25,DeepSeek-R1-Distill-Llama-8B,6af5ef5a437b77f7fb395930f430a9a266efaa5ead3804aa92c8359e141f6185,KIVI_PAPER_G128,KIVI_PAPER_G128,kivi_paper_g128,a32ded9b2d918e25,15,43,0,15043,aime25:p15:s0,822a4c6ec6a41f65151cbc731d9d4ce2bb7bbd0f2f39bd7622be1b99d28e0d9d,ac5db4324777e078cf6bc1992b10f2c5,77102177475600544e1691e298952a93,8caec949e01b3da2,bench/aime_answer_parser.py:a7ab4395529caaa2cfcd9cb5203a2dd00723ac90fcd96d12bea77494b416b234,468,278,False,boxed,,19493,b867ee69452e985323ec8c6239f53a8a891e01e34cdf808923a4e437b95f462b,b451943848324a2ebbd728ad64b5efc761e4952e0d3871385214b982d176c39a,eos,True,False,False,False,False,/home/qinch2023/v100_aime24_aime25_quality_work/Bounded-pattrenKV-method/results/aime25_kivi_paper_g128_quality_v100/formal/KIVI_PAPER_G128/seed43/p15.json,dff6a57642772ed247186ab206f1095843d01f25f276d2c0e5c9abc60cc6baf9,aime25_full_causal25_quality_v100_formal,9924be6a64a2da26,fe834cd7e99a06f2aec37bfb6c74173ad7fee7c9,0,Tesla V100-SXM2-32GB,2026-08-22T02:30:26.376498+00:00,2,2,128,0,128,128,,,,,deepseek_r1_recommended,KIVI_PAPER_G128:seed43:p15
aime25,DeepSeek-R1-Distill-Llama-8B,6af5ef5a437b77f7fb395930f430a9a266efaa5ead3804aa92c8359e141f6185,KIVI_PAPER_G128,KIVI_PAPER_G128,kivi_paper_g128,a32ded9b2d918e25,15,44,0,15044,aime25:p15:s0,822a4c6ec6a41f65151cbc731d9d4ce2bb7bbd0f2f39bd7622be1b99d28e0d9d,ac5db4324777e078cf6bc1992b10f2c5,77102177475600544e1691e298952a93,8caec949e01b3da2,bench/aime_answer_parser.py:a7ab4395529caaa2cfcd9cb5203a2dd00723ac90fcd96d12bea77494b416b234,468,468,True,boxed,,4242,8b1eddb424bdbc6f635f200bf1bce01e94b73059acd570f4d32ff1e1fdb79a0e,a088cae3954ab999de354948a4efbbcd3cc5784d6467528e1524a6e9f1c24c43,eos,True,False,False,False,False,/home/qinch2023/v100_aime24_aime25_quality_work/Bounded-pattrenKV-method/results/aime25_kivi_paper_g128_quality_v100/formal/KIVI_PAPER_G128/seed44/p15.json,17c34b1807d1d43b1c4009409457fabeb140da8831524cbefe4887262f9762a2,aime25_full_causal25_quality_v100_formal,9924be6a64a2da26,fe834cd7e99a06f2aec37bfb6c74173ad7fee7c9,0,Tesla V100-SXM2-32GB,2026-08-22T02:34:46.862393+00:00,2,2,128,0,128,128,,,,,deepseek_r1_recommended,KIVI_PAPER_G128:seed44:p15
aime25,DeepSeek-R1-Distill-Llama-8B,6af5ef5a437b77f7fb395930f430a9a266efaa5ead3804aa92c8359e141f6185,KIVI_PAPER_G128,KIVI_PAPER_G128,kivi_paper_g128,a32ded9b2d918e25,16,42,0,16042,aime25:p16:s0,822a4c6ec6a41f65151cbc731d9d4ce2bb7bbd0f2f39bd7622be1b99d28e0d9d,5489657fa217a6e2c58f53b13dc7ff79,322e6fda2eed0a36b07b77678d3f91ed,8caec949e01b3da2,bench/aime_answer_parser.py:a7ab4395529caaa2cfcd9cb5203a2dd00723ac90fcd96d12bea77494b416b234,49,49,True,boxed,,3376,d4a00b2c16c5b7102d3d9176e831634c2816baeeba74d4ffceb315394085e125,6101eb95375f874d2ff968b7bfff461c226bd13868780b8a42f3f85bfe67d260,eos,True,False,False,False,False,/home/qinch2023/v100_aime24_aime25_quality_work/Bounded-pattrenKV-method/results/aime25_kivi_paper_g128_quality_v100/formal/KIVI_PAPER_G128/seed42/p16.json,9022b75821d80386467027a35497c0b78c416bb32a7589ab9c1f38127f6eb0b8,aime25_full_causal25_quality_v100_formal,9924be6a64a2da26,fe834cd7e99a06f2aec37bfb6c74173ad7fee7c9,0,Tesla V100-SXM2-32GB,2026-08-22T02:38:11.384992+00:00,2,2,128,0,128,128,,,,,deepseek_r1_recommended,KIVI_PAPER_G128:seed42:p16
aime25,DeepSeek-R1-Distill-Llama-8B,6af5ef5a437b77f7fb395930f430a9a266efaa5ead3804aa92c8359e141f6185,KIVI_PAPER_G128,KIVI_PAPER_G128,kivi_paper_g128,a32ded9b2d918e25,16,43,0,16043,aime25:p16:s0,822a4c6ec6a41f65151cbc731d9d4ce2bb7bbd0f2f39bd7622be1b99d28e0d9d,5489657fa217a6e2c58f53b13dc7ff79,322e6fda2eed0a36b07b77678d3f91ed,8caec949e01b3da2,bench/aime_answer_parser.py:a7ab4395529caaa2cfcd9cb5203a2dd00723ac90fcd96d12bea77494b416b234,49,49,True,boxed,,4424,00dd190c57f1d2a01e547fdc4a9fce776ff06ab93bb5792e93a569aa7ed71dcc,cd3746c7c1c7fd6433eb8a9888584338b2df2a6e07478900cd540e7680018b58,eos,True,False,False,False,False,/home/qinch2023/v100_aime24_aime25_quality_work/Bounded-pattrenKV-method/results/aime25_kivi_paper_g128_quality_v100/formal/KIVI_PAPER_G128/seed43/p16.json,e81849cc58b913569240b81ac53124a42983b33a2956a7eab713cd3861b84b22,aime25_full_causal25_quality_v100_formal,9924be6a64a2da26,fe834cd7e99a06f2aec37bfb6c74173ad7fee7c9,0,Tesla V100-SXM2-32GB,2026-08-22T02:42:38.356802+00:00,2,2,128,0,128,128,,,,,deepseek_r1_recommended,KIVI_PAPER_G128:seed43:p16
aime25,DeepSeek-R1-Distill-Llama-8B,6af5ef5a437b77f7fb395930f430a9a266efaa5ead3804aa92c8359e141f6185,KIVI_PAPER_G128,KIVI_PAPER_G128,kivi_paper_g128,a32ded9b2d918e25,16,44,0,16044,aime25:p16:s0,822a4c6ec6a41f65151cbc731d9d4ce2bb7bbd0f2f39bd7622be1b99d28e0d9d,5489657fa217a6e2c58f53b13dc7ff79,322e6fda2eed0a36b07b77678d3f91ed,8caec949e01b3da2,bench/aime_answer_parser.py:a7ab4395529caaa2cfcd9cb5203a2dd00723ac90fcd96d12bea77494b416b234,49,49,True,boxed,,4729,2c86490c15be40b315fd9eaf8d33d26cfd69f945637ca00ec9564aa189029fc7,0920983ded60f8a11581142b1187141044b34bc69c76ab70f27e3ea9878673e4,eos,True,False,False,False,False,/home/qinch2023/v100_aime24_aime25_quality_work/Bounded-pattrenKV-method/results/aime25_kivi_paper_g128_quality_v100/formal/KIVI_PAPER_G128/seed44/p16.json,502f4da932082c33a4183d140d41101f0cfd7e1b46eaf0d054bfb3e532c8d212,aime25_full_causal25_quality_v100_formal,9924be6a64a2da26,fe834cd7e99a06f2aec37bfb6c74173ad7fee7c9,0,Tesla V100-SXM2-32GB,2026-08-22T02:47:25.569695+00:00,2,2,128,0,128,128,,,,,deepseek_r1_recommended,KIVI_PAPER_G128:seed44:p16
aime25,DeepSeek-R1-Distill-Llama-8B,6af5ef5a437b77f7fb395930f430a9a266efaa5ead3804aa92c8359e141f6185,KIVI_PAPER_G128,KIVI_PAPER_G128,kivi_paper_g128,a32ded9b2d918e25,17,42,0,17042,aime25:p17:s0,822a4c6ec6a41f65151cbc731d9d4ce2bb7bbd0f2f39bd7622be1b99d28e0d9d,1739d81e64e9035c74d65b45922370eb,ae05a32fc840fc96073443d651a4ba38,8caec949e01b3da2,bench/aime_answer_parser.py:a7ab4395529caaa2cfcd9cb5203a2dd00723ac90fcd96d12bea77494b416b234,82,256,False,boxed,,11533,689c1cce2cb99e21901982f664999a156e502d8a4bece6331f15ca05a7b45e7e,249814b4c8a6bcca98e3688cd66bf819819fc6fea0e7ad7c8d7f8e8704efaa3e,eos,True,False,False,False,False,/home/qinch2023/v100_aime24_aime25_quality_work/Bounded-pattrenKV-method/results/aime25_kivi_paper_g128_quality_v100/formal/KIVI_PAPER_G128/seed42/p17.json,ce534ad41287e99a4107e264b97d05bd7b29513c7b1572d3d307e46167a86240,aime25_full_causal25_quality_v100_formal,9924be6a64a2da26,fe834cd7e99a06f2aec37bfb6c74173ad7fee7c9,0,Tesla V100-SXM2-32GB,2026-08-22T02:59:15.882214+00:00,2,2,128,0,128,128,,,,,deepseek_r1_recommended,KIVI_PAPER_G128:seed42:p17
aime25,DeepSeek-R1-Distill-Llama-8B,6af5ef5a437b77f7fb395930f430a9a266efaa5ead3804aa92c8359e141f6185,KIVI_PAPER_G128,KIVI_PAPER_G128,kivi_paper_g128,a32ded9b2d918e25,17,43,0,17043,aime25:p17:s0,822a4c6ec6a41f65151cbc731d9d4ce2bb7bbd0f2f39bd7622be1b99d28e0d9d,1739d81e64e9035c74d65b45922370eb,ae05a32fc840fc96073443d651a4ba38,8caec949e01b3da2,bench/aime_answer_parser.py:a7ab4395529caaa2cfcd9cb5203a2dd00723ac90fcd96d12bea77494b416b234,82,256,False,boxed,,11762,86b7a889deaf7e94d6a35095afb071c8c6597f53febf48f0c3221e5e300f8567,56ff14952863aa7e3f69853008fa8cada2fab591c7ef36a1ceaf13dc64ef9a9c,eos,True,False,False,False,False,/home/qinch2023/v100_aime24_aime25_quality_work/Bounded-pattrenKV-method/results/aime25_kivi_paper_g128_quality_v100/formal/KIVI_PAPER_G128/seed43/p17.json,8327738a0c5405be6ebc98bb29add3859b1b856019d2d87f0c9f84f1b12763b6,aime25_full_causal25_quality_v100_formal,9924be6a64a2da26,fe834cd7e99a06f2aec37bfb6c74173ad7fee7c9,0,Tesla V100-SXM2-32GB,2026-08-22T03:11:18.620972+00:00,2,2,128,0,128,128,,,,,deepseek_r1_recommended,KIVI_PAPER_G128:seed43:p17
aime25,DeepSeek-R1-Distill-Llama-8B,6af5ef5a437b77f7fb395930f430a9a266efaa5ead3804aa92c8359e141f6185,KIVI_PAPER_G128,KIVI_PAPER_G128,kivi_paper_g128,a32ded9b2d918e25,17,44,0,17044,aime25:p17:s0,822a4c6ec6a41f65151cbc731d9d4ce2bb7bbd0f2f39bd7622be1b99d28e0d9d,1739d81e64e9035c74d65b45922370eb,ae05a32fc840fc96073443d651a4ba38,8caec949e01b3da2,bench/aime_answer_parser.py:a7ab4395529caaa2cfcd9cb5203a2dd00723ac90fcd96d12bea77494b416b234,82,6,False,boxed,,17063,3422f6447f51fca372de0c1b667c55ab1978497d7e481701f89239b1ea0d2812,2f34499bce6aa53940ca4165aa877b662517b5dd513fb025f5ed99fa35821024,eos,True,False,False,False,False,/home/qinch2023/v100_aime24_aime25_quality_work/Bounded-pattrenKV-method/results/aime25_kivi_paper_g128_quality_v100/formal/KIVI_PAPER_G128/seed44/p17.json,14e526e1117757016a3cdd15e5b1a6a1df749c2e7a55c3dd33d3fd9510d21421,aime25_full_causal25_quality_v100_formal,9924be6a64a2da26,fe834cd7e99a06f2aec37bfb6c74173ad7fee7c9,0,Tesla V100-SXM2-32GB,2026-08-22T03:28:57.214278+00:00,2,2,128,0,128,128,,,,,deepseek_r1_recommended,KIVI_PAPER_G128:seed44:p17
aime25,DeepSeek-R1-Distill-Llama-8B,6af5ef5a437b77f7fb395930f430a9a266efaa5ead3804aa92c8359e141f6185,KIVI_PAPER_G128,KIVI_PAPER_G128,kivi_paper_g128,a32ded9b2d918e25,18,42,0,18042,aime25:p18:s0,822a4c6ec6a41f65151cbc731d9d4ce2bb7bbd0f2f39bd7622be1b99d28e0d9d,b537573bc7f840bbb1cab4a394a986be,c0a192be0f044f66739140190632d6a2,8caec949e01b3da2,bench/aime_answer_parser.py:a7ab4395529caaa2cfcd9cb5203a2dd00723ac90fcd96d12bea77494b416b234,106,94,False,boxed,,7023,c29e676c0a0fd4f11a81552de1a5e28ec678893f0848c25a595a031468aa2b9f,0187264937efa833737ae27fa9e09bab75adfeb5a105a33605f675b372755750,eos,True,False,False,False,False,/home/qinch2023/v100_aime24_aime25_quality_work/Bounded-pattrenKV-method/results/aime25_kivi_paper_g128_quality_v100/formal/KIVI_PAPER_G128/seed42/p18.json,98a473ef2ba6e70e94b9579d85bf83b95728fd44e97c37ee2436ca425ed827a9,aime25_full_causal25_quality_v100_formal,9924be6a64a2da26,fe834cd7e99a06f2aec37bfb6c74173ad7fee7c9,0,Tesla V100-SXM2-32GB,2026-08-22T03:36:56.962664+00:00,2,2,128,0,128,128,,,,,deepseek_r1_recommended,KIVI_PAPER_G128:seed42:p18
aime25,DeepSeek-R1-Distill-Llama-8B,6af5ef5a437b77f7fb395930f430a9a266efaa5ead3804aa92c8359e141f6185,KIVI_PAPER_G128,KIVI_PAPER_G128,kivi_paper_g128,a32ded9b2d918e25,18,43,0,18043,aime25:p18:s0,822a4c6ec6a41f65151cbc731d9d4ce2bb7bbd0f2f39bd7622be1b99d28e0d9d,b537573bc7f840bbb1cab4a394a986be,c0a192be0f044f66739140190632d6a2,8caec949e01b3da2,bench/aime_answer_parser.py:a7ab4395529caaa2cfcd9cb5203a2dd00723ac90fcd96d12bea77494b416b234,106,94,False,boxed,,7178,72a2cc2ed09c40e5f8762377c75227963ec822caf7a8fc74fd9f2727856e76dd,ce17983afc7d8873ec5b12d91009e52feb8cb923602609d1014dbf52bc938e43,eos,True,False,False,False,False,/home/qinch2023/v100_aime24_aime25_quality_work/Bounded-pattrenKV-method/results/aime25_kivi_paper_g128_quality_v100/formal/KIVI_PAPER_G128/seed43/p18.json,d15059dfe6767ad055f1642eeb2acf9d3b8923518aef4039ddc69f4dee42a500,aime25_full_causal25_quality_v100_formal,9924be6a64a2da26,fe834cd7e99a06f2aec37bfb6c74173ad7fee7c9,0,Tesla V100-SXM2-32GB,2026-08-22T03:44:17.087547+00:00,2,2,128,0,128,128,,,,,deepseek_r1_recommended,KIVI_PAPER_G128:seed43:p18
aime25,DeepSeek-R1-Distill-Llama-8B,6af5ef5a437b77f7fb395930f430a9a266efaa5ead3804aa92c8359e141f6185,KIVI_PAPER_G128,KIVI_PAPER_G128,kivi_paper_g128,a32ded9b2d918e25,18,44,0,18044,aime25:p18:s0,822a4c6ec6a41f65151cbc731d9d4ce2bb7bbd0f2f39bd7622be1b99d28e0d9d,b537573bc7f840bbb1cab4a394a986be,c0a192be0f044f66739140190632d6a2,8caec949e01b3da2,bench/aime_answer_parser.py:a7ab4395529caaa2cfcd9cb5203a2dd00723ac90fcd96d12bea77494b416b234,106,995,False,boxed,,10823,644262f10ae1e99ed6160926069ef17051214adc91ab2d4efabe8657c62ad7d2,039e00cd6ef60b7523bd4d34f1e6bc1f23b81212638a0a554d35376869bbd776,eos,True,False,False,False,False,/home/qinch2023/v100_aime24_aime25_quality_work/Bounded-pattrenKV-method/results/aime25_kivi_paper_g128_quality_v100/formal/KIVI_PAPER_G128/seed44/p18.json,c0397445d759b5f53ceb7a2de4169e49d4c16d8cedaee0a219dd77ad25fa0b54,aime25_full_causal25_quality_v100_formal,9924be6a64a2da26,fe834cd7e99a06f2aec37bfb6c74173ad7fee7c9,0,Tesla V100-SXM2-32GB,2026-08-22T03:55:22.167134+00:00,2,2,128,0,128,128,,,,,deepseek_r1_recommended,KIVI_PAPER_G128:seed44:p18
aime25,DeepSeek-R1-Distill-Llama-8B,6af5ef5a437b77f7fb395930f430a9a266efaa5ead3804aa92c8359e141f6185,KIVI_PAPER_G128,KIVI_PAPER_G128,kivi_paper_g128,a32ded9b2d918e25,19,42,0,19042,aime25:p19:s0,822a4c6ec6a41f65151cbc731d9d4ce2bb7bbd0f2f39bd7622be1b99d28e0d9d,235ed25efc6f649672d67562fd906dee,f78e2c53e939fe0f18938bf711c5478c,8caec949e01b3da2,bench/aime_answer_parser.py:a7ab4395529caaa2cfcd9cb5203a2dd00723ac90fcd96d12bea77494b416b234,336,360,False,tail_integer,,32768,a5a75c57f52525254b5a27d2827a55317d63e52f26e5fa4d3deee924fd0a4854,56b873afde28760d937e10dda3a16a4cc8176beeca944f0145da31d34d2f3077,length,False,True,True,False,False,/home/qinch2023/v100_aime24_aime25_quality_work/Bounded-pattrenKV-method/results/aime25_kivi_paper_g128_quality_v100/formal/KIVI_PAPER_G128/seed42/p19.json,44ef048ca0824daaa1c4fb62a2c69febe87db0ea14d7107b4c277788a3374b1f,aime25_full_causal25_quality_v100_formal,9924be6a64a2da26,fe834cd7e99a06f2aec37bfb6c74173ad7fee7c9,0,Tesla V100-SXM2-32GB,2026-08-22T04:28:54.595992+00:00,2,2,128,0,128,128,,,,,deepseek_r1_recommended,KIVI_PAPER_G128:seed42:p19
aime25,DeepSeek-R1-Distill-Llama-8B,6af5ef5a437b77f7fb395930f430a9a266efaa5ead3804aa92c8359e141f6185,KIVI_PAPER_G128,KIVI_PAPER_G128,kivi_paper_g128,a32ded9b2d918e25,19,43,0,19043,aime25:p19:s0,822a4c6ec6a41f65151cbc731d9d4ce2bb7bbd0f2f39bd7622be1b99d28e0d9d,235ed25efc6f649672d67562fd906dee,f78e2c53e939fe0f18938bf711c5478c,8caec949e01b3da2,bench/aime_answer_parser.py:a7ab4395529caaa2cfcd9cb5203a2dd00723ac90fcd96d12bea77494b416b234,336,264,False,boxed,,11439,366819c6ef70e68753a352733d933547b65611f1bafcce8eb6e8a2b66df1f80d,d0bdceb3d62b47a1477a441d17c8a23208ed67459c2f972328385f46a4cb0b39,eos,True,False,False,False,False,/home/qinch2023/v100_aime24_aime25_quality_work/Bounded-pattrenKV-method/results/aime25_kivi_paper_g128_quality_v100/formal/KIVI_PAPER_G128/seed43/p19.json,1e2717caecc121256f9b0faf5cc1c9b552475ce7a43df5b6850a8b18b30bc504,aime25_full_causal25_quality_v100_formal,9924be6a64a2da26,fe834cd7e99a06f2aec37bfb6c74173ad7fee7c9,0,Tesla V100-SXM2-32GB,2026-08-22T04:40:48.339468+00:00,2,2,128,0,128,128,,,,,deepseek_r1_recommended,KIVI_PAPER_G128:seed43:p19
aime25,DeepSeek-R1-Distill-Llama-8B,6af5ef5a437b77f7fb395930f430a9a266efaa5ead3804aa92c8359e141f6185,KIVI_PAPER_G128,KIVI_PAPER_G128,kivi_paper_g128,a32ded9b2d918e25,19,44,0,19044,aime25:p19:s0,822a4c6ec6a41f65151cbc731d9d4ce2bb7bbd0f2f39bd7622be1b99d28e0d9d,235ed25efc6f649672d67562fd906dee,f78e2c53e939fe0f18938bf711c5478c,8caec949e01b3da2,bench/aime_answer_parser.py:a7ab4395529caaa2cfcd9cb5203a2dd00723ac90fcd96d12bea77494b416b234,336,768,False,boxed,,10424,f722ef17879049f8fc0d2a7bcc4762a4f0d956205ea13bb3ce3f1da1a4a013fa,bd1f7444d495702557643cb806964ddf17c404335182eb7452ff62b5987b1174,eos,True,False,False,False,False,/home/qinch2023/v100_aime24_aime25_quality_work/Bounded-pattrenKV-method/results/aime25_kivi_paper_g128_quality_v100/formal/KIVI_PAPER_G128/seed44/p19.json,db51b22c2563562b04d89147c6ab1576c238ced8ced0c76c05c352c59fa00863,aime25_full_causal25_quality_v100_formal,9924be6a64a2da26,fe834cd7e99a06f2aec37bfb6c74173ad7fee7c9,0,Tesla V100-SXM2-32GB,2026-08-22T04:52:01.434327+00:00,2,2,128,0,128,128,,,,,deepseek_r1_recommended,KIVI_PAPER_G128:seed44:p19
aime25,DeepSeek-R1-Distill-Llama-8B,6af5ef5a437b77f7fb395930f430a9a266efaa5ead3804aa92c8359e141f6185,KIVI_PAPER_G128,KIVI_PAPER_G128,kivi_paper_g128,a32ded9b2d918e25,20,42,0,20042,aime25:p20:s0,822a4c6ec6a41f65151cbc731d9d4ce2bb7bbd0f2f39bd7622be1b99d28e0d9d,b225455e223b4ffbceab77eef11ded51,38b8b9425473a3a732f143f2e8037ab1,8caec949e01b3da2,bench/aime_answer_parser.py:a7ab4395529caaa2cfcd9cb5203a2dd00723ac90fcd96d12bea77494b416b234,293,293,True,boxed,,5687,d84c8e2ce9495ef0474732f2884f393e6dd4bc0b1d24665d19ebe83a56b6a836,ff68daf9fd1dd7a9b65b31cbb26a0981800a0092de1c32925df9a718a9d07b9d,eos,True,False,False,False,False,/home/qinch2023/v100_aime24_aime25_quality_work/Bounded-pattrenKV-method/results/aime25_kivi_paper_g128_quality_v100/formal/KIVI_PAPER_G128/seed42/p20.json,97e3f44aaacfc03c783451e4aa6704ff81aad746d1a5f15facb20e650d7fdfec,aime25_full_causal25_quality_v100_formal,9924be6a64a2da26,fe834cd7e99a06f2aec37bfb6c74173ad7fee7c9,0,Tesla V100-SXM2-32GB,2026-08-22T04:57:51.572789+00:00,2,2,128,0,128,128,,,,,deepseek_r1_recommended,KIVI_PAPER_G128:seed42:p20
aime25,DeepSeek-R1-Distill-Llama-8B,6af5ef5a437b77f7fb395930f430a9a266efaa5ead3804aa92c8359e141f6185,KIVI_PAPER_G128,KIVI_PAPER_G128,kivi_paper_g128,a32ded9b2d918e25,20,43,0,20043,aime25:p20:s0,822a4c6ec6a41f65151cbc731d9d4ce2bb7bbd0f2f39bd7622be1b99d28e0d9d,b225455e223b4ffbceab77eef11ded51,38b8b9425473a3a732f143f2e8037ab1,8caec949e01b3da2,bench/aime_answer_parser.py:a7ab4395529caaa2cfcd9cb5203a2dd00723ac90fcd96d12bea77494b416b234,293,77,False,boxed,,16878,b499a9679328f16ced023957fb56224086b8807d1eae3f39524c38558471851b,334567c529ff4b6367266dab95166dbbf235fc8e0571366bfffa9fd5ee8b22d0,eos,True,False,False,False,False,/home/qinch2023/v100_aime24_aime25_quality_work/Bounded-pattrenKV-method/results/aime25_kivi_paper_g128_quality_v100/formal/KIVI_PAPER_G128/seed43/p20.json,c763407e4da52e996cf28c1de26e5f4a60567eb11b293c0723f93832d458d018,aime25_full_causal25_quality_v100_formal,9924be6a64a2da26,fe834cd7e99a06f2aec37bfb6c74173ad7fee7c9,0,Tesla V100-SXM2-32GB,2026-08-22T05:15:07.929386+00:00,2,2,128,0,128,128,,,,,deepseek_r1_recommended,KIVI_PAPER_G128:seed43:p20
aime25,DeepSeek-R1-Distill-Llama-8B,6af5ef5a437b77f7fb395930f430a9a266efaa5ead3804aa92c8359e141f6185,KIVI_PAPER_G128,KIVI_PAPER_G128,kivi_paper_g128,a32ded9b2d918e25,20,44,0,20044,aime25:p20:s0,822a4c6ec6a41f65151cbc731d9d4ce2bb7bbd0f2f39bd7622be1b99d28e0d9d,b225455e223b4ffbceab77eef11ded51,38b8b9425473a3a732f143f2e8037ab1,8caec949e01b3da2,bench/aime_answer_parser.py:a7ab4395529caaa2cfcd9cb5203a2dd00723ac90fcd96d12bea77494b416b234,293,293,True,boxed,,5511,4d5f8e41f8bf9b4a4bed62887c75e9f433a17f4465c97a8190bd3bf22d4e516a,20dc1da453ec1b1847893b7c6a3e4d537eba16cf67a47a7a5a2032fd01f7d45a,eos,True,False,False,False,False,/home/qinch2023/v100_aime24_aime25_quality_work/Bounded-pattrenKV-method/results/aime25_kivi_paper_g128_quality_v100/formal/KIVI_PAPER_G128/seed44/p20.json,4ecde1ac734c561792f7374963eb75e5dbd14649a08253df89f1f72f4e826e42,aime25_full_causal25_quality_v100_formal,9924be6a64a2da26,fe834cd7e99a06f2aec37bfb6c74173ad7fee7c9,0,Tesla V100-SXM2-32GB,2026-08-22T05:20:45.714366+00:00,2,2,128,0,128,128,,,,,deepseek_r1_recommended,KIVI_PAPER_G128:seed44:p20
aime25,DeepSeek-R1-Distill-Llama-8B,6af5ef5a437b77f7fb395930f430a9a266efaa5ead3804aa92c8359e141f6185,KIVI_PAPER_G128,KIVI_PAPER_G128,kivi_paper_g128,a32ded9b2d918e25,21,42,0,21042,aime25:p21:s0,822a4c6ec6a41f65151cbc731d9d4ce2bb7bbd0f2f39bd7622be1b99d28e0d9d,bbd2b774f9db157293a12f8fb74cce7d,e20297ee50f73c0f40b6f6d98e417d67,8caec949e01b3da2,bench/aime_answer_parser.py:a7ab4395529caaa2cfcd9cb5203a2dd00723ac90fcd96d12bea77494b416b234,237,1,False,tail_integer,,14145,ddc1daa7d050b562ab3b85d6454de8bfa7de3e97212f46404b8a916144ddeefd,2420b7463348bbfb9a8dd0ce51791e64b90099adcd4da57d57b0ae4bfcea7ed8,eos,True,False,False,False,False,/home/qinch2023/v100_aime24_aime25_quality_work/Bounded-pattrenKV-method/results/aime25_kivi_paper_g128_quality_v100/formal/KIVI_PAPER_G128/seed42/p21.json,f451ec91d4f9de6f09a54941e353130de119d9ecafdeedf12d7c079df77c6b20,aime25_full_causal25_quality_v100_formal,9924be6a64a2da26,fe834cd7e99a06f2aec37bfb6c74173ad7fee7c9,0,Tesla V100-SXM2-32GB,2026-08-22T05:35:33.012621+00:00,2,2,128,0,128,128,,,,,deepseek_r1_recommended,KIVI_PAPER_G128:seed42:p21
aime25,DeepSeek-R1-Distill-Llama-8B,6af5ef5a437b77f7fb395930f430a9a266efaa5ead3804aa92c8359e141f6185,KIVI_PAPER_G128,KIVI_PAPER_G128,kivi_paper_g128,a32ded9b2d918e25,21,43,0,21043,aime25:p21:s0,822a4c6ec6a41f65151cbc731d9d4ce2bb7bbd0f2f39bd7622be1b99d28e0d9d,bbd2b774f9db157293a12f8fb74cce7d,e20297ee50f73c0f40b6f6d98e417d67,8caec949e01b3da2,bench/aime_answer_parser.py:a7ab4395529caaa2cfcd9cb5203a2dd00723ac90fcd96d12bea77494b416b234,237,1,False,tail_integer,,10671,ce823d04d06b5bbdaecd32ba1696258518aa0b761866eb054638d260b12cce15,0aafaad7a259e78a3ae52154c079cfaed090b4ff8401f0f894ea71aefced1375,eos,True,False,False,False,False,/home/qinch2023/v100_aime24_aime25_quality_work/Bounded-pattrenKV-method/results/aime25_kivi_paper_g128_quality_v100/formal/KIVI_PAPER_G128/seed43/p21.json,ea9ea998d446d3177a739335cc4ccef14266d916d94182bfcb27de2f18d277e3,aime25_full_causal25_quality_v100_formal,9924be6a64a2da26,fe834cd7e99a06f2aec37bfb6c74173ad7fee7c9,0,Tesla V100-SXM2-32GB,2026-08-22T05:47:14.368729+00:00,2,2,128,0,128,128,,,,,deepseek_r1_recommended,KIVI_PAPER_G128:seed43:p21
aime25,DeepSeek-R1-Distill-Llama-8B,6af5ef5a437b77f7fb395930f430a9a266efaa5ead3804aa92c8359e141f6185,KIVI_PAPER_G128,KIVI_PAPER_G128,kivi_paper_g128,a32ded9b2d918e25,21,44,0,21044,aime25:p21:s0,822a4c6ec6a41f65151cbc731d9d4ce2bb7bbd0f2f39bd7622be1b99d28e0d9d,bbd2b774f9db157293a12f8fb74cce7d,e20297ee50f73c0f40b6f6d98e417d67,8caec949e01b3da2,bench/aime_answer_parser.py:a7ab4395529caaa2cfcd9cb5203a2dd00723ac90fcd96d12bea77494b416b234,237,279,False,boxed,,12692,321c0526ebacaefa3dcf46f082e216bed9057a59446700e2cb516f36125534f0,224b50163c5106e56128237c741ef194164bb303ff22aac2ab22c903a870fd16,eos,True,False,False,False,False,/home/qinch2023/v100_aime24_aime25_quality_work/Bounded-pattrenKV-method/results/aime25_kivi_paper_g128_quality_v100/formal/KIVI_PAPER_G128/seed44/p21.json,e13cac6f3c57083bc9f5beb027eb20a8e4005d6b04b9cafada610a46129332f7,aime25_full_causal25_quality_v100_formal,9924be6a64a2da26,fe834cd7e99a06f2aec37bfb6c74173ad7fee7c9,0,Tesla V100-SXM2-32GB,2026-08-22T06:00:30.614459+00:00,2,2,128,0,128,128,,,,,deepseek_r1_recommended,KIVI_PAPER_G128:seed44:p21
aime25,DeepSeek-R1-Distill-Llama-8B,6af5ef5a437b77f7fb395930f430a9a266efaa5ead3804aa92c8359e141f6185,KIVI_PAPER_G128,KIVI_PAPER_G128,kivi_paper_g128,a32ded9b2d918e25,22,42,0,22042,aime25:p22:s0,822a4c6ec6a41f65151cbc731d9d4ce2bb7bbd0f2f39bd7622be1b99d28e0d9d,f14728387e46e56379307433461f994e,288e50dc4483832ffe6d0454da3214de,8caec949e01b3da2,bench/aime_answer_parser.py:a7ab4395529caaa2cfcd9cb5203a2dd00723ac90fcd96d12bea77494b416b234,610,,False,failure,,32768,2a864dcd8ab2777b71d8ba7d2af3328461a0e99d47f248a31d448043d30c63d2,710b6e915f7f7974d7cef3b9f4d538151b4eb736650967a6de622f93d546c0db,length,False,True,True,False,False,/home/qinch2023/v100_aime24_aime25_quality_work/Bounded-pattrenKV-method/results/aime25_kivi_paper_g128_quality_v100/formal/KIVI_PAPER_G128/seed42/p22.json,428c93b46871dd7aa190983693b3b79ee5fe76798e537d5033c07e5ddd437e4f,aime25_full_causal25_quality_v100_formal,9924be6a64a2da26,fe834cd7e99a06f2aec37bfb6c74173ad7fee7c9,0,Tesla V100-SXM2-32GB,2026-08-22T06:34:44.928940+00:00,2,2,128,0,128,128,,,,,deepseek_r1_recommended,KIVI_PAPER_G128:seed42:p22
aime25,DeepSeek-R1-Distill-Llama-8B,6af5ef5a437b77f7fb395930f430a9a266efaa5ead3804aa92c8359e141f6185,KIVI_PAPER_G128,KIVI_PAPER_G128,kivi_paper_g128,a32ded9b2d918e25,22,43,0,22043,aime25:p22:s0,822a4c6ec6a41f65151cbc731d9d4ce2bb7bbd0f2f39bd7622be1b99d28e0d9d,f14728387e46e56379307433461f994e,288e50dc4483832ffe6d0454da3214de,8caec949e01b3da2,bench/aime_answer_parser.py:a7ab4395529caaa2cfcd9cb5203a2dd00723ac90fcd96d12bea77494b416b234,610,,False,failure,,32768,a198eae09be623a3f021928f9457e5f4d3a4d63facf1724e418ff035c31cf3cc,2e4aac4b4df53b7236c10680bb3e3bb6d8d0cd83a08619eec1de3e42c8fad522,length,False,True,True,False,False,/home/qinch2023/v100_aime24_aime25_quality_work/Bounded-pattrenKV-method/results/aime25_kivi_paper_g128_quality_v100/formal/KIVI_PAPER_G128/seed43/p22.json,36ab013d30e026b173aaa357ef9136fc35c5099878a08ae2374e17c702e6dab7,aime25_full_causal25_quality_v100_formal,9924be6a64a2da26,fe834cd7e99a06f2aec37bfb6c74173ad7fee7c9,0,Tesla V100-SXM2-32GB,2026-08-22T07:09:28.175545+00:00,2,2,128,0,128,128,,,,,deepseek_r1_recommended,KIVI_PAPER_G128:seed43:p22
aime25,DeepSeek-R1-Distill-Llama-8B,6af5ef5a437b77f7fb395930f430a9a266efaa5ead3804aa92c8359e141f6185,KIVI_PAPER_G128,KIVI_PAPER_G128,kivi_paper_g128,a32ded9b2d918e25,22,44,0,22044,aime25:p22:s0,822a4c6ec6a41f65151cbc731d9d4ce2bb7bbd0f2f39bd7622be1b99d28e0d9d,f14728387e46e56379307433461f994e,288e50dc4483832ffe6d0454da3214de,8caec949e01b3da2,bench/aime_answer_parser.py:a7ab4395529caaa2cfcd9cb5203a2dd00723ac90fcd96d12bea77494b416b234,610,,False,failure,,32768,0cf3baaa7ae14c8356b6115131c4cf06c3b774d8775ab164581b41f8d5147a21,02a2dae9d57d001049db526f9b3959cd7db2dfcb900ea4036fdf990675a4dc37,length,False,True,True,False,False,/home/qinch2023/v100_aime24_aime25_quality_work/Bounded-pattrenKV-method/results/aime25_kivi_paper_g128_quality_v100/formal/KIVI_PAPER_G128/seed44/p22.json,66a345f239fe4db71bbf10226de1f0690c86a9e4bb59812da711b99d08d454db,aime25_full_causal25_quality_v100_formal,9924be6a64a2da26,fe834cd7e99a06f2aec37bfb6c74173ad7fee7c9,0,Tesla V100-SXM2-32GB,2026-08-22T07:44:23.264301+00:00,2,2,128,0,128,128,,,,,deepseek_r1_recommended,KIVI_PAPER_G128:seed44:p22
aime25,DeepSeek-R1-Distill-Llama-8B,6af5ef5a437b77f7fb395930f430a9a266efaa5ead3804aa92c8359e141f6185,KIVI_PAPER_G128,KIVI_PAPER_G128,kivi_paper_g128,a32ded9b2d918e25,23,42,0,23042,aime25:p23:s0,822a4c6ec6a41f65151cbc731d9d4ce2bb7bbd0f2f39bd7622be1b99d28e0d9d,b301ab639a06c759d690f1f7c7478eb5,56c5557ee3016df09591563234b96b1e,8caec949e01b3da2,bench/aime_answer_parser.py:a7ab4395529caaa2cfcd9cb5203a2dd00723ac90fcd96d12bea77494b416b234,149,159,False,boxed,,11353,34a351b598c987e0b7e91b0d862dfc792cda612f977638c444146f7039232eb0,20a1026176cf012e3e09c7c842d818a228ce3402648c5f5468c41e8a354c9f5a,eos,True,False,False,False,False,/home/qinch2023/v100_aime24_aime25_quality_work/Bounded-pattrenKV-method/results/aime25_kivi_paper_g128_quality_v100/formal/KIVI_PAPER_G128/seed42/p23.json,8d41d27f5bdc91060c6e7de03334f48150c6a923dec39a8fcee29fbd0a7454e7,aime25_full_causal25_quality_v100_formal,9924be6a64a2da26,fe834cd7e99a06f2aec37bfb6c74173ad7fee7c9,0,Tesla V100-SXM2-32GB,2026-08-22T07:56:09.562054+00:00,2,2,128,0,128,128,,,,,deepseek_r1_recommended,KIVI_PAPER_G128:seed42:p23
aime25,DeepSeek-R1-Distill-Llama-8B,6af5ef5a437b77f7fb395930f430a9a266efaa5ead3804aa92c8359e141f6185,KIVI_PAPER_G128,KIVI_PAPER_G128,kivi_paper_g128,a32ded9b2d918e25,23,43,0,23043,aime25:p23:s0,822a4c6ec6a41f65151cbc731d9d4ce2bb7bbd0f2f39bd7622be1b99d28e0d9d,b301ab639a06c759d690f1f7c7478eb5,56c5557ee3016df09591563234b96b1e,8caec949e01b3da2,bench/aime_answer_parser.py:a7ab4395529caaa2cfcd9cb5203a2dd00723ac90fcd96d12bea77494b416b234,149,155,False,boxed,,9290,28ca3f6d63c804d55ceece4cc9c3a6fb896cf251e07099103822937b2aa38be4,c60c9aaccf32495879892663e4b29c9ad2c0074ec6960d08ce0e0e9efdf48db9,eos,True,False,False,False,False,/home/qinch2023/v100_aime24_aime25_quality_work/Bounded-pattrenKV-method/results/aime25_kivi_paper_g128_quality_v100/formal/KIVI_PAPER_G128/seed43/p23.json,76572f5345d5e0f4c6bbc4c992fb24c0ed8e003a0f35a5227aa9863d4ac83290,aime25_full_causal25_quality_v100_formal,9924be6a64a2da26,fe834cd7e99a06f2aec37bfb6c74173ad7fee7c9,0,Tesla V100-SXM2-32GB,2026-08-22T08:05:43.947858+00:00,2,2,128,0,128,128,,,,,deepseek_r1_recommended,KIVI_PAPER_G128:seed43:p23
aime25,DeepSeek-R1-Distill-Llama-8B,6af5ef5a437b77f7fb395930f430a9a266efaa5ead3804aa92c8359e141f6185,KIVI_PAPER_G128,KIVI_PAPER_G128,kivi_paper_g128,a32ded9b2d918e25,23,44,0,23044,aime25:p23:s0,822a4c6ec6a41f65151cbc731d9d4ce2bb7bbd0f2f39bd7622be1b99d28e0d9d,b301ab639a06c759d690f1f7c7478eb5,56c5557ee3016df09591563234b96b1e,8caec949e01b3da2,bench/aime_answer_parser.py:a7ab4395529caaa2cfcd9cb5203a2dd00723ac90fcd96d12bea77494b416b234,149,136,False,boxed,,18408,be6a9090e4372657fa2dbc668f25e218ffc7f1d97f1b63e85284cbaa6eea1c9a,3accf9fd9f60640b2c68209c70fe337515d507c1114c28442ab45e8af42d86be,eos,True,False,False,False,False,/home/qinch2023/v100_aime24_aime25_quality_work/Bounded-pattrenKV-method/results/aime25_kivi_paper_g128_quality_v100/formal/KIVI_PAPER_G128/seed44/p23.json,a214e8a021e42a4df218f3eac5e6b35fdf0726fc05b778eadd2db9ec55e6937e,aime25_full_causal25_quality_v100_formal,9924be6a64a2da26,fe834cd7e99a06f2aec37bfb6c74173ad7fee7c9,0,Tesla V100-SXM2-32GB,2026-08-22T08:24:42.790836+00:00,2,2,128,0,128,128,,,,,deepseek_r1_recommended,KIVI_PAPER_G128:seed44:p23
aime25,DeepSeek-R1-Distill-Llama-8B,6af5ef5a437b77f7fb395930f430a9a266efaa5ead3804aa92c8359e141f6185,KIVI_PAPER_G128,KIVI_PAPER_G128,kivi_paper_g128,a32ded9b2d918e25,24,42,0,24042,aime25:p24:s0,822a4c6ec6a41f65151cbc731d9d4ce2bb7bbd0f2f39bd7622be1b99d28e0d9d,d376f064f86ac66de5b403f9b4fb3ff1,50b0e0a2af0df2708a6dec184858695e,8caec949e01b3da2,bench/aime_answer_parser.py:a7ab4395529caaa2cfcd9cb5203a2dd00723ac90fcd96d12bea77494b416b234,907,9,False,boxed,,5926,18a128999294ff0ee73dd2ece12d3bd406d734130c32a01d53a6871ee7bf9a2f,0333f324ebe9201dc06dfe2b63b4c7abbbffc5090c8f4beacc9eeddae036a90a,eos,True,False,False,False,False,/home/qinch2023/v100_aime24_aime25_quality_work/Bounded-pattrenKV-method/results/aime25_kivi_paper_g128_quality_v100/formal/KIVI_PAPER_G128/seed42/p24.json,2a90e654992c092580d4c881ac84b9aba47b9133e11e409c8102995a68a8ca49,aime25_full_causal25_quality_v100_formal,9924be6a64a2da26,fe834cd7e99a06f2aec37bfb6c74173ad7fee7c9,0,Tesla V100-SXM2-32GB,2026-08-22T08:30:48.503092+00:00,2,2,128,0,128,128,,,,,deepseek_r1_recommended,KIVI_PAPER_G128:seed42:p24
aime25,DeepSeek-R1-Distill-Llama-8B,6af5ef5a437b77f7fb395930f430a9a266efaa5ead3804aa92c8359e141f6185,KIVI_PAPER_G128,KIVI_PAPER_G128,kivi_paper_g128,a32ded9b2d918e25,24,43,0,24043,aime25:p24:s0,822a4c6ec6a41f65151cbc731d9d4ce2bb7bbd0f2f39bd7622be1b99d28e0d9d,d376f064f86ac66de5b403f9b4fb3ff1,50b0e0a2af0df2708a6dec184858695e,8caec949e01b3da2,bench/aime_answer_parser.py:a7ab4395529caaa2cfcd9cb5203a2dd00723ac90fcd96d12bea77494b416b234,907,9,False,boxed,,8978,47855480b47ee6b9603fc0a650293b61c9ce5cad2783621907b0b8ddde0921b3,32c3285339faca8bb55e9e21bc4d6a5db8eb02427d21d5a957246282534a88ef,eos,True,False,False,False,False,/home/qinch2023/v100_aime24_aime25_quality_work/Bounded-pattrenKV-method/results/aime25_kivi_paper_g128_quality_v100/formal/KIVI_PAPER_G128/seed43/p24.json,3da0ffd7c0cac97d9a9c1f4600ce10632d5dcbcf4a686e59b00bc1e82fe2dee6,aime25_full_causal25_quality_v100_formal,9924be6a64a2da26,fe834cd7e99a06f2aec37bfb6c74173ad7fee7c9,0,Tesla V100-SXM2-32GB,2026-08-22T08:40:05.980780+00:00,2,2,128,0,128,128,,,,,deepseek_r1_recommended,KIVI_PAPER_G128:seed43:p24
aime25,DeepSeek-R1-Distill-Llama-8B,6af5ef5a437b77f7fb395930f430a9a266efaa5ead3804aa92c8359e141f6185,KIVI_PAPER_G128,KIVI_PAPER_G128,kivi_paper_g128,a32ded9b2d918e25,24,44,0,24044,aime25:p24:s0,822a4c6ec6a41f65151cbc731d9d4ce2bb7bbd0f2f39bd7622be1b99d28e0d9d,d376f064f86ac66de5b403f9b4fb3ff1,50b0e0a2af0df2708a6dec184858695e,8caec949e01b3da2,bench/aime_answer_parser.py:a7ab4395529caaa2cfcd9cb5203a2dd00723ac90fcd96d12bea77494b416b234,907,9,False,boxed,,6428,df5d5ae41c499bfc2da6fbc62b1af02679970b6d84b1afbffe1ad6957fa2168e,8e85d99df05fdceb657401bdcae7dd373f583f2670d9b3c3ad10b540daeb3f58,eos,True,False,False,False,False,/home/qinch2023/v100_aime24_aime25_quality_work/Bounded-pattrenKV-method/results/aime25_kivi_paper_g128_quality_v100/formal/KIVI_PAPER_G128/seed44/p24.json,c6d95bf83f1fe3f0a3de196cf63d8b355069b4470e7b9fb076ffea5c0fc47ecb,aime25_full_causal25_quality_v100_formal,9924be6a64a2da26,fe834cd7e99a06f2aec37bfb6c74173ad7fee7c9,0,Tesla V100-SXM2-32GB,2026-08-22T08:46:45.526246+00:00,2,2,128,0,128,128,,,,,deepseek_r1_recommended,KIVI_PAPER_G128:seed44:p24
aime25,DeepSeek-R1-Distill-Llama-8B,6af5ef5a437b77f7fb395930f430a9a266efaa5ead3804aa92c8359e141f6185,KIVI_PAPER_G128,KIVI_PAPER_G128,kivi_paper_g128,a32ded9b2d918e25,25,42,0,25042,aime25:p25:s0,822a4c6ec6a41f65151cbc731d9d4ce2bb7bbd0f2f39bd7622be1b99d28e0d9d,984d152105091bd54675c1f82970a7e3,e0a8ef0df8ee83405478542f38b7a1df,8caec949e01b3da2,bench/aime_answer_parser.py:a7ab4395529caaa2cfcd9cb5203a2dd00723ac90fcd96d12bea77494b416b234,113,1,False,boxed,,10921,b2108b45761d45cb8db3d9b40baf0bd8ef56b384a3d935521291259e882b96f7,6d994ce577e4195b0ae47c532ec9f1594e8e164e71d1cf6df3e881bac84db1f8,eos,True,False,False,False,False,/home/qinch2023/v100_aime24_aime25_quality_work/Bounded-pattrenKV-method/results/aime25_kivi_paper_g128_quality_v100/formal/KIVI_PAPER_G128/seed42/p25.json,5bd20f9e19c80e6b19869393a42ef4367827c6d6d8a61d31af5567f421d00212,aime25_full_causal25_quality_v100_formal,9924be6a64a2da26,fe834cd7e99a06f2aec37bfb6c74173ad7fee7c9,0,Tesla V100-SXM2-32GB,2026-08-22T08:58:02.875765+00:00,2,2,128,0,128,128,,,,,deepseek_r1_recommended,KIVI_PAPER_G128:seed42:p25
aime25,DeepSeek-R1-Distill-Llama-8B,6af5ef5a437b77f7fb395930f430a9a266efaa5ead3804aa92c8359e141f6185,KIVI_PAPER_G128,KIVI_PAPER_G128,kivi_paper_g128,a32ded9b2d918e25,25,43,0,25043,aime25:p25:s0,822a4c6ec6a41f65151cbc731d9d4ce2bb7bbd0f2f39bd7622be1b99d28e0d9d,984d152105091bd54675c1f82970a7e3,e0a8ef0df8ee83405478542f38b7a1df,8caec949e01b3da2,bench/aime_answer_parser.py:a7ab4395529caaa2cfcd9cb5203a2dd00723ac90fcd96d12bea77494b416b234,113,1,False,boxed,,9571,95a1a6172a444f9a70cf3cd453a32eb91971b872dcc774c20e6198ad29af18e0,fdacb9d7096ab1faf8df8bc6f85bff2a2bfe4b216e8666af0ec0d402e4e86640,eos,True,False,False,False,False,/home/qinch2023/v100_aime24_aime25_quality_work/Bounded-pattrenKV-method/results/aime25_kivi_paper_g128_quality_v100/formal/KIVI_PAPER_G128/seed43/p25.json,c6dc2f847c3f0f6defd1c2f20838231a86f97109ae260ff8c813c27d239d12de,aime25_full_causal25_quality_v100_formal,9924be6a64a2da26,fe834cd7e99a06f2aec37bfb6c74173ad7fee7c9,0,Tesla V100-SXM2-32GB,2026-08-22T09:07:57.164377+00:00,2,2,128,0,128,128,,,,,deepseek_r1_recommended,KIVI_PAPER_G128:seed43:p25
aime25,DeepSeek-R1-Distill-Llama-8B,6af5ef5a437b77f7fb395930f430a9a266efaa5ead3804aa92c8359e141f6185,KIVI_PAPER_G128,KIVI_PAPER_G128,kivi_paper_g128,a32ded9b2d918e25,25,44,0,25044,aime25:p25:s0,822a4c6ec6a41f65151cbc731d9d4ce2bb7bbd0f2f39bd7622be1b99d28e0d9d,984d152105091bd54675c1f82970a7e3,e0a8ef0df8ee83405478542f38b7a1df,8caec949e01b3da2,bench/aime_answer_parser.py:a7ab4395529caaa2cfcd9cb5203a2dd00723ac90fcd96d12bea77494b416b234,113,8,False,boxed,,8539,70180019d7292f4bc18a2b1a1201359ea124cf6418f6ef6b7f1971d9060f3d06,78a6481b846447d8b9eee22c208f89418bc5229a3fc7f84b64f284db413bfae0,eos,True,False,False,False,False,/home/qinch2023/v100_aime24_aime25_quality_work/Bounded-pattrenKV-method/results/aime25_kivi_paper_g128_quality_v100/formal/KIVI_PAPER_G128/seed44/p25.json,5a055a692b1bcaa97b0bb5c681451b8892140edf58f628bd1f997aad83a878b2,aime25_full_causal25_quality_v100_formal,9924be6a64a2da26,fe834cd7e99a06f2aec37bfb6c74173ad7fee7c9,0,Tesla V100-SXM2-32GB,2026-08-22T09:16:47.099540+00:00,2,2,128,0,128,128,,,,,deepseek_r1_recommended,KIVI_PAPER_G128:seed44:p25
aime25,DeepSeek-R1-Distill-Llama-8B,6af5ef5a437b77f7fb395930f430a9a266efaa5ead3804aa92c8359e141f6185,KIVI_PAPER_G128,KIVI_PAPER_G128,kivi_paper_g128,a32ded9b2d918e25,26,42,0,26042,aime25:p26:s0,822a4c6ec6a41f65151cbc731d9d4ce2bb7bbd0f2f39bd7622be1b99d28e0d9d,eb2c9b8154d1f52541726ed429ade2fb,5cf4f31c740ed28827f7be5498198531,8caec949e01b3da2,bench/aime_answer_parser.py:a7ab4395529caaa2cfcd9cb5203a2dd00723ac90fcd96d12bea77494b416b234,19,2,False,final_answer_nearby_integer,,16818,0b734c605ae5056beabaf1f5300c5c51e4d2f1987f02ea06086c1b4efb7f5d88,0b24af7e61c018dae6d2234464a57573d4b2027d6b9a21180220702d0610d6b3,eos,True,False,False,False,False,/home/qinch2023/v100_aime24_aime25_quality_work/Bounded-pattrenKV-method/results/aime25_kivi_paper_g128_quality_v100/formal/KIVI_PAPER_G128/seed42/p26.json,03a5285976c8454168eaedcc3db3443f47a329e8aa8b05259b40fe5595d7ce1a,aime25_full_causal25_quality_v100_formal,9924be6a64a2da26,fe834cd7e99a06f2aec37bfb6c74173ad7fee7c9,0,Tesla V100-SXM2-32GB,2026-08-22T09:34:25.638344+00:00,2,2,128,0,128,128,,,,,deepseek_r1_recommended,KIVI_PAPER_G128:seed42:p26
aime25,DeepSeek-R1-Distill-Llama-8B,6af5ef5a437b77f7fb395930f430a9a266efaa5ead3804aa92c8359e141f6185,KIVI_PAPER_G128,KIVI_PAPER_G128,kivi_paper_g128,a32ded9b2d918e25,26,43,0,26043,aime25:p26:s0,822a4c6ec6a41f65151cbc731d9d4ce2bb7bbd0f2f39bd7622be1b99d28e0d9d,eb2c9b8154d1f52541726ed429ade2fb,5cf4f31c740ed28827f7be5498198531,8caec949e01b3da2,bench/aime_answer_parser.py:a7ab4395529caaa2cfcd9cb5203a2dd00723ac90fcd96d12bea77494b416b234,19,,False,failure,,32768,fc7aad0c1ce9f58e1a6396987693d0412af632b1ac4b32550038f46b1f9994ce,b764597e308a205192a975ed8c8718a8495fa74407f6e4cc9a4f22a32a8d3767,length,False,True,True,False,False,/home/qinch2023/v100_aime24_aime25_quality_work/Bounded-pattrenKV-method/results/aime25_kivi_paper_g128_quality_v100/formal/KIVI_PAPER_G128/seed43/p26.json,f173cdfc53fdfd2a755e6f7f187c7cf349c06588e808ceadbb40c76c77de69e2,aime25_full_causal25_quality_v100_formal,9924be6a64a2da26,fe834cd7e99a06f2aec37bfb6c74173ad7fee7c9,0,Tesla V100-SXM2-32GB,2026-08-22T10:11:17.130348+00:00,2,2,128,0,128,128,,,,,deepseek_r1_recommended,KIVI_PAPER_G128:seed43:p26
aime25,DeepSeek-R1-Distill-Llama-8B,6af5ef5a437b77f7fb395930f430a9a266efaa5ead3804aa92c8359e141f6185,KIVI_PAPER_G128,KIVI_PAPER_G128,kivi_paper_g128,a32ded9b2d918e25,26,44,0,26044,aime25:p26:s0,822a4c6ec6a41f65151cbc731d9d4ce2bb7bbd0f2f39bd7622be1b99d28e0d9d,eb2c9b8154d1f52541726ed429ade2fb,5cf4f31c740ed28827f7be5498198531,8caec949e01b3da2,bench/aime_answer_parser.py:a7ab4395529caaa2cfcd9cb5203a2dd00723ac90fcd96d12bea77494b416b234,19,30,False,boxed,,21679,7a2d2ba77e813e342ec89d071643e6fcbcb72c47973f9da6a4f333db3fc325dc,d10fcf2ed87cb017114f02a4aba2617c8fb45c0ad3e2f6426094845b10d58fab,eos,True,False,False,False,False,/home/qinch2023/v100_aime24_aime25_quality_work/Bounded-pattrenKV-method/results/aime25_kivi_paper_g128_quality_v100/formal/KIVI_PAPER_G128/seed44/p26.json,8d1cdb0a1a0b6293bf3cf8844da0413d7d2c9abd68d05d04cefb8495668d4d8f,aime25_full_causal25_quality_v100_formal,9924be6a64a2da26,fe834cd7e99a06f2aec37bfb6c74173ad7fee7c9,0,Tesla V100-SXM2-32GB,2026-08-22T10:35:05.061754+00:00,2,2,128,0,128,128,,,,,deepseek_r1_recommended,KIVI_PAPER_G128:seed44:p26
aime25,DeepSeek-R1-Distill-Llama-8B,6af5ef5a437b77f7fb395930f430a9a266efaa5ead3804aa92c8359e141f6185,KIVI_PAPER_G128,KIVI_PAPER_G128,kivi_paper_g128,a32ded9b2d918e25,27,42,0,27042,aime25:p27:s0,822a4c6ec6a41f65151cbc731d9d4ce2bb7bbd0f2f39bd7622be1b99d28e0d9d,c219bc88c7508e20b65616d192f6b2a9,b4eb4e435edbe4f993b9a509ce78688d,8caec949e01b3da2,bench/aime_answer_parser.py:a7ab4395529caaa2cfcd9cb5203a2dd00723ac90fcd96d12bea77494b416b234,248,0,False,tail_integer,,32768,e239ffde805de3c0da504f981068f514a7b997490d7251a839ed7e6fa45621ed,8e4b64a9d6947455fddc21b5cf542d197256193171bb4d246599b785af16fa70,length,False,True,True,False,False,/home/qinch2023/v100_aime24_aime25_quality_work/Bounded-pattrenKV-method/results/aime25_kivi_paper_g128_quality_v100/formal/KIVI_PAPER_G128/seed42/p27.json,7288d089351c39dd5fddf48f983da9140c05c2d5ffc4c08917d8ea9875e7b5cf,aime25_full_causal25_quality_v100_formal,9924be6a64a2da26,fe834cd7e99a06f2aec37bfb6c74173ad7fee7c9,0,Tesla V100-SXM2-32GB,2026-08-22T11:09:08.424975+00:00,2,2,128,0,128,128,,,,,deepseek_r1_recommended,KIVI_PAPER_G128:seed42:p27
aime25,DeepSeek-R1-Distill-Llama-8B,6af5ef5a437b77f7fb395930f430a9a266efaa5ead3804aa92c8359e141f6185,KIVI_PAPER_G128,KIVI_PAPER_G128,kivi_paper_g128,a32ded9b2d918e25,27,43,0,27043,aime25:p27:s0,822a4c6ec6a41f65151cbc731d9d4ce2bb7bbd0f2f39bd7622be1b99d28e0d9d,c219bc88c7508e20b65616d192f6b2a9,b4eb4e435edbe4f993b9a509ce78688d,8caec949e01b3da2,bench/aime_answer_parser.py:a7ab4395529caaa2cfcd9cb5203a2dd00723ac90fcd96d12bea77494b416b234,248,21,False,boxed,,9162,cb029ee53c47746063e7192cfd5da637277fe076307ae70c3b7e78f9ad997dc3,63f3178b91ede8bcd59065b2dddd98a894b205ec3f4b4851698dcb12c1d670b5,eos,True,False,False,False,False,/home/qinch2023/v100_aime24_aime25_quality_work/Bounded-pattrenKV-method/results/aime25_kivi_paper_g128_quality_v100/formal/KIVI_PAPER_G128/seed43/p27.json,b18595e928518bce703b501a9742e8cd8e91896249afdc78177abf15fb7bd83d,aime25_full_causal25_quality_v100_formal,9924be6a64a2da26,fe834cd7e99a06f2aec37bfb6c74173ad7fee7c9,0,Tesla V100-SXM2-32GB,2026-08-22T11:18:42.106585+00:00,2,2,128,0,128,128,,,,,deepseek_r1_recommended,KIVI_PAPER_G128:seed43:p27
aime25,DeepSeek-R1-Distill-Llama-8B,6af5ef5a437b77f7fb395930f430a9a266efaa5ead3804aa92c8359e141f6185,KIVI_PAPER_G128,KIVI_PAPER_G128,kivi_paper_g128,a32ded9b2d918e25,27,44,0,27044,aime25:p27:s0,822a4c6ec6a41f65151cbc731d9d4ce2bb7bbd0f2f39bd7622be1b99d28e0d9d,c219bc88c7508e20b65616d192f6b2a9,b4eb4e435edbe4f993b9a509ce78688d,8caec949e01b3da2,bench/aime_answer_parser.py:a7ab4395529caaa2cfcd9cb5203a2dd00723ac90fcd96d12bea77494b416b234,248,3,False,boxed,,15094,9a32b6d11b2a8c3fc0ca1a3d2a1d411cbd05d2ee7882002a6ce2876edba5d4a7,0ef2d3e32d521d8a07909fe4c0d3d4153f5c74a1bca724760fdc68aedc256f26,eos,True,False,False,False,False,/home/qinch2023/v100_aime24_aime25_quality_work/Bounded-pattrenKV-method/results/aime25_kivi_paper_g128_quality_v100/formal/KIVI_PAPER_G128/seed44/p27.json,7d5436305d8ef348cfbf3586db6f8ca194c53cbbff8da64b63f070c45b7dbf64,aime25_full_causal25_quality_v100_formal,9924be6a64a2da26,fe834cd7e99a06f2aec37bfb6c74173ad7fee7c9,0,Tesla V100-SXM2-32GB,2026-08-22T11:34:23.281588+00:00,2,2,128,0,128,128,,,,,deepseek_r1_recommended,KIVI_PAPER_G128:seed44:p27
aime25,DeepSeek-R1-Distill-Llama-8B,6af5ef5a437b77f7fb395930f430a9a266efaa5ead3804aa92c8359e141f6185,KIVI_PAPER_G128,KIVI_PAPER_G128,kivi_paper_g128,a32ded9b2d918e25,28,42,0,28042,aime25:p28:s0,822a4c6ec6a41f65151cbc731d9d4ce2bb7bbd0f2f39bd7622be1b99d28e0d9d,32372ef5319e1d95611cdeb87ad07fae,94eb97d32b93c4f2704bdc98d7c471a5,8caec949e01b3da2,bench/aime_answer_parser.py:a7ab4395529caaa2cfcd9cb5203a2dd00723ac90fcd96d12bea77494b416b234,104,14,False,boxed,,15281,ed829420e5a7e78a3b6f4a92ea1ce64f058becd4b46bc7f9639c852f99b7a44c,629b6e7e7c7c2ae86fe6551206ba57b407cd98bda9ec7f30691437fd1d363da5,eos,True,False,False,False,False,/home/qinch2023/v100_aime24_aime25_quality_work/Bounded-pattrenKV-method/results/aime25_kivi_paper_g128_quality_v100/formal/KIVI_PAPER_G128/seed42/p28.json,08d76c9bb4745044c34f558e5594a411dc271dc7111f53d84419ee6d7e645675,aime25_full_causal25_quality_v100_formal,9924be6a64a2da26,fe834cd7e99a06f2aec37bfb6c74173ad7fee7c9,0,Tesla V100-SXM2-32GB,2026-08-22T11:50:26.196076+00:00,2,2,128,0,128,128,,,,,deepseek_r1_recommended,KIVI_PAPER_G128:seed42:p28
aime25,DeepSeek-R1-Distill-Llama-8B,6af5ef5a437b77f7fb395930f430a9a266efaa5ead3804aa92c8359e141f6185,KIVI_PAPER_G128,KIVI_PAPER_G128,kivi_paper_g128,a32ded9b2d918e25,28,43,0,28043,aime25:p28:s0,822a4c6ec6a41f65151cbc731d9d4ce2bb7bbd0f2f39bd7622be1b99d28e0d9d,32372ef5319e1d95611cdeb87ad07fae,94eb97d32b93c4f2704bdc98d7c471a5,8caec949e01b3da2,bench/aime_answer_parser.py:a7ab4395529caaa2cfcd9cb5203a2dd00723ac90fcd96d12bea77494b416b234,104,14,False,boxed,,14972,524640b1403f9f7620d5065c291c58bdeed15a7729f326cd835bc72075dbd2da,89cba3a91027c37aef07479879921184d892257740a222003d2afa949624cae9,eos,True,False,False,False,False,/home/qinch2023/v100_aime24_aime25_quality_work/Bounded-pattrenKV-method/results/aime25_kivi_paper_g128_quality_v100/formal/KIVI_PAPER_G128/seed43/p28.json,29d75f39399318bb19ac18b4cf3d96bcc8e046c5b98242f848ff81a1cc0f8c3a,aime25_full_causal25_quality_v100_formal,9924be6a64a2da26,fe834cd7e99a06f2aec37bfb6c74173ad7fee7c9,0,Tesla V100-SXM2-32GB,2026-08-22T12:06:22.695144+00:00,2,2,128,0,128,128,,,,,deepseek_r1_recommended,KIVI_PAPER_G128:seed43:p28
aime25,DeepSeek-R1-Distill-Llama-8B,6af5ef5a437b77f7fb395930f430a9a266efaa5ead3804aa92c8359e141f6185,KIVI_PAPER_G128,KIVI_PAPER_G128,kivi_paper_g128,a32ded9b2d918e25,28,44,0,28044,aime25:p28:s0,822a4c6ec6a41f65151cbc731d9d4ce2bb7bbd0f2f39bd7622be1b99d28e0d9d,32372ef5319e1d95611cdeb87ad07fae,94eb97d32b93c4f2704bdc98d7c471a5,8caec949e01b3da2,bench/aime_answer_parser.py:a7ab4395529caaa2cfcd9cb5203a2dd00723ac90fcd96d12bea77494b416b234,104,101,False,boxed,,15567,4694e2485df4607b5223dc1f022696794354682b41e370d4edf8b98d96c222b9,5e015922eea9e45993f1b5006f71339bcb4c798773c5f7fb90d4c7d4cd48c391,eos,True,False,False,False,False,/home/qinch2023/v100_aime24_aime25_quality_work/Bounded-pattrenKV-method/results/aime25_kivi_paper_g128_quality_v100/formal/KIVI_PAPER_G128/seed44/p28.json,19b1a17b05adddbf379d053dc480da8db377e3f40f74aae1b3f27c60fe964f57,aime25_full_causal25_quality_v100_formal,9924be6a64a2da26,fe834cd7e99a06f2aec37bfb6c74173ad7fee7c9,0,Tesla V100-SXM2-32GB,2026-08-22T12:22:57.726597+00:00,2,2,128,0,128,128,,,,,deepseek_r1_recommended,KIVI_PAPER_G128:seed44:p28
aime25,DeepSeek-R1-Distill-Llama-8B,6af5ef5a437b77f7fb395930f430a9a266efaa5ead3804aa92c8359e141f6185,KIVI_PAPER_G128,KIVI_PAPER_G128,kivi_paper_g128,a32ded9b2d918e25,29,42,0,29042,aime25:p29:s0,822a4c6ec6a41f65151cbc731d9d4ce2bb7bbd0f2f39bd7622be1b99d28e0d9d,0009b4538255c73d6effffb3456908e9,8b6785b193c12dd1c54352df0d5e986f,8caec949e01b3da2,bench/aime_answer_parser.py:a7ab4395529caaa2cfcd9cb5203a2dd00723ac90fcd96d12bea77494b416b234,240,188,False,boxed,,16302,4d1fcfe27467a5c0ad9dc5d49708c3b5ac0b2f4b19b3510c9d597de1a929855e,6f6e53cadbd1e1d97af2000c3877c72e6390da3d3780a315c3fd719787098a74,eos,True,False,False,False,False,/home/qinch2023/v100_aime24_aime25_quality_work/Bounded-pattrenKV-method/results/aime25_kivi_paper_g128_quality_v100/formal/KIVI_PAPER_G128/seed42/p29.json,f96e7bf3c4bb414abee917a0bfba0bbdcbbb14f5ce392232aa144366d360becd,aime25_full_causal25_quality_v100_formal,9924be6a64a2da26,fe834cd7e99a06f2aec37bfb6c74173ad7fee7c9,0,Tesla V100-SXM2-32GB,2026-08-22T12:39:43.645728+00:00,2,2,128,0,128,128,,,,,deepseek_r1_recommended,KIVI_PAPER_G128:seed42:p29
aime25,DeepSeek-R1-Distill-Llama-8B,6af5ef5a437b77f7fb395930f430a9a266efaa5ead3804aa92c8359e141f6185,KIVI_PAPER_G128,KIVI_PAPER_G128,kivi_paper_g128,a32ded9b2d918e25,29,43,0,29043,aime25:p29:s0,822a4c6ec6a41f65151cbc731d9d4ce2bb7bbd0f2f39bd7622be1b99d28e0d9d,0009b4538255c73d6effffb3456908e9,8b6785b193c12dd1c54352df0d5e986f,8caec949e01b3da2,bench/aime_answer_parser.py:a7ab4395529caaa2cfcd9cb5203a2dd00723ac90fcd96d12bea77494b416b234,240,188,False,boxed,,14691,40220baccc57614df859125c343372003661ab48c521453950de104844b38bd8,32b47eb9f3ededd63152e8075c33794fb8995b46f42426b97aed2082ebc1bdfa,eos,True,False,False,False,False,/home/qinch2023/v100_aime24_aime25_quality_work/Bounded-pattrenKV-method/results/aime25_kivi_paper_g128_quality_v100/formal/KIVI_PAPER_G128/seed43/p29.json,9856136e7b2b5be3afdc744cf980919be17b89ce54e640a38751a7e9cdb321c8,aime25_full_causal25_quality_v100_formal,9924be6a64a2da26,fe834cd7e99a06f2aec37bfb6c74173ad7fee7c9,0,Tesla V100-SXM2-32GB,2026-08-22T12:54:47.189241+00:00,2,2,128,0,128,128,,,,,deepseek_r1_recommended,KIVI_PAPER_G128:seed43:p29
aime25,DeepSeek-R1-Distill-Llama-8B,6af5ef5a437b77f7fb395930f430a9a266efaa5ead3804aa92c8359e141f6185,KIVI_PAPER_G128,KIVI_PAPER_G128,kivi_paper_g128,a32ded9b2d918e25,29,44,0,29044,aime25:p29:s0,822a4c6ec6a41f65151cbc731d9d4ce2bb7bbd0f2f39bd7622be1b99d28e0d9d,0009b4538255c73d6effffb3456908e9,8b6785b193c12dd1c54352df0d5e986f,8caec949e01b3da2,bench/aime_answer_parser.py:a7ab4395529caaa2cfcd9cb5203a2dd00723ac90fcd96d12bea77494b416b234,240,188,False,boxed,,14416,be3b90eac2a24d465c93ad78f331adbfa7a5d0a82ab3d0e45b74e6e58aec9257,07b6e6b9713ecde93f9fea8310a9f559d4afebc8c21a2a7a6b9919546848c2d6,eos,True,False,False,False,False,/home/qinch2023/v100_aime24_aime25_quality_work/Bounded-pattrenKV-method/results/aime25_kivi_paper_g128_quality_v100/formal/KIVI_PAPER_G128/seed44/p29.json,9be9235bdb1eb1ae1f2a54e26ac758d93a84abc2e7cc7173143c4d1b75ee04dd,aime25_full_causal25_quality_v100_formal,9924be6a64a2da26,fe834cd7e99a06f2aec37bfb6c74173ad7fee7c9,0,Tesla V100-SXM2-32GB,2026-08-22T13:09:33.947186+00:00,2,2,128,0,128,128,,,,,deepseek_r1_recommended,KIVI_PAPER_G128:seed44:p29
aime25,DeepSeek-R1-Distill-Llama-8B,6af5ef5a437b77f7fb395930f430a9a266efaa5ead3804aa92c8359e141f6185,PATTERN_BASE,PATTERN_BASE,patternkv_paper,547fd5d9f640c5c3,0,42,0,42,aime25:p0:s0,822a4c6ec6a41f65151cbc731d9d4ce2bb7bbd0f2f39bd7622be1b99d28e0d9d,0aa8edd27a3f078d857084cee9300ad8,4ef190c91f542a98419a563b7da52993,68dec8c216bba752,bench/aime_answer_parser.py:a7ab4395529caaa2cfcd9cb5203a2dd00723ac90fcd96d12bea77494b416b234,70,70,True,boxed,,6111,ad9660748566d12b47ed8cadcdedf4f4246a77bdc818258343f648dd30c80b3c,7c4587b0d9550e0cbad6f5c69511a24062140edc0f82670d4180350d6523f57d,eos,True,False,False,False,False,/home/qinch2023/v100_aime24_aime25_quality_work/Bounded-pattrenKV-method/results/aime25_full_causal25_quality_v100/formal/PATTERN_BASE/seed42/p00.json,77826e4d448306187e1eb24469317a97c19fc661af975366dee10cc8f7bda711,aime25_full_causal25_quality_v100_formal,fb8a77b673acfff3,fe834cd7e99a06f2aec37bfb6c74173ad7fee7c9,1,Tesla V100-SXM2-32GB,2026-08-20T08:12:52.416652+00:00,2,2,128,0,128,128,base_v2,0.0,0.0,segmented_rolling,deepseek_r1_recommended,PATTERN_BASE:seed42:p00
aime25,DeepSeek-R1-Distill-Llama-8B,6af5ef5a437b77f7fb395930f430a9a266efaa5ead3804aa92c8359e141f6185,PATTERN_BASE,PATTERN_BASE,patternkv_paper,547fd5d9f640c5c3,0,43,0,43,aime25:p0:s0,822a4c6ec6a41f65151cbc731d9d4ce2bb7bbd0f2f39bd7622be1b99d28e0d9d,0aa8edd27a3f078d857084cee9300ad8,4ef190c91f542a98419a563b7da52993,68dec8c216bba752,bench/aime_answer_parser.py:a7ab4395529caaa2cfcd9cb5203a2dd00723ac90fcd96d12bea77494b416b234,70,70,True,boxed,,2784,c4d294c0d0bb665dc99495050fdf8f58fbcc53ae93c94cd05e25f5b0b801d39e,90f751bb5563bd9e3e8bc35a136ad60d24b06f95ddff724023fbac8bf89649b1,eos,True,False,False,False,False,/home/qinch2023/v100_aime24_aime25_quality_work/Bounded-pattrenKV-method/results/aime25_full_causal25_quality_v100/formal/PATTERN_BASE/seed43/p00.json,63f02686188d4e3d8712b1faff627c3a40c8bccba15949c71337d39a2c39199d,aime25_full_causal25_quality_v100_formal,fb8a77b673acfff3,fe834cd7e99a06f2aec37bfb6c74173ad7fee7c9,1,Tesla V100-SXM2-32GB,2026-08-20T08:25:32.165916+00:00,2,2,128,0,128,128,base_v2,0.0,0.0,segmented_rolling,deepseek_r1_recommended,PATTERN_BASE:seed43:p00
aime25,DeepSeek-R1-Distill-Llama-8B,6af5ef5a437b77f7fb395930f430a9a266efaa5ead3804aa92c8359e141f6185,PATTERN_BASE,PATTERN_BASE,patternkv_paper,547fd5d9f640c5c3,0,44,0,44,aime25:p0:s0,822a4c6ec6a41f65151cbc731d9d4ce2bb7bbd0f2f39bd7622be1b99d28e0d9d,0aa8edd27a3f078d857084cee9300ad8,4ef190c91f542a98419a563b7da52993,68dec8c216bba752,bench/aime_answer_parser.py:a7ab4395529caaa2cfcd9cb5203a2dd00723ac90fcd96d12bea77494b416b234,70,70,True,boxed,,29955,5c35352fbfc4fb8b7932f392372801422e3e1707fb9bd0c1b8e62e696bf3eeb6,f9b52cb3bc7b4600a29c4f72b72be85f65e18399cc1e2336b27101e9f6215a22,eos,True,False,False,False,False,/home/qinch2023/v100_aime24_aime25_quality_work/Bounded-pattrenKV-method/results/aime25_full_causal25_quality_v100/formal/PATTERN_BASE/seed44/p00.json,b7914d9aea90796dd3b9d759c60ff1f28d6e92aa010b03172d7e664e6d58ce66,aime25_full_causal25_quality_v100_formal,fb8a77b673acfff3,fe834cd7e99a06f2aec37bfb6c74173ad7fee7c9,1,Tesla V100-SXM2-32GB,2026-08-20T14:08:13.140025+00:00,2,2,128,0,128,128,base_v2,0.0,0.0,segmented_rolling,deepseek_r1_recommended,PATTERN_BASE:seed44:p00
aime25,DeepSeek-R1-Distill-Llama-8B,6af5ef5a437b77f7fb395930f430a9a266efaa5ead3804aa92c8359e141f6185,PATTERN_BASE,PATTERN_BASE,patternkv_paper,547fd5d9f640c5c3,1,42,0,1042,aime25:p1:s0,822a4c6ec6a41f65151cbc731d9d4ce2bb7bbd0f2f39bd7622be1b99d28e0d9d,f27ac657e1ec0e7ef0a539a7c9c620ae,629622baf8d2584830c6b9967ecada73,68dec8c216bba752,bench/aime_answer_parser.py:a7ab4395529caaa2cfcd9cb5203a2dd00723ac90fcd96d12bea77494b416b234,588,700,False,boxed,,8710,57e7328c1387f8858dde44d636c44c4cb8a298d56f69be89319461dfda5357ed,9b9a949af3945831b5c421c83a273a36b49a693620fe65fee1caa66c8b68d7c9,eos,True,False,False,False,False,/home/qinch2023/v100_aime24_aime25_quality_work/Bounded-pattrenKV-method/results/aime25_full_causal25_quality_v100/formal/PATTERN_BASE/seed42/p01.json,3cb8aecb35430437c2328d0ee2df770d7229f388832cc85fd9c49493607ec6d8,aime25_full_causal25_quality_v100_formal,fb8a77b673acfff3,fe834cd7e99a06f2aec37bfb6c74173ad7fee7c9,1,Tesla V100-SXM2-32GB,2026-08-20T15:00:52.082026+00:00,2,2,128,0,128,128,base_v2,0.0,0.0,segmented_rolling,deepseek_r1_recommended,PATTERN_BASE:seed42:p01
aime25,DeepSeek-R1-Distill-Llama-8B,6af5ef5a437b77f7fb395930f430a9a266efaa5ead3804aa92c8359e141f6185,PATTERN_BASE,PATTERN_BASE,patternkv_paper,547fd5d9f640c5c3,1,43,0,1043,aime25:p1:s0,822a4c6ec6a41f65151cbc731d9d4ce2bb7bbd0f2f39bd7622be1b99d28e0d9d,f27ac657e1ec0e7ef0a539a7c9c620ae,629622baf8d2584830c6b9967ecada73,68dec8c216bba752,bench/aime_answer_parser.py:a7ab4395529caaa2cfcd9cb5203a2dd00723ac90fcd96d12bea77494b416b234,588,2,False,tail_integer,,11161,0afc1c2363d0db23cbce3638b294fc957560a84677fabb53ec3d2275ad3fe8fe,24e44726013ab7e97ca54cea483a15a8ef14d6dd9093baa786d49423445448d2,eos,True,False,False,False,False,/home/qinch2023/v100_aime24_aime25_quality_work/Bounded-pattrenKV-method/results/aime25_full_causal25_quality_v100/formal/PATTERN_BASE/seed43/p01.json,7028fc504248d410141bfd7edd0c4b7c2d2d098eb0c87c299a01efd95e5d3015,aime25_full_causal25_quality_v100_formal,fb8a77b673acfff3,fe834cd7e99a06f2aec37bfb6c74173ad7fee7c9,1,Tesla V100-SXM2-32GB,2026-08-20T16:14:39.017766+00:00,2,2,128,0,128,128,base_v2,0.0,0.0,segmented_rolling,deepseek_r1_recommended,PATTERN_BASE:seed43:p01
aime25,DeepSeek-R1-Distill-Llama-8B,6af5ef5a437b77f7fb395930f430a9a266efaa5ead3804aa92c8359e141f6185,PATTERN_BASE,PATTERN_BASE,patternkv_paper,547fd5d9f640c5c3,1,44,0,1044,aime25:p1:s0,822a4c6ec6a41f65151cbc731d9d4ce2bb7bbd0f2f39bd7622be1b99d28e0d9d,f27ac657e1ec0e7ef0a539a7c9c620ae,629622baf8d2584830c6b9967ecada73,68dec8c216bba752,bench/aime_answer_parser.py:a7ab4395529caaa2cfcd9cb5203a2dd00723ac90fcd96d12bea77494b416b234,588,294,False,boxed,,6802,360390963f7fa71f3ee708e4708bd37cdf8d8a2d560099dfad1fb3aa6fa8ae6c,e61b7a931a818c2a8206ca936de03de9f5037453355497cb2c286c9e22e9d25d,eos,True,False,False,False,False,/home/qinch2023/v100_aime24_aime25_quality_work/Bounded-pattrenKV-method/results/aime25_full_causal25_quality_v100/formal/PATTERN_BASE/seed44/p01.json,bfdb5721490aa225e0f528a51565590a17edd4224b2cf08d2eb97842fb5bdeca,aime25_full_causal25_quality_v100_formal,fb8a77b673acfff3,fe834cd7e99a06f2aec37bfb6c74173ad7fee7c9,1,Tesla V100-SXM2-32GB,2026-08-20T16:52:18.077466+00:00,2,2,128,0,128,128,base_v2,0.0,0.0,segmented_rolling,deepseek_r1_recommended,PATTERN_BASE:seed44:p01
aime25,DeepSeek-R1-Distill-Llama-8B,6af5ef5a437b77f7fb395930f430a9a266efaa5ead3804aa92c8359e141f6185,PATTERN_BASE,PATTERN_BASE,patternkv_paper,547fd5d9f640c5c3,2,42,0,2042,aime25:p2:s0,822a4c6ec6a41f65151cbc731d9d4ce2bb7bbd0f2f39bd7622be1b99d28e0d9d,b154e4cd8a12766975f679d58960ab8a,2866b5231d051e8f25d26a381ea73cb1,68dec8c216bba752,bench/aime_answer_parser.py:a7ab4395529caaa2cfcd9cb5203a2dd00723ac90fcd96d12bea77494b416b234,16,256,False,boxed,,6344,e6831cdb6c9532467010b6574db436c72efd5513e9266c0acbc640ca9e5c148b,50f0adf6dc3759ae0ed1d60c7ca38a9e57f0d0ba87b69d1fa8617ad1bec9f019,eos,True,False,False,False,False,/home/qinch2023/v100_aime24_aime25_quality_work/Bounded-pattrenKV-method/results/aime25_full_causal25_quality_v100/formal/PATTERN_BASE/seed42/p02.json,2e18fb4880afeca168cc54657719ba0264a7ee0172e9579462ffba70653c38ba,aime25_full_causal25_quality_v100_formal,fb8a77b673acfff3,fe834cd7e99a06f2aec37bfb6c74173ad7fee7c9,1,Tesla V100-SXM2-32GB,2026-08-20T17:26:28.115326+00:00,2,2,128,0,128,128,base_v2,0.0,0.0,segmented_rolling,deepseek_r1_recommended,PATTERN_BASE:seed42:p02
aime25,DeepSeek-R1-Distill-Llama-8B,6af5ef5a437b77f7fb395930f430a9a266efaa5ead3804aa92c8359e141f6185,PATTERN_BASE,PATTERN_BASE,patternkv_paper,547fd5d9f640c5c3,2,43,0,2043,aime25:p2:s0,822a4c6ec6a41f65151cbc731d9d4ce2bb7bbd0f2f39bd7622be1b99d28e0d9d,b154e4cd8a12766975f679d58960ab8a,2866b5231d051e8f25d26a381ea73cb1,68dec8c216bba752,bench/aime_answer_parser.py:a7ab4395529caaa2cfcd9cb5203a2dd00723ac90fcd96d12bea77494b416b234,16,16,True,boxed,,4984,30b00bb9d883a717ba21d0823f0e0a99829458788018595dfc1f4e026ae8603a,551eda4f7faaa1dacffce94729e7ca1d474a28efb044dbcbc94796f3f0a9db84,eos,True,False,False,False,False,/home/qinch2023/v100_aime24_aime25_quality_work/Bounded-pattrenKV-method/results/aime25_full_causal25_quality_v100/formal/PATTERN_BASE/seed43/p02.json,d267ae8744f1b2415c35803211c207fa2a2fe179053a691949ae4fb0bbfa42ec,aime25_full_causal25_quality_v100_formal,fb8a77b673acfff3,fe834cd7e99a06f2aec37bfb6c74173ad7fee7c9,1,Tesla V100-SXM2-32GB,2026-08-20T17:51:32.206789+00:00,2,2,128,0,128,128,base_v2,0.0,0.0,segmented_rolling,deepseek_r1_recommended,PATTERN_BASE:seed43:p02
aime25,DeepSeek-R1-Distill-Llama-8B,6af5ef5a437b77f7fb395930f430a9a266efaa5ead3804aa92c8359e141f6185,PATTERN_BASE,PATTERN_BASE,patternkv_paper,547fd5d9f640c5c3,2,44,0,2044,aime25:p2:s0,822a4c6ec6a41f65151cbc731d9d4ce2bb7bbd0f2f39bd7622be1b99d28e0d9d,b154e4cd8a12766975f679d58960ab8a,2866b5231d051e8f25d26a381ea73cb1,68dec8c216bba752,bench/aime_answer_parser.py:a7ab4395529caaa2cfcd9cb5203a2dd00723ac90fcd96d12bea77494b416b234,16,16,True,boxed,,5983,a5961b48fd17489d4f4417bdf94bd85b89ef948b84a2365d691ffee2c608c6df,4ef1a67907e7349be6840391cddc0853a4d652e49e66cefc7554d170c1f8c804,eos,True,False,False,False,False,/home/qinch2023/v100_aime24_aime25_quality_work/Bounded-pattrenKV-method/results/aime25_full_causal25_quality_v100/formal/PATTERN_BASE/seed44/p02.json,bb43dddec5ab893fb821aa044104fed9f747bc814096aa50a17acf3e1a674494,aime25_full_causal25_quality_v100_formal,fb8a77b673acfff3,fe834cd7e99a06f2aec37bfb6c74173ad7fee7c9,1,Tesla V100-SXM2-32GB,2026-08-20T18:23:07.524114+00:00,2,2,128,0,128,128,base_v2,0.0,0.0,segmented_rolling,deepseek_r1_recommended,PATTERN_BASE:seed44:p02
aime25,DeepSeek-R1-Distill-Llama-8B,6af5ef5a437b77f7fb395930f430a9a266efaa5ead3804aa92c8359e141f6185,PATTERN_BASE,PATTERN_BASE,patternkv_paper,547fd5d9f640c5c3,3,42,0,3042,aime25:p3:s0,822a4c6ec6a41f65151cbc731d9d4ce2bb7bbd0f2f39bd7622be1b99d28e0d9d,4e23311d7dfa4b6070198c38eb9b1766,d1fa92f5cd63fe490269c257103e01f3,68dec8c216bba752,bench/aime_answer_parser.py:a7ab4395529caaa2cfcd9cb5203a2dd00723ac90fcd96d12bea77494b416b234,117,116,False,boxed,,11081,8d4a3561b194e99faeaa00f133f811a31c4349a5a1664514c19ad1ed5769bb66,6ebd554cf9bac15b0f82bf58a1589c1a53df289a0f3beb1d4cfc8cd02e56a3cf,eos,True,False,False,False,False,/home/qinch2023/v100_aime24_aime25_quality_work/Bounded-pattrenKV-method/results/aime25_full_causal25_quality_v100/formal/PATTERN_BASE/seed42/p03.json,1bf27e56043a779f611af722ce6fe9ebed8cd4bec0943ffb708baf3d20d55a7c,aime25_full_causal25_quality_v100_formal,fb8a77b673acfff3,fe834cd7e99a06f2aec37bfb6c74173ad7fee7c9,1,Tesla V100-SXM2-32GB,2026-08-20T19:35:29.202273+00:00,2,2,128,0,128,128,base_v2,0.0,0.0,segmented_rolling,deepseek_r1_recommended,PATTERN_BASE:seed42:p03
aime25,DeepSeek-R1-Distill-Llama-8B,6af5ef5a437b77f7fb395930f430a9a266efaa5ead3804aa92c8359e141f6185,PATTERN_BASE,PATTERN_BASE,patternkv_paper,547fd5d9f640c5c3,3,43,0,3043,aime25:p3:s0,822a4c6ec6a41f65151cbc731d9d4ce2bb7bbd0f2f39bd7622be1b99d28e0d9d,4e23311d7dfa4b6070198c38eb9b1766,d1fa92f5cd63fe490269c257103e01f3,68dec8c216bba752,bench/aime_answer_parser.py:a7ab4395529caaa2cfcd9cb5203a2dd00723ac90fcd96d12bea77494b416b234,117,101,False,boxed,,13256,8f39248ca0277fd0e9388940039d77e6af0b51f5bd1275e35340bae800dd0b38,7dece561dc3b7989e19c70f47c94d0b1757202fd1171c169cef4af3f7ac75d3b,eos,True,False,False,False,False,/home/qinch2023/v100_aime24_aime25_quality_work/Bounded-pattrenKV-method/results/aime25_full_causal25_quality_v100/formal/PATTERN_BASE/seed43/p03.json,4b2b201320afa2249279b52786bc5588d8715aa2792fcf4275d4912d5e24d2e9,aime25_full_causal25_quality_v100_formal,fb8a77b673acfff3,fe834cd7e99a06f2aec37bfb6c74173ad7fee7c9,1,Tesla V100-SXM2-32GB,2026-08-20T21:09:16.828520+00:00,2,2,128,0,128,128,base_v2,0.0,0.0,segmented_rolling,deepseek_r1_recommended,PATTERN_BASE:seed43:p03
aime25,DeepSeek-R1-Distill-Llama-8B,6af5ef5a437b77f7fb395930f430a9a266efaa5ead3804aa92c8359e141f6185,PATTERN_BASE,PATTERN_BASE,patternkv_paper,547fd5d9f640c5c3,3,44,0,3044,aime25:p3:s0,822a4c6ec6a41f65151cbc731d9d4ce2bb7bbd0f2f39bd7622be1b99d28e0d9d,4e23311d7dfa4b6070198c38eb9b1766,d1fa92f5cd63fe490269c257103e01f3,68dec8c216bba752,bench/aime_answer_parser.py:a7ab4395529caaa2cfcd9cb5203a2dd00723ac90fcd96d12bea77494b416b234,117,117,True,boxed,,6434,4b8faab11d18a0e03709df24f8d9757c2b042bc255bced3da98a771f39ee2e55,ebe82702f6301a9e60968aefe8b592d359c75fd396990b8b417e67f972951abf,eos,True,False,False,False,False,/home/qinch2023/v100_aime24_aime25_quality_work/Bounded-pattrenKV-method/results/aime25_full_causal25_quality_v100/formal/PATTERN_BASE/seed44/p03.json,e26d2c43e040604b9f66145a534fbb9f8b339bee1aea23772f202b877692ba3e,aime25_full_causal25_quality_v100_formal,fb8a77b673acfff3,fe834cd7e99a06f2aec37bfb6c74173ad7fee7c9,1,Tesla V100-SXM2-32GB,2026-08-20T21:43:45.246374+00:00,2,2,128,0,128,128,base_v2,0.0,0.0,segmented_rolling,deepseek_r1_recommended,PATTERN_BASE:seed44:p03
aime25,DeepSeek-R1-Distill-Llama-8B,6af5ef5a437b77f7fb395930f430a9a266efaa5ead3804aa92c8359e141f6185,PATTERN_BASE,PATTERN_BASE,patternkv_paper,547fd5d9f640c5c3,4,42,0,4042,aime25:p4:s0,822a4c6ec6a41f65151cbc731d9d4ce2bb7bbd0f2f39bd7622be1b99d28e0d9d,d203570dd2cb4a40c3a495a237a94e6c,6a7fd6c176065bae7457ed3de0e773d8,68dec8c216bba752,bench/aime_answer_parser.py:a7ab4395529caaa2cfcd9cb5203a2dd00723ac90fcd96d12bea77494b416b234,279,279,True,boxed,,14748,29eba9c323aa7a076ce658e26158da08cc3c84697259e5b3c5ab666941a1244a,13042715700431d8f4a27e580dc65e991aa270b90c0824e4e93dbd224fb0dc8a,eos,True,False,False,False,False,/home/qinch2023/v100_aime24_aime25_quality_work/Bounded-pattrenKV-method/results/aime25_full_causal25_quality_v100/formal/PATTERN_BASE/seed42/p04.json,b93ae340ac80498ca2021ea4daa164d038c34a49f4fa09cb1ff2e6029cc0da40,aime25_full_causal25_quality_v100_formal,fb8a77b673acfff3,fe834cd7e99a06f2aec37bfb6c74173ad7fee7c9,1,Tesla V100-SXM2-32GB,2026-08-20T23:35:28.968166+00:00,2,2,128,0,128,128,base_v2,0.0,0.0,segmented_rolling,deepseek_r1_recommended,PATTERN_BASE:seed42:p04
aime25,DeepSeek-R1-Distill-Llama-8B,6af5ef5a437b77f7fb395930f430a9a266efaa5ead3804aa92c8359e141f6185,PATTERN_BASE,PATTERN_BASE,patternkv_paper,547fd5d9f640c5c3,4,43,0,4043,aime25:p4:s0,822a4c6ec6a41f65151cbc731d9d4ce2bb7bbd0f2f39bd7622be1b99d28e0d9d,d203570dd2cb4a40c3a495a237a94e6c,6a7fd6c176065bae7457ed3de0e773d8,68dec8c216bba752,bench/aime_answer_parser.py:a7ab4395529caaa2cfcd9cb5203a2dd00723ac90fcd96d12bea77494b416b234,279,4,False,tail_integer,,12986,c8e8a3656d76800b57283b6ed9d11cabd73eddc7f06ec31722b77509f6597a97,fb8841b6b3a8c22cb24b6a02db56e32734ce9ce791ecc05fdd7dc1bf9dd4d65a,eos,True,False,False,False,False,/home/qinch2023/v100_aime24_aime25_quality_work/Bounded-pattrenKV-method/results/aime25_full_causal25_quality_v100/formal/PATTERN_BASE/seed43/p04.json,660212784acc5cf6ce4049db29795fe4b398fdf74d05b9b99f2b0f0283ef961f,aime25_full_causal25_quality_v100_formal,fb8a77b673acfff3,fe834cd7e99a06f2aec37bfb6c74173ad7fee7c9,1,Tesla V100-SXM2-32GB,2026-08-21T01:08:26.782188+00:00,2,2,128,0,128,128,base_v2,0.0,0.0,segmented_rolling,deepseek_r1_recommended,PATTERN_BASE:seed43:p04
aime25,DeepSeek-R1-Distill-Llama-8B,6af5ef5a437b77f7fb395930f430a9a266efaa5ead3804aa92c8359e141f6185,PATTERN_BASE,PATTERN_BASE,patternkv_paper,547fd5d9f640c5c3,4,44,0,4044,aime25:p4:s0,822a4c6ec6a41f65151cbc731d9d4ce2bb7bbd0f2f39bd7622be1b99d28e0d9d,d203570dd2cb4a40c3a495a237a94e6c,6a7fd6c176065bae7457ed3de0e773d8,68dec8c216bba752,bench/aime_answer_parser.py:a7ab4395529caaa2cfcd9cb5203a2dd00723ac90fcd96d12bea77494b416b234,279,24,False,tail_integer,,12958,07fa9c2c933b8967cacb9fb001d76c3177370c04851854ee1d7b138db917aac9,a74aee2c12fe7f49070a1fc2aaebb16b984698127bb4a3be7fbef2bf5364627c,eos,True,False,False,False,False,/home/qinch2023/v100_aime24_aime25_quality_work/Bounded-pattrenKV-method/results/aime25_full_causal25_quality_v100/formal/PATTERN_BASE/seed44/p04.json,8089bb302e16ce8f5d6f17f02265bb5468e41332d544a7b587d77430c790e5d7,aime25_full_causal25_quality_v100_formal,fb8a77b673acfff3,fe834cd7e99a06f2aec37bfb6c74173ad7fee7c9,1,Tesla V100-SXM2-32GB,2026-08-21T02:40:08.184091+00:00,2,2,128,0,128,128,base_v2,0.0,0.0,segmented_rolling,deepseek_r1_recommended,PATTERN_BASE:seed44:p04
aime25,DeepSeek-R1-Distill-Llama-8B,6af5ef5a437b77f7fb395930f430a9a266efaa5ead3804aa92c8359e141f6185,PATTERN_BASE,PATTERN_BASE,patternkv_paper,547fd5d9f640c5c3,5,42,0,5042,aime25:p5:s0,822a4c6ec6a41f65151cbc731d9d4ce2bb7bbd0f2f39bd7622be1b99d28e0d9d,5604f42e3edc95e3611c2bb9092c3753,f3a79cd6beb69ce526004ce8289c1641,68dec8c216bba752,bench/aime_answer_parser.py:a7ab4395529caaa2cfcd9cb5203a2dd00723ac90fcd96d12bea77494b416b234,504,504,True,boxed,,4234,cdf1e6c50f5d3f07716621c67c818601671e6fc592a4777ba653dabf6c5c6f3f,f9369d771eb1e2d05a286736b2f60a4f8a40535ed708447878e94d0cd17139b1,eos,True,False,False,False,False,/home/qinch2023/v100_aime24_aime25_quality_work/Bounded-pattrenKV-method/results/aime25_full_causal25_quality_v100/formal/PATTERN_BASE/seed42/p05.json,a8dbb8a74ecd9c552b0e091488cd59e9b4ae77cd87e629034de869e9364b645a,aime25_full_causal25_quality_v100_formal,fb8a77b673acfff3,fe834cd7e99a06f2aec37bfb6c74173ad7fee7c9,1,Tesla V100-SXM2-32GB,2026-08-21T03:00:30.895543+00:00,2,2,128,0,128,128,base_v2,0.0,0.0,segmented_rolling,deepseek_r1_recommended,PATTERN_BASE:seed42:p05
aime25,DeepSeek-R1-Distill-Llama-8B,6af5ef5a437b77f7fb395930f430a9a266efaa5ead3804aa92c8359e141f6185,PATTERN_BASE,PATTERN_BASE,patternkv_paper,547fd5d9f640c5c3,5,43,0,5043,aime25:p5:s0,822a4c6ec6a41f65151cbc731d9d4ce2bb7bbd0f2f39bd7622be1b99d28e0d9d,5604f42e3edc95e3611c2bb9092c3753,f3a79cd6beb69ce526004ce8289c1641,68dec8c216bba752,bench/aime_answer_parser.py:a7ab4395529caaa2cfcd9cb5203a2dd00723ac90fcd96d12bea77494b416b234,504,567,False,tail_integer,,4738,0c9eef3be8ef3a2188fe88a141897a49ae34f4c151c4f871e12cd21562f8575c,85606825ac0512b71e395c78064b646b8c20347ef5981ecf502f0d3a57685454,eos,True,False,False,False,False,/home/qinch2023/v100_aime24_aime25_quality_work/Bounded-pattrenKV-method/results/aime25_full_causal25_quality_v100/formal/PATTERN_BASE/seed43/p05.json,3a524f7351179a1276bc6b4e90412e11d084f69bcc6f654af2262752b891c2e8,aime25_full_causal25_quality_v100_formal,fb8a77b673acfff3,fe834cd7e99a06f2aec37bfb6c74173ad7fee7c9,1,Tesla V100-SXM2-32GB,2026-08-21T03:23:57.256945+00:00,2,2,128,0,128,128,base_v2,0.0,0.0,segmented_rolling,deepseek_r1_recommended,PATTERN_BASE:seed43:p05
aime25,DeepSeek-R1-Distill-Llama-8B,6af5ef5a437b77f7fb395930f430a9a266efaa5ead3804aa92c8359e141f6185,PATTERN_BASE,PATTERN_BASE,patternkv_paper,547fd5d9f640c5c3,5,44,0,5044,aime25:p5:s0,822a4c6ec6a41f65151cbc731d9d4ce2bb7bbd0f2f39bd7622be1b99d28e0d9d,5604f42e3edc95e3611c2bb9092c3753,f3a79cd6beb69ce526004ce8289c1641,68dec8c216bba752,bench/aime_answer_parser.py:a7ab4395529caaa2cfcd9cb5203a2dd00723ac90fcd96d12bea77494b416b234,504,540,False,tail_integer,,10268,99ffb8b62bff72ca62c7e50ec783afa158f7554f76336923f4c8d9fddde7494d,fb359a85c78294fd47c49c051cecc2fca5f82371e1514f96a0b15b6e6b934622,eos,True,False,False,False,False,/home/qinch2023/v100_aime24_aime25_quality_work/Bounded-pattrenKV-method/results/aime25_full_causal25_quality_v100/formal/PATTERN_BASE/seed44/p05.json,bf3b1e5577e3261b54d44baf768fbaa81850be36875c4b4a72ab0cd8caeed229,aime25_full_causal25_quality_v100_formal,fb8a77b673acfff3,fe834cd7e99a06f2aec37bfb6c74173ad7fee7c9,1,Tesla V100-SXM2-32GB,2026-08-21T04:29:23.337071+00:00,2,2,128,0,128,128,base_v2,0.0,0.0,segmented_rolling,deepseek_r1_recommended,PATTERN_BASE:seed44:p05
aime25,DeepSeek-R1-Distill-Llama-8B,6af5ef5a437b77f7fb395930f430a9a266efaa5ead3804aa92c8359e141f6185,PATTERN_BASE,PATTERN_BASE,patternkv_paper,547fd5d9f640c5c3,6,42,0,6042,aime25:p6:s0,822a4c6ec6a41f65151cbc731d9d4ce2bb7bbd0f2f39bd7622be1b99d28e0d9d,64a9ecdf5412d53e357a15aa766d1964,0118dd7f643d1d586b611f86a0df389e,68dec8c216bba752,bench/aime_answer_parser.py:a7ab4395529caaa2cfcd9cb5203a2dd00723ac90fcd96d12bea77494b416b234,821,16,False,boxed,,14101,c13f625a236ab8362fec02ed1ff90d7b02885d3d7b9e658d9f18e5b084920b5d,d1eec2d49c40aa803bca7934ead66b560041fd240bb0e1f59dd847096a94bda9,eos,True,False,False,False,False,/home/qinch2023/v100_aime24_aime25_quality_work/Bounded-pattrenKV-method/results/aime25_full_causal25_quality_v100/formal/PATTERN_BASE/seed42/p06.json,d778aeeede05d4631368987c32ec68a50ff72f0855495007646e6ac4ab5fd7db,aime25_full_causal25_quality_v100_formal,fb8a77b673acfff3,fe834cd7e99a06f2aec37bfb6c74173ad7fee7c9,1,Tesla V100-SXM2-32GB,2026-08-21T06:13:07.035859+00:00,2,2,128,0,128,128,base_v2,0.0,0.0,segmented_rolling,deepseek_r1_recommended,PATTERN_BASE:seed42:p06
aime25,DeepSeek-R1-Distill-Llama-8B,6af5ef5a437b77f7fb395930f430a9a266efaa5ead3804aa92c8359e141f6185,PATTERN_BASE,PATTERN_BASE,patternkv_paper,547fd5d9f640c5c3,6,43,0,6043,aime25:p6:s0,822a4c6ec6a41f65151cbc731d9d4ce2bb7bbd0f2f39bd7622be1b99d28e0d9d,64a9ecdf5412d53e357a15aa766d1964,0118dd7f643d1d586b611f86a0df389e,68dec8c216bba752,bench/aime_answer_parser.py:a7ab4395529caaa2cfcd9cb5203a2dd00723ac90fcd96d12bea77494b416b234,821,12,False,boxed,,4845,13bcce1836cf9ee8125ab755568e0ac76856df70d60606712987d5f1eaa23f40,08e1377737d43e30436e950ff566dbcb63b7e8225b27c02256a9adbdb353c4b8,eos,True,False,False,False,False,/home/qinch2023/v100_aime24_aime25_quality_work/Bounded-pattrenKV-method/results/aime25_full_causal25_quality_v100/formal/PATTERN_BASE/seed43/p06.json,6ee35ab2477dcf13af909c07b2eb8f13f3cd1e985500fdf154caa701166b58ca,aime25_full_causal25_quality_v100_formal,fb8a77b673acfff3,fe834cd7e99a06f2aec37bfb6c74173ad7fee7c9,1,Tesla V100-SXM2-32GB,2026-08-21T06:37:22.247059+00:00,2,2,128,0,128,128,base_v2,0.0,0.0,segmented_rolling,deepseek_r1_recommended,PATTERN_BASE:seed43:p06
aime25,DeepSeek-R1-Distill-Llama-8B,6af5ef5a437b77f7fb395930f430a9a266efaa5ead3804aa92c8359e141f6185,PATTERN_BASE,PATTERN_BASE,patternkv_paper,547fd5d9f640c5c3,6,44,0,6044,aime25:p6:s0,822a4c6ec6a41f65151cbc731d9d4ce2bb7bbd0f2f39bd7622be1b99d28e0d9d,64a9ecdf5412d53e357a15aa766d1964,0118dd7f643d1d586b611f86a0df389e,68dec8c216bba752,bench/aime_answer_parser.py:a7ab4395529caaa2cfcd9cb5203a2dd00723ac90fcd96d12bea77494b416b234,821,12,False,boxed,,14130,2871c9f2156802a6f58aa72f76cfaded1e204b793bae4c8eb4480b04bda655bc,74292b7bd058b467ef0c219213038870185045caa93baef76bf06af7f57edbfa,eos,True,False,False,False,False,/home/qinch2023/v100_aime24_aime25_quality_work/Bounded-pattrenKV-method/results/aime25_full_causal25_quality_v100/formal/PATTERN_BASE/seed44/p06.json,9fd053815d08a45575714ad5ac74939e02371dc1f8327a1e04b2ab1b15d42724,aime25_full_causal25_quality_v100_formal,fb8a77b673acfff3,fe834cd7e99a06f2aec37bfb6c74173ad7fee7c9,1,Tesla V100-SXM2-32GB,2026-08-21T08:21:22.676682+00:00,2,2,128,0,128,128,base_v2,0.0,0.0,segmented_rolling,deepseek_r1_recommended,PATTERN_BASE:seed44:p06
aime25,DeepSeek-R1-Distill-Llama-8B,6af5ef5a437b77f7fb395930f430a9a266efaa5ead3804aa92c8359e141f6185,PATTERN_BASE,PATTERN_BASE,patternkv_paper,547fd5d9f640c5c3,7,42,0,7042,aime25:p7:s0,822a4c6ec6a41f65151cbc731d9d4ce2bb7bbd0f2f39bd7622be1b99d28e0d9d,e48e26a548dbc997ebb4ec40aed20ce2,b999bcfa740ff9dea815d3ee103b6b23,68dec8c216bba752,bench/aime_answer_parser.py:a7ab4395529caaa2cfcd9cb5203a2dd00723ac90fcd96d12bea77494b416b234,77,77,True,boxed,,4134,d7dd903c4cc196d477e19a5572f11a7a5e9b70b82e889e3721cbc3919ea27338,824fbe998a1d7312be6dc89ed7b493654876958087b516673bd30ef16a459ef5,eos,True,False,False,False,False,/home/qinch2023/v100_aime24_aime25_quality_work/Bounded-pattrenKV-method/results/aime25_full_causal25_quality_v100/formal/PATTERN_BASE/seed42/p07.json,1008490ee4a67357ea98dee465b28fc03ad160e808ef23351845a740ebfc3b05,aime25_full_causal25_quality_v100_formal,fb8a77b673acfff3,fe834cd7e99a06f2aec37bfb6c74173ad7fee7c9,1,Tesla V100-SXM2-32GB,2026-08-21T08:41:16.409460+00:00,2,2,128,0,128,128,base_v2,0.0,0.0,segmented_rolling,deepseek_r1_recommended,PATTERN_BASE:seed42:p07
aime25,DeepSeek-R1-Distill-Llama-8B,6af5ef5a437b77f7fb395930f430a9a266efaa5ead3804aa92c8359e141f6185,PATTERN_BASE,PATTERN_BASE,patternkv_paper,547fd5d9f640c5c3,7,43,0,7043,aime25:p7:s0,822a4c6ec6a41f65151cbc731d9d4ce2bb7bbd0f2f39bd7622be1b99d28e0d9d,e48e26a548dbc997ebb4ec40aed20ce2,b999bcfa740ff9dea815d3ee103b6b23,68dec8c216bba752,bench/aime_answer_parser.py:a7ab4395529caaa2cfcd9cb5203a2dd00723ac90fcd96d12bea77494b416b234,77,8,False,boxed,,9354,cf64e30c232e49468a6e6e4ba5fada2c913c354565bbd483b70997c9f1e9f2ad,f1f5bdca0ab39d4072182fe06f436370978aaec7456f04ec550727cbae325a94,eos,True,False,False,False,False,/home/qinch2023/v100_aime24_aime25_quality_work/Bounded-pattrenKV-method/results/aime25_full_causal25_quality_v100/formal/PATTERN_BASE/seed43/p07.json,6525397ab6fe66377fe97c517af0dd79ea4d3a3d9f84f7eaa6848cf94e653798,aime25_full_causal25_quality_v100_formal,fb8a77b673acfff3,fe834cd7e99a06f2aec37bfb6c74173ad7fee7c9,1,Tesla V100-SXM2-32GB,2026-08-21T09:38:38.712800+00:00,2,2,128,0,128,128,base_v2,0.0,0.0,segmented_rolling,deepseek_r1_recommended,PATTERN_BASE:seed43:p07
aime25,DeepSeek-R1-Distill-Llama-8B,6af5ef5a437b77f7fb395930f430a9a266efaa5ead3804aa92c8359e141f6185,PATTERN_BASE,PATTERN_BASE,patternkv_paper,547fd5d9f640c5c3,7,44,0,7044,aime25:p7:s0,822a4c6ec6a41f65151cbc731d9d4ce2bb7bbd0f2f39bd7622be1b99d28e0d9d,e48e26a548dbc997ebb4ec40aed20ce2,b999bcfa740ff9dea815d3ee103b6b23,68dec8c216bba752,bench/aime_answer_parser.py:a7ab4395529caaa2cfcd9cb5203a2dd00723ac90fcd96d12bea77494b416b234,77,91,False,boxed,,14768,e0e2b4f184a18ebb66d1ee08d2687c032a6ffa4db175015eca91ee0e185fadb8,b55e503aefa3f5d4e09d4a69e0d10b22cee67ebb57f02996713925c282ab702c,eos,True,False,False,False,False,/home/qinch2023/v100_aime24_aime25_quality_work/Bounded-pattrenKV-method/results/aime25_full_causal25_quality_v100/formal/PATTERN_BASE/seed44/p07.json,7709186ef23eec4b7ec6446a8c7909a22a9ead837dc014e4d120da9caca96e84,aime25_full_causal25_quality_v100_formal,fb8a77b673acfff3,fe834cd7e99a06f2aec37bfb6c74173ad7fee7c9,1,Tesla V100-SXM2-32GB,2026-08-21T11:29:15.205418+00:00,2,2,128,0,128,128,base_v2,0.0,0.0,segmented_rolling,deepseek_r1_recommended,PATTERN_BASE:seed44:p07
aime25,DeepSeek-R1-Distill-Llama-8B,6af5ef5a437b77f7fb395930f430a9a266efaa5ead3804aa92c8359e141f6185,PATTERN_BASE,PATTERN_BASE,patternkv_paper,547fd5d9f640c5c3,8,42,0,8042,aime25:p8:s0,822a4c6ec6a41f65151cbc731d9d4ce2bb7bbd0f2f39bd7622be1b99d28e0d9d,abe1b13843ffd34319fb6020222c465e,424ea0bf42bd95a9daf62f57743d4f41,68dec8c216bba752,bench/aime_answer_parser.py:a7ab4395529caaa2cfcd9cb5203a2dd00723ac90fcd96d12bea77494b416b234,62,62,True,boxed,,27651,de15a2a89add73c97cba3bba06f587ac9deb6966384e370c5692cf78934fa164,b532f37a8c27033f6f7cf1fcf19eccfd2363d8fc2c5d887cdc2a865774006e63,eos,True,False,False,False,False,/home/qinch2023/v100_aime24_aime25_quality_work/Bounded-pattrenKV-method/results/aime25_full_causal25_quality_v100/formal/PATTERN_BASE/seed42/p08.json,81b7aa688cacf2c01cedad8ae27455902dadd1f31717a9b041178aad83309288,aime25_full_causal25_quality_v100_formal,fb8a77b673acfff3,fe834cd7e99a06f2aec37bfb6c74173ad7fee7c9,1,Tesla V100-SXM2-32GB,2026-08-21T16:30:05.131723+00:00,2,2,128,0,128,128,base_v2,0.0,0.0,segmented_rolling,deepseek_r1_recommended,PATTERN_BASE:seed42:p08
aime25,DeepSeek-R1-Distill-Llama-8B,6af5ef5a437b77f7fb395930f430a9a266efaa5ead3804aa92c8359e141f6185,PATTERN_BASE,PATTERN_BASE,patternkv_paper,547fd5d9f640c5c3,8,43,0,8043,aime25:p8:s0,822a4c6ec6a41f65151cbc731d9d4ce2bb7bbd0f2f39bd7622be1b99d28e0d9d,abe1b13843ffd34319fb6020222c465e,424ea0bf42bd95a9daf62f57743d4f41,68dec8c216bba752,bench/aime_answer_parser.py:a7ab4395529caaa2cfcd9cb5203a2dd00723ac90fcd96d12bea77494b416b234,62,,False,failure,,32768,1db5897378623dac54762b4558eefacb85b8edd6e7cc1d8dfb341c4dd9a8fc17,254a36aa6194cac508319fd5371b5ee8dd39b2bc55573675a702af5a44a6457e,length,False,True,True,False,False,/home/qinch2023/v100_aime24_aime25_quality_work/Bounded-pattrenKV-method/results/aime25_full_causal25_quality_v100/formal/PATTERN_BASE/seed43/p08.json,df6909398aba6c933fd89c0007cf332ce5206b859d9a793b21921151864129ee,aime25_full_causal25_quality_v100_formal,fb8a77b673acfff3,fe834cd7e99a06f2aec37bfb6c74173ad7fee7c9,1,Tesla V100-SXM2-32GB,2026-08-21T23:12:03.123762+00:00,2,2,128,0,128,128,base_v2,0.0,0.0,segmented_rolling,deepseek_r1_recommended,PATTERN_BASE:seed43:p08
aime25,DeepSeek-R1-Distill-Llama-8B,6af5ef5a437b77f7fb395930f430a9a266efaa5ead3804aa92c8359e141f6185,PATTERN_BASE,PATTERN_BASE,patternkv_paper,547fd5d9f640c5c3,8,44,0,8044,aime25:p8:s0,822a4c6ec6a41f65151cbc731d9d4ce2bb7bbd0f2f39bd7622be1b99d28e0d9d,abe1b13843ffd34319fb6020222c465e,424ea0bf42bd95a9daf62f57743d4f41,68dec8c216bba752,bench/aime_answer_parser.py:a7ab4395529caaa2cfcd9cb5203a2dd00723ac90fcd96d12bea77494b416b234,62,6,False,boxed,,28140,7189dc80e73fa4d8dee67eac5f2927f89ab3e4fcbcef66e7cf2d37697f200cf8,449685aca2d0be1078d874b57715b0eab374745be4d5b93503af795610354d80,eos,True,False,False,False,False,/home/qinch2023/v100_aime24_aime25_quality_work/Bounded-pattrenKV-method/results/aime25_full_causal25_quality_v100/formal/PATTERN_BASE/seed44/p08.json,4f2d8ad01926a8b4078bfcb8f00b78580fc3dd393940351d411a0398a6e7bc80,aime25_full_causal25_quality_v100_formal,fb8a77b673acfff3,fe834cd7e99a06f2aec37bfb6c74173ad7fee7c9,1,Tesla V100-SXM2-32GB,2026-08-22T04:22:42.420315+00:00,2,2,128,0,128,128,base_v2,0.0,0.0,segmented_rolling,deepseek_r1_recommended,PATTERN_BASE:seed44:p08
aime25,DeepSeek-R1-Distill-Llama-8B,6af5ef5a437b77f7fb395930f430a9a266efaa5ead3804aa92c8359e141f6185,PATTERN_BASE,PATTERN_BASE,patternkv_paper,547fd5d9f640c5c3,9,42,0,9042,aime25:p9:s0,822a4c6ec6a41f65151cbc731d9d4ce2bb7bbd0f2f39bd7622be1b99d28e0d9d,eb00d45669943e5290559cf2bad97710,40123f77320631173972c9988f97c095,68dec8c216bba752,bench/aime_answer_parser.py:a7ab4395529caaa2cfcd9cb5203a2dd00723ac90fcd96d12bea77494b416b234,81,139,False,boxed,,10012,1fefe4cfdad07f63ef8048fd9686b6a137521402f940fe85872fb83e82916d0e,b13a8a209073497250a3575793aa677e472e1c1b7d640aeba3e258669839c135,eos,True,False,False,False,False,/home/qinch2023/v100_aime24_aime25_quality_work/Bounded-pattrenKV-method/results/aime25_full_causal25_quality_v100/formal/PATTERN_BASE/seed42/p09.json,6b84d2dffa6629beef4ab78eb640c10b575508461e2d0a2f825483390d52efd4,aime25_full_causal25_quality_v100_formal,fb8a77b673acfff3,fe834cd7e99a06f2aec37bfb6c74173ad7fee7c9,1,Tesla V100-SXM2-32GB,2026-08-22T05:28:23.529068+00:00,2,2,128,0,128,128,base_v2,0.0,0.0,segmented_rolling,deepseek_r1_recommended,PATTERN_BASE:seed42:p09
aime25,DeepSeek-R1-Distill-Llama-8B,6af5ef5a437b77f7fb395930f430a9a266efaa5ead3804aa92c8359e141f6185,PATTERN_BASE,PATTERN_BASE,patternkv_paper,547fd5d9f640c5c3,9,43,0,9043,aime25:p9:s0,822a4c6ec6a41f65151cbc731d9d4ce2bb7bbd0f2f39bd7622be1b99d28e0d9d,eb00d45669943e5290559cf2bad97710,40123f77320631173972c9988f97c095,68dec8c216bba752,bench/aime_answer_parser.py:a7ab4395529caaa2cfcd9cb5203a2dd00723ac90fcd96d12bea77494b416b234,81,58,False,boxed,,9001,26092ee83a4f5669b8bb92cb27357aec2d3a06b41c1a9ec1b846fac8ed467a41,f784c1d32f4e33970f1ad826ac857f63a8330863c13114ec2256289a0da623fb,eos,True,False,False,False,False,/home/qinch2023/v100_aime24_aime25_quality_work/Bounded-pattrenKV-method/results/aime25_full_causal25_quality_v100/formal/PATTERN_BASE/seed43/p09.json,d38710f5b1a026ab767b508e31682447023e5edd2bdd043450bec33c9bbd573e,aime25_full_causal25_quality_v100_formal,fb8a77b673acfff3,fe834cd7e99a06f2aec37bfb6c74173ad7fee7c9,1,Tesla V100-SXM2-32GB,2026-08-22T06:24:51.926736+00:00,2,2,128,0,128,128,base_v2,0.0,0.0,segmented_rolling,deepseek_r1_recommended,PATTERN_BASE:seed43:p09
aime25,DeepSeek-R1-Distill-Llama-8B,6af5ef5a437b77f7fb395930f430a9a266efaa5ead3804aa92c8359e141f6185,PATTERN_BASE,PATTERN_BASE,patternkv_paper,547fd5d9f640c5c3,9,44,0,9044,aime25:p9:s0,822a4c6ec6a41f65151cbc731d9d4ce2bb7bbd0f2f39bd7622be1b99d28e0d9d,eb00d45669943e5290559cf2bad97710,40123f77320631173972c9988f97c095,68dec8c216bba752,bench/aime_answer_parser.py:a7ab4395529caaa2cfcd9cb5203a2dd00723ac90fcd96d12bea77494b416b234,81,33,False,boxed,,10103,9ce0406cb190b0d36a173d018aedc37774568530a6cee9309989888315eb0ade,052508be6e69976b0c8451e48f2d9e6ccfb68873a860112af833d534918dbd26,eos,True,False,False,False,False,/home/qinch2023/v100_aime24_aime25_quality_work/Bounded-pattrenKV-method/results/aime25_full_causal25_quality_v100/formal/PATTERN_BASE/seed44/p09.json,c171d3b539e871d8887b76ffa6f5bd9ee3146f690eecddf3af093e4d18fe8a50,aime25_full_causal25_quality_v100_formal,fb8a77b673acfff3,fe834cd7e99a06f2aec37bfb6c74173ad7fee7c9,1,Tesla V100-SXM2-32GB,2026-08-22T07:32:45.802087+00:00,2,2,128,0,128,128,base_v2,0.0,0.0,segmented_rolling,deepseek_r1_recommended,PATTERN_BASE:seed44:p09
aime25,DeepSeek-R1-Distill-Llama-8B,6af5ef5a437b77f7fb395930f430a9a266efaa5ead3804aa92c8359e141f6185,PATTERN_BASE,PATTERN_BASE,patternkv_paper,547fd5d9f640c5c3,10,42,0,10042,aime25:p10:s0,822a4c6ec6a41f65151cbc731d9d4ce2bb7bbd0f2f39bd7622be1b99d28e0d9d,d2ed0dcf88321e998d60fcd3c69c9026,0f8e537044bef92fb63caf29fbff2e16,68dec8c216bba752,bench/aime_answer_parser.py:a7ab4395529caaa2cfcd9cb5203a2dd00723ac90fcd96d12bea77494b416b234,259,0,False,boxed,,28445,c6237e9447419f1e9c802c8d728230d0631a4b662745654a60aef9de845c7f1a,eb63031db0aa28a3844bb7f137e2c6fd7691460b5d32505428a815c92d1a8353,eos,True,False,False,False,False,/home/qinch2023/v100_aime24_aime25_quality_work/Bounded-pattrenKV-method/results/aime25_full_causal25_quality_v100/formal/PATTERN_BASE/seed42/p10.json,048ffc9ec8a75a693ff8671ed04b0f6d3ec36c4a46b08e746bc372ddd142a95d,aime25_full_causal25_quality_v100_formal,fb8a77b673acfff3,fe834cd7e99a06f2aec37bfb6c74173ad7fee7c9,1,Tesla V100-SXM2-32GB,2026-08-22T13:01:13.318743+00:00,2,2,128,0,128,128,base_v2,0.0,0.0,segmented_rolling,deepseek_r1_recommended,PATTERN_BASE:seed42:p10
aime25,DeepSeek-R1-Distill-Llama-8B,6af5ef5a437b77f7fb395930f430a9a266efaa5ead3804aa92c8359e141f6185,PATTERN_BASE,PATTERN_BASE,patternkv_paper,547fd5d9f640c5c3,10,43,0,10043,aime25:p10:s0,822a4c6ec6a41f65151cbc731d9d4ce2bb7bbd0f2f39bd7622be1b99d28e0d9d,d2ed0dcf88321e998d60fcd3c69c9026,0f8e537044bef92fb63caf29fbff2e16,68dec8c216bba752,bench/aime_answer_parser.py:a7ab4395529caaa2cfcd9cb5203a2dd00723ac90fcd96d12bea77494b416b234,259,0,False,boxed,,26216,a795f55345581b46929f4bfc7296051ac6b1a4f5e13e67f22efafe082ad0a712,29a5e3d2cab3309fe1bafab2221fb4ca2733f7f644ebcd887b9a2e8177461b59,eos,True,False,False,False,False,/home/qinch2023/v100_aime24_aime25_quality_work/Bounded-pattrenKV-method/results/aime25_full_causal25_quality_v100/formal/PATTERN_BASE/seed43/p10.json,9efc8d6c2deb08fee3c7c8e7804f658f6920817d95f68ff0a754e26307498da3,aime25_full_causal25_quality_v100_formal,fb8a77b673acfff3,fe834cd7e99a06f2aec37bfb6c74173ad7fee7c9,1,Tesla V100-SXM2-32GB,2026-08-22T17:50:32.284244+00:00,2,2,128,0,128,128,base_v2,0.0,0.0,segmented_rolling,deepseek_r1_recommended,PATTERN_BASE:seed43:p10
aime25,DeepSeek-R1-Distill-Llama-8B,6af5ef5a437b77f7fb395930f430a9a266efaa5ead3804aa92c8359e141f6185,PATTERN_BASE,PATTERN_BASE,patternkv_paper,547fd5d9f640c5c3,10,44,0,10044,aime25:p10:s0,822a4c6ec6a41f65151cbc731d9d4ce2bb7bbd0f2f39bd7622be1b99d28e0d9d,d2ed0dcf88321e998d60fcd3c69c9026,0f8e537044bef92fb63caf29fbff2e16,68dec8c216bba752,bench/aime_answer_parser.py:a7ab4395529caaa2cfcd9cb5203a2dd00723ac90fcd96d12bea77494b416b234,259,70,False,boxed,,26400,b7c842ccf2f9b0185915ab8576d8a7a5fc6def27ff24d11159d631a1ae8b5b83,9e154b65b20e175ece5a3d6babbce0e0da84d675122ef51ece64f1fcf800fa54,eos,True,False,False,False,False,/home/qinch2023/v100_aime24_aime25_quality_work/Bounded-pattrenKV-method/results/aime25_full_causal25_quality_v100/formal/PATTERN_BASE/seed44/p10.json,4079679c1984656304a22e320eb6dd5abe0ed28098903e58f0f93c7acdc3471f,aime25_full_causal25_quality_v100_formal,fb8a77b673acfff3,fe834cd7e99a06f2aec37bfb6c74173ad7fee7c9,1,Tesla V100-SXM2-32GB,2026-08-22T22:38:25.681157+00:00,2,2,128,0,128,128,base_v2,0.0,0.0,segmented_rolling,deepseek_r1_recommended,PATTERN_BASE:seed44:p10
aime25,DeepSeek-R1-Distill-Llama-8B,6af5ef5a437b77f7fb395930f430a9a266efaa5ead3804aa92c8359e141f6185,PATTERN_BASE,PATTERN_BASE,patternkv_paper,547fd5d9f640c5c3,11,42,0,11042,aime25:p11:s0,822a4c6ec6a41f65151cbc731d9d4ce2bb7bbd0f2f39bd7622be1b99d28e0d9d,d9333fd9433fc6e62c7889822ef91441,8af875bdb7646b0ec7a7c973e0fa93dc,68dec8c216bba752,bench/aime_answer_parser.py:a7ab4395529caaa2cfcd9cb5203a2dd00723ac90fcd96d12bea77494b416b234,510,510,True,boxed,,18542,ba7add23043480dbb2edd0bf2bd1c3f97e1f2ab528a514a0699518ad18fb39e1,d02be2ce0c9cca244f2568831bdb9e5d52f276b695c95ba1989a76007de41e3d,eos,True,False,False,False,False,/home/qinch2023/v100_aime24_aime25_quality_work/Bounded-pattrenKV-method/results/aime25_full_causal25_quality_v100/formal/PATTERN_BASE/seed42/p11.json,f3d8da3af9a4ba570045d75940d571cd4efae5df63d3f22b2443d520ee99a416,aime25_full_causal25_quality_v100_formal,fb8a77b673acfff3,fe834cd7e99a06f2aec37bfb6c74173ad7fee7c9,1,Tesla V100-SXM2-32GB,2026-08-23T01:16:12.332012+00:00,2,2,128,0,128,128,base_v2,0.0,0.0,segmented_rolling,deepseek_r1_recommended,PATTERN_BASE:seed42:p11
aime25,DeepSeek-R1-Distill-Llama-8B,6af5ef5a437b77f7fb395930f430a9a266efaa5ead3804aa92c8359e141f6185,PATTERN_BASE,PATTERN_BASE,patternkv_paper,547fd5d9f640c5c3,11,43,0,11043,aime25:p11:s0,822a4c6ec6a41f65151cbc731d9d4ce2bb7bbd0f2f39bd7622be1b99d28e0d9d,d9333fd9433fc6e62c7889822ef91441,8af875bdb7646b0ec7a7c973e0fa93dc,68dec8c216bba752,bench/aime_answer_parser.py:a7ab4395529caaa2cfcd9cb5203a2dd00723ac90fcd96d12bea77494b416b234,510,75,False,boxed,,32768,1d9957acb21c8133444a03d659a4f7f79dd2deccab37710e548f96bced2d5985,c61cade7788d13f9566160ef8e6e513542da653c2b239f6d014d35f379c493c9,length,False,True,True,False,False,/home/qinch2023/v100_aime24_aime25_quality_work/Bounded-pattrenKV-method/results/aime25_full_causal25_quality_v100/formal/PATTERN_BASE/seed43/p11.json,faba31c2eaf0cbd79edd9439b2f8d74d46e0409f6139bc4ac2b4c535ccbc53f9,aime25_full_causal25_quality_v100_formal,fb8a77b673acfff3,fe834cd7e99a06f2aec37bfb6c74173ad7fee7c9,1,Tesla V100-SXM2-32GB,2026-08-23T07:59:00.368321+00:00,2,2,128,0,128,128,base_v2,0.0,0.0,segmented_rolling,deepseek_r1_recommended,PATTERN_BASE:seed43:p11
aime25,DeepSeek-R1-Distill-Llama-8B,6af5ef5a437b77f7fb395930f430a9a266efaa5ead3804aa92c8359e141f6185,PATTERN_BASE,PATTERN_BASE,patternkv_paper,547fd5d9f640c5c3,11,44,0,11044,aime25:p11:s0,822a4c6ec6a41f65151cbc731d9d4ce2bb7bbd0f2f39bd7622be1b99d28e0d9d,d9333fd9433fc6e62c7889822ef91441,8af875bdb7646b0ec7a7c973e0fa93dc,68dec8c216bba752,bench/aime_answer_parser.py:a7ab4395529caaa2cfcd9cb5203a2dd00723ac90fcd96d12bea77494b416b234,510,3,False,tail_integer,,32768,1aaba9421641a7e594ca10698a89e84e39a7c34cc1fc7a113a3c40b12859fdf9,5d5f392a3172df2ce1cde7b1a81d33aa183b35f5b063220157ab9ffe5fedeb63,length,False,True,True,False,False,/home/qinch2023/v100_aime24_aime25_quality_work/Bounded-pattrenKV-method/results/aime25_full_causal25_quality_v100/formal/PATTERN_BASE/seed44/p11.json,990d02b8aaaec55e1ff5ac4a921e3a8fdb60fab471c80d09fd305f05ac7ad252,aime25_full_causal25_quality_v100_formal,fb8a77b673acfff3,fe834cd7e99a06f2aec37bfb6c74173ad7fee7c9,1,Tesla V100-SXM2-32GB,2026-08-23T14:41:02.828349+00:00,2,2,128,0,128,128,base_v2,0.0,0.0,segmented_rolling,deepseek_r1_recommended,PATTERN_BASE:seed44:p11
aime25,DeepSeek-R1-Distill-Llama-8B,6af5ef5a437b77f7fb395930f430a9a266efaa5ead3804aa92c8359e141f6185,PATTERN_BASE,PATTERN_BASE,patternkv_paper,547fd5d9f640c5c3,12,42,0,12042,aime25:p12:s0,822a4c6ec6a41f65151cbc731d9d4ce2bb7bbd0f2f39bd7622be1b99d28e0d9d,fd9591b94114b7e9172e5d8dec8bca1b,ba8692ed86b71a40ab3599135a7c18f6,68dec8c216bba752,bench/aime_answer_parser.py:a7ab4395529caaa2cfcd9cb5203a2dd00723ac90fcd96d12bea77494b416b234,204,54,False,boxed,,6674,4df4c00f4604f528be103902e9763dee0dd3c1a8196c50fc97e5bfdb4f5d1458,3c6fdcf3b47a63bf76221f8d46e110d8e99216c2ef7fd19e59230fc8033de4d3,eos,True,False,False,False,False,/home/qinch2023/v100_aime24_aime25_quality_work/Bounded-pattrenKV-method/results/aime25_full_causal25_quality_v100/formal/PATTERN_BASE/seed42/p12.json,74fe299fa2944f4abd77564441bc5f05a9e95f38cd7ba80ad6a970ffd64f2298,aime25_full_causal25_quality_v100_formal,fb8a77b673acfff3,fe834cd7e99a06f2aec37bfb6c74173ad7fee7c9,1,Tesla V100-SXM2-32GB,2026-08-23T15:17:29.913217+00:00,2,2,128,0,128,128,base_v2,0.0,0.0,segmented_rolling,deepseek_r1_recommended,PATTERN_BASE:seed42:p12
aime25,DeepSeek-R1-Distill-Llama-8B,6af5ef5a437b77f7fb395930f430a9a266efaa5ead3804aa92c8359e141f6185,PATTERN_BASE,PATTERN_BASE,patternkv_paper,547fd5d9f640c5c3,12,43,0,12043,aime25:p12:s0,822a4c6ec6a41f65151cbc731d9d4ce2bb7bbd0f2f39bd7622be1b99d28e0d9d,fd9591b94114b7e9172e5d8dec8bca1b,ba8692ed86b71a40ab3599135a7c18f6,68dec8c216bba752,bench/aime_answer_parser.py:a7ab4395529caaa2cfcd9cb5203a2dd00723ac90fcd96d12bea77494b416b234,204,146,False,boxed,,13168,69fc12c478712fcca54e9182b9b2996a07452062ec47ba6fcd0901c443e72e56,fd098dc5c332ac6096ed49eee6d989b5a83f00fb3842ead0fe792c210a6affb0,eos,True,False,False,False,False,/home/qinch2023/v100_aime24_aime25_quality_work/Bounded-pattrenKV-method/results/aime25_full_causal25_quality_v100/formal/PATTERN_BASE/seed43/p12.json,1dfa879e93e278b7bde7b005c30dc7d50d9180f73e19e7e8b648698c05472e1d,aime25_full_causal25_quality_v100_formal,fb8a77b673acfff3,fe834cd7e99a06f2aec37bfb6c74173ad7fee7c9,1,Tesla V100-SXM2-32GB,2026-08-23T16:51:57.371443+00:00,2,2,128,0,128,128,base_v2,0.0,0.0,segmented_rolling,deepseek_r1_recommended,PATTERN_BASE:seed43:p12
aime25,DeepSeek-R1-Distill-Llama-8B,6af5ef5a437b77f7fb395930f430a9a266efaa5ead3804aa92c8359e141f6185,PATTERN_BASE,PATTERN_BASE,patternkv_paper,547fd5d9f640c5c3,12,44,0,12044,aime25:p12:s0,822a4c6ec6a41f65151cbc731d9d4ce2bb7bbd0f2f39bd7622be1b99d28e0d9d,fd9591b94114b7e9172e5d8dec8bca1b,ba8692ed86b71a40ab3599135a7c18f6,68dec8c216bba752,bench/aime_answer_parser.py:a7ab4395529caaa2cfcd9cb5203a2dd00723ac90fcd96d12bea77494b416b234,204,24,False,boxed,,13493,83dde69423368baa3108bb9a8cfa546b4dfa2a605cf9bb61fac2eef86123a654,d9885ebbfb21ebc14e0f2c418171343d85d18406a31f3a84158d6b9af29790d4,eos,True,False,False,False,False,/home/qinch2023/v100_aime24_aime25_quality_work/Bounded-pattrenKV-method/results/aime25_full_causal25_quality_v100/formal/PATTERN_BASE/seed44/p12.json,6b1a7ee242dbb0848f292254eba288a78d6535a807dba4489818cd715478042e,aime25_full_causal25_quality_v100_formal,fb8a77b673acfff3,fe834cd7e99a06f2aec37bfb6c74173ad7fee7c9,1,Tesla V100-SXM2-32GB,2026-08-23T18:28:22.656769+00:00,2,2,128,0,128,128,base_v2,0.0,0.0,segmented_rolling,deepseek_r1_recommended,PATTERN_BASE:seed44:p12
aime25,DeepSeek-R1-Distill-Llama-8B,6af5ef5a437b77f7fb395930f430a9a266efaa5ead3804aa92c8359e141f6185,PATTERN_BASE,PATTERN_BASE,patternkv_paper,547fd5d9f640c5c3,13,42,0,13042,aime25:p13:s0,822a4c6ec6a41f65151cbc731d9d4ce2bb7bbd0f2f39bd7622be1b99d28e0d9d,8b9fd09c7613cbd09c39c7a7d58d3bed,b0b53f6ebe1c861f8a39a672489a18bc,68dec8c216bba752,bench/aime_answer_parser.py:a7ab4395529caaa2cfcd9cb5203a2dd00723ac90fcd96d12bea77494b416b234,60,63,False,boxed,,14942,67a8a721d7caf246f5c47a0e2ca4648fb2d56655ada07f24fca4b994f3345ec3,2ad1bce95053ffb0cf1a1f354e8218f816c81b276fa56cb0eb40f70a111275ce,eos,True,False,False,False,False,/home/qinch2023/v100_aime24_aime25_quality_work/Bounded-pattrenKV-method/results/aime25_full_causal25_quality_v100/formal/PATTERN_BASE/seed42/p13.json,15a76bb82e1ce13e74a8698b3d8aa89bf8682910062c9747e7cf5b0fa2465b20,aime25_full_causal25_quality_v100_formal,fb8a77b673acfff3,fe834cd7e99a06f2aec37bfb6c74173ad7fee7c9,1,Tesla V100-SXM2-32GB,2026-08-23T20:21:39.254099+00:00,2,2,128,0,128,128,base_v2,0.0,0.0,segmented_rolling,deepseek_r1_recommended,PATTERN_BASE:seed42:p13
aime25,DeepSeek-R1-Distill-Llama-8B,6af5ef5a437b77f7fb395930f430a9a266efaa5ead3804aa92c8359e141f6185,PATTERN_BASE,PATTERN_BASE,patternkv_paper,547fd5d9f640c5c3,13,43,0,13043,aime25:p13:s0,822a4c6ec6a41f65151cbc731d9d4ce2bb7bbd0f2f39bd7622be1b99d28e0d9d,8b9fd09c7613cbd09c39c7a7d58d3bed,b0b53f6ebe1c861f8a39a672489a18bc,68dec8c216bba752,bench/aime_answer_parser.py:a7ab4395529caaa2cfcd9cb5203a2dd00723ac90fcd96d12bea77494b416b234,60,,False,failure,,32768,f622be95eac4585b986a6ab5586ac7a1acc6e25d5a77d2d5ee5526b3d5d65f86,623e7c8d13e989b36f650018f42699535152478d7aa95d253ab143a9a03a19a8,length,False,True,True,False,False,/home/qinch2023/v100_aime24_aime25_quality_work/Bounded-pattrenKV-method/results/aime25_full_causal25_quality_v100/formal/PATTERN_BASE/seed43/p13.json,968b88ffbd8f444f6cb815767b79fe0a6dd202d16d07df1db1708cd51ca60299,aime25_full_causal25_quality_v100_formal,fb8a77b673acfff3,fe834cd7e99a06f2aec37bfb6c74173ad7fee7c9,1,Tesla V100-SXM2-32GB,2026-08-24T03:06:23.352470+00:00,2,2,128,0,128,128,base_v2,0.0,0.0,segmented_rolling,deepseek_r1_recommended,PATTERN_BASE:seed43:p13
aime25,DeepSeek-R1-Distill-Llama-8B,6af5ef5a437b77f7fb395930f430a9a266efaa5ead3804aa92c8359e141f6185,PATTERN_BASE,PATTERN_BASE,patternkv_paper,547fd5d9f640c5c3,13,44,0,13044,aime25:p13:s0,822a4c6ec6a41f65151cbc731d9d4ce2bb7bbd0f2f39bd7622be1b99d28e0d9d,8b9fd09c7613cbd09c39c7a7d58d3bed,b0b53f6ebe1c861f8a39a672489a18bc,68dec8c216bba752,bench/aime_answer_parser.py:a7ab4395529caaa2cfcd9cb5203a2dd00723ac90fcd96d12bea77494b416b234,60,54,False,boxed,,14044,50b77f655a98404f7d890403e59d94489ca0b26d352be9607b7f24a0eb3da655,10448618c0cf558a35755128fdbdcfdf0b6b3d958d95d0f0172a5204180b8653,eos,True,False,False,False,False,/home/qinch2023/v100_aime24_aime25_quality_work/Bounded-pattrenKV-method/results/aime25_full_causal25_quality_v100/formal/PATTERN_BASE/seed44/p13.json,bcf327d9387e24b5fa464afe90e2ed2205f973bfedede0c8e9e741428832a6a1,aime25_full_causal25_quality_v100_formal,fb8a77b673acfff3,fe834cd7e99a06f2aec37bfb6c74173ad7fee7c9,1,Tesla V100-SXM2-32GB,2026-08-24T04:50:44.725465+00:00,2,2,128,0,128,128,base_v2,0.0,0.0,segmented_rolling,deepseek_r1_recommended,PATTERN_BASE:seed44:p13
aime25,DeepSeek-R1-Distill-Llama-8B,6af5ef5a437b77f7fb395930f430a9a266efaa5ead3804aa92c8359e141f6185,PATTERN_BASE,PATTERN_BASE,patternkv_paper,547fd5d9f640c5c3,14,42,0,14042,aime25:p14:s0,822a4c6ec6a41f65151cbc731d9d4ce2bb7bbd0f2f39bd7622be1b99d28e0d9d,1c4e447bb7b97df2a0d3d87c6abf4cd2,b395f5cd385ad3807f97c5251bb6892b,68dec8c216bba752,bench/aime_answer_parser.py:a7ab4395529caaa2cfcd9cb5203a2dd00723ac90fcd96d12bea77494b416b234,735,683,False,boxed,,11498,d940369d85e6b574dbe90b5b06b6ee8521ad087cf3251a1f2373b519a4f185dc,319d4f33d227650672ef8e7e769fa97208de37be3fe5e6a5481bac41e2e4908b,eos,True,False,False,False,False,/home/qinch2023/v100_aime24_aime25_quality_work/Bounded-pattrenKV-method/results/aime25_full_causal25_quality_v100/formal/PATTERN_BASE/seed42/p14.json,b16569e13aa550869ff0d862923c7651d594bba5b464b09ee196e68729c4d29a,aime25_full_causal25_quality_v100_formal,fb8a77b673acfff3,fe834cd7e99a06f2aec37bfb6c74173ad7fee7c9,1,Tesla V100-SXM2-32GB,2026-08-24T06:07:35.389988+00:00,2,2,128,0,128,128,base_v2,0.0,0.0,segmented_rolling,deepseek_r1_recommended,PATTERN_BASE:seed42:p14
aime25,DeepSeek-R1-Distill-Llama-8B,6af5ef5a437b77f7fb395930f430a9a266efaa5ead3804aa92c8359e141f6185,PATTERN_BASE,PATTERN_BASE,patternkv_paper,547fd5d9f640c5c3,14,43,0,14043,aime25:p14:s0,822a4c6ec6a41f65151cbc731d9d4ce2bb7bbd0f2f39bd7622be1b99d28e0d9d,1c4e447bb7b97df2a0d3d87c6abf4cd2,b395f5cd385ad3807f97c5251bb6892b,68dec8c216bba752,bench/aime_answer_parser.py:a7ab4395529caaa2cfcd9cb5203a2dd00723ac90fcd96d12bea77494b416b234,735,683,False,boxed,,13306,3b8e8e5e5ac34567f402db021cd9ca1be5efa3504f1d96d063a7333092fa0e2b,9c5eede1a61333065917a899aa6d40b2e4af4d13b40cc6379100c61f24772809,eos,True,False,False,False,False,/home/qinch2023/v100_aime24_aime25_quality_work/Bounded-pattrenKV-method/results/aime25_full_causal25_quality_v100/formal/PATTERN_BASE/seed43/p14.json,77930f7a95f36854355d0b462f0413aaaf6de2eef43c56d6b04e87bd99cba767,aime25_full_causal25_quality_v100_formal,fb8a77b673acfff3,fe834cd7e99a06f2aec37bfb6c74173ad7fee7c9,1,Tesla V100-SXM2-32GB,2026-08-24T07:42:32.192308+00:00,2,2,128,0,128,128,base_v2,0.0,0.0,segmented_rolling,deepseek_r1_recommended,PATTERN_BASE:seed43:p14
aime25,DeepSeek-R1-Distill-Llama-8B,6af5ef5a437b77f7fb395930f430a9a266efaa5ead3804aa92c8359e141f6185,PATTERN_BASE,PATTERN_BASE,patternkv_paper,547fd5d9f640c5c3,14,44,0,14044,aime25:p14:s0,822a4c6ec6a41f65151cbc731d9d4ce2bb7bbd0f2f39bd7622be1b99d28e0d9d,1c4e447bb7b97df2a0d3d87c6abf4cd2,b395f5cd385ad3807f97c5251bb6892b,68dec8c216bba752,bench/aime_answer_parser.py:a7ab4395529caaa2cfcd9cb5203a2dd00723ac90fcd96d12bea77494b416b234,735,187,False,boxed,,16371,232a454be2508e2a68e6591d89161391a3f129b5075ac4aefccfc05476c7f9c3,03381d912d5ac92db797e004e72388a5329acf582813569281a2608e7cf3d27f,eos,True,False,False,False,False,/home/qinch2023/v100_aime24_aime25_quality_work/Bounded-pattrenKV-method/results/aime25_full_causal25_quality_v100/formal/PATTERN_BASE/seed44/p14.json,f53216664b631eac11d2214a306ed4784ac37a3bdf2e34cd331eaf5312116a44,aime25_full_causal25_quality_v100_formal,fb8a77b673acfff3,fe834cd7e99a06f2aec37bfb6c74173ad7fee7c9,1,Tesla V100-SXM2-32GB,2026-08-24T09:52:13.794297+00:00,2,2,128,0,128,128,base_v2,0.0,0.0,segmented_rolling,deepseek_r1_recommended,PATTERN_BASE:seed44:p14
aime25,DeepSeek-R1-Distill-Llama-8B,6af5ef5a437b77f7fb395930f430a9a266efaa5ead3804aa92c8359e141f6185,PATTERN_BASE,PATTERN_BASE,patternkv_paper,547fd5d9f640c5c3,15,42,0,15042,aime25:p15:s0,822a4c6ec6a41f65151cbc731d9d4ce2bb7bbd0f2f39bd7622be1b99d28e0d9d,ac5db4324777e078cf6bc1992b10f2c5,77102177475600544e1691e298952a93,68dec8c216bba752,bench/aime_answer_parser.py:a7ab4395529caaa2cfcd9cb5203a2dd00723ac90fcd96d12bea77494b416b234,468,468,True,boxed,,3337,9d78a4e68b7168cdeb97062ef2e70d1c71ad12ca1b74fa4ea0a92840ac0b9ade,98c10b96eae8e689079cf1e1c99520a7c0ed167a6f67e06560d2705062eee561,eos,True,False,False,False,False,/home/qinch2023/v100_aime24_aime25_quality_work/Bounded-pattrenKV-method/results/aime25_full_causal25_quality_v100/formal/PATTERN_BASE/seed42/p15.json,1ca7df4cb9b83f5e11d0daa0f03c5e871efb5b979544f967dd01b61ac72c3f9b,aime25_full_causal25_quality_v100_formal,fb8a77b673acfff3,fe834cd7e99a06f2aec37bfb6c74173ad7fee7c9,1,Tesla V100-SXM2-32GB,2026-08-24T10:07:32.186232+00:00,2,2,128,0,128,128,base_v2,0.0,0.0,segmented_rolling,deepseek_r1_recommended,PATTERN_BASE:seed42:p15
aime25,DeepSeek-R1-Distill-Llama-8B,6af5ef5a437b77f7fb395930f430a9a266efaa5ead3804aa92c8359e141f6185,PATTERN_BASE,PATTERN_BASE,patternkv_paper,547fd5d9f640c5c3,15,43,0,15043,aime25:p15:s0,822a4c6ec6a41f65151cbc731d9d4ce2bb7bbd0f2f39bd7622be1b99d28e0d9d,ac5db4324777e078cf6bc1992b10f2c5,77102177475600544e1691e298952a93,68dec8c216bba752,bench/aime_answer_parser.py:a7ab4395529caaa2cfcd9cb5203a2dd00723ac90fcd96d12bea77494b416b234,468,468,True,boxed,,4700,ddd39a8059ec574576a29c945ce236da0f329d4c73f190ebfc5e9ebae5130af0,1aefb3de37b3188f5586c7184490283c58a23b29506385e3ed1d1b373a518fd0,eos,True,False,False,False,False,/home/qinch2023/v100_aime24_aime25_quality_work/Bounded-pattrenKV-method/results/aime25_full_causal25_quality_v100/formal/PATTERN_BASE/seed43/p15.json,2be07d04f1c5c1542cb8d5e5712042c5cb7708b4238e0c56e7b3f7810ec895eb,aime25_full_causal25_quality_v100_formal,fb8a77b673acfff3,fe834cd7e99a06f2aec37bfb6c74173ad7fee7c9,1,Tesla V100-SXM2-32GB,2026-08-24T10:30:52.301106+00:00,2,2,128,0,128,128,base_v2,0.0,0.0,segmented_rolling,deepseek_r1_recommended,PATTERN_BASE:seed43:p15
aime25,DeepSeek-R1-Distill-Llama-8B,6af5ef5a437b77f7fb395930f430a9a266efaa5ead3804aa92c8359e141f6185,PATTERN_BASE,PATTERN_BASE,patternkv_paper,547fd5d9f640c5c3,15,44,0,15044,aime25:p15:s0,822a4c6ec6a41f65151cbc731d9d4ce2bb7bbd0f2f39bd7622be1b99d28e0d9d,ac5db4324777e078cf6bc1992b10f2c5,77102177475600544e1691e298952a93,68dec8c216bba752,bench/aime_answer_parser.py:a7ab4395529caaa2cfcd9cb5203a2dd00723ac90fcd96d12bea77494b416b234,468,468,True,boxed,,4732,208c042740026dc12a2548254877adbad5a0f0efe051d955578c6bbf5ffa5c06,2ad851901e1e3a1cadf99478d0248a3cf7e39b36a67d3192cd4613a7403268dc,eos,True,False,False,False,False,/home/qinch2023/v100_aime24_aime25_quality_work/Bounded-pattrenKV-method/results/aime25_full_causal25_quality_v100/formal/PATTERN_BASE/seed44/p15.json,6a601b9ca8d082bedb3f0bf30ec2a71909f016a6baec666b0f1b09ec915d1a98,aime25_full_causal25_quality_v100_formal,fb8a77b673acfff3,fe834cd7e99a06f2aec37bfb6c74173ad7fee7c9,1,Tesla V100-SXM2-32GB,2026-08-24T10:54:18.805992+00:00,2,2,128,0,128,128,base_v2,0.0,0.0,segmented_rolling,deepseek_r1_recommended,PATTERN_BASE:seed44:p15
aime25,DeepSeek-R1-Distill-Llama-8B,6af5ef5a437b77f7fb395930f430a9a266efaa5ead3804aa92c8359e141f6185,PATTERN_BASE,PATTERN_BASE,patternkv_paper,547fd5d9f640c5c3,16,42,0,16042,aime25:p16:s0,822a4c6ec6a41f65151cbc731d9d4ce2bb7bbd0f2f39bd7622be1b99d28e0d9d,5489657fa217a6e2c58f53b13dc7ff79,322e6fda2eed0a36b07b77678d3f91ed,68dec8c216bba752,bench/aime_answer_parser.py:a7ab4395529caaa2cfcd9cb5203a2dd00723ac90fcd96d12bea77494b416b234,49,49,True,boxed,,3504,82cedac6c1d18cfc91a50dd4cd781a2283fb7c4db0a1b2b35d5f6c3614dfb854,fcce4517b1e014edabd94b1aeb6eb738f3e872c1f61fb2a03f291035561b6620,eos,True,False,False,False,False,/home/qinch2023/v100_aime24_aime25_quality_work/Bounded-pattrenKV-method/results/aime25_full_causal25_quality_v100/formal/PATTERN_BASE/seed42/p16.json,7c2dd89d7cfb54efdb98e563e530d4f60de99e675380e447acbbc43da4011e0c,aime25_full_causal25_quality_v100_formal,fb8a77b673acfff3,fe834cd7e99a06f2aec37bfb6c74173ad7fee7c9,1,Tesla V100-SXM2-32GB,2026-08-24T11:10:24.284944+00:00,2,2,128,0,128,128,base_v2,0.0,0.0,segmented_rolling,deepseek_r1_recommended,PATTERN_BASE:seed42:p16
aime25,DeepSeek-R1-Distill-Llama-8B,6af5ef5a437b77f7fb395930f430a9a266efaa5ead3804aa92c8359e141f6185,PATTERN_BASE,PATTERN_BASE,patternkv_paper,547fd5d9f640c5c3,16,43,0,16043,aime25:p16:s0,822a4c6ec6a41f65151cbc731d9d4ce2bb7bbd0f2f39bd7622be1b99d28e0d9d,5489657fa217a6e2c58f53b13dc7ff79,322e6fda2eed0a36b07b77678d3f91ed,68dec8c216bba752,bench/aime_answer_parser.py:a7ab4395529caaa2cfcd9cb5203a2dd00723ac90fcd96d12bea77494b416b234,49,49,True,boxed,,5246,1a8065495316e7f6e9431c2216447738c99901bd37d94c41ebf98e94adae913e,0821d69d11b6a24b575ed4283c12b11adba358b04a5e756461eb85bb54204e57,eos,True,False,False,False,False,/home/qinch2023/v100_aime24_aime25_quality_work/Bounded-pattrenKV-method/results/aime25_full_causal25_quality_v100/formal/PATTERN_BASE/seed43/p16.json,a8eef4b505d6fa05fd54f8c4d48df823cb2372998f511d5ada3117513af5908f,aime25_full_causal25_quality_v100_formal,fb8a77b673acfff3,fe834cd7e99a06f2aec37bfb6c74173ad7fee7c9,1,Tesla V100-SXM2-32GB,2026-08-24T11:36:50.602126+00:00,2,2,128,0,128,128,base_v2,0.0,0.0,segmented_rolling,deepseek_r1_recommended,PATTERN_BASE:seed43:p16
aime25,DeepSeek-R1-Distill-Llama-8B,6af5ef5a437b77f7fb395930f430a9a266efaa5ead3804aa92c8359e141f6185,PATTERN_BASE,PATTERN_BASE,patternkv_paper,547fd5d9f640c5c3,16,44,0,16044,aime25:p16:s0,822a4c6ec6a41f65151cbc731d9d4ce2bb7bbd0f2f39bd7622be1b99d28e0d9d,5489657fa217a6e2c58f53b13dc7ff79,322e6fda2eed0a36b07b77678d3f91ed,68dec8c216bba752,bench/aime_answer_parser.py:a7ab4395529caaa2cfcd9cb5203a2dd00723ac90fcd96d12bea77494b416b234,49,0,False,tail_integer,,32768,296301b52ad52c7a2c345483b5cb1d8dac1bb978ecce76fdca8b6341736f4b6e,8a3c2709499988f438922d92b1ea8392d29bee1f67a757573eb4bd5987ca58ed,length,False,True,True,False,False,/home/qinch2023/v100_aime24_aime25_quality_work/Bounded-pattrenKV-method/results/aime25_full_causal25_quality_v100/formal/PATTERN_BASE/seed44/p16.json,9e57a81b4503a48ded7b5ba7d03956260549310669189dbd250c4d4adf2d981c,aime25_full_causal25_quality_v100_formal,fb8a77b673acfff3,fe834cd7e99a06f2aec37bfb6c74173ad7fee7c9,1,Tesla V100-SXM2-32GB,2026-08-24T18:18:42.917807+00:00,2,2,128,0,128,128,base_v2,0.0,0.0,segmented_rolling,deepseek_r1_recommended,PATTERN_BASE:seed44:p16
aime25,DeepSeek-R1-Distill-Llama-8B,6af5ef5a437b77f7fb395930f430a9a266efaa5ead3804aa92c8359e141f6185,PATTERN_BASE,PATTERN_BASE,patternkv_paper,547fd5d9f640c5c3,17,42,0,17042,aime25:p17:s0,822a4c6ec6a41f65151cbc731d9d4ce2bb7bbd0f2f39bd7622be1b99d28e0d9d,1739d81e64e9035c74d65b45922370eb,ae05a32fc840fc96073443d651a4ba38,68dec8c216bba752,bench/aime_answer_parser.py:a7ab4395529caaa2cfcd9cb5203a2dd00723ac90fcd96d12bea77494b416b234,82,6,False,boxed,,17592,308ac9a9e89cfd75e545f26f29e3e634e3adb3acbc65d13e97b8b53350225c4e,cba14728ff53ec4c00279a5f4a6d4f7ceda59b762a56a8a776df8f61e75d34b9,eos,True,False,False,False,False,/home/qinch2023/v100_aime24_aime25_quality_work/Bounded-pattrenKV-method/results/aime25_full_causal25_quality_v100/formal/PATTERN_BASE/seed42/p17.json,dcbbbb876eba66619393f2d21bbb5bfe532942b93bc7088b31f3fdc8342df970,aime25_full_causal25_quality_v100_formal,fb8a77b673acfff3,fe834cd7e99a06f2aec37bfb6c74173ad7fee7c9,3,Tesla V100-SXM2-32GB,2026-08-24T15:33:29.082531+00:00,2,2,128,0,128,128,base_v2,0.0,0.0,segmented_rolling,deepseek_r1_recommended,PATTERN_BASE:seed42:p17
aime25,DeepSeek-R1-Distill-Llama-8B,6af5ef5a437b77f7fb395930f430a9a266efaa5ead3804aa92c8359e141f6185,PATTERN_BASE,PATTERN_BASE,patternkv_paper,547fd5d9f640c5c3,17,43,0,17043,aime25:p17:s0,822a4c6ec6a41f65151cbc731d9d4ce2bb7bbd0f2f39bd7622be1b99d28e0d9d,1739d81e64e9035c74d65b45922370eb,ae05a32fc840fc96073443d651a4ba38,68dec8c216bba752,bench/aime_answer_parser.py:a7ab4395529caaa2cfcd9cb5203a2dd00723ac90fcd96d12bea77494b416b234,82,256,False,boxed,,15334,8c80a2dcf9b840f5d9cd7234b1cd9fa509344a9aee29d2cb22cd43cc0085f4d0,2e36b487c9577c36cc152d1b24ab3c29efd371c59defb6931ef3a3d82fc9dac8,eos,True,False,False,False,False,/home/qinch2023/v100_aime24_aime25_quality_work/Bounded-pattrenKV-method/results/aime25_full_causal25_quality_v100/formal/PATTERN_BASE/seed43/p17.json,0a32acda8c9b0a4fcdbc5d2917e698240cacaf614db57f5be24c476f97079c50,aime25_full_causal25_quality_v100_formal,fb8a77b673acfff3,fe834cd7e99a06f2aec37bfb6c74173ad7fee7c9,0,Tesla V100-SXM2-32GB,2026-08-24T15:25:35.813101+00:00,2,2,128,0,128,128,base_v2,0.0,0.0,segmented_rolling,deepseek_r1_recommended,PATTERN_BASE:seed43:p17
aime25,DeepSeek-R1-Distill-Llama-8B,6af5ef5a437b77f7fb395930f430a9a266efaa5ead3804aa92c8359e141f6185,PATTERN_BASE,PATTERN_BASE,patternkv_paper,547fd5d9f640c5c3,17,44,0,17044,aime25:p17:s0,822a4c6ec6a41f65151cbc731d9d4ce2bb7bbd0f2f39bd7622be1b99d28e0d9d,1739d81e64e9035c74d65b45922370eb,ae05a32fc840fc96073443d651a4ba38,68dec8c216bba752,bench/aime_answer_parser.py:a7ab4395529caaa2cfcd9cb5203a2dd00723ac90fcd96d12bea77494b416b234,82,6,False,boxed,,16391,aa83689e7dfdd54e439dd451ad72aa43733b220fd36e7a2bf1b36fa1bb43580f,2f36ab26a56254dc79c8c5562107d0de73830950aeba2258a9b49fb3a883fcdc,eos,True,False,False,False,False,/home/qinch2023/v100_aime24_aime25_quality_work/Bounded-pattrenKV-method/results/aime25_full_causal25_quality_v100/formal/PATTERN_BASE/seed44/p17.json,4dc810baed9c4fadceb79d2944a332cbfecac6c1c4406a1a5a12a554acc9769f,aime25_full_causal25_quality_v100_formal,fb8a77b673acfff3,fe834cd7e99a06f2aec37bfb6c74173ad7fee7c9,2,Tesla V100-SXM2-32GB,2026-08-24T16:31:22.619132+00:00,2,2,128,0,128,128,base_v2,0.0,0.0,segmented_rolling,deepseek_r1_recommended,PATTERN_BASE:seed44:p17
aime25,DeepSeek-R1-Distill-Llama-8B,6af5ef5a437b77f7fb395930f430a9a266efaa5ead3804aa92c8359e141f6185,PATTERN_BASE,PATTERN_BASE,patternkv_paper,547fd5d9f640c5c3,18,42,0,18042,aime25:p18:s0,822a4c6ec6a41f65151cbc731d9d4ce2bb7bbd0f2f39bd7622be1b99d28e0d9d,b537573bc7f840bbb1cab4a394a986be,c0a192be0f044f66739140190632d6a2,68dec8c216bba752,bench/aime_answer_parser.py:a7ab4395529caaa2cfcd9cb5203a2dd00723ac90fcd96d12bea77494b416b234,106,5,False,tail_integer,,7569,9ab2900b62c9bd9012db072038a8decce7d3c12814f0c35b5ac1a2dc753926bd,b293d4617f02619ca1557f453888f8ea719ae05e6531402b99c11702acb8311d,eos,True,False,False,False,False,/home/qinch2023/v100_aime24_aime25_quality_work/Bounded-pattrenKV-method/results/aime25_full_causal25_quality_v100/formal/PATTERN_BASE/seed42/p18.json,902ac72ea36744fd649038eb9ba431e75094d73ecfb76e508f4718fc77f3b293,aime25_full_causal25_quality_v100_formal,fb8a77b673acfff3,fe834cd7e99a06f2aec37bfb6c74173ad7fee7c9,0,Tesla V100-SXM2-32GB,2026-08-24T16:07:41.679776+00:00,2,2,128,0,128,128,base_v2,0.0,0.0,segmented_rolling,deepseek_r1_recommended,PATTERN_BASE:seed42:p18
aime25,DeepSeek-R1-Distill-Llama-8B,6af5ef5a437b77f7fb395930f430a9a266efaa5ead3804aa92c8359e141f6185,PATTERN_BASE,PATTERN_BASE,patternkv_paper,547fd5d9f640c5c3,18,43,0,18043,aime25:p18:s0,822a4c6ec6a41f65151cbc731d9d4ce2bb7bbd0f2f39bd7622be1b99d28e0d9d,b537573bc7f840bbb1cab4a394a986be,c0a192be0f044f66739140190632d6a2,68dec8c216bba752,bench/aime_answer_parser.py:a7ab4395529caaa2cfcd9cb5203a2dd00723ac90fcd96d12bea77494b416b234,106,995,False,boxed,,5347,abb1e7a2df41a64935a14fe46049c8caecc7237a6e341ab9cd524d56796f62fe,1b4b4fcd2b14e4cd7a8fb7601e79ec5d06532addd8d811bf084937622b3baf97,eos,True,False,False,False,False,/home/qinch2023/v100_aime24_aime25_quality_work/Bounded-pattrenKV-method/results/aime25_full_causal25_quality_v100/formal/PATTERN_BASE/seed43/p18.json,6ee128e76c02f18edb5476f5c4031f2faaa268ba41a6c848bbb3809fd0d73189,aime25_full_causal25_quality_v100_formal,fb8a77b673acfff3,fe834cd7e99a06f2aec37bfb6c74173ad7fee7c9,3,Tesla V100-SXM2-32GB,2026-08-24T15:59:51.759427+00:00,2,2,128,0,128,128,base_v2,0.0,0.0,segmented_rolling,deepseek_r1_recommended,PATTERN_BASE:seed43:p18
aime25,DeepSeek-R1-Distill-Llama-8B,6af5ef5a437b77f7fb395930f430a9a266efaa5ead3804aa92c8359e141f6185,PATTERN_BASE,PATTERN_BASE,patternkv_paper,547fd5d9f640c5c3,18,44,0,18044,aime25:p18:s0,822a4c6ec6a41f65151cbc731d9d4ce2bb7bbd0f2f39bd7622be1b99d28e0d9d,b537573bc7f840bbb1cab4a394a986be,c0a192be0f044f66739140190632d6a2,68dec8c216bba752,bench/aime_answer_parser.py:a7ab4395529caaa2cfcd9cb5203a2dd00723ac90fcd96d12bea77494b416b234,106,106,True,boxed,,4759,0dd66c1ea03edaad9fc3d1ef3174937219cc8a4d915087b8b76dbcbc3e0c4bd4,bd9591bcd96bbd2ef7dcc96850cc052650e227d13dfdde5ab50899d51d5419e1,eos,True,False,False,False,False,/home/qinch2023/v100_aime24_aime25_quality_work/Bounded-pattrenKV-method/results/aime25_full_causal25_quality_v100/formal/PATTERN_BASE/seed44/p18.json,35b1aaa53aa14ac4e6bbcf1989647da44c2dd44dad7b4e395541a705cccd8fe3,aime25_full_causal25_quality_v100_formal,fb8a77b673acfff3,fe834cd7e99a06f2aec37bfb6c74173ad7fee7c9,3,Tesla V100-SXM2-32GB,2026-08-24T16:22:38.655995+00:00,2,2,128,0,128,128,base_v2,0.0,0.0,segmented_rolling,deepseek_r1_recommended,PATTERN_BASE:seed44:p18
aime25,DeepSeek-R1-Distill-Llama-8B,6af5ef5a437b77f7fb395930f430a9a266efaa5ead3804aa92c8359e141f6185,PATTERN_BASE,PATTERN_BASE,patternkv_paper,547fd5d9f640c5c3,19,42,0,19042,aime25:p19:s0,822a4c6ec6a41f65151cbc731d9d4ce2bb7bbd0f2f39bd7622be1b99d28e0d9d,235ed25efc6f649672d67562fd906dee,f78e2c53e939fe0f18938bf711c5478c,68dec8c216bba752,bench/aime_answer_parser.py:a7ab4395529caaa2cfcd9cb5203a2dd00723ac90fcd96d12bea77494b416b234,336,180,False,boxed,,17823,effea40a4426722e47f8991bd0ffdffdf186ef94df9a280812c429713f5dc13f,20c0c537808b14eebaf64d596cf108db2f4042c4b5562decd8c70dc946e96637,eos,True,False,False,False,False,/home/qinch2023/v100_aime24_aime25_quality_work/Bounded-pattrenKV-method/results/aime25_full_causal25_quality_v100/formal/PATTERN_BASE/seed42/p19.json,b28dc068e198f3d0a5b06688bd2ac3a409178e38779cf047b1cf86d7a8796b0f,aime25_full_causal25_quality_v100_formal,fb8a77b673acfff3,fe834cd7e99a06f2aec37bfb6c74173ad7fee7c9,0,Tesla V100-SXM2-32GB,2026-08-24T18:28:16.694259+00:00,2,2,128,0,128,128,base_v2,0.0,0.0,segmented_rolling,deepseek_r1_recommended,PATTERN_BASE:seed42:p19
aime25,DeepSeek-R1-Distill-Llama-8B,6af5ef5a437b77f7fb395930f430a9a266efaa5ead3804aa92c8359e141f6185,PATTERN_BASE,PATTERN_BASE,patternkv_paper,547fd5d9f640c5c3,19,43,0,19043,aime25:p19:s0,822a4c6ec6a41f65151cbc731d9d4ce2bb7bbd0f2f39bd7622be1b99d28e0d9d,235ed25efc6f649672d67562fd906dee,f78e2c53e939fe0f18938bf711c5478c,68dec8c216bba752,bench/aime_answer_parser.py:a7ab4395529caaa2cfcd9cb5203a2dd00723ac90fcd96d12bea77494b416b234,336,360,False,tail_integer,,32768,31d1bb86fa1182c1e51949ef49daab1b82851ecd72ebcad7d95fc2a27490322f,ea095ea17865d910aaf799a7e179bea22f0c9e76242184a9ff4e1f26b4f7db0d,length,False,True,True,False,False,/home/qinch2023/v100_aime24_aime25_quality_work/Bounded-pattrenKV-method/results/aime25_full_causal25_quality_v100/formal/PATTERN_BASE/seed43/p19.json,ceb85fe232571447d4effbbdfbea0f9fb314fb71ba57160e0aa24cb29e1d12ea,aime25_full_causal25_quality_v100_formal,fb8a77b673acfff3,fe834cd7e99a06f2aec37bfb6c74173ad7fee7c9,3,Tesla V100-SXM2-32GB,2026-08-24T22:45:45.070144+00:00,2,2,128,0,128,128,base_v2,0.0,0.0,segmented_rolling,deepseek_r1_recommended,PATTERN_BASE:seed43:p19
aime25,DeepSeek-R1-Distill-Llama-8B,6af5ef5a437b77f7fb395930f430a9a266efaa5ead3804aa92c8359e141f6185,PATTERN_BASE,PATTERN_BASE,patternkv_paper,547fd5d9f640c5c3,19,44,0,19044,aime25:p19:s0,822a4c6ec6a41f65151cbc731d9d4ce2bb7bbd0f2f39bd7622be1b99d28e0d9d,235ed25efc6f649672d67562fd906dee,f78e2c53e939fe0f18938bf711c5478c,68dec8c216bba752,bench/aime_answer_parser.py:a7ab4395529caaa2cfcd9cb5203a2dd00723ac90fcd96d12bea77494b416b234,336,72,False,tail_integer,,32768,0bf2862b53d21c8eb40ad053ea142fda2a773d96b41fb0b813d89940be178401,063d7f200c32b5a5ad85608fcac5bfb719f9b8a2a5ff05888e966c05a9f9163a,length,False,True,True,False,False,/home/qinch2023/v100_aime24_aime25_quality_work/Bounded-pattrenKV-method/results/aime25_full_causal25_quality_v100/formal/PATTERN_BASE/seed44/p19.json,011763e5f41ea63e2fb985926228f9b8a2da8a1ebc99b56cb1c0606eb1b90170,aime25_full_causal25_quality_v100_formal,fb8a77b673acfff3,fe834cd7e99a06f2aec37bfb6c74173ad7fee7c9,2,Tesla V100-SXM2-32GB,2026-08-24T22:48:32.996925+00:00,2,2,128,0,128,128,base_v2,0.0,0.0,segmented_rolling,deepseek_r1_recommended,PATTERN_BASE:seed44:p19
aime25,DeepSeek-R1-Distill-Llama-8B,6af5ef5a437b77f7fb395930f430a9a266efaa5ead3804aa92c8359e141f6185,PATTERN_BASE,PATTERN_BASE,patternkv_paper,547fd5d9f640c5c3,20,42,0,20042,aime25:p20:s0,822a4c6ec6a41f65151cbc731d9d4ce2bb7bbd0f2f39bd7622be1b99d28e0d9d,b225455e223b4ffbceab77eef11ded51,38b8b9425473a3a732f143f2e8037ab1,68dec8c216bba752,bench/aime_answer_parser.py:a7ab4395529caaa2cfcd9cb5203a2dd00723ac90fcd96d12bea77494b416b234,293,293,True,boxed,,9471,b961902c5f541a11fd256aa963e7527952edfe927fbfd71d98c3b154b2943591,092e42e1dd2173a93287befc8529fc6bd8098f73fa99041faaa8af024c9b0376,eos,True,False,False,False,False,/home/qinch2023/v100_aime24_aime25_quality_work/Bounded-pattrenKV-method/results/aime25_full_causal25_quality_v100/formal/PATTERN_BASE/seed42/p20.json,e6bcb2d732edee688d704b44e58c9936e006bca67700ea8b6807a1c9fb84552a,aime25_full_causal25_quality_v100_formal,fb8a77b673acfff3,fe834cd7e99a06f2aec37bfb6c74173ad7fee7c9,1,Tesla V100-SXM2-32GB,2026-08-24T19:15:43.662983+00:00,2,2,128,0,128,128,base_v2,0.0,0.0,segmented_rolling,deepseek_r1_recommended,PATTERN_BASE:seed42:p20
aime25,DeepSeek-R1-Distill-Llama-8B,6af5ef5a437b77f7fb395930f430a9a266efaa5ead3804aa92c8359e141f6185,PATTERN_BASE,PATTERN_BASE,patternkv_paper,547fd5d9f640c5c3,20,43,0,20043,aime25:p20:s0,822a4c6ec6a41f65151cbc731d9d4ce2bb7bbd0f2f39bd7622be1b99d28e0d9d,b225455e223b4ffbceab77eef11ded51,38b8b9425473a3a732f143f2e8037ab1,68dec8c216bba752,bench/aime_answer_parser.py:a7ab4395529caaa2cfcd9cb5203a2dd00723ac90fcd96d12bea77494b416b234,293,293,True,boxed,,9793,e5c6693664cb8a07dcd194f8b1716116e925eacb58e7f28d84f259f9a31bfa88,0d28dc3449e1ea377066f6f4d784c29a94be77464b1087af7def69a08e3560b9,eos,True,False,False,False,False,/home/qinch2023/v100_aime24_aime25_quality_work/Bounded-pattrenKV-method/results/aime25_full_causal25_quality_v100/formal/PATTERN_BASE/seed43/p20.json,5149886945bb28b6a348f6b061f47f44d6cc1f7b2d50dc3a4cfc33b8c7d4d2d3,aime25_full_causal25_quality_v100_formal,fb8a77b673acfff3,fe834cd7e99a06f2aec37bfb6c74173ad7fee7c9,0,Tesla V100-SXM2-32GB,2026-08-24T19:28:02.501715+00:00,2,2,128,0,128,128,base_v2,0.0,0.0,segmented_rolling,deepseek_r1_recommended,PATTERN_BASE:seed43:p20
aime25,DeepSeek-R1-Distill-Llama-8B,6af5ef5a437b77f7fb395930f430a9a266efaa5ead3804aa92c8359e141f6185,PATTERN_BASE,PATTERN_BASE,patternkv_paper,547fd5d9f640c5c3,20,44,0,20044,aime25:p20:s0,822a4c6ec6a41f65151cbc731d9d4ce2bb7bbd0f2f39bd7622be1b99d28e0d9d,b225455e223b4ffbceab77eef11ded51,38b8b9425473a3a732f143f2e8037ab1,68dec8c216bba752,bench/aime_answer_parser.py:a7ab4395529caaa2cfcd9cb5203a2dd00723ac90fcd96d12bea77494b416b234,293,149,False,boxed,,8271,faaff25e58a3467f34bb316bc5a567203e81ab5e51744d182bb6dde86d0a453f,994418cab85c9ffbb68a0ec1f04ac551711252c80af44ef4e88b84580b03c0f3,eos,True,False,False,False,False,/home/qinch2023/v100_aime24_aime25_quality_work/Bounded-pattrenKV-method/results/aime25_full_causal25_quality_v100/formal/PATTERN_BASE/seed44/p20.json,9e63eb5f749c5a9f844ed8391c0f1a12b3f893336d2e86b360336ff29dd5ff85,aime25_full_causal25_quality_v100_formal,fb8a77b673acfff3,fe834cd7e99a06f2aec37bfb6c74173ad7fee7c9,1,Tesla V100-SXM2-32GB,2026-08-24T20:02:33.657136+00:00,2,2,128,0,128,128,base_v2,0.0,0.0,segmented_rolling,deepseek_r1_recommended,PATTERN_BASE:seed44:p20
aime25,DeepSeek-R1-Distill-Llama-8B,6af5ef5a437b77f7fb395930f430a9a266efaa5ead3804aa92c8359e141f6185,PATTERN_BASE,PATTERN_BASE,patternkv_paper,547fd5d9f640c5c3,21,42,0,21042,aime25:p21:s0,822a4c6ec6a41f65151cbc731d9d4ce2bb7bbd0f2f39bd7622be1b99d28e0d9d,bbd2b774f9db157293a12f8fb74cce7d,e20297ee50f73c0f40b6f6d98e417d67,68dec8c216bba752,bench/aime_answer_parser.py:a7ab4395529caaa2cfcd9cb5203a2dd00723ac90fcd96d12bea77494b416b234,237,237,True,boxed,,7959,8968ab1437f7dcefb3d23b12e4797c4d53858bd495460b6992f7e8a9f2c49ffe,367a05ad2b59ade2d3cbb5160e995f7b7b84d3bd5e2a1366d107a6289626e08c,eos,True,False,False,False,False,/home/qinch2023/v100_aime24_aime25_quality_work/Bounded-pattrenKV-method/results/aime25_full_causal25_quality_v100/formal/PATTERN_BASE/seed42/p21.json,95d5dc98648fc10dd2965fb31caf135d3e1fb7adc5c9caaedc32a4b97ddb122a,aime25_full_causal25_quality_v100_formal,fb8a77b673acfff3,fe834cd7e99a06f2aec37bfb6c74173ad7fee7c9,0,Tesla V100-SXM2-32GB,2026-08-24T20:11:21.521436+00:00,2,2,128,0,128,128,base_v2,0.0,0.0,segmented_rolling,deepseek_r1_recommended,PATTERN_BASE:seed42:p21
aime25,DeepSeek-R1-Distill-Llama-8B,6af5ef5a437b77f7fb395930f430a9a266efaa5ead3804aa92c8359e141f6185,PATTERN_BASE,PATTERN_BASE,patternkv_paper,547fd5d9f640c5c3,21,43,0,21043,aime25:p21:s0,822a4c6ec6a41f65151cbc731d9d4ce2bb7bbd0f2f39bd7622be1b99d28e0d9d,bbd2b774f9db157293a12f8fb74cce7d,e20297ee50f73c0f40b6f6d98e417d67,68dec8c216bba752,bench/aime_answer_parser.py:a7ab4395529caaa2cfcd9cb5203a2dd00723ac90fcd96d12bea77494b416b234,237,4,False,tail_integer,,6826,cdd55c238ab34b730895181a60ac1afa4c176465ff0b8677fb67ccc76004771b,14b0d22d875dfe034cf8a83e9cd9d4b9ef5f69ed9708ee47cfaf9efd821a8add,eos,True,False,False,False,False,/home/qinch2023/v100_aime24_aime25_quality_work/Bounded-pattrenKV-method/results/aime25_full_causal25_quality_v100/formal/PATTERN_BASE/seed43/p21.json,3bb14d08648b6d15563f33062ce187679915b65476e576eeec604c3ae6c8e7ec,aime25_full_causal25_quality_v100_formal,fb8a77b673acfff3,fe834cd7e99a06f2aec37bfb6c74173ad7fee7c9,1,Tesla V100-SXM2-32GB,2026-08-24T20:40:32.949995+00:00,2,2,128,0,128,128,base_v2,0.0,0.0,segmented_rolling,deepseek_r1_recommended,PATTERN_BASE:seed43:p21
aime25,DeepSeek-R1-Distill-Llama-8B,6af5ef5a437b77f7fb395930f430a9a266efaa5ead3804aa92c8359e141f6185,PATTERN_BASE,PATTERN_BASE,patternkv_paper,547fd5d9f640c5c3,21,44,0,21044,aime25:p21:s0,822a4c6ec6a41f65151cbc731d9d4ce2bb7bbd0f2f39bd7622be1b99d28e0d9d,bbd2b774f9db157293a12f8fb74cce7d,e20297ee50f73c0f40b6f6d98e417d67,68dec8c216bba752,bench/aime_answer_parser.py:a7ab4395529caaa2cfcd9cb5203a2dd00723ac90fcd96d12bea77494b416b234,237,217,False,boxed,,10395,4f0f3e9bea5fc60f736329f3d4678edede3221197cd6128d9030790eba2a0bf3,66b23f8431f973c7a3a8d0ec8e358f5cfd8727ac0635bf5be540a98a59c86cd9,eos,True,False,False,False,False,/home/qinch2023/v100_aime24_aime25_quality_work/Bounded-pattrenKV-method/results/aime25_full_causal25_quality_v100/formal/PATTERN_BASE/seed44/p21.json,2ef332a5ca5618d530b08d2da2b0edcb89393af8779bddd066412859a3284f93,aime25_full_causal25_quality_v100_formal,fb8a77b673acfff3,fe834cd7e99a06f2aec37bfb6c74173ad7fee7c9,0,Tesla V100-SXM2-32GB,2026-08-24T21:14:04.753574+00:00,2,2,128,0,128,128,base_v2,0.0,0.0,segmented_rolling,deepseek_r1_recommended,PATTERN_BASE:seed44:p21
aime25,DeepSeek-R1-Distill-Llama-8B,6af5ef5a437b77f7fb395930f430a9a266efaa5ead3804aa92c8359e141f6185,PATTERN_BASE,PATTERN_BASE,patternkv_paper,547fd5d9f640c5c3,22,42,0,22042,aime25:p22:s0,822a4c6ec6a41f65151cbc731d9d4ce2bb7bbd0f2f39bd7622be1b99d28e0d9d,f14728387e46e56379307433461f994e,288e50dc4483832ffe6d0454da3214de,68dec8c216bba752,bench/aime_answer_parser.py:a7ab4395529caaa2cfcd9cb5203a2dd00723ac90fcd96d12bea77494b416b234,610,29,False,boxed,,14694,9bbe550807f0ea6445105118868375f8b70fd235e6d563009c17267e226eda90,78df572f6f01610f21bc8916b3519c2b185cf5a5be8e438b02707e0905d7b2da,eos,True,False,False,False,False,/home/qinch2023/v100_aime24_aime25_quality_work/Bounded-pattrenKV-method/results/aime25_full_causal25_quality_v100/formal/PATTERN_BASE/seed42/p22.json,32e251287c2168d43180d971f1929e3ea43ff646f92d05fa20780cf607b2c5e3,aime25_full_causal25_quality_v100_formal,fb8a77b673acfff3,fe834cd7e99a06f2aec37bfb6c74173ad7fee7c9,1,Tesla V100-SXM2-32GB,2026-08-24T22:23:28.850041+00:00,2,2,128,0,128,128,base_v2,0.0,0.0,segmented_rolling,deepseek_r1_recommended,PATTERN_BASE:seed42:p22
aime25,DeepSeek-R1-Distill-Llama-8B,6af5ef5a437b77f7fb395930f430a9a266efaa5ead3804aa92c8359e141f6185,PATTERN_BASE,PATTERN_BASE,patternkv_paper,547fd5d9f640c5c3,22,43,0,22043,aime25:p22:s0,822a4c6ec6a41f65151cbc731d9d4ce2bb7bbd0f2f39bd7622be1b99d28e0d9d,f14728387e46e56379307433461f994e,288e50dc4483832ffe6d0454da3214de,68dec8c216bba752,bench/aime_answer_parser.py:a7ab4395529caaa2cfcd9cb5203a2dd00723ac90fcd96d12bea77494b416b234,610,35,False,boxed,,13121,fc0ce89d825834fa5af24b14c850a1cc072f684e7b4b60913db18d2075c3acb0,3c8455e1580333bccda4e82618e10bd7412edc08914e7d9e6c093c998dd0c753,eos,True,False,False,False,False,/home/qinch2023/v100_aime24_aime25_quality_work/Bounded-pattrenKV-method/results/aime25_full_causal25_quality_v100/formal/PATTERN_BASE/seed43/p22.json,f4e808245e5128682ad3ae71e7d8c3fd67423e21017dd6881dbeb1cd09aad5b3,aime25_full_causal25_quality_v100_formal,fb8a77b673acfff3,fe834cd7e99a06f2aec37bfb6c74173ad7fee7c9,0,Tesla V100-SXM2-32GB,2026-08-24T22:41:34.617032+00:00,2,2,128,0,128,128,base_v2,0.0,0.0,segmented_rolling,deepseek_r1_recommended,PATTERN_BASE:seed43:p22
aime25,DeepSeek-R1-Distill-Llama-8B,6af5ef5a437b77f7fb395930f430a9a266efaa5ead3804aa92c8359e141f6185,PATTERN_BASE,PATTERN_BASE,patternkv_paper,547fd5d9f640c5c3,22,44,0,22044,aime25:p22:s0,822a4c6ec6a41f65151cbc731d9d4ce2bb7bbd0f2f39bd7622be1b99d28e0d9d,f14728387e46e56379307433461f994e,288e50dc4483832ffe6d0454da3214de,68dec8c216bba752,bench/aime_answer_parser.py:a7ab4395529caaa2cfcd9cb5203a2dd00723ac90fcd96d12bea77494b416b234,610,800,False,boxed,,15440,b48e36b2f5c88cd15b43f13bab7b80acb0347148bce43704c815d963d0edaa6d,d7251089a6831abf3d8e2c178dc8068cb08591033ad9713d320013b5cafbd05a,eos,True,False,False,False,False,/home/qinch2023/v100_aime24_aime25_quality_work/Bounded-pattrenKV-method/results/aime25_full_causal25_quality_v100/formal/PATTERN_BASE/seed44/p22.json,0e5db237da82cdbba179c073d8571196e64bc032c2197082d9377322a437cee2,aime25_full_causal25_quality_v100_formal,fb8a77b673acfff3,fe834cd7e99a06f2aec37bfb6c74173ad7fee7c9,1,Tesla V100-SXM2-32GB,2026-08-25T00:14:40.252042+00:00,2,2,128,0,128,128,base_v2,0.0,0.0,segmented_rolling,deepseek_r1_recommended,PATTERN_BASE:seed44:p22
aime25,DeepSeek-R1-Distill-Llama-8B,6af5ef5a437b77f7fb395930f430a9a266efaa5ead3804aa92c8359e141f6185,PATTERN_BASE,PATTERN_BASE,patternkv_paper,547fd5d9f640c5c3,23,42,0,23042,aime25:p23:s0,822a4c6ec6a41f65151cbc731d9d4ce2bb7bbd0f2f39bd7622be1b99d28e0d9d,b301ab639a06c759d690f1f7c7478eb5,56c5557ee3016df09591563234b96b1e,68dec8c216bba752,bench/aime_answer_parser.py:a7ab4395529caaa2cfcd9cb5203a2dd00723ac90fcd96d12bea77494b416b234,149,159,False,boxed,,9788,fdc53b668ae0eb4785d8741881c2a15cd6d8175e29b1eb68a4ab1c4b66965c21,966cf04906d6f818d30d69172a90c9c65adc790906b96454d1335faf883c772e,eos,True,False,False,False,False,/home/qinch2023/v100_aime24_aime25_quality_work/Bounded-pattrenKV-method/results/aime25_full_causal25_quality_v100/formal/PATTERN_BASE/seed42/p23.json,4069b491a21c0a6e5b2f4eeb6fa76950ad9d42558394a42e56226a6b5a7dc75f,aime25_full_causal25_quality_v100_formal,fb8a77b673acfff3,fe834cd7e99a06f2aec37bfb6c74173ad7fee7c9,0,Tesla V100-SXM2-32GB,2026-08-24T23:37:25.235018+00:00,2,2,128,0,128,128,base_v2,0.0,0.0,segmented_rolling,deepseek_r1_recommended,PATTERN_BASE:seed42:p23
aime25,DeepSeek-R1-Distill-Llama-8B,6af5ef5a437b77f7fb395930f430a9a266efaa5ead3804aa92c8359e141f6185,PATTERN_BASE,PATTERN_BASE,patternkv_paper,547fd5d9f640c5c3,23,43,0,23043,aime25:p23:s0,822a4c6ec6a41f65151cbc731d9d4ce2bb7bbd0f2f39bd7622be1b99d28e0d9d,b301ab639a06c759d690f1f7c7478eb5,56c5557ee3016df09591563234b96b1e,68dec8c216bba752,bench/aime_answer_parser.py:a7ab4395529caaa2cfcd9cb5203a2dd00723ac90fcd96d12bea77494b416b234,149,40,False,tail_integer,,32768,e42e917d523502751c62e47b4c521ade41f4e34c41d14ee322473cc6673aef76,7e89086edaa7ac3a18e283a31725adf24ed9c759b668d02ab64b9b2ed65ef2bf,length,False,True,True,False,False,/home/qinch2023/v100_aime24_aime25_quality_work/Bounded-pattrenKV-method/results/aime25_full_causal25_quality_v100/formal/PATTERN_BASE/seed43/p23.json,10a4fe59b14a222d990bb308f8e4684131eb2705309c9528af55b2f1fb7b180e,aime25_full_causal25_quality_v100_formal,fb8a77b673acfff3,fe834cd7e99a06f2aec37bfb6c74173ad7fee7c9,3,Tesla V100-SXM2-32GB,2026-08-25T04:56:10.400171+00:00,2,2,128,0,128,128,base_v2,0.0,0.0,segmented_rolling,deepseek_r1_recommended,PATTERN_BASE:seed43:p23
aime25,DeepSeek-R1-Distill-Llama-8B,6af5ef5a437b77f7fb395930f430a9a266efaa5ead3804aa92c8359e141f6185,PATTERN_BASE,PATTERN_BASE,patternkv_paper,547fd5d9f640c5c3,23,44,0,23044,aime25:p23:s0,822a4c6ec6a41f65151cbc731d9d4ce2bb7bbd0f2f39bd7622be1b99d28e0d9d,b301ab639a06c759d690f1f7c7478eb5,56c5557ee3016df09591563234b96b1e,68dec8c216bba752,bench/aime_answer_parser.py:a7ab4395529caaa2cfcd9cb5203a2dd00723ac90fcd96d12bea77494b416b234,149,158,False,boxed,,11573,afe7a281e4c3295ae96c0c692af15e40f29c784a70c59b752316ea11c2c77686,930f49ee7add99d9b32e24dc8ee59590c05789598e2cb6400e2f3fedfbfdc43d,eos,True,False,False,False,False,/home/qinch2023/v100_aime24_aime25_quality_work/Bounded-pattrenKV-method/results/aime25_full_causal25_quality_v100/formal/PATTERN_BASE/seed44/p23.json,607ae89eef28ac007d43f9426e27f01951fe4a0293dd83989d9daaaf7eb7d486,aime25_full_causal25_quality_v100_formal,fb8a77b673acfff3,fe834cd7e99a06f2aec37bfb6c74173ad7fee7c9,2,Tesla V100-SXM2-32GB,2026-08-25T00:01:26.189337+00:00,2,2,128,0,128,128,base_v2,0.0,0.0,segmented_rolling,deepseek_r1_recommended,PATTERN_BASE:seed44:p23
aime25,DeepSeek-R1-Distill-Llama-8B,6af5ef5a437b77f7fb395930f430a9a266efaa5ead3804aa92c8359e141f6185,PATTERN_BASE,PATTERN_BASE,patternkv_paper,547fd5d9f640c5c3,24,42,0,24042,aime25:p24:s0,822a4c6ec6a41f65151cbc731d9d4ce2bb7bbd0f2f39bd7622be1b99d28e0d9d,d376f064f86ac66de5b403f9b4fb3ff1,50b0e0a2af0df2708a6dec184858695e,68dec8c216bba752,bench/aime_answer_parser.py:a7ab4395529caaa2cfcd9cb5203a2dd00723ac90fcd96d12bea77494b416b234,907,34,False,boxed,,11543,5348de70ddadc30b36015d4c66699609a0713dbc999f3e12818ec6161f061c2d,f5094a486fff797f2deea39316741fbb20e57c20f3cf737e870baf12f0fce815,eos,True,False,False,False,False,/home/qinch2023/v100_aime24_aime25_quality_work/Bounded-pattrenKV-method/results/aime25_full_causal25_quality_v100/formal/PATTERN_BASE/seed42/p24.json,ce2ec39aaf4ba1404a03c935870e8c3c3c7e8159904b803ed055858c2ad36979,aime25_full_causal25_quality_v100_formal,fb8a77b673acfff3,fe834cd7e99a06f2aec37bfb6c74173ad7fee7c9,0,Tesla V100-SXM2-32GB,2026-08-25T00:48:38.216032+00:00,2,2,128,0,128,128,base_v2,0.0,0.0,segmented_rolling,deepseek_r1_recommended,PATTERN_BASE:seed42:p24
aime25,DeepSeek-R1-Distill-Llama-8B,6af5ef5a437b77f7fb395930f430a9a266efaa5ead3804aa92c8359e141f6185,PATTERN_BASE,PATTERN_BASE,patternkv_paper,547fd5d9f640c5c3,24,43,0,24043,aime25:p24:s0,822a4c6ec6a41f65151cbc731d9d4ce2bb7bbd0f2f39bd7622be1b99d28e0d9d,d376f064f86ac66de5b403f9b4fb3ff1,50b0e0a2af0df2708a6dec184858695e,68dec8c216bba752,bench/aime_answer_parser.py:a7ab4395529caaa2cfcd9cb5203a2dd00723ac90fcd96d12bea77494b416b234,907,9,False,boxed,,3446,7ae3f4a8a1bb54205e798b80b6869dbcd0d04a5de1db2436a9915a0dea0fc35b,766df82cfc79c7ef99418ada901abb6620ff36fe2f60e30f5f1a90ec01e1aba5,eos,True,False,False,False,False,/home/qinch2023/v100_aime24_aime25_quality_work/Bounded-pattrenKV-method/results/aime25_full_causal25_quality_v100/formal/PATTERN_BASE/seed43/p24.json,b9a13429dacfa42b2bf54d15f5bb28f2a18f0b93fb5da1d69e3dcd603daf7fbb,aime25_full_causal25_quality_v100_formal,fb8a77b673acfff3,fe834cd7e99a06f2aec37bfb6c74173ad7fee7c9,2,Tesla V100-SXM2-32GB,2026-08-25T00:17:03.303213+00:00,2,2,128,0,128,128,base_v2,0.0,0.0,segmented_rolling,deepseek_r1_recommended,PATTERN_BASE:seed43:p24
aime25,DeepSeek-R1-Distill-Llama-8B,6af5ef5a437b77f7fb395930f430a9a266efaa5ead3804aa92c8359e141f6185,PATTERN_BASE,PATTERN_BASE,patternkv_paper,547fd5d9f640c5c3,24,44,0,24044,aime25:p24:s0,822a4c6ec6a41f65151cbc731d9d4ce2bb7bbd0f2f39bd7622be1b99d28e0d9d,d376f064f86ac66de5b403f9b4fb3ff1,50b0e0a2af0df2708a6dec184858695e,68dec8c216bba752,bench/aime_answer_parser.py:a7ab4395529caaa2cfcd9cb5203a2dd00723ac90fcd96d12bea77494b416b234,907,9,False,boxed,,2773,2f7cfc5ec10e4b5beab36163daf61722fec389814ccbb85805b516ade0baf0a5,5d08b07d3ac6d6feaa4541bf319eb65470793320b8cfafa8a1acabdc50317ad5,eos,True,False,False,False,False,/home/qinch2023/v100_aime24_aime25_quality_work/Bounded-pattrenKV-method/results/aime25_full_causal25_quality_v100/formal/PATTERN_BASE/seed44/p24.json,637342987d204f0d04181e2f7d969f0d08dfe7bb75b7ed5cf86d9802c55fda67,aime25_full_causal25_quality_v100_formal,fb8a77b673acfff3,fe834cd7e99a06f2aec37bfb6c74173ad7fee7c9,1,Tesla V100-SXM2-32GB,2026-08-25T00:26:32.141150+00:00,2,2,128,0,128,128,base_v2,0.0,0.0,segmented_rolling,deepseek_r1_recommended,PATTERN_BASE:seed44:p24
aime25,DeepSeek-R1-Distill-Llama-8B,6af5ef5a437b77f7fb395930f430a9a266efaa5ead3804aa92c8359e141f6185,PATTERN_BASE,PATTERN_BASE,patternkv_paper,547fd5d9f640c5c3,25,42,0,25042,aime25:p25:s0,822a4c6ec6a41f65151cbc731d9d4ce2bb7bbd0f2f39bd7622be1b99d28e0d9d,984d152105091bd54675c1f82970a7e3,e0a8ef0df8ee83405478542f38b7a1df,68dec8c216bba752,bench/aime_answer_parser.py:a7ab4395529caaa2cfcd9cb5203a2dd00723ac90fcd96d12bea77494b416b234,113,12,False,tail_integer,,16114,50ad62a0cb1e2eae7a4bd98e49ea3506df6440347d7e61799447f3995e79756c,7288a440c8398d05897771369e6b41c3980b1d0b897ca4b6356bb4b4c2a0b94c,eos,True,False,False,False,False,/home/qinch2023/v100_aime24_aime25_quality_work/Bounded-pattrenKV-method/results/aime25_full_causal25_quality_v100/formal/PATTERN_BASE/seed42/p25.json,0ff5b620ce626fe52e123782af2c7ca31779d56ab256efb14114c9596e8aad83,aime25_full_causal25_quality_v100_formal,fb8a77b673acfff3,fe834cd7e99a06f2aec37bfb6c74173ad7fee7c9,2,Tesla V100-SXM2-32GB,2026-08-25T02:14:35.439204+00:00,2,2,128,0,128,128,base_v2,0.0,0.0,segmented_rolling,deepseek_r1_recommended,PATTERN_BASE:seed42:p25
aime25,DeepSeek-R1-Distill-Llama-8B,6af5ef5a437b77f7fb395930f430a9a266efaa5ead3804aa92c8359e141f6185,PATTERN_BASE,PATTERN_BASE,patternkv_paper,547fd5d9f640c5c3,25,43,0,25043,aime25:p25:s0,822a4c6ec6a41f65151cbc731d9d4ce2bb7bbd0f2f39bd7622be1b99d28e0d9d,984d152105091bd54675c1f82970a7e3,e0a8ef0df8ee83405478542f38b7a1df,68dec8c216bba752,bench/aime_answer_parser.py:a7ab4395529caaa2cfcd9cb5203a2dd00723ac90fcd96d12bea77494b416b234,113,6,False,boxed,,10609,b4733caf9daa6d1c125d0182a7bb3460772993aef4f5c44ca7cbaeedcd2c8039,aa904c92f3d769f1525bba06f2780c9cb61de35264355b951a567463088adc8c,eos,True,False,False,False,False,/home/qinch2023/v100_aime24_aime25_quality_work/Bounded-pattrenKV-method/results/aime25_full_causal25_quality_v100/formal/PATTERN_BASE/seed43/p25.json,0535ba69510b3579dba7e3dfc993950ab3dadbcc7c484bbd668a4b9a8bc69026,aime25_full_causal25_quality_v100_formal,fb8a77b673acfff3,fe834cd7e99a06f2aec37bfb6c74173ad7fee7c9,1,Tesla V100-SXM2-32GB,2026-08-25T01:30:39.703125+00:00,2,2,128,0,128,128,base_v2,0.0,0.0,segmented_rolling,deepseek_r1_recommended,PATTERN_BASE:seed43:p25
aime25,DeepSeek-R1-Distill-Llama-8B,6af5ef5a437b77f7fb395930f430a9a266efaa5ead3804aa92c8359e141f6185,PATTERN_BASE,PATTERN_BASE,patternkv_paper,547fd5d9f640c5c3,25,44,0,25044,aime25:p25:s0,822a4c6ec6a41f65151cbc731d9d4ce2bb7bbd0f2f39bd7622be1b99d28e0d9d,984d152105091bd54675c1f82970a7e3,e0a8ef0df8ee83405478542f38b7a1df,68dec8c216bba752,bench/aime_answer_parser.py:a7ab4395529caaa2cfcd9cb5203a2dd00723ac90fcd96d12bea77494b416b234,113,1,False,boxed,,21076,502ca2d1cb26e867bc68266c93cdd30000f0914ef14a8e42baec819961d74dfe,b3f52df381ecfc73c3cc86c0de2c6b4b26e9988370d59f0894b382b7bbd7e4e3,eos,True,False,False,False,False,/home/qinch2023/v100_aime24_aime25_quality_work/Bounded-pattrenKV-method/results/aime25_full_causal25_quality_v100/formal/PATTERN_BASE/seed44/p25.json,2cf7643a988a2cd2e040a72bde8bc727189ea5c07b2dae67dd19988b115f14d2,aime25_full_causal25_quality_v100_formal,fb8a77b673acfff3,fe834cd7e99a06f2aec37bfb6c74173ad7fee7c9,0,Tesla V100-SXM2-32GB,2026-08-25T03:48:04.021616+00:00,2,2,128,0,128,128,base_v2,0.0,0.0,segmented_rolling,deepseek_r1_recommended,PATTERN_BASE:seed44:p25
aime25,DeepSeek-R1-Distill-Llama-8B,6af5ef5a437b77f7fb395930f430a9a266efaa5ead3804aa92c8359e141f6185,PATTERN_BASE,PATTERN_BASE,patternkv_paper,547fd5d9f640c5c3,26,42,0,26042,aime25:p26:s0,822a4c6ec6a41f65151cbc731d9d4ce2bb7bbd0f2f39bd7622be1b99d28e0d9d,eb2c9b8154d1f52541726ed429ade2fb,5cf4f31c740ed28827f7be5498198531,68dec8c216bba752,bench/aime_answer_parser.py:a7ab4395529caaa2cfcd9cb5203a2dd00723ac90fcd96d12bea77494b416b234,19,367,False,boxed,,32583,551a8ef69b89ceb88db4842e7d048f8f0fb1f96028d4445badee0079a62308ec,72ea0bcf5ae9d3832d12a0ea6b5d432764ae2297e6db9665b993860d92a79688,eos,True,False,False,False,False,/home/qinch2023/v100_aime24_aime25_quality_work/Bounded-pattrenKV-method/results/aime25_full_causal25_quality_v100/formal/PATTERN_BASE/seed42/p26.json,d808da6ad4450356e7188437dc9c73898ef4f76f01a69c2c14bad16086797d94,aime25_full_causal25_quality_v100_formal,fb8a77b673acfff3,fe834cd7e99a06f2aec37bfb6c74173ad7fee7c9,1,Tesla V100-SXM2-32GB,2026-08-25T07:46:31.066193+00:00,2,2,128,0,128,128,base_v2,0.0,0.0,segmented_rolling,deepseek_r1_recommended,PATTERN_BASE:seed42:p26
aime25,DeepSeek-R1-Distill-Llama-8B,6af5ef5a437b77f7fb395930f430a9a266efaa5ead3804aa92c8359e141f6185,PATTERN_BASE,PATTERN_BASE,patternkv_paper,547fd5d9f640c5c3,26,43,0,26043,aime25:p26:s0,822a4c6ec6a41f65151cbc731d9d4ce2bb7bbd0f2f39bd7622be1b99d28e0d9d,eb2c9b8154d1f52541726ed429ade2fb,5cf4f31c740ed28827f7be5498198531,68dec8c216bba752,bench/aime_answer_parser.py:a7ab4395529caaa2cfcd9cb5203a2dd00723ac90fcd96d12bea77494b416b234,19,4,False,boxed,,20615,abf7550371d90ed770fedd0a664428cbe58fc370c661dee54c40811ff1c78411,68f0616c7de221fd5776fd6fdd233fece5ad88a150107bdd0ec76e250e8f38bd,eos,True,False,False,False,False,/home/qinch2023/v100_aime24_aime25_quality_work/Bounded-pattrenKV-method/results/aime25_full_causal25_quality_v100/formal/PATTERN_BASE/seed43/p26.json,8550ed5df9992b88f4d2447488a1d740f349ff5db3cf65001542bb32c93a8f72,aime25_full_causal25_quality_v100_formal,fb8a77b673acfff3,fe834cd7e99a06f2aec37bfb6c74173ad7fee7c9,2,Tesla V100-SXM2-32GB,2026-08-25T05:05:54.214659+00:00,2,2,128,0,128,128,base_v2,0.0,0.0,segmented_rolling,deepseek_r1_recommended,PATTERN_BASE:seed43:p26
aime25,DeepSeek-R1-Distill-Llama-8B,6af5ef5a437b77f7fb395930f430a9a266efaa5ead3804aa92c8359e141f6185,PATTERN_BASE,PATTERN_BASE,patternkv_paper,547fd5d9f640c5c3,26,44,0,26044,aime25:p26:s0,822a4c6ec6a41f65151cbc731d9d4ce2bb7bbd0f2f39bd7622be1b99d28e0d9d,eb2c9b8154d1f52541726ed429ade2fb,5cf4f31c740ed28827f7be5498198531,68dec8c216bba752,bench/aime_answer_parser.py:a7ab4395529caaa2cfcd9cb5203a2dd00723ac90fcd96d12bea77494b416b234,19,22,False,boxed,,11372,ccf46333b2e42e0285efdd34938a028044a9dc32db646edd77499eaa33fb3238,09d6809543ffbef15334838ae79ee49611f1e68b3f73f3e5d8af3f60d7737c10,eos,True,False,False,False,False,/home/qinch2023/v100_aime24_aime25_quality_work/Bounded-pattrenKV-method/results/aime25_full_causal25_quality_v100/formal/PATTERN_BASE/seed44/p26.json,42cbb9ca454b01a2267975eaff46b6709c72b8fa4d99e14778cd7362606ae72b,aime25_full_causal25_quality_v100_formal,fb8a77b673acfff3,fe834cd7e99a06f2aec37bfb6c74173ad7fee7c9,0,Tesla V100-SXM2-32GB,2026-08-25T04:58:23.964505+00:00,2,2,128,0,128,128,base_v2,0.0,0.0,segmented_rolling,deepseek_r1_recommended,PATTERN_BASE:seed44:p26
aime25,DeepSeek-R1-Distill-Llama-8B,6af5ef5a437b77f7fb395930f430a9a266efaa5ead3804aa92c8359e141f6185,PATTERN_BASE,PATTERN_BASE,patternkv_paper,547fd5d9f640c5c3,27,42,0,27042,aime25:p27:s0,822a4c6ec6a41f65151cbc731d9d4ce2bb7bbd0f2f39bd7622be1b99d28e0d9d,c219bc88c7508e20b65616d192f6b2a9,b4eb4e435edbe4f993b9a509ce78688d,68dec8c216bba752,bench/aime_answer_parser.py:a7ab4395529caaa2cfcd9cb5203a2dd00723ac90fcd96d12bea77494b416b234,248,36,False,boxed,,16617,c185809d0e7d2d11ea7e9f4ebc06072ec9313009e2b1207abb08ba17ec80483d,cff86650bcfc2242ce1e9e6b51c00b502c171b4f7a671f5c7d82e9f7ce4db495,eos,True,False,False,False,False,/home/qinch2023/v100_aime24_aime25_quality_work/Bounded-pattrenKV-method/results/aime25_full_causal25_quality_v100/formal/PATTERN_BASE/seed42/p27.json,ab67851ee549b8609a05145e212771e981fe1cf56f62443853e9bfae0c496741,aime25_full_causal25_quality_v100_formal,fb8a77b673acfff3,fe834cd7e99a06f2aec37bfb6c74173ad7fee7c9,0,Tesla V100-SXM2-32GB,2026-08-24T13:33:01.977124+00:00,2,2,128,0,128,128,base_v2,0.0,0.0,segmented_rolling,deepseek_r1_recommended,PATTERN_BASE:seed42:p27
aime25,DeepSeek-R1-Distill-Llama-8B,6af5ef5a437b77f7fb395930f430a9a266efaa5ead3804aa92c8359e141f6185,PATTERN_BASE,PATTERN_BASE,patternkv_paper,547fd5d9f640c5c3,27,43,0,27043,aime25:p27:s0,822a4c6ec6a41f65151cbc731d9d4ce2bb7bbd0f2f39bd7622be1b99d28e0d9d,c219bc88c7508e20b65616d192f6b2a9,b4eb4e435edbe4f993b9a509ce78688d,68dec8c216bba752,bench/aime_answer_parser.py:a7ab4395529caaa2cfcd9cb5203a2dd00723ac90fcd96d12bea77494b416b234,248,424,False,boxed,,22479,03ed268ac06d808b35aa679159a46be98214f8c0986d96b98bd9e11fd96d5952,e7df097f2c4234d3e3836082ae3bb8db6d6764034d1372f79c1315d8b8bdd812,eos,True,False,False,False,False,/home/qinch2023/v100_aime24_aime25_quality_work/Bounded-pattrenKV-method/results/aime25_full_causal25_quality_v100/formal/PATTERN_BASE/seed43/p27.json,2b5a7297e6bdf09f15a28958928ffd9f365dfe824769e059495c5f2d1c7f82fb,aime25_full_causal25_quality_v100_formal,fb8a77b673acfff3,fe834cd7e99a06f2aec37bfb6c74173ad7fee7c9,0,Tesla V100-SXM2-32GB,2026-08-24T11:17:52.859848+00:00,2,2,128,0,128,128,base_v2,0.0,0.0,segmented_rolling,deepseek_r1_recommended,PATTERN_BASE:seed43:p27
aime25,DeepSeek-R1-Distill-Llama-8B,6af5ef5a437b77f7fb395930f430a9a266efaa5ead3804aa92c8359e141f6185,PATTERN_BASE,PATTERN_BASE,patternkv_paper,547fd5d9f640c5c3,27,44,0,27044,aime25:p27:s0,822a4c6ec6a41f65151cbc731d9d4ce2bb7bbd0f2f39bd7622be1b99d28e0d9d,c219bc88c7508e20b65616d192f6b2a9,b4eb4e435edbe4f993b9a509ce78688d,68dec8c216bba752,bench/aime_answer_parser.py:a7ab4395529caaa2cfcd9cb5203a2dd00723ac90fcd96d12bea77494b416b234,248,124,False,boxed,,8457,eb5d6f31c2072d6983264a71717bac8f3e1b9da644b1d069cb782b468ba8034d,6ae1af2a75522fbed6b6e00553d1ad70f364edcaa584c14283feb44f1d06a59e,eos,True,False,False,False,False,/home/qinch2023/v100_aime24_aime25_quality_work/Bounded-pattrenKV-method/results/aime25_full_causal25_quality_v100/formal/PATTERN_BASE/seed44/p27.json,ab8b5e746213e64e4da986fb820527edbf38a62df94dcc2aeb08849deca498cf,aime25_full_causal25_quality_v100_formal,fb8a77b673acfff3,fe834cd7e99a06f2aec37bfb6c74173ad7fee7c9,0,Tesla V100-SXM2-32GB,2026-08-24T07:28:48.344995+00:00,2,2,128,0,128,128,base_v2,0.0,0.0,segmented_rolling,deepseek_r1_recommended,PATTERN_BASE:seed44:p27
aime25,DeepSeek-R1-Distill-Llama-8B,6af5ef5a437b77f7fb395930f430a9a266efaa5ead3804aa92c8359e141f6185,PATTERN_BASE,PATTERN_BASE,patternkv_paper,547fd5d9f640c5c3,28,42,0,28042,aime25:p28:s0,822a4c6ec6a41f65151cbc731d9d4ce2bb7bbd0f2f39bd7622be1b99d28e0d9d,32372ef5319e1d95611cdeb87ad07fae,94eb97d32b93c4f2704bdc98d7c471a5,68dec8c216bba752,bench/aime_answer_parser.py:a7ab4395529caaa2cfcd9cb5203a2dd00723ac90fcd96d12bea77494b416b234,104,49,False,boxed,,16923,0d048494b00b5fc23fa7fc8e43a5e96a087364f82a77abb92226547f73c1daf9,29cf413e9ccdb5faa5fab8dbef09cdfbf4f1e8a7d27b27f9be3de326cd57b046,eos,True,False,False,False,False,/home/qinch2023/v100_aime24_aime25_quality_work/Bounded-pattrenKV-method/results/aime25_full_causal25_quality_v100/formal/PATTERN_BASE/seed42/p28.json,073c00378871e79c34922fb7e64655c665b5a28abdda92f4f94a65c51afe3847,aime25_full_causal25_quality_v100_formal,fb8a77b673acfff3,fe834cd7e99a06f2aec37bfb6c74173ad7fee7c9,0,Tesla V100-SXM2-32GB,2026-08-24T06:34:48.743762+00:00,2,2,128,0,128,128,base_v2,0.0,0.0,segmented_rolling,deepseek_r1_recommended,PATTERN_BASE:seed42:p28
aime25,DeepSeek-R1-Distill-Llama-8B,6af5ef5a437b77f7fb395930f430a9a266efaa5ead3804aa92c8359e141f6185,PATTERN_BASE,PATTERN_BASE,patternkv_paper,547fd5d9f640c5c3,28,43,0,28043,aime25:p28:s0,822a4c6ec6a41f65151cbc731d9d4ce2bb7bbd0f2f39bd7622be1b99d28e0d9d,32372ef5319e1d95611cdeb87ad07fae,94eb97d32b93c4f2704bdc98d7c471a5,68dec8c216bba752,bench/aime_answer_parser.py:a7ab4395529caaa2cfcd9cb5203a2dd00723ac90fcd96d12bea77494b416b234,104,104,True,boxed,,9516,69b49b5f81c69a582c30f78bca491fb18a0b4661101e6265ad763ec3af1055a4,fb366578c751ffd634a6dfb222527ba831223d4a0f686282b4c7964569caa845,eos,True,False,False,False,False,/home/qinch2023/v100_aime24_aime25_quality_work/Bounded-pattrenKV-method/results/aime25_full_causal25_quality_v100/formal/PATTERN_BASE/seed43/p28.json,28fd0ce781dec9e2a2ebfa003d2f91a1869ce095ce2dea0d15ee68af083982c4,aime25_full_causal25_quality_v100_formal,fb8a77b673acfff3,fe834cd7e99a06f2aec37bfb6c74173ad7fee7c9,0,Tesla V100-SXM2-32GB,2026-08-24T04:17:04.203261+00:00,2,2,128,0,128,128,base_v2,0.0,0.0,segmented_rolling,deepseek_r1_recommended,PATTERN_BASE:seed43:p28
aime25,DeepSeek-R1-Distill-Llama-8B,6af5ef5a437b77f7fb395930f430a9a266efaa5ead3804aa92c8359e141f6185,PATTERN_BASE,PATTERN_BASE,patternkv_paper,547fd5d9f640c5c3,28,44,0,28044,aime25:p28:s0,822a4c6ec6a41f65151cbc731d9d4ce2bb7bbd0f2f39bd7622be1b99d28e0d9d,32372ef5319e1d95611cdeb87ad07fae,94eb97d32b93c4f2704bdc98d7c471a5,68dec8c216bba752,bench/aime_answer_parser.py:a7ab4395529caaa2cfcd9cb5203a2dd00723ac90fcd96d12bea77494b416b234,104,31,False,boxed,,9708,1d5b77c7a2c6836e3f605ed2e4010627bde3d147419e5ec40532db4a446bdc9c,b84336c072c87671e25d920064fe040cdecea13d4638a4c444f7a318fbb6eb76,eos,True,False,False,False,False,/home/qinch2023/v100_aime24_aime25_quality_work/Bounded-pattrenKV-method/results/aime25_full_causal25_quality_v100/formal/PATTERN_BASE/seed44/p28.json,b9cfb0e05f939c4878eed5107bf211a43062210c94d59fcf7b50af5d1c258aba,aime25_full_causal25_quality_v100_formal,fb8a77b673acfff3,fe834cd7e99a06f2aec37bfb6c74173ad7fee7c9,0,Tesla V100-SXM2-32GB,2026-08-24T03:17:36.252525+00:00,2,2,128,0,128,128,base_v2,0.0,0.0,segmented_rolling,deepseek_r1_recommended,PATTERN_BASE:seed44:p28
aime25,DeepSeek-R1-Distill-Llama-8B,6af5ef5a437b77f7fb395930f430a9a266efaa5ead3804aa92c8359e141f6185,PATTERN_BASE,PATTERN_BASE,patternkv_paper,547fd5d9f640c5c3,29,42,0,29042,aime25:p29:s0,822a4c6ec6a41f65151cbc731d9d4ce2bb7bbd0f2f39bd7622be1b99d28e0d9d,0009b4538255c73d6effffb3456908e9,8b6785b193c12dd1c54352df0d5e986f,68dec8c216bba752,bench/aime_answer_parser.py:a7ab4395529caaa2cfcd9cb5203a2dd00723ac90fcd96d12bea77494b416b234,240,1,False,tail_integer,,32768,184e146c334fd029a391e34112ab8802835862245da505910d597c664fa6bc95,c6086c5da4c67d19a6637d1dcfeffd7335462a16bbfda12b2486ee5bc346eeec,length,False,True,True,False,False,/home/qinch2023/v100_aime24_aime25_quality_work/Bounded-pattrenKV-method/results/aime25_full_causal25_quality_v100/formal/PATTERN_BASE/seed42/p29.json,9fe22923058eb6a5362593f224a095fbf67c253b0addd99a0b8a82d0d0bb327f,aime25_full_causal25_quality_v100_formal,fb8a77b673acfff3,fe834cd7e99a06f2aec37bfb6c74173ad7fee7c9,0,Tesla V100-SXM2-32GB,2026-08-24T02:14:49.678215+00:00,2,2,128,0,128,128,base_v2,0.0,0.0,segmented_rolling,deepseek_r1_recommended,PATTERN_BASE:seed42:p29
aime25,DeepSeek-R1-Distill-Llama-8B,6af5ef5a437b77f7fb395930f430a9a266efaa5ead3804aa92c8359e141f6185,PATTERN_BASE,PATTERN_BASE,patternkv_paper,547fd5d9f640c5c3,29,43,0,29043,aime25:p29:s0,822a4c6ec6a41f65151cbc731d9d4ce2bb7bbd0f2f39bd7622be1b99d28e0d9d,0009b4538255c73d6effffb3456908e9,8b6785b193c12dd1c54352df0d5e986f,68dec8c216bba752,bench/aime_answer_parser.py:a7ab4395529caaa2cfcd9cb5203a2dd00723ac90fcd96d12bea77494b416b234,240,188,False,boxed,,20749,4dbd37a24c02b46210d4536bfa3784ec9577124199e36a719aadc5115f1288a0,f7d7f32b593fb076dff78cf76e57e99e8904e317d4e02baaed809977c69977a4,eos,True,False,False,False,False,/home/qinch2023/v100_aime24_aime25_quality_work/Bounded-pattrenKV-method/results/aime25_full_causal25_quality_v100/formal/PATTERN_BASE/seed43/p29.json,98b75d6d8c763e33f3e1c3c44dae41a072c9f73fde1748145209a95e58918df1,aime25_full_causal25_quality_v100_formal,fb8a77b673acfff3,fe834cd7e99a06f2aec37bfb6c74173ad7fee7c9,0,Tesla V100-SXM2-32GB,2026-08-23T19:28:55.443344+00:00,2,2,128,0,128,128,base_v2,0.0,0.0,segmented_rolling,deepseek_r1_recommended,PATTERN_BASE:seed43:p29
aime25,DeepSeek-R1-Distill-Llama-8B,6af5ef5a437b77f7fb395930f430a9a266efaa5ead3804aa92c8359e141f6185,PATTERN_BASE,PATTERN_BASE,patternkv_paper,547fd5d9f640c5c3,29,44,0,29044,aime25:p29:s0,822a4c6ec6a41f65151cbc731d9d4ce2bb7bbd0f2f39bd7622be1b99d28e0d9d,0009b4538255c73d6effffb3456908e9,8b6785b193c12dd1c54352df0d5e986f,68dec8c216bba752,bench/aime_answer_parser.py:a7ab4395529caaa2cfcd9cb5203a2dd00723ac90fcd96d12bea77494b416b234,240,188,False,boxed,,12562,0c2358907752f5cce5286ab78e014dd06ea44b1a2205c7645e15b901b5193e46,2b5c9f38ab1949fff5aa46ef65808ba0a063458e91ce8f2167d371bdd82c7e56,eos,True,False,False,False,False,/home/qinch2023/v100_aime24_aime25_quality_work/Bounded-pattrenKV-method/results/aime25_full_causal25_quality_v100/formal/PATTERN_BASE/seed44/p29.json,378b8f5bbc540159f312ece5aab4f63b242776cc135d762cd33d1f5550ce37b2,aime25_full_causal25_quality_v100_formal,fb8a77b673acfff3,fe834cd7e99a06f2aec37bfb6c74173ad7fee7c9,0,Tesla V100-SXM2-32GB,2026-08-23T16:18:48.380516+00:00,2,2,128,0,128,128,base_v2,0.0,0.0,segmented_rolling,deepseek_r1_recommended,PATTERN_BASE:seed44:p29
aime25,DeepSeek-R1-Distill-Llama-8B,6af5ef5a437b77f7fb395930f430a9a266efaa5ead3804aa92c8359e141f6185,CAUSAL_V4_25,CAUSAL_V4_25,patternkv,df086b3089b7912d,0,42,0,42,aime25:p0:s0,822a4c6ec6a41f65151cbc731d9d4ce2bb7bbd0f2f39bd7622be1b99d28e0d9d,0aa8edd27a3f078d857084cee9300ad8,4ef190c91f542a98419a563b7da52993,b9fbc5449555d6be,bench/aime_answer_parser.py:a7ab4395529caaa2cfcd9cb5203a2dd00723ac90fcd96d12bea77494b416b234,70,70,True,boxed,,1826,ea1067b67f7e939ebb46e16a17a4246dc99875a7edce4ea919dcb704b834529a,fa935efcb2c6c12ed1da974359f518aba2ff6d572a6ba6509dab9e01b54a8505,eos,True,False,False,False,False,/home/qinch2023/v100_aime24_aime25_quality_work/Bounded-pattrenKV-method/results/aime25_full_causal25_quality_v100/formal/CAUSAL_V4_25/seed42/p00.json,593c555adaf482faabef0ba515326694e5fc91dd5855299c4f099aa06af0e210,aime25_full_causal25_quality_v100_formal,fb8a77b673acfff3,fe834cd7e99a06f2aec37bfb6c74173ad7fee7c9,2,Tesla V100-SXM2-32GB,2026-08-20T07:49:45.951035+00:00,2,2,128,16,128,128,causal_v4,0.25,0.25,segmented_rolling,deepseek_r1_recommended,CAUSAL_V4_25:seed42:p00
aime25,DeepSeek-R1-Distill-Llama-8B,6af5ef5a437b77f7fb395930f430a9a266efaa5ead3804aa92c8359e141f6185,CAUSAL_V4_25,CAUSAL_V4_25,patternkv,df086b3089b7912d,0,43,0,43,aime25:p0:s0,822a4c6ec6a41f65151cbc731d9d4ce2bb7bbd0f2f39bd7622be1b99d28e0d9d,0aa8edd27a3f078d857084cee9300ad8,4ef190c91f542a98419a563b7da52993,b9fbc5449555d6be,bench/aime_answer_parser.py:a7ab4395529caaa2cfcd9cb5203a2dd00723ac90fcd96d12bea77494b416b234,70,70,True,boxed,,3494,0050e91ed48bb153d392017fe8845ec8f234350ee95c8f5063bfe11cf137c3b6,c985b2a9178152daa62a04e52374458d853548cd0d5c33c7ad6075da8f807806,eos,True,False,False,False,False,/home/qinch2023/v100_aime24_aime25_quality_work/Bounded-pattrenKV-method/results/aime25_full_causal25_quality_v100/formal/CAUSAL_V4_25/seed43/p00.json,5f9a9de25f433f93f7bc03de38a722db6032d523eb83a792df74814d7d670d9e,aime25_full_causal25_quality_v100_formal,fb8a77b673acfff3,fe834cd7e99a06f2aec37bfb6c74173ad7fee7c9,3,Tesla V100-SXM2-32GB,2026-08-20T08:00:49.861102+00:00,2,2,128,16,128,128,causal_v4,0.25,0.25,segmented_rolling,deepseek_r1_recommended,CAUSAL_V4_25:seed43:p00
aime25,DeepSeek-R1-Distill-Llama-8B,6af5ef5a437b77f7fb395930f430a9a266efaa5ead3804aa92c8359e141f6185,CAUSAL_V4_25,CAUSAL_V4_25,patternkv,df086b3089b7912d,0,44,0,44,aime25:p0:s0,822a4c6ec6a41f65151cbc731d9d4ce2bb7bbd0f2f39bd7622be1b99d28e0d9d,0aa8edd27a3f078d857084cee9300ad8,4ef190c91f542a98419a563b7da52993,b9fbc5449555d6be,bench/aime_answer_parser.py:a7ab4395529caaa2cfcd9cb5203a2dd00723ac90fcd96d12bea77494b416b234,70,915,False,boxed,,2925,232fa926b96e54b54cd8963dde5ba1ef318adcf61fc75e3cf43da1b9861cf1fb,0370d34052fbad2f85d4619210b61567a31acb257664d25035d3b843cffd394e,eos,True,False,False,False,False,/home/qinch2023/v100_aime24_aime25_quality_work/Bounded-pattrenKV-method/results/aime25_full_causal25_quality_v100/formal/CAUSAL_V4_25/seed44/p00.json,96c625fbec7e8bc7745b92c903136b226bcaea45857e55c3f0248748f13003e4,aime25_full_causal25_quality_v100_formal,fb8a77b673acfff3,fe834cd7e99a06f2aec37bfb6c74173ad7fee7c9,2,Tesla V100-SXM2-32GB,2026-08-20T08:07:53.545809+00:00,2,2,128,16,128,128,causal_v4,0.25,0.25,segmented_rolling,deepseek_r1_recommended,CAUSAL_V4_25:seed44:p00
aime25,DeepSeek-R1-Distill-Llama-8B,6af5ef5a437b77f7fb395930f430a9a266efaa5ead3804aa92c8359e141f6185,CAUSAL_V4_25,CAUSAL_V4_25,patternkv,df086b3089b7912d,1,42,0,1042,aime25:p1:s0,822a4c6ec6a41f65151cbc731d9d4ce2bb7bbd0f2f39bd7622be1b99d28e0d9d,f27ac657e1ec0e7ef0a539a7c9c620ae,629622baf8d2584830c6b9967ecada73,b9fbc5449555d6be,bench/aime_answer_parser.py:a7ab4395529caaa2cfcd9cb5203a2dd00723ac90fcd96d12bea77494b416b234,588,588,True,boxed,,7233,0f57b62a10ad4a608dcc1acf5540655bb1aed48753881d78ef7de98d22797110,f3747a3d31ccf6904919403c35cfa69d0ad21a69aca35000369b1396454b0038,eos,True,False,False,False,False,/home/qinch2023/v100_aime24_aime25_quality_work/Bounded-pattrenKV-method/results/aime25_full_causal25_quality_v100/formal/CAUSAL_V4_25/seed42/p01.json,b38e183801957f0cdad2065b5e0d0aa62cd7c7b1f4c314d3913e5684d3520d5c,aime25_full_causal25_quality_v100_formal,fb8a77b673acfff3,fe834cd7e99a06f2aec37bfb6c74173ad7fee7c9,3,Tesla V100-SXM2-32GB,2026-08-20T08:52:41.188298+00:00,2,2,128,16,128,128,causal_v4,0.25,0.25,segmented_rolling,deepseek_r1_recommended,CAUSAL_V4_25:seed42:p01
aime25,DeepSeek-R1-Distill-Llama-8B,6af5ef5a437b77f7fb395930f430a9a266efaa5ead3804aa92c8359e141f6185,CAUSAL_V4_25,CAUSAL_V4_25,patternkv,df086b3089b7912d,1,43,0,1043,aime25:p1:s0,822a4c6ec6a41f65151cbc731d9d4ce2bb7bbd0f2f39bd7622be1b99d28e0d9d,f27ac657e1ec0e7ef0a539a7c9c620ae,629622baf8d2584830c6b9967ecada73,b9fbc5449555d6be,bench/aime_answer_parser.py:a7ab4395529caaa2cfcd9cb5203a2dd00723ac90fcd96d12bea77494b416b234,588,588,True,boxed,,6822,a1d519e341ebfcc810e0f80edeb0ce58013de4df77313f07477f7a58ce6f7072,16fcca424049b40be3a8ce266623a46dabdb13527f47389fccaaea37ef925598,eos,True,False,False,False,False,/home/qinch2023/v100_aime24_aime25_quality_work/Bounded-pattrenKV-method/results/aime25_full_causal25_quality_v100/formal/CAUSAL_V4_25/seed43/p01.json,bf66b1431d1a003af258af345b4d354d004afe9d917e6f721fc06dcf997263d4,aime25_full_causal25_quality_v100_formal,fb8a77b673acfff3,fe834cd7e99a06f2aec37bfb6c74173ad7fee7c9,2,Tesla V100-SXM2-32GB,2026-08-20T08:55:26.156419+00:00,2,2,128,16,128,128,causal_v4,0.25,0.25,segmented_rolling,deepseek_r1_recommended,CAUSAL_V4_25:seed43:p01
aime25,DeepSeek-R1-Distill-Llama-8B,6af5ef5a437b77f7fb395930f430a9a266efaa5ead3804aa92c8359e141f6185,CAUSAL_V4_25,CAUSAL_V4_25,patternkv,df086b3089b7912d,1,44,0,1044,aime25:p1:s0,822a4c6ec6a41f65151cbc731d9d4ce2bb7bbd0f2f39bd7622be1b99d28e0d9d,f27ac657e1ec0e7ef0a539a7c9c620ae,629622baf8d2584830c6b9967ecada73,b9fbc5449555d6be,bench/aime_answer_parser.py:a7ab4395529caaa2cfcd9cb5203a2dd00723ac90fcd96d12bea77494b416b234,588,588,True,boxed,,9588,5f8b729a3eb220c91faa5aad6a1526d153fc00784a8967214389f30c3ac7bf09,32d828500278ae4aa41d8f34252907704ffdf23987b558ada2106a949181640a,eos,True,False,False,False,False,/home/qinch2023/v100_aime24_aime25_quality_work/Bounded-pattrenKV-method/results/aime25_full_causal25_quality_v100/formal/CAUSAL_V4_25/seed44/p01.json,60d65a866b9c8fdd25fbd651dc16c553d7eda44cec69bfec67ed59fa8a08dd49,aime25_full_causal25_quality_v100_formal,fb8a77b673acfff3,fe834cd7e99a06f2aec37bfb6c74173ad7fee7c9,3,Tesla V100-SXM2-32GB,2026-08-20T10:02:30.383748+00:00,2,2,128,16,128,128,causal_v4,0.25,0.25,segmented_rolling,deepseek_r1_recommended,CAUSAL_V4_25:seed44:p01
aime25,DeepSeek-R1-Distill-Llama-8B,6af5ef5a437b77f7fb395930f430a9a266efaa5ead3804aa92c8359e141f6185,CAUSAL_V4_25,CAUSAL_V4_25,patternkv,df086b3089b7912d,2,42,0,2042,aime25:p2:s0,822a4c6ec6a41f65151cbc731d9d4ce2bb7bbd0f2f39bd7622be1b99d28e0d9d,b154e4cd8a12766975f679d58960ab8a,2866b5231d051e8f25d26a381ea73cb1,b9fbc5449555d6be,bench/aime_answer_parser.py:a7ab4395529caaa2cfcd9cb5203a2dd00723ac90fcd96d12bea77494b416b234,16,16,True,boxed,,6299,6c6ab99b6aa5675d9c29ef2b6c9ce6feeaa22c9841b259e24e63e61d9d9b9b71,a9f21d492e54cf382e2566e3469c64c199c55778bff97fc2facbc2b916e114e2,eos,True,False,False,False,False,/home/qinch2023/v100_aime24_aime25_quality_work/Bounded-pattrenKV-method/results/aime25_full_causal25_quality_v100/formal/CAUSAL_V4_25/seed42/p02.json,031dfca105d0fed4826782df0e5861090b0db7988ecbe871a297b465685d8f2f,aime25_full_causal25_quality_v100_formal,fb8a77b673acfff3,fe834cd7e99a06f2aec37bfb6c74173ad7fee7c9,2,Tesla V100-SXM2-32GB,2026-08-20T09:36:12.994653+00:00,2,2,128,16,128,128,causal_v4,0.25,0.25,segmented_rolling,deepseek_r1_recommended,CAUSAL_V4_25:seed42:p02
aime25,DeepSeek-R1-Distill-Llama-8B,6af5ef5a437b77f7fb395930f430a9a266efaa5ead3804aa92c8359e141f6185,CAUSAL_V4_25,CAUSAL_V4_25,patternkv,df086b3089b7912d,2,43,0,2043,aime25:p2:s0,822a4c6ec6a41f65151cbc731d9d4ce2bb7bbd0f2f39bd7622be1b99d28e0d9d,b154e4cd8a12766975f679d58960ab8a,2866b5231d051e8f25d26a381ea73cb1,b9fbc5449555d6be,bench/aime_answer_parser.py:a7ab4395529caaa2cfcd9cb5203a2dd00723ac90fcd96d12bea77494b416b234,16,16,True,boxed,,4519,a96e58f49d4aecdc0e7d1d5eba6eb13ed637d218a2c49be9b03ca2e7d0b8ae34,6119724286e7491bc700ff4eb05e316a388155481a725799521655e5018f409c,eos,True,False,False,False,False,/home/qinch2023/v100_aime24_aime25_quality_work/Bounded-pattrenKV-method/results/aime25_full_causal25_quality_v100/formal/CAUSAL_V4_25/seed43/p02.json,18684fc8c6562ac9d6010ca35d05f836f0ecfd2b9c3410905e70cd5d266bb4cf,aime25_full_causal25_quality_v100_formal,fb8a77b673acfff3,fe834cd7e99a06f2aec37bfb6c74173ad7fee7c9,3,Tesla V100-SXM2-32GB,2026-08-20T10:29:47.924724+00:00,2,2,128,16,128,128,causal_v4,0.25,0.25,segmented_rolling,deepseek_r1_recommended,CAUSAL_V4_25:seed43:p02
aime25,DeepSeek-R1-Distill-Llama-8B,6af5ef5a437b77f7fb395930f430a9a266efaa5ead3804aa92c8359e141f6185,CAUSAL_V4_25,CAUSAL_V4_25,patternkv,df086b3089b7912d,2,44,0,2044,aime25:p2:s0,822a4c6ec6a41f65151cbc731d9d4ce2bb7bbd0f2f39bd7622be1b99d28e0d9d,b154e4cd8a12766975f679d58960ab8a,2866b5231d051e8f25d26a381ea73cb1,b9fbc5449555d6be,bench/aime_answer_parser.py:a7ab4395529caaa2cfcd9cb5203a2dd00723ac90fcd96d12bea77494b416b234,16,856,False,boxed,,6734,fea302b0d08d1cd7fd2f230bbbfefdf5d755fc2a5f09a2ae8450fc7d85742af7,60d616d50e27e6078cf46451eb6aa1141fed88cd3af180180c35167486891e35,eos,True,False,False,False,False,/home/qinch2023/v100_aime24_aime25_quality_work/Bounded-pattrenKV-method/results/aime25_full_causal25_quality_v100/formal/CAUSAL_V4_25/seed44/p02.json,bc3ba484a9e136bf0afca5b1a8c3edf0cc7392864ff6dcabc8c99f1e6e72229c,aime25_full_causal25_quality_v100_formal,fb8a77b673acfff3,fe834cd7e99a06f2aec37bfb6c74173ad7fee7c9,2,Tesla V100-SXM2-32GB,2026-08-20T10:22:34.776218+00:00,2,2,128,16,128,128,causal_v4,0.25,0.25,segmented_rolling,deepseek_r1_recommended,CAUSAL_V4_25:seed44:p02
aime25,DeepSeek-R1-Distill-Llama-8B,6af5ef5a437b77f7fb395930f430a9a266efaa5ead3804aa92c8359e141f6185,CAUSAL_V4_25,CAUSAL_V4_25,patternkv,df086b3089b7912d,3,42,0,3042,aime25:p3:s0,822a4c6ec6a41f65151cbc731d9d4ce2bb7bbd0f2f39bd7622be1b99d28e0d9d,4e23311d7dfa4b6070198c38eb9b1766,d1fa92f5cd63fe490269c257103e01f3,b9fbc5449555d6be,bench/aime_answer_parser.py:a7ab4395529caaa2cfcd9cb5203a2dd00723ac90fcd96d12bea77494b416b234,117,117,True,boxed,,9741,9170bc66b0512871155dc4d9c3da6074fde2c19b518429c999d3490d36be2729,f66b09136f138526d8eb9851781b5d3e3b0e7c5329b67dcdabd0a685b2012bde,eos,True,False,False,False,False,/home/qinch2023/v100_aime24_aime25_quality_work/Bounded-pattrenKV-method/results/aime25_full_causal25_quality_v100/formal/CAUSAL_V4_25/seed42/p03.json,e81bd5688ea671f04af95cb851924bd8e969200b82ddd1b0aa8c58997b5f7d72,aime25_full_causal25_quality_v100_formal,fb8a77b673acfff3,fe834cd7e99a06f2aec37bfb6c74173ad7fee7c9,3,Tesla V100-SXM2-32GB,2026-08-20T11:37:53.318921+00:00,2,2,128,16,128,128,causal_v4,0.25,0.25,segmented_rolling,deepseek_r1_recommended,CAUSAL_V4_25:seed42:p03
aime25,DeepSeek-R1-Distill-Llama-8B,6af5ef5a437b77f7fb395930f430a9a266efaa5ead3804aa92c8359e141f6185,CAUSAL_V4_25,CAUSAL_V4_25,patternkv,df086b3089b7912d,3,43,0,3043,aime25:p3:s0,822a4c6ec6a41f65151cbc731d9d4ce2bb7bbd0f2f39bd7622be1b99d28e0d9d,4e23311d7dfa4b6070198c38eb9b1766,d1fa92f5cd63fe490269c257103e01f3,b9fbc5449555d6be,bench/aime_answer_parser.py:a7ab4395529caaa2cfcd9cb5203a2dd00723ac90fcd96d12bea77494b416b234,117,119,False,boxed,,8711,8f4ef8bea8cb887d9a54d2135083cd90b460d54f8290f0e124070b0ae5db3628,b3c34b450493eaa0982ce35b7662062dedd982756927e0fb20bef4e099fb7101,eos,True,False,False,False,False,/home/qinch2023/v100_aime24_aime25_quality_work/Bounded-pattrenKV-method/results/aime25_full_causal25_quality_v100/formal/CAUSAL_V4_25/seed43/p03.json,24b0ce5f65bd25ae4f0deb1336aeb8e6b796aa2ce53282c623b600d4047db933,aime25_full_causal25_quality_v100_formal,fb8a77b673acfff3,fe834cd7e99a06f2aec37bfb6c74173ad7fee7c9,2,Tesla V100-SXM2-32GB,2026-08-20T11:20:48.934314+00:00,2,2,128,16,128,128,causal_v4,0.25,0.25,segmented_rolling,deepseek_r1_recommended,CAUSAL_V4_25:seed43:p03
aime25,DeepSeek-R1-Distill-Llama-8B,6af5ef5a437b77f7fb395930f430a9a266efaa5ead3804aa92c8359e141f6185,CAUSAL_V4_25,CAUSAL_V4_25,patternkv,df086b3089b7912d,3,44,0,3044,aime25:p3:s0,822a4c6ec6a41f65151cbc731d9d4ce2bb7bbd0f2f39bd7622be1b99d28e0d9d,4e23311d7dfa4b6070198c38eb9b1766,d1fa92f5cd63fe490269c257103e01f3,b9fbc5449555d6be,bench/aime_answer_parser.py:a7ab4395529caaa2cfcd9cb5203a2dd00723ac90fcd96d12bea77494b416b234,117,119,False,boxed,,10927,88091e094b16a99c290d6c605c32e6456aea4161788cae96be61fd7519ff5c53,3a8652cfc07530fa2f2f5fd3f104e7978bce2245ac17360ea118b5cb8fac19d4,eos,True,False,False,False,False,/home/qinch2023/v100_aime24_aime25_quality_work/Bounded-pattrenKV-method/results/aime25_full_causal25_quality_v100/formal/CAUSAL_V4_25/seed44/p03.json,8cb45542a30c14db71e14056c75cfd8316d5c433907a0a7938745b32d35b4a3a,aime25_full_causal25_quality_v100_formal,fb8a77b673acfff3,fe834cd7e99a06f2aec37bfb6c74173ad7fee7c9,3,Tesla V100-SXM2-32GB,2026-08-20T12:57:29.109077+00:00,2,2,128,16,128,128,causal_v4,0.25,0.25,segmented_rolling,deepseek_r1_recommended,CAUSAL_V4_25:seed44:p03
aime25,DeepSeek-R1-Distill-Llama-8B,6af5ef5a437b77f7fb395930f430a9a266efaa5ead3804aa92c8359e141f6185,CAUSAL_V4_25,CAUSAL_V4_25,patternkv,df086b3089b7912d,4,42,0,4042,aime25:p4:s0,822a4c6ec6a41f65151cbc731d9d4ce2bb7bbd0f2f39bd7622be1b99d28e0d9d,d203570dd2cb4a40c3a495a237a94e6c,6a7fd6c176065bae7457ed3de0e773d8,b9fbc5449555d6be,bench/aime_answer_parser.py:a7ab4395529caaa2cfcd9cb5203a2dd00723ac90fcd96d12bea77494b416b234,279,423,False,boxed,,12046,f082424ca1a70c98048d143f09eff4da96caa5f19baba8afb4f410e4224efaff,424e4e88b2e42208c01b7024602e616d674d12fd028fe269cae1b518bf8d8e46,eos,True,False,False,False,False,/home/qinch2023/v100_aime24_aime25_quality_work/Bounded-pattrenKV-method/results/aime25_full_causal25_quality_v100/formal/CAUSAL_V4_25/seed42/p04.json,f8f3fdd82357c3b3f4ca1e28a7c3f6648ee17af8404fa711a762fd1ce9820bb6,aime25_full_causal25_quality_v100_formal,fb8a77b673acfff3,fe834cd7e99a06f2aec37bfb6c74173ad7fee7c9,2,Tesla V100-SXM2-32GB,2026-08-20T12:50:46.401780+00:00,2,2,128,16,128,128,causal_v4,0.25,0.25,segmented_rolling,deepseek_r1_recommended,CAUSAL_V4_25:seed42:p04
aime25,DeepSeek-R1-Distill-Llama-8B,6af5ef5a437b77f7fb395930f430a9a266efaa5ead3804aa92c8359e141f6185,CAUSAL_V4_25,CAUSAL_V4_25,patternkv,df086b3089b7912d,4,43,0,4043,aime25:p4:s0,822a4c6ec6a41f65151cbc731d9d4ce2bb7bbd0f2f39bd7622be1b99d28e0d9d,d203570dd2cb4a40c3a495a237a94e6c,6a7fd6c176065bae7457ed3de0e773d8,b9fbc5449555d6be,bench/aime_answer_parser.py:a7ab4395529caaa2cfcd9cb5203a2dd00723ac90fcd96d12bea77494b416b234,279,24,False,tail_integer,,11741,61ff343c72deeb2716b53a671c7d34f7a2994a604627ddbb21955d89092325b7,d680fa1200df531f0cda83889c19648ae07cc646110531673f36867c754f1750,eos,True,False,False,False,False,/home/qinch2023/v100_aime24_aime25_quality_work/Bounded-pattrenKV-method/results/aime25_full_causal25_quality_v100/formal/CAUSAL_V4_25/seed43/p04.json,6962cc21bee62c5b49557480ce77a73df727e64ce8ddbe4a3321f0ebe4caae43,aime25_full_causal25_quality_v100_formal,fb8a77b673acfff3,fe834cd7e99a06f2aec37bfb6c74173ad7fee7c9,3,Tesla V100-SXM2-32GB,2026-08-20T14:26:28.797637+00:00,2,2,128,16,128,128,causal_v4,0.25,0.25,segmented_rolling,deepseek_r1_recommended,CAUSAL_V4_25:seed43:p04
aime25,DeepSeek-R1-Distill-Llama-8B,6af5ef5a437b77f7fb395930f430a9a266efaa5ead3804aa92c8359e141f6185,CAUSAL_V4_25,CAUSAL_V4_25,patternkv,df086b3089b7912d,4,44,0,4044,aime25:p4:s0,822a4c6ec6a41f65151cbc731d9d4ce2bb7bbd0f2f39bd7622be1b99d28e0d9d,d203570dd2cb4a40c3a495a237a94e6c,6a7fd6c176065bae7457ed3de0e773d8,b9fbc5449555d6be,bench/aime_answer_parser.py:a7ab4395529caaa2cfcd9cb5203a2dd00723ac90fcd96d12bea77494b416b234,279,855,False,boxed,,9371,eb8e295feac61b91c2aed488192f30f61d9fdf1f2fc43afb728ad6c274c84169,223ee70e30293865bb6333cbe59a3793929393f09c67626f4689ed0e66f4b769,eos,True,False,False,False,False,/home/qinch2023/v100_aime24_aime25_quality_work/Bounded-pattrenKV-method/results/aime25_full_causal25_quality_v100/formal/CAUSAL_V4_25/seed44/p04.json,641c67546edfc679392af82dcd8f4150b24b7151f12b703dd7e0adc32e2b9c75,aime25_full_causal25_quality_v100_formal,fb8a77b673acfff3,fe834cd7e99a06f2aec37bfb6c74173ad7fee7c9,2,Tesla V100-SXM2-32GB,2026-08-20T13:56:52.646687+00:00,2,2,128,16,128,128,causal_v4,0.25,0.25,segmented_rolling,deepseek_r1_recommended,CAUSAL_V4_25:seed44:p04
aime25,DeepSeek-R1-Distill-Llama-8B,6af5ef5a437b77f7fb395930f430a9a266efaa5ead3804aa92c8359e141f6185,CAUSAL_V4_25,CAUSAL_V4_25,patternkv,df086b3089b7912d,5,42,0,5042,aime25:p5:s0,822a4c6ec6a41f65151cbc731d9d4ce2bb7bbd0f2f39bd7622be1b99d28e0d9d,5604f42e3edc95e3611c2bb9092c3753,f3a79cd6beb69ce526004ce8289c1641,b9fbc5449555d6be,bench/aime_answer_parser.py:a7ab4395529caaa2cfcd9cb5203a2dd00723ac90fcd96d12bea77494b416b234,504,504,True,boxed,,2673,026ea7c855c676528ab686ca179601347cb6fdd679ab6d50b2606e98048123d2,5db6a4f59bc0d3a46b2f49b7a63e261fd8821d0a982aaedcb701247d7604540e,eos,True,False,False,False,False,/home/qinch2023/v100_aime24_aime25_quality_work/Bounded-pattrenKV-method/results/aime25_full_causal25_quality_v100/formal/CAUSAL_V4_25/seed42/p05.json,22a4df0969460f67c9d9b20578558dd52449ba676a2f70063cd431eb23844522,aime25_full_causal25_quality_v100_formal,fb8a77b673acfff3,fe834cd7e99a06f2aec37bfb6c74173ad7fee7c9,3,Tesla V100-SXM2-32GB,2026-08-20T14:40:30.126278+00:00,2,2,128,16,128,128,causal_v4,0.25,0.25,segmented_rolling,deepseek_r1_recommended,CAUSAL_V4_25:seed42:p05
aime25,DeepSeek-R1-Distill-Llama-8B,6af5ef5a437b77f7fb395930f430a9a266efaa5ead3804aa92c8359e141f6185,CAUSAL_V4_25,CAUSAL_V4_25,patternkv,df086b3089b7912d,5,43,0,5043,aime25:p5:s0,822a4c6ec6a41f65151cbc731d9d4ce2bb7bbd0f2f39bd7622be1b99d28e0d9d,5604f42e3edc95e3611c2bb9092c3753,f3a79cd6beb69ce526004ce8289c1641,b9fbc5449555d6be,bench/aime_answer_parser.py:a7ab4395529caaa2cfcd9cb5203a2dd00723ac90fcd96d12bea77494b416b234,504,504,True,boxed,,2852,fc21d08b9c521f527f3911fa283ec8c434973b2ec98639c254c1834845d573d0,39c8ee7e58c1550c42355a51e69c170c4d4ec16134a65665c6edf43280aefd53,eos,True,False,False,False,False,/home/qinch2023/v100_aime24_aime25_quality_work/Bounded-pattrenKV-method/results/aime25_full_causal25_quality_v100/formal/CAUSAL_V4_25/seed43/p05.json,a3db8a76ae472953c06c672a93acad33e5287e594550e94f01ced58dfd555f8a,aime25_full_causal25_quality_v100_formal,fb8a77b673acfff3,fe834cd7e99a06f2aec37bfb6c74173ad7fee7c9,2,Tesla V100-SXM2-32GB,2026-08-20T14:11:56.229172+00:00,2,2,128,16,128,128,causal_v4,0.25,0.25,segmented_rolling,deepseek_r1_recommended,CAUSAL_V4_25:seed43:p05
aime25,DeepSeek-R1-Distill-Llama-8B,6af5ef5a437b77f7fb395930f430a9a266efaa5ead3804aa92c8359e141f6185,CAUSAL_V4_25,CAUSAL_V4_25,patternkv,df086b3089b7912d,5,44,0,5044,aime25:p5:s0,822a4c6ec6a41f65151cbc731d9d4ce2bb7bbd0f2f39bd7622be1b99d28e0d9d,5604f42e3edc95e3611c2bb9092c3753,f3a79cd6beb69ce526004ce8289c1641,b9fbc5449555d6be,bench/aime_answer_parser.py:a7ab4395529caaa2cfcd9cb5203a2dd00723ac90fcd96d12bea77494b416b234,504,504,True,boxed,,2784,7f2d96909b813fbb69c6cd9c925f1e3c564ec6fe8bd99debef32860a591b8de8,55b4112bb6052e6b7b801d2393fbfd4c4b5f5ba9dde9ca1f473978f814b1f90d,eos,True,False,False,False,False,/home/qinch2023/v100_aime24_aime25_quality_work/Bounded-pattrenKV-method/results/aime25_full_causal25_quality_v100/formal/CAUSAL_V4_25/seed44/p05.json,d61a6b74d7ad5e2d072ccaf96d2038162ac16a7842c0a6a361d24f0784e31688,aime25_full_causal25_quality_v100_formal,fb8a77b673acfff3,fe834cd7e99a06f2aec37bfb6c74173ad7fee7c9,3,Tesla V100-SXM2-32GB,2026-08-20T14:55:10.675135+00:00,2,2,128,16,128,128,causal_v4,0.25,0.25,segmented_rolling,deepseek_r1_recommended,CAUSAL_V4_25:seed44:p05
aime25,DeepSeek-R1-Distill-Llama-8B,6af5ef5a437b77f7fb395930f430a9a266efaa5ead3804aa92c8359e141f6185,CAUSAL_V4_25,CAUSAL_V4_25,patternkv,df086b3089b7912d,6,42,0,6042,aime25:p6:s0,822a4c6ec6a41f65151cbc731d9d4ce2bb7bbd0f2f39bd7622be1b99d28e0d9d,64a9ecdf5412d53e357a15aa766d1964,0118dd7f643d1d586b611f86a0df389e,b9fbc5449555d6be,bench/aime_answer_parser.py:a7ab4395529caaa2cfcd9cb5203a2dd00723ac90fcd96d12bea77494b416b234,821,,False,failure,,32768,ca7806cd838464b97fed3709da6066d72ec1ca6bde11fe6e08d2c0b9e44d56af,2db3e46d0e7950ad9502fbac63aec20531a1f602b5030b36d033e1b95457c8c2,length,False,True,True,False,False,/home/qinch2023/v100_aime24_aime25_quality_work/Bounded-pattrenKV-method/results/aime25_full_causal25_quality_v100/formal/CAUSAL_V4_25/seed42/p06.json,31f10fc8a49946562208429394d021077b5c570d80125c514248833d30e18f71,aime25_full_causal25_quality_v100_formal,fb8a77b673acfff3,fe834cd7e99a06f2aec37bfb6c74173ad7fee7c9,2,Tesla V100-SXM2-32GB,2026-08-20T21:10:51.547080+00:00,2,2,128,16,128,128,causal_v4,0.25,0.25,segmented_rolling,deepseek_r1_recommended,CAUSAL_V4_25:seed42:p06
aime25,DeepSeek-R1-Distill-Llama-8B,6af5ef5a437b77f7fb395930f430a9a266efaa5ead3804aa92c8359e141f6185,CAUSAL_V4_25,CAUSAL_V4_25,patternkv,df086b3089b7912d,6,43,0,6043,aime25:p6:s0,822a4c6ec6a41f65151cbc731d9d4ce2bb7bbd0f2f39bd7622be1b99d28e0d9d,64a9ecdf5412d53e357a15aa766d1964,0118dd7f643d1d586b611f86a0df389e,b9fbc5449555d6be,bench/aime_answer_parser.py:a7ab4395529caaa2cfcd9cb5203a2dd00723ac90fcd96d12bea77494b416b234,821,0,False,boxed,,15334,6952dd1222ef83e68fc45dfcfb17f759eda5add0c84daf844e88676d874022e8,8e3e736012197e1fbd36dee615d8a24a05e07e3f7c1bb2c1f5d2539146be2301,eos,True,False,False,False,False,/home/qinch2023/v100_aime24_aime25_quality_work/Bounded-pattrenKV-method/results/aime25_full_causal25_quality_v100/formal/CAUSAL_V4_25/seed43/p06.json,abe2826f2b55727a965c85f33f773829fa9ea143e0a9c7f1735dc8d78dc9bf02,aime25_full_causal25_quality_v100_formal,fb8a77b673acfff3,fe834cd7e99a06f2aec37bfb6c74173ad7fee7c9,3,Tesla V100-SXM2-32GB,2026-08-20T17:02:06.790935+00:00,2,2,128,16,128,128,causal_v4,0.25,0.25,segmented_rolling,deepseek_r1_recommended,CAUSAL_V4_25:seed43:p06
aime25,DeepSeek-R1-Distill-Llama-8B,6af5ef5a437b77f7fb395930f430a9a266efaa5ead3804aa92c8359e141f6185,CAUSAL_V4_25,CAUSAL_V4_25,patternkv,df086b3089b7912d,6,44,0,6044,aime25:p6:s0,822a4c6ec6a41f65151cbc731d9d4ce2bb7bbd0f2f39bd7622be1b99d28e0d9d,64a9ecdf5412d53e357a15aa766d1964,0118dd7f643d1d586b611f86a0df389e,b9fbc5449555d6be,bench/aime_answer_parser.py:a7ab4395529caaa2cfcd9cb5203a2dd00723ac90fcd96d12bea77494b416b234,821,12,False,boxed,,5810,5f742b0ff25b2c22187192f5f62f0b2f155c889d08fddfa6aa51e8ab0236ff3d,ccc1637a16fdef54a7b7a6647e09b68beb63564c7dce86e47c692e1e7c99a76d,eos,True,False,False,False,False,/home/qinch2023/v100_aime24_aime25_quality_work/Bounded-pattrenKV-method/results/aime25_full_causal25_quality_v100/formal/CAUSAL_V4_25/seed44/p06.json,ffeecc805910ace6618ff5ef64e739a0d5257b07de456f00b185e119318de3f8,aime25_full_causal25_quality_v100_formal,fb8a77b673acfff3,fe834cd7e99a06f2aec37bfb6c74173ad7fee7c9,2,Tesla V100-SXM2-32GB,2026-08-20T21:49:17.150428+00:00,2,2,128,16,128,128,causal_v4,0.25,0.25,segmented_rolling,deepseek_r1_recommended,CAUSAL_V4_25:seed44:p06
aime25,DeepSeek-R1-Distill-Llama-8B,6af5ef5a437b77f7fb395930f430a9a266efaa5ead3804aa92c8359e141f6185,CAUSAL_V4_25,CAUSAL_V4_25,patternkv,df086b3089b7912d,7,42,0,7042,aime25:p7:s0,822a4c6ec6a41f65151cbc731d9d4ce2bb7bbd0f2f39bd7622be1b99d28e0d9d,e48e26a548dbc997ebb4ec40aed20ce2,b999bcfa740ff9dea815d3ee103b6b23,b9fbc5449555d6be,bench/aime_answer_parser.py:a7ab4395529caaa2cfcd9cb5203a2dd00723ac90fcd96d12bea77494b416b234,77,77,True,boxed,,3030,2c92748c76aa1fa61421d17928ffbf4ae412f4b218de29e9a84cfb29cee0b628,770ed0bbe888d97e4107f37cdf36a96f35c766ea151e317eb391049f10929d44,eos,True,False,False,False,False,/home/qinch2023/v100_aime24_aime25_quality_work/Bounded-pattrenKV-method/results/aime25_full_causal25_quality_v100/formal/CAUSAL_V4_25/seed42/p07.json,5804f38dc21cc0e58159019e566213e301be9237bef1b58bbae30f403a6d0d83,aime25_full_causal25_quality_v100_formal,fb8a77b673acfff3,fe834cd7e99a06f2aec37bfb6c74173ad7fee7c9,3,Tesla V100-SXM2-32GB,2026-08-20T17:18:18.915104+00:00,2,2,128,16,128,128,causal_v4,0.25,0.25,segmented_rolling,deepseek_r1_recommended,CAUSAL_V4_25:seed42:p07
aime25,DeepSeek-R1-Distill-Llama-8B,6af5ef5a437b77f7fb395930f430a9a266efaa5ead3804aa92c8359e141f6185,CAUSAL_V4_25,CAUSAL_V4_25,patternkv,df086b3089b7912d,7,43,0,7043,aime25:p7:s0,822a4c6ec6a41f65151cbc731d9d4ce2bb7bbd0f2f39bd7622be1b99d28e0d9d,e48e26a548dbc997ebb4ec40aed20ce2,b999bcfa740ff9dea815d3ee103b6b23,b9fbc5449555d6be,bench/aime_answer_parser.py:a7ab4395529caaa2cfcd9cb5203a2dd00723ac90fcd96d12bea77494b416b234,77,77,True,boxed,,11721,6582a1599d66889ec6f3160fa2c3ea88aefd4c5db0a444441506063545373134,13eb07c629fff49caabb9b1ee64a6ef0af5eccc2d2387aa6b9a096d683c2eea5,eos,True,False,False,False,False,/home/qinch2023/v100_aime24_aime25_quality_work/Bounded-pattrenKV-method/results/aime25_full_causal25_quality_v100/formal/CAUSAL_V4_25/seed43/p07.json,ec633288e55f7cd423ce079acea75b04eb8cd464db868fbf91a45a4199b450a6,aime25_full_causal25_quality_v100_formal,fb8a77b673acfff3,fe834cd7e99a06f2aec37bfb6c74173ad7fee7c9,2,Tesla V100-SXM2-32GB,2026-08-20T23:16:16.466757+00:00,2,2,128,16,128,128,causal_v4,0.25,0.25,segmented_rolling,deepseek_r1_recommended,CAUSAL_V4_25:seed43:p07
aime25,DeepSeek-R1-Distill-Llama-8B,6af5ef5a437b77f7fb395930f430a9a266efaa5ead3804aa92c8359e141f6185,CAUSAL_V4_25,CAUSAL_V4_25,patternkv,df086b3089b7912d,7,44,0,7044,aime25:p7:s0,822a4c6ec6a41f65151cbc731d9d4ce2bb7bbd0f2f39bd7622be1b99d28e0d9d,e48e26a548dbc997ebb4ec40aed20ce2,b999bcfa740ff9dea815d3ee103b6b23,b9fbc5449555d6be,bench/aime_answer_parser.py:a7ab4395529caaa2cfcd9cb5203a2dd00723ac90fcd96d12bea77494b416b234,77,77,True,boxed,,4276,febf623cfc994a15572573db1ae0af1ca7435a15276238d13e6af5e9b94fbd54,696919d93ead73daa8432a7a9cfb4521000f92b100f457778be9976178dbefad,eos,True,False,False,False,False,/home/qinch2023/v100_aime24_aime25_quality_work/Bounded-pattrenKV-method/results/aime25_full_causal25_quality_v100/formal/CAUSAL_V4_25/seed44/p07.json,e8737b58ebb33bcea768b9e14ca0cfb9f2f14cbe744dc2c87e74d49df0792e14,aime25_full_causal25_quality_v100_formal,fb8a77b673acfff3,fe834cd7e99a06f2aec37bfb6c74173ad7fee7c9,3,Tesla V100-SXM2-32GB,2026-08-20T17:42:27.189783+00:00,2,2,128,16,128,128,causal_v4,0.25,0.25,segmented_rolling,deepseek_r1_recommended,CAUSAL_V4_25:seed44:p07
aime25,DeepSeek-R1-Distill-Llama-8B,6af5ef5a437b77f7fb395930f430a9a266efaa5ead3804aa92c8359e141f6185,CAUSAL_V4_25,CAUSAL_V4_25,patternkv,df086b3089b7912d,8,42,0,8042,aime25:p8:s0,822a4c6ec6a41f65151cbc731d9d4ce2bb7bbd0f2f39bd7622be1b99d28e0d9d,abe1b13843ffd34319fb6020222c465e,424ea0bf42bd95a9daf62f57743d4f41,b9fbc5449555d6be,bench/aime_answer_parser.py:a7ab4395529caaa2cfcd9cb5203a2dd00723ac90fcd96d12bea77494b416b234,62,100,False,tail_integer,,32768,1a6d08929abcec9ba402828b9b3adf5199382c88425dfa9258410a52d5729ad2,f29762f3a84328521532d3a22d1856a7b11f4e3dfd3fd34f39f49f5009ffb83a,length,False,True,True,False,False,/home/qinch2023/v100_aime24_aime25_quality_work/Bounded-pattrenKV-method/results/aime25_full_causal25_quality_v100/formal/CAUSAL_V4_25/seed42/p08.json,e7004e8d60cf57828ef99a2a5b1d8568aa5b3e8019a3667d0639b5c3c3e4832f,aime25_full_causal25_quality_v100_formal,fb8a77b673acfff3,fe834cd7e99a06f2aec37bfb6c74173ad7fee7c9,2,Tesla V100-SXM2-32GB,2026-08-21T06:10:01.848125+00:00,2,2,128,16,128,128,causal_v4,0.25,0.25,segmented_rolling,deepseek_r1_recommended,CAUSAL_V4_25:seed42:p08
aime25,DeepSeek-R1-Distill-Llama-8B,6af5ef5a437b77f7fb395930f430a9a266efaa5ead3804aa92c8359e141f6185,CAUSAL_V4_25,CAUSAL_V4_25,patternkv,df086b3089b7912d,8,43,0,8043,aime25:p8:s0,822a4c6ec6a41f65151cbc731d9d4ce2bb7bbd0f2f39bd7622be1b99d28e0d9d,abe1b13843ffd34319fb6020222c465e,424ea0bf42bd95a9daf62f57743d4f41,b9fbc5449555d6be,bench/aime_answer_parser.py:a7ab4395529caaa2cfcd9cb5203a2dd00723ac90fcd96d12bea77494b416b234,62,3,False,tail_integer,,32768,32fb3e9fd4a6fa5fea4b15dfac262b49bb587ae4771be7ce3722a662fa8d8994,452caaf616abbf5e7bc43b9d822ea798c6da315ad42bd9029d15e19cc85b6e27,length,False,True,True,False,False,/home/qinch2023/v100_aime24_aime25_quality_work/Bounded-pattrenKV-method/results/aime25_full_causal25_quality_v100/formal/CAUSAL_V4_25/seed43/p08.json,2b6b7f86239144d61146654ab2aa4f4da60b0919a301fa2ab748ddd7c5bdd1ef,aime25_full_causal25_quality_v100_formal,fb8a77b673acfff3,fe834cd7e99a06f2aec37bfb6c74173ad7fee7c9,3,Tesla V100-SXM2-32GB,2026-08-21T00:34:27.206315+00:00,2,2,128,16,128,128,causal_v4,0.25,0.25,segmented_rolling,deepseek_r1_recommended,CAUSAL_V4_25:seed43:p08
aime25,DeepSeek-R1-Distill-Llama-8B,6af5ef5a437b77f7fb395930f430a9a266efaa5ead3804aa92c8359e141f6185,CAUSAL_V4_25,CAUSAL_V4_25,patternkv,df086b3089b7912d,8,44,0,8044,aime25:p8:s0,822a4c6ec6a41f65151cbc731d9d4ce2bb7bbd0f2f39bd7622be1b99d28e0d9d,abe1b13843ffd34319fb6020222c465e,424ea0bf42bd95a9daf62f57743d4f41,b9fbc5449555d6be,bench/aime_answer_parser.py:a7ab4395529caaa2cfcd9cb5203a2dd00723ac90fcd96d12bea77494b416b234,62,26,False,boxed,,30868,b7aa2633def6d6af6214c947dbc9dc8090ed45df0d38ca936724cea2812a8f32,7576a1b68704084c02ee03b17074445bd8698060c6a4b192aa2cf6ffc4ab7176,eos,True,False,False,False,False,/home/qinch2023/v100_aime24_aime25_quality_work/Bounded-pattrenKV-method/results/aime25_full_causal25_quality_v100/formal/CAUSAL_V4_25/seed44/p08.json,12da3f007350b0f2b0431dd124fb6c035de49d0de6695d929090e0e317108f79,aime25_full_causal25_quality_v100_formal,fb8a77b673acfff3,fe834cd7e99a06f2aec37bfb6c74173ad7fee7c9,2,Tesla V100-SXM2-32GB,2026-08-21T12:45:09.903684+00:00,2,2,128,16,128,128,causal_v4,0.25,0.25,segmented_rolling,deepseek_r1_recommended,CAUSAL_V4_25:seed44:p08
aime25,DeepSeek-R1-Distill-Llama-8B,6af5ef5a437b77f7fb395930f430a9a266efaa5ead3804aa92c8359e141f6185,CAUSAL_V4_25,CAUSAL_V4_25,patternkv,df086b3089b7912d,9,42,0,9042,aime25:p9:s0,822a4c6ec6a41f65151cbc731d9d4ce2bb7bbd0f2f39bd7622be1b99d28e0d9d,eb00d45669943e5290559cf2bad97710,40123f77320631173972c9988f97c095,b9fbc5449555d6be,bench/aime_answer_parser.py:a7ab4395529caaa2cfcd9cb5203a2dd00723ac90fcd96d12bea77494b416b234,81,,False,failure,,32768,213ffd38ff6f8e8ecbaa238aa44b85db54b242bff378213432f80420207101ad,473b5ed6706ac5a4aa35daaa7f69a8ae4a82d3e2c1717a6e4a858edb4c1a50d4,length,False,True,True,False,False,/home/qinch2023/v100_aime24_aime25_quality_work/Bounded-pattrenKV-method/results/aime25_full_causal25_quality_v100/formal/CAUSAL_V4_25/seed42/p09.json,04dc6457bd98cf8454d6681b3f7968c1deb9fce0460bf4a2f16baf1bc3dfc2db,aime25_full_causal25_quality_v100_formal,fb8a77b673acfff3,fe834cd7e99a06f2aec37bfb6c74173ad7fee7c9,3,Tesla V100-SXM2-32GB,2026-08-21T07:40:10.693192+00:00,2,2,128,16,128,128,causal_v4,0.25,0.25,segmented_rolling,deepseek_r1_recommended,CAUSAL_V4_25:seed42:p09
aime25,DeepSeek-R1-Distill-Llama-8B,6af5ef5a437b77f7fb395930f430a9a266efaa5ead3804aa92c8359e141f6185,CAUSAL_V4_25,CAUSAL_V4_25,patternkv,df086b3089b7912d,9,43,0,9043,aime25:p9:s0,822a4c6ec6a41f65151cbc731d9d4ce2bb7bbd0f2f39bd7622be1b99d28e0d9d,eb00d45669943e5290559cf2bad97710,40123f77320631173972c9988f97c095,b9fbc5449555d6be,bench/aime_answer_parser.py:a7ab4395529caaa2cfcd9cb5203a2dd00723ac90fcd96d12bea77494b416b234,81,114,False,boxed,,10963,2d2b43b25b5092e902f0093e35f5730fa6b0daa386f4da638a17dd3b8df506c9,e9f1ed56a89ec27dd24ea2caa24a9d1c6d8bf3d7465dd85eb16b4d092a5bd674,eos,True,False,False,False,False,/home/qinch2023/v100_aime24_aime25_quality_work/Bounded-pattrenKV-method/results/aime25_full_causal25_quality_v100/formal/CAUSAL_V4_25/seed43/p09.json,206a062ba54b605e8db99e01248b2b8d0a0ff87cfea5f654586ce2a61a84f1a2,aime25_full_causal25_quality_v100_formal,fb8a77b673acfff3,fe834cd7e99a06f2aec37bfb6c74173ad7fee7c9,2,Tesla V100-SXM2-32GB,2026-08-21T14:11:30.425878+00:00,2,2,128,16,128,128,causal_v4,0.25,0.25,segmented_rolling,deepseek_r1_recommended,CAUSAL_V4_25:seed43:p09
aime25,DeepSeek-R1-Distill-Llama-8B,6af5ef5a437b77f7fb395930f430a9a266efaa5ead3804aa92c8359e141f6185,CAUSAL_V4_25,CAUSAL_V4_25,patternkv,df086b3089b7912d,9,44,0,9044,aime25:p9:s0,822a4c6ec6a41f65151cbc731d9d4ce2bb7bbd0f2f39bd7622be1b99d28e0d9d,eb00d45669943e5290559cf2bad97710,40123f77320631173972c9988f97c095,b9fbc5449555d6be,bench/aime_answer_parser.py:a7ab4395529caaa2cfcd9cb5203a2dd00723ac90fcd96d12bea77494b416b234,81,9,False,tail_integer,,32768,c9f781f7c5b12af72084f8216940540a164e8f32fb28f38f3e7895f470b80afe,04564ff33797f07922b473ee4b8f9d164785d684d5ff57cf0d82d1f3d6a738fd,length,False,True,True,False,False,/home/qinch2023/v100_aime24_aime25_quality_work/Bounded-pattrenKV-method/results/aime25_full_causal25_quality_v100/formal/CAUSAL_V4_25/seed44/p09.json,18b343e5eec6ee2910fbba4a2f2795a88531d9c5bb796e2059ef98d40168d912,aime25_full_causal25_quality_v100_formal,fb8a77b673acfff3,fe834cd7e99a06f2aec37bfb6c74173ad7fee7c9,3,Tesla V100-SXM2-32GB,2026-08-21T14:38:22.258638+00:00,2,2,128,16,128,128,causal_v4,0.25,0.25,segmented_rolling,deepseek_r1_recommended,CAUSAL_V4_25:seed44:p09
aime25,DeepSeek-R1-Distill-Llama-8B,6af5ef5a437b77f7fb395930f430a9a266efaa5ead3804aa92c8359e141f6185,CAUSAL_V4_25,CAUSAL_V4_25,patternkv,df086b3089b7912d,10,42,0,10042,aime25:p10:s0,822a4c6ec6a41f65151cbc731d9d4ce2bb7bbd0f2f39bd7622be1b99d28e0d9d,d2ed0dcf88321e998d60fcd3c69c9026,0f8e537044bef92fb63caf29fbff2e16,b9fbc5449555d6be,bench/aime_answer_parser.py:a7ab4395529caaa2cfcd9cb5203a2dd00723ac90fcd96d12bea77494b416b234,259,34,False,tail_integer,,32768,8c9f02d2add700bcd8a20d586e734b210e8ed23758cf611c0878a80099c66bb4,20a687aaf09b2755b174f3d3aa0c70573d9c2403471a1c02aee118e62f8114aa,length,False,True,True,False,False,/home/qinch2023/v100_aime24_aime25_quality_work/Bounded-pattrenKV-method/results/aime25_full_causal25_quality_v100/formal/CAUSAL_V4_25/seed42/p10.json,b997b0265f198794f9ef1805a251c564304a77fe98395700b7d2da54717798fc,aime25_full_causal25_quality_v100_formal,fb8a77b673acfff3,fe834cd7e99a06f2aec37bfb6c74173ad7fee7c9,2,Tesla V100-SXM2-32GB,2026-08-21T21:21:27.593904+00:00,2,2,128,16,128,128,causal_v4,0.25,0.25,segmented_rolling,deepseek_r1_recommended,CAUSAL_V4_25:seed42:p10
aime25,DeepSeek-R1-Distill-Llama-8B,6af5ef5a437b77f7fb395930f430a9a266efaa5ead3804aa92c8359e141f6185,CAUSAL_V4_25,CAUSAL_V4_25,patternkv,df086b3089b7912d,10,43,0,10043,aime25:p10:s0,822a4c6ec6a41f65151cbc731d9d4ce2bb7bbd0f2f39bd7622be1b99d28e0d9d,d2ed0dcf88321e998d60fcd3c69c9026,0f8e537044bef92fb63caf29fbff2e16,b9fbc5449555d6be,bench/aime_answer_parser.py:a7ab4395529caaa2cfcd9cb5203a2dd00723ac90fcd96d12bea77494b416b234,259,44,False,boxed,,23724,80b6a1dfd1a168bb748a73e7ddb21dd96cf0ace9f543d27be8afdb5f0b47db0e,20bfd0420005b0d35b01a86db5eefdd586a73c82f2b68440eac63a70b5f3d00c,eos,True,False,False,False,False,/home/qinch2023/v100_aime24_aime25_quality_work/Bounded-pattrenKV-method/results/aime25_full_causal25_quality_v100/formal/CAUSAL_V4_25/seed43/p10.json,bf934d40a02b2699a763b085cc7db09d310fd31212e06639417aa1d4cefeafea,aime25_full_causal25_quality_v100_formal,fb8a77b673acfff3,fe834cd7e99a06f2aec37bfb6c74173ad7fee7c9,3,Tesla V100-SXM2-32GB,2026-08-21T18:52:53.141278+00:00,2,2,128,16,128,128,causal_v4,0.25,0.25,segmented_rolling,deepseek_r1_recommended,CAUSAL_V4_25:seed43:p10
aime25,DeepSeek-R1-Distill-Llama-8B,6af5ef5a437b77f7fb395930f430a9a266efaa5ead3804aa92c8359e141f6185,CAUSAL_V4_25,CAUSAL_V4_25,patternkv,df086b3089b7912d,10,44,0,10044,aime25:p10:s0,822a4c6ec6a41f65151cbc731d9d4ce2bb7bbd0f2f39bd7622be1b99d28e0d9d,d2ed0dcf88321e998d60fcd3c69c9026,0f8e537044bef92fb63caf29fbff2e16,b9fbc5449555d6be,bench/aime_answer_parser.py:a7ab4395529caaa2cfcd9cb5203a2dd00723ac90fcd96d12bea77494b416b234,259,189,False,boxed,,20665,e3a88f57b0ba00ff3f672e59e75a3a760ebd64eee05b53e22d3e7722c67a9ff5,73d770576f2a5b3da13de3ec5c942024daf6816d7132107448ce54d21c33dd91,eos,True,False,False,False,False,/home/qinch2023/v100_aime24_aime25_quality_work/Bounded-pattrenKV-method/results/aime25_full_causal25_quality_v100/formal/CAUSAL_V4_25/seed44/p10.json,180410edc59b85c511f3f5980f315e40ad00b42bd7dbba1991295ef4ac3cbbb9,aime25_full_causal25_quality_v100_formal,fb8a77b673acfff3,fe834cd7e99a06f2aec37bfb6c74173ad7fee7c9,2,Tesla V100-SXM2-32GB,2026-08-22T00:50:49.944439+00:00,2,2,128,16,128,128,causal_v4,0.25,0.25,segmented_rolling,deepseek_r1_recommended,CAUSAL_V4_25:seed44:p10
aime25,DeepSeek-R1-Distill-Llama-8B,6af5ef5a437b77f7fb395930f430a9a266efaa5ead3804aa92c8359e141f6185,CAUSAL_V4_25,CAUSAL_V4_25,patternkv,df086b3089b7912d,11,42,0,11042,aime25:p11:s0,822a4c6ec6a41f65151cbc731d9d4ce2bb7bbd0f2f39bd7622be1b99d28e0d9d,d9333fd9433fc6e62c7889822ef91441,8af875bdb7646b0ec7a7c973e0fa93dc,b9fbc5449555d6be,bench/aime_answer_parser.py:a7ab4395529caaa2cfcd9cb5203a2dd00723ac90fcd96d12bea77494b416b234,510,41,False,boxed,,22576,230d6158ff3e5be1adb1490866f87ee3dc736aa51834347b56c4318d52d4b422,4e007afda481bf8d409f0faa9dcedd9798a98fea96d39d5d853aa78eb41f6691,eos,True,False,False,False,False,/home/qinch2023/v100_aime24_aime25_quality_work/Bounded-pattrenKV-method/results/aime25_full_causal25_quality_v100/formal/CAUSAL_V4_25/seed42/p11.json,461c18d4f3b62de68138f06d2d34c19ef4027a710d0db4696200daeeb4b82dae,aime25_full_causal25_quality_v100_formal,fb8a77b673acfff3,fe834cd7e99a06f2aec37bfb6c74173ad7fee7c9,3,Tesla V100-SXM2-32GB,2026-08-21T22:42:06.720588+00:00,2,2,128,16,128,128,causal_v4,0.25,0.25,segmented_rolling,deepseek_r1_recommended,CAUSAL_V4_25:seed42:p11
aime25,DeepSeek-R1-Distill-Llama-8B,6af5ef5a437b77f7fb395930f430a9a266efaa5ead3804aa92c8359e141f6185,CAUSAL_V4_25,CAUSAL_V4_25,patternkv,df086b3089b7912d,11,43,0,11043,aime25:p11:s0,822a4c6ec6a41f65151cbc731d9d4ce2bb7bbd0f2f39bd7622be1b99d28e0d9d,d9333fd9433fc6e62c7889822ef91441,8af875bdb7646b0ec7a7c973e0fa93dc,b9fbc5449555d6be,bench/aime_answer_parser.py:a7ab4395529caaa2cfcd9cb5203a2dd00723ac90fcd96d12bea77494b416b234,510,52,False,boxed,,24108,7bc5b981c48abecb592f51ac710af18dca4ad20092973de2f84ef5c5bc14dab2,a138b0c81890e390deeda5e1d6adc7713f60b53a70e9d34db1e276942fd4b44e,eos,True,False,False,False,False,/home/qinch2023/v100_aime24_aime25_quality_work/Bounded-pattrenKV-method/results/aime25_full_causal25_quality_v100/formal/CAUSAL_V4_25/seed43/p11.json,35284070a9389ef3d192d39a62610ab7ec4308e4a7a4dab5a5723d56145a55c8,aime25_full_causal25_quality_v100_formal,fb8a77b673acfff3,fe834cd7e99a06f2aec37bfb6c74173ad7fee7c9,2,Tesla V100-SXM2-32GB,2026-08-22T05:08:58.609131+00:00,2,2,128,16,128,128,causal_v4,0.25,0.25,segmented_rolling,deepseek_r1_recommended,CAUSAL_V4_25:seed43:p11
aime25,DeepSeek-R1-Distill-Llama-8B,6af5ef5a437b77f7fb395930f430a9a266efaa5ead3804aa92c8359e141f6185,CAUSAL_V4_25,CAUSAL_V4_25,patternkv,df086b3089b7912d,11,44,0,11044,aime25:p11:s0,822a4c6ec6a41f65151cbc731d9d4ce2bb7bbd0f2f39bd7622be1b99d28e0d9d,d9333fd9433fc6e62c7889822ef91441,8af875bdb7646b0ec7a7c973e0fa93dc,b9fbc5449555d6be,bench/aime_answer_parser.py:a7ab4395529caaa2cfcd9cb5203a2dd00723ac90fcd96d12bea77494b416b234,510,3,False,tail_integer,,13069,8769f2f5beee9611dc81717ce06e5870927b2d193d048e218e30b7ac962cb904,1c40b3547029241507906be1b40bdee6e1e3977d32cbd5038d4ec1d4168fa4af,eos,True,False,False,False,False,/home/qinch2023/v100_aime24_aime25_quality_work/Bounded-pattrenKV-method/results/aime25_full_causal25_quality_v100/formal/CAUSAL_V4_25/seed44/p11.json,6ad2d3cec89e4cf48ad88d7cc4c1729447e8561fde5dbc3b5391212f24008442,aime25_full_causal25_quality_v100_formal,fb8a77b673acfff3,fe834cd7e99a06f2aec37bfb6c74173ad7fee7c9,3,Tesla V100-SXM2-32GB,2026-08-22T00:24:43.781321+00:00,2,2,128,16,128,128,causal_v4,0.25,0.25,segmented_rolling,deepseek_r1_recommended,CAUSAL_V4_25:seed44:p11
aime25,DeepSeek-R1-Distill-Llama-8B,6af5ef5a437b77f7fb395930f430a9a266efaa5ead3804aa92c8359e141f6185,CAUSAL_V4_25,CAUSAL_V4_25,patternkv,df086b3089b7912d,12,42,0,12042,aime25:p12:s0,822a4c6ec6a41f65151cbc731d9d4ce2bb7bbd0f2f39bd7622be1b99d28e0d9d,fd9591b94114b7e9172e5d8dec8bca1b,ba8692ed86b71a40ab3599135a7c18f6,b9fbc5449555d6be,bench/aime_answer_parser.py:a7ab4395529caaa2cfcd9cb5203a2dd00723ac90fcd96d12bea77494b416b234,204,437,False,final_answer_nearby_integer,,19939,2448220a22b4b91bba884e76c0b2f9c5c350d8c6f3bbd06d189dbe4661f6f433,c23c2acf3cfb7adb6e278db1bebea779198a827d377b6f339c28872f03ca1870,eos,True,False,False,False,False,/home/qinch2023/v100_aime24_aime25_quality_work/Bounded-pattrenKV-method/results/aime25_full_causal25_quality_v100/formal/CAUSAL_V4_25/seed42/p12.json,ad3b5bc689b5a3aef4c4f600de540b47f63933a3ab99763297cc0a214881c936,aime25_full_causal25_quality_v100_formal,fb8a77b673acfff3,fe834cd7e99a06f2aec37bfb6c74173ad7fee7c9,2,Tesla V100-SXM2-32GB,2026-08-22T08:15:34.754060+00:00,2,2,128,16,128,128,causal_v4,0.25,0.25,segmented_rolling,deepseek_r1_recommended,CAUSAL_V4_25:seed42:p12
aime25,DeepSeek-R1-Distill-Llama-8B,6af5ef5a437b77f7fb395930f430a9a266efaa5ead3804aa92c8359e141f6185,CAUSAL_V4_25,CAUSAL_V4_25,patternkv,df086b3089b7912d,12,43,0,12043,aime25:p12:s0,822a4c6ec6a41f65151cbc731d9d4ce2bb7bbd0f2f39bd7622be1b99d28e0d9d,fd9591b94114b7e9172e5d8dec8bca1b,ba8692ed86b71a40ab3599135a7c18f6,b9fbc5449555d6be,bench/aime_answer_parser.py:a7ab4395529caaa2cfcd9cb5203a2dd00723ac90fcd96d12bea77494b416b234,204,436,False,final_answer_nearby_integer,,14348,91b00bfcfcb9bdccb0d2790e1d06d8417bfb65572b0e1f7d48ea54ffbc4fa944,86d0982d4d3c17985eb9c3a30652ef3a6a1262d28602957f40b9717ea7d262f5,eos,True,False,False,False,False,/home/qinch2023/v100_aime24_aime25_quality_work/Bounded-pattrenKV-method/results/aime25_full_causal25_quality_v100/formal/CAUSAL_V4_25/seed43/p12.json,bed020cf1c9370a36e7f0636773e96755890cbbae52e135fb0847926b0e79941,aime25_full_causal25_quality_v100_formal,fb8a77b673acfff3,fe834cd7e99a06f2aec37bfb6c74173ad7fee7c9,3,Tesla V100-SXM2-32GB,2026-08-22T02:21:23.953051+00:00,2,2,128,16,128,128,causal_v4,0.25,0.25,segmented_rolling,deepseek_r1_recommended,CAUSAL_V4_25:seed43:p12
aime25,DeepSeek-R1-Distill-Llama-8B,6af5ef5a437b77f7fb395930f430a9a266efaa5ead3804aa92c8359e141f6185,CAUSAL_V4_25,CAUSAL_V4_25,patternkv,df086b3089b7912d,12,44,0,12044,aime25:p12:s0,822a4c6ec6a41f65151cbc731d9d4ce2bb7bbd0f2f39bd7622be1b99d28e0d9d,fd9591b94114b7e9172e5d8dec8bca1b,ba8692ed86b71a40ab3599135a7c18f6,b9fbc5449555d6be,bench/aime_answer_parser.py:a7ab4395529caaa2cfcd9cb5203a2dd00723ac90fcd96d12bea77494b416b234,204,279,False,boxed,,15664,83864813ec0603e3ec610ec496e5ce011fd3b8d002b67f10bc150e6f664787c6,610fc49fbb6aa47f9a87bb23aff243ccb7653237ad772c330c0f288da2ca5983,eos,True,False,False,False,False,/home/qinch2023/v100_aime24_aime25_quality_work/Bounded-pattrenKV-method/results/aime25_full_causal25_quality_v100/formal/CAUSAL_V4_25/seed44/p12.json,a59923c7bae28aa896c03f15bbab048429d310bbfbbaf77c92ef3a6e992903f3,aime25_full_causal25_quality_v100_formal,fb8a77b673acfff3,fe834cd7e99a06f2aec37bfb6c74173ad7fee7c9,2,Tesla V100-SXM2-32GB,2026-08-22T10:26:09.661545+00:00,2,2,128,16,128,128,causal_v4,0.25,0.25,segmented_rolling,deepseek_r1_recommended,CAUSAL_V4_25:seed44:p12
aime25,DeepSeek-R1-Distill-Llama-8B,6af5ef5a437b77f7fb395930f430a9a266efaa5ead3804aa92c8359e141f6185,CAUSAL_V4_25,CAUSAL_V4_25,patternkv,df086b3089b7912d,13,42,0,13042,aime25:p13:s0,822a4c6ec6a41f65151cbc731d9d4ce2bb7bbd0f2f39bd7622be1b99d28e0d9d,8b9fd09c7613cbd09c39c7a7d58d3bed,b0b53f6ebe1c861f8a39a672489a18bc,b9fbc5449555d6be,bench/aime_answer_parser.py:a7ab4395529caaa2cfcd9cb5203a2dd00723ac90fcd96d12bea77494b416b234,60,20,False,tail_integer,,32768,9c680e4d37720d956d8d304000f659243aec1112b196f759c966c8d24cdfbf1b,2f98cd752da49d9a1c531f100f0b7b91985abf9aa34cd115da511b997e65d48c,length,False,True,True,False,False,/home/qinch2023/v100_aime24_aime25_quality_work/Bounded-pattrenKV-method/results/aime25_full_causal25_quality_v100/formal/CAUSAL_V4_25/seed42/p13.json,44882831d58820ccb6430be7c6dec5d8e2c69608f5dcfdbfecd97fdb1f3fb699,aime25_full_causal25_quality_v100_formal,fb8a77b673acfff3,fe834cd7e99a06f2aec37bfb6c74173ad7fee7c9,3,Tesla V100-SXM2-32GB,2026-08-22T09:18:57.290614+00:00,2,2,128,16,128,128,causal_v4,0.25,0.25,segmented_rolling,deepseek_r1_recommended,CAUSAL_V4_25:seed42:p13
aime25,DeepSeek-R1-Distill-Llama-8B,6af5ef5a437b77f7fb395930f430a9a266efaa5ead3804aa92c8359e141f6185,CAUSAL_V4_25,CAUSAL_V4_25,patternkv,df086b3089b7912d,13,43,0,13043,aime25:p13:s0,822a4c6ec6a41f65151cbc731d9d4ce2bb7bbd0f2f39bd7622be1b99d28e0d9d,8b9fd09c7613cbd09c39c7a7d58d3bed,b0b53f6ebe1c861f8a39a672489a18bc,b9fbc5449555d6be,bench/aime_answer_parser.py:a7ab4395529caaa2cfcd9cb5203a2dd00723ac90fcd96d12bea77494b416b234,60,1,False,tail_integer,,24096,56834a8744aa54154802edd8a9a25c20cc406982d2d4b2af06be1fb24602993d,99211b06d584abb7a6794e09d39a4b0278d75fdb514b0e1831c4ff57c86c1c37,eos,True,False,False,False,False,/home/qinch2023/v100_aime24_aime25_quality_work/Bounded-pattrenKV-method/results/aime25_full_causal25_quality_v100/formal/CAUSAL_V4_25/seed43/p13.json,8f85bb764a80bcc633a4c0ae8aac829e4818df4a93c97536ccc70c19a0158891,aime25_full_causal25_quality_v100_formal,fb8a77b673acfff3,fe834cd7e99a06f2aec37bfb6c74173ad7fee7c9,2,Tesla V100-SXM2-32GB,2026-08-22T14:41:00.871006+00:00,2,2,128,16,128,128,causal_v4,0.25,0.25,segmented_rolling,deepseek_r1_recommended,CAUSAL_V4_25:seed43:p13
aime25,DeepSeek-R1-Distill-Llama-8B,6af5ef5a437b77f7fb395930f430a9a266efaa5ead3804aa92c8359e141f6185,CAUSAL_V4_25,CAUSAL_V4_25,patternkv,df086b3089b7912d,13,44,0,13044,aime25:p13:s0,822a4c6ec6a41f65151cbc731d9d4ce2bb7bbd0f2f39bd7622be1b99d28e0d9d,8b9fd09c7613cbd09c39c7a7d58d3bed,b0b53f6ebe1c861f8a39a672489a18bc,b9fbc5449555d6be,bench/aime_answer_parser.py:a7ab4395529caaa2cfcd9cb5203a2dd00723ac90fcd96d12bea77494b416b234,60,84,False,boxed,,25172,2aee4b2a61ad5c53d39eecf291d9f3634049153d60140fbf406619383cd5d348,01aa4a2abd5e6ef26a3e7653699d5bb1097bd9bfa4d5422893fd219ed3bd7346,eos,True,False,False,False,False,/home/qinch2023/v100_aime24_aime25_quality_work/Bounded-pattrenKV-method/results/aime25_full_causal25_quality_v100/formal/CAUSAL_V4_25/seed44/p13.json,94e61f43c86847c588397495bf255d9b28d247bb497569b75c0bc7880dbffbc0,aime25_full_causal25_quality_v100_formal,fb8a77b673acfff3,fe834cd7e99a06f2aec37bfb6c74173ad7fee7c9,3,Tesla V100-SXM2-32GB,2026-08-22T13:52:14.053185+00:00,2,2,128,16,128,128,causal_v4,0.25,0.25,segmented_rolling,deepseek_r1_recommended,CAUSAL_V4_25:seed44:p13
aime25,DeepSeek-R1-Distill-Llama-8B,6af5ef5a437b77f7fb395930f430a9a266efaa5ead3804aa92c8359e141f6185,CAUSAL_V4_25,CAUSAL_V4_25,patternkv,df086b3089b7912d,14,42,0,14042,aime25:p14:s0,822a4c6ec6a41f65151cbc731d9d4ce2bb7bbd0f2f39bd7622be1b99d28e0d9d,1c4e447bb7b97df2a0d3d87c6abf4cd2,b395f5cd385ad3807f97c5251bb6892b,b9fbc5449555d6be,bench/aime_answer_parser.py:a7ab4395529caaa2cfcd9cb5203a2dd00723ac90fcd96d12bea77494b416b234,735,447,False,boxed,,23105,d74380f3f4db756545da69b07279283a600601b5e16d628b590b68f03ff0697f,87e01867ee08552bc1f6610ca04ba5ae9b229648a7b0204a8d24004bff89ddf6,eos,True,False,False,False,False,/home/qinch2023/v100_aime24_aime25_quality_work/Bounded-pattrenKV-method/results/aime25_full_causal25_quality_v100/formal/CAUSAL_V4_25/seed42/p14.json,8a76193e794f7031f26f33746db84edb5840749cb2f4446665dc0bf0534b4ef1,aime25_full_causal25_quality_v100_formal,fb8a77b673acfff3,fe834cd7e99a06f2aec37bfb6c74173ad7fee7c9,2,Tesla V100-SXM2-32GB,2026-08-22T18:35:25.081322+00:00,2,2,128,16,128,128,causal_v4,0.25,0.25,segmented_rolling,deepseek_r1_recommended,CAUSAL_V4_25:seed42:p14
aime25,DeepSeek-R1-Distill-Llama-8B,6af5ef5a437b77f7fb395930f430a9a266efaa5ead3804aa92c8359e141f6185,CAUSAL_V4_25,CAUSAL_V4_25,patternkv,df086b3089b7912d,14,43,0,14043,aime25:p14:s0,822a4c6ec6a41f65151cbc731d9d4ce2bb7bbd0f2f39bd7622be1b99d28e0d9d,1c4e447bb7b97df2a0d3d87c6abf4cd2,b395f5cd385ad3807f97c5251bb6892b,b9fbc5449555d6be,bench/aime_answer_parser.py:a7ab4395529caaa2cfcd9cb5203a2dd00723ac90fcd96d12bea77494b416b234,735,147,False,boxed,,12603,42bb5c4449bf31497f17bc020f9411c7b4220c38bd89924b114c4b0024049872,3417f42f2863491d6864ab1f70208371df5134e31b377876b9e4e662f986d72f,eos,True,False,False,False,False,/home/qinch2023/v100_aime24_aime25_quality_work/Bounded-pattrenKV-method/results/aime25_full_causal25_quality_v100/formal/CAUSAL_V4_25/seed43/p14.json,f310f5df2422472d4101c68e42c482ba7f9b19b47fac822208e01b3871b61876,aime25_full_causal25_quality_v100_formal,fb8a77b673acfff3,fe834cd7e99a06f2aec37bfb6c74173ad7fee7c9,3,Tesla V100-SXM2-32GB,2026-08-22T15:34:08.307272+00:00,2,2,128,16,128,128,causal_v4,0.25,0.25,segmented_rolling,deepseek_r1_recommended,CAUSAL_V4_25:seed43:p14
aime25,DeepSeek-R1-Distill-Llama-8B,6af5ef5a437b77f7fb395930f430a9a266efaa5ead3804aa92c8359e141f6185,CAUSAL_V4_25,CAUSAL_V4_25,patternkv,df086b3089b7912d,14,44,0,14044,aime25:p14:s0,822a4c6ec6a41f65151cbc731d9d4ce2bb7bbd0f2f39bd7622be1b99d28e0d9d,1c4e447bb7b97df2a0d3d87c6abf4cd2,b395f5cd385ad3807f97c5251bb6892b,b9fbc5449555d6be,bench/aime_answer_parser.py:a7ab4395529caaa2cfcd9cb5203a2dd00723ac90fcd96d12bea77494b416b234,735,147,False,boxed,,16363,e250468bb1cbb962884b6f3a55b11116e7942929bec22d0a6976e019935f1669,da17ab8e5f41ec7f4a51db3acbefca682c533c4ef6aa58af6d3a139ec4101c03,eos,True,False,False,False,False,/home/qinch2023/v100_aime24_aime25_quality_work/Bounded-pattrenKV-method/results/aime25_full_causal25_quality_v100/formal/CAUSAL_V4_25/seed44/p14.json,d572c7ded4ab96971c430e3dd162cc5fd839e7e825334bb9348dd159cc62b8f1,aime25_full_causal25_quality_v100_formal,fb8a77b673acfff3,fe834cd7e99a06f2aec37bfb6c74173ad7fee7c9,2,Tesla V100-SXM2-32GB,2026-08-22T20:54:58.238941+00:00,2,2,128,16,128,128,causal_v4,0.25,0.25,segmented_rolling,deepseek_r1_recommended,CAUSAL_V4_25:seed44:p14
aime25,DeepSeek-R1-Distill-Llama-8B,6af5ef5a437b77f7fb395930f430a9a266efaa5ead3804aa92c8359e141f6185,CAUSAL_V4_25,CAUSAL_V4_25,patternkv,df086b3089b7912d,15,42,0,15042,aime25:p15:s0,822a4c6ec6a41f65151cbc731d9d4ce2bb7bbd0f2f39bd7622be1b99d28e0d9d,ac5db4324777e078cf6bc1992b10f2c5,77102177475600544e1691e298952a93,b9fbc5449555d6be,bench/aime_answer_parser.py:a7ab4395529caaa2cfcd9cb5203a2dd00723ac90fcd96d12bea77494b416b234,468,468,True,boxed,,3993,142d690d4c4b1ed508fcea2dcdd04b486c21fdd83c80a8d013a200c3fb59e07c,834cba411a5926a353fd41ea6fab47d6de579de6de316f83273f2e164e7f6ebe,eos,True,False,False,False,False,/home/qinch2023/v100_aime24_aime25_quality_work/Bounded-pattrenKV-method/results/aime25_full_causal25_quality_v100/formal/CAUSAL_V4_25/seed42/p15.json,d930581f5515c94e5b12d4a4c78a45748a88894a3bdde1f0ac687a9f413f4fe2,aime25_full_causal25_quality_v100_formal,fb8a77b673acfff3,fe834cd7e99a06f2aec37bfb6c74173ad7fee7c9,3,Tesla V100-SXM2-32GB,2026-08-22T15:56:53.174685+00:00,2,2,128,16,128,128,causal_v4,0.25,0.25,segmented_rolling,deepseek_r1_recommended,CAUSAL_V4_25:seed42:p15
aime25,DeepSeek-R1-Distill-Llama-8B,6af5ef5a437b77f7fb395930f430a9a266efaa5ead3804aa92c8359e141f6185,CAUSAL_V4_25,CAUSAL_V4_25,patternkv,df086b3089b7912d,15,43,0,15043,aime25:p15:s0,822a4c6ec6a41f65151cbc731d9d4ce2bb7bbd0f2f39bd7622be1b99d28e0d9d,ac5db4324777e078cf6bc1992b10f2c5,77102177475600544e1691e298952a93,b9fbc5449555d6be,bench/aime_answer_parser.py:a7ab4395529caaa2cfcd9cb5203a2dd00723ac90fcd96d12bea77494b416b234,468,468,True,boxed,,3726,3c2579c1d2419413c5464c00aeeb5110ac8eacb47b5ce109e0a726e857ba2c83,aecb66221150b17676b33acfd26ba8ec1f8e6a95b96f12ffdf190a6f9526cacb,eos,True,False,False,False,False,/home/qinch2023/v100_aime24_aime25_quality_work/Bounded-pattrenKV-method/results/aime25_full_causal25_quality_v100/formal/CAUSAL_V4_25/seed43/p15.json,496b624eb8ac682a35330293078910782be2437f01fd1d73e6b420a3625196d5,aime25_full_causal25_quality_v100_formal,fb8a77b673acfff3,fe834cd7e99a06f2aec37bfb6c74173ad7fee7c9,2,Tesla V100-SXM2-32GB,2026-08-22T21:15:34.922011+00:00,2,2,128,16,128,128,causal_v4,0.25,0.25,segmented_rolling,deepseek_r1_recommended,CAUSAL_V4_25:seed43:p15
aime25,DeepSeek-R1-Distill-Llama-8B,6af5ef5a437b77f7fb395930f430a9a266efaa5ead3804aa92c8359e141f6185,CAUSAL_V4_25,CAUSAL_V4_25,patternkv,df086b3089b7912d,15,44,0,15044,aime25:p15:s0,822a4c6ec6a41f65151cbc731d9d4ce2bb7bbd0f2f39bd7622be1b99d28e0d9d,ac5db4324777e078cf6bc1992b10f2c5,77102177475600544e1691e298952a93,b9fbc5449555d6be,bench/aime_answer_parser.py:a7ab4395529caaa2cfcd9cb5203a2dd00723ac90fcd96d12bea77494b416b234,468,468,True,boxed,,3742,cf1d5696b9ca4e48ac60465101f4fb17d8c5ad7a6235de9667722e01fb001fb5,04e9561af6e1030986046c5173db7ed061e5c9f466c66d43cec8c659a1166e24,eos,True,False,False,False,False,/home/qinch2023/v100_aime24_aime25_quality_work/Bounded-pattrenKV-method/results/aime25_full_causal25_quality_v100/formal/CAUSAL_V4_25/seed44/p15.json,7ee8f5494aa77ae5c40774b368c66c4c210f0891b01330616b669f5d074fcd03,aime25_full_causal25_quality_v100_formal,fb8a77b673acfff3,fe834cd7e99a06f2aec37bfb6c74173ad7fee7c9,3,Tesla V100-SXM2-32GB,2026-08-22T16:18:09.466658+00:00,2,2,128,16,128,128,causal_v4,0.25,0.25,segmented_rolling,deepseek_r1_recommended,CAUSAL_V4_25:seed44:p15
aime25,DeepSeek-R1-Distill-Llama-8B,6af5ef5a437b77f7fb395930f430a9a266efaa5ead3804aa92c8359e141f6185,CAUSAL_V4_25,CAUSAL_V4_25,patternkv,df086b3089b7912d,16,42,0,16042,aime25:p16:s0,822a4c6ec6a41f65151cbc731d9d4ce2bb7bbd0f2f39bd7622be1b99d28e0d9d,5489657fa217a6e2c58f53b13dc7ff79,322e6fda2eed0a36b07b77678d3f91ed,b9fbc5449555d6be,bench/aime_answer_parser.py:a7ab4395529caaa2cfcd9cb5203a2dd00723ac90fcd96d12bea77494b416b234,49,49,True,boxed,,5399,6025a6f83408961c6cbd693b098fa31b9d6bb3d126e42c4ef9e18b4cb5e3a35f,21e7035f034103ff1d8293a542f3f820fa178c3b558e593007b6928841086e28,eos,True,False,False,False,False,/home/qinch2023/v100_aime24_aime25_quality_work/Bounded-pattrenKV-method/results/aime25_full_causal25_quality_v100/formal/CAUSAL_V4_25/seed42/p16.json,222db4314e766571ef79720010d3d78fca997db2702a8241fcfa3cc32be5f030,aime25_full_causal25_quality_v100_formal,fb8a77b673acfff3,fe834cd7e99a06f2aec37bfb6c74173ad7fee7c9,2,Tesla V100-SXM2-32GB,2026-08-22T21:48:15.867913+00:00,2,2,128,16,128,128,causal_v4,0.25,0.25,segmented_rolling,deepseek_r1_recommended,CAUSAL_V4_25:seed42:p16
aime25,DeepSeek-R1-Distill-Llama-8B,6af5ef5a437b77f7fb395930f430a9a266efaa5ead3804aa92c8359e141f6185,CAUSAL_V4_25,CAUSAL_V4_25,patternkv,df086b3089b7912d,16,43,0,16043,aime25:p16:s0,822a4c6ec6a41f65151cbc731d9d4ce2bb7bbd0f2f39bd7622be1b99d28e0d9d,5489657fa217a6e2c58f53b13dc7ff79,322e6fda2eed0a36b07b77678d3f91ed,b9fbc5449555d6be,bench/aime_answer_parser.py:a7ab4395529caaa2cfcd9cb5203a2dd00723ac90fcd96d12bea77494b416b234,49,49,True,boxed,,2800,cb36183270116282c367fc3a5b051bc258f37f30f5580aa111443d84ca034ba9,d7d6ac2db528f6393b750af22eeb534cf59942762a5415aeca61d32fb277594b,eos,True,False,False,False,False,/home/qinch2023/v100_aime24_aime25_quality_work/Bounded-pattrenKV-method/results/aime25_full_causal25_quality_v100/formal/CAUSAL_V4_25/seed43/p16.json,eda8bd81294d6ae3f1709c36caa3b4e31f29b28fc19aad77be2521655d0521ba,aime25_full_causal25_quality_v100_formal,fb8a77b673acfff3,fe834cd7e99a06f2aec37bfb6c74173ad7fee7c9,3,Tesla V100-SXM2-32GB,2026-08-22T16:33:07.704756+00:00,2,2,128,16,128,128,causal_v4,0.25,0.25,segmented_rolling,deepseek_r1_recommended,CAUSAL_V4_25:seed43:p16
aime25,DeepSeek-R1-Distill-Llama-8B,6af5ef5a437b77f7fb395930f430a9a266efaa5ead3804aa92c8359e141f6185,CAUSAL_V4_25,CAUSAL_V4_25,patternkv,df086b3089b7912d,16,44,0,16044,aime25:p16:s0,822a4c6ec6a41f65151cbc731d9d4ce2bb7bbd0f2f39bd7622be1b99d28e0d9d,5489657fa217a6e2c58f53b13dc7ff79,322e6fda2eed0a36b07b77678d3f91ed,b9fbc5449555d6be,bench/aime_answer_parser.py:a7ab4395529caaa2cfcd9cb5203a2dd00723ac90fcd96d12bea77494b416b234,49,49,True,boxed,,2603,2c62072aa1e7dc8407388e5a8017cf40b2505506f3c89cedf8d1d0c0b117f860,0b5143878b3d3d01f7e01648a8de21b663dabd9a822d29c311fc8e1139a7c9c4,eos,True,False,False,False,False,/home/qinch2023/v100_aime24_aime25_quality_work/Bounded-pattrenKV-method/results/aime25_full_causal25_quality_v100/formal/CAUSAL_V4_25/seed44/p16.json,09366143f753f935218dd247f7708baa992874fec08e1bf8c5d709b043cd5e02,aime25_full_causal25_quality_v100_formal,fb8a77b673acfff3,fe834cd7e99a06f2aec37bfb6c74173ad7fee7c9,2,Tesla V100-SXM2-32GB,2026-08-22T22:01:49.740359+00:00,2,2,128,16,128,128,causal_v4,0.25,0.25,segmented_rolling,deepseek_r1_recommended,CAUSAL_V4_25:seed44:p16
aime25,DeepSeek-R1-Distill-Llama-8B,6af5ef5a437b77f7fb395930f430a9a266efaa5ead3804aa92c8359e141f6185,CAUSAL_V4_25,CAUSAL_V4_25,patternkv,df086b3089b7912d,17,42,0,17042,aime25:p17:s0,822a4c6ec6a41f65151cbc731d9d4ce2bb7bbd0f2f39bd7622be1b99d28e0d9d,1739d81e64e9035c74d65b45922370eb,ae05a32fc840fc96073443d651a4ba38,b9fbc5449555d6be,bench/aime_answer_parser.py:a7ab4395529caaa2cfcd9cb5203a2dd00723ac90fcd96d12bea77494b416b234,82,6,False,boxed,,16182,5ef24b89ee3c793bc65ca9b25887c1464c2e57e20e7315ebe02661c9e25ffdf4,8dc2334d4a0df0e6c93b99fa45a14861544e65be9cff4bbdbf8b9711423b0a96,eos,True,False,False,False,False,/home/qinch2023/v100_aime24_aime25_quality_work/Bounded-pattrenKV-method/results/aime25_full_causal25_quality_v100/formal/CAUSAL_V4_25/seed42/p17.json,a328f0a0f2ffe7226f628cb30e88993b577792cf59196b0c9c9a641ebeb70d36,aime25_full_causal25_quality_v100_formal,fb8a77b673acfff3,fe834cd7e99a06f2aec37bfb6c74173ad7fee7c9,3,Tesla V100-SXM2-32GB,2026-08-22T18:53:30.015301+00:00,2,2,128,16,128,128,causal_v4,0.25,0.25,segmented_rolling,deepseek_r1_recommended,CAUSAL_V4_25:seed42:p17
aime25,DeepSeek-R1-Distill-Llama-8B,6af5ef5a437b77f7fb395930f430a9a266efaa5ead3804aa92c8359e141f6185,CAUSAL_V4_25,CAUSAL_V4_25,patternkv,df086b3089b7912d,17,43,0,17043,aime25:p17:s0,822a4c6ec6a41f65151cbc731d9d4ce2bb7bbd0f2f39bd7622be1b99d28e0d9d,1739d81e64e9035c74d65b45922370eb,ae05a32fc840fc96073443d651a4ba38,b9fbc5449555d6be,bench/aime_answer_parser.py:a7ab4395529caaa2cfcd9cb5203a2dd00723ac90fcd96d12bea77494b416b234,82,6,False,boxed,,23988,11376b00ea10ca4ff9aafca7db46c3f13e7caf66a0efaf6f6bb58c1e8df5f8d1,f77c256a8bb83cb30c2f9b29774766a3464b46f3bc6a38d1f77b4a8e42d86ba1,eos,True,False,False,False,False,/home/qinch2023/v100_aime24_aime25_quality_work/Bounded-pattrenKV-method/results/aime25_full_causal25_quality_v100/formal/CAUSAL_V4_25/seed43/p17.json,3c6b526f087826a29bedeacbe3ad979d91aab286135c28771116990da129a94a,aime25_full_causal25_quality_v100_formal,fb8a77b673acfff3,fe834cd7e99a06f2aec37bfb6c74173ad7fee7c9,2,Tesla V100-SXM2-32GB,2026-08-23T02:12:33.887954+00:00,2,2,128,16,128,128,causal_v4,0.25,0.25,segmented_rolling,deepseek_r1_recommended,CAUSAL_V4_25:seed43:p17
aime25,DeepSeek-R1-Distill-Llama-8B,6af5ef5a437b77f7fb395930f430a9a266efaa5ead3804aa92c8359e141f6185,CAUSAL_V4_25,CAUSAL_V4_25,patternkv,df086b3089b7912d,17,44,0,17044,aime25:p17:s0,822a4c6ec6a41f65151cbc731d9d4ce2bb7bbd0f2f39bd7622be1b99d28e0d9d,1739d81e64e9035c74d65b45922370eb,ae05a32fc840fc96073443d651a4ba38,b9fbc5449555d6be,bench/aime_answer_parser.py:a7ab4395529caaa2cfcd9cb5203a2dd00723ac90fcd96d12bea77494b416b234,82,2,False,boxed,,14844,ac214a5a74b86b854cbd1fd340fceff046ed6d273edeebb8613f513725ae1597,544dee8b1739cd50977f24edec4b22760da7b93c39080f27783a42cc16387839,eos,True,False,False,False,False,/home/qinch2023/v100_aime24_aime25_quality_work/Bounded-pattrenKV-method/results/aime25_full_causal25_quality_v100/formal/CAUSAL_V4_25/seed44/p17.json,e10069864dd1a513149b3ff2f08df13c425271c32ce7f4a561beabba43a83e15,aime25_full_causal25_quality_v100_formal,fb8a77b673acfff3,fe834cd7e99a06f2aec37bfb6c74173ad7fee7c9,3,Tesla V100-SXM2-32GB,2026-08-22T20:57:34.070826+00:00,2,2,128,16,128,128,causal_v4,0.25,0.25,segmented_rolling,deepseek_r1_recommended,CAUSAL_V4_25:seed44:p17
aime25,DeepSeek-R1-Distill-Llama-8B,6af5ef5a437b77f7fb395930f430a9a266efaa5ead3804aa92c8359e141f6185,CAUSAL_V4_25,CAUSAL_V4_25,patternkv,df086b3089b7912d,18,42,0,18042,aime25:p18:s0,822a4c6ec6a41f65151cbc731d9d4ce2bb7bbd0f2f39bd7622be1b99d28e0d9d,b537573bc7f840bbb1cab4a394a986be,c0a192be0f044f66739140190632d6a2,b9fbc5449555d6be,bench/aime_answer_parser.py:a7ab4395529caaa2cfcd9cb5203a2dd00723ac90fcd96d12bea77494b416b234,106,106,True,boxed,,6223,6c7067f8bf034bb771794ae6d723e251913f380904c614ca74d287d4718f162e,fb720be2b90bfa774e57ffa20d80f5a1497bb7de9a981f5e21553706652c9910,eos,True,False,False,False,False,/home/qinch2023/v100_aime24_aime25_quality_work/Bounded-pattrenKV-method/results/aime25_full_causal25_quality_v100/formal/CAUSAL_V4_25/seed42/p18.json,98edc6b0919707b32879909c7ffc23c19e99570a51cf34026fa802c6a068355e,aime25_full_causal25_quality_v100_formal,fb8a77b673acfff3,fe834cd7e99a06f2aec37bfb6c74173ad7fee7c9,2,Tesla V100-SXM2-32GB,2026-08-23T02:53:58.357490+00:00,2,2,128,16,128,128,causal_v4,0.25,0.25,segmented_rolling,deepseek_r1_recommended,CAUSAL_V4_25:seed42:p18
aime25,DeepSeek-R1-Distill-Llama-8B,6af5ef5a437b77f7fb395930f430a9a266efaa5ead3804aa92c8359e141f6185,CAUSAL_V4_25,CAUSAL_V4_25,patternkv,df086b3089b7912d,18,43,0,18043,aime25:p18:s0,822a4c6ec6a41f65151cbc731d9d4ce2bb7bbd0f2f39bd7622be1b99d28e0d9d,b537573bc7f840bbb1cab4a394a986be,c0a192be0f044f66739140190632d6a2,b9fbc5449555d6be,bench/aime_answer_parser.py:a7ab4395529caaa2cfcd9cb5203a2dd00723ac90fcd96d12bea77494b416b234,106,106,True,boxed,,6164,1d5454d86fbd99a6e0d95191848c28d2de603f154f9c65a708301268fba0668f,b59a57a4d8018bf54bc1030da5814c923f1f24b61fec091ae7dfc97769c23491,eos,True,False,False,False,False,/home/qinch2023/v100_aime24_aime25_quality_work/Bounded-pattrenKV-method/results/aime25_full_causal25_quality_v100/formal/CAUSAL_V4_25/seed43/p18.json,22bb108381b43844a62c0a16389521d2773f566bc89f35038176ad2211e07014,aime25_full_causal25_quality_v100_formal,fb8a77b673acfff3,fe834cd7e99a06f2aec37bfb6c74173ad7fee7c9,3,Tesla V100-SXM2-32GB,2026-08-22T21:36:22.057634+00:00,2,2,128,16,128,128,causal_v4,0.25,0.25,segmented_rolling,deepseek_r1_recommended,CAUSAL_V4_25:seed43:p18
aime25,DeepSeek-R1-Distill-Llama-8B,6af5ef5a437b77f7fb395930f430a9a266efaa5ead3804aa92c8359e141f6185,CAUSAL_V4_25,CAUSAL_V4_25,patternkv,df086b3089b7912d,18,44,0,18044,aime25:p18:s0,822a4c6ec6a41f65151cbc731d9d4ce2bb7bbd0f2f39bd7622be1b99d28e0d9d,b537573bc7f840bbb1cab4a394a986be,c0a192be0f044f66739140190632d6a2,b9fbc5449555d6be,bench/aime_answer_parser.py:a7ab4395529caaa2cfcd9cb5203a2dd00723ac90fcd96d12bea77494b416b234,106,70,False,boxed,,8251,28b4adc86f787b52e5d79654ac89330f0cd9eb689006860ac0c7f63c9a50f000,a1f02d2bf893c1eacd0d831832abbf804a362a433f2ecbe574f7e6ac78528480,eos,True,False,False,False,False,/home/qinch2023/v100_aime24_aime25_quality_work/Bounded-pattrenKV-method/results/aime25_full_causal25_quality_v100/formal/CAUSAL_V4_25/seed44/p18.json,1a5f7d6423b84f676be20b2e9f7f224f14366aebb191d23d1414eaadfef458a9,aime25_full_causal25_quality_v100_formal,fb8a77b673acfff3,fe834cd7e99a06f2aec37bfb6c74173ad7fee7c9,2,Tesla V100-SXM2-32GB,2026-08-23T03:50:13.138486+00:00,2,2,128,16,128,128,causal_v4,0.25,0.25,segmented_rolling,deepseek_r1_recommended,CAUSAL_V4_25:seed44:p18
aime25,DeepSeek-R1-Distill-Llama-8B,6af5ef5a437b77f7fb395930f430a9a266efaa5ead3804aa92c8359e141f6185,CAUSAL_V4_25,CAUSAL_V4_25,patternkv,df086b3089b7912d,19,42,0,19042,aime25:p19:s0,822a4c6ec6a41f65151cbc731d9d4ce2bb7bbd0f2f39bd7622be1b99d28e0d9d,235ed25efc6f649672d67562fd906dee,f78e2c53e939fe0f18938bf711c5478c,b9fbc5449555d6be,bench/aime_answer_parser.py:a7ab4395529caaa2cfcd9cb5203a2dd00723ac90fcd96d12bea77494b416b234,336,240,False,boxed,,19353,4f6282432500fdc52e82ed61de41616dee63982464f8b16e51528334e12d5f8e,8a3c37b234dc873666464d49e143853e73d3cb484bc176b8b58a33dc96e20af7,eos,True,False,False,False,False,/home/qinch2023/v100_aime24_aime25_quality_work/Bounded-pattrenKV-method/results/aime25_full_causal25_quality_v100/formal/CAUSAL_V4_25/seed42/p19.json,28ea6a661b88ccd3db826cf2ec7363470d6218b7ec21ca19ef466f0adb2f406d,aime25_full_causal25_quality_v100_formal,fb8a77b673acfff3,fe834cd7e99a06f2aec37bfb6c74173ad7fee7c9,3,Tesla V100-SXM2-32GB,2026-08-23T00:41:25.643957+00:00,2,2,128,16,128,128,causal_v4,0.25,0.25,segmented_rolling,deepseek_r1_recommended,CAUSAL_V4_25:seed42:p19
aime25,DeepSeek-R1-Distill-Llama-8B,6af5ef5a437b77f7fb395930f430a9a266efaa5ead3804aa92c8359e141f6185,CAUSAL_V4_25,CAUSAL_V4_25,patternkv,df086b3089b7912d,19,43,0,19043,aime25:p19:s0,822a4c6ec6a41f65151cbc731d9d4ce2bb7bbd0f2f39bd7622be1b99d28e0d9d,235ed25efc6f649672d67562fd906dee,f78e2c53e939fe0f18938bf711c5478c,b9fbc5449555d6be,bench/aime_answer_parser.py:a7ab4395529caaa2cfcd9cb5203a2dd00723ac90fcd96d12bea77494b416b234,336,320,False,boxed,,12938,e3e08344c2f3adfe112a0415b70d2a1827d89b4bae1581192a9eb0cba5cbd3a0,3305b6ac7494ab048e71d0021bf8b55d932cb3acc8ba3b6efeb471f77c460da6,eos,True,False,False,False,False,/home/qinch2023/v100_aime24_aime25_quality_work/Bounded-pattrenKV-method/results/aime25_full_causal25_quality_v100/formal/CAUSAL_V4_25/seed43/p19.json,6cc8310e94ecfdbc3dd9cc22bf233ce18b8803fb267c139a6d3e8dfa11d6d8e5,aime25_full_causal25_quality_v100_formal,fb8a77b673acfff3,fe834cd7e99a06f2aec37bfb6c74173ad7fee7c9,2,Tesla V100-SXM2-32GB,2026-08-23T05:35:28.579914+00:00,2,2,128,16,128,128,causal_v4,0.25,0.25,segmented_rolling,deepseek_r1_recommended,CAUSAL_V4_25:seed43:p19
aime25,DeepSeek-R1-Distill-Llama-8B,6af5ef5a437b77f7fb395930f430a9a266efaa5ead3804aa92c8359e141f6185,CAUSAL_V4_25,CAUSAL_V4_25,patternkv,df086b3089b7912d,19,44,0,19044,aime25:p19:s0,822a4c6ec6a41f65151cbc731d9d4ce2bb7bbd0f2f39bd7622be1b99d28e0d9d,235ed25efc6f649672d67562fd906dee,f78e2c53e939fe0f18938bf711c5478c,b9fbc5449555d6be,bench/aime_answer_parser.py:a7ab4395529caaa2cfcd9cb5203a2dd00723ac90fcd96d12bea77494b416b234,336,264,False,boxed,,21433,15c53e49ee5b50b4d95d9030563a190bafbbfd83c19c3e5cacc17fc5527fa0c8,20c5322ea9ead5294fe98b2690a66c5f1c44a582b227b1b290d8bd4fa222c519,eos,True,False,False,False,False,/home/qinch2023/v100_aime24_aime25_quality_work/Bounded-pattrenKV-method/results/aime25_full_causal25_quality_v100/formal/CAUSAL_V4_25/seed44/p19.json,df8470878d54856f0465c73be90d5b313f1dd822f4aa969ed93d4bb786e590c6,aime25_full_causal25_quality_v100_formal,fb8a77b673acfff3,fe834cd7e99a06f2aec37bfb6c74173ad7fee7c9,3,Tesla V100-SXM2-32GB,2026-08-23T04:16:41.451620+00:00,2,2,128,16,128,128,causal_v4,0.25,0.25,segmented_rolling,deepseek_r1_recommended,CAUSAL_V4_25:seed44:p19
aime25,DeepSeek-R1-Distill-Llama-8B,6af5ef5a437b77f7fb395930f430a9a266efaa5ead3804aa92c8359e141f6185,CAUSAL_V4_25,CAUSAL_V4_25,patternkv,df086b3089b7912d,20,42,0,20042,aime25:p20:s0,822a4c6ec6a41f65151cbc731d9d4ce2bb7bbd0f2f39bd7622be1b99d28e0d9d,b225455e223b4ffbceab77eef11ded51,38b8b9425473a3a732f143f2e8037ab1,b9fbc5449555d6be,bench/aime_answer_parser.py:a7ab4395529caaa2cfcd9cb5203a2dd00723ac90fcd96d12bea77494b416b234,293,293,True,boxed,,5932,ff2fc04a7ef319299c6f8a0a92928218a00b80fda373954a8c6fe4c7e223df75,ec37cdf518351a7819d578a54a837ae7872ae6ba031744bcd9dc97988bcc0889,eos,True,False,False,False,False,/home/qinch2023/v100_aime24_aime25_quality_work/Bounded-pattrenKV-method/results/aime25_full_causal25_quality_v100/formal/CAUSAL_V4_25/seed42/p20.json,eb3fa967302d6303c669ed7b76855de1bfb0791965ed69ce78943ebec8cef474,aime25_full_causal25_quality_v100_formal,fb8a77b673acfff3,fe834cd7e99a06f2aec37bfb6c74173ad7fee7c9,2,Tesla V100-SXM2-32GB,2026-08-23T06:15:08.428333+00:00,2,2,128,16,128,128,causal_v4,0.25,0.25,segmented_rolling,deepseek_r1_recommended,CAUSAL_V4_25:seed42:p20
aime25,DeepSeek-R1-Distill-Llama-8B,6af5ef5a437b77f7fb395930f430a9a266efaa5ead3804aa92c8359e141f6185,CAUSAL_V4_25,CAUSAL_V4_25,patternkv,df086b3089b7912d,20,43,0,20043,aime25:p20:s0,822a4c6ec6a41f65151cbc731d9d4ce2bb7bbd0f2f39bd7622be1b99d28e0d9d,b225455e223b4ffbceab77eef11ded51,38b8b9425473a3a732f143f2e8037ab1,b9fbc5449555d6be,bench/aime_answer_parser.py:a7ab4395529caaa2cfcd9cb5203a2dd00723ac90fcd96d12bea77494b416b234,293,293,True,boxed,,7702,ace88e10eeab257ff7e59983b5be6ba1dd1600df72456b8c5f09e99f0511add4,a00c6ceaf43ecd304d18db5b8f665a47cbb815a36a9fcb24392b6e46b57cf870,eos,True,False,False,False,False,/home/qinch2023/v100_aime24_aime25_quality_work/Bounded-pattrenKV-method/results/aime25_full_causal25_quality_v100/formal/CAUSAL_V4_25/seed43/p20.json,754106d8cf9c9396bd2513eee980664330ff0ade9c387bdd5705f535b077a05d,aime25_full_causal25_quality_v100_formal,fb8a77b673acfff3,fe834cd7e99a06f2aec37bfb6c74173ad7fee7c9,3,Tesla V100-SXM2-32GB,2026-08-23T05:09:17.303142+00:00,2,2,128,16,128,128,causal_v4,0.25,0.25,segmented_rolling,deepseek_r1_recommended,CAUSAL_V4_25:seed43:p20
aime25,DeepSeek-R1-Distill-Llama-8B,6af5ef5a437b77f7fb395930f430a9a266efaa5ead3804aa92c8359e141f6185,CAUSAL_V4_25,CAUSAL_V4_25,patternkv,df086b3089b7912d,20,44,0,20044,aime25:p20:s0,822a4c6ec6a41f65151cbc731d9d4ce2bb7bbd0f2f39bd7622be1b99d28e0d9d,b225455e223b4ffbceab77eef11ded51,38b8b9425473a3a732f143f2e8037ab1,b9fbc5449555d6be,bench/aime_answer_parser.py:a7ab4395529caaa2cfcd9cb5203a2dd00723ac90fcd96d12bea77494b416b234,293,293,True,boxed,,10421,05a6354eb0f939fdc7ef526e765f716f38c089d40b443b3607634235113e4182,2011b973b8302c288fe4fdeff49569d7ac1386bb2fdf00a416b2144098327e0b,eos,True,False,False,False,False,/home/qinch2023/v100_aime24_aime25_quality_work/Bounded-pattrenKV-method/results/aime25_full_causal25_quality_v100/formal/CAUSAL_V4_25/seed44/p20.json,4ed9fbcf7e661b66ab3df256ff942c892fb096a8bd2b175875c7fc36ba8bb60c,aime25_full_causal25_quality_v100_formal,fb8a77b673acfff3,fe834cd7e99a06f2aec37bfb6c74173ad7fee7c9,2,Tesla V100-SXM2-32GB,2026-08-23T07:36:30.353849+00:00,2,2,128,16,128,128,causal_v4,0.25,0.25,segmented_rolling,deepseek_r1_recommended,CAUSAL_V4_25:seed44:p20
aime25,DeepSeek-R1-Distill-Llama-8B,6af5ef5a437b77f7fb395930f430a9a266efaa5ead3804aa92c8359e141f6185,CAUSAL_V4_25,CAUSAL_V4_25,patternkv,df086b3089b7912d,21,42,0,21042,aime25:p21:s0,822a4c6ec6a41f65151cbc731d9d4ce2bb7bbd0f2f39bd7622be1b99d28e0d9d,bbd2b774f9db157293a12f8fb74cce7d,e20297ee50f73c0f40b6f6d98e417d67,b9fbc5449555d6be,bench/aime_answer_parser.py:a7ab4395529caaa2cfcd9cb5203a2dd00723ac90fcd96d12bea77494b416b234,237,1,False,tail_integer,,8455,a780bd0d1b5c3bfcde540ee8673d6fdc2535ce65711c1cb701ff8d88504b877c,2ef03404a196730b10b3b69ae56db4c18c4e84d4355b3f4e898306593b406f7b,eos,True,False,False,False,False,/home/qinch2023/v100_aime24_aime25_quality_work/Bounded-pattrenKV-method/results/aime25_full_causal25_quality_v100/formal/CAUSAL_V4_25/seed42/p21.json,8a6acfc4549aaffd85abd37036c3d64c1f6f2efe66309a2d7b853aa9a8082d91,aime25_full_causal25_quality_v100_formal,fb8a77b673acfff3,fe834cd7e99a06f2aec37bfb6c74173ad7fee7c9,3,Tesla V100-SXM2-32GB,2026-08-23T06:06:27.114967+00:00,2,2,128,16,128,128,causal_v4,0.25,0.25,segmented_rolling,deepseek_r1_recommended,CAUSAL_V4_25:seed42:p21
aime25,DeepSeek-R1-Distill-Llama-8B,6af5ef5a437b77f7fb395930f430a9a266efaa5ead3804aa92c8359e141f6185,CAUSAL_V4_25,CAUSAL_V4_25,patternkv,df086b3089b7912d,21,43,0,21043,aime25:p21:s0,822a4c6ec6a41f65151cbc731d9d4ce2bb7bbd0f2f39bd7622be1b99d28e0d9d,bbd2b774f9db157293a12f8fb74cce7d,e20297ee50f73c0f40b6f6d98e417d67,b9fbc5449555d6be,bench/aime_answer_parser.py:a7ab4395529caaa2cfcd9cb5203a2dd00723ac90fcd96d12bea77494b416b234,237,7,False,tail_integer,,6691,881a706ecd44eda040e10df45bbae10a197f07d75f6c421f98a395ba373f94dd,e6d1c00f0369bffb130ddc21c2b81c2d649e37ac857f1610cf503e9d609d1260,eos,True,False,False,False,False,/home/qinch2023/v100_aime24_aime25_quality_work/Bounded-pattrenKV-method/results/aime25_full_causal25_quality_v100/formal/CAUSAL_V4_25/seed43/p21.json,fb6b0f1cf8fdd9632a650efdcc8cbc6db5853731d137ae2ef3c5a5818ef57fd7,aime25_full_causal25_quality_v100_formal,fb8a77b673acfff3,fe834cd7e99a06f2aec37bfb6c74173ad7fee7c9,2,Tesla V100-SXM2-32GB,2026-08-23T08:18:17.058330+00:00,2,2,128,16,128,128,causal_v4,0.25,0.25,segmented_rolling,deepseek_r1_recommended,CAUSAL_V4_25:seed43:p21
aime25,DeepSeek-R1-Distill-Llama-8B,6af5ef5a437b77f7fb395930f430a9a266efaa5ead3804aa92c8359e141f6185,CAUSAL_V4_25,CAUSAL_V4_25,patternkv,df086b3089b7912d,21,44,0,21044,aime25:p21:s0,822a4c6ec6a41f65151cbc731d9d4ce2bb7bbd0f2f39bd7622be1b99d28e0d9d,bbd2b774f9db157293a12f8fb74cce7d,e20297ee50f73c0f40b6f6d98e417d67,b9fbc5449555d6be,bench/aime_answer_parser.py:a7ab4395529caaa2cfcd9cb5203a2dd00723ac90fcd96d12bea77494b416b234,237,279,False,boxed,,6039,cba641c6ef0ac357802efc1e8ff730866b8f14dd26111fc78ae4b2b4471f0003,b18b6d4d18c971415a26941264c85cec1f5e625cb3b2a1b59f67bfdbcb71d6f7,eos,True,False,False,False,False,/home/qinch2023/v100_aime24_aime25_quality_work/Bounded-pattrenKV-method/results/aime25_full_causal25_quality_v100/formal/CAUSAL_V4_25/seed44/p21.json,1b77c19bc0e725ac4bdcfab976e08209784577bc2a3d450c9fe942b0fd1be3de,aime25_full_causal25_quality_v100_formal,fb8a77b673acfff3,fe834cd7e99a06f2aec37bfb6c74173ad7fee7c9,3,Tesla V100-SXM2-32GB,2026-08-23T06:43:45.394211+00:00,2,2,128,16,128,128,causal_v4,0.25,0.25,segmented_rolling,deepseek_r1_recommended,CAUSAL_V4_25:seed44:p21
aime25,DeepSeek-R1-Distill-Llama-8B,6af5ef5a437b77f7fb395930f430a9a266efaa5ead3804aa92c8359e141f6185,CAUSAL_V4_25,CAUSAL_V4_25,patternkv,df086b3089b7912d,22,42,0,22042,aime25:p22:s0,822a4c6ec6a41f65151cbc731d9d4ce2bb7bbd0f2f39bd7622be1b99d28e0d9d,f14728387e46e56379307433461f994e,288e50dc4483832ffe6d0454da3214de,b9fbc5449555d6be,bench/aime_answer_parser.py:a7ab4395529caaa2cfcd9cb5203a2dd00723ac90fcd96d12bea77494b416b234,610,600,False,boxed,,8195,867dcfeb6666c5c715f67bdbcef9bb0f4b1bb33bc54f1f3088451d13d3021b3e,b392d6b78219984cc0bef3bee3a520ca1c6eac2b0cfafbde9dac3af3bb342a0e,eos,True,False,False,False,False,/home/qinch2023/v100_aime24_aime25_quality_work/Bounded-pattrenKV-method/results/aime25_full_causal25_quality_v100/formal/CAUSAL_V4_25/seed42/p22.json,4be7391e6d8bcefd167ddcc17a05b444b0a0095422aed4d05fe41fa648f073de,aime25_full_causal25_quality_v100_formal,fb8a77b673acfff3,fe834cd7e99a06f2aec37bfb6c74173ad7fee7c9,2,Tesla V100-SXM2-32GB,2026-08-23T09:13:10.495579+00:00,2,2,128,16,128,128,causal_v4,0.25,0.25,segmented_rolling,deepseek_r1_recommended,CAUSAL_V4_25:seed42:p22
aime25,DeepSeek-R1-Distill-Llama-8B,6af5ef5a437b77f7fb395930f430a9a266efaa5ead3804aa92c8359e141f6185,CAUSAL_V4_25,CAUSAL_V4_25,patternkv,df086b3089b7912d,22,43,0,22043,aime25:p22:s0,822a4c6ec6a41f65151cbc731d9d4ce2bb7bbd0f2f39bd7622be1b99d28e0d9d,f14728387e46e56379307433461f994e,288e50dc4483832ffe6d0454da3214de,b9fbc5449555d6be,bench/aime_answer_parser.py:a7ab4395529caaa2cfcd9cb5203a2dd00723ac90fcd96d12bea77494b416b234,610,40,False,boxed,,13126,63f73e36ad9610bbd927e77f781aa91d0eb0ae98465783c95e07281e57b3c2b9,dde881cb82089f7f281bd2572ad7dac920102db8a039a15bbc21f34d4f8bd06d,eos,True,False,False,False,False,/home/qinch2023/v100_aime24_aime25_quality_work/Bounded-pattrenKV-method/results/aime25_full_causal25_quality_v100/formal/CAUSAL_V4_25/seed43/p22.json,81cfbce297622d4ed59a0a6443bbac19c542084c077cb0fb47feee20992f4a3a,aime25_full_causal25_quality_v100_formal,fb8a77b673acfff3,fe834cd7e99a06f2aec37bfb6c74173ad7fee7c9,3,Tesla V100-SXM2-32GB,2026-08-23T08:28:14.089897+00:00,2,2,128,16,128,128,causal_v4,0.25,0.25,segmented_rolling,deepseek_r1_recommended,CAUSAL_V4_25:seed43:p22
aime25,DeepSeek-R1-Distill-Llama-8B,6af5ef5a437b77f7fb395930f430a9a266efaa5ead3804aa92c8359e141f6185,CAUSAL_V4_25,CAUSAL_V4_25,patternkv,df086b3089b7912d,22,44,0,22044,aime25:p22:s0,822a4c6ec6a41f65151cbc731d9d4ce2bb7bbd0f2f39bd7622be1b99d28e0d9d,f14728387e46e56379307433461f994e,288e50dc4483832ffe6d0454da3214de,b9fbc5449555d6be,bench/aime_answer_parser.py:a7ab4395529caaa2cfcd9cb5203a2dd00723ac90fcd96d12bea77494b416b234,610,40,False,boxed,,16095,62e5e3ff14a06ef2d963baf73cf047c7406af21a1ad1fd8da806c42089f367d7,372bbf6be05b40afed60b029d34139b29527f68cbc26be3c4a23008600a6ea09,eos,True,False,False,False,False,/home/qinch2023/v100_aime24_aime25_quality_work/Bounded-pattrenKV-method/results/aime25_full_causal25_quality_v100/formal/CAUSAL_V4_25/seed44/p22.json,866f88676025d4e8ff20af2d2f834467df60061a9942cb12538f59ae1c9f08b9,aime25_full_causal25_quality_v100_formal,fb8a77b673acfff3,fe834cd7e99a06f2aec37bfb6c74173ad7fee7c9,2,Tesla V100-SXM2-32GB,2026-08-23T11:40:47.043124+00:00,2,2,128,16,128,128,causal_v4,0.25,0.25,segmented_rolling,deepseek_r1_recommended,CAUSAL_V4_25:seed44:p22
aime25,DeepSeek-R1-Distill-Llama-8B,6af5ef5a437b77f7fb395930f430a9a266efaa5ead3804aa92c8359e141f6185,CAUSAL_V4_25,CAUSAL_V4_25,patternkv,df086b3089b7912d,23,42,0,23042,aime25:p23:s0,822a4c6ec6a41f65151cbc731d9d4ce2bb7bbd0f2f39bd7622be1b99d28e0d9d,b301ab639a06c759d690f1f7c7478eb5,56c5557ee3016df09591563234b96b1e,b9fbc5449555d6be,bench/aime_answer_parser.py:a7ab4395529caaa2cfcd9cb5203a2dd00723ac90fcd96d12bea77494b416b234,149,28,False,boxed,,6488,229bb292ed1c5d22f022c4b095ceb5dfc20759b027bc9335862801125911feb6,a9af4975420ef39d863ed62e5c63f5f10d6f6f3f212a08b1e3c19568591f294b,eos,True,False,False,False,False,/home/qinch2023/v100_aime24_aime25_quality_work/Bounded-pattrenKV-method/results/aime25_full_causal25_quality_v100/formal/CAUSAL_V4_25/seed42/p23.json,ab50e85f7388f626163c587faf9b1e2e05a9a4c62982eaf1c2f759f4026e28f2,aime25_full_causal25_quality_v100_formal,fb8a77b673acfff3,fe834cd7e99a06f2aec37bfb6c74173ad7fee7c9,3,Tesla V100-SXM2-32GB,2026-08-23T09:08:58.834612+00:00,2,2,128,16,128,128,causal_v4,0.25,0.25,segmented_rolling,deepseek_r1_recommended,CAUSAL_V4_25:seed42:p23
aime25,DeepSeek-R1-Distill-Llama-8B,6af5ef5a437b77f7fb395930f430a9a266efaa5ead3804aa92c8359e141f6185,CAUSAL_V4_25,CAUSAL_V4_25,patternkv,df086b3089b7912d,23,43,0,23043,aime25:p23:s0,822a4c6ec6a41f65151cbc731d9d4ce2bb7bbd0f2f39bd7622be1b99d28e0d9d,b301ab639a06c759d690f1f7c7478eb5,56c5557ee3016df09591563234b96b1e,b9fbc5449555d6be,bench/aime_answer_parser.py:a7ab4395529caaa2cfcd9cb5203a2dd00723ac90fcd96d12bea77494b416b234,149,164,False,boxed,,8834,4d58c40f1b626b53536fcd692821441117018aa5297eb434cc33e524365a573b,ec7da7d443bc88152f4c2a49331663c6006b061123e83521d0220573197ca155,eos,True,False,False,False,False,/home/qinch2023/v100_aime24_aime25_quality_work/Bounded-pattrenKV-method/results/aime25_full_causal25_quality_v100/formal/CAUSAL_V4_25/seed43/p23.json,b7f482458f68e2cc6b5e7ed173258a32e2325b99ccc02c7f4bfba93acb3242be,aime25_full_causal25_quality_v100_formal,fb8a77b673acfff3,fe834cd7e99a06f2aec37bfb6c74173ad7fee7c9,2,Tesla V100-SXM2-32GB,2026-08-23T12:41:29.242031+00:00,2,2,128,16,128,128,causal_v4,0.25,0.25,segmented_rolling,deepseek_r1_recommended,CAUSAL_V4_25:seed43:p23
aime25,DeepSeek-R1-Distill-Llama-8B,6af5ef5a437b77f7fb395930f430a9a266efaa5ead3804aa92c8359e141f6185,CAUSAL_V4_25,CAUSAL_V4_25,patternkv,df086b3089b7912d,23,44,0,23044,aime25:p23:s0,822a4c6ec6a41f65151cbc731d9d4ce2bb7bbd0f2f39bd7622be1b99d28e0d9d,b301ab639a06c759d690f1f7c7478eb5,56c5557ee3016df09591563234b96b1e,b9fbc5449555d6be,bench/aime_answer_parser.py:a7ab4395529caaa2cfcd9cb5203a2dd00723ac90fcd96d12bea77494b416b234,149,46,False,boxed,,9684,53c20445b77ba7441c3f826c259c9908c2cc2465899ba242a96d2c3c301140d7,44986bd6a75c898157d716e6f5a868205bbacca96f7a5c0458d30b56c78d8cbb,eos,True,False,False,False,False,/home/qinch2023/v100_aime24_aime25_quality_work/Bounded-pattrenKV-method/results/aime25_full_causal25_quality_v100/formal/CAUSAL_V4_25/seed44/p23.json,4f8ef02928ca14e3c12c0a55f87806ee4342e2afc83cce835a9b233c1f8ccb2f,aime25_full_causal25_quality_v100_formal,fb8a77b673acfff3,fe834cd7e99a06f2aec37bfb6c74173ad7fee7c9,3,Tesla V100-SXM2-32GB,2026-08-23T10:17:15.272619+00:00,2,2,128,16,128,128,causal_v4,0.25,0.25,segmented_rolling,deepseek_r1_recommended,CAUSAL_V4_25:seed44:p23
aime25,DeepSeek-R1-Distill-Llama-8B,6af5ef5a437b77f7fb395930f430a9a266efaa5ead3804aa92c8359e141f6185,CAUSAL_V4_25,CAUSAL_V4_25,patternkv,df086b3089b7912d,24,42,0,24042,aime25:p24:s0,822a4c6ec6a41f65151cbc731d9d4ce2bb7bbd0f2f39bd7622be1b99d28e0d9d,d376f064f86ac66de5b403f9b4fb3ff1,50b0e0a2af0df2708a6dec184858695e,b9fbc5449555d6be,bench/aime_answer_parser.py:a7ab4395529caaa2cfcd9cb5203a2dd00723ac90fcd96d12bea77494b416b234,907,9,False,boxed,,5195,ba774f0178c209eed402a9d2eae6f025f63a20e37b69e86dd35a58f9a1f6862e,0edd23df540789e7c5b75c8dbfd0f4a88e58d325e6aa10d7263a9afa84e6a2cc,eos,True,False,False,False,False,/home/qinch2023/v100_aime24_aime25_quality_work/Bounded-pattrenKV-method/results/aime25_full_causal25_quality_v100/formal/CAUSAL_V4_25/seed42/p24.json,6a704b56addf3e8a815a35741317b8355ae19b5dd04270701ac23e126bab5a22,aime25_full_causal25_quality_v100_formal,fb8a77b673acfff3,fe834cd7e99a06f2aec37bfb6c74173ad7fee7c9,2,Tesla V100-SXM2-32GB,2026-08-23T13:12:04.409356+00:00,2,2,128,16,128,128,causal_v4,0.25,0.25,segmented_rolling,deepseek_r1_recommended,CAUSAL_V4_25:seed42:p24
aime25,DeepSeek-R1-Distill-Llama-8B,6af5ef5a437b77f7fb395930f430a9a266efaa5ead3804aa92c8359e141f6185,CAUSAL_V4_25,CAUSAL_V4_25,patternkv,df086b3089b7912d,24,43,0,24043,aime25:p24:s0,822a4c6ec6a41f65151cbc731d9d4ce2bb7bbd0f2f39bd7622be1b99d28e0d9d,d376f064f86ac66de5b403f9b4fb3ff1,50b0e0a2af0df2708a6dec184858695e,b9fbc5449555d6be,bench/aime_answer_parser.py:a7ab4395529caaa2cfcd9cb5203a2dd00723ac90fcd96d12bea77494b416b234,907,9,False,boxed,,6051,af3bf611ff8a3daa415d86548ad1f9803f4830253ea619dad2d2e8b55ce44647,b0b60093579039e169991b6d5802aa14479be487227c24b12a7577ea91077fe5,eos,True,False,False,False,False,/home/qinch2023/v100_aime24_aime25_quality_work/Bounded-pattrenKV-method/results/aime25_full_causal25_quality_v100/formal/CAUSAL_V4_25/seed43/p24.json,d393e1767ddd70dd3e698aed6da105fade8dd7a32f772d1978338e328f8d7124,aime25_full_causal25_quality_v100_formal,fb8a77b673acfff3,fe834cd7e99a06f2aec37bfb6c74173ad7fee7c9,3,Tesla V100-SXM2-32GB,2026-08-23T10:54:34.923807+00:00,2,2,128,16,128,128,causal_v4,0.25,0.25,segmented_rolling,deepseek_r1_recommended,CAUSAL_V4_25:seed43:p24
aime25,DeepSeek-R1-Distill-Llama-8B,6af5ef5a437b77f7fb395930f430a9a266efaa5ead3804aa92c8359e141f6185,CAUSAL_V4_25,CAUSAL_V4_25,patternkv,df086b3089b7912d,24,44,0,24044,aime25:p24:s0,822a4c6ec6a41f65151cbc731d9d4ce2bb7bbd0f2f39bd7622be1b99d28e0d9d,d376f064f86ac66de5b403f9b4fb3ff1,50b0e0a2af0df2708a6dec184858695e,b9fbc5449555d6be,bench/aime_answer_parser.py:a7ab4395529caaa2cfcd9cb5203a2dd00723ac90fcd96d12bea77494b416b234,907,9,False,boxed,,7697,05a635315cc7e5e8dce3fe7d086c30f483b7871bc20113b85940cbbc119840e0,6e00ac0eaefe8c1a5bf3746d9dac4baefb7eeed80462732834c802e282203e41,eos,True,False,False,False,False,/home/qinch2023/v100_aime24_aime25_quality_work/Bounded-pattrenKV-method/results/aime25_full_causal25_quality_v100/formal/CAUSAL_V4_25/seed44/p24.json,f6f018314bd1794a46e0f55cc14376f67fc365e81e10020ba88142fc05103e7c,aime25_full_causal25_quality_v100_formal,fb8a77b673acfff3,fe834cd7e99a06f2aec37bfb6c74173ad7fee7c9,2,Tesla V100-SXM2-32GB,2026-08-23T14:08:45.853145+00:00,2,2,128,16,128,128,causal_v4,0.25,0.25,segmented_rolling,deepseek_r1_recommended,CAUSAL_V4_25:seed44:p24
aime25,DeepSeek-R1-Distill-Llama-8B,6af5ef5a437b77f7fb395930f430a9a266efaa5ead3804aa92c8359e141f6185,CAUSAL_V4_25,CAUSAL_V4_25,patternkv,df086b3089b7912d,25,42,0,25042,aime25:p25:s0,822a4c6ec6a41f65151cbc731d9d4ce2bb7bbd0f2f39bd7622be1b99d28e0d9d,984d152105091bd54675c1f82970a7e3,e0a8ef0df8ee83405478542f38b7a1df,b9fbc5449555d6be,bench/aime_answer_parser.py:a7ab4395529caaa2cfcd9cb5203a2dd00723ac90fcd96d12bea77494b416b234,113,12,False,final_answer_nearby_integer,,12730,76fc76ce043013ea6a12e9c42bde41a43d0fb3c198f5f3e5dc5018510f36a0d2,b7622333f7a10fbb1650ac1581a6b1bde35c6d706c00466ecc91045973c60218,eos,True,False,False,False,False,/home/qinch2023/v100_aime24_aime25_quality_work/Bounded-pattrenKV-method/results/aime25_full_causal25_quality_v100/formal/CAUSAL_V4_25/seed42/p25.json,e589f2b4a0c34e7a67d4c6b59673160f0ae41f5e8c122880b589ea16e0409979,aime25_full_causal25_quality_v100_formal,fb8a77b673acfff3,fe834cd7e99a06f2aec37bfb6c74173ad7fee7c9,3,Tesla V100-SXM2-32GB,2026-08-23T12:33:21.578612+00:00,2,2,128,16,128,128,causal_v4,0.25,0.25,segmented_rolling,deepseek_r1_recommended,CAUSAL_V4_25:seed42:p25
aime25,DeepSeek-R1-Distill-Llama-8B,6af5ef5a437b77f7fb395930f430a9a266efaa5ead3804aa92c8359e141f6185,CAUSAL_V4_25,CAUSAL_V4_25,patternkv,df086b3089b7912d,25,43,0,25043,aime25:p25:s0,822a4c6ec6a41f65151cbc731d9d4ce2bb7bbd0f2f39bd7622be1b99d28e0d9d,984d152105091bd54675c1f82970a7e3,e0a8ef0df8ee83405478542f38b7a1df,b9fbc5449555d6be,bench/aime_answer_parser.py:a7ab4395529caaa2cfcd9cb5203a2dd00723ac90fcd96d12bea77494b416b234,113,28,False,boxed,,10530,7f7cf90dc861ec180adc7fb376736a289fe229f045074081ed8da9e58b07c06e,d034e6b669e169bbbef627aedb0e1de35ad37403cfaeaef1aeeb38b4e568b0b2,eos,True,False,False,False,False,/home/qinch2023/v100_aime24_aime25_quality_work/Bounded-pattrenKV-method/results/aime25_full_causal25_quality_v100/formal/CAUSAL_V4_25/seed43/p25.json,84ff6d98dc772650875ec5985ac1e9414da977051d5b9ad95b319c935d4e5b04,aime25_full_causal25_quality_v100_formal,fb8a77b673acfff3,fe834cd7e99a06f2aec37bfb6c74173ad7fee7c9,2,Tesla V100-SXM2-32GB,2026-08-23T15:23:59.008210+00:00,2,2,128,16,128,128,causal_v4,0.25,0.25,segmented_rolling,deepseek_r1_recommended,CAUSAL_V4_25:seed43:p25
aime25,DeepSeek-R1-Distill-Llama-8B,6af5ef5a437b77f7fb395930f430a9a266efaa5ead3804aa92c8359e141f6185,CAUSAL_V4_25,CAUSAL_V4_25,patternkv,df086b3089b7912d,25,44,0,25044,aime25:p25:s0,822a4c6ec6a41f65151cbc731d9d4ce2bb7bbd0f2f39bd7622be1b99d28e0d9d,984d152105091bd54675c1f82970a7e3,e0a8ef0df8ee83405478542f38b7a1df,b9fbc5449555d6be,bench/aime_answer_parser.py:a7ab4395529caaa2cfcd9cb5203a2dd00723ac90fcd96d12bea77494b416b234,113,,False,failure,,10654,b1e11a0210d3623ac7fcf77e48649e8bd611621ced17f5cce540360e34f8aaca,9bc4307bbc18a0500aeb10610839319aeba40cfbe8928ee8430ed1e6bf61bb67,eos,True,False,False,False,False,/home/qinch2023/v100_aime24_aime25_quality_work/Bounded-pattrenKV-method/results/aime25_full_causal25_quality_v100/formal/CAUSAL_V4_25/seed44/p25.json,fcd5b732034ab5906e52126b402c48f63c31b42c2cddb7b18125f97e0ffe63b1,aime25_full_causal25_quality_v100_formal,fb8a77b673acfff3,fe834cd7e99a06f2aec37bfb6c74173ad7fee7c9,3,Tesla V100-SXM2-32GB,2026-08-23T13:50:43.961907+00:00,2,2,128,16,128,128,causal_v4,0.25,0.25,segmented_rolling,deepseek_r1_recommended,CAUSAL_V4_25:seed44:p25
aime25,DeepSeek-R1-Distill-Llama-8B,6af5ef5a437b77f7fb395930f430a9a266efaa5ead3804aa92c8359e141f6185,CAUSAL_V4_25,CAUSAL_V4_25,patternkv,df086b3089b7912d,26,42,0,26042,aime25:p26:s0,822a4c6ec6a41f65151cbc731d9d4ce2bb7bbd0f2f39bd7622be1b99d28e0d9d,eb2c9b8154d1f52541726ed429ade2fb,5cf4f31c740ed28827f7be5498198531,b9fbc5449555d6be,bench/aime_answer_parser.py:a7ab4395529caaa2cfcd9cb5203a2dd00723ac90fcd96d12bea77494b416b234,19,58,False,boxed,,25840,3b2f8ae16380dbf3eac5a7babb2d837ec6fc00b6da6cdc47dbbcf6d047461b3a,8dc2a4fd44ab51414a271be51fc1d4311c4d7d3b31c1400bd7d0f340000e2765,eos,True,False,False,False,False,/home/qinch2023/v100_aime24_aime25_quality_work/Bounded-pattrenKV-method/results/aime25_full_causal25_quality_v100/formal/CAUSAL_V4_25/seed42/p26.json,88392cbe4b22bff9b236b7028a25f8f12a24862bdf92b526f909227ae35929af,aime25_full_causal25_quality_v100_formal,fb8a77b673acfff3,fe834cd7e99a06f2aec37bfb6c74173ad7fee7c9,2,Tesla V100-SXM2-32GB,2026-08-23T20:07:02.933931+00:00,2,2,128,16,128,128,causal_v4,0.25,0.25,segmented_rolling,deepseek_r1_recommended,CAUSAL_V4_25:seed42:p26
aime25,DeepSeek-R1-Distill-Llama-8B,6af5ef5a437b77f7fb395930f430a9a266efaa5ead3804aa92c8359e141f6185,CAUSAL_V4_25,CAUSAL_V4_25,patternkv,df086b3089b7912d,26,43,0,26043,aime25:p26:s0,822a4c6ec6a41f65151cbc731d9d4ce2bb7bbd0f2f39bd7622be1b99d28e0d9d,eb2c9b8154d1f52541726ed429ade2fb,5cf4f31c740ed28827f7be5498198531,b9fbc5449555d6be,bench/aime_answer_parser.py:a7ab4395529caaa2cfcd9cb5203a2dd00723ac90fcd96d12bea77494b416b234,19,10,False,tail_integer,,22943,582e05c693b1704c1cc6ff29c64d5b90edf6ea905ba1a4be7b8d85ded3847b99,0f2fcc1583c0e79a7544f3985dc8dd25e5b951512dabc9b20ad4dee4e5824c37,eos,True,False,False,False,False,/home/qinch2023/v100_aime24_aime25_quality_work/Bounded-pattrenKV-method/results/aime25_full_causal25_quality_v100/formal/CAUSAL_V4_25/seed43/p26.json,548c583da7da40d2939fb7c256336644fccb1d4a8ad6586421a39c2c4de75dd1,aime25_full_causal25_quality_v100_formal,fb8a77b673acfff3,fe834cd7e99a06f2aec37bfb6c74173ad7fee7c9,3,Tesla V100-SXM2-32GB,2026-08-23T17:46:44.680887+00:00,2,2,128,16,128,128,causal_v4,0.25,0.25,segmented_rolling,deepseek_r1_recommended,CAUSAL_V4_25:seed43:p26
aime25,DeepSeek-R1-Distill-Llama-8B,6af5ef5a437b77f7fb395930f430a9a266efaa5ead3804aa92c8359e141f6185,CAUSAL_V4_25,CAUSAL_V4_25,patternkv,df086b3089b7912d,26,44,0,26044,aime25:p26:s0,822a4c6ec6a41f65151cbc731d9d4ce2bb7bbd0f2f39bd7622be1b99d28e0d9d,eb2c9b8154d1f52541726ed429ade2fb,5cf4f31c740ed28827f7be5498198531,b9fbc5449555d6be,bench/aime_answer_parser.py:a7ab4395529caaa2cfcd9cb5203a2dd00723ac90fcd96d12bea77494b416b234,19,19,True,final_answer_nearby_integer,,32768,a712369c29542fd2a9423eb7bbb7f236f6592a1ffc6b5fe53d072d7d263c2340,052a40d65b58cbc69f5c74a5ad3e073c4588c4c24dc521f3da374b37a78c2248,length,False,True,True,False,False,/home/qinch2023/v100_aime24_aime25_quality_work/Bounded-pattrenKV-method/results/aime25_full_causal25_quality_v100/formal/CAUSAL_V4_25/seed44/p26.json,884343f97198bd022893b2c4a72604aea40c0cde554e2341135d6d8c49a731e7,aime25_full_causal25_quality_v100_formal,fb8a77b673acfff3,fe834cd7e99a06f2aec37bfb6c74173ad7fee7c9,2,Tesla V100-SXM2-32GB,2026-08-24T03:03:39.424826+00:00,2,2,128,16,128,128,causal_v4,0.25,0.25,segmented_rolling,deepseek_r1_recommended,CAUSAL_V4_25:seed44:p26
aime25,DeepSeek-R1-Distill-Llama-8B,6af5ef5a437b77f7fb395930f430a9a266efaa5ead3804aa92c8359e141f6185,CAUSAL_V4_25,CAUSAL_V4_25,patternkv,df086b3089b7912d,27,42,0,27042,aime25:p27:s0,822a4c6ec6a41f65151cbc731d9d4ce2bb7bbd0f2f39bd7622be1b99d28e0d9d,c219bc88c7508e20b65616d192f6b2a9,b4eb4e435edbe4f993b9a509ce78688d,b9fbc5449555d6be,bench/aime_answer_parser.py:a7ab4395529caaa2cfcd9cb5203a2dd00723ac90fcd96d12bea77494b416b234,248,3,False,boxed,,22623,aec5017a0e5072de7b3a06420e052a7d857867f0b6e46dce02705ea72def93a9,12dc524d7a7ce4c0539ae2654c9f8838b45f73256fb140c408b5ba980bc1dfcc,eos,True,False,False,False,False,/home/qinch2023/v100_aime24_aime25_quality_work/Bounded-pattrenKV-method/results/aime25_full_causal25_quality_v100/formal/CAUSAL_V4_25/seed42/p27.json,b25690cbcf06a304a2b0d1efdac06daa5c803e7e2df15146a705a665ba8d69c2,aime25_full_causal25_quality_v100_formal,fb8a77b673acfff3,fe834cd7e99a06f2aec37bfb6c74173ad7fee7c9,3,Tesla V100-SXM2-32GB,2026-08-23T21:37:51.015790+00:00,2,2,128,16,128,128,causal_v4,0.25,0.25,segmented_rolling,deepseek_r1_recommended,CAUSAL_V4_25:seed42:p27
aime25,DeepSeek-R1-Distill-Llama-8B,6af5ef5a437b77f7fb395930f430a9a266efaa5ead3804aa92c8359e141f6185,CAUSAL_V4_25,CAUSAL_V4_25,patternkv,df086b3089b7912d,27,43,0,27043,aime25:p27:s0,822a4c6ec6a41f65151cbc731d9d4ce2bb7bbd0f2f39bd7622be1b99d28e0d9d,c219bc88c7508e20b65616d192f6b2a9,b4eb4e435edbe4f993b9a509ce78688d,b9fbc5449555d6be,bench/aime_answer_parser.py:a7ab4395529caaa2cfcd9cb5203a2dd00723ac90fcd96d12bea77494b416b234,248,3,False,boxed,,22821,04fb5f70a8d5773211f435874ac8b8c2c140db3921de798f7819afbfa13ee7c3,61a23732ad877c2e1729fe4b5ee7aae6d0085f43a86bf6c084ae93ca52713e5b,eos,True,False,False,False,False,/home/qinch2023/v100_aime24_aime25_quality_work/Bounded-pattrenKV-method/results/aime25_full_causal25_quality_v100/formal/CAUSAL_V4_25/seed43/p27.json,2bdc82e90e6fade83d78bd861d5e05f46cba15242eec345d5933e4a5f150be48,aime25_full_causal25_quality_v100_formal,fb8a77b673acfff3,fe834cd7e99a06f2aec37bfb6c74173ad7fee7c9,2,Tesla V100-SXM2-32GB,2026-08-24T06:57:33.889834+00:00,2,2,128,16,128,128,causal_v4,0.25,0.25,segmented_rolling,deepseek_r1_recommended,CAUSAL_V4_25:seed43:p27
aime25,DeepSeek-R1-Distill-Llama-8B,6af5ef5a437b77f7fb395930f430a9a266efaa5ead3804aa92c8359e141f6185,CAUSAL_V4_25,CAUSAL_V4_25,patternkv,df086b3089b7912d,27,44,0,27044,aime25:p27:s0,822a4c6ec6a41f65151cbc731d9d4ce2bb7bbd0f2f39bd7622be1b99d28e0d9d,c219bc88c7508e20b65616d192f6b2a9,b4eb4e435edbe4f993b9a509ce78688d,b9fbc5449555d6be,bench/aime_answer_parser.py:a7ab4395529caaa2cfcd9cb5203a2dd00723ac90fcd96d12bea77494b416b234,248,208,False,boxed,,17897,1524cb5a0d29c0a058d7bf018a98e3d5aedfb0bfa641891b4466485014a19243,0e7d6f96037f3ff8db53692138bdde79ddfe3dab3f8f1e886b90e949e08b1c92,eos,True,False,False,False,False,/home/qinch2023/v100_aime24_aime25_quality_work/Bounded-pattrenKV-method/results/aime25_full_causal25_quality_v100/formal/CAUSAL_V4_25/seed44/p27.json,075e55d8e133827f8842632e833b48ba8ef45d1ea2c13f66aed25f98240397b5,aime25_full_causal25_quality_v100_formal,fb8a77b673acfff3,fe834cd7e99a06f2aec37bfb6c74173ad7fee7c9,3,Tesla V100-SXM2-32GB,2026-08-24T00:21:06.716271+00:00,2,2,128,16,128,128,causal_v4,0.25,0.25,segmented_rolling,deepseek_r1_recommended,CAUSAL_V4_25:seed44:p27
aime25,DeepSeek-R1-Distill-Llama-8B,6af5ef5a437b77f7fb395930f430a9a266efaa5ead3804aa92c8359e141f6185,CAUSAL_V4_25,CAUSAL_V4_25,patternkv,df086b3089b7912d,28,42,0,28042,aime25:p28:s0,822a4c6ec6a41f65151cbc731d9d4ce2bb7bbd0f2f39bd7622be1b99d28e0d9d,32372ef5319e1d95611cdeb87ad07fae,94eb97d32b93c4f2704bdc98d7c471a5,b9fbc5449555d6be,bench/aime_answer_parser.py:a7ab4395529caaa2cfcd9cb5203a2dd00723ac90fcd96d12bea77494b416b234,104,147,False,boxed,,18541,547088a912d80d6ce1ecfeca81ccb07832c95ddd84b908fe389da8d170e7e41b,1fbfba4d56242f2e98757168e9f69d6f7e23da13f6a7dfe62e1e8a8e4c5725cb,eos,True,False,False,False,False,/home/qinch2023/v100_aime24_aime25_quality_work/Bounded-pattrenKV-method/results/aime25_full_causal25_quality_v100/formal/CAUSAL_V4_25/seed42/p28.json,ab3c6480230ca2f33db28fa62768b634ad6a5d94f90e4d0bbc92d4430e014ad3,aime25_full_causal25_quality_v100_formal,fb8a77b673acfff3,fe834cd7e99a06f2aec37bfb6c74173ad7fee7c9,2,Tesla V100-SXM2-32GB,2026-08-24T09:47:03.335803+00:00,2,2,128,16,128,128,causal_v4,0.25,0.25,segmented_rolling,deepseek_r1_recommended,CAUSAL_V4_25:seed42:p28
aime25,DeepSeek-R1-Distill-Llama-8B,6af5ef5a437b77f7fb395930f430a9a266efaa5ead3804aa92c8359e141f6185,CAUSAL_V4_25,CAUSAL_V4_25,patternkv,df086b3089b7912d,28,43,0,28043,aime25:p28:s0,822a4c6ec6a41f65151cbc731d9d4ce2bb7bbd0f2f39bd7622be1b99d28e0d9d,32372ef5319e1d95611cdeb87ad07fae,94eb97d32b93c4f2704bdc98d7c471a5,b9fbc5449555d6be,bench/aime_answer_parser.py:a7ab4395529caaa2cfcd9cb5203a2dd00723ac90fcd96d12bea77494b416b234,104,104,True,boxed,,16483,0282415bb3188b9fbf604c34b9ac9c8739ac491f99ec6c736dbfeafe7a0c4e36,233bd09eddbbfcb1793ee9ce2e615192ac9ce40287fbbb56c02b602c68cbd299,eos,True,False,False,False,False,/home/qinch2023/v100_aime24_aime25_quality_work/Bounded-pattrenKV-method/results/aime25_full_causal25_quality_v100/formal/CAUSAL_V4_25/seed43/p28.json,4543ad833b51db8c3c9bdab2e10dfd2bc101fae7c0d5d954168b78331ef9b518,aime25_full_causal25_quality_v100_formal,fb8a77b673acfff3,fe834cd7e99a06f2aec37bfb6c74173ad7fee7c9,3,Tesla V100-SXM2-32GB,2026-08-24T02:44:05.643162+00:00,2,2,128,16,128,128,causal_v4,0.25,0.25,segmented_rolling,deepseek_r1_recommended,CAUSAL_V4_25:seed43:p28
aime25,DeepSeek-R1-Distill-Llama-8B,6af5ef5a437b77f7fb395930f430a9a266efaa5ead3804aa92c8359e141f6185,CAUSAL_V4_25,CAUSAL_V4_25,patternkv,df086b3089b7912d,28,44,0,28044,aime25:p28:s0,822a4c6ec6a41f65151cbc731d9d4ce2bb7bbd0f2f39bd7622be1b99d28e0d9d,32372ef5319e1d95611cdeb87ad07fae,94eb97d32b93c4f2704bdc98d7c471a5,b9fbc5449555d6be,bench/aime_answer_parser.py:a7ab4395529caaa2cfcd9cb5203a2dd00723ac90fcd96d12bea77494b416b234,104,98,False,boxed,,18385,aff00965cc78ea63dffb46b4080575c2fe109603f471b52dcb0c3767b285a572,e722253de15dce20ba982ee5ade351beb79605190240d6e5bf2c3c0474a1d28f,eos,True,False,False,False,False,/home/qinch2023/v100_aime24_aime25_quality_work/Bounded-pattrenKV-method/results/aime25_full_causal25_quality_v100/formal/CAUSAL_V4_25/seed44/p28.json,7efae74d22edea9288e0b6fac14922c495168fe6a715c90c0cf55c9d87cbfacb,aime25_full_causal25_quality_v100_formal,fb8a77b673acfff3,fe834cd7e99a06f2aec37bfb6c74173ad7fee7c9,2,Tesla V100-SXM2-32GB,2026-08-24T12:34:00.214124+00:00,2,2,128,16,128,128,causal_v4,0.25,0.25,segmented_rolling,deepseek_r1_recommended,CAUSAL_V4_25:seed44:p28
aime25,DeepSeek-R1-Distill-Llama-8B,6af5ef5a437b77f7fb395930f430a9a266efaa5ead3804aa92c8359e141f6185,CAUSAL_V4_25,CAUSAL_V4_25,patternkv,df086b3089b7912d,29,42,0,29042,aime25:p29:s0,822a4c6ec6a41f65151cbc731d9d4ce2bb7bbd0f2f39bd7622be1b99d28e0d9d,0009b4538255c73d6effffb3456908e9,8b6785b193c12dd1c54352df0d5e986f,b9fbc5449555d6be,bench/aime_answer_parser.py:a7ab4395529caaa2cfcd9cb5203a2dd00723ac90fcd96d12bea77494b416b234,240,188,False,boxed,,16710,25d83202475cb2ad19ce6b9327c5b09e2b37a499f7ef304bae7bc174a9f6b361,99c4f11d366510e22848f5d6814e7bbd1988455dccf73e1b7d4c8693dbc37a81,eos,True,False,False,False,False,/home/qinch2023/v100_aime24_aime25_quality_work/Bounded-pattrenKV-method/results/aime25_full_causal25_quality_v100/formal/CAUSAL_V4_25/seed42/p29.json,44dd45cbdb6c77819b6fdc2ae393de4b6485809c806d2c928636db7586ce6061,aime25_full_causal25_quality_v100_formal,fb8a77b673acfff3,fe834cd7e99a06f2aec37bfb6c74173ad7fee7c9,3,Tesla V100-SXM2-32GB,2026-08-24T05:10:27.348023+00:00,2,2,128,16,128,128,causal_v4,0.25,0.25,segmented_rolling,deepseek_r1_recommended,CAUSAL_V4_25:seed42:p29
aime25,DeepSeek-R1-Distill-Llama-8B,6af5ef5a437b77f7fb395930f430a9a266efaa5ead3804aa92c8359e141f6185,CAUSAL_V4_25,CAUSAL_V4_25,patternkv,df086b3089b7912d,29,43,0,29043,aime25:p29:s0,822a4c6ec6a41f65151cbc731d9d4ce2bb7bbd0f2f39bd7622be1b99d28e0d9d,0009b4538255c73d6effffb3456908e9,8b6785b193c12dd1c54352df0d5e986f,b9fbc5449555d6be,bench/aime_answer_parser.py:a7ab4395529caaa2cfcd9cb5203a2dd00723ac90fcd96d12bea77494b416b234,240,188,False,boxed,,14350,d96aa2d1cd85aef5ae8f08a6db6787d14d81bd59a4e4d25794a3e529bcce8ad3,377af164e6e2efca684f8044f0861f3a615854b55eae79e9e14b851090cddfef,eos,True,False,False,False,False,/home/qinch2023/v100_aime24_aime25_quality_work/Bounded-pattrenKV-method/results/aime25_full_causal25_quality_v100/formal/CAUSAL_V4_25/seed43/p29.json,3fd85f6763df63f6f7e700ec3bd2990e506e20306353a56b8f49c5301b7170f6,aime25_full_causal25_quality_v100_formal,fb8a77b673acfff3,fe834cd7e99a06f2aec37bfb6c74173ad7fee7c9,2,Tesla V100-SXM2-32GB,2026-08-24T14:30:55.083545+00:00,2,2,128,16,128,128,causal_v4,0.25,0.25,segmented_rolling,deepseek_r1_recommended,CAUSAL_V4_25:seed43:p29
aime25,DeepSeek-R1-Distill-Llama-8B,6af5ef5a437b77f7fb395930f430a9a266efaa5ead3804aa92c8359e141f6185,CAUSAL_V4_25,CAUSAL_V4_25,patternkv,df086b3089b7912d,29,44,0,29044,aime25:p29:s0,822a4c6ec6a41f65151cbc731d9d4ce2bb7bbd0f2f39bd7622be1b99d28e0d9d,0009b4538255c73d6effffb3456908e9,8b6785b193c12dd1c54352df0d5e986f,b9fbc5449555d6be,bench/aime_answer_parser.py:a7ab4395529caaa2cfcd9cb5203a2dd00723ac90fcd96d12bea77494b416b234,240,188,False,boxed,,25057,d2ef4133d1c7cc209be41d4414b83ceab5f9870541b0d261c5a674bcb3d6d99c,aed1fe9b083998217344b55e475e417509dc206542b331a86be1e0f9334df345,eos,True,False,False,False,False,/home/qinch2023/v100_aime24_aime25_quality_work/Bounded-pattrenKV-method/results/aime25_full_causal25_quality_v100/formal/CAUSAL_V4_25/seed44/p29.json,4ee18ee3ab87f42498265255fdc87f347af659088b724789f1c7e90b478b83be,aime25_full_causal25_quality_v100_formal,fb8a77b673acfff3,fe834cd7e99a06f2aec37bfb6c74173ad7fee7c9,3,Tesla V100-SXM2-32GB,2026-08-24T09:39:23.705185+00:00,2,2,128,16,128,128,causal_v4,0.25,0.25,segmented_rolling,deepseek_r1_recommended,CAUSAL_V4_25:seed44:p29
