run_id,timestamp,phase,repetition_id,physical_gpu,gpu_uuid,method,model,model_path,context,batch,decode,warmup,backend,fp16_backend_selected,dtype,tpot_ms,tok_s,decode_wall_ms,output_tokens,protocol_counters,tokens,nan_inf,workload_sha256,run_valid,invalid_reason
long_decode_FP16_gpu6_ctx2048_b1_dec256_measured1,2026-08-28T00:17:04+0800,measured,0,6,GPU-f9be145a-d8d5-a2e1-3c42-72047878fcf8,FP16,Qwen3-8B,/home/qinch2023/modelscope_models/Qwen3-8B,2048,1,256,1,sdpa,sdpa,torch.float16,43.917240142822266,22.7701011436038,11242.8134765625,256,{},"[[25], [6979], [264], [8500], [323], [2874], [911], [43893], [34784], [15516], [13], [49795], [11064], [25529], [25], [6979], [264], [8500], [323], [2874], [911], [43893], [34784], [15516], [13], [49795], [11064], [25529], [25], [6979], [264], [8500], [323], [2874], [911], [43893], [34784], [15516], [13], [49795], [11064], [25529], [25], [6979], [264], [8500], [323], [2874], [911], [43893], [34784], [15516], [13], [49795], [11064], [25529], [25], [6979], [264], [8500], [323], [2874], [911], [43893], [34784], [15516], [13], [49795], [11064], [25529], [25], [6979], [264], [8500], [323], [2874], [911], [43893], [34784], [15516], [13], [49795], [11064], [25529], [25], [6979], [264], [8500], [323], [2874], [911], [43893], [34784], [15516], [13], [49795], [11064], [25529], [25], [6979], [264], [8500], [323], [2874], [911], [43893], [34784], [15516], [13], [49795], [11064], [25529], [25], [6979], [264], [8500], [323], [2874], [911], [43893], [34784], [15516], [13], [49795], [11064], [25529], [25], [6979], [264], [8500], [323], [2874], [911], [43893], [34784], [15516], [13], [49795], [11064], [25529], [25], [6979], [264], [8500], [323], [2874], [911], [43893], [34784], [15516], [13], [49795], [11064], [25529], [25], [6979], [264], [8500], [323], [2874], [911], [43893], [34784], [15516], [13], [49795], [11064], [25529], [25], [6979], [264], [8500], [323], [2874], [911], [43893], [34784], [15516], [13], [49795], [11064], [25529], [25], [6979], [264], [8500], [323], [2874], [911], [43893], [34784], [15516], [13], [49795], [11064], [25529], [25], [6979], [264], [8500], [323], [2874], [911], [43893], [34784], [15516], [13], [49795], [11064], [25529], [25], [6979], [264], [8500], [323], [2874], [911], [43893], [34784], [15516], [13], [49795], [11064], [25529], [25], [6979], [264], [8500], [323], [2874], [911], [43893], [34784], [15516], [13], [49795], [11064], [25529], [25], [6979], [264], [8500], [323], [2874], [911], [43893], [34784], [15516], [13], [49795], [11064], [25529], [25], [6979], [264], [8500]]",False,221ed25c430f13478156e65a921ce578d98468084daf220ea8870265b071d743,True,
long_decode_FP16_gpu6_ctx2048_b1_dec256_measured2,2026-08-28T00:17:15+0800,measured,1,6,GPU-f9be145a-d8d5-a2e1-3c42-72047878fcf8,FP16,Qwen3-8B,/home/qinch2023/modelscope_models/Qwen3-8B,2048,1,256,1,sdpa,sdpa,torch.float16,42.49304962158203,23.53326035446758,10878.220703125,256,{},"[[25], [6979], [264], [8500], [323], [2874], [911], [43893], [34784], [15516], [13], [49795], [11064], [25529], [25], [6979], [264], [8500], [323], [2874], [911], [43893], [34784], [15516], [13], [49795], [11064], [25529], [25], [6979], [264], [8500], [323], [2874], [911], [43893], [34784], [15516], [13], [49795], [11064], [25529], [25], [6979], [264], [8500], [323], [2874], [911], [43893], [34784], [15516], [13], [49795], [11064], [25529], [25], [6979], [264], [8500], [323], [2874], [911], [43893], [34784], [15516], [13], [49795], [11064], [25529], [25], [6979], [264], [8500], [323], [2874], [911], [43893], [34784], [15516], [13], [49795], [11064], [25529], [25], [6979], [264], [8500], [323], [2874], [911], [43893], [34784], [15516], [13], [49795], [11064], [25529], [25], [6979], [264], [8500], [323], [2874], [911], [43893], [34784], [15516], [13], [49795], [11064], [25529], [25], [6979], [264], [8500], [323], [2874], [911], [43893], [34784], [15516], [13], [49795], [11064], [25529], [25], [6979], [264], [8500], [323], [2874], [911], [43893], [34784], [15516], [13], [49795], [11064], [25529], [25], [6979], [264], [8500], [323], [2874], [911], [43893], [34784], [15516], [13], [49795], [11064], [25529], [25], [6979], [264], [8500], [323], [2874], [911], [43893], [34784], [15516], [13], [49795], [11064], [25529], [25], [6979], [264], [8500], [323], [2874], [911], [43893], [34784], [15516], [13], [49795], [11064], [25529], [25], [6979], [264], [8500], [323], [2874], [911], [43893], [34784], [15516], [13], [49795], [11064], [25529], [25], [6979], [264], [8500], [323], [2874], [911], [43893], [34784], [15516], [13], [49795], [11064], [25529], [25], [6979], [264], [8500], [323], [2874], [911], [43893], [34784], [15516], [13], [49795], [11064], [25529], [25], [6979], [264], [8500], [323], [2874], [911], [43893], [34784], [15516], [13], [49795], [11064], [25529], [25], [6979], [264], [8500], [323], [2874], [911], [43893], [34784], [15516], [13], [49795], [11064], [25529], [25], [6979], [264], [8500]]",False,221ed25c430f13478156e65a921ce578d98468084daf220ea8870265b071d743,True,
long_decode_FP16_gpu6_ctx2048_b1_dec256_measured3,2026-08-28T00:17:26+0800,measured,2,6,GPU-f9be145a-d8d5-a2e1-3c42-72047878fcf8,FP16,Qwen3-8B,/home/qinch2023/modelscope_models/Qwen3-8B,2048,1,256,1,sdpa,sdpa,torch.float16,41.633384704589844,24.019185735090034,10658.146484375,256,{},"[[25], [6979], [264], [8500], [323], [2874], [911], [43893], [34784], [15516], [13], [49795], [11064], [25529], [25], [6979], [264], [8500], [323], [2874], [911], [43893], [34784], [15516], [13], [49795], [11064], [25529], [25], [6979], [264], [8500], [323], [2874], [911], [43893], [34784], [15516], [13], [49795], [11064], [25529], [25], [6979], [264], [8500], [323], [2874], [911], [43893], [34784], [15516], [13], [49795], [11064], [25529], [25], [6979], [264], [8500], [323], [2874], [911], [43893], [34784], [15516], [13], [49795], [11064], [25529], [25], [6979], [264], [8500], [323], [2874], [911], [43893], [34784], [15516], [13], [49795], [11064], [25529], [25], [6979], [264], [8500], [323], [2874], [911], [43893], [34784], [15516], [13], [49795], [11064], [25529], [25], [6979], [264], [8500], [323], [2874], [911], [43893], [34784], [15516], [13], [49795], [11064], [25529], [25], [6979], [264], [8500], [323], [2874], [911], [43893], [34784], [15516], [13], [49795], [11064], [25529], [25], [6979], [264], [8500], [323], [2874], [911], [43893], [34784], [15516], [13], [49795], [11064], [25529], [25], [6979], [264], [8500], [323], [2874], [911], [43893], [34784], [15516], [13], [49795], [11064], [25529], [25], [6979], [264], [8500], [323], [2874], [911], [43893], [34784], [15516], [13], [49795], [11064], [25529], [25], [6979], [264], [8500], [323], [2874], [911], [43893], [34784], [15516], [13], [49795], [11064], [25529], [25], [6979], [264], [8500], [323], [2874], [911], [43893], [34784], [15516], [13], [49795], [11064], [25529], [25], [6979], [264], [8500], [323], [2874], [911], [43893], [34784], [15516], [13], [49795], [11064], [25529], [25], [6979], [264], [8500], [323], [2874], [911], [43893], [34784], [15516], [13], [49795], [11064], [25529], [25], [6979], [264], [8500], [323], [2874], [911], [43893], [34784], [15516], [13], [49795], [11064], [25529], [25], [6979], [264], [8500], [323], [2874], [911], [43893], [34784], [15516], [13], [49795], [11064], [25529], [25], [6979], [264], [8500]]",False,221ed25c430f13478156e65a921ce578d98468084daf220ea8870265b071d743,True,
long_decode_CAUSAL_gpu6_ctx2048_b1_dec256_measured1,2026-08-28T00:20:24+0800,measured,0,6,GPU-f9be145a-d8d5-a2e1-3c42-72047878fcf8,CAUSAL,Qwen3-8B,/home/qinch2023/modelscope_models/Qwen3-8B,2048,1,256,1,CUDA_COMPRESSED_LEGACY,sdpa,torch.float16,293.33148193359375,3.4091124260108785,75092.859375,256,"{'historical_fp16_k_materialization_calls': 0, 'historical_fp16_k_materialized_bytes': 0, 'historical_fp16_v_materialization_calls': 0, 'historical_fp16_v_materialized_bytes': 0, 'page_local_v_materialization_calls': 0, 'page_local_v_materialized_bytes': 0, 'serial_request_forward_dispatches': 0, 'serial_attention_dispatches': 0, 'fallback_count': 0, 'prefill_calls': 0, 'prefill_tokens': 0, 'refill_calls': 0, 'membership_changes': 0, 'page_batch_page_batch_decode_calls': 0, 'page_batch_page_batch_pack_calls': 72, 'page_batch_logical_pages_processed': 0, 'page_batch_v2_pages_processed': 0, 'page_batch_v4_pages_processed': 0, 'page_batch_v2_tokens_processed': 0, 'page_batch_v4_tokens_processed': 0, 'page_batch_page_value_materialization_calls': 0, 'page_batch_page_value_materialized_bytes': 0, 'page_batch_historical_v_materialization_bytes': 0, 'page_batch_python_serial_b1_dispatches': 0, 'page_batch_host_sync_item_calls': 0, 'page_batch_gpu_tensor_item_calls': 0, 'page_batch_matmul_calls': 0, 'page_batch_accumulate_calls': 0, 'page_batch_attention_slice_calls': 0, 'page_batch_repeat_kv_calls': 0, 'real_decode_real_decode_steps': 0, 'real_decode_fused_page_operator_calls': 0, 'real_decode_legacy_mixed_v_operator_calls': 9216, 'real_decode_serial_b1_dispatches': 0, 'real_decode_operator_ready_pool_full_rebuilds': 0, 'real_decode_operator_ready_pool_incremental_updates': 72, 'real_decode_new_pages_allocated': 72, 'real_decode_page_value_materialization_bytes': 0, 'real_decode_historical_v_materialization_bytes': 0, 'real_decode_gpu_tensor_item_calls_hot_path': 0, 'real_decode_python_page_dispatches': 0}","[[25], [6979], [264], [8500], [323], [2874], [911], [43893], [34784], [15516], [13], [49795], [11064], [25529], [25], [6979], [264], [8500], [323], [2874], [911], [43893], [34784], [15516], [13], [49795], [11064], [25529], [25], [6979], [264], [8500], [323], [2874], [911], [43893], [34784], [15516], [13], [49795], [11064], [25529], [25], [6979], [264], [8500], [323], [2874], [911], [43893], [34784], [15516], [13], [49795], [11064], [25529], [25], [6979], [264], [8500], [323], [2874], [911], [43893], [34784], [15516], [13], [49795], [11064], [25529], [25], [6979], [264], [8500], [323], [2874], [911], [43893], [34784], [15516], [13], [49795], [11064], [25529], [25], [6979], [264], [8500], [323], [2874], [911], [43893], [34784], [15516], [13], [49795], [11064], [25529], [25], [6979], [264], [8500], [323], [2874], [911], [43893], [34784], [15516], [13], [49795], [11064], [25529], [25], [6979], [264], [8500], [323], [2874], [911], [43893], [34784], [15516], [13], [49795], [11064], [25529], [25], [6979], [264], [8500], [323], [2874], [911], [43893], [34784], [15516], [13], [49795], [11064], [25529], [25], [6979], [264], [8500], [323], [2874], [911], [43893], [34784], [15516], [13], [49795], [11064], [25529], [25], [6979], [264], [8500], [323], [2874], [911], [43893], [34784], [15516], [13], [49795], [11064], [25529], [25], [6979], [264], [8500], [323], [2874], [911], [43893], [34784], [15516], [13], [49795], [11064], [25529], [25], [6979], [264], [8500], [323], [2874], [911], [43893], [34784], [15516], [13], [49795], [11064], [25529], [25], [6979], [264], [8500], [323], [2874], [911], [43893], [34784], [15516], [13], [49795], [11064], [25529], [25], [6979], [264], [8500], [323], [2874], [911], [43893], [34784], [15516], [13], [49795], [11064], [25529], [25], [6979], [264], [8500], [323], [2874], [911], [43893], [34784], [15516], [13], [49795], [11064], [25529], [25], [6979], [264], [8500], [323], [2874], [911], [43893], [34784], [15516], [13], [49795], [11064], [25529], [25], [6979], [264], [8500]]",False,221ed25c430f13478156e65a921ce578d98468084daf220ea8870265b071d743,True,
long_decode_CAUSAL_gpu6_ctx2048_b1_dec256_measured2,2026-08-28T00:21:46+0800,measured,1,6,GPU-f9be145a-d8d5-a2e1-3c42-72047878fcf8,CAUSAL,Qwen3-8B,/home/qinch2023/modelscope_models/Qwen3-8B,2048,1,256,1,CUDA_COMPRESSED_LEGACY,sdpa,torch.float16,293.547607421875,3.4066024546500207,75148.1875,256,"{'historical_fp16_k_materialization_calls': 0, 'historical_fp16_k_materialized_bytes': 0, 'historical_fp16_v_materialization_calls': 0, 'historical_fp16_v_materialized_bytes': 0, 'page_local_v_materialization_calls': 0, 'page_local_v_materialized_bytes': 0, 'serial_request_forward_dispatches': 0, 'serial_attention_dispatches': 0, 'fallback_count': 0, 'prefill_calls': 0, 'prefill_tokens': 0, 'refill_calls': 0, 'membership_changes': 0, 'page_batch_page_batch_decode_calls': 0, 'page_batch_page_batch_pack_calls': 72, 'page_batch_logical_pages_processed': 0, 'page_batch_v2_pages_processed': 0, 'page_batch_v4_pages_processed': 0, 'page_batch_v2_tokens_processed': 0, 'page_batch_v4_tokens_processed': 0, 'page_batch_page_value_materialization_calls': 0, 'page_batch_page_value_materialized_bytes': 0, 'page_batch_historical_v_materialization_bytes': 0, 'page_batch_python_serial_b1_dispatches': 0, 'page_batch_host_sync_item_calls': 0, 'page_batch_gpu_tensor_item_calls': 0, 'page_batch_matmul_calls': 0, 'page_batch_accumulate_calls': 0, 'page_batch_attention_slice_calls': 0, 'page_batch_repeat_kv_calls': 0, 'real_decode_real_decode_steps': 0, 'real_decode_fused_page_operator_calls': 0, 'real_decode_legacy_mixed_v_operator_calls': 9216, 'real_decode_serial_b1_dispatches': 0, 'real_decode_operator_ready_pool_full_rebuilds': 0, 'real_decode_operator_ready_pool_incremental_updates': 72, 'real_decode_new_pages_allocated': 72, 'real_decode_page_value_materialization_bytes': 0, 'real_decode_historical_v_materialization_bytes': 0, 'real_decode_gpu_tensor_item_calls_hot_path': 0, 'real_decode_python_page_dispatches': 0}","[[25], [6979], [264], [8500], [323], [2874], [911], [43893], [34784], [15516], [13], [49795], [11064], [25529], [25], [6979], [264], [8500], [323], [2874], [911], [43893], [34784], [15516], [13], [49795], [11064], [25529], [25], [6979], [264], [8500], [323], [2874], [911], [43893], [34784], [15516], [13], [49795], [11064], [25529], [25], [6979], [264], [8500], [323], [2874], [911], [43893], [34784], [15516], [13], [49795], [11064], [25529], [25], [6979], [264], [8500], [323], [2874], [911], [43893], [34784], [15516], [13], [49795], [11064], [25529], [25], [6979], [264], [8500], [323], [2874], [911], [43893], [34784], [15516], [13], [49795], [11064], [25529], [25], [6979], [264], [8500], [323], [2874], [911], [43893], [34784], [15516], [13], [49795], [11064], [25529], [25], [6979], [264], [8500], [323], [2874], [911], [43893], [34784], [15516], [13], [49795], [11064], [25529], [25], [6979], [264], [8500], [323], [2874], [911], [43893], [34784], [15516], [13], [49795], [11064], [25529], [25], [6979], [264], [8500], [323], [2874], [911], [43893], [34784], [15516], [13], [49795], [11064], [25529], [25], [6979], [264], [8500], [323], [2874], [911], [43893], [34784], [15516], [13], [49795], [11064], [25529], [25], [6979], [264], [8500], [323], [2874], [911], [43893], [34784], [15516], [13], [49795], [11064], [25529], [25], [6979], [264], [8500], [323], [2874], [911], [43893], [34784], [15516], [13], [49795], [11064], [25529], [25], [6979], [264], [8500], [323], [2874], [911], [43893], [34784], [15516], [13], [49795], [11064], [25529], [25], [6979], [264], [8500], [323], [2874], [911], [43893], [34784], [15516], [13], [49795], [11064], [25529], [25], [6979], [264], [8500], [323], [2874], [911], [43893], [34784], [15516], [13], [49795], [11064], [25529], [25], [6979], [264], [8500], [323], [2874], [911], [43893], [34784], [15516], [13], [49795], [11064], [25529], [25], [6979], [264], [8500], [323], [2874], [911], [43893], [34784], [15516], [13], [49795], [11064], [25529], [25], [6979], [264], [8500]]",False,221ed25c430f13478156e65a921ce578d98468084daf220ea8870265b071d743,True,
long_decode_CAUSAL_gpu6_ctx2048_b1_dec256_measured3,2026-08-28T00:23:09+0800,measured,2,6,GPU-f9be145a-d8d5-a2e1-3c42-72047878fcf8,CAUSAL,Qwen3-8B,/home/qinch2023/modelscope_models/Qwen3-8B,2048,1,256,1,CUDA_COMPRESSED_LEGACY,sdpa,torch.float16,294.5201110839844,3.3953538735249333,75397.1484375,256,"{'historical_fp16_k_materialization_calls': 0, 'historical_fp16_k_materialized_bytes': 0, 'historical_fp16_v_materialization_calls': 0, 'historical_fp16_v_materialized_bytes': 0, 'page_local_v_materialization_calls': 0, 'page_local_v_materialized_bytes': 0, 'serial_request_forward_dispatches': 0, 'serial_attention_dispatches': 0, 'fallback_count': 0, 'prefill_calls': 0, 'prefill_tokens': 0, 'refill_calls': 0, 'membership_changes': 0, 'page_batch_page_batch_decode_calls': 0, 'page_batch_page_batch_pack_calls': 72, 'page_batch_logical_pages_processed': 0, 'page_batch_v2_pages_processed': 0, 'page_batch_v4_pages_processed': 0, 'page_batch_v2_tokens_processed': 0, 'page_batch_v4_tokens_processed': 0, 'page_batch_page_value_materialization_calls': 0, 'page_batch_page_value_materialized_bytes': 0, 'page_batch_historical_v_materialization_bytes': 0, 'page_batch_python_serial_b1_dispatches': 0, 'page_batch_host_sync_item_calls': 0, 'page_batch_gpu_tensor_item_calls': 0, 'page_batch_matmul_calls': 0, 'page_batch_accumulate_calls': 0, 'page_batch_attention_slice_calls': 0, 'page_batch_repeat_kv_calls': 0, 'real_decode_real_decode_steps': 0, 'real_decode_fused_page_operator_calls': 0, 'real_decode_legacy_mixed_v_operator_calls': 9216, 'real_decode_serial_b1_dispatches': 0, 'real_decode_operator_ready_pool_full_rebuilds': 0, 'real_decode_operator_ready_pool_incremental_updates': 72, 'real_decode_new_pages_allocated': 72, 'real_decode_page_value_materialization_bytes': 0, 'real_decode_historical_v_materialization_bytes': 0, 'real_decode_gpu_tensor_item_calls_hot_path': 0, 'real_decode_python_page_dispatches': 0}","[[25], [6979], [264], [8500], [323], [2874], [911], [43893], [34784], [15516], [13], [49795], [11064], [25529], [25], [6979], [264], [8500], [323], [2874], [911], [43893], [34784], [15516], [13], [49795], [11064], [25529], [25], [6979], [264], [8500], [323], [2874], [911], [43893], [34784], [15516], [13], [49795], [11064], [25529], [25], [6979], [264], [8500], [323], [2874], [911], [43893], [34784], [15516], [13], [49795], [11064], [25529], [25], [6979], [264], [8500], [323], [2874], [911], [43893], [34784], [15516], [13], [49795], [11064], [25529], [25], [6979], [264], [8500], [323], [2874], [911], [43893], [34784], [15516], [13], [49795], [11064], [25529], [25], [6979], [264], [8500], [323], [2874], [911], [43893], [34784], [15516], [13], [49795], [11064], [25529], [25], [6979], [264], [8500], [323], [2874], [911], [43893], [34784], [15516], [13], [49795], [11064], [25529], [25], [6979], [264], [8500], [323], [2874], [911], [43893], [34784], [15516], [13], [49795], [11064], [25529], [25], [6979], [264], [8500], [323], [2874], [911], [43893], [34784], [15516], [13], [49795], [11064], [25529], [25], [6979], [264], [8500], [323], [2874], [911], [43893], [34784], [15516], [13], [49795], [11064], [25529], [25], [6979], [264], [8500], [323], [2874], [911], [43893], [34784], [15516], [13], [49795], [11064], [25529], [25], [6979], [264], [8500], [323], [2874], [911], [43893], [34784], [15516], [13], [49795], [11064], [25529], [25], [6979], [264], [8500], [323], [2874], [911], [43893], [34784], [15516], [13], [49795], [11064], [25529], [25], [6979], [264], [8500], [323], [2874], [911], [43893], [34784], [15516], [13], [49795], [11064], [25529], [25], [6979], [264], [8500], [323], [2874], [911], [43893], [34784], [15516], [13], [49795], [11064], [25529], [25], [6979], [264], [8500], [323], [2874], [911], [43893], [34784], [15516], [13], [49795], [11064], [25529], [25], [6979], [264], [8500], [323], [2874], [911], [43893], [34784], [15516], [13], [49795], [11064], [25529], [25], [6979], [264], [8500]]",False,221ed25c430f13478156e65a921ce578d98468084daf220ea8870265b071d743,True,
long_decode_FP16_gpu6_ctx2048_b1_dec512_measured1,2026-08-28T00:24:02+0800,measured,0,6,GPU-f9be145a-d8d5-a2e1-3c42-72047878fcf8,FP16,Qwen3-8B,/home/qinch2023/modelscope_models/Qwen3-8B,2048,1,512,1,sdpa,sdpa,torch.float16,40.644859313964844,24.603357395714198,20810.16796875,512,{},"[[25], [6979], [264], [8500], [323], [2874], [911], [43893], [34784], [15516], [13], [49795], [11064], [25529], [25], [6979], [264], [8500], [323], [2874], [911], [43893], [34784], [15516], [13], [49795], [11064], [25529], [25], [6979], [264], [8500], [323], [2874], [911], [43893], [34784], [15516], [13], [49795], [11064], [25529], [25], [6979], [264], [8500], [323], [2874], [911], [43893], [34784], [15516], [13], [49795], [11064], [25529], [25], [6979], [264], [8500], [323], [2874], [911], [43893], [34784], [15516], [13], [49795], [11064], [25529], [25], [6979], [264], [8500], [323], [2874], [911], [43893], [34784], [15516], [13], [49795], [11064], [25529], [25], [6979], [264], [8500], [323], [2874], [911], [43893], [34784], [15516], [13], [49795], [11064], [25529], [25], [6979], [264], [8500], [323], [2874], [911], [43893], [34784], [15516], [13], [49795], [11064], [25529], [25], [6979], [264], [8500], [323], [2874], [911], [43893], [34784], [15516], [13], [49795], [11064], [25529], [25], [6979], [264], [8500], [323], [2874], [911], [43893], [34784], [15516], [13], [49795], [11064], [25529], [25], [6979], [264], [8500], [323], [2874], [911], [43893], [34784], [15516], [13], [49795], [11064], [25529], [25], [6979], [264], [8500], [323], [2874], [911], [43893], [34784], [15516], [13], [49795], [11064], [25529], [25], [6979], [264], [8500], [323], [2874], [911], [43893], [34784], [15516], [13], [49795], [11064], [25529], [25], [6979], [264], [8500], [323], [2874], [911], [43893], [34784], [15516], [13], [49795], [11064], [25529], [25], [6979], [264], [8500], [323], [2874], [911], [43893], [34784], [15516], [13], [49795], [11064], [25529], [25], [6979], [264], [8500], [323], [2874], [911], [43893], [34784], [15516], [13], [49795], [11064], [25529], [25], [6979], [264], [8500], [323], [2874], [911], [43893], [34784], [15516], [13], [49795], [11064], [25529], [25], [6979], [264], [8500], [323], [2874], [911], [43893], [34784], [15516], [13], [49795], [11064], [25529], [25], [6979], [264], [8500], [323], [2874], [911], [43893], [34784], [15516], [13], [49795], [11064], [25529], [25], [6979], [264], [8500], [323], [2874], [911], [43893], [34784], [15516], [13], [49795], [11064], [25529], [25], [6979], [264], [8500], [323], [2874], [911], [43893], [34784], [15516], [13], [49795], [11064], [25529], [25], [6979], [264], [8500], [323], [2874], [911], [43893], [34784], [15516], [13], [49795], [11064], [25529], [25], [6979], [264], [8500], [323], [2874], [911], [43893], [34784], [15516], [13], [49795], [11064], [25529], [25], [6979], [264], [8500], [323], [2874], [911], [43893], [34784], [15516], [13], [49795], [11064], [25529], [25], [6979], [264], [8500], [323], [2874], [911], [43893], [34784], [15516], [13], [49795], [11064], [25529], [25], [6979], [264], [8500], [323], [2874], [911], [43893], [34784], [15516], [13], [49795], [11064], [25529], [25], [6979], [264], [8500], [323], [2874], [911], [43893], [34784], [15516], [13], [49795], [11064], [25529], [25], [6979], [264], [8500], [323], [2874], [911], [43893], [34784], [15516], [13], [49795], [11064], [25529], [25], [6979], [264], [8500], [323], [2874], [911], [43893], [34784], [15516], [13], [49795], [11064], [25529], [25], [6979], [264], [8500], [323], [2874], [911], [43893], [34784], [15516], [13], [49795], [11064], [25529], [25], [6979], [264], [8500], [323], [2874], [911], [43893], [34784], [15516], [13], [49795], [11064], [25529], [25], [6979], [264], [8500], [323], [2874], [911], [43893], [34784], [15516], [13], [49795], [11064], [25529], [25], [6979], [264], [8500], [323], [2874], [911], [43893], [34784], [15516], [13], [49795], [11064], [25529], [25], [6979], [264], [8500], [323], [2874], [911], [43893], [34784], [15516], [13], [49795], [11064], [25529], [25], [6979], [264], [8500], [323], [2874], [911], [43893], [34784], [15516], [13], [49795], [11064], [25529], [25], [6979], [264], [8500], [323], [2874], [911], [43893], [34784], [15516], [13], [49795], [11064], [25529], [25], [6979], [264], [8500], [323], [2874], [911], [43893]]",False,221ed25c430f13478156e65a921ce578d98468084daf220ea8870265b071d743,True,
long_decode_FP16_gpu6_ctx2048_b1_dec512_measured2,2026-08-28T00:24:24+0800,measured,1,6,GPU-f9be145a-d8d5-a2e1-3c42-72047878fcf8,FP16,Qwen3-8B,/home/qinch2023/modelscope_models/Qwen3-8B,2048,1,512,1,sdpa,sdpa,torch.float16,40.63310623168945,24.610473890379257,20804.150390625,512,{},"[[25], [6979], [264], [8500], [323], [2874], [911], [43893], [34784], [15516], [13], [49795], [11064], [25529], [25], [6979], [264], [8500], [323], [2874], [911], [43893], [34784], [15516], [13], [49795], [11064], [25529], [25], [6979], [264], [8500], [323], [2874], [911], [43893], [34784], [15516], [13], [49795], [11064], [25529], [25], [6979], [264], [8500], [323], [2874], [911], [43893], [34784], [15516], [13], [49795], [11064], [25529], [25], [6979], [264], [8500], [323], [2874], [911], [43893], [34784], [15516], [13], [49795], [11064], [25529], [25], [6979], [264], [8500], [323], [2874], [911], [43893], [34784], [15516], [13], [49795], [11064], [25529], [25], [6979], [264], [8500], [323], [2874], [911], [43893], [34784], [15516], [13], [49795], [11064], [25529], [25], [6979], [264], [8500], [323], [2874], [911], [43893], [34784], [15516], [13], [49795], [11064], [25529], [25], [6979], [264], [8500], [323], [2874], [911], [43893], [34784], [15516], [13], [49795], [11064], [25529], [25], [6979], [264], [8500], [323], [2874], [911], [43893], [34784], [15516], [13], [49795], [11064], [25529], [25], [6979], [264], [8500], [323], [2874], [911], [43893], [34784], [15516], [13], [49795], [11064], [25529], [25], [6979], [264], [8500], [323], [2874], [911], [43893], [34784], [15516], [13], [49795], [11064], [25529], [25], [6979], [264], [8500], [323], [2874], [911], [43893], [34784], [15516], [13], [49795], [11064], [25529], [25], [6979], [264], [8500], [323], [2874], [911], [43893], [34784], [15516], [13], [49795], [11064], [25529], [25], [6979], [264], [8500], [323], [2874], [911], [43893], [34784], [15516], [13], [49795], [11064], [25529], [25], [6979], [264], [8500], [323], [2874], [911], [43893], [34784], [15516], [13], [49795], [11064], [25529], [25], [6979], [264], [8500], [323], [2874], [911], [43893], [34784], [15516], [13], [49795], [11064], [25529], [25], [6979], [264], [8500], [323], [2874], [911], [43893], [34784], [15516], [13], [49795], [11064], [25529], [25], [6979], [264], [8500], [323], [2874], [911], [43893], [34784], [15516], [13], [49795], [11064], [25529], [25], [6979], [264], [8500], [323], [2874], [911], [43893], [34784], [15516], [13], [49795], [11064], [25529], [25], [6979], [264], [8500], [323], [2874], [911], [43893], [34784], [15516], [13], [49795], [11064], [25529], [25], [6979], [264], [8500], [323], [2874], [911], [43893], [34784], [15516], [13], [49795], [11064], [25529], [25], [6979], [264], [8500], [323], [2874], [911], [43893], [34784], [15516], [13], [49795], [11064], [25529], [25], [6979], [264], [8500], [323], [2874], [911], [43893], [34784], [15516], [13], [49795], [11064], [25529], [25], [6979], [264], [8500], [323], [2874], [911], [43893], [34784], [15516], [13], [49795], [11064], [25529], [25], [6979], [264], [8500], [323], [2874], [911], [43893], [34784], [15516], [13], [49795], [11064], [25529], [25], [6979], [264], [8500], [323], [2874], [911], [43893], [34784], [15516], [13], [49795], [11064], [25529], [25], [6979], [264], [8500], [323], [2874], [911], [43893], [34784], [15516], [13], [49795], [11064], [25529], [25], [6979], [264], [8500], [323], [2874], [911], [43893], [34784], [15516], [13], [49795], [11064], [25529], [25], [6979], [264], [8500], [323], [2874], [911], [43893], [34784], [15516], [13], [49795], [11064], [25529], [25], [6979], [264], [8500], [323], [2874], [911], [43893], [34784], [15516], [13], [49795], [11064], [25529], [25], [6979], [264], [8500], [323], [2874], [911], [43893], [34784], [15516], [13], [49795], [11064], [25529], [25], [6979], [264], [8500], [323], [2874], [911], [43893], [34784], [15516], [13], [49795], [11064], [25529], [25], [6979], [264], [8500], [323], [2874], [911], [43893], [34784], [15516], [13], [49795], [11064], [25529], [25], [6979], [264], [8500], [323], [2874], [911], [43893], [34784], [15516], [13], [49795], [11064], [25529], [25], [6979], [264], [8500], [323], [2874], [911], [43893], [34784], [15516], [13], [49795], [11064], [25529], [25], [6979], [264], [8500], [323], [2874], [911], [43893]]",False,221ed25c430f13478156e65a921ce578d98468084daf220ea8870265b071d743,True,
long_decode_FP16_gpu6_ctx2048_b1_dec512_measured3,2026-08-28T00:24:45+0800,measured,2,6,GPU-f9be145a-d8d5-a2e1-3c42-72047878fcf8,FP16,Qwen3-8B,/home/qinch2023/modelscope_models/Qwen3-8B,2048,1,512,1,sdpa,sdpa,torch.float16,40.6384162902832,24.607258138627408,20806.869140625,512,{},"[[25], [6979], [264], [8500], [323], [2874], [911], [43893], [34784], [15516], [13], [49795], [11064], [25529], [25], [6979], [264], [8500], [323], [2874], [911], [43893], [34784], [15516], [13], [49795], [11064], [25529], [25], [6979], [264], [8500], [323], [2874], [911], [43893], [34784], [15516], [13], [49795], [11064], [25529], [25], [6979], [264], [8500], [323], [2874], [911], [43893], [34784], [15516], [13], [49795], [11064], [25529], [25], [6979], [264], [8500], [323], [2874], [911], [43893], [34784], [15516], [13], [49795], [11064], [25529], [25], [6979], [264], [8500], [323], [2874], [911], [43893], [34784], [15516], [13], [49795], [11064], [25529], [25], [6979], [264], [8500], [323], [2874], [911], [43893], [34784], [15516], [13], [49795], [11064], [25529], [25], [6979], [264], [8500], [323], [2874], [911], [43893], [34784], [15516], [13], [49795], [11064], [25529], [25], [6979], [264], [8500], [323], [2874], [911], [43893], [34784], [15516], [13], [49795], [11064], [25529], [25], [6979], [264], [8500], [323], [2874], [911], [43893], [34784], [15516], [13], [49795], [11064], [25529], [25], [6979], [264], [8500], [323], [2874], [911], [43893], [34784], [15516], [13], [49795], [11064], [25529], [25], [6979], [264], [8500], [323], [2874], [911], [43893], [34784], [15516], [13], [49795], [11064], [25529], [25], [6979], [264], [8500], [323], [2874], [911], [43893], [34784], [15516], [13], [49795], [11064], [25529], [25], [6979], [264], [8500], [323], [2874], [911], [43893], [34784], [15516], [13], [49795], [11064], [25529], [25], [6979], [264], [8500], [323], [2874], [911], [43893], [34784], [15516], [13], [49795], [11064], [25529], [25], [6979], [264], [8500], [323], [2874], [911], [43893], [34784], [15516], [13], [49795], [11064], [25529], [25], [6979], [264], [8500], [323], [2874], [911], [43893], [34784], [15516], [13], [49795], [11064], [25529], [25], [6979], [264], [8500], [323], [2874], [911], [43893], [34784], [15516], [13], [49795], [11064], [25529], [25], [6979], [264], [8500], [323], [2874], [911], [43893], [34784], [15516], [13], [49795], [11064], [25529], [25], [6979], [264], [8500], [323], [2874], [911], [43893], [34784], [15516], [13], [49795], [11064], [25529], [25], [6979], [264], [8500], [323], [2874], [911], [43893], [34784], [15516], [13], [49795], [11064], [25529], [25], [6979], [264], [8500], [323], [2874], [911], [43893], [34784], [15516], [13], [49795], [11064], [25529], [25], [6979], [264], [8500], [323], [2874], [911], [43893], [34784], [15516], [13], [49795], [11064], [25529], [25], [6979], [264], [8500], [323], [2874], [911], [43893], [34784], [15516], [13], [49795], [11064], [25529], [25], [6979], [264], [8500], [323], [2874], [911], [43893], [34784], [15516], [13], [49795], [11064], [25529], [25], [6979], [264], [8500], [323], [2874], [911], [43893], [34784], [15516], [13], [49795], [11064], [25529], [25], [6979], [264], [8500], [323], [2874], [911], [43893], [34784], [15516], [13], [49795], [11064], [25529], [25], [6979], [264], [8500], [323], [2874], [911], [43893], [34784], [15516], [13], [49795], [11064], [25529], [25], [6979], [264], [8500], [323], [2874], [911], [43893], [34784], [15516], [13], [49795], [11064], [25529], [25], [6979], [264], [8500], [323], [2874], [911], [43893], [34784], [15516], [13], [49795], [11064], [25529], [25], [6979], [264], [8500], [323], [2874], [911], [43893], [34784], [15516], [13], [49795], [11064], [25529], [25], [6979], [264], [8500], [323], [2874], [911], [43893], [34784], [15516], [13], [49795], [11064], [25529], [25], [6979], [264], [8500], [323], [2874], [911], [43893], [34784], [15516], [13], [49795], [11064], [25529], [25], [6979], [264], [8500], [323], [2874], [911], [43893], [34784], [15516], [13], [49795], [11064], [25529], [25], [6979], [264], [8500], [323], [2874], [911], [43893], [34784], [15516], [13], [49795], [11064], [25529], [25], [6979], [264], [8500], [323], [2874], [911], [43893], [34784], [15516], [13], [49795], [11064], [25529], [25], [6979], [264], [8500], [323], [2874], [911], [43893]]",False,221ed25c430f13478156e65a921ce578d98468084daf220ea8870265b071d743,True,
long_decode_CAUSAL_gpu6_ctx2048_b1_dec512_measured1,2026-08-28T00:30:12+0800,measured,0,6,GPU-f9be145a-d8d5-a2e1-3c42-72047878fcf8,CAUSAL,Qwen3-8B,/home/qinch2023/modelscope_models/Qwen3-8B,2048,1,512,1,CUDA_COMPRESSED_LEGACY,sdpa,torch.float16,295.1355895996094,3.38827317083864,151109.421875,512,"{'historical_fp16_k_materialization_calls': 0, 'historical_fp16_k_materialized_bytes': 0, 'historical_fp16_v_materialization_calls': 0, 'historical_fp16_v_materialized_bytes': 0, 'page_local_v_materialization_calls': 0, 'page_local_v_materialized_bytes': 0, 'serial_request_forward_dispatches': 0, 'serial_attention_dispatches': 0, 'fallback_count': 0, 'prefill_calls': 0, 'prefill_tokens': 0, 'refill_calls': 0, 'membership_changes': 0, 'page_batch_page_batch_decode_calls': 0, 'page_batch_page_batch_pack_calls': 144, 'page_batch_logical_pages_processed': 0, 'page_batch_v2_pages_processed': 0, 'page_batch_v4_pages_processed': 0, 'page_batch_v2_tokens_processed': 0, 'page_batch_v4_tokens_processed': 0, 'page_batch_page_value_materialization_calls': 0, 'page_batch_page_value_materialized_bytes': 0, 'page_batch_historical_v_materialization_bytes': 0, 'page_batch_python_serial_b1_dispatches': 0, 'page_batch_host_sync_item_calls': 0, 'page_batch_gpu_tensor_item_calls': 0, 'page_batch_matmul_calls': 0, 'page_batch_accumulate_calls': 0, 'page_batch_attention_slice_calls': 0, 'page_batch_repeat_kv_calls': 0, 'real_decode_real_decode_steps': 0, 'real_decode_fused_page_operator_calls': 0, 'real_decode_legacy_mixed_v_operator_calls': 18432, 'real_decode_serial_b1_dispatches': 0, 'real_decode_operator_ready_pool_full_rebuilds': 0, 'real_decode_operator_ready_pool_incremental_updates': 144, 'real_decode_new_pages_allocated': 144, 'real_decode_page_value_materialization_bytes': 0, 'real_decode_historical_v_materialization_bytes': 0, 'real_decode_gpu_tensor_item_calls_hot_path': 0, 'real_decode_python_page_dispatches': 0}","[[25], [6979], [264], [8500], [323], [2874], [911], [43893], [34784], [15516], [13], [49795], [11064], [25529], [25], [6979], [264], [8500], [323], [2874], [911], [43893], [34784], [15516], [13], [49795], [11064], [25529], [25], [6979], [264], [8500], [323], [2874], [911], [43893], [34784], [15516], [13], [49795], [11064], [25529], [25], [6979], [264], [8500], [323], [2874], [911], [43893], [34784], [15516], [13], [49795], [11064], [25529], [25], [6979], [264], [8500], [323], [2874], [911], [43893], [34784], [15516], [13], [49795], [11064], [25529], [25], [6979], [264], [8500], [323], [2874], [911], [43893], [34784], [15516], [13], [49795], [11064], [25529], [25], [6979], [264], [8500], [323], [2874], [911], [43893], [34784], [15516], [13], [49795], [11064], [25529], [25], [6979], [264], [8500], [323], [2874], [911], [43893], [34784], [15516], [13], [49795], [11064], [25529], [25], [6979], [264], [8500], [323], [2874], [911], [43893], [34784], [15516], [13], [49795], [11064], [25529], [25], [6979], [264], [8500], [323], [2874], [911], [43893], [34784], [15516], [13], [49795], [11064], [25529], [25], [6979], [264], [8500], [323], [2874], [911], [43893], [34784], [15516], [13], [49795], [11064], [25529], [25], [6979], [264], [8500], [323], [2874], [911], [43893], [34784], [15516], [13], [49795], [11064], [25529], [25], [6979], [264], [8500], [323], [2874], [911], [43893], [34784], [15516], [13], [49795], [11064], [25529], [25], [6979], [264], [8500], [323], [2874], [911], [43893], [34784], [15516], [13], [49795], [11064], [25529], [25], [6979], [264], [8500], [323], [2874], [911], [43893], [34784], [15516], [13], [49795], [11064], [25529], [25], [6979], [264], [8500], [323], [2874], [911], [43893], [34784], [15516], [13], [49795], [11064], [25529], [25], [6979], [264], [8500], [323], [2874], [911], [43893], [34784], [15516], [13], [49795], [11064], [25529], [25], [6979], [264], [8500], [323], [2874], [911], [43893], [34784], [15516], [13], [49795], [11064], [25529], [25], [6979], [264], [8500], [323], [2874], [911], [43893], [34784], [15516], [13], [49795], [11064], [25529], [25], [6979], [264], [8500], [323], [2874], [911], [43893], [34784], [15516], [13], [49795], [11064], [25529], [25], [6979], [264], [8500], [323], [2874], [911], [43893], [34784], [15516], [13], [49795], [11064], [25529], [25], [6979], [264], [8500], [323], [2874], [911], [43893], [34784], [15516], [13], [49795], [11064], [25529], [25], [6979], [264], [8500], [323], [2874], [911], [43893], [34784], [15516], [13], [49795], [11064], [25529], [25], [6979], [264], [8500], [323], [2874], [911], [43893], [34784], [15516], [13], [49795], [11064], [25529], [25], [6979], [264], [8500], [323], [2874], [911], [43893], [34784], [15516], [13], [49795], [11064], [25529], [25], [6979], [264], [8500], [323], [2874], [911], [43893], [34784], [15516], [13], [49795], [11064], [25529], [25], [6979], [264], [8500], [323], [2874], [911], [43893], [34784], [15516], [13], [49795], [11064], [25529], [25], [6979], [264], [8500], [323], [2874], [911], [43893], [34784], [15516], [13], [49795], [11064], [25529], [25], [6979], [264], [8500], [323], [2874], [911], [43893], [34784], [15516], [13], [49795], [11064], [25529], [25], [6979], [264], [8500], [323], [2874], [911], [43893], [34784], [15516], [13], [49795], [11064], [25529], [25], [6979], [264], [8500], [323], [2874], [911], [43893], [34784], [15516], [13], [49795], [11064], [25529], [25], [6979], [264], [8500], [323], [2874], [911], [43893], [34784], [15516], [13], [49795], [11064], [25529], [25], [6979], [264], [8500], [323], [2874], [911], [43893], [34784], [15516], [13], [49795], [11064], [25529], [25], [6979], [264], [8500], [323], [2874], [911], [43893], [34784], [15516], [13], [49795], [11064], [25529], [25], [6979], [264], [8500], [323], [2874], [911], [43893], [34784], [15516], [13], [49795], [11064], [25529], [25], [6979], [264], [8500], [323], [2874], [911], [43893], [34784], [15516], [13], [49795], [11064], [25529], [25], [6979], [264], [8500], [323], [2874], [911], [43893]]",False,221ed25c430f13478156e65a921ce578d98468084daf220ea8870265b071d743,True,
long_decode_CAUSAL_gpu6_ctx2048_b1_dec512_measured2,2026-08-28T00:32:51+0800,measured,1,6,GPU-f9be145a-d8d5-a2e1-3c42-72047878fcf8,CAUSAL,Qwen3-8B,/home/qinch2023/modelscope_models/Qwen3-8B,2048,1,512,1,CUDA_COMPRESSED_LEGACY,sdpa,torch.float16,295.2247009277344,3.3872504463804396,151155.046875,512,"{'historical_fp16_k_materialization_calls': 0, 'historical_fp16_k_materialized_bytes': 0, 'historical_fp16_v_materialization_calls': 0, 'historical_fp16_v_materialized_bytes': 0, 'page_local_v_materialization_calls': 0, 'page_local_v_materialized_bytes': 0, 'serial_request_forward_dispatches': 0, 'serial_attention_dispatches': 0, 'fallback_count': 0, 'prefill_calls': 0, 'prefill_tokens': 0, 'refill_calls': 0, 'membership_changes': 0, 'page_batch_page_batch_decode_calls': 0, 'page_batch_page_batch_pack_calls': 144, 'page_batch_logical_pages_processed': 0, 'page_batch_v2_pages_processed': 0, 'page_batch_v4_pages_processed': 0, 'page_batch_v2_tokens_processed': 0, 'page_batch_v4_tokens_processed': 0, 'page_batch_page_value_materialization_calls': 0, 'page_batch_page_value_materialized_bytes': 0, 'page_batch_historical_v_materialization_bytes': 0, 'page_batch_python_serial_b1_dispatches': 0, 'page_batch_host_sync_item_calls': 0, 'page_batch_gpu_tensor_item_calls': 0, 'page_batch_matmul_calls': 0, 'page_batch_accumulate_calls': 0, 'page_batch_attention_slice_calls': 0, 'page_batch_repeat_kv_calls': 0, 'real_decode_real_decode_steps': 0, 'real_decode_fused_page_operator_calls': 0, 'real_decode_legacy_mixed_v_operator_calls': 18432, 'real_decode_serial_b1_dispatches': 0, 'real_decode_operator_ready_pool_full_rebuilds': 0, 'real_decode_operator_ready_pool_incremental_updates': 144, 'real_decode_new_pages_allocated': 144, 'real_decode_page_value_materialization_bytes': 0, 'real_decode_historical_v_materialization_bytes': 0, 'real_decode_gpu_tensor_item_calls_hot_path': 0, 'real_decode_python_page_dispatches': 0}","[[25], [6979], [264], [8500], [323], [2874], [911], [43893], [34784], [15516], [13], [49795], [11064], [25529], [25], [6979], [264], [8500], [323], [2874], [911], [43893], [34784], [15516], [13], [49795], [11064], [25529], [25], [6979], [264], [8500], [323], [2874], [911], [43893], [34784], [15516], [13], [49795], [11064], [25529], [25], [6979], [264], [8500], [323], [2874], [911], [43893], [34784], [15516], [13], [49795], [11064], [25529], [25], [6979], [264], [8500], [323], [2874], [911], [43893], [34784], [15516], [13], [49795], [11064], [25529], [25], [6979], [264], [8500], [323], [2874], [911], [43893], [34784], [15516], [13], [49795], [11064], [25529], [25], [6979], [264], [8500], [323], [2874], [911], [43893], [34784], [15516], [13], [49795], [11064], [25529], [25], [6979], [264], [8500], [323], [2874], [911], [43893], [34784], [15516], [13], [49795], [11064], [25529], [25], [6979], [264], [8500], [323], [2874], [911], [43893], [34784], [15516], [13], [49795], [11064], [25529], [25], [6979], [264], [8500], [323], [2874], [911], [43893], [34784], [15516], [13], [49795], [11064], [25529], [25], [6979], [264], [8500], [323], [2874], [911], [43893], [34784], [15516], [13], [49795], [11064], [25529], [25], [6979], [264], [8500], [323], [2874], [911], [43893], [34784], [15516], [13], [49795], [11064], [25529], [25], [6979], [264], [8500], [323], [2874], [911], [43893], [34784], [15516], [13], [49795], [11064], [25529], [25], [6979], [264], [8500], [323], [2874], [911], [43893], [34784], [15516], [13], [49795], [11064], [25529], [25], [6979], [264], [8500], [323], [2874], [911], [43893], [34784], [15516], [13], [49795], [11064], [25529], [25], [6979], [264], [8500], [323], [2874], [911], [43893], [34784], [15516], [13], [49795], [11064], [25529], [25], [6979], [264], [8500], [323], [2874], [911], [43893], [34784], [15516], [13], [49795], [11064], [25529], [25], [6979], [264], [8500], [323], [2874], [911], [43893], [34784], [15516], [13], [49795], [11064], [25529], [25], [6979], [264], [8500], [323], [2874], [911], [43893], [34784], [15516], [13], [49795], [11064], [25529], [25], [6979], [264], [8500], [323], [2874], [911], [43893], [34784], [15516], [13], [49795], [11064], [25529], [25], [6979], [264], [8500], [323], [2874], [911], [43893], [34784], [15516], [13], [49795], [11064], [25529], [25], [6979], [264], [8500], [323], [2874], [911], [43893], [34784], [15516], [13], [49795], [11064], [25529], [25], [6979], [264], [8500], [323], [2874], [911], [43893], [34784], [15516], [13], [49795], [11064], [25529], [25], [6979], [264], [8500], [323], [2874], [911], [43893], [34784], [15516], [13], [49795], [11064], [25529], [25], [6979], [264], [8500], [323], [2874], [911], [43893], [34784], [15516], [13], [49795], [11064], [25529], [25], [6979], [264], [8500], [323], [2874], [911], [43893], [34784], [15516], [13], [49795], [11064], [25529], [25], [6979], [264], [8500], [323], [2874], [911], [43893], [34784], [15516], [13], [49795], [11064], [25529], [25], [6979], [264], [8500], [323], [2874], [911], [43893], [34784], [15516], [13], [49795], [11064], [25529], [25], [6979], [264], [8500], [323], [2874], [911], [43893], [34784], [15516], [13], [49795], [11064], [25529], [25], [6979], [264], [8500], [323], [2874], [911], [43893], [34784], [15516], [13], [49795], [11064], [25529], [25], [6979], [264], [8500], [323], [2874], [911], [43893], [34784], [15516], [13], [49795], [11064], [25529], [25], [6979], [264], [8500], [323], [2874], [911], [43893], [34784], [15516], [13], [49795], [11064], [25529], [25], [6979], [264], [8500], [323], [2874], [911], [43893], [34784], [15516], [13], [49795], [11064], [25529], [25], [6979], [264], [8500], [323], [2874], [911], [43893], [34784], [15516], [13], [49795], [11064], [25529], [25], [6979], [264], [8500], [323], [2874], [911], [43893], [34784], [15516], [13], [49795], [11064], [25529], [25], [6979], [264], [8500], [323], [2874], [911], [43893], [34784], [15516], [13], [49795], [11064], [25529], [25], [6979], [264], [8500], [323], [2874], [911], [43893]]",False,221ed25c430f13478156e65a921ce578d98468084daf220ea8870265b071d743,True,
long_decode_CAUSAL_gpu6_ctx2048_b1_dec512_measured3,2026-08-28T00:35:29+0800,measured,2,6,GPU-f9be145a-d8d5-a2e1-3c42-72047878fcf8,CAUSAL,Qwen3-8B,/home/qinch2023/modelscope_models/Qwen3-8B,2048,1,512,1,CUDA_COMPRESSED_LEGACY,sdpa,torch.float16,295.25982666015625,3.3868474804430435,151173.03125,512,"{'historical_fp16_k_materialization_calls': 0, 'historical_fp16_k_materialized_bytes': 0, 'historical_fp16_v_materialization_calls': 0, 'historical_fp16_v_materialized_bytes': 0, 'page_local_v_materialization_calls': 0, 'page_local_v_materialized_bytes': 0, 'serial_request_forward_dispatches': 0, 'serial_attention_dispatches': 0, 'fallback_count': 0, 'prefill_calls': 0, 'prefill_tokens': 0, 'refill_calls': 0, 'membership_changes': 0, 'page_batch_page_batch_decode_calls': 0, 'page_batch_page_batch_pack_calls': 144, 'page_batch_logical_pages_processed': 0, 'page_batch_v2_pages_processed': 0, 'page_batch_v4_pages_processed': 0, 'page_batch_v2_tokens_processed': 0, 'page_batch_v4_tokens_processed': 0, 'page_batch_page_value_materialization_calls': 0, 'page_batch_page_value_materialized_bytes': 0, 'page_batch_historical_v_materialization_bytes': 0, 'page_batch_python_serial_b1_dispatches': 0, 'page_batch_host_sync_item_calls': 0, 'page_batch_gpu_tensor_item_calls': 0, 'page_batch_matmul_calls': 0, 'page_batch_accumulate_calls': 0, 'page_batch_attention_slice_calls': 0, 'page_batch_repeat_kv_calls': 0, 'real_decode_real_decode_steps': 0, 'real_decode_fused_page_operator_calls': 0, 'real_decode_legacy_mixed_v_operator_calls': 18432, 'real_decode_serial_b1_dispatches': 0, 'real_decode_operator_ready_pool_full_rebuilds': 0, 'real_decode_operator_ready_pool_incremental_updates': 144, 'real_decode_new_pages_allocated': 144, 'real_decode_page_value_materialization_bytes': 0, 'real_decode_historical_v_materialization_bytes': 0, 'real_decode_gpu_tensor_item_calls_hot_path': 0, 'real_decode_python_page_dispatches': 0}","[[25], [6979], [264], [8500], [323], [2874], [911], [43893], [34784], [15516], [13], [49795], [11064], [25529], [25], [6979], [264], [8500], [323], [2874], [911], [43893], [34784], [15516], [13], [49795], [11064], [25529], [25], [6979], [264], [8500], [323], [2874], [911], [43893], [34784], [15516], [13], [49795], [11064], [25529], [25], [6979], [264], [8500], [323], [2874], [911], [43893], [34784], [15516], [13], [49795], [11064], [25529], [25], [6979], [264], [8500], [323], [2874], [911], [43893], [34784], [15516], [13], [49795], [11064], [25529], [25], [6979], [264], [8500], [323], [2874], [911], [43893], [34784], [15516], [13], [49795], [11064], [25529], [25], [6979], [264], [8500], [323], [2874], [911], [43893], [34784], [15516], [13], [49795], [11064], [25529], [25], [6979], [264], [8500], [323], [2874], [911], [43893], [34784], [15516], [13], [49795], [11064], [25529], [25], [6979], [264], [8500], [323], [2874], [911], [43893], [34784], [15516], [13], [49795], [11064], [25529], [25], [6979], [264], [8500], [323], [2874], [911], [43893], [34784], [15516], [13], [49795], [11064], [25529], [25], [6979], [264], [8500], [323], [2874], [911], [43893], [34784], [15516], [13], [49795], [11064], [25529], [25], [6979], [264], [8500], [323], [2874], [911], [43893], [34784], [15516], [13], [49795], [11064], [25529], [25], [6979], [264], [8500], [323], [2874], [911], [43893], [34784], [15516], [13], [49795], [11064], [25529], [25], [6979], [264], [8500], [323], [2874], [911], [43893], [34784], [15516], [13], [49795], [11064], [25529], [25], [6979], [264], [8500], [323], [2874], [911], [43893], [34784], [15516], [13], [49795], [11064], [25529], [25], [6979], [264], [8500], [323], [2874], [911], [43893], [34784], [15516], [13], [49795], [11064], [25529], [25], [6979], [264], [8500], [323], [2874], [911], [43893], [34784], [15516], [13], [49795], [11064], [25529], [25], [6979], [264], [8500], [323], [2874], [911], [43893], [34784], [15516], [13], [49795], [11064], [25529], [25], [6979], [264], [8500], [323], [2874], [911], [43893], [34784], [15516], [13], [49795], [11064], [25529], [25], [6979], [264], [8500], [323], [2874], [911], [43893], [34784], [15516], [13], [49795], [11064], [25529], [25], [6979], [264], [8500], [323], [2874], [911], [43893], [34784], [15516], [13], [49795], [11064], [25529], [25], [6979], [264], [8500], [323], [2874], [911], [43893], [34784], [15516], [13], [49795], [11064], [25529], [25], [6979], [264], [8500], [323], [2874], [911], [43893], [34784], [15516], [13], [49795], [11064], [25529], [25], [6979], [264], [8500], [323], [2874], [911], [43893], [34784], [15516], [13], [49795], [11064], [25529], [25], [6979], [264], [8500], [323], [2874], [911], [43893], [34784], [15516], [13], [49795], [11064], [25529], [25], [6979], [264], [8500], [323], [2874], [911], [43893], [34784], [15516], [13], [49795], [11064], [25529], [25], [6979], [264], [8500], [323], [2874], [911], [43893], [34784], [15516], [13], [49795], [11064], [25529], [25], [6979], [264], [8500], [323], [2874], [911], [43893], [34784], [15516], [13], [49795], [11064], [25529], [25], [6979], [264], [8500], [323], [2874], [911], [43893], [34784], [15516], [13], [49795], [11064], [25529], [25], [6979], [264], [8500], [323], [2874], [911], [43893], [34784], [15516], [13], [49795], [11064], [25529], [25], [6979], [264], [8500], [323], [2874], [911], [43893], [34784], [15516], [13], [49795], [11064], [25529], [25], [6979], [264], [8500], [323], [2874], [911], [43893], [34784], [15516], [13], [49795], [11064], [25529], [25], [6979], [264], [8500], [323], [2874], [911], [43893], [34784], [15516], [13], [49795], [11064], [25529], [25], [6979], [264], [8500], [323], [2874], [911], [43893], [34784], [15516], [13], [49795], [11064], [25529], [25], [6979], [264], [8500], [323], [2874], [911], [43893], [34784], [15516], [13], [49795], [11064], [25529], [25], [6979], [264], [8500], [323], [2874], [911], [43893], [34784], [15516], [13], [49795], [11064], [25529], [25], [6979], [264], [8500], [323], [2874], [911], [43893]]",False,221ed25c430f13478156e65a921ce578d98468084daf220ea8870265b071d743,True,
long_decode_FP16_gpu6_ctx2048_b1_dec1024_measured1,2026-08-28T00:37:06+0800,measured,0,6,GPU-f9be145a-d8d5-a2e1-3c42-72047878fcf8,FP16,Qwen3-8B,/home/qinch2023/modelscope_models/Qwen3-8B,2048,1,1024,1,sdpa,sdpa,torch.float16,41.86765670776367,23.8847855035213,42872.48046875,1024,{},"[[25], [6979], [264], [8500], [323], [2874], [911], [43893], [34784], [15516], [13], [49795], [11064], [25529], [25], [6979], [264], [8500], [323], [2874], [911], [43893], [34784], [15516], [13], [49795], [11064], [25529], [25], [6979], [264], [8500], [323], [2874], [911], [43893], [34784], [15516], [13], [49795], [11064], [25529], [25], [6979], [264], [8500], [323], [2874], [911], [43893], [34784], [15516], [13], [49795], [11064], [25529], [25], [6979], [264], [8500], [323], [2874], [911], [43893], [34784], [15516], [13], [49795], [11064], [25529], [25], [6979], [264], [8500], [323], [2874], [911], [43893], [34784], [15516], [13], [49795], [11064], [25529], [25], [6979], [264], [8500], [323], [2874], [911], [43893], [34784], [15516], [13], [49795], [11064], [25529], [25], [6979], [264], [8500], [323], [2874], [911], [43893], [34784], [15516], [13], [49795], [11064], [25529], [25], [6979], [264], [8500], [323], [2874], [911], [43893], [34784], [15516], [13], [49795], [11064], [25529], [25], [6979], [264], [8500], [323], [2874], [911], [43893], [34784], [15516], [13], [49795], [11064], [25529], [25], [6979], [264], [8500], [323], [2874], [911], [43893], [34784], [15516], [13], [49795], [11064], [25529], [25], [6979], [264], [8500], [323], [2874], [911], [43893], [34784], [15516], [13], [49795], [11064], [25529], [25], [6979], [264], [8500], [323], [2874], [911], [43893], [34784], [15516], [13], [49795], [11064], [25529], [25], [6979], [264], [8500], [323], [2874], [911], [43893], [34784], [15516], [13], [49795], [11064], [25529], [25], [6979], [264], [8500], [323], [2874], [911], [43893], [34784], [15516], [13], [49795], [11064], [25529], [25], [6979], [264], [8500], [323], [2874], [911], [43893], [34784], [15516], [13], [49795], [11064], [25529], [25], [6979], [264], [8500], [323], [2874], [911], [43893], [34784], [15516], [13], [49795], [11064], [25529], [25], [6979], [264], [8500], [323], [2874], [911], [43893], [34784], [15516], [13], [49795], [11064], [25529], [25], [6979], [264], [8500], [323], [2874], [911], [43893], [34784], [15516], [13], [49795], [11064], [25529], [25], [6979], [264], [8500], [323], [2874], [911], [43893], [34784], [15516], [13], [49795], [11064], [25529], [25], [6979], [264], [8500], [323], [2874], [911], [43893], [34784], [15516], [13], [49795], [11064], [25529], [25], [6979], [264], [8500], [323], [2874], [911], [43893], [34784], [15516], [13], [49795], [11064], [25529], [25], [6979], [264], [8500], [323], [2874], [911], [43893], [34784], [15516], [13], [49795], [11064], [25529], [25], [6979], [264], [8500], [323], [2874], [911], [43893], [34784], [15516], [13], [49795], [11064], [25529], [25], [6979], [264], [8500], [323], [2874], [911], [43893], [34784], [15516], [13], [49795], [11064], [25529], [25], [6979], [264], [8500], [323], [2874], [911], [43893], [34784], [15516], [13], [49795], [11064], [25529], [25], [6979], [264], [8500], [323], [2874], [911], [43893], [34784], [15516], [13], [49795], [11064], [25529], [25], [6979], [264], [8500], [323], [2874], [911], [43893], [34784], [15516], [13], [49795], [11064], [25529], [25], [6979], [264], [8500], [323], [2874], [911], [43893], [34784], [15516], [13], [49795], [11064], [25529], [25], [6979], [264], [8500], [323], [2874], [911], [43893], [34784], [15516], [13], [49795], [11064], [25529], [25], [6979], [264], [8500], [323], [2874], [911], [43893], [34784], [15516], [13], [49795], [11064], [25529], [25], [6979], [264], [8500], [323], [2874], [911], [43893], [34784], [15516], [13], [49795], [11064], [25529], [25], [6979], [264], [8500], [323], [2874], [911], [43893], [34784], [15516], [13], [49795], [11064], [25529], [25], [6979], [264], [8500], [323], [2874], [911], [43893], [34784], [15516], [13], [49795], [11064], [25529], [25], [6979], [264], [8500], [323], [2874], [911], [43893], [34784], [15516], [13], [49795], [11064], [25529], [25], [6979], [264], [8500], [323], [2874], [911], [43893], [34784], [15516], [13], [49795], [11064], [25529], [25], [6979], [264], [8500], [323], [2874], [911], [43893], [34784], [15516], [13], [49795], [11064], [25529], [25], [6979], [264], [8500], [323], [2874], [911], [43893], [34784], [15516], [13], [49795], [11064], [25529], [25], [6979], [264], [8500], [323], [2874], [911], [43893], [34784], [15516], [13], [49795], [11064], [25529], [25], [6979], [264], [8500], [323], [2874], [911], [43893], [34784], [15516], [13], [49795], [11064], [25529], [25], [6979], [264], [8500], [323], [2874], [911], [43893], [34784], [15516], [13], [49795], [11064], [25529], [25], [6979], [264], [8500], [323], [2874], [911], [43893], [34784], [15516], [13], [49795], [11064], [25529], [25], [6979], [264], [8500], [323], [2874], [911], [43893], [34784], [15516], [13], [49795], [11064], [25529], [25], [6979], [264], [8500], [323], [2874], [911], [43893], [34784], [15516], [13], [49795], [11064], [25529], [25], [6979], [264], [8500], [323], [2874], [911], [43893], [34784], [15516], [13], [49795], [11064], [25529], [25], [6979], [264], [8500], [323], [2874], [911], [43893], [34784], [15516], [13], [49795], [11064], [25529], [25], [6979], [264], [8500], [323], [2874], [911], [43893], [34784], [15516], [13], [49795], [11064], [25529], [25], [6979], [264], [8500], [323], [2874], [911], [43893], [34784], [15516], [13], [49795], [11064], [25529], [25], [6979], [264], [8500], [323], [2874], [911], [43893], [34784], [15516], [13], [49795], [11064], [25529], [25], [6979], [264], [8500], [323], [2874], [911], [43893], [34784], [15516], [13], [49795], [11064], [25529], [25], [6979], [264], [8500], [323], [2874], [911], [43893], [34784], [15516], [13], [49795], [11064], [25529], [25], [6979], [264], [8500], [323], [2874], [911], [43893], [34784], [15516], [13], [49795], [11064], [25529], [25], [6979], [264], [8500], [323], [2874], [911], [43893], [34784], [15516], [13], [49795], [11064], [25529], [25], [6979], [264], [8500], [323], [2874], [911], [43893], [34784], [15516], [13], [49795], [11064], [25529], [25], [6979], [264], [8500], [323], [2874], [911], [43893], [34784], [15516], [13], [49795], [11064], [25529], [25], [6979], [264], [8500], [323], [2874], [911], [43893], [34784], [15516], [13], [49795], [11064], [25529], [25], [6979], [264], [8500], [323], [2874], [911], [43893], [34784], [15516], [13], [49795], [11064], [25529], [25], [6979], [264], [8500], [323], [2874], [911], [43893], [34784], [15516], [13], [49795], [11064], [25529], [25], [6979], [264], [8500], [323], [2874], [911], [43893], [34784], [15516], [13], [49795], [11064], [25529], [25], [6979], [264], [8500], [323], [2874], [911], [43893], [34784], [15516], [13], [49795], [11064], [25529], [25], [6979], [264], [8500], [323], [2874], [911], [43893], [34784], [15516], [13], [49795], [11064], [25529], [25], [6979], [264], [8500], [323], [2874], [911], [43893], [34784], [15516], [13], [49795], [11064], [25529], [25], [6979], [264], [8500], [323], [2874], [911], [43893], [34784], [15516], [13], [49795], [11064], [25529], [25], [6979], [264], [8500], [323], [2874], [911], [43893], [34784], [15516], [13], [49795], [11064], [25529], [25], [6979], [264], [8500], [323], [2874], [911], [43893], [34784], [15516], [13], [49795], [11064], [25529], [25], [6979], [264], [8500], [323], [2874], [911], [43893], [34784], [15516], [13], [49795], [11064], [25529], [25], [6979], [264], [8500], [323], [2874], [911], [43893], [34784], [15516], [13], [49795], [11064], [25529], [25], [6979], [264], [8500], [323], [2874], [911], [43893], [34784], [15516], [13], [49795], [11064], [25529], [25], [6979], [264], [8500], [323], [2874], [911], [43893], [34784], [15516], [13], [49795], [11064], [25529], [25], [6979], [264], [8500], [323], [2874], [911], [43893], [34784], [15516], [13], [49795], [11064], [25529], [25], [6979], [264], [8500], [323], [2874], [911], [43893], [34784], [15516], [13], [49795], [11064], [25529], [25], [6979], [264], [8500], [323], [2874], [911], [43893], [34784], [15516], [13], [49795], [11064], [25529], [25], [6979], [264], [8500], [323], [2874], [911], [43893], [34784], [15516], [13], [49795], [11064], [25529], [25], [6979]]",False,221ed25c430f13478156e65a921ce578d98468084daf220ea8870265b071d743,True,
long_decode_FP16_gpu6_ctx2048_b1_dec1024_measured2,2026-08-28T00:37:50+0800,measured,1,6,GPU-f9be145a-d8d5-a2e1-3c42-72047878fcf8,FP16,Qwen3-8B,/home/qinch2023/modelscope_models/Qwen3-8B,2048,1,1024,1,sdpa,sdpa,torch.float16,41.77652359008789,23.936888808940175,42779.16015625,1024,{},"[[25], [6979], [264], [8500], [323], [2874], [911], [43893], [34784], [15516], [13], [49795], [11064], [25529], [25], [6979], [264], [8500], [323], [2874], [911], [43893], [34784], [15516], [13], [49795], [11064], [25529], [25], [6979], [264], [8500], [323], [2874], [911], [43893], [34784], [15516], [13], [49795], [11064], [25529], [25], [6979], [264], [8500], [323], [2874], [911], [43893], [34784], [15516], [13], [49795], [11064], [25529], [25], [6979], [264], [8500], [323], [2874], [911], [43893], [34784], [15516], [13], [49795], [11064], [25529], [25], [6979], [264], [8500], [323], [2874], [911], [43893], [34784], [15516], [13], [49795], [11064], [25529], [25], [6979], [264], [8500], [323], [2874], [911], [43893], [34784], [15516], [13], [49795], [11064], [25529], [25], [6979], [264], [8500], [323], [2874], [911], [43893], [34784], [15516], [13], [49795], [11064], [25529], [25], [6979], [264], [8500], [323], [2874], [911], [43893], [34784], [15516], [13], [49795], [11064], [25529], [25], [6979], [264], [8500], [323], [2874], [911], [43893], [34784], [15516], [13], [49795], [11064], [25529], [25], [6979], [264], [8500], [323], [2874], [911], [43893], [34784], [15516], [13], [49795], [11064], [25529], [25], [6979], [264], [8500], [323], [2874], [911], [43893], [34784], [15516], [13], [49795], [11064], [25529], [25], [6979], [264], [8500], [323], [2874], [911], [43893], [34784], [15516], [13], [49795], [11064], [25529], [25], [6979], [264], [8500], [323], [2874], [911], [43893], [34784], [15516], [13], [49795], [11064], [25529], [25], [6979], [264], [8500], [323], [2874], [911], [43893], [34784], [15516], [13], [49795], [11064], [25529], [25], [6979], [264], [8500], [323], [2874], [911], [43893], [34784], [15516], [13], [49795], [11064], [25529], [25], [6979], [264], [8500], [323], [2874], [911], [43893], [34784], [15516], [13], [49795], [11064], [25529], [25], [6979], [264], [8500], [323], [2874], [911], [43893], [34784], [15516], [13], [49795], [11064], [25529], [25], [6979], [264], [8500], [323], [2874], [911], [43893], [34784], [15516], [13], [49795], [11064], [25529], [25], [6979], [264], [8500], [323], [2874], [911], [43893], [34784], [15516], [13], [49795], [11064], [25529], [25], [6979], [264], [8500], [323], [2874], [911], [43893], [34784], [15516], [13], [49795], [11064], [25529], [25], [6979], [264], [8500], [323], [2874], [911], [43893], [34784], [15516], [13], [49795], [11064], [25529], [25], [6979], [264], [8500], [323], [2874], [911], [43893], [34784], [15516], [13], [49795], [11064], [25529], [25], [6979], [264], [8500], [323], [2874], [911], [43893], [34784], [15516], [13], [49795], [11064], [25529], [25], [6979], [264], [8500], [323], [2874], [911], [43893], [34784], [15516], [13], [49795], [11064], [25529], [25], [6979], [264], [8500], [323], [2874], [911], [43893], [34784], [15516], [13], [49795], [11064], [25529], [25], [6979], [264], [8500], [323], [2874], [911], [43893], [34784], [15516], [13], [49795], [11064], [25529], [25], [6979], [264], [8500], [323], [2874], [911], [43893], [34784], [15516], [13], [49795], [11064], [25529], [25], [6979], [264], [8500], [323], [2874], [911], [43893], [34784], [15516], [13], [49795], [11064], [25529], [25], [6979], [264], [8500], [323], [2874], [911], [43893], [34784], [15516], [13], [49795], [11064], [25529], [25], [6979], [264], [8500], [323], [2874], [911], [43893], [34784], [15516], [13], [49795], [11064], [25529], [25], [6979], [264], [8500], [323], [2874], [911], [43893], [34784], [15516], [13], [49795], [11064], [25529], [25], [6979], [264], [8500], [323], [2874], [911], [43893], [34784], [15516], [13], [49795], [11064], [25529], [25], [6979], [264], [8500], [323], [2874], [911], [43893], [34784], [15516], [13], [49795], [11064], [25529], [25], [6979], [264], [8500], [323], [2874], [911], [43893], [34784], [15516], [13], [49795], [11064], [25529], [25], [6979], [264], [8500], [323], [2874], [911], [43893], [34784], [15516], [13], [49795], [11064], [25529], [25], [6979], [264], [8500], [323], [2874], [911], [43893], [34784], [15516], [13], [49795], [11064], [25529], [25], [6979], [264], [8500], [323], [2874], [911], [43893], [34784], [15516], [13], [49795], [11064], [25529], [25], [6979], [264], [8500], [323], [2874], [911], [43893], [34784], [15516], [13], [49795], [11064], [25529], [25], [6979], [264], [8500], [323], [2874], [911], [43893], [34784], [15516], [13], [49795], [11064], [25529], [25], [6979], [264], [8500], [323], [2874], [911], [43893], [34784], [15516], [13], [49795], [11064], [25529], [25], [6979], [264], [8500], [323], [2874], [911], [43893], [34784], [15516], [13], [49795], [11064], [25529], [25], [6979], [264], [8500], [323], [2874], [911], [43893], [34784], [15516], [13], [49795], [11064], [25529], [25], [6979], [264], [8500], [323], [2874], [911], [43893], [34784], [15516], [13], [49795], [11064], [25529], [25], [6979], [264], [8500], [323], [2874], [911], [43893], [34784], [15516], [13], [49795], [11064], [25529], [25], [6979], [264], [8500], [323], [2874], [911], [43893], [34784], [15516], [13], [49795], [11064], [25529], [25], [6979], [264], [8500], [323], [2874], [911], [43893], [34784], [15516], [13], [49795], [11064], [25529], [25], [6979], [264], [8500], [323], [2874], [911], [43893], [34784], [15516], [13], [49795], [11064], [25529], [25], [6979], [264], [8500], [323], [2874], [911], [43893], [34784], [15516], [13], [49795], [11064], [25529], [25], [6979], [264], [8500], [323], [2874], [911], [43893], [34784], [15516], [13], [49795], [11064], [25529], [25], [6979], [264], [8500], [323], [2874], [911], [43893], [34784], [15516], [13], [49795], [11064], [25529], [25], [6979], [264], [8500], [323], [2874], [911], [43893], [34784], [15516], [13], [49795], [11064], [25529], [25], [6979], [264], [8500], [323], [2874], [911], [43893], [34784], [15516], [13], [49795], [11064], [25529], [25], [6979], [264], [8500], [323], [2874], [911], [43893], [34784], [15516], [13], [49795], [11064], [25529], [25], [6979], [264], [8500], [323], [2874], [911], [43893], [34784], [15516], [13], [49795], [11064], [25529], [25], [6979], [264], [8500], [323], [2874], [911], [43893], [34784], [15516], [13], [49795], [11064], [25529], [25], [6979], [264], [8500], [323], [2874], [911], [43893], [34784], [15516], [13], [49795], [11064], [25529], [25], [6979], [264], [8500], [323], [2874], [911], [43893], [34784], [15516], [13], [49795], [11064], [25529], [25], [6979], [264], [8500], [323], [2874], [911], [43893], [34784], [15516], [13], [49795], [11064], [25529], [25], [6979], [264], [8500], [323], [2874], [911], [43893], [34784], [15516], [13], [49795], [11064], [25529], [25], [6979], [264], [8500], [323], [2874], [911], [43893], [34784], [15516], [13], [49795], [11064], [25529], [25], [6979], [264], [8500], [323], [2874], [911], [43893], [34784], [15516], [13], [49795], [11064], [25529], [25], [6979], [264], [8500], [323], [2874], [911], [43893], [34784], [15516], [13], [49795], [11064], [25529], [25], [6979], [264], [8500], [323], [2874], [911], [43893], [34784], [15516], [13], [49795], [11064], [25529], [25], [6979], [264], [8500], [323], [2874], [911], [43893], [34784], [15516], [13], [49795], [11064], [25529], [25], [6979], [264], [8500], [323], [2874], [911], [43893], [34784], [15516], [13], [49795], [11064], [25529], [25], [6979], [264], [8500], [323], [2874], [911], [43893], [34784], [15516], [13], [49795], [11064], [25529], [25], [6979], [264], [8500], [323], [2874], [911], [43893], [34784], [15516], [13], [49795], [11064], [25529], [25], [6979], [264], [8500], [323], [2874], [911], [43893], [34784], [15516], [13], [49795], [11064], [25529], [25], [6979], [264], [8500], [323], [2874], [911], [43893], [34784], [15516], [13], [49795], [11064], [25529], [25], [6979], [264], [8500], [323], [2874], [911], [43893], [34784], [15516], [13], [49795], [11064], [25529], [25], [6979], [264], [8500], [323], [2874], [911], [43893], [34784], [15516], [13], [49795], [11064], [25529], [25], [6979], [264], [8500], [323], [2874], [911], [43893], [34784], [15516], [13], [49795], [11064], [25529], [25], [6979]]",False,221ed25c430f13478156e65a921ce578d98468084daf220ea8870265b071d743,True,
long_decode_FP16_gpu6_ctx2048_b1_dec1024_measured3,2026-08-28T00:38:33+0800,measured,2,6,GPU-f9be145a-d8d5-a2e1-3c42-72047878fcf8,FP16,Qwen3-8B,/home/qinch2023/modelscope_models/Qwen3-8B,2048,1,1024,1,sdpa,sdpa,torch.float16,41.82558059692383,23.90881335604335,42829.39453125,1024,{},"[[25], [6979], [264], [8500], [323], [2874], [911], [43893], [34784], [15516], [13], [49795], [11064], [25529], [25], [6979], [264], [8500], [323], [2874], [911], [43893], [34784], [15516], [13], [49795], [11064], [25529], [25], [6979], [264], [8500], [323], [2874], [911], [43893], [34784], [15516], [13], [49795], [11064], [25529], [25], [6979], [264], [8500], [323], [2874], [911], [43893], [34784], [15516], [13], [49795], [11064], [25529], [25], [6979], [264], [8500], [323], [2874], [911], [43893], [34784], [15516], [13], [49795], [11064], [25529], [25], [6979], [264], [8500], [323], [2874], [911], [43893], [34784], [15516], [13], [49795], [11064], [25529], [25], [6979], [264], [8500], [323], [2874], [911], [43893], [34784], [15516], [13], [49795], [11064], [25529], [25], [6979], [264], [8500], [323], [2874], [911], [43893], [34784], [15516], [13], [49795], [11064], [25529], [25], [6979], [264], [8500], [323], [2874], [911], [43893], [34784], [15516], [13], [49795], [11064], [25529], [25], [6979], [264], [8500], [323], [2874], [911], [43893], [34784], [15516], [13], [49795], [11064], [25529], [25], [6979], [264], [8500], [323], [2874], [911], [43893], [34784], [15516], [13], [49795], [11064], [25529], [25], [6979], [264], [8500], [323], [2874], [911], [43893], [34784], [15516], [13], [49795], [11064], [25529], [25], [6979], [264], [8500], [323], [2874], [911], [43893], [34784], [15516], [13], [49795], [11064], [25529], [25], [6979], [264], [8500], [323], [2874], [911], [43893], [34784], [15516], [13], [49795], [11064], [25529], [25], [6979], [264], [8500], [323], [2874], [911], [43893], [34784], [15516], [13], [49795], [11064], [25529], [25], [6979], [264], [8500], [323], [2874], [911], [43893], [34784], [15516], [13], [49795], [11064], [25529], [25], [6979], [264], [8500], [323], [2874], [911], [43893], [34784], [15516], [13], [49795], [11064], [25529], [25], [6979], [264], [8500], [323], [2874], [911], [43893], [34784], [15516], [13], [49795], [11064], [25529], [25], [6979], [264], [8500], [323], [2874], [911], [43893], [34784], [15516], [13], [49795], [11064], [25529], [25], [6979], [264], [8500], [323], [2874], [911], [43893], [34784], [15516], [13], [49795], [11064], [25529], [25], [6979], [264], [8500], [323], [2874], [911], [43893], [34784], [15516], [13], [49795], [11064], [25529], [25], [6979], [264], [8500], [323], [2874], [911], [43893], [34784], [15516], [13], [49795], [11064], [25529], [25], [6979], [264], [8500], [323], [2874], [911], [43893], [34784], [15516], [13], [49795], [11064], [25529], [25], [6979], [264], [8500], [323], [2874], [911], [43893], [34784], [15516], [13], [49795], [11064], [25529], [25], [6979], [264], [8500], [323], [2874], [911], [43893], [34784], [15516], [13], [49795], [11064], [25529], [25], [6979], [264], [8500], [323], [2874], [911], [43893], [34784], [15516], [13], [49795], [11064], [25529], [25], [6979], [264], [8500], [323], [2874], [911], [43893], [34784], [15516], [13], [49795], [11064], [25529], [25], [6979], [264], [8500], [323], [2874], [911], [43893], [34784], [15516], [13], [49795], [11064], [25529], [25], [6979], [264], [8500], [323], [2874], [911], [43893], [34784], [15516], [13], [49795], [11064], [25529], [25], [6979], [264], [8500], [323], [2874], [911], [43893], [34784], [15516], [13], [49795], [11064], [25529], [25], [6979], [264], [8500], [323], [2874], [911], [43893], [34784], [15516], [13], [49795], [11064], [25529], [25], [6979], [264], [8500], [323], [2874], [911], [43893], [34784], [15516], [13], [49795], [11064], [25529], [25], [6979], [264], [8500], [323], [2874], [911], [43893], [34784], [15516], [13], [49795], [11064], [25529], [25], [6979], [264], [8500], [323], [2874], [911], [43893], [34784], [15516], [13], [49795], [11064], [25529], [25], [6979], [264], [8500], [323], [2874], [911], [43893], [34784], [15516], [13], [49795], [11064], [25529], [25], [6979], [264], [8500], [323], [2874], [911], [43893], [34784], [15516], [13], [49795], [11064], [25529], [25], [6979], [264], [8500], [323], [2874], [911], [43893], [34784], [15516], [13], [49795], [11064], [25529], [25], [6979], [264], [8500], [323], [2874], [911], [43893], [34784], [15516], [13], [49795], [11064], [25529], [25], [6979], [264], [8500], [323], [2874], [911], [43893], [34784], [15516], [13], [49795], [11064], [25529], [25], [6979], [264], [8500], [323], [2874], [911], [43893], [34784], [15516], [13], [49795], [11064], [25529], [25], [6979], [264], [8500], [323], [2874], [911], [43893], [34784], [15516], [13], [49795], [11064], [25529], [25], [6979], [264], [8500], [323], [2874], [911], [43893], [34784], [15516], [13], [49795], [11064], [25529], [25], [6979], [264], [8500], [323], [2874], [911], [43893], [34784], [15516], [13], [49795], [11064], [25529], [25], [6979], [264], [8500], [323], [2874], [911], [43893], [34784], [15516], [13], [49795], [11064], [25529], [25], [6979], [264], [8500], [323], [2874], [911], [43893], [34784], [15516], [13], [49795], [11064], [25529], [25], [6979], [264], [8500], [323], [2874], [911], [43893], [34784], [15516], [13], [49795], [11064], [25529], [25], [6979], [264], [8500], [323], [2874], [911], [43893], [34784], [15516], [13], [49795], [11064], [25529], [25], [6979], [264], [8500], [323], [2874], [911], [43893], [34784], [15516], [13], [49795], [11064], [25529], [25], [6979], [264], [8500], [323], [2874], [911], [43893], [34784], [15516], [13], [49795], [11064], [25529], [25], [6979], [264], [8500], [323], [2874], [911], [43893], [34784], [15516], [13], [49795], [11064], [25529], [25], [6979], [264], [8500], [323], [2874], [911], [43893], [34784], [15516], [13], [49795], [11064], [25529], [25], [6979], [264], [8500], [323], [2874], [911], [43893], [34784], [15516], [13], [49795], [11064], [25529], [25], [6979], [264], [8500], [323], [2874], [911], [43893], [34784], [15516], [13], [49795], [11064], [25529], [25], [6979], [264], [8500], [323], [2874], [911], [43893], [34784], [15516], [13], [49795], [11064], [25529], [25], [6979], [264], [8500], [323], [2874], [911], [43893], [34784], [15516], [13], [49795], [11064], [25529], [25], [6979], [264], [8500], [323], [2874], [911], [43893], [34784], [15516], [13], [49795], [11064], [25529], [25], [6979], [264], [8500], [323], [2874], [911], [43893], [34784], [15516], [13], [49795], [11064], [25529], [25], [6979], [264], [8500], [323], [2874], [911], [43893], [34784], [15516], [13], [49795], [11064], [25529], [25], [6979], [264], [8500], [323], [2874], [911], [43893], [34784], [15516], [13], [49795], [11064], [25529], [25], [6979], [264], [8500], [323], [2874], [911], [43893], [34784], [15516], [13], [49795], [11064], [25529], [25], [6979], [264], [8500], [323], [2874], [911], [43893], [34784], [15516], [13], [49795], [11064], [25529], [25], [6979], [264], [8500], [323], [2874], [911], [43893], [34784], [15516], [13], [49795], [11064], [25529], [25], [6979], [264], [8500], [323], [2874], [911], [43893], [34784], [15516], [13], [49795], [11064], [25529], [25], [6979], [264], [8500], [323], [2874], [911], [43893], [34784], [15516], [13], [49795], [11064], [25529], [25], [6979], [264], [8500], [323], [2874], [911], [43893], [34784], [15516], [13], [49795], [11064], [25529], [25], [6979], [264], [8500], [323], [2874], [911], [43893], [34784], [15516], [13], [49795], [11064], [25529], [25], [6979], [264], [8500], [323], [2874], [911], [43893], [34784], [15516], [13], [49795], [11064], [25529], [25], [6979], [264], [8500], [323], [2874], [911], [43893], [34784], [15516], [13], [49795], [11064], [25529], [25], [6979], [264], [8500], [323], [2874], [911], [43893], [34784], [15516], [13], [49795], [11064], [25529], [25], [6979], [264], [8500], [323], [2874], [911], [43893], [34784], [15516], [13], [49795], [11064], [25529], [25], [6979], [264], [8500], [323], [2874], [911], [43893], [34784], [15516], [13], [49795], [11064], [25529], [25], [6979], [264], [8500], [323], [2874], [911], [43893], [34784], [15516], [13], [49795], [11064], [25529], [25], [6979], [264], [8500], [323], [2874], [911], [43893], [34784], [15516], [13], [49795], [11064], [25529], [25], [6979]]",False,221ed25c430f13478156e65a921ce578d98468084daf220ea8870265b071d743,True,
long_decode_CAUSAL_gpu6_ctx2048_b1_dec1024_measured1,2026-08-28T00:49:22+0800,measured,0,6,GPU-f9be145a-d8d5-a2e1-3c42-72047878fcf8,CAUSAL,Qwen3-8B,/home/qinch2023/modelscope_models/Qwen3-8B,2048,1,1024,1,CUDA_COMPRESSED_LEGACY,sdpa,torch.float16,304.642822265625,3.282532614958764,311954.25,1024,"{'historical_fp16_k_materialization_calls': 0, 'historical_fp16_k_materialized_bytes': 0, 'historical_fp16_v_materialization_calls': 0, 'historical_fp16_v_materialized_bytes': 0, 'page_local_v_materialization_calls': 0, 'page_local_v_materialized_bytes': 0, 'serial_request_forward_dispatches': 0, 'serial_attention_dispatches': 0, 'fallback_count': 0, 'prefill_calls': 0, 'prefill_tokens': 0, 'refill_calls': 0, 'membership_changes': 0, 'page_batch_page_batch_decode_calls': 0, 'page_batch_page_batch_pack_calls': 288, 'page_batch_logical_pages_processed': 0, 'page_batch_v2_pages_processed': 0, 'page_batch_v4_pages_processed': 0, 'page_batch_v2_tokens_processed': 0, 'page_batch_v4_tokens_processed': 0, 'page_batch_page_value_materialization_calls': 0, 'page_batch_page_value_materialized_bytes': 0, 'page_batch_historical_v_materialization_bytes': 0, 'page_batch_python_serial_b1_dispatches': 0, 'page_batch_host_sync_item_calls': 0, 'page_batch_gpu_tensor_item_calls': 0, 'page_batch_matmul_calls': 0, 'page_batch_accumulate_calls': 0, 'page_batch_attention_slice_calls': 0, 'page_batch_repeat_kv_calls': 0, 'real_decode_real_decode_steps': 0, 'real_decode_fused_page_operator_calls': 0, 'real_decode_legacy_mixed_v_operator_calls': 36864, 'real_decode_serial_b1_dispatches': 0, 'real_decode_operator_ready_pool_full_rebuilds': 0, 'real_decode_operator_ready_pool_incremental_updates': 288, 'real_decode_new_pages_allocated': 288, 'real_decode_page_value_materialization_bytes': 0, 'real_decode_historical_v_materialization_bytes': 0, 'real_decode_gpu_tensor_item_calls_hot_path': 0, 'real_decode_python_page_dispatches': 0}","[[25], [6979], [264], [8500], [323], [2874], [911], [43893], [34784], [15516], [13], [49795], [11064], [25529], [25], [6979], [264], [8500], [323], [2874], [911], [43893], [34784], [15516], [13], [49795], [11064], [25529], [25], [6979], [264], [8500], [323], [2874], [911], [43893], [34784], [15516], [13], [49795], [11064], [25529], [25], [6979], [264], [8500], [323], [2874], [911], [43893], [34784], [15516], [13], [49795], [11064], [25529], [25], [6979], [264], [8500], [323], [2874], [911], [43893], [34784], [15516], [13], [49795], [11064], [25529], [25], [6979], [264], [8500], [323], [2874], [911], [43893], [34784], [15516], [13], [49795], [11064], [25529], [25], [6979], [264], [8500], [323], [2874], [911], [43893], [34784], [15516], [13], [49795], [11064], [25529], [25], [6979], [264], [8500], [323], [2874], [911], [43893], [34784], [15516], [13], [49795], [11064], [25529], [25], [6979], [264], [8500], [323], [2874], [911], [43893], [34784], [15516], [13], [49795], [11064], [25529], [25], [6979], [264], [8500], [323], [2874], [911], [43893], [34784], [15516], [13], [49795], [11064], [25529], [25], [6979], [264], [8500], [323], [2874], [911], [43893], [34784], [15516], [13], [49795], [11064], [25529], [25], [6979], [264], [8500], [323], [2874], [911], [43893], [34784], [15516], [13], [49795], [11064], [25529], [25], [6979], [264], [8500], [323], [2874], [911], [43893], [34784], [15516], [13], [49795], [11064], [25529], [25], [6979], [264], [8500], [323], [2874], [911], [43893], [34784], [15516], [13], [49795], [11064], [25529], [25], [6979], [264], [8500], [323], [2874], [911], [43893], [34784], [15516], [13], [49795], [11064], [25529], [25], [6979], [264], [8500], [323], [2874], [911], [43893], [34784], [15516], [13], [49795], [11064], [25529], [25], [6979], [264], [8500], [323], [2874], [911], [43893], [34784], [15516], [13], [49795], [11064], [25529], [25], [6979], [264], [8500], [323], [2874], [911], [43893], [34784], [15516], [13], [49795], [11064], [25529], [25], [6979], [264], [8500], [323], [2874], [911], [43893], [34784], [15516], [13], [49795], [11064], [25529], [25], [6979], [264], [8500], [323], [2874], [911], [43893], [34784], [15516], [13], [49795], [11064], [25529], [25], [6979], [264], [8500], [323], [2874], [911], [43893], [34784], [15516], [13], [49795], [11064], [25529], [25], [6979], [264], [8500], [323], [2874], [911], [43893], [34784], [15516], [13], [49795], [11064], [25529], [25], [6979], [264], [8500], [323], [2874], [911], [43893], [34784], [15516], [13], [49795], [11064], [25529], [25], [6979], [264], [8500], [323], [2874], [911], [43893], [34784], [15516], [13], [49795], [11064], [25529], [25], [6979], [264], [8500], [323], [2874], [911], [43893], [34784], [15516], [13], [49795], [11064], [25529], [25], [6979], [264], [8500], [323], [2874], [911], [43893], [34784], [15516], [13], [49795], [11064], [25529], [25], [6979], [264], [8500], [323], [2874], [911], [43893], [34784], [15516], [13], [49795], [11064], [25529], [25], [6979], [264], [8500], [323], [2874], [911], [43893], [34784], [15516], [13], [49795], [11064], [25529], [25], [6979], [264], [8500], [323], [2874], [911], [43893], [34784], [15516], [13], [49795], [11064], [25529], [25], [6979], [264], [8500], [323], [2874], [911], [43893], [34784], [15516], [13], [49795], [11064], [25529], [25], [6979], [264], [8500], [323], [2874], [911], [43893], [34784], [15516], [13], [49795], [11064], [25529], [25], [6979], [264], [8500], [323], [2874], [911], [43893], [34784], [15516], [13], [49795], [11064], [25529], [25], [6979], [264], [8500], [323], [2874], [911], [43893], [34784], [15516], [13], [49795], [11064], [25529], [25], [6979], [264], [8500], [323], [2874], [911], [43893], [34784], [15516], [13], [49795], [11064], [25529], [25], [6979], [264], [8500], [323], [2874], [911], [43893], [34784], [15516], [13], [49795], [11064], [25529], [25], [6979], [264], [8500], [323], [2874], [911], [43893], [34784], [15516], [13], [49795], [11064], [25529], [25], [6979], [264], [8500], [323], [2874], [911], [43893], [34784], [15516], [13], [49795], [11064], [25529], [25], [6979], [264], [8500], [323], [2874], [911], [43893], [34784], [15516], [13], [49795], [11064], [25529], [25], [6979], [264], [8500], [323], [2874], [911], [43893], [34784], [15516], [13], [49795], [11064], [25529], [25], [6979], [264], [8500], [323], [2874], [911], [43893], [34784], [15516], [13], [49795], [11064], [25529], [25], [6979], [264], [8500], [323], [2874], [911], [43893], [34784], [15516], [13], [49795], [11064], [25529], [25], [6979], [264], [8500], [323], [2874], [911], [43893], [34784], [15516], [13], [49795], [11064], [25529], [25], [6979], [264], [8500], [323], [2874], [911], [43893], [34784], [15516], [13], [49795], [11064], [25529], [25], [6979], [264], [8500], [323], [2874], [911], [43893], [34784], [15516], [13], [49795], [11064], [25529], [25], [6979], [264], [8500], [323], [2874], [911], [43893], [34784], [15516], [13], [49795], [11064], [25529], [25], [6979], [264], [8500], [323], [2874], [911], [43893], [34784], [15516], [13], [49795], [11064], [25529], [25], [6979], [264], [8500], [323], [2874], [911], [43893], [34784], [15516], [13], [49795], [11064], [25529], [25], [6979], [264], [8500], [323], [2874], [911], [43893], [34784], [15516], [13], [49795], [11064], [25529], [25], [6979], [264], [8500], [323], [2874], [911], [43893], [34784], [15516], [13], [49795], [11064], [25529], [25], [6979], [264], [8500], [323], [2874], [911], [43893], [34784], [15516], [13], [49795], [11064], [25529], [25], [6979], [264], [8500], [323], [2874], [911], [43893], [34784], [15516], [13], [49795], [11064], [25529], [25], [6979], [264], [8500], [323], [2874], [911], [43893], [34784], [15516], [13], [49795], [11064], [25529], [25], [6979], [264], [8500], [323], [2874], [911], [43893], [34784], [15516], [13], [49795], [11064], [25529], [25], [6979], [264], [8500], [323], [2874], [911], [43893], [34784], [15516], [13], [49795], [11064], [25529], [25], [6979], [264], [8500], [323], [2874], [911], [43893], [34784], [15516], [13], [49795], [11064], [25529], [25], [6979], [264], [8500], [323], [2874], [911], [43893], [34784], [15516], [13], [49795], [11064], [25529], [25], [6979], [264], [8500], [323], [2874], [911], [43893], [34784], [15516], [13], [49795], [11064], [25529], [25], [6979], [264], [8500], [323], [2874], [911], [43893], [34784], [15516], [13], [49795], [11064], [25529], [25], [6979], [264], [8500], [323], [2874], [911], [43893], [34784], [15516], [13], [49795], [11064], [25529], [25], [6979], [264], [8500], [323], [2874], [911], [43893], [34784], [15516], [13], [49795], [11064], [25529], [25], [6979], [264], [8500], [323], [2874], [911], [43893], [34784], [15516], [13], [49795], [11064], [25529], [25], [6979], [264], [8500], [323], [2874], [911], [43893], [34784], [15516], [13], [49795], [11064], [25529], [25], [6979], [264], [8500], [323], [2874], [911], [43893], [34784], [15516], [13], [49795], [11064], [25529], [25], [6979], [264], [8500], [323], [2874], [911], [43893], [34784], [15516], [13], [49795], [11064], [25529], [25], [6979], [264], [8500], [323], [2874], [911], [43893], [34784], [15516], [13], [49795], [11064], [25529], [25], [6979], [264], [8500], [323], [2874], [911], [43893], [34784], [15516], [13], [49795], [11064], [25529], [25], [6979], [264], [8500], [323], [2874], [911], [43893], [34784], [15516], [13], [49795], [11064], [25529], [25], [6979], [264], [8500], [323], [2874], [911], [43893], [34784], [15516], [13], [49795], [11064], [25529], [25], [6979], [264], [8500], [323], [2874], [911], [43893], [34784], [15516], [13], [49795], [11064], [25529], [25], [6979], [264], [8500], [323], [2874], [911], [43893], [34784], [15516], [13], [49795], [11064], [25529], [25], [6979], [264], [8500], [323], [2874], [911], [43893], [34784], [15516], [13], [49795], [11064], [25529], [25], [6979], [264], [8500], [323], [2874], [911], [43893], [34784], [15516], [13], [49795], [11064], [25529], [25], [6979], [264], [8500], [323], [2874], [911], [43893], [34784], [15516], [13], [49795], [11064], [25529], [25], [6979]]",False,221ed25c430f13478156e65a921ce578d98468084daf220ea8870265b071d743,True,
long_decode_CAUSAL_gpu6_ctx2048_b1_dec1024_measured2,2026-08-28T00:54:43+0800,measured,1,6,GPU-f9be145a-d8d5-a2e1-3c42-72047878fcf8,CAUSAL,Qwen3-8B,/home/qinch2023/modelscope_models/Qwen3-8B,2048,1,1024,1,CUDA_COMPRESSED_LEGACY,sdpa,torch.float16,305.93560791015625,3.2686616861338638,313278.0625,1024,"{'historical_fp16_k_materialization_calls': 0, 'historical_fp16_k_materialized_bytes': 0, 'historical_fp16_v_materialization_calls': 0, 'historical_fp16_v_materialized_bytes': 0, 'page_local_v_materialization_calls': 0, 'page_local_v_materialized_bytes': 0, 'serial_request_forward_dispatches': 0, 'serial_attention_dispatches': 0, 'fallback_count': 0, 'prefill_calls': 0, 'prefill_tokens': 0, 'refill_calls': 0, 'membership_changes': 0, 'page_batch_page_batch_decode_calls': 0, 'page_batch_page_batch_pack_calls': 288, 'page_batch_logical_pages_processed': 0, 'page_batch_v2_pages_processed': 0, 'page_batch_v4_pages_processed': 0, 'page_batch_v2_tokens_processed': 0, 'page_batch_v4_tokens_processed': 0, 'page_batch_page_value_materialization_calls': 0, 'page_batch_page_value_materialized_bytes': 0, 'page_batch_historical_v_materialization_bytes': 0, 'page_batch_python_serial_b1_dispatches': 0, 'page_batch_host_sync_item_calls': 0, 'page_batch_gpu_tensor_item_calls': 0, 'page_batch_matmul_calls': 0, 'page_batch_accumulate_calls': 0, 'page_batch_attention_slice_calls': 0, 'page_batch_repeat_kv_calls': 0, 'real_decode_real_decode_steps': 0, 'real_decode_fused_page_operator_calls': 0, 'real_decode_legacy_mixed_v_operator_calls': 36864, 'real_decode_serial_b1_dispatches': 0, 'real_decode_operator_ready_pool_full_rebuilds': 0, 'real_decode_operator_ready_pool_incremental_updates': 288, 'real_decode_new_pages_allocated': 288, 'real_decode_page_value_materialization_bytes': 0, 'real_decode_historical_v_materialization_bytes': 0, 'real_decode_gpu_tensor_item_calls_hot_path': 0, 'real_decode_python_page_dispatches': 0}","[[25], [6979], [264], [8500], [323], [2874], [911], [43893], [34784], [15516], [13], [49795], [11064], [25529], [25], [6979], [264], [8500], [323], [2874], [911], [43893], [34784], [15516], [13], [49795], [11064], [25529], [25], [6979], [264], [8500], [323], [2874], [911], [43893], [34784], [15516], [13], [49795], [11064], [25529], [25], [6979], [264], [8500], [323], [2874], [911], [43893], [34784], [15516], [13], [49795], [11064], [25529], [25], [6979], [264], [8500], [323], [2874], [911], [43893], [34784], [15516], [13], [49795], [11064], [25529], [25], [6979], [264], [8500], [323], [2874], [911], [43893], [34784], [15516], [13], [49795], [11064], [25529], [25], [6979], [264], [8500], [323], [2874], [911], [43893], [34784], [15516], [13], [49795], [11064], [25529], [25], [6979], [264], [8500], [323], [2874], [911], [43893], [34784], [15516], [13], [49795], [11064], [25529], [25], [6979], [264], [8500], [323], [2874], [911], [43893], [34784], [15516], [13], [49795], [11064], [25529], [25], [6979], [264], [8500], [323], [2874], [911], [43893], [34784], [15516], [13], [49795], [11064], [25529], [25], [6979], [264], [8500], [323], [2874], [911], [43893], [34784], [15516], [13], [49795], [11064], [25529], [25], [6979], [264], [8500], [323], [2874], [911], [43893], [34784], [15516], [13], [49795], [11064], [25529], [25], [6979], [264], [8500], [323], [2874], [911], [43893], [34784], [15516], [13], [49795], [11064], [25529], [25], [6979], [264], [8500], [323], [2874], [911], [43893], [34784], [15516], [13], [49795], [11064], [25529], [25], [6979], [264], [8500], [323], [2874], [911], [43893], [34784], [15516], [13], [49795], [11064], [25529], [25], [6979], [264], [8500], [323], [2874], [911], [43893], [34784], [15516], [13], [49795], [11064], [25529], [25], [6979], [264], [8500], [323], [2874], [911], [43893], [34784], [15516], [13], [49795], [11064], [25529], [25], [6979], [264], [8500], [323], [2874], [911], [43893], [34784], [15516], [13], [49795], [11064], [25529], [25], [6979], [264], [8500], [323], [2874], [911], [43893], [34784], [15516], [13], [49795], [11064], [25529], [25], [6979], [264], [8500], [323], [2874], [911], [43893], [34784], [15516], [13], [49795], [11064], [25529], [25], [6979], [264], [8500], [323], [2874], [911], [43893], [34784], [15516], [13], [49795], [11064], [25529], [25], [6979], [264], [8500], [323], [2874], [911], [43893], [34784], [15516], [13], [49795], [11064], [25529], [25], [6979], [264], [8500], [323], [2874], [911], [43893], [34784], [15516], [13], [49795], [11064], [25529], [25], [6979], [264], [8500], [323], [2874], [911], [43893], [34784], [15516], [13], [49795], [11064], [25529], [25], [6979], [264], [8500], [323], [2874], [911], [43893], [34784], [15516], [13], [49795], [11064], [25529], [25], [6979], [264], [8500], [323], [2874], [911], [43893], [34784], [15516], [13], [49795], [11064], [25529], [25], [6979], [264], [8500], [323], [2874], [911], [43893], [34784], [15516], [13], [49795], [11064], [25529], [25], [6979], [264], [8500], [323], [2874], [911], [43893], [34784], [15516], [13], [49795], [11064], [25529], [25], [6979], [264], [8500], [323], [2874], [911], [43893], [34784], [15516], [13], [49795], [11064], [25529], [25], [6979], [264], [8500], [323], [2874], [911], [43893], [34784], [15516], [13], [49795], [11064], [25529], [25], [6979], [264], [8500], [323], [2874], [911], [43893], [34784], [15516], [13], [49795], [11064], [25529], [25], [6979], [264], [8500], [323], [2874], [911], [43893], [34784], [15516], [13], [49795], [11064], [25529], [25], [6979], [264], [8500], [323], [2874], [911], [43893], [34784], [15516], [13], [49795], [11064], [25529], [25], [6979], [264], [8500], [323], [2874], [911], [43893], [34784], [15516], [13], [49795], [11064], [25529], [25], [6979], [264], [8500], [323], [2874], [911], [43893], [34784], [15516], [13], [49795], [11064], [25529], [25], [6979], [264], [8500], [323], [2874], [911], [43893], [34784], [15516], [13], [49795], [11064], [25529], [25], [6979], [264], [8500], [323], [2874], [911], [43893], [34784], [15516], [13], [49795], [11064], [25529], [25], [6979], [264], [8500], [323], [2874], [911], [43893], [34784], [15516], [13], [49795], [11064], [25529], [25], [6979], [264], [8500], [323], [2874], [911], [43893], [34784], [15516], [13], [49795], [11064], [25529], [25], [6979], [264], [8500], [323], [2874], [911], [43893], [34784], [15516], [13], [49795], [11064], [25529], [25], [6979], [264], [8500], [323], [2874], [911], [43893], [34784], [15516], [13], [49795], [11064], [25529], [25], [6979], [264], [8500], [323], [2874], [911], [43893], [34784], [15516], [13], [49795], [11064], [25529], [25], [6979], [264], [8500], [323], [2874], [911], [43893], [34784], [15516], [13], [49795], [11064], [25529], [25], [6979], [264], [8500], [323], [2874], [911], [43893], [34784], [15516], [13], [49795], [11064], [25529], [25], [6979], [264], [8500], [323], [2874], [911], [43893], [34784], [15516], [13], [49795], [11064], [25529], [25], [6979], [264], [8500], [323], [2874], [911], [43893], [34784], [15516], [13], [49795], [11064], [25529], [25], [6979], [264], [8500], [323], [2874], [911], [43893], [34784], [15516], [13], [49795], [11064], [25529], [25], [6979], [264], [8500], [323], [2874], [911], [43893], [34784], [15516], [13], [49795], [11064], [25529], [25], [6979], [264], [8500], [323], [2874], [911], [43893], [34784], [15516], [13], [49795], [11064], [25529], [25], [6979], [264], [8500], [323], [2874], [911], [43893], [34784], [15516], [13], [49795], [11064], [25529], [25], [6979], [264], [8500], [323], [2874], [911], [43893], [34784], [15516], [13], [49795], [11064], [25529], [25], [6979], [264], [8500], [323], [2874], [911], [43893], [34784], [15516], [13], [49795], [11064], [25529], [25], [6979], [264], [8500], [323], [2874], [911], [43893], [34784], [15516], [13], [49795], [11064], [25529], [25], [6979], [264], [8500], [323], [2874], [911], [43893], [34784], [15516], [13], [49795], [11064], [25529], [25], [6979], [264], [8500], [323], [2874], [911], [43893], [34784], [15516], [13], [49795], [11064], [25529], [25], [6979], [264], [8500], [323], [2874], [911], [43893], [34784], [15516], [13], [49795], [11064], [25529], [25], [6979], [264], [8500], [323], [2874], [911], [43893], [34784], [15516], [13], [49795], [11064], [25529], [25], [6979], [264], [8500], [323], [2874], [911], [43893], [34784], [15516], [13], [49795], [11064], [25529], [25], [6979], [264], [8500], [323], [2874], [911], [43893], [34784], [15516], [13], [49795], [11064], [25529], [25], [6979], [264], [8500], [323], [2874], [911], [43893], [34784], [15516], [13], [49795], [11064], [25529], [25], [6979], [264], [8500], [323], [2874], [911], [43893], [34784], [15516], [13], [49795], [11064], [25529], [25], [6979], [264], [8500], [323], [2874], [911], [43893], [34784], [15516], [13], [49795], [11064], [25529], [25], [6979], [264], [8500], [323], [2874], [911], [43893], [34784], [15516], [13], [49795], [11064], [25529], [25], [6979], [264], [8500], [323], [2874], [911], [43893], [34784], [15516], [13], [49795], [11064], [25529], [25], [6979], [264], [8500], [323], [2874], [911], [43893], [34784], [15516], [13], [49795], [11064], [25529], [25], [6979], [264], [8500], [323], [2874], [911], [43893], [34784], [15516], [13], [49795], [11064], [25529], [25], [6979], [264], [8500], [323], [2874], [911], [43893], [34784], [15516], [13], [49795], [11064], [25529], [25], [6979], [264], [8500], [323], [2874], [911], [43893], [34784], [15516], [13], [49795], [11064], [25529], [25], [6979], [264], [8500], [323], [2874], [911], [43893], [34784], [15516], [13], [49795], [11064], [25529], [25], [6979], [264], [8500], [323], [2874], [911], [43893], [34784], [15516], [13], [49795], [11064], [25529], [25], [6979], [264], [8500], [323], [2874], [911], [43893], [34784], [15516], [13], [49795], [11064], [25529], [25], [6979], [264], [8500], [323], [2874], [911], [43893], [34784], [15516], [13], [49795], [11064], [25529], [25], [6979], [264], [8500], [323], [2874], [911], [43893], [34784], [15516], [13], [49795], [11064], [25529], [25], [6979]]",False,221ed25c430f13478156e65a921ce578d98468084daf220ea8870265b071d743,True,
long_decode_CAUSAL_gpu6_ctx2048_b1_dec1024_measured3,2026-08-28T01:00:03+0800,measured,2,6,GPU-f9be145a-d8d5-a2e1-3c42-72047878fcf8,CAUSAL,Qwen3-8B,/home/qinch2023/modelscope_models/Qwen3-8B,2048,1,1024,1,CUDA_COMPRESSED_LEGACY,sdpa,torch.float16,305.2127685546875,3.2764028999685237,312537.875,1024,"{'historical_fp16_k_materialization_calls': 0, 'historical_fp16_k_materialized_bytes': 0, 'historical_fp16_v_materialization_calls': 0, 'historical_fp16_v_materialized_bytes': 0, 'page_local_v_materialization_calls': 0, 'page_local_v_materialized_bytes': 0, 'serial_request_forward_dispatches': 0, 'serial_attention_dispatches': 0, 'fallback_count': 0, 'prefill_calls': 0, 'prefill_tokens': 0, 'refill_calls': 0, 'membership_changes': 0, 'page_batch_page_batch_decode_calls': 0, 'page_batch_page_batch_pack_calls': 288, 'page_batch_logical_pages_processed': 0, 'page_batch_v2_pages_processed': 0, 'page_batch_v4_pages_processed': 0, 'page_batch_v2_tokens_processed': 0, 'page_batch_v4_tokens_processed': 0, 'page_batch_page_value_materialization_calls': 0, 'page_batch_page_value_materialized_bytes': 0, 'page_batch_historical_v_materialization_bytes': 0, 'page_batch_python_serial_b1_dispatches': 0, 'page_batch_host_sync_item_calls': 0, 'page_batch_gpu_tensor_item_calls': 0, 'page_batch_matmul_calls': 0, 'page_batch_accumulate_calls': 0, 'page_batch_attention_slice_calls': 0, 'page_batch_repeat_kv_calls': 0, 'real_decode_real_decode_steps': 0, 'real_decode_fused_page_operator_calls': 0, 'real_decode_legacy_mixed_v_operator_calls': 36864, 'real_decode_serial_b1_dispatches': 0, 'real_decode_operator_ready_pool_full_rebuilds': 0, 'real_decode_operator_ready_pool_incremental_updates': 288, 'real_decode_new_pages_allocated': 288, 'real_decode_page_value_materialization_bytes': 0, 'real_decode_historical_v_materialization_bytes': 0, 'real_decode_gpu_tensor_item_calls_hot_path': 0, 'real_decode_python_page_dispatches': 0}","[[25], [6979], [264], [8500], [323], [2874], [911], [43893], [34784], [15516], [13], [49795], [11064], [25529], [25], [6979], [264], [8500], [323], [2874], [911], [43893], [34784], [15516], [13], [49795], [11064], [25529], [25], [6979], [264], [8500], [323], [2874], [911], [43893], [34784], [15516], [13], [49795], [11064], [25529], [25], [6979], [264], [8500], [323], [2874], [911], [43893], [34784], [15516], [13], [49795], [11064], [25529], [25], [6979], [264], [8500], [323], [2874], [911], [43893], [34784], [15516], [13], [49795], [11064], [25529], [25], [6979], [264], [8500], [323], [2874], [911], [43893], [34784], [15516], [13], [49795], [11064], [25529], [25], [6979], [264], [8500], [323], [2874], [911], [43893], [34784], [15516], [13], [49795], [11064], [25529], [25], [6979], [264], [8500], [323], [2874], [911], [43893], [34784], [15516], [13], [49795], [11064], [25529], [25], [6979], [264], [8500], [323], [2874], [911], [43893], [34784], [15516], [13], [49795], [11064], [25529], [25], [6979], [264], [8500], [323], [2874], [911], [43893], [34784], [15516], [13], [49795], [11064], [25529], [25], [6979], [264], [8500], [323], [2874], [911], [43893], [34784], [15516], [13], [49795], [11064], [25529], [25], [6979], [264], [8500], [323], [2874], [911], [43893], [34784], [15516], [13], [49795], [11064], [25529], [25], [6979], [264], [8500], [323], [2874], [911], [43893], [34784], [15516], [13], [49795], [11064], [25529], [25], [6979], [264], [8500], [323], [2874], [911], [43893], [34784], [15516], [13], [49795], [11064], [25529], [25], [6979], [264], [8500], [323], [2874], [911], [43893], [34784], [15516], [13], [49795], [11064], [25529], [25], [6979], [264], [8500], [323], [2874], [911], [43893], [34784], [15516], [13], [49795], [11064], [25529], [25], [6979], [264], [8500], [323], [2874], [911], [43893], [34784], [15516], [13], [49795], [11064], [25529], [25], [6979], [264], [8500], [323], [2874], [911], [43893], [34784], [15516], [13], [49795], [11064], [25529], [25], [6979], [264], [8500], [323], [2874], [911], [43893], [34784], [15516], [13], [49795], [11064], [25529], [25], [6979], [264], [8500], [323], [2874], [911], [43893], [34784], [15516], [13], [49795], [11064], [25529], [25], [6979], [264], [8500], [323], [2874], [911], [43893], [34784], [15516], [13], [49795], [11064], [25529], [25], [6979], [264], [8500], [323], [2874], [911], [43893], [34784], [15516], [13], [49795], [11064], [25529], [25], [6979], [264], [8500], [323], [2874], [911], [43893], [34784], [15516], [13], [49795], [11064], [25529], [25], [6979], [264], [8500], [323], [2874], [911], [43893], [34784], [15516], [13], [49795], [11064], [25529], [25], [6979], [264], [8500], [323], [2874], [911], [43893], [34784], [15516], [13], [49795], [11064], [25529], [25], [6979], [264], [8500], [323], [2874], [911], [43893], [34784], [15516], [13], [49795], [11064], [25529], [25], [6979], [264], [8500], [323], [2874], [911], [43893], [34784], [15516], [13], [49795], [11064], [25529], [25], [6979], [264], [8500], [323], [2874], [911], [43893], [34784], [15516], [13], [49795], [11064], [25529], [25], [6979], [264], [8500], [323], [2874], [911], [43893], [34784], [15516], [13], [49795], [11064], [25529], [25], [6979], [264], [8500], [323], [2874], [911], [43893], [34784], [15516], [13], [49795], [11064], [25529], [25], [6979], [264], [8500], [323], [2874], [911], [43893], [34784], [15516], [13], [49795], [11064], [25529], [25], [6979], [264], [8500], [323], [2874], [911], [43893], [34784], [15516], [13], [49795], [11064], [25529], [25], [6979], [264], [8500], [323], [2874], [911], [43893], [34784], [15516], [13], [49795], [11064], [25529], [25], [6979], [264], [8500], [323], [2874], [911], [43893], [34784], [15516], [13], [49795], [11064], [25529], [25], [6979], [264], [8500], [323], [2874], [911], [43893], [34784], [15516], [13], [49795], [11064], [25529], [25], [6979], [264], [8500], [323], [2874], [911], [43893], [34784], [15516], [13], [49795], [11064], [25529], [25], [6979], [264], [8500], [323], [2874], [911], [43893], [34784], [15516], [13], [49795], [11064], [25529], [25], [6979], [264], [8500], [323], [2874], [911], [43893], [34784], [15516], [13], [49795], [11064], [25529], [25], [6979], [264], [8500], [323], [2874], [911], [43893], [34784], [15516], [13], [49795], [11064], [25529], [25], [6979], [264], [8500], [323], [2874], [911], [43893], [34784], [15516], [13], [49795], [11064], [25529], [25], [6979], [264], [8500], [323], [2874], [911], [43893], [34784], [15516], [13], [49795], [11064], [25529], [25], [6979], [264], [8500], [323], [2874], [911], [43893], [34784], [15516], [13], [49795], [11064], [25529], [25], [6979], [264], [8500], [323], [2874], [911], [43893], [34784], [15516], [13], [49795], [11064], [25529], [25], [6979], [264], [8500], [323], [2874], [911], [43893], [34784], [15516], [13], [49795], [11064], [25529], [25], [6979], [264], [8500], [323], [2874], [911], [43893], [34784], [15516], [13], [49795], [11064], [25529], [25], [6979], [264], [8500], [323], [2874], [911], [43893], [34784], [15516], [13], [49795], [11064], [25529], [25], [6979], [264], [8500], [323], [2874], [911], [43893], [34784], [15516], [13], [49795], [11064], [25529], [25], [6979], [264], [8500], [323], [2874], [911], [43893], [34784], [15516], [13], [49795], [11064], [25529], [25], [6979], [264], [8500], [323], [2874], [911], [43893], [34784], [15516], [13], [49795], [11064], [25529], [25], [6979], [264], [8500], [323], [2874], [911], [43893], [34784], [15516], [13], [49795], [11064], [25529], [25], [6979], [264], [8500], [323], [2874], [911], [43893], [34784], [15516], [13], [49795], [11064], [25529], [25], [6979], [264], [8500], [323], [2874], [911], [43893], [34784], [15516], [13], [49795], [11064], [25529], [25], [6979], [264], [8500], [323], [2874], [911], [43893], [34784], [15516], [13], [49795], [11064], [25529], [25], [6979], [264], [8500], [323], [2874], [911], [43893], [34784], [15516], [13], [49795], [11064], [25529], [25], [6979], [264], [8500], [323], [2874], [911], [43893], [34784], [15516], [13], [49795], [11064], [25529], [25], [6979], [264], [8500], [323], [2874], [911], [43893], [34784], [15516], [13], [49795], [11064], [25529], [25], [6979], [264], [8500], [323], [2874], [911], [43893], [34784], [15516], [13], [49795], [11064], [25529], [25], [6979], [264], [8500], [323], [2874], [911], [43893], [34784], [15516], [13], [49795], [11064], [25529], [25], [6979], [264], [8500], [323], [2874], [911], [43893], [34784], [15516], [13], [49795], [11064], [25529], [25], [6979], [264], [8500], [323], [2874], [911], [43893], [34784], [15516], [13], [49795], [11064], [25529], [25], [6979], [264], [8500], [323], [2874], [911], [43893], [34784], [15516], [13], [49795], [11064], [25529], [25], [6979], [264], [8500], [323], [2874], [911], [43893], [34784], [15516], [13], [49795], [11064], [25529], [25], [6979], [264], [8500], [323], [2874], [911], [43893], [34784], [15516], [13], [49795], [11064], [25529], [25], [6979], [264], [8500], [323], [2874], [911], [43893], [34784], [15516], [13], [49795], [11064], [25529], [25], [6979], [264], [8500], [323], [2874], [911], [43893], [34784], [15516], [13], [49795], [11064], [25529], [25], [6979], [264], [8500], [323], [2874], [911], [43893], [34784], [15516], [13], [49795], [11064], [25529], [25], [6979], [264], [8500], [323], [2874], [911], [43893], [34784], [15516], [13], [49795], [11064], [25529], [25], [6979], [264], [8500], [323], [2874], [911], [43893], [34784], [15516], [13], [49795], [11064], [25529], [25], [6979], [264], [8500], [323], [2874], [911], [43893], [34784], [15516], [13], [49795], [11064], [25529], [25], [6979], [264], [8500], [323], [2874], [911], [43893], [34784], [15516], [13], [49795], [11064], [25529], [25], [6979], [264], [8500], [323], [2874], [911], [43893], [34784], [15516], [13], [49795], [11064], [25529], [25], [6979], [264], [8500], [323], [2874], [911], [43893], [34784], [15516], [13], [49795], [11064], [25529], [25], [6979], [264], [8500], [323], [2874], [911], [43893], [34784], [15516], [13], [49795], [11064], [25529], [25], [6979]]",False,221ed25c430f13478156e65a921ce578d98468084daf220ea8870265b071d743,True,
