accumulation_gap,accumulation_metric_schema_version,checkpoint,config,layer,matched_path_control_version,metric_name,pseudo_value,source_commit,static_value,task_key,trajectory_sha256
-1.1920928955078125e-07,matched_path_accumulation_v1,128,kivi_paper_g128,final,v1,hidden_cosine_loss,2.205371856689453e-06,232e3b08d10919ca24932ad0a0135e46119ecfd5,2.3245811462402344e-06,aime24:p12:s0:seed12042,7754635042ebef112c4b83e17b7500a20db8f14bba0fb44fd8575864e04baa05
1.2018019333481789e-05,matched_path_accumulation_v1,128,kivi_paper_g128,final,v1,hidden_relative_L2,0.0020886568818241358,232e3b08d10919ca24932ad0a0135e46119ecfd5,0.002076638862490654,aime24:p12:s0:seed12042,7754635042ebef112c4b83e17b7500a20db8f14bba0fb44fd8575864e04baa05
1.2018019333481789e-05,matched_path_accumulation_v1,128,kivi_paper_g128,final,v1,attention_output_relative_L2,0.0020886568818241358,232e3b08d10919ca24932ad0a0135e46119ecfd5,0.002076638862490654,aime24:p12:s0:seed12042,7754635042ebef112c4b83e17b7500a20db8f14bba0fb44fd8575864e04baa05
1.662789905765294e-08,matched_path_accumulation_v1,128,kivi_paper_g128,final,v1,next_token_KL,1.662789905765294e-08,232e3b08d10919ca24932ad0a0135e46119ecfd5,0.0,aime24:p12:s0:seed12042,7754635042ebef112c4b83e17b7500a20db8f14bba0fb44fd8575864e04baa05
-1.3964607248340144e-10,matched_path_accumulation_v1,128,kivi_paper_g128,final,v1,next_token_JS,9.671596856719589e-11,232e3b08d10919ca24932ad0a0135e46119ecfd5,2.3636204105059733e-10,aime24:p12:s0:seed12042,7754635042ebef112c4b83e17b7500a20db8f14bba0fb44fd8575864e04baa05
1.1920838005607948e-07,matched_path_accumulation_v1,128,kivi_paper_g128,final,v1,target_token_NLL_delta,0.0,232e3b08d10919ca24932ad0a0135e46119ecfd5,-1.1920838005607948e-07,aime24:p12:s0:seed12042,7754635042ebef112c4b83e17b7500a20db8f14bba0fb44fd8575864e04baa05
0.0,matched_path_accumulation_v1,128,kivi_paper_g128,final,v1,top1_disagreement,0.0,232e3b08d10919ca24932ad0a0135e46119ecfd5,0.0,aime24:p12:s0:seed12042,7754635042ebef112c4b83e17b7500a20db8f14bba0fb44fd8575864e04baa05
-0.00390625,matched_path_accumulation_v1,128,kivi_paper_g128,final,v1,logit_max_abs_diff,0.01953125,232e3b08d10919ca24932ad0a0135e46119ecfd5,0.0234375,aime24:p12:s0:seed12042,7754635042ebef112c4b83e17b7500a20db8f14bba0fb44fd8575864e04baa05
0.12717550992965698,matched_path_accumulation_v1,512,kivi_paper_g128,final,v1,hidden_cosine_loss,0.12717831134796143,232e3b08d10919ca24932ad0a0135e46119ecfd5,2.8014183044433594e-06,aime24:p12:s0:seed12042,7754635042ebef112c4b83e17b7500a20db8f14bba0fb44fd8575864e04baa05
0.4930755221284926,matched_path_accumulation_v1,512,kivi_paper_g128,final,v1,hidden_relative_L2,0.4954034984111786,232e3b08d10919ca24932ad0a0135e46119ecfd5,0.002327976282685995,aime24:p12:s0:seed12042,7754635042ebef112c4b83e17b7500a20db8f14bba0fb44fd8575864e04baa05
0.4930755221284926,matched_path_accumulation_v1,512,kivi_paper_g128,final,v1,attention_output_relative_L2,0.4954034984111786,232e3b08d10919ca24932ad0a0135e46119ecfd5,0.002327976282685995,aime24:p12:s0:seed12042,7754635042ebef112c4b83e17b7500a20db8f14bba0fb44fd8575864e04baa05
6.311258954383447e-05,matched_path_accumulation_v1,512,kivi_paper_g128,final,v1,next_token_KL,6.347902672132477e-05,232e3b08d10919ca24932ad0a0135e46119ecfd5,3.6643717749029747e-07,aime24:p12:s0:seed12042,7754635042ebef112c4b83e17b7500a20db8f14bba0fb44fd8575864e04baa05
2.0969629932920952e-05,matched_path_accumulation_v1,512,kivi_paper_g128,final,v1,next_token_JS,2.1012079741922207e-05,232e3b08d10919ca24932ad0a0135e46119ecfd5,4.2449809001254835e-08,aime24:p12:s0:seed12042,7754635042ebef112c4b83e17b7500a20db8f14bba0fb44fd8575864e04baa05
-0.00010190915782004595,matched_path_accumulation_v1,512,kivi_paper_g128,final,v1,target_token_NLL_delta,-8.083740249276161e-05,232e3b08d10919ca24932ad0a0135e46119ecfd5,2.1071755327284336e-05,aime24:p12:s0:seed12042,7754635042ebef112c4b83e17b7500a20db8f14bba0fb44fd8575864e04baa05
0.0,matched_path_accumulation_v1,512,kivi_paper_g128,final,v1,top1_disagreement,0.0,232e3b08d10919ca24932ad0a0135e46119ecfd5,0.0,aime24:p12:s0:seed12042,7754635042ebef112c4b83e17b7500a20db8f14bba0fb44fd8575864e04baa05
5.568359375,matched_path_accumulation_v1,512,kivi_paper_g128,final,v1,logit_max_abs_diff,5.58984375,232e3b08d10919ca24932ad0a0135e46119ecfd5,0.021484375,aime24:p12:s0:seed12042,7754635042ebef112c4b83e17b7500a20db8f14bba0fb44fd8575864e04baa05
0.07788640260696411,matched_path_accumulation_v1,1024,kivi_paper_g128,final,v1,hidden_cosine_loss,0.0778886079788208,232e3b08d10919ca24932ad0a0135e46119ecfd5,2.205371856689453e-06,aime24:p12:s0:seed12042,7754635042ebef112c4b83e17b7500a20db8f14bba0fb44fd8575864e04baa05
0.3915023684967309,matched_path_accumulation_v1,1024,kivi_paper_g128,final,v1,hidden_relative_L2,0.3935371935367584,232e3b08d10919ca24932ad0a0135e46119ecfd5,0.002034825040027499,aime24:p12:s0:seed12042,7754635042ebef112c4b83e17b7500a20db8f14bba0fb44fd8575864e04baa05
0.3915023684967309,matched_path_accumulation_v1,1024,kivi_paper_g128,final,v1,attention_output_relative_L2,0.3935371935367584,232e3b08d10919ca24932ad0a0135e46119ecfd5,0.002034825040027499,aime24:p12:s0:seed12042,7754635042ebef112c4b83e17b7500a20db8f14bba0fb44fd8575864e04baa05
0.013135006855407028,matched_path_accumulation_v1,1024,kivi_paper_g128,final,v1,next_token_KL,0.013135022483766079,232e3b08d10919ca24932ad0a0135e46119ecfd5,1.5628359051333973e-08,aime24:p12:s0:seed12042,7754635042ebef112c4b83e17b7500a20db8f14bba0fb44fd8575864e04baa05
0.004092918862898642,matched_path_accumulation_v1,1024,kivi_paper_g128,final,v1,next_token_JS,0.004092957824468613,232e3b08d10919ca24932ad0a0135e46119ecfd5,3.8961569970297205e-08,aime24:p12:s0:seed12042,7754635042ebef112c4b83e17b7500a20db8f14bba0fb44fd8575864e04baa05
0.020410087890923023,matched_path_accumulation_v1,1024,kivi_paper_g128,final,v1,target_token_NLL_delta,0.02040344849228859,232e3b08d10919ca24932ad0a0135e46119ecfd5,-6.639398634433746e-06,aime24:p12:s0:seed12042,7754635042ebef112c4b83e17b7500a20db8f14bba0fb44fd8575864e04baa05
0.0,matched_path_accumulation_v1,1024,kivi_paper_g128,final,v1,top1_disagreement,0.0,232e3b08d10919ca24932ad0a0135e46119ecfd5,0.0,aime24:p12:s0:seed12042,7754635042ebef112c4b83e17b7500a20db8f14bba0fb44fd8575864e04baa05
3.791015625,matched_path_accumulation_v1,1024,kivi_paper_g128,final,v1,logit_max_abs_diff,3.814453125,232e3b08d10919ca24932ad0a0135e46119ecfd5,0.0234375,aime24:p12:s0:seed12042,7754635042ebef112c4b83e17b7500a20db8f14bba0fb44fd8575864e04baa05
0.059113264083862305,matched_path_accumulation_v1,2048,kivi_paper_g128,final,v1,hidden_cosine_loss,0.05911517143249512,232e3b08d10919ca24932ad0a0135e46119ecfd5,1.9073486328125e-06,aime24:p12:s0:seed12042,7754635042ebef112c4b83e17b7500a20db8f14bba0fb44fd8575864e04baa05
0.3405921452213079,matched_path_accumulation_v1,2048,kivi_paper_g128,final,v1,hidden_relative_L2,0.3423386216163635,232e3b08d10919ca24932ad0a0135e46119ecfd5,0.0017464763950556517,aime24:p12:s0:seed12042,7754635042ebef112c4b83e17b7500a20db8f14bba0fb44fd8575864e04baa05
0.3405921452213079,matched_path_accumulation_v1,2048,kivi_paper_g128,final,v1,attention_output_relative_L2,0.3423386216163635,232e3b08d10919ca24932ad0a0135e46119ecfd5,0.0017464763950556517,aime24:p12:s0:seed12042,7754635042ebef112c4b83e17b7500a20db8f14bba0fb44fd8575864e04baa05
0.04510846139455715,matched_path_accumulation_v1,2048,kivi_paper_g128,final,v1,next_token_KL,0.04510847106575966,232e3b08d10919ca24932ad0a0135e46119ecfd5,9.671202505501242e-09,aime24:p12:s0:seed12042,7754635042ebef112c4b83e17b7500a20db8f14bba0fb44fd8575864e04baa05
0.010823568030282615,matched_path_accumulation_v1,2048,kivi_paper_g128,final,v1,next_token_JS,0.010823607444763184,232e3b08d10919ca24932ad0a0135e46119ecfd5,3.941448056821173e-08,aime24:p12:s0:seed12042,7754635042ebef112c4b83e17b7500a20db8f14bba0fb44fd8575864e04baa05
-0.09279543161392212,matched_path_accumulation_v1,2048,kivi_paper_g128,final,v1,target_token_NLL_delta,-0.09279483556747437,232e3b08d10919ca24932ad0a0135e46119ecfd5,5.960464477539062e-07,aime24:p12:s0:seed12042,7754635042ebef112c4b83e17b7500a20db8f14bba0fb44fd8575864e04baa05
0.0,matched_path_accumulation_v1,2048,kivi_paper_g128,final,v1,top1_disagreement,0.0,232e3b08d10919ca24932ad0a0135e46119ecfd5,0.0,aime24:p12:s0:seed12042,7754635042ebef112c4b83e17b7500a20db8f14bba0fb44fd8575864e04baa05
3.77734375,matched_path_accumulation_v1,2048,kivi_paper_g128,final,v1,logit_max_abs_diff,3.796875,232e3b08d10919ca24932ad0a0135e46119ecfd5,0.01953125,aime24:p12:s0:seed12042,7754635042ebef112c4b83e17b7500a20db8f14bba0fb44fd8575864e04baa05
0.09974420070648193,matched_path_accumulation_v1,4096,kivi_paper_g128,final,v1,hidden_cosine_loss,0.09974592924118042,232e3b08d10919ca24932ad0a0135e46119ecfd5,1.7285346984863281e-06,aime24:p12:s0:seed12042,7754635042ebef112c4b83e17b7500a20db8f14bba0fb44fd8575864e04baa05
0.4435439774533734,matched_path_accumulation_v1,4096,kivi_paper_g128,final,v1,hidden_relative_L2,0.44528499245643616,232e3b08d10919ca24932ad0a0135e46119ecfd5,0.0017410150030627847,aime24:p12:s0:seed12042,7754635042ebef112c4b83e17b7500a20db8f14bba0fb44fd8575864e04baa05
0.4435439774533734,matched_path_accumulation_v1,4096,kivi_paper_g128,final,v1,attention_output_relative_L2,0.44528499245643616,232e3b08d10919ca24932ad0a0135e46119ecfd5,0.0017410150030627847,aime24:p12:s0:seed12042,7754635042ebef112c4b83e17b7500a20db8f14bba0fb44fd8575864e04baa05
0.05605767016641039,matched_path_accumulation_v1,4096,kivi_paper_g128,final,v1,next_token_KL,0.05605915188789368,232e3b08d10919ca24932ad0a0135e46119ecfd5,1.4817214832874015e-06,aime24:p12:s0:seed12042,7754635042ebef112c4b83e17b7500a20db8f14bba0fb44fd8575864e04baa05
0.016788631633914974,matched_path_accumulation_v1,4096,kivi_paper_g128,final,v1,next_token_JS,0.016788924112915993,232e3b08d10919ca24932ad0a0135e46119ecfd5,2.924790010183642e-07,aime24:p12:s0:seed12042,7754635042ebef112c4b83e17b7500a20db8f14bba0fb44fd8575864e04baa05
0.11383086442947388,matched_path_accumulation_v1,4096,kivi_paper_g128,final,v1,target_token_NLL_delta,0.11375176161527634,232e3b08d10919ca24932ad0a0135e46119ecfd5,-7.910281419754028e-05,aime24:p12:s0:seed12042,7754635042ebef112c4b83e17b7500a20db8f14bba0fb44fd8575864e04baa05
0.0,matched_path_accumulation_v1,4096,kivi_paper_g128,final,v1,top1_disagreement,0.0,232e3b08d10919ca24932ad0a0135e46119ecfd5,0.0,aime24:p12:s0:seed12042,7754635042ebef112c4b83e17b7500a20db8f14bba0fb44fd8575864e04baa05
4.8349609375,matched_path_accumulation_v1,4096,kivi_paper_g128,final,v1,logit_max_abs_diff,4.8515625,232e3b08d10919ca24932ad0a0135e46119ecfd5,0.0166015625,aime24:p12:s0:seed12042,7754635042ebef112c4b83e17b7500a20db8f14bba0fb44fd8575864e04baa05
1.7881393432617188e-07,matched_path_accumulation_v1,128,kivi_paper_g128,final,v1,hidden_cosine_loss,1.7881393432617188e-06,232e3b08d10919ca24932ad0a0135e46119ecfd5,1.6093254089355469e-06,aime24:p14:s0:seed14042,985f71725748f372cf08d2f249fcbd5c6d3dac5efa97289e418dbb154a727e3d
9.17213037610054e-06,matched_path_accumulation_v1,128,kivi_paper_g128,final,v1,hidden_relative_L2,0.0017732562264427543,232e3b08d10919ca24932ad0a0135e46119ecfd5,0.0017640840960666537,aime24:p14:s0:seed14042,985f71725748f372cf08d2f249fcbd5c6d3dac5efa97289e418dbb154a727e3d
9.17213037610054e-06,matched_path_accumulation_v1,128,kivi_paper_g128,final,v1,attention_output_relative_L2,0.0017732562264427543,232e3b08d10919ca24932ad0a0135e46119ecfd5,0.0017640840960666537,aime24:p14:s0:seed14042,985f71725748f372cf08d2f249fcbd5c6d3dac5efa97289e418dbb154a727e3d
1.7929282591921947e-07,matched_path_accumulation_v1,128,kivi_paper_g128,final,v1,next_token_KL,1.7929282591921947e-07,232e3b08d10919ca24932ad0a0135e46119ecfd5,0.0,aime24:p14:s0:seed14042,985f71725748f372cf08d2f249fcbd5c6d3dac5efa97289e418dbb154a727e3d
8.485270086566743e-08,matched_path_accumulation_v1,128,kivi_paper_g128,final,v1,next_token_JS,8.485270086566743e-08,232e3b08d10919ca24932ad0a0135e46119ecfd5,0.0,aime24:p14:s0:seed14042,985f71725748f372cf08d2f249fcbd5c6d3dac5efa97289e418dbb154a727e3d
2.0193634554743767e-05,matched_path_accumulation_v1,128,kivi_paper_g128,final,v1,target_token_NLL_delta,2.1500280126929283e-05,232e3b08d10919ca24932ad0a0135e46119ecfd5,1.3066455721855164e-06,aime24:p14:s0:seed14042,985f71725748f372cf08d2f249fcbd5c6d3dac5efa97289e418dbb154a727e3d
0.0,matched_path_accumulation_v1,128,kivi_paper_g128,final,v1,top1_disagreement,0.0,232e3b08d10919ca24932ad0a0135e46119ecfd5,0.0,aime24:p14:s0:seed14042,985f71725748f372cf08d2f249fcbd5c6d3dac5efa97289e418dbb154a727e3d
0.00390625,matched_path_accumulation_v1,128,kivi_paper_g128,final,v1,logit_max_abs_diff,0.01953125,232e3b08d10919ca24932ad0a0135e46119ecfd5,0.015625,aime24:p14:s0:seed14042,985f71725748f372cf08d2f249fcbd5c6d3dac5efa97289e418dbb154a727e3d
0.0872378945350647,matched_path_accumulation_v1,512,kivi_paper_g128,final,v1,hidden_cosine_loss,0.08724051713943481,232e3b08d10919ca24932ad0a0135e46119ecfd5,2.6226043701171875e-06,aime24:p14:s0:seed14042,985f71725748f372cf08d2f249fcbd5c6d3dac5efa97289e418dbb154a727e3d
0.4138565312605351,matched_path_accumulation_v1,512,kivi_paper_g128,final,v1,hidden_relative_L2,0.41599899530410767,232e3b08d10919ca24932ad0a0135e46119ecfd5,0.002142464043572545,aime24:p14:s0:seed14042,985f71725748f372cf08d2f249fcbd5c6d3dac5efa97289e418dbb154a727e3d
0.4138565312605351,matched_path_accumulation_v1,512,kivi_paper_g128,final,v1,attention_output_relative_L2,0.41599899530410767,232e3b08d10919ca24932ad0a0135e46119ecfd5,0.002142464043572545,aime24:p14:s0:seed14042,985f71725748f372cf08d2f249fcbd5c6d3dac5efa97289e418dbb154a727e3d
0.03255750685775638,matched_path_accumulation_v1,512,kivi_paper_g128,final,v1,next_token_KL,0.032562170177698135,232e3b08d10919ca24932ad0a0135e46119ecfd5,4.663319941755617e-06,aime24:p14:s0:seed14042,985f71725748f372cf08d2f249fcbd5c6d3dac5efa97289e418dbb154a727e3d
0.009431044369421215,matched_path_accumulation_v1,512,kivi_paper_g128,final,v1,next_token_JS,0.0094322320073843,232e3b08d10919ca24932ad0a0135e46119ecfd5,1.1876379630848533e-06,aime24:p14:s0:seed14042,985f71725748f372cf08d2f249fcbd5c6d3dac5efa97289e418dbb154a727e3d
0.07598382234573364,matched_path_accumulation_v1,512,kivi_paper_g128,final,v1,target_token_NLL_delta,0.07541172951459885,232e3b08d10919ca24932ad0a0135e46119ecfd5,-0.0005720928311347961,aime24:p14:s0:seed14042,985f71725748f372cf08d2f249fcbd5c6d3dac5efa97289e418dbb154a727e3d
0.0,matched_path_accumulation_v1,512,kivi_paper_g128,final,v1,top1_disagreement,0.0,232e3b08d10919ca24932ad0a0135e46119ecfd5,0.0,aime24:p14:s0:seed14042,985f71725748f372cf08d2f249fcbd5c6d3dac5efa97289e418dbb154a727e3d
3.8095703125,matched_path_accumulation_v1,512,kivi_paper_g128,final,v1,logit_max_abs_diff,3.8271484375,232e3b08d10919ca24932ad0a0135e46119ecfd5,0.017578125,aime24:p14:s0:seed14042,985f71725748f372cf08d2f249fcbd5c6d3dac5efa97289e418dbb154a727e3d
0.12294560670852661,matched_path_accumulation_v1,1024,kivi_paper_g128,final,v1,hidden_cosine_loss,0.12294894456863403,232e3b08d10919ca24932ad0a0135e46119ecfd5,3.337860107421875e-06,aime24:p14:s0:seed14042,985f71725748f372cf08d2f249fcbd5c6d3dac5efa97289e418dbb154a727e3d
0.48734063073061407,matched_path_accumulation_v1,1024,kivi_paper_g128,final,v1,hidden_relative_L2,0.4898115396499634,232e3b08d10919ca24932ad0a0135e46119ecfd5,0.0024709089193493128,aime24:p14:s0:seed14042,985f71725748f372cf08d2f249fcbd5c6d3dac5efa97289e418dbb154a727e3d
0.48734063073061407,matched_path_accumulation_v1,1024,kivi_paper_g128,final,v1,attention_output_relative_L2,0.4898115396499634,232e3b08d10919ca24932ad0a0135e46119ecfd5,0.0024709089193493128,aime24:p14:s0:seed14042,985f71725748f372cf08d2f249fcbd5c6d3dac5efa97289e418dbb154a727e3d
6.145755754749516e-06,matched_path_accumulation_v1,1024,kivi_paper_g128,final,v1,next_token_KL,6.148523880256107e-06,232e3b08d10919ca24932ad0a0135e46119ecfd5,2.7681255065914456e-09,aime24:p14:s0:seed14042,985f71725748f372cf08d2f249fcbd5c6d3dac5efa97289e418dbb154a727e3d
1.805029999635277e-06,matched_path_accumulation_v1,1024,kivi_paper_g128,final,v1,next_token_JS,1.8051653114525834e-06,232e3b08d10919ca24932ad0a0135e46119ecfd5,1.3531181730641606e-10,aime24:p14:s0:seed14042,985f71725748f372cf08d2f249fcbd5c6d3dac5efa97289e418dbb154a727e3d
1.3947231309430208e-05,matched_path_accumulation_v1,1024,kivi_paper_g128,final,v1,target_token_NLL_delta,1.3947231309430208e-05,232e3b08d10919ca24932ad0a0135e46119ecfd5,0.0,aime24:p14:s0:seed14042,985f71725748f372cf08d2f249fcbd5c6d3dac5efa97289e418dbb154a727e3d
0.0,matched_path_accumulation_v1,1024,kivi_paper_g128,final,v1,top1_disagreement,0.0,232e3b08d10919ca24932ad0a0135e46119ecfd5,0.0,aime24:p14:s0:seed14042,985f71725748f372cf08d2f249fcbd5c6d3dac5efa97289e418dbb154a727e3d
3.8466796875,matched_path_accumulation_v1,1024,kivi_paper_g128,final,v1,logit_max_abs_diff,3.8662109375,232e3b08d10919ca24932ad0a0135e46119ecfd5,0.01953125,aime24:p14:s0:seed14042,985f71725748f372cf08d2f249fcbd5c6d3dac5efa97289e418dbb154a727e3d
0.08726203441619873,matched_path_accumulation_v1,2048,kivi_paper_g128,final,v1,hidden_cosine_loss,0.08726656436920166,232e3b08d10919ca24932ad0a0135e46119ecfd5,4.5299530029296875e-06,aime24:p14:s0:seed14042,985f71725748f372cf08d2f249fcbd5c6d3dac5efa97289e418dbb154a727e3d
0.4240100609604269,matched_path_accumulation_v1,2048,kivi_paper_g128,final,v1,hidden_relative_L2,0.4268375039100647,232e3b08d10919ca24932ad0a0135e46119ecfd5,0.0028274429496377707,aime24:p14:s0:seed14042,985f71725748f372cf08d2f249fcbd5c6d3dac5efa97289e418dbb154a727e3d
0.4240100609604269,matched_path_accumulation_v1,2048,kivi_paper_g128,final,v1,attention_output_relative_L2,0.4268375039100647,232e3b08d10919ca24932ad0a0135e46119ecfd5,0.0028274429496377707,aime24:p14:s0:seed14042,985f71725748f372cf08d2f249fcbd5c6d3dac5efa97289e418dbb154a727e3d
0.12606415876166466,matched_path_accumulation_v1,2048,kivi_paper_g128,final,v1,next_token_KL,0.12606628239154816,232e3b08d10919ca24932ad0a0135e46119ecfd5,2.123629883499234e-06,aime24:p14:s0:seed14042,985f71725748f372cf08d2f249fcbd5c6d3dac5efa97289e418dbb154a727e3d
0.03033883986915953,matched_path_accumulation_v1,2048,kivi_paper_g128,final,v1,next_token_JS,0.030339326709508896,232e3b08d10919ca24932ad0a0135e46119ecfd5,4.868403493674123e-07,aime24:p14:s0:seed14042,985f71725748f372cf08d2f249fcbd5c6d3dac5efa97289e418dbb154a727e3d
-0.3435443639755249,matched_path_accumulation_v1,2048,kivi_paper_g128,final,v1,target_token_NLL_delta,-0.34355807304382324,232e3b08d10919ca24932ad0a0135e46119ecfd5,-1.3709068298339844e-05,aime24:p14:s0:seed14042,985f71725748f372cf08d2f249fcbd5c6d3dac5efa97289e418dbb154a727e3d
0.0,matched_path_accumulation_v1,2048,kivi_paper_g128,final,v1,top1_disagreement,0.0,232e3b08d10919ca24932ad0a0135e46119ecfd5,0.0,aime24:p14:s0:seed14042,985f71725748f372cf08d2f249fcbd5c6d3dac5efa97289e418dbb154a727e3d
4.36474609375,matched_path_accumulation_v1,2048,kivi_paper_g128,final,v1,logit_max_abs_diff,4.41162109375,232e3b08d10919ca24932ad0a0135e46119ecfd5,0.046875,aime24:p14:s0:seed14042,985f71725748f372cf08d2f249fcbd5c6d3dac5efa97289e418dbb154a727e3d
0.07484883069992065,matched_path_accumulation_v1,4096,kivi_paper_g128,final,v1,hidden_cosine_loss,0.07485002279281616,232e3b08d10919ca24932ad0a0135e46119ecfd5,1.1920928955078125e-06,aime24:p14:s0:seed14042,985f71725748f372cf08d2f249fcbd5c6d3dac5efa97289e418dbb154a727e3d
0.39963066566269845,matched_path_accumulation_v1,4096,kivi_paper_g128,final,v1,hidden_relative_L2,0.40107154846191406,232e3b08d10919ca24932ad0a0135e46119ecfd5,0.0014408827992156148,aime24:p14:s0:seed14042,985f71725748f372cf08d2f249fcbd5c6d3dac5efa97289e418dbb154a727e3d
0.39963066566269845,matched_path_accumulation_v1,4096,kivi_paper_g128,final,v1,attention_output_relative_L2,0.40107154846191406,232e3b08d10919ca24932ad0a0135e46119ecfd5,0.0014408827992156148,aime24:p14:s0:seed14042,985f71725748f372cf08d2f249fcbd5c6d3dac5efa97289e418dbb154a727e3d
0.46954944883964345,matched_path_accumulation_v1,4096,kivi_paper_g128,final,v1,next_token_KL,0.46956008672714233,232e3b08d10919ca24932ad0a0135e46119ecfd5,1.0637887498887721e-05,aime24:p14:s0:seed14042,985f71725748f372cf08d2f249fcbd5c6d3dac5efa97289e418dbb154a727e3d
0.09241472901067027,matched_path_accumulation_v1,4096,kivi_paper_g128,final,v1,next_token_JS,0.09241732954978943,232e3b08d10919ca24932ad0a0135e46119ecfd5,2.6005391191574745e-06,aime24:p14:s0:seed14042,985f71725748f372cf08d2f249fcbd5c6d3dac5efa97289e418dbb154a727e3d
-0.9236379265785217,matched_path_accumulation_v1,4096,kivi_paper_g128,final,v1,target_token_NLL_delta,-0.9236831068992615,232e3b08d10919ca24932ad0a0135e46119ecfd5,-4.5180320739746094e-05,aime24:p14:s0:seed14042,985f71725748f372cf08d2f249fcbd5c6d3dac5efa97289e418dbb154a727e3d
1.0,matched_path_accumulation_v1,4096,kivi_paper_g128,final,v1,top1_disagreement,1.0,232e3b08d10919ca24932ad0a0135e46119ecfd5,0.0,aime24:p14:s0:seed14042,985f71725748f372cf08d2f249fcbd5c6d3dac5efa97289e418dbb154a727e3d
4.89453125,matched_path_accumulation_v1,4096,kivi_paper_g128,final,v1,logit_max_abs_diff,4.91015625,232e3b08d10919ca24932ad0a0135e46119ecfd5,0.015625,aime24:p14:s0:seed14042,985f71725748f372cf08d2f249fcbd5c6d3dac5efa97289e418dbb154a727e3d
2.980232238769531e-07,matched_path_accumulation_v1,128,kivi_paper_g128,final,v1,hidden_cosine_loss,1.9669532775878906e-06,232e3b08d10919ca24932ad0a0135e46119ecfd5,1.6689300537109375e-06,aime24:p15:s1:seed15043,b3071fe4e912d14e31a543908143a991dbe648bfe13ea6a3db80285f3da15dab
-7.450697012245655e-06,matched_path_accumulation_v1,128,kivi_paper_g128,final,v1,hidden_relative_L2,0.0017232559621334076,232e3b08d10919ca24932ad0a0135e46119ecfd5,0.0017307066591456532,aime24:p15:s1:seed15043,b3071fe4e912d14e31a543908143a991dbe648bfe13ea6a3db80285f3da15dab
-7.450697012245655e-06,matched_path_accumulation_v1,128,kivi_paper_g128,final,v1,attention_output_relative_L2,0.0017232559621334076,232e3b08d10919ca24932ad0a0135e46119ecfd5,0.0017307066591456532,aime24:p15:s1:seed15043,b3071fe4e912d14e31a543908143a991dbe648bfe13ea6a3db80285f3da15dab
1.6154389754774456e-05,matched_path_accumulation_v1,128,kivi_paper_g128,final,v1,next_token_KL,1.6758171113906428e-05,232e3b08d10919ca24932ad0a0135e46119ecfd5,6.037813591319718e-07,aime24:p15:s1:seed15043,b3071fe4e912d14e31a543908143a991dbe648bfe13ea6a3db80285f3da15dab
4.011736436382307e-06,matched_path_accumulation_v1,128,kivi_paper_g128,final,v1,next_token_JS,4.157417606620584e-06,232e3b08d10919ca24932ad0a0135e46119ecfd5,1.4568117023827654e-07,aime24:p15:s1:seed15043,b3071fe4e912d14e31a543908143a991dbe648bfe13ea6a3db80285f3da15dab
-0.0024959146976470947,matched_path_accumulation_v1,128,kivi_paper_g128,final,v1,target_token_NLL_delta,-0.0025550127029418945,232e3b08d10919ca24932ad0a0135e46119ecfd5,-5.9098005294799805e-05,aime24:p15:s1:seed15043,b3071fe4e912d14e31a543908143a991dbe648bfe13ea6a3db80285f3da15dab
0.0,matched_path_accumulation_v1,128,kivi_paper_g128,final,v1,top1_disagreement,0.0,232e3b08d10919ca24932ad0a0135e46119ecfd5,0.0,aime24:p15:s1:seed15043,b3071fe4e912d14e31a543908143a991dbe648bfe13ea6a3db80285f3da15dab
0.0078125,matched_path_accumulation_v1,128,kivi_paper_g128,final,v1,logit_max_abs_diff,0.0234375,232e3b08d10919ca24932ad0a0135e46119ecfd5,0.015625,aime24:p15:s1:seed15043,b3071fe4e912d14e31a543908143a991dbe648bfe13ea6a3db80285f3da15dab
0.14420568943023682,matched_path_accumulation_v1,512,kivi_paper_g128,final,v1,hidden_cosine_loss,0.14420831203460693,232e3b08d10919ca24932ad0a0135e46119ecfd5,2.6226043701171875e-06,aime24:p15:s1:seed15043,b3071fe4e912d14e31a543908143a991dbe648bfe13ea6a3db80285f3da15dab
0.5454725960735232,matched_path_accumulation_v1,512,kivi_paper_g128,final,v1,hidden_relative_L2,0.5475749969482422,232e3b08d10919ca24932ad0a0135e46119ecfd5,0.0021024008747190237,aime24:p15:s1:seed15043,b3071fe4e912d14e31a543908143a991dbe648bfe13ea6a3db80285f3da15dab
0.5454725960735232,matched_path_accumulation_v1,512,kivi_paper_g128,final,v1,attention_output_relative_L2,0.5475749969482422,232e3b08d10919ca24932ad0a0135e46119ecfd5,0.0021024008747190237,aime24:p15:s1:seed15043,b3071fe4e912d14e31a543908143a991dbe648bfe13ea6a3db80285f3da15dab
0.002772608308120539,matched_path_accumulation_v1,512,kivi_paper_g128,final,v1,next_token_KL,0.002772839739918709,232e3b08d10919ca24932ad0a0135e46119ecfd5,2.3143179816997872e-07,aime24:p15:s1:seed15043,b3071fe4e912d14e31a543908143a991dbe648bfe13ea6a3db80285f3da15dab
0.0008928520667730311,matched_path_accumulation_v1,512,kivi_paper_g128,final,v1,next_token_JS,0.00089290551841259,232e3b08d10919ca24932ad0a0135e46119ecfd5,5.34516395589435e-08,aime24:p15:s1:seed15043,b3071fe4e912d14e31a543908143a991dbe648bfe13ea6a3db80285f3da15dab
0.003597207134589553,matched_path_accumulation_v1,512,kivi_paper_g128,final,v1,target_token_NLL_delta,0.0036081704311072826,232e3b08d10919ca24932ad0a0135e46119ecfd5,1.096329651772976e-05,aime24:p15:s1:seed15043,b3071fe4e912d14e31a543908143a991dbe648bfe13ea6a3db80285f3da15dab
0.0,matched_path_accumulation_v1,512,kivi_paper_g128,final,v1,top1_disagreement,0.0,232e3b08d10919ca24932ad0a0135e46119ecfd5,0.0,aime24:p15:s1:seed15043,b3071fe4e912d14e31a543908143a991dbe648bfe13ea6a3db80285f3da15dab
5.197265625,matched_path_accumulation_v1,512,kivi_paper_g128,final,v1,logit_max_abs_diff,5.212890625,232e3b08d10919ca24932ad0a0135e46119ecfd5,0.015625,aime24:p15:s1:seed15043,b3071fe4e912d14e31a543908143a991dbe648bfe13ea6a3db80285f3da15dab
0.1681467890739441,matched_path_accumulation_v1,1024,kivi_paper_g128,final,v1,hidden_cosine_loss,0.1681494116783142,232e3b08d10919ca24932ad0a0135e46119ecfd5,2.6226043701171875e-06,aime24:p15:s1:seed15043,b3071fe4e912d14e31a543908143a991dbe648bfe13ea6a3db80285f3da15dab
0.6338068889454007,matched_path_accumulation_v1,1024,kivi_paper_g128,final,v1,hidden_relative_L2,0.6360832452774048,232e3b08d10919ca24932ad0a0135e46119ecfd5,0.0022763563320040703,aime24:p15:s1:seed15043,b3071fe4e912d14e31a543908143a991dbe648bfe13ea6a3db80285f3da15dab
0.6338068889454007,matched_path_accumulation_v1,1024,kivi_paper_g128,final,v1,attention_output_relative_L2,0.6360832452774048,232e3b08d10919ca24932ad0a0135e46119ecfd5,0.0022763563320040703,aime24:p15:s1:seed15043,b3071fe4e912d14e31a543908143a991dbe648bfe13ea6a3db80285f3da15dab
2.8026667889591295e-05,matched_path_accumulation_v1,1024,kivi_paper_g128,final,v1,next_token_KL,2.8054331778548658e-05,232e3b08d10919ca24932ad0a0135e46119ecfd5,2.766388895736327e-08,aime24:p15:s1:seed15043,b3071fe4e912d14e31a543908143a991dbe648bfe13ea6a3db80285f3da15dab
8.42530987377188e-06,matched_path_accumulation_v1,1024,kivi_paper_g128,final,v1,next_token_JS,8.42749977891799e-06,232e3b08d10919ca24932ad0a0135e46119ecfd5,2.1899051461105046e-09,aime24:p15:s1:seed15043,b3071fe4e912d14e31a543908143a991dbe648bfe13ea6a3db80285f3da15dab
3.2303771149599925e-05,matched_path_accumulation_v1,1024,kivi_paper_g128,final,v1,target_token_NLL_delta,3.2542178814765066e-05,232e3b08d10919ca24932ad0a0135e46119ecfd5,2.3840766516514122e-07,aime24:p15:s1:seed15043,b3071fe4e912d14e31a543908143a991dbe648bfe13ea6a3db80285f3da15dab
0.0,matched_path_accumulation_v1,1024,kivi_paper_g128,final,v1,top1_disagreement,0.0,232e3b08d10919ca24932ad0a0135e46119ecfd5,0.0,aime24:p15:s1:seed15043,b3071fe4e912d14e31a543908143a991dbe648bfe13ea6a3db80285f3da15dab
5.208984375,matched_path_accumulation_v1,1024,kivi_paper_g128,final,v1,logit_max_abs_diff,5.228515625,232e3b08d10919ca24932ad0a0135e46119ecfd5,0.01953125,aime24:p15:s1:seed15043,b3071fe4e912d14e31a543908143a991dbe648bfe13ea6a3db80285f3da15dab
0.17354744672775269,matched_path_accumulation_v1,2048,kivi_paper_g128,final,v1,hidden_cosine_loss,0.17355120182037354,232e3b08d10919ca24932ad0a0135e46119ecfd5,3.7550926208496094e-06,aime24:p15:s1:seed15043,b3071fe4e912d14e31a543908143a991dbe648bfe13ea6a3db80285f3da15dab
0.5905906180851161,matched_path_accumulation_v1,2048,kivi_paper_g128,final,v1,hidden_relative_L2,0.5932388305664062,232e3b08d10919ca24932ad0a0135e46119ecfd5,0.002648212481290102,aime24:p15:s1:seed15043,b3071fe4e912d14e31a543908143a991dbe648bfe13ea6a3db80285f3da15dab
0.5905906180851161,matched_path_accumulation_v1,2048,kivi_paper_g128,final,v1,attention_output_relative_L2,0.5932388305664062,232e3b08d10919ca24932ad0a0135e46119ecfd5,0.002648212481290102,aime24:p15:s1:seed15043,b3071fe4e912d14e31a543908143a991dbe648bfe13ea6a3db80285f3da15dab
0.009311883710324764,matched_path_accumulation_v1,2048,kivi_paper_g128,final,v1,next_token_KL,0.009311883710324764,232e3b08d10919ca24932ad0a0135e46119ecfd5,0.0,aime24:p15:s1:seed15043,b3071fe4e912d14e31a543908143a991dbe648bfe13ea6a3db80285f3da15dab
0.0031791778824832306,matched_path_accumulation_v1,2048,kivi_paper_g128,final,v1,next_token_JS,0.0031791897490620613,232e3b08d10919ca24932ad0a0135e46119ecfd5,1.18665788306771e-08,aime24:p15:s1:seed15043,b3071fe4e912d14e31a543908143a991dbe648bfe13ea6a3db80285f3da15dab
0.009707863733638078,matched_path_accumulation_v1,2048,kivi_paper_g128,final,v1,target_token_NLL_delta,0.009708697907626629,232e3b08d10919ca24932ad0a0135e46119ecfd5,8.341739885509014e-07,aime24:p15:s1:seed15043,b3071fe4e912d14e31a543908143a991dbe648bfe13ea6a3db80285f3da15dab
0.0,matched_path_accumulation_v1,2048,kivi_paper_g128,final,v1,top1_disagreement,0.0,232e3b08d10919ca24932ad0a0135e46119ecfd5,0.0,aime24:p15:s1:seed15043,b3071fe4e912d14e31a543908143a991dbe648bfe13ea6a3db80285f3da15dab
5.66015625,matched_path_accumulation_v1,2048,kivi_paper_g128,final,v1,logit_max_abs_diff,5.68359375,232e3b08d10919ca24932ad0a0135e46119ecfd5,0.0234375,aime24:p15:s1:seed15043,b3071fe4e912d14e31a543908143a991dbe648bfe13ea6a3db80285f3da15dab
0.20615136623382568,matched_path_accumulation_v1,4096,kivi_paper_g128,final,v1,hidden_cosine_loss,0.20615577697753906,232e3b08d10919ca24932ad0a0135e46119ecfd5,4.410743713378906e-06,aime24:p15:s1:seed15043,b3071fe4e912d14e31a543908143a991dbe648bfe13ea6a3db80285f3da15dab
0.6351640406064689,matched_path_accumulation_v1,4096,kivi_paper_g128,final,v1,hidden_relative_L2,0.6379682421684265,232e3b08d10919ca24932ad0a0135e46119ecfd5,0.0028042015619575977,aime24:p15:s1:seed15043,b3071fe4e912d14e31a543908143a991dbe648bfe13ea6a3db80285f3da15dab
0.6351640406064689,matched_path_accumulation_v1,4096,kivi_paper_g128,final,v1,attention_output_relative_L2,0.6379682421684265,232e3b08d10919ca24932ad0a0135e46119ecfd5,0.0028042015619575977,aime24:p15:s1:seed15043,b3071fe4e912d14e31a543908143a991dbe648bfe13ea6a3db80285f3da15dab
0.007799838203936815,matched_path_accumulation_v1,4096,kivi_paper_g128,final,v1,next_token_KL,0.007799838203936815,232e3b08d10919ca24932ad0a0135e46119ecfd5,0.0,aime24:p15:s1:seed15043,b3071fe4e912d14e31a543908143a991dbe648bfe13ea6a3db80285f3da15dab
0.0026928325783215357,matched_path_accumulation_v1,4096,kivi_paper_g128,final,v1,next_token_JS,0.0026928335428237915,232e3b08d10919ca24932ad0a0135e46119ecfd5,9.64502255840216e-10,aime24:p15:s1:seed15043,b3071fe4e912d14e31a543908143a991dbe648bfe13ea6a3db80285f3da15dab
0.007873313497839263,matched_path_accumulation_v1,4096,kivi_paper_g128,final,v1,target_token_NLL_delta,0.00787307508289814,232e3b08d10919ca24932ad0a0135e46119ecfd5,-2.384149411227554e-07,aime24:p15:s1:seed15043,b3071fe4e912d14e31a543908143a991dbe648bfe13ea6a3db80285f3da15dab
0.0,matched_path_accumulation_v1,4096,kivi_paper_g128,final,v1,top1_disagreement,0.0,232e3b08d10919ca24932ad0a0135e46119ecfd5,0.0,aime24:p15:s1:seed15043,b3071fe4e912d14e31a543908143a991dbe648bfe13ea6a3db80285f3da15dab
6.98046875,matched_path_accumulation_v1,4096,kivi_paper_g128,final,v1,logit_max_abs_diff,7.01171875,232e3b08d10919ca24932ad0a0135e46119ecfd5,0.03125,aime24:p15:s1:seed15043,b3071fe4e912d14e31a543908143a991dbe648bfe13ea6a3db80285f3da15dab
-5.960464477539063e-08,matched_path_accumulation_v1,128,kivi_paper_g128,final,v1,hidden_cosine_loss,1.9669532775878906e-06,232e3b08d10919ca24932ad0a0135e46119ecfd5,2.0265579223632812e-06,aime24:p16:s0:seed16042,13d42346d3a27cdf52c682506b670e839c9c66befad1065501f233b0a1d0cc02
-3.60304256901145e-05,matched_path_accumulation_v1,128,kivi_paper_g128,final,v1,hidden_relative_L2,0.0019080545753240585,232e3b08d10919ca24932ad0a0135e46119ecfd5,0.001944085001014173,aime24:p16:s0:seed16042,13d42346d3a27cdf52c682506b670e839c9c66befad1065501f233b0a1d0cc02
-3.60304256901145e-05,matched_path_accumulation_v1,128,kivi_paper_g128,final,v1,attention_output_relative_L2,0.0019080545753240585,232e3b08d10919ca24932ad0a0135e46119ecfd5,0.001944085001014173,aime24:p16:s0:seed16042,13d42346d3a27cdf52c682506b670e839c9c66befad1065501f233b0a1d0cc02
2.047054437070983e-08,matched_path_accumulation_v1,128,kivi_paper_g128,final,v1,next_token_KL,4.8068105940046735e-08,232e3b08d10919ca24932ad0a0135e46119ecfd5,2.7597561569336904e-08,aime24:p16:s0:seed16042,13d42346d3a27cdf52c682506b670e839c9c66befad1065501f233b0a1d0cc02
5.2810200656949746e-11,matched_path_accumulation_v1,128,kivi_paper_g128,final,v1,next_token_JS,1.0375611481094893e-10,232e3b08d10919ca24932ad0a0135e46119ecfd5,5.0945914153999183e-11,aime24:p16:s0:seed16042,13d42346d3a27cdf52c682506b670e839c9c66befad1065501f233b0a1d0cc02
0.0,matched_path_accumulation_v1,128,kivi_paper_g128,final,v1,target_token_NLL_delta,0.0,232e3b08d10919ca24932ad0a0135e46119ecfd5,0.0,aime24:p16:s0:seed16042,13d42346d3a27cdf52c682506b670e839c9c66befad1065501f233b0a1d0cc02
0.0,matched_path_accumulation_v1,128,kivi_paper_g128,final,v1,top1_disagreement,0.0,232e3b08d10919ca24932ad0a0135e46119ecfd5,0.0,aime24:p16:s0:seed16042,13d42346d3a27cdf52c682506b670e839c9c66befad1065501f233b0a1d0cc02
-0.0078125,matched_path_accumulation_v1,128,kivi_paper_g128,final,v1,logit_max_abs_diff,0.015625,232e3b08d10919ca24932ad0a0135e46119ecfd5,0.0234375,aime24:p16:s0:seed16042,13d42346d3a27cdf52c682506b670e839c9c66befad1065501f233b0a1d0cc02
0.054554104804992676,matched_path_accumulation_v1,512,kivi_paper_g128,final,v1,hidden_cosine_loss,0.054555654525756836,232e3b08d10919ca24932ad0a0135e46119ecfd5,1.5497207641601562e-06,aime24:p16:s0:seed16042,13d42346d3a27cdf52c682506b670e839c9c66befad1065501f233b0a1d0cc02
0.3289687909418717,matched_path_accumulation_v1,512,kivi_paper_g128,final,v1,hidden_relative_L2,0.3306310176849365,232e3b08d10919ca24932ad0a0135e46119ecfd5,0.0016622267430648208,aime24:p16:s0:seed16042,13d42346d3a27cdf52c682506b670e839c9c66befad1065501f233b0a1d0cc02
0.3289687909418717,matched_path_accumulation_v1,512,kivi_paper_g128,final,v1,attention_output_relative_L2,0.3306310176849365,232e3b08d10919ca24932ad0a0135e46119ecfd5,0.0016622267430648208,aime24:p16:s0:seed16042,13d42346d3a27cdf52c682506b670e839c9c66befad1065501f233b0a1d0cc02
0.02191713413526486,matched_path_accumulation_v1,512,kivi_paper_g128,final,v1,next_token_KL,0.021919304504990578,232e3b08d10919ca24932ad0a0135e46119ecfd5,2.1703697257180465e-06,aime24:p16:s0:seed16042,13d42346d3a27cdf52c682506b670e839c9c66befad1065501f233b0a1d0cc02
0.0036322358244547104,matched_path_accumulation_v1,512,kivi_paper_g128,final,v1,next_token_JS,0.003632755484431982,232e3b08d10919ca24932ad0a0135e46119ecfd5,5.196599772716581e-07,aime24:p16:s0:seed16042,13d42346d3a27cdf52c682506b670e839c9c66befad1065501f233b0a1d0cc02
-0.01502336747944355,matched_path_accumulation_v1,512,kivi_paper_g128,final,v1,target_token_NLL_delta,-0.014757385477423668,232e3b08d10919ca24932ad0a0135e46119ecfd5,0.0002659820020198822,aime24:p16:s0:seed16042,13d42346d3a27cdf52c682506b670e839c9c66befad1065501f233b0a1d0cc02
0.0,matched_path_accumulation_v1,512,kivi_paper_g128,final,v1,top1_disagreement,0.0,232e3b08d10919ca24932ad0a0135e46119ecfd5,0.0,aime24:p16:s0:seed16042,13d42346d3a27cdf52c682506b670e839c9c66befad1065501f233b0a1d0cc02
3.7421875,matched_path_accumulation_v1,512,kivi_paper_g128,final,v1,logit_max_abs_diff,3.765625,232e3b08d10919ca24932ad0a0135e46119ecfd5,0.0234375,aime24:p16:s0:seed16042,13d42346d3a27cdf52c682506b670e839c9c66befad1065501f233b0a1d0cc02
0.03990006446838379,matched_path_accumulation_v1,1024,kivi_paper_g128,final,v1,hidden_cosine_loss,0.0399019718170166,232e3b08d10919ca24932ad0a0135e46119ecfd5,1.9073486328125e-06,aime24:p16:s0:seed16042,13d42346d3a27cdf52c682506b670e839c9c66befad1065501f233b0a1d0cc02
0.28364078036975116,matched_path_accumulation_v1,1024,kivi_paper_g128,final,v1,hidden_relative_L2,0.28538966178894043,232e3b08d10919ca24932ad0a0135e46119ecfd5,0.0017488814191892743,aime24:p16:s0:seed16042,13d42346d3a27cdf52c682506b670e839c9c66befad1065501f233b0a1d0cc02
0.28364078036975116,matched_path_accumulation_v1,1024,kivi_paper_g128,final,v1,attention_output_relative_L2,0.28538966178894043,232e3b08d10919ca24932ad0a0135e46119ecfd5,0.0017488814191892743,aime24:p16:s0:seed16042,13d42346d3a27cdf52c682506b670e839c9c66befad1065501f233b0a1d0cc02
0.032368619905355445,matched_path_accumulation_v1,1024,kivi_paper_g128,final,v1,next_token_KL,0.03238259628415108,232e3b08d10919ca24932ad0a0135e46119ecfd5,1.3976378795632627e-05,aime24:p16:s0:seed16042,13d42346d3a27cdf52c682506b670e839c9c66befad1065501f233b0a1d0cc02
0.007235543081606011,matched_path_accumulation_v1,1024,kivi_paper_g128,final,v1,next_token_JS,0.007239027880132198,232e3b08d10919ca24932ad0a0135e46119ecfd5,3.48479852618766e-06,aime24:p16:s0:seed16042,13d42346d3a27cdf52c682506b670e839c9c66befad1065501f233b0a1d0cc02
-0.09997240453958511,matched_path_accumulation_v1,1024,kivi_paper_g128,final,v1,target_token_NLL_delta,-0.09790123254060745,232e3b08d10919ca24932ad0a0135e46119ecfd5,0.002071171998977661,aime24:p16:s0:seed16042,13d42346d3a27cdf52c682506b670e839c9c66befad1065501f233b0a1d0cc02
0.0,matched_path_accumulation_v1,1024,kivi_paper_g128,final,v1,top1_disagreement,0.0,232e3b08d10919ca24932ad0a0135e46119ecfd5,0.0,aime24:p16:s0:seed16042,13d42346d3a27cdf52c682506b670e839c9c66befad1065501f233b0a1d0cc02
2.76611328125,matched_path_accumulation_v1,1024,kivi_paper_g128,final,v1,logit_max_abs_diff,2.78271484375,232e3b08d10919ca24932ad0a0135e46119ecfd5,0.0166015625,aime24:p16:s0:seed16042,13d42346d3a27cdf52c682506b670e839c9c66befad1065501f233b0a1d0cc02
0.10600000619888306,matched_path_accumulation_v1,2048,kivi_paper_g128,final,v1,hidden_cosine_loss,0.10600334405899048,232e3b08d10919ca24932ad0a0135e46119ecfd5,3.337860107421875e-06,aime24:p16:s0:seed16042,13d42346d3a27cdf52c682506b670e839c9c66befad1065501f233b0a1d0cc02
0.4685633347835392,matched_path_accumulation_v1,2048,kivi_paper_g128,final,v1,hidden_relative_L2,0.47111353278160095,232e3b08d10919ca24932ad0a0135e46119ecfd5,0.002550197998061776,aime24:p16:s0:seed16042,13d42346d3a27cdf52c682506b670e839c9c66befad1065501f233b0a1d0cc02
0.4685633347835392,matched_path_accumulation_v1,2048,kivi_paper_g128,final,v1,attention_output_relative_L2,0.47111353278160095,232e3b08d10919ca24932ad0a0135e46119ecfd5,0.002550197998061776,aime24:p16:s0:seed16042,13d42346d3a27cdf52c682506b670e839c9c66befad1065501f233b0a1d0cc02
0.02967151297744408,matched_path_accumulation_v1,2048,kivi_paper_g128,final,v1,next_token_KL,0.029671624302864075,232e3b08d10919ca24932ad0a0135e46119ecfd5,1.1132541999359091e-07,aime24:p16:s0:seed16042,13d42346d3a27cdf52c682506b670e839c9c66befad1065501f233b0a1d0cc02
0.009977069683372974,matched_path_accumulation_v1,2048,kivi_paper_g128,final,v1,next_token_JS,0.009977069683372974,232e3b08d10919ca24932ad0a0135e46119ecfd5,0.0,aime24:p16:s0:seed16042,13d42346d3a27cdf52c682506b670e839c9c66befad1065501f233b0a1d0cc02
0.03218844207003713,matched_path_accumulation_v1,2048,kivi_paper_g128,final,v1,target_token_NLL_delta,0.032189156860113144,232e3b08d10919ca24932ad0a0135e46119ecfd5,7.147900760173798e-07,aime24:p16:s0:seed16042,13d42346d3a27cdf52c682506b670e839c9c66befad1065501f233b0a1d0cc02
0.0,matched_path_accumulation_v1,2048,kivi_paper_g128,final,v1,top1_disagreement,0.0,232e3b08d10919ca24932ad0a0135e46119ecfd5,0.0,aime24:p16:s0:seed16042,13d42346d3a27cdf52c682506b670e839c9c66befad1065501f233b0a1d0cc02
3.9921875,matched_path_accumulation_v1,2048,kivi_paper_g128,final,v1,logit_max_abs_diff,4.029296875,232e3b08d10919ca24932ad0a0135e46119ecfd5,0.037109375,aime24:p16:s0:seed16042,13d42346d3a27cdf52c682506b670e839c9c66befad1065501f233b0a1d0cc02
0.07335418462753296,matched_path_accumulation_v1,4096,kivi_paper_g128,final,v1,hidden_cosine_loss,0.07335686683654785,232e3b08d10919ca24932ad0a0135e46119ecfd5,2.682209014892578e-06,aime24:p16:s0:seed16042,13d42346d3a27cdf52c682506b670e839c9c66befad1065501f233b0a1d0cc02
0.37582225375808775,matched_path_accumulation_v1,4096,kivi_paper_g128,final,v1,hidden_relative_L2,0.37800219655036926,232e3b08d10919ca24932ad0a0135e46119ecfd5,0.0021799427922815084,aime24:p16:s0:seed16042,13d42346d3a27cdf52c682506b670e839c9c66befad1065501f233b0a1d0cc02
0.37582225375808775,matched_path_accumulation_v1,4096,kivi_paper_g128,final,v1,attention_output_relative_L2,0.37800219655036926,232e3b08d10919ca24932ad0a0135e46119ecfd5,0.0021799427922815084,aime24:p16:s0:seed16042,13d42346d3a27cdf52c682506b670e839c9c66befad1065501f233b0a1d0cc02
0.005038860895361097,matched_path_accumulation_v1,4096,kivi_paper_g128,final,v1,next_token_KL,0.005038922652602196,232e3b08d10919ca24932ad0a0135e46119ecfd5,6.17572410988032e-08,aime24:p16:s0:seed16042,13d42346d3a27cdf52c682506b670e839c9c66befad1065501f233b0a1d0cc02
0.0015467469347640872,matched_path_accumulation_v1,4096,kivi_paper_g128,final,v1,next_token_JS,0.0015467469347640872,232e3b08d10919ca24932ad0a0135e46119ecfd5,0.0,aime24:p16:s0:seed16042,13d42346d3a27cdf52c682506b670e839c9c66befad1065501f233b0a1d0cc02
0.009094417095184326,matched_path_accumulation_v1,4096,kivi_paper_g128,final,v1,target_token_NLL_delta,0.009090736508369446,232e3b08d10919ca24932ad0a0135e46119ecfd5,-3.680586814880371e-06,aime24:p16:s0:seed16042,13d42346d3a27cdf52c682506b670e839c9c66befad1065501f233b0a1d0cc02
0.0,matched_path_accumulation_v1,4096,kivi_paper_g128,final,v1,top1_disagreement,0.0,232e3b08d10919ca24932ad0a0135e46119ecfd5,0.0,aime24:p16:s0:seed16042,13d42346d3a27cdf52c682506b670e839c9c66befad1065501f233b0a1d0cc02
3.2303466796875,matched_path_accumulation_v1,4096,kivi_paper_g128,final,v1,logit_max_abs_diff,3.2498779296875,232e3b08d10919ca24932ad0a0135e46119ecfd5,0.01953125,aime24:p16:s0:seed16042,13d42346d3a27cdf52c682506b670e839c9c66befad1065501f233b0a1d0cc02
-2.384185791015625e-07,matched_path_accumulation_v1,128,kivi_paper_g128,final,v1,hidden_cosine_loss,2.0265579223632812e-06,232e3b08d10919ca24932ad0a0135e46119ecfd5,2.2649765014648438e-06,aime24:p11:s0:seed11042,489c942f86b4d5ae23c611c59e5f243cac4e99bd6697b73b14def62ea82f3970
-7.192918565124273e-05,matched_path_accumulation_v1,128,kivi_paper_g128,final,v1,hidden_relative_L2,0.0019481676863506436,232e3b08d10919ca24932ad0a0135e46119ecfd5,0.0020200968720018864,aime24:p11:s0:seed11042,489c942f86b4d5ae23c611c59e5f243cac4e99bd6697b73b14def62ea82f3970
-7.192918565124273e-05,matched_path_accumulation_v1,128,kivi_paper_g128,final,v1,attention_output_relative_L2,0.0019481676863506436,232e3b08d10919ca24932ad0a0135e46119ecfd5,0.0020200968720018864,aime24:p11:s0:seed11042,489c942f86b4d5ae23c611c59e5f243cac4e99bd6697b73b14def62ea82f3970
-2.5990084395743906e-07,matched_path_accumulation_v1,128,kivi_paper_g128,final,v1,next_token_KL,1.75874556589406e-05,232e3b08d10919ca24932ad0a0135e46119ecfd5,1.7847356502898037e-05,aime24:p11:s0:seed11042,489c942f86b4d5ae23c611c59e5f243cac4e99bd6697b73b14def62ea82f3970
-4.9994923756457865e-09,matched_path_accumulation_v1,128,kivi_paper_g128,final,v1,next_token_JS,4.405348590807989e-06,232e3b08d10919ca24932ad0a0135e46119ecfd5,4.410348083183635e-06,aime24:p11:s0:seed11042,489c942f86b4d5ae23c611c59e5f243cac4e99bd6697b73b14def62ea82f3970
0.00547395646572113,matched_path_accumulation_v1,128,kivi_paper_g128,final,v1,target_token_NLL_delta,0.002737477421760559,232e3b08d10919ca24932ad0a0135e46119ecfd5,-0.0027364790439605713,aime24:p11:s0:seed11042,489c942f86b4d5ae23c611c59e5f243cac4e99bd6697b73b14def62ea82f3970
0.0,matched_path_accumulation_v1,128,kivi_paper_g128,final,v1,top1_disagreement,0.0,232e3b08d10919ca24932ad0a0135e46119ecfd5,0.0,aime24:p11:s0:seed11042,489c942f86b4d5ae23c611c59e5f243cac4e99bd6697b73b14def62ea82f3970
0.001953125,matched_path_accumulation_v1,128,kivi_paper_g128,final,v1,logit_max_abs_diff,0.01953125,232e3b08d10919ca24932ad0a0135e46119ecfd5,0.017578125,aime24:p11:s0:seed11042,489c942f86b4d5ae23c611c59e5f243cac4e99bd6697b73b14def62ea82f3970
0.05478072166442871,matched_path_accumulation_v1,512,kivi_paper_g128,final,v1,hidden_cosine_loss,0.054782748222351074,232e3b08d10919ca24932ad0a0135e46119ecfd5,2.0265579223632812e-06,aime24:p11:s0:seed11042,489c942f86b4d5ae23c611c59e5f243cac4e99bd6697b73b14def62ea82f3970
0.32938812067732215,matched_path_accumulation_v1,512,kivi_paper_g128,final,v1,hidden_relative_L2,0.33121854066848755,232e3b08d10919ca24932ad0a0135e46119ecfd5,0.0018304199911653996,aime24:p11:s0:seed11042,489c942f86b4d5ae23c611c59e5f243cac4e99bd6697b73b14def62ea82f3970
0.32938812067732215,matched_path_accumulation_v1,512,kivi_paper_g128,final,v1,attention_output_relative_L2,0.33121854066848755,232e3b08d10919ca24932ad0a0135e46119ecfd5,0.0018304199911653996,aime24:p11:s0:seed11042,489c942f86b4d5ae23c611c59e5f243cac4e99bd6697b73b14def62ea82f3970
0.14459120265382808,matched_path_accumulation_v1,512,kivi_paper_g128,final,v1,next_token_KL,0.14461077749729156,232e3b08d10919ca24932ad0a0135e46119ecfd5,1.9574843463487923e-05,aime24:p11:s0:seed11042,489c942f86b4d5ae23c611c59e5f243cac4e99bd6697b73b14def62ea82f3970
0.03958895188770839,matched_path_accumulation_v1,512,kivi_paper_g128,final,v1,next_token_JS,0.03959386423230171,232e3b08d10919ca24932ad0a0135e46119ecfd5,4.9123445933219045e-06,aime24:p11:s0:seed11042,489c942f86b4d5ae23c611c59e5f243cac4e99bd6697b73b14def62ea82f3970
0.3159457743167877,matched_path_accumulation_v1,512,kivi_paper_g128,final,v1,target_token_NLL_delta,0.3190903067588806,232e3b08d10919ca24932ad0a0135e46119ecfd5,0.0031445324420928955,aime24:p11:s0:seed11042,489c942f86b4d5ae23c611c59e5f243cac4e99bd6697b73b14def62ea82f3970
0.0,matched_path_accumulation_v1,512,kivi_paper_g128,final,v1,top1_disagreement,0.0,232e3b08d10919ca24932ad0a0135e46119ecfd5,0.0,aime24:p11:s0:seed11042,489c942f86b4d5ae23c611c59e5f243cac4e99bd6697b73b14def62ea82f3970
4.01171875,matched_path_accumulation_v1,512,kivi_paper_g128,final,v1,logit_max_abs_diff,4.03125,232e3b08d10919ca24932ad0a0135e46119ecfd5,0.01953125,aime24:p11:s0:seed11042,489c942f86b4d5ae23c611c59e5f243cac4e99bd6697b73b14def62ea82f3970
0.07635301351547241,matched_path_accumulation_v1,1024,kivi_paper_g128,final,v1,hidden_cosine_loss,0.07635509967803955,232e3b08d10919ca24932ad0a0135e46119ecfd5,2.086162567138672e-06,aime24:p11:s0:seed11042,489c942f86b4d5ae23c611c59e5f243cac4e99bd6697b73b14def62ea82f3970
0.38482223881874233,matched_path_accumulation_v1,1024,kivi_paper_g128,final,v1,hidden_relative_L2,0.3866877257823944,232e3b08d10919ca24932ad0a0135e46119ecfd5,0.0018654869636520743,aime24:p11:s0:seed11042,489c942f86b4d5ae23c611c59e5f243cac4e99bd6697b73b14def62ea82f3970
0.38482223881874233,matched_path_accumulation_v1,1024,kivi_paper_g128,final,v1,attention_output_relative_L2,0.3866877257823944,232e3b08d10919ca24932ad0a0135e46119ecfd5,0.0018654869636520743,aime24:p11:s0:seed11042,489c942f86b4d5ae23c611c59e5f243cac4e99bd6697b73b14def62ea82f3970
0.0004906104295514524,matched_path_accumulation_v1,1024,kivi_paper_g128,final,v1,next_token_KL,0.0004906104295514524,232e3b08d10919ca24932ad0a0135e46119ecfd5,0.0,aime24:p11:s0:seed11042,489c942f86b4d5ae23c611c59e5f243cac4e99bd6697b73b14def62ea82f3970
0.00014809799947990143,matched_path_accumulation_v1,1024,kivi_paper_g128,final,v1,next_token_JS,0.00014810505672357976,232e3b08d10919ca24932ad0a0135e46119ecfd5,7.05724367833227e-09,aime24:p11:s0:seed11042,489c942f86b4d5ae23c611c59e5f243cac4e99bd6697b73b14def62ea82f3970
0.001013873319607228,matched_path_accumulation_v1,1024,kivi_paper_g128,final,v1,target_token_NLL_delta,0.0010137541685253382,232e3b08d10919ca24932ad0a0135e46119ecfd5,-1.1915108188986778e-07,aime24:p11:s0:seed11042,489c942f86b4d5ae23c611c59e5f243cac4e99bd6697b73b14def62ea82f3970
0.0,matched_path_accumulation_v1,1024,kivi_paper_g128,final,v1,top1_disagreement,0.0,232e3b08d10919ca24932ad0a0135e46119ecfd5,0.0,aime24:p11:s0:seed11042,489c942f86b4d5ae23c611c59e5f243cac4e99bd6697b73b14def62ea82f3970
3.7109375,matched_path_accumulation_v1,1024,kivi_paper_g128,final,v1,logit_max_abs_diff,3.7265625,232e3b08d10919ca24932ad0a0135e46119ecfd5,0.015625,aime24:p11:s0:seed11042,489c942f86b4d5ae23c611c59e5f243cac4e99bd6697b73b14def62ea82f3970
0.08039021492004395,matched_path_accumulation_v1,2048,kivi_paper_g128,final,v1,hidden_cosine_loss,0.08039259910583496,232e3b08d10919ca24932ad0a0135e46119ecfd5,2.384185791015625e-06,aime24:p11:s0:seed11042,489c942f86b4d5ae23c611c59e5f243cac4e99bd6697b73b14def62ea82f3970
0.40363115235231817,matched_path_accumulation_v1,2048,kivi_paper_g128,final,v1,hidden_relative_L2,0.4056982398033142,232e3b08d10919ca24932ad0a0135e46119ecfd5,0.0020670874509960413,aime24:p11:s0:seed11042,489c942f86b4d5ae23c611c59e5f243cac4e99bd6697b73b14def62ea82f3970
0.40363115235231817,matched_path_accumulation_v1,2048,kivi_paper_g128,final,v1,attention_output_relative_L2,0.4056982398033142,232e3b08d10919ca24932ad0a0135e46119ecfd5,0.0020670874509960413,aime24:p11:s0:seed11042,489c942f86b4d5ae23c611c59e5f243cac4e99bd6697b73b14def62ea82f3970
0.006434558890759945,matched_path_accumulation_v1,2048,kivi_paper_g128,final,v1,next_token_KL,0.006434558890759945,232e3b08d10919ca24932ad0a0135e46119ecfd5,0.0,aime24:p11:s0:seed11042,489c942f86b4d5ae23c611c59e5f243cac4e99bd6697b73b14def62ea82f3970
0.0019422387704253197,matched_path_accumulation_v1,2048,kivi_paper_g128,final,v1,next_token_JS,0.0019422387704253197,232e3b08d10919ca24932ad0a0135e46119ecfd5,0.0,aime24:p11:s0:seed11042,489c942f86b4d5ae23c611c59e5f243cac4e99bd6697b73b14def62ea82f3970
0.010165154933929443,matched_path_accumulation_v1,2048,kivi_paper_g128,final,v1,target_token_NLL_delta,0.0101652592420578,232e3b08d10919ca24932ad0a0135e46119ecfd5,1.043081283569336e-07,aime24:p11:s0:seed11042,489c942f86b4d5ae23c611c59e5f243cac4e99bd6697b73b14def62ea82f3970
0.0,matched_path_accumulation_v1,2048,kivi_paper_g128,final,v1,top1_disagreement,0.0,232e3b08d10919ca24932ad0a0135e46119ecfd5,0.0,aime24:p11:s0:seed11042,489c942f86b4d5ae23c611c59e5f243cac4e99bd6697b73b14def62ea82f3970
3.7421875,matched_path_accumulation_v1,2048,kivi_paper_g128,final,v1,logit_max_abs_diff,3.765625,232e3b08d10919ca24932ad0a0135e46119ecfd5,0.0234375,aime24:p11:s0:seed11042,489c942f86b4d5ae23c611c59e5f243cac4e99bd6697b73b14def62ea82f3970
0.25350308418273926,matched_path_accumulation_v1,4096,kivi_paper_g128,final,v1,hidden_cosine_loss,0.2535055875778198,232e3b08d10919ca24932ad0a0135e46119ecfd5,2.5033950805664062e-06,aime24:p11:s0:seed11042,489c942f86b4d5ae23c611c59e5f243cac4e99bd6697b73b14def62ea82f3970
0.7161799902096391,matched_path_accumulation_v1,4096,kivi_paper_g128,final,v1,hidden_relative_L2,0.7183061838150024,232e3b08d10919ca24932ad0a0135e46119ecfd5,0.002126193605363369,aime24:p11:s0:seed11042,489c942f86b4d5ae23c611c59e5f243cac4e99bd6697b73b14def62ea82f3970
0.7161799902096391,matched_path_accumulation_v1,4096,kivi_paper_g128,final,v1,attention_output_relative_L2,0.7183061838150024,232e3b08d10919ca24932ad0a0135e46119ecfd5,0.002126193605363369,aime24:p11:s0:seed11042,489c942f86b4d5ae23c611c59e5f243cac4e99bd6697b73b14def62ea82f3970
1.038057048635892,matched_path_accumulation_v1,4096,kivi_paper_g128,final,v1,next_token_KL,1.0380713939666748,232e3b08d10919ca24932ad0a0135e46119ecfd5,1.4345330782816745e-05,aime24:p11:s0:seed11042,489c942f86b4d5ae23c611c59e5f243cac4e99bd6697b73b14def62ea82f3970
0.25396749921537776,matched_path_accumulation_v1,4096,kivi_paper_g128,final,v1,next_token_JS,0.25397107005119324,232e3b08d10919ca24932ad0a0135e46119ecfd5,3.5708358154806774e-06,aime24:p11:s0:seed11042,489c942f86b4d5ae23c611c59e5f243cac4e99bd6697b73b14def62ea82f3970
1.4779233634471893,matched_path_accumulation_v1,4096,kivi_paper_g128,final,v1,target_token_NLL_delta,1.475837230682373,232e3b08d10919ca24932ad0a0135e46119ecfd5,-0.002086132764816284,aime24:p11:s0:seed11042,489c942f86b4d5ae23c611c59e5f243cac4e99bd6697b73b14def62ea82f3970
1.0,matched_path_accumulation_v1,4096,kivi_paper_g128,final,v1,top1_disagreement,1.0,232e3b08d10919ca24932ad0a0135e46119ecfd5,0.0,aime24:p11:s0:seed11042,489c942f86b4d5ae23c611c59e5f243cac4e99bd6697b73b14def62ea82f3970
9.953125,matched_path_accumulation_v1,4096,kivi_paper_g128,final,v1,logit_max_abs_diff,9.9765625,232e3b08d10919ca24932ad0a0135e46119ecfd5,0.0234375,aime24:p11:s0:seed11042,489c942f86b4d5ae23c611c59e5f243cac4e99bd6697b73b14def62ea82f3970
-3.5762786865234375e-07,matched_path_accumulation_v1,128,kivi_paper_g128,final,v1,hidden_cosine_loss,1.7285346984863281e-06,232e3b08d10919ca24932ad0a0135e46119ecfd5,2.086162567138672e-06,aime24:p12:s1:seed12043,ca87cac4db8eb8d9ae8695bf4f4fad1775a3bf9b28fe340c3d7c22f6212eb615
-0.00017193879466503859,matched_path_accumulation_v1,128,kivi_paper_g128,final,v1,hidden_relative_L2,0.0017006801208481193,232e3b08d10919ca24932ad0a0135e46119ecfd5,0.0018726189155131578,aime24:p12:s1:seed12043,ca87cac4db8eb8d9ae8695bf4f4fad1775a3bf9b28fe340c3d7c22f6212eb615
-0.00017193879466503859,matched_path_accumulation_v1,128,kivi_paper_g128,final,v1,attention_output_relative_L2,0.0017006801208481193,232e3b08d10919ca24932ad0a0135e46119ecfd5,0.0018726189155131578,aime24:p12:s1:seed12043,ca87cac4db8eb8d9ae8695bf4f4fad1775a3bf9b28fe340c3d7c22f6212eb615
4.186140176898334e-05,matched_path_accumulation_v1,128,kivi_paper_g128,final,v1,next_token_KL,7.193683995865285e-05,232e3b08d10919ca24932ad0a0135e46119ecfd5,3.0075438189669512e-05,aime24:p12:s1:seed12043,ca87cac4db8eb8d9ae8695bf4f4fad1775a3bf9b28fe340c3d7c22f6212eb615
1.0419254977023229e-05,matched_path_accumulation_v1,128,kivi_paper_g128,final,v1,next_token_JS,1.7973252397496253e-05,232e3b08d10919ca24932ad0a0135e46119ecfd5,7.553997420473024e-06,aime24:p12:s1:seed12043,ca87cac4db8eb8d9ae8695bf4f4fad1775a3bf9b28fe340c3d7c22f6212eb615
-0.0040493011474609375,matched_path_accumulation_v1,128,kivi_paper_g128,final,v1,target_token_NLL_delta,0.0046890974044799805,232e3b08d10919ca24932ad0a0135e46119ecfd5,0.008738398551940918,aime24:p12:s1:seed12043,ca87cac4db8eb8d9ae8695bf4f4fad1775a3bf9b28fe340c3d7c22f6212eb615
0.0,matched_path_accumulation_v1,128,kivi_paper_g128,final,v1,top1_disagreement,0.0,232e3b08d10919ca24932ad0a0135e46119ecfd5,0.0,aime24:p12:s1:seed12043,ca87cac4db8eb8d9ae8695bf4f4fad1775a3bf9b28fe340c3d7c22f6212eb615
-0.015625,matched_path_accumulation_v1,128,kivi_paper_g128,final,v1,logit_max_abs_diff,0.015625,232e3b08d10919ca24932ad0a0135e46119ecfd5,0.03125,aime24:p12:s1:seed12043,ca87cac4db8eb8d9ae8695bf4f4fad1775a3bf9b28fe340c3d7c22f6212eb615
0.1291673183441162,matched_path_accumulation_v1,512,kivi_paper_g128,final,v1,hidden_cosine_loss,0.12917131185531616,232e3b08d10919ca24932ad0a0135e46119ecfd5,3.993511199951172e-06,aime24:p12:s1:seed12043,ca87cac4db8eb8d9ae8695bf4f4fad1775a3bf9b28fe340c3d7c22f6212eb615
0.5325128505937755,matched_path_accumulation_v1,512,kivi_paper_g128,final,v1,hidden_relative_L2,0.5352784395217896,232e3b08d10919ca24932ad0a0135e46119ecfd5,0.00276558892801404,aime24:p12:s1:seed12043,ca87cac4db8eb8d9ae8695bf4f4fad1775a3bf9b28fe340c3d7c22f6212eb615
0.5325128505937755,matched_path_accumulation_v1,512,kivi_paper_g128,final,v1,attention_output_relative_L2,0.5352784395217896,232e3b08d10919ca24932ad0a0135e46119ecfd5,0.00276558892801404,aime24:p12:s1:seed12043,ca87cac4db8eb8d9ae8695bf4f4fad1775a3bf9b28fe340c3d7c22f6212eb615
0.12720199058867365,matched_path_accumulation_v1,512,kivi_paper_g128,final,v1,next_token_KL,0.12720529735088348,232e3b08d10919ca24932ad0a0135e46119ecfd5,3.306762209831504e-06,aime24:p12:s1:seed12043,ca87cac4db8eb8d9ae8695bf4f4fad1775a3bf9b28fe340c3d7c22f6212eb615
0.014124840655256321,matched_path_accumulation_v1,512,kivi_paper_g128,final,v1,next_token_JS,0.014125660061836243,232e3b08d10919ca24932ad0a0135e46119ecfd5,8.194065799216332e-07,aime24:p12:s1:seed12043,ca87cac4db8eb8d9ae8695bf4f4fad1775a3bf9b28fe340c3d7c22f6212eb615
0.11128473281860352,matched_path_accumulation_v1,512,kivi_paper_g128,final,v1,target_token_NLL_delta,0.11086294054985046,232e3b08d10919ca24932ad0a0135e46119ecfd5,-0.00042179226875305176,aime24:p12:s1:seed12043,ca87cac4db8eb8d9ae8695bf4f4fad1775a3bf9b28fe340c3d7c22f6212eb615
0.0,matched_path_accumulation_v1,512,kivi_paper_g128,final,v1,top1_disagreement,0.0,232e3b08d10919ca24932ad0a0135e46119ecfd5,0.0,aime24:p12:s1:seed12043,ca87cac4db8eb8d9ae8695bf4f4fad1775a3bf9b28fe340c3d7c22f6212eb615
5.4921875,matched_path_accumulation_v1,512,kivi_paper_g128,final,v1,logit_max_abs_diff,5.515625,232e3b08d10919ca24932ad0a0135e46119ecfd5,0.0234375,aime24:p12:s1:seed12043,ca87cac4db8eb8d9ae8695bf4f4fad1775a3bf9b28fe340c3d7c22f6212eb615
0.04671454429626465,matched_path_accumulation_v1,1024,kivi_paper_g128,final,v1,hidden_cosine_loss,0.04671609401702881,232e3b08d10919ca24932ad0a0135e46119ecfd5,1.5497207641601562e-06,aime24:p12:s1:seed12043,ca87cac4db8eb8d9ae8695bf4f4fad1775a3bf9b28fe340c3d7c22f6212eb615
0.3014204513747245,matched_path_accumulation_v1,1024,kivi_paper_g128,final,v1,hidden_relative_L2,0.3028818368911743,232e3b08d10919ca24932ad0a0135e46119ecfd5,0.001461385516449809,aime24:p12:s1:seed12043,ca87cac4db8eb8d9ae8695bf4f4fad1775a3bf9b28fe340c3d7c22f6212eb615
0.3014204513747245,matched_path_accumulation_v1,1024,kivi_paper_g128,final,v1,attention_output_relative_L2,0.3028818368911743,232e3b08d10919ca24932ad0a0135e46119ecfd5,0.001461385516449809,aime24:p12:s1:seed12043,ca87cac4db8eb8d9ae8695bf4f4fad1775a3bf9b28fe340c3d7c22f6212eb615
0.006717952725466603,matched_path_accumulation_v1,1024,kivi_paper_g128,final,v1,next_token_KL,0.006724879145622253,232e3b08d10919ca24932ad0a0135e46119ecfd5,6.926420155650703e-06,aime24:p12:s1:seed12043,ca87cac4db8eb8d9ae8695bf4f4fad1775a3bf9b28fe340c3d7c22f6212eb615
0.0017709538803956093,matched_path_accumulation_v1,1024,kivi_paper_g128,final,v1,next_token_JS,0.0017726883525028825,232e3b08d10919ca24932ad0a0135e46119ecfd5,1.7344721072731772e-06,aime24:p12:s1:seed12043,ca87cac4db8eb8d9ae8695bf4f4fad1775a3bf9b28fe340c3d7c22f6212eb615
0.026714712381362915,matched_path_accumulation_v1,1024,kivi_paper_g128,final,v1,target_token_NLL_delta,0.02759294956922531,232e3b08d10919ca24932ad0a0135e46119ecfd5,0.0008782371878623962,aime24:p12:s1:seed12043,ca87cac4db8eb8d9ae8695bf4f4fad1775a3bf9b28fe340c3d7c22f6212eb615
0.0,matched_path_accumulation_v1,1024,kivi_paper_g128,final,v1,top1_disagreement,0.0,232e3b08d10919ca24932ad0a0135e46119ecfd5,0.0,aime24:p12:s1:seed12043,ca87cac4db8eb8d9ae8695bf4f4fad1775a3bf9b28fe340c3d7c22f6212eb615
3.44140625,matched_path_accumulation_v1,1024,kivi_paper_g128,final,v1,logit_max_abs_diff,3.45703125,232e3b08d10919ca24932ad0a0135e46119ecfd5,0.015625,aime24:p12:s1:seed12043,ca87cac4db8eb8d9ae8695bf4f4fad1775a3bf9b28fe340c3d7c22f6212eb615
0.026750922203063965,matched_path_accumulation_v1,2048,kivi_paper_g128,final,v1,hidden_cosine_loss,0.02675187587738037,232e3b08d10919ca24932ad0a0135e46119ecfd5,9.5367431640625e-07,aime24:p12:s1:seed12043,ca87cac4db8eb8d9ae8695bf4f4fad1775a3bf9b28fe340c3d7c22f6212eb615
0.23218321544118226,matched_path_accumulation_v1,2048,kivi_paper_g128,final,v1,hidden_relative_L2,0.23342642188072205,232e3b08d10919ca24932ad0a0135e46119ecfd5,0.0012432064395397902,aime24:p12:s1:seed12043,ca87cac4db8eb8d9ae8695bf4f4fad1775a3bf9b28fe340c3d7c22f6212eb615
0.23218321544118226,matched_path_accumulation_v1,2048,kivi_paper_g128,final,v1,attention_output_relative_L2,0.23342642188072205,232e3b08d10919ca24932ad0a0135e46119ecfd5,0.0012432064395397902,aime24:p12:s1:seed12043,ca87cac4db8eb8d9ae8695bf4f4fad1775a3bf9b28fe340c3d7c22f6212eb615
0.11144551650107815,matched_path_accumulation_v1,2048,kivi_paper_g128,final,v1,next_token_KL,0.11144623160362244,232e3b08d10919ca24932ad0a0135e46119ecfd5,7.151025442908576e-07,aime24:p12:s1:seed12043,ca87cac4db8eb8d9ae8695bf4f4fad1775a3bf9b28fe340c3d7c22f6212eb615
0.02550706463333796,matched_path_accumulation_v1,2048,kivi_paper_g128,final,v1,next_token_JS,0.025507168844342232,232e3b08d10919ca24932ad0a0135e46119ecfd5,1.0421100427038255e-07,aime24:p12:s1:seed12043,ca87cac4db8eb8d9ae8695bf4f4fad1775a3bf9b28fe340c3d7c22f6212eb615
0.04965496063232422,matched_path_accumulation_v1,2048,kivi_paper_g128,final,v1,target_token_NLL_delta,0.049715399742126465,232e3b08d10919ca24932ad0a0135e46119ecfd5,6.0439109802246094e-05,aime24:p12:s1:seed12043,ca87cac4db8eb8d9ae8695bf4f4fad1775a3bf9b28fe340c3d7c22f6212eb615
0.0,matched_path_accumulation_v1,2048,kivi_paper_g128,final,v1,top1_disagreement,0.0,232e3b08d10919ca24932ad0a0135e46119ecfd5,0.0,aime24:p12:s1:seed12043,ca87cac4db8eb8d9ae8695bf4f4fad1775a3bf9b28fe340c3d7c22f6212eb615
2.1904296875,matched_path_accumulation_v1,2048,kivi_paper_g128,final,v1,logit_max_abs_diff,2.2060546875,232e3b08d10919ca24932ad0a0135e46119ecfd5,0.015625,aime24:p12:s1:seed12043,ca87cac4db8eb8d9ae8695bf4f4fad1775a3bf9b28fe340c3d7c22f6212eb615
0.07317912578582764,matched_path_accumulation_v1,4096,kivi_paper_g128,final,v1,hidden_cosine_loss,0.0731809139251709,232e3b08d10919ca24932ad0a0135e46119ecfd5,1.7881393432617188e-06,aime24:p12:s1:seed12043,ca87cac4db8eb8d9ae8695bf4f4fad1775a3bf9b28fe340c3d7c22f6212eb615
0.3855388785013929,matched_path_accumulation_v1,4096,kivi_paper_g128,final,v1,hidden_relative_L2,0.38734546303749084,232e3b08d10919ca24932ad0a0135e46119ecfd5,0.0018065845360979438,aime24:p12:s1:seed12043,ca87cac4db8eb8d9ae8695bf4f4fad1775a3bf9b28fe340c3d7c22f6212eb615
0.3855388785013929,matched_path_accumulation_v1,4096,kivi_paper_g128,final,v1,attention_output_relative_L2,0.38734546303749084,232e3b08d10919ca24932ad0a0135e46119ecfd5,0.0018065845360979438,aime24:p12:s1:seed12043,ca87cac4db8eb8d9ae8695bf4f4fad1775a3bf9b28fe340c3d7c22f6212eb615
0.22540747370982217,matched_path_accumulation_v1,4096,kivi_paper_g128,final,v1,next_token_KL,0.22540836036205292,232e3b08d10919ca24932ad0a0135e46119ecfd5,8.866522307471314e-07,aime24:p12:s1:seed12043,ca87cac4db8eb8d9ae8695bf4f4fad1775a3bf9b28fe340c3d7c22f6212eb615
0.05948547184257791,matched_path_accumulation_v1,4096,kivi_paper_g128,final,v1,next_token_JS,0.059485726058483124,232e3b08d10919ca24932ad0a0135e46119ecfd5,2.542159052154602e-07,aime24:p12:s1:seed12043,ca87cac4db8eb8d9ae8695bf4f4fad1775a3bf9b28fe340c3d7c22f6212eb615
0.6467772722244263,matched_path_accumulation_v1,4096,kivi_paper_g128,final,v1,target_token_NLL_delta,0.6468270421028137,232e3b08d10919ca24932ad0a0135e46119ecfd5,4.976987838745117e-05,aime24:p12:s1:seed12043,ca87cac4db8eb8d9ae8695bf4f4fad1775a3bf9b28fe340c3d7c22f6212eb615
0.0,matched_path_accumulation_v1,4096,kivi_paper_g128,final,v1,top1_disagreement,0.0,232e3b08d10919ca24932ad0a0135e46119ecfd5,0.0,aime24:p12:s1:seed12043,ca87cac4db8eb8d9ae8695bf4f4fad1775a3bf9b28fe340c3d7c22f6212eb615
3.611328125,matched_path_accumulation_v1,4096,kivi_paper_g128,final,v1,logit_max_abs_diff,3.6298828125,232e3b08d10919ca24932ad0a0135e46119ecfd5,0.0185546875,aime24:p12:s1:seed12043,ca87cac4db8eb8d9ae8695bf4f4fad1775a3bf9b28fe340c3d7c22f6212eb615
-2.384185791015625e-07,matched_path_accumulation_v1,128,kivi_paper_g128,final,v1,hidden_cosine_loss,2.0265579223632812e-06,232e3b08d10919ca24932ad0a0135e46119ecfd5,2.2649765014648438e-06,aime24:p6:s0:seed6042,3aaa4d1b0009ba297434f6ce9cc3b021533afdacc47013de66093911d7d70ffe
-0.00013321847654879093,matched_path_accumulation_v1,128,kivi_paper_g128,final,v1,hidden_relative_L2,0.001938515342772007,232e3b08d10919ca24932ad0a0135e46119ecfd5,0.002071733819320798,aime24:p6:s0:seed6042,3aaa4d1b0009ba297434f6ce9cc3b021533afdacc47013de66093911d7d70ffe
-0.00013321847654879093,matched_path_accumulation_v1,128,kivi_paper_g128,final,v1,attention_output_relative_L2,0.001938515342772007,232e3b08d10919ca24932ad0a0135e46119ecfd5,0.002071733819320798,aime24:p6:s0:seed6042,3aaa4d1b0009ba297434f6ce9cc3b021533afdacc47013de66093911d7d70ffe
-2.9520893605194942e-05,matched_path_accumulation_v1,128,kivi_paper_g128,final,v1,next_token_KL,3.6458206409406557e-07,232e3b08d10919ca24932ad0a0135e46119ecfd5,2.9885475669289008e-05,aime24:p6:s0:seed6042,3aaa4d1b0009ba297434f6ce9cc3b021533afdacc47013de66093911d7d70ffe
-7.516671981733225e-06,matched_path_accumulation_v1,128,kivi_paper_g128,final,v1,next_token_JS,4.278968290805096e-08,232e3b08d10919ca24932ad0a0135e46119ecfd5,7.559461664641276e-06,aime24:p6:s0:seed6042,3aaa4d1b0009ba297434f6ce9cc3b021533afdacc47013de66093911d7d70ffe
-0.006798744201660156,matched_path_accumulation_v1,128,kivi_paper_g128,final,v1,target_token_NLL_delta,-1.1265277862548828e-05,232e3b08d10919ca24932ad0a0135e46119ecfd5,0.006787478923797607,aime24:p6:s0:seed6042,3aaa4d1b0009ba297434f6ce9cc3b021533afdacc47013de66093911d7d70ffe
0.0,matched_path_accumulation_v1,128,kivi_paper_g128,final,v1,top1_disagreement,0.0,232e3b08d10919ca24932ad0a0135e46119ecfd5,0.0,aime24:p6:s0:seed6042,3aaa4d1b0009ba297434f6ce9cc3b021533afdacc47013de66093911d7d70ffe
-0.00390625,matched_path_accumulation_v1,128,kivi_paper_g128,final,v1,logit_max_abs_diff,0.0166015625,232e3b08d10919ca24932ad0a0135e46119ecfd5,0.0205078125,aime24:p6:s0:seed6042,3aaa4d1b0009ba297434f6ce9cc3b021533afdacc47013de66093911d7d70ffe
0.12788289785385132,matched_path_accumulation_v1,512,kivi_paper_g128,final,v1,hidden_cosine_loss,0.12788665294647217,232e3b08d10919ca24932ad0a0135e46119ecfd5,3.7550926208496094e-06,aime24:p6:s0:seed6042,3aaa4d1b0009ba297434f6ce9cc3b021533afdacc47013de66093911d7d70ffe
0.5104075318668038,matched_path_accumulation_v1,512,kivi_paper_g128,final,v1,hidden_relative_L2,0.5130038857460022,232e3b08d10919ca24932ad0a0135e46119ecfd5,0.002596353879198432,aime24:p6:s0:seed6042,3aaa4d1b0009ba297434f6ce9cc3b021533afdacc47013de66093911d7d70ffe
0.5104075318668038,matched_path_accumulation_v1,512,kivi_paper_g128,final,v1,attention_output_relative_L2,0.5130038857460022,232e3b08d10919ca24932ad0a0135e46119ecfd5,0.002596353879198432,aime24:p6:s0:seed6042,3aaa4d1b0009ba297434f6ce9cc3b021533afdacc47013de66093911d7d70ffe
0.0004700627539637736,matched_path_accumulation_v1,512,kivi_paper_g128,final,v1,next_token_KL,0.00047008664114400744,232e3b08d10919ca24932ad0a0135e46119ecfd5,2.3887180233828076e-08,aime24:p6:s0:seed6042,3aaa4d1b0009ba297434f6ce9cc3b021533afdacc47013de66093911d7d70ffe
0.00014311699487734586,matched_path_accumulation_v1,512,kivi_paper_g128,final,v1,next_token_JS,0.00014311699487734586,232e3b08d10919ca24932ad0a0135e46119ecfd5,0.0,aime24:p6:s0:seed6042,3aaa4d1b0009ba297434f6ce9cc3b021533afdacc47013de66093911d7d70ffe
0.0007842917111702263,matched_path_accumulation_v1,512,kivi_paper_g128,final,v1,target_token_NLL_delta,0.0007842917111702263,232e3b08d10919ca24932ad0a0135e46119ecfd5,0.0,aime24:p6:s0:seed6042,3aaa4d1b0009ba297434f6ce9cc3b021533afdacc47013de66093911d7d70ffe
0.0,matched_path_accumulation_v1,512,kivi_paper_g128,final,v1,top1_disagreement,0.0,232e3b08d10919ca24932ad0a0135e46119ecfd5,0.0,aime24:p6:s0:seed6042,3aaa4d1b0009ba297434f6ce9cc3b021533afdacc47013de66093911d7d70ffe
3.72265625,matched_path_accumulation_v1,512,kivi_paper_g128,final,v1,logit_max_abs_diff,3.7421875,232e3b08d10919ca24932ad0a0135e46119ecfd5,0.01953125,aime24:p6:s0:seed6042,3aaa4d1b0009ba297434f6ce9cc3b021533afdacc47013de66093911d7d70ffe
0.08558034896850586,matched_path_accumulation_v1,1024,kivi_paper_g128,final,v1,hidden_cosine_loss,0.08558249473571777,232e3b08d10919ca24932ad0a0135e46119ecfd5,2.1457672119140625e-06,aime24:p6:s0:seed6042,3aaa4d1b0009ba297434f6ce9cc3b021533afdacc47013de66093911d7d70ffe
0.40625381167046726,matched_path_accumulation_v1,1024,kivi_paper_g128,final,v1,hidden_relative_L2,0.40814563632011414,232e3b08d10919ca24932ad0a0135e46119ecfd5,0.0018918246496468782,aime24:p6:s0:seed6042,3aaa4d1b0009ba297434f6ce9cc3b021533afdacc47013de66093911d7d70ffe
0.40625381167046726,matched_path_accumulation_v1,1024,kivi_paper_g128,final,v1,attention_output_relative_L2,0.40814563632011414,232e3b08d10919ca24932ad0a0135e46119ecfd5,0.0018918246496468782,aime24:p6:s0:seed6042,3aaa4d1b0009ba297434f6ce9cc3b021533afdacc47013de66093911d7d70ffe
0.032307158363707345,matched_path_accumulation_v1,1024,kivi_paper_g128,final,v1,next_token_KL,0.03230718895792961,232e3b08d10919ca24932ad0a0135e46119ecfd5,3.0594222266699944e-08,aime24:p6:s0:seed6042,3aaa4d1b0009ba297434f6ce9cc3b021533afdacc47013de66093911d7d70ffe
0.010424209925771422,matched_path_accumulation_v1,1024,kivi_paper_g128,final,v1,next_token_JS,0.010424217209219933,232e3b08d10919ca24932ad0a0135e46119ecfd5,7.283448510975177e-09,aime24:p6:s0:seed6042,3aaa4d1b0009ba297434f6ce9cc3b021533afdacc47013de66093911d7d70ffe
0.055836357176303864,matched_path_accumulation_v1,1024,kivi_paper_g128,final,v1,target_token_NLL_delta,0.055832602083683014,232e3b08d10919ca24932ad0a0135e46119ecfd5,-3.7550926208496094e-06,aime24:p6:s0:seed6042,3aaa4d1b0009ba297434f6ce9cc3b021533afdacc47013de66093911d7d70ffe
0.0,matched_path_accumulation_v1,1024,kivi_paper_g128,final,v1,top1_disagreement,0.0,232e3b08d10919ca24932ad0a0135e46119ecfd5,0.0,aime24:p6:s0:seed6042,3aaa4d1b0009ba297434f6ce9cc3b021533afdacc47013de66093911d7d70ffe
5.421875,matched_path_accumulation_v1,1024,kivi_paper_g128,final,v1,logit_max_abs_diff,5.44140625,232e3b08d10919ca24932ad0a0135e46119ecfd5,0.01953125,aime24:p6:s0:seed6042,3aaa4d1b0009ba297434f6ce9cc3b021533afdacc47013de66093911d7d70ffe
0.060829877853393555,matched_path_accumulation_v1,2048,kivi_paper_g128,final,v1,hidden_cosine_loss,0.06083226203918457,232e3b08d10919ca24932ad0a0135e46119ecfd5,2.384185791015625e-06,aime24:p6:s0:seed6042,3aaa4d1b0009ba297434f6ce9cc3b021533afdacc47013de66093911d7d70ffe
0.34148904331959784,matched_path_accumulation_v1,2048,kivi_paper_g128,final,v1,hidden_relative_L2,0.34353628754615784,232e3b08d10919ca24932ad0a0135e46119ecfd5,0.0020472442265599966,aime24:p6:s0:seed6042,3aaa4d1b0009ba297434f6ce9cc3b021533afdacc47013de66093911d7d70ffe
0.34148904331959784,matched_path_accumulation_v1,2048,kivi_paper_g128,final,v1,attention_output_relative_L2,0.34353628754615784,232e3b08d10919ca24932ad0a0135e46119ecfd5,0.0020472442265599966,aime24:p6:s0:seed6042,3aaa4d1b0009ba297434f6ce9cc3b021533afdacc47013de66093911d7d70ffe
0.0014674428966259256,matched_path_accumulation_v1,2048,kivi_paper_g128,final,v1,next_token_KL,0.0014676314312964678,232e3b08d10919ca24932ad0a0135e46119ecfd5,1.885346705421398e-07,aime24:p6:s0:seed6042,3aaa4d1b0009ba297434f6ce9cc3b021533afdacc47013de66093911d7d70ffe
0.0004340108496734274,matched_path_accumulation_v1,2048,kivi_paper_g128,final,v1,next_token_JS,0.0004340788582339883,232e3b08d10919ca24932ad0a0135e46119ecfd5,6.800856056088378e-08,aime24:p6:s0:seed6042,3aaa4d1b0009ba297434f6ce9cc3b021533afdacc47013de66093911d7d70ffe
0.00301552377641201,matched_path_accumulation_v1,2048,kivi_paper_g128,final,v1,target_token_NLL_delta,0.002995522692799568,232e3b08d10919ca24932ad0a0135e46119ecfd5,-2.0001083612442017e-05,aime24:p6:s0:seed6042,3aaa4d1b0009ba297434f6ce9cc3b021533afdacc47013de66093911d7d70ffe
0.0,matched_path_accumulation_v1,2048,kivi_paper_g128,final,v1,top1_disagreement,0.0,232e3b08d10919ca24932ad0a0135e46119ecfd5,0.0,aime24:p6:s0:seed6042,3aaa4d1b0009ba297434f6ce9cc3b021533afdacc47013de66093911d7d70ffe
3.51953125,matched_path_accumulation_v1,2048,kivi_paper_g128,final,v1,logit_max_abs_diff,3.53515625,232e3b08d10919ca24932ad0a0135e46119ecfd5,0.015625,aime24:p6:s0:seed6042,3aaa4d1b0009ba297434f6ce9cc3b021533afdacc47013de66093911d7d70ffe
0.12751257419586182,matched_path_accumulation_v1,4096,kivi_paper_g128,final,v1,hidden_cosine_loss,0.12751638889312744,232e3b08d10919ca24932ad0a0135e46119ecfd5,3.814697265625e-06,aime24:p6:s0:seed6042,3aaa4d1b0009ba297434f6ce9cc3b021533afdacc47013de66093911d7d70ffe
0.5530641230288893,matched_path_accumulation_v1,4096,kivi_paper_g128,final,v1,hidden_relative_L2,0.5557090640068054,232e3b08d10919ca24932ad0a0135e46119ecfd5,0.0026449409779161215,aime24:p6:s0:seed6042,3aaa4d1b0009ba297434f6ce9cc3b021533afdacc47013de66093911d7d70ffe
0.5530641230288893,matched_path_accumulation_v1,4096,kivi_paper_g128,final,v1,attention_output_relative_L2,0.5557090640068054,232e3b08d10919ca24932ad0a0135e46119ecfd5,0.0026449409779161215,aime24:p6:s0:seed6042,3aaa4d1b0009ba297434f6ce9cc3b021533afdacc47013de66093911d7d70ffe
0.005460758227854967,matched_path_accumulation_v1,4096,kivi_paper_g128,final,v1,next_token_KL,0.005460758227854967,232e3b08d10919ca24932ad0a0135e46119ecfd5,0.0,aime24:p6:s0:seed6042,3aaa4d1b0009ba297434f6ce9cc3b021533afdacc47013de66093911d7d70ffe
0.0018626583517313833,matched_path_accumulation_v1,4096,kivi_paper_g128,final,v1,next_token_JS,0.001862662727944553,232e3b08d10919ca24932ad0a0135e46119ecfd5,4.376213169621224e-09,aime24:p6:s0:seed6042,3aaa4d1b0009ba297434f6ce9cc3b021533afdacc47013de66093911d7d70ffe
0.005718451429856941,matched_path_accumulation_v1,4096,kivi_paper_g128,final,v1,target_token_NLL_delta,0.0057179746218025684,232e3b08d10919ca24932ad0a0135e46119ecfd5,-4.7680805437266827e-07,aime24:p6:s0:seed6042,3aaa4d1b0009ba297434f6ce9cc3b021533afdacc47013de66093911d7d70ffe
0.0,matched_path_accumulation_v1,4096,kivi_paper_g128,final,v1,top1_disagreement,0.0,232e3b08d10919ca24932ad0a0135e46119ecfd5,0.0,aime24:p6:s0:seed6042,3aaa4d1b0009ba297434f6ce9cc3b021533afdacc47013de66093911d7d70ffe
7.734375,matched_path_accumulation_v1,4096,kivi_paper_g128,final,v1,logit_max_abs_diff,7.765625,232e3b08d10919ca24932ad0a0135e46119ecfd5,0.03125,aime24:p6:s0:seed6042,3aaa4d1b0009ba297434f6ce9cc3b021533afdacc47013de66093911d7d70ffe
1.7881393432617188e-07,matched_path_accumulation_v1,128,kivi_paper_g128,final,v1,hidden_cosine_loss,1.7881393432617188e-06,232e3b08d10919ca24932ad0a0135e46119ecfd5,1.6093254089355469e-06,aime24:p6:s1:seed6043,bdc5380c721a7d62393b67524bb3065580c4b13dffda573ae8f1238fbd86cb01
7.913250010460615e-05,matched_path_accumulation_v1,128,kivi_paper_g128,final,v1,hidden_relative_L2,0.0016405596397817135,232e3b08d10919ca24932ad0a0135e46119ecfd5,0.0015614271396771073,aime24:p6:s1:seed6043,bdc5380c721a7d62393b67524bb3065580c4b13dffda573ae8f1238fbd86cb01
7.913250010460615e-05,matched_path_accumulation_v1,128,kivi_paper_g128,final,v1,attention_output_relative_L2,0.0016405596397817135,232e3b08d10919ca24932ad0a0135e46119ecfd5,0.0015614271396771073,aime24:p6:s1:seed6043,bdc5380c721a7d62393b67524bb3065580c4b13dffda573ae8f1238fbd86cb01
-1.3816976206726395e-05,matched_path_accumulation_v1,128,kivi_paper_g128,final,v1,next_token_KL,7.664404620300047e-06,232e3b08d10919ca24932ad0a0135e46119ecfd5,2.148138082702644e-05,aime24:p6:s1:seed6043,bdc5380c721a7d62393b67524bb3065580c4b13dffda573ae8f1238fbd86cb01
-3.462773747742176e-06,matched_path_accumulation_v1,128,kivi_paper_g128,final,v1,next_token_JS,1.946092197613325e-06,232e3b08d10919ca24932ad0a0135e46119ecfd5,5.408865945355501e-06,aime24:p6:s1:seed6043,bdc5380c721a7d62393b67524bb3065580c4b13dffda573ae8f1238fbd86cb01
0.0032184720039367676,matched_path_accumulation_v1,128,kivi_paper_g128,final,v1,target_token_NLL_delta,-0.00041174888610839844,232e3b08d10919ca24932ad0a0135e46119ecfd5,-0.003630220890045166,aime24:p6:s1:seed6043,bdc5380c721a7d62393b67524bb3065580c4b13dffda573ae8f1238fbd86cb01
0.0,matched_path_accumulation_v1,128,kivi_paper_g128,final,v1,top1_disagreement,0.0,232e3b08d10919ca24932ad0a0135e46119ecfd5,0.0,aime24:p6:s1:seed6043,bdc5380c721a7d62393b67524bb3065580c4b13dffda573ae8f1238fbd86cb01
0.0078125,matched_path_accumulation_v1,128,kivi_paper_g128,final,v1,logit_max_abs_diff,0.0234375,232e3b08d10919ca24932ad0a0135e46119ecfd5,0.015625,aime24:p6:s1:seed6043,bdc5380c721a7d62393b67524bb3065580c4b13dffda573ae8f1238fbd86cb01
0.058567166328430176,matched_path_accumulation_v1,512,kivi_paper_g128,final,v1,hidden_cosine_loss,0.05856883525848389,232e3b08d10919ca24932ad0a0135e46119ecfd5,1.6689300537109375e-06,aime24:p6:s1:seed6043,bdc5380c721a7d62393b67524bb3065580c4b13dffda573ae8f1238fbd86cb01
0.3416010256623849,matched_path_accumulation_v1,512,kivi_paper_g128,final,v1,hidden_relative_L2,0.3433322310447693,232e3b08d10919ca24932ad0a0135e46119ecfd5,0.0017312053823843598,aime24:p6:s1:seed6043,bdc5380c721a7d62393b67524bb3065580c4b13dffda573ae8f1238fbd86cb01
0.3416010256623849,matched_path_accumulation_v1,512,kivi_paper_g128,final,v1,attention_output_relative_L2,0.3433322310447693,232e3b08d10919ca24932ad0a0135e46119ecfd5,0.0017312053823843598,aime24:p6:s1:seed6043,bdc5380c721a7d62393b67524bb3065580c4b13dffda573ae8f1238fbd86cb01
0.34989658778795274,matched_path_accumulation_v1,512,kivi_paper_g128,final,v1,next_token_KL,0.34992459416389465,232e3b08d10919ca24932ad0a0135e46119ecfd5,2.8006375941913575e-05,aime24:p6:s1:seed6043,bdc5380c721a7d62393b67524bb3065580c4b13dffda573ae8f1238fbd86cb01
0.08698155319416401,matched_path_accumulation_v1,512,kivi_paper_g128,final,v1,next_token_JS,0.08698846399784088,232e3b08d10919ca24932ad0a0135e46119ecfd5,6.910803676873911e-06,aime24:p6:s1:seed6043,bdc5380c721a7d62393b67524bb3065580c4b13dffda573ae8f1238fbd86cb01
0.9428542852401733,matched_path_accumulation_v1,512,kivi_paper_g128,final,v1,target_token_NLL_delta,0.9482839703559875,232e3b08d10919ca24932ad0a0135e46119ecfd5,0.005429685115814209,aime24:p6:s1:seed6043,bdc5380c721a7d62393b67524bb3065580c4b13dffda573ae8f1238fbd86cb01
0.0,matched_path_accumulation_v1,512,kivi_paper_g128,final,v1,top1_disagreement,0.0,232e3b08d10919ca24932ad0a0135e46119ecfd5,0.0,aime24:p6:s1:seed6043,bdc5380c721a7d62393b67524bb3065580c4b13dffda573ae8f1238fbd86cb01
3.8603515625,matched_path_accumulation_v1,512,kivi_paper_g128,final,v1,logit_max_abs_diff,3.8759765625,232e3b08d10919ca24932ad0a0135e46119ecfd5,0.015625,aime24:p6:s1:seed6043,bdc5380c721a7d62393b67524bb3065580c4b13dffda573ae8f1238fbd86cb01
0.07712405920028687,matched_path_accumulation_v1,1024,kivi_paper_g128,final,v1,hidden_cosine_loss,0.0771259069442749,232e3b08d10919ca24932ad0a0135e46119ecfd5,1.8477439880371094e-06,aime24:p6:s1:seed6043,bdc5380c721a7d62393b67524bb3065580c4b13dffda573ae8f1238fbd86cb01
0.3861099239438772,matched_path_accumulation_v1,1024,kivi_paper_g128,final,v1,hidden_relative_L2,0.3878381848335266,232e3b08d10919ca24932ad0a0135e46119ecfd5,0.0017282608896493912,aime24:p6:s1:seed6043,bdc5380c721a7d62393b67524bb3065580c4b13dffda573ae8f1238fbd86cb01
0.3861099239438772,matched_path_accumulation_v1,1024,kivi_paper_g128,final,v1,attention_output_relative_L2,0.3878381848335266,232e3b08d10919ca24932ad0a0135e46119ecfd5,0.0017282608896493912,aime24:p6:s1:seed6043,bdc5380c721a7d62393b67524bb3065580c4b13dffda573ae8f1238fbd86cb01
0.5090992234918303,matched_path_accumulation_v1,1024,kivi_paper_g128,final,v1,next_token_KL,0.5091103911399841,232e3b08d10919ca24932ad0a0135e46119ecfd5,1.1167648153787013e-05,aime24:p6:s1:seed6043,bdc5380c721a7d62393b67524bb3065580c4b13dffda573ae8f1238fbd86cb01
0.1185103182997409,matched_path_accumulation_v1,1024,kivi_paper_g128,final,v1,next_token_JS,0.11851318180561066,232e3b08d10919ca24932ad0a0135e46119ecfd5,2.86350586975459e-06,aime24:p6:s1:seed6043,bdc5380c721a7d62393b67524bb3065580c4b13dffda573ae8f1238fbd86cb01
-1.0669260025024414,matched_path_accumulation_v1,1024,kivi_paper_g128,final,v1,target_token_NLL_delta,-1.0653173923492432,232e3b08d10919ca24932ad0a0135e46119ecfd5,0.0016086101531982422,aime24:p6:s1:seed6043,bdc5380c721a7d62393b67524bb3065580c4b13dffda573ae8f1238fbd86cb01
1.0,matched_path_accumulation_v1,1024,kivi_paper_g128,final,v1,top1_disagreement,1.0,232e3b08d10919ca24932ad0a0135e46119ecfd5,0.0,aime24:p6:s1:seed6043,bdc5380c721a7d62393b67524bb3065580c4b13dffda573ae8f1238fbd86cb01
3.4453125,matched_path_accumulation_v1,1024,kivi_paper_g128,final,v1,logit_max_abs_diff,3.4609375,232e3b08d10919ca24932ad0a0135e46119ecfd5,0.015625,aime24:p6:s1:seed6043,bdc5380c721a7d62393b67524bb3065580c4b13dffda573ae8f1238fbd86cb01
0.08750885725021362,matched_path_accumulation_v1,2048,kivi_paper_g128,final,v1,hidden_cosine_loss,0.08751475811004639,232e3b08d10919ca24932ad0a0135e46119ecfd5,5.900859832763672e-06,aime24:p6:s1:seed6043,bdc5380c721a7d62393b67524bb3065580c4b13dffda573ae8f1238fbd86cb01
0.43330636085011065,matched_path_accumulation_v1,2048,kivi_paper_g128,final,v1,hidden_relative_L2,0.4368135631084442,232e3b08d10919ca24932ad0a0135e46119ecfd5,0.003507202258333564,aime24:p6:s1:seed6043,bdc5380c721a7d62393b67524bb3065580c4b13dffda573ae8f1238fbd86cb01
0.43330636085011065,matched_path_accumulation_v1,2048,kivi_paper_g128,final,v1,attention_output_relative_L2,0.4368135631084442,232e3b08d10919ca24932ad0a0135e46119ecfd5,0.003507202258333564,aime24:p6:s1:seed6043,bdc5380c721a7d62393b67524bb3065580c4b13dffda573ae8f1238fbd86cb01
3.4134448604561385e-05,matched_path_accumulation_v1,2048,kivi_paper_g128,final,v1,next_token_KL,3.421152723603882e-05,232e3b08d10919ca24932ad0a0135e46119ecfd5,7.70786314774341e-08,aime24:p6:s1:seed6043,bdc5380c721a7d62393b67524bb3065580c4b13dffda573ae8f1238fbd86cb01
1.1297915131436298e-05,matched_path_accumulation_v1,2048,kivi_paper_g128,final,v1,next_token_JS,1.1298116987745743e-05,232e3b08d10919ca24932ad0a0135e46119ecfd5,2.0185630944524746e-10,aime24:p6:s1:seed6043,bdc5380c721a7d62393b67524bb3065580c4b13dffda573ae8f1238fbd86cb01
4.2318220948800445e-05,matched_path_accumulation_v1,2048,kivi_paper_g128,final,v1,target_token_NLL_delta,4.2318220948800445e-05,232e3b08d10919ca24932ad0a0135e46119ecfd5,0.0,aime24:p6:s1:seed6043,bdc5380c721a7d62393b67524bb3065580c4b13dffda573ae8f1238fbd86cb01
0.0,matched_path_accumulation_v1,2048,kivi_paper_g128,final,v1,top1_disagreement,0.0,232e3b08d10919ca24932ad0a0135e46119ecfd5,0.0,aime24:p6:s1:seed6043,bdc5380c721a7d62393b67524bb3065580c4b13dffda573ae8f1238fbd86cb01
5.294921875,matched_path_accumulation_v1,2048,kivi_paper_g128,final,v1,logit_max_abs_diff,5.341796875,232e3b08d10919ca24932ad0a0135e46119ecfd5,0.046875,aime24:p6:s1:seed6043,bdc5380c721a7d62393b67524bb3065580c4b13dffda573ae8f1238fbd86cb01
0.07975083589553833,matched_path_accumulation_v1,4096,kivi_paper_g128,final,v1,hidden_cosine_loss,0.07975339889526367,232e3b08d10919ca24932ad0a0135e46119ecfd5,2.562999725341797e-06,aime24:p6:s1:seed6043,bdc5380c721a7d62393b67524bb3065580c4b13dffda573ae8f1238fbd86cb01
0.4030338020529598,matched_path_accumulation_v1,4096,kivi_paper_g128,final,v1,hidden_relative_L2,0.4051119089126587,232e3b08d10919ca24932ad0a0135e46119ecfd5,0.0020781068596988916,aime24:p6:s1:seed6043,bdc5380c721a7d62393b67524bb3065580c4b13dffda573ae8f1238fbd86cb01
0.4030338020529598,matched_path_accumulation_v1,4096,kivi_paper_g128,final,v1,attention_output_relative_L2,0.4051119089126587,232e3b08d10919ca24932ad0a0135e46119ecfd5,0.0020781068596988916,aime24:p6:s1:seed6043,bdc5380c721a7d62393b67524bb3065580c4b13dffda573ae8f1238fbd86cb01
0.00012861882903791866,matched_path_accumulation_v1,4096,kivi_paper_g128,final,v1,next_token_KL,0.0001286443875869736,232e3b08d10919ca24932ad0a0135e46119ecfd5,2.5558549054949253e-08,aime24:p6:s1:seed6043,bdc5380c721a7d62393b67524bb3065580c4b13dffda573ae8f1238fbd86cb01
3.532638418635159e-05,matched_path_accumulation_v1,4096,kivi_paper_g128,final,v1,next_token_JS,3.5328237572684884e-05,232e3b08d10919ca24932ad0a0135e46119ecfd5,1.853386333294793e-09,aime24:p6:s1:seed6043,bdc5380c721a7d62393b67524bb3065580c4b13dffda573ae8f1238fbd86cb01
0.000899819191545248,matched_path_accumulation_v1,4096,kivi_paper_g128,final,v1,target_token_NLL_delta,0.0009001754224300385,232e3b08d10919ca24932ad0a0135e46119ecfd5,3.5623088479042053e-07,aime24:p6:s1:seed6043,bdc5380c721a7d62393b67524bb3065580c4b13dffda573ae8f1238fbd86cb01
0.0,matched_path_accumulation_v1,4096,kivi_paper_g128,final,v1,top1_disagreement,0.0,232e3b08d10919ca24932ad0a0135e46119ecfd5,0.0,aime24:p6:s1:seed6043,bdc5380c721a7d62393b67524bb3065580c4b13dffda573ae8f1238fbd86cb01
3.30078125,matched_path_accumulation_v1,4096,kivi_paper_g128,final,v1,logit_max_abs_diff,3.3203125,232e3b08d10919ca24932ad0a0135e46119ecfd5,0.01953125,aime24:p6:s1:seed6043,bdc5380c721a7d62393b67524bb3065580c4b13dffda573ae8f1238fbd86cb01
0.0701904296875,matched_path_accumulation_v1,128,kivi_paper_g128,final,v1,hidden_cosine_loss,0.07019323110580444,232e3b08d10919ca24932ad0a0135e46119ecfd5,2.8014183044433594e-06,aime24:p0:s0:seed42,7a50b9d97068ffc8a93d794fcdf6bac89e37ed85dd38b6abbdbbe8fb4c9a8f8a
0.3699989141896367,matched_path_accumulation_v1,128,kivi_paper_g128,final,v1,hidden_relative_L2,0.37220266461372375,232e3b08d10919ca24932ad0a0135e46119ecfd5,0.0022037504240870476,aime24:p0:s0:seed42,7a50b9d97068ffc8a93d794fcdf6bac89e37ed85dd38b6abbdbbe8fb4c9a8f8a
0.3699989141896367,matched_path_accumulation_v1,128,kivi_paper_g128,final,v1,attention_output_relative_L2,0.37220266461372375,232e3b08d10919ca24932ad0a0135e46119ecfd5,0.0022037504240870476,aime24:p0:s0:seed42,7a50b9d97068ffc8a93d794fcdf6bac89e37ed85dd38b6abbdbbe8fb4c9a8f8a
1.0634407259665295,matched_path_accumulation_v1,128,kivi_paper_g128,final,v1,next_token_KL,1.0634418725967407,232e3b08d10919ca24932ad0a0135e46119ecfd5,1.1466302112239646e-06,aime24:p0:s0:seed42,7a50b9d97068ffc8a93d794fcdf6bac89e37ed85dd38b6abbdbbe8fb4c9a8f8a
0.23370034689804697,matched_path_accumulation_v1,128,kivi_paper_g128,final,v1,next_token_JS,0.23370066285133362,232e3b08d10919ca24932ad0a0135e46119ecfd5,3.1595328664479894e-07,aime24:p0:s0:seed42,7a50b9d97068ffc8a93d794fcdf6bac89e37ed85dd38b6abbdbbe8fb4c9a8f8a
1.926762342453003,matched_path_accumulation_v1,128,kivi_paper_g128,final,v1,target_token_NLL_delta,1.9266386032104492,232e3b08d10919ca24932ad0a0135e46119ecfd5,-0.00012373924255371094,aime24:p0:s0:seed42,7a50b9d97068ffc8a93d794fcdf6bac89e37ed85dd38b6abbdbbe8fb4c9a8f8a
1.0,matched_path_accumulation_v1,128,kivi_paper_g128,final,v1,top1_disagreement,1.0,232e3b08d10919ca24932ad0a0135e46119ecfd5,0.0,aime24:p0:s0:seed42,7a50b9d97068ffc8a93d794fcdf6bac89e37ed85dd38b6abbdbbe8fb4c9a8f8a
3.61328125,matched_path_accumulation_v1,128,kivi_paper_g128,final,v1,logit_max_abs_diff,3.63671875,232e3b08d10919ca24932ad0a0135e46119ecfd5,0.0234375,aime24:p0:s0:seed42,7a50b9d97068ffc8a93d794fcdf6bac89e37ed85dd38b6abbdbbe8fb4c9a8f8a
0.03778564929962158,matched_path_accumulation_v1,512,kivi_paper_g128,final,v1,hidden_cosine_loss,0.037787556648254395,232e3b08d10919ca24932ad0a0135e46119ecfd5,1.9073486328125e-06,aime24:p0:s0:seed42,7a50b9d97068ffc8a93d794fcdf6bac89e37ed85dd38b6abbdbbe8fb4c9a8f8a
0.27838102995883673,matched_path_accumulation_v1,512,kivi_paper_g128,final,v1,hidden_relative_L2,0.28027021884918213,232e3b08d10919ca24932ad0a0135e46119ecfd5,0.0018891888903453946,aime24:p0:s0:seed42,7a50b9d97068ffc8a93d794fcdf6bac89e37ed85dd38b6abbdbbe8fb4c9a8f8a
0.27838102995883673,matched_path_accumulation_v1,512,kivi_paper_g128,final,v1,attention_output_relative_L2,0.28027021884918213,232e3b08d10919ca24932ad0a0135e46119ecfd5,0.0018891888903453946,aime24:p0:s0:seed42,7a50b9d97068ffc8a93d794fcdf6bac89e37ed85dd38b6abbdbbe8fb4c9a8f8a
8.974111984727529e-05,matched_path_accumulation_v1,512,kivi_paper_g128,final,v1,next_token_KL,8.975006494438276e-05,232e3b08d10919ca24932ad0a0135e46119ecfd5,8.945097107471156e-09,aime24:p0:s0:seed42,7a50b9d97068ffc8a93d794fcdf6bac89e37ed85dd38b6abbdbbe8fb4c9a8f8a
2.7479186620382734e-05,matched_path_accumulation_v1,512,kivi_paper_g128,final,v1,next_token_JS,2.750904968706891e-05,232e3b08d10919ca24932ad0a0135e46119ecfd5,2.9863066686175443e-08,aime24:p0:s0:seed42,7a50b9d97068ffc8a93d794fcdf6bac89e37ed85dd38b6abbdbbe8fb4c9a8f8a
0.00015410025662276894,matched_path_accumulation_v1,512,kivi_paper_g128,final,v1,target_token_NLL_delta,0.00015553053526673466,232e3b08d10919ca24932ad0a0135e46119ecfd5,1.4302786439657211e-06,aime24:p0:s0:seed42,7a50b9d97068ffc8a93d794fcdf6bac89e37ed85dd38b6abbdbbe8fb4c9a8f8a
0.0,matched_path_accumulation_v1,512,kivi_paper_g128,final,v1,top1_disagreement,0.0,232e3b08d10919ca24932ad0a0135e46119ecfd5,0.0,aime24:p0:s0:seed42,7a50b9d97068ffc8a93d794fcdf6bac89e37ed85dd38b6abbdbbe8fb4c9a8f8a
2.31201171875,matched_path_accumulation_v1,512,kivi_paper_g128,final,v1,logit_max_abs_diff,2.328125,232e3b08d10919ca24932ad0a0135e46119ecfd5,0.01611328125,aime24:p0:s0:seed42,7a50b9d97068ffc8a93d794fcdf6bac89e37ed85dd38b6abbdbbe8fb4c9a8f8a
0.13740861415863037,matched_path_accumulation_v1,1024,kivi_paper_g128,final,v1,hidden_cosine_loss,0.13741153478622437,232e3b08d10919ca24932ad0a0135e46119ecfd5,2.9206275939941406e-06,aime24:p0:s0:seed42,7a50b9d97068ffc8a93d794fcdf6bac89e37ed85dd38b6abbdbbe8fb4c9a8f8a
0.5321911696810275,matched_path_accumulation_v1,1024,kivi_paper_g128,final,v1,hidden_relative_L2,0.5345141291618347,232e3b08d10919ca24932ad0a0135e46119ecfd5,0.002322959480807185,aime24:p0:s0:seed42,7a50b9d97068ffc8a93d794fcdf6bac89e37ed85dd38b6abbdbbe8fb4c9a8f8a
0.5321911696810275,matched_path_accumulation_v1,1024,kivi_paper_g128,final,v1,attention_output_relative_L2,0.5345141291618347,232e3b08d10919ca24932ad0a0135e46119ecfd5,0.002322959480807185,aime24:p0:s0:seed42,7a50b9d97068ffc8a93d794fcdf6bac89e37ed85dd38b6abbdbbe8fb4c9a8f8a
0.11935557647133521,matched_path_accumulation_v1,1024,kivi_paper_g128,final,v1,next_token_KL,0.1193557158112526,232e3b08d10919ca24932ad0a0135e46119ecfd5,1.393399173821308e-07,aime24:p0:s0:seed42,7a50b9d97068ffc8a93d794fcdf6bac89e37ed85dd38b6abbdbbe8fb4c9a8f8a
0.04002867939478261,matched_path_accumulation_v1,1024,kivi_paper_g128,final,v1,next_token_JS,0.04002868011593819,232e3b08d10919ca24932ad0a0135e46119ecfd5,7.21155579697097e-10,aime24:p0:s0:seed42,7a50b9d97068ffc8a93d794fcdf6bac89e37ed85dd38b6abbdbbe8fb4c9a8f8a
0.12467295315582305,matched_path_accumulation_v1,1024,kivi_paper_g128,final,v1,target_token_NLL_delta,0.12465616315603256,232e3b08d10919ca24932ad0a0135e46119ecfd5,-1.6789999790489674e-05,aime24:p0:s0:seed42,7a50b9d97068ffc8a93d794fcdf6bac89e37ed85dd38b6abbdbbe8fb4c9a8f8a
0.0,matched_path_accumulation_v1,1024,kivi_paper_g128,final,v1,top1_disagreement,0.0,232e3b08d10919ca24932ad0a0135e46119ecfd5,0.0,aime24:p0:s0:seed42,7a50b9d97068ffc8a93d794fcdf6bac89e37ed85dd38b6abbdbbe8fb4c9a8f8a
6.32421875,matched_path_accumulation_v1,1024,kivi_paper_g128,final,v1,logit_max_abs_diff,6.34375,232e3b08d10919ca24932ad0a0135e46119ecfd5,0.01953125,aime24:p0:s0:seed42,7a50b9d97068ffc8a93d794fcdf6bac89e37ed85dd38b6abbdbbe8fb4c9a8f8a
0.1176113486289978,matched_path_accumulation_v1,2048,kivi_paper_g128,final,v1,hidden_cosine_loss,0.11761611700057983,232e3b08d10919ca24932ad0a0135e46119ecfd5,4.76837158203125e-06,aime24:p0:s0:seed42,7a50b9d97068ffc8a93d794fcdf6bac89e37ed85dd38b6abbdbbe8fb4c9a8f8a
0.5032897552009672,matched_path_accumulation_v1,2048,kivi_paper_g128,final,v1,hidden_relative_L2,0.5063298344612122,232e3b08d10919ca24932ad0a0135e46119ecfd5,0.0030400792602449656,aime24:p0:s0:seed42,7a50b9d97068ffc8a93d794fcdf6bac89e37ed85dd38b6abbdbbe8fb4c9a8f8a
0.5032897552009672,matched_path_accumulation_v1,2048,kivi_paper_g128,final,v1,attention_output_relative_L2,0.5063298344612122,232e3b08d10919ca24932ad0a0135e46119ecfd5,0.0030400792602449656,aime24:p0:s0:seed42,7a50b9d97068ffc8a93d794fcdf6bac89e37ed85dd38b6abbdbbe8fb4c9a8f8a
2.416501638435875e-05,matched_path_accumulation_v1,2048,kivi_paper_g128,final,v1,next_token_KL,2.4223505533882417e-05,232e3b08d10919ca24932ad0a0135e46119ecfd5,5.848914952366613e-08,aime24:p0:s0:seed42,7a50b9d97068ffc8a93d794fcdf6bac89e37ed85dd38b6abbdbbe8fb4c9a8f8a
7.863333185476051e-06,matched_path_accumulation_v1,2048,kivi_paper_g128,final,v1,next_token_JS,7.863816790631972e-06,232e3b08d10919ca24932ad0a0135e46119ecfd5,4.836051559209409e-10,aime24:p0:s0:seed42,7a50b9d97068ffc8a93d794fcdf6bac89e37ed85dd38b6abbdbbe8fb4c9a8f8a
3.4927315937238745e-05,matched_path_accumulation_v1,2048,kivi_paper_g128,final,v1,target_token_NLL_delta,3.480810846667737e-05,232e3b08d10919ca24932ad0a0135e46119ecfd5,-1.192074705613777e-07,aime24:p0:s0:seed42,7a50b9d97068ffc8a93d794fcdf6bac89e37ed85dd38b6abbdbbe8fb4c9a8f8a
0.0,matched_path_accumulation_v1,2048,kivi_paper_g128,final,v1,top1_disagreement,0.0,232e3b08d10919ca24932ad0a0135e46119ecfd5,0.0,aime24:p0:s0:seed42,7a50b9d97068ffc8a93d794fcdf6bac89e37ed85dd38b6abbdbbe8fb4c9a8f8a
4.32666015625,matched_path_accumulation_v1,2048,kivi_paper_g128,final,v1,logit_max_abs_diff,4.35791015625,232e3b08d10919ca24932ad0a0135e46119ecfd5,0.03125,aime24:p0:s0:seed42,7a50b9d97068ffc8a93d794fcdf6bac89e37ed85dd38b6abbdbbe8fb4c9a8f8a
0.09697967767715454,matched_path_accumulation_v1,4096,kivi_paper_g128,final,v1,hidden_cosine_loss,0.09698200225830078,232e3b08d10919ca24932ad0a0135e46119ecfd5,2.3245811462402344e-06,aime24:p0:s0:seed42,7a50b9d97068ffc8a93d794fcdf6bac89e37ed85dd38b6abbdbbe8fb4c9a8f8a
0.45399405574426055,matched_path_accumulation_v1,4096,kivi_paper_g128,final,v1,hidden_relative_L2,0.45595434308052063,232e3b08d10919ca24932ad0a0135e46119ecfd5,0.0019602873362600803,aime24:p0:s0:seed42,7a50b9d97068ffc8a93d794fcdf6bac89e37ed85dd38b6abbdbbe8fb4c9a8f8a
0.45399405574426055,matched_path_accumulation_v1,4096,kivi_paper_g128,final,v1,attention_output_relative_L2,0.45595434308052063,232e3b08d10919ca24932ad0a0135e46119ecfd5,0.0019602873362600803,aime24:p0:s0:seed42,7a50b9d97068ffc8a93d794fcdf6bac89e37ed85dd38b6abbdbbe8fb4c9a8f8a
0.001501091641262553,matched_path_accumulation_v1,4096,kivi_paper_g128,final,v1,next_token_KL,0.0015010932693257928,232e3b08d10919ca24932ad0a0135e46119ecfd5,1.6280632397780437e-09,aime24:p0:s0:seed42,7a50b9d97068ffc8a93d794fcdf6bac89e37ed85dd38b6abbdbbe8fb4c9a8f8a
0.000493881680918129,matched_path_accumulation_v1,4096,kivi_paper_g128,final,v1,next_token_JS,0.0004938911297358572,232e3b08d10919ca24932ad0a0135e46119ecfd5,9.448817728241465e-09,aime24:p0:s0:seed42,7a50b9d97068ffc8a93d794fcdf6bac89e37ed85dd38b6abbdbbe8fb4c9a8f8a
0.0017853007884696126,matched_path_accumulation_v1,4096,kivi_paper_g128,final,v1,target_token_NLL_delta,0.0017853007884696126,232e3b08d10919ca24932ad0a0135e46119ecfd5,0.0,aime24:p0:s0:seed42,7a50b9d97068ffc8a93d794fcdf6bac89e37ed85dd38b6abbdbbe8fb4c9a8f8a
0.0,matched_path_accumulation_v1,4096,kivi_paper_g128,final,v1,top1_disagreement,0.0,232e3b08d10919ca24932ad0a0135e46119ecfd5,0.0,aime24:p0:s0:seed42,7a50b9d97068ffc8a93d794fcdf6bac89e37ed85dd38b6abbdbbe8fb4c9a8f8a
4.828125,matched_path_accumulation_v1,4096,kivi_paper_g128,final,v1,logit_max_abs_diff,4.84375,232e3b08d10919ca24932ad0a0135e46119ecfd5,0.015625,aime24:p0:s0:seed42,7a50b9d97068ffc8a93d794fcdf6bac89e37ed85dd38b6abbdbbe8fb4c9a8f8a
0.0,matched_path_accumulation_v1,128,kivi_paper_g128,final,v1,hidden_cosine_loss,2.9206275939941406e-06,232e3b08d10919ca24932ad0a0135e46119ecfd5,2.9206275939941406e-06,aime24:p11:s1:seed11043,437efafa63f236f96af74b80dfc1ee0897d780c1db5b68f052079544eea26327
-3.3460091799497604e-06,matched_path_accumulation_v1,128,kivi_paper_g128,final,v1,hidden_relative_L2,0.0022844597697257996,232e3b08d10919ca24932ad0a0135e46119ecfd5,0.0022878057789057493,aime24:p11:s1:seed11043,437efafa63f236f96af74b80dfc1ee0897d780c1db5b68f052079544eea26327
-3.3460091799497604e-06,matched_path_accumulation_v1,128,kivi_paper_g128,final,v1,attention_output_relative_L2,0.0022844597697257996,232e3b08d10919ca24932ad0a0135e46119ecfd5,0.0022878057789057493,aime24:p11:s1:seed11043,437efafa63f236f96af74b80dfc1ee0897d780c1db5b68f052079544eea26327
-2.4497348931618035e-06,matched_path_accumulation_v1,128,kivi_paper_g128,final,v1,next_token_KL,1.601905569259543e-05,232e3b08d10919ca24932ad0a0135e46119ecfd5,1.8468790585757233e-05,aime24:p11:s1:seed11043,437efafa63f236f96af74b80dfc1ee0897d780c1db5b68f052079544eea26327
-6.310233402473386e-07,matched_path_accumulation_v1,128,kivi_paper_g128,final,v1,next_token_JS,3.983662281825673e-06,232e3b08d10919ca24932ad0a0135e46119ecfd5,4.6146856220730115e-06,aime24:p11:s1:seed11043,437efafa63f236f96af74b80dfc1ee0897d780c1db5b68f052079544eea26327
-0.004419684410095215,matched_path_accumulation_v1,128,kivi_paper_g128,final,v1,target_token_NLL_delta,-0.0024241209030151367,232e3b08d10919ca24932ad0a0135e46119ecfd5,0.001995563507080078,aime24:p11:s1:seed11043,437efafa63f236f96af74b80dfc1ee0897d780c1db5b68f052079544eea26327
0.0,matched_path_accumulation_v1,128,kivi_paper_g128,final,v1,top1_disagreement,0.0,232e3b08d10919ca24932ad0a0135e46119ecfd5,0.0,aime24:p11:s1:seed11043,437efafa63f236f96af74b80dfc1ee0897d780c1db5b68f052079544eea26327
0.0,matched_path_accumulation_v1,128,kivi_paper_g128,final,v1,logit_max_abs_diff,0.0234375,232e3b08d10919ca24932ad0a0135e46119ecfd5,0.0234375,aime24:p11:s1:seed11043,437efafa63f236f96af74b80dfc1ee0897d780c1db5b68f052079544eea26327
0.15520960092544556,matched_path_accumulation_v1,512,kivi_paper_g128,final,v1,hidden_cosine_loss,0.15521293878555298,232e3b08d10919ca24932ad0a0135e46119ecfd5,3.337860107421875e-06,aime24:p11:s1:seed11043,437efafa63f236f96af74b80dfc1ee0897d780c1db5b68f052079544eea26327
0.5678541467059404,matched_path_accumulation_v1,512,kivi_paper_g128,final,v1,hidden_relative_L2,0.5703130960464478,232e3b08d10919ca24932ad0a0135e46119ecfd5,0.002458949340507388,aime24:p11:s1:seed11043,437efafa63f236f96af74b80dfc1ee0897d780c1db5b68f052079544eea26327
0.5678541467059404,matched_path_accumulation_v1,512,kivi_paper_g128,final,v1,attention_output_relative_L2,0.5703130960464478,232e3b08d10919ca24932ad0a0135e46119ecfd5,0.002458949340507388,aime24:p11:s1:seed11043,437efafa63f236f96af74b80dfc1ee0897d780c1db5b68f052079544eea26327
0.1304562292925766,matched_path_accumulation_v1,512,kivi_paper_g128,final,v1,next_token_KL,0.1304624229669571,232e3b08d10919ca24932ad0a0135e46119ecfd5,6.1936743804835714e-06,aime24:p11:s1:seed11043,437efafa63f236f96af74b80dfc1ee0897d780c1db5b68f052079544eea26327
0.03126270465509151,matched_path_accumulation_v1,512,kivi_paper_g128,final,v1,next_token_JS,0.03126426786184311,232e3b08d10919ca24932ad0a0135e46119ecfd5,1.5632067515980452e-06,aime24:p11:s1:seed11043,437efafa63f236f96af74b80dfc1ee0897d780c1db5b68f052079544eea26327
0.07425403594970703,matched_path_accumulation_v1,512,kivi_paper_g128,final,v1,target_token_NLL_delta,0.075084388256073,232e3b08d10919ca24932ad0a0135e46119ecfd5,0.0008303523063659668,aime24:p11:s1:seed11043,437efafa63f236f96af74b80dfc1ee0897d780c1db5b68f052079544eea26327
0.0,matched_path_accumulation_v1,512,kivi_paper_g128,final,v1,top1_disagreement,0.0,232e3b08d10919ca24932ad0a0135e46119ecfd5,0.0,aime24:p11:s1:seed11043,437efafa63f236f96af74b80dfc1ee0897d780c1db5b68f052079544eea26327
5.537109375,matched_path_accumulation_v1,512,kivi_paper_g128,final,v1,logit_max_abs_diff,5.560546875,232e3b08d10919ca24932ad0a0135e46119ecfd5,0.0234375,aime24:p11:s1:seed11043,437efafa63f236f96af74b80dfc1ee0897d780c1db5b68f052079544eea26327
0.12890082597732544,matched_path_accumulation_v1,1024,kivi_paper_g128,final,v1,hidden_cosine_loss,0.12890273332595825,232e3b08d10919ca24932ad0a0135e46119ecfd5,1.9073486328125e-06,aime24:p11:s1:seed11043,437efafa63f236f96af74b80dfc1ee0897d780c1db5b68f052079544eea26327
0.5048783810343593,matched_path_accumulation_v1,1024,kivi_paper_g128,final,v1,hidden_relative_L2,0.506653904914856,232e3b08d10919ca24932ad0a0135e46119ecfd5,0.0017755238804966211,aime24:p11:s1:seed11043,437efafa63f236f96af74b80dfc1ee0897d780c1db5b68f052079544eea26327
0.5048783810343593,matched_path_accumulation_v1,1024,kivi_paper_g128,final,v1,attention_output_relative_L2,0.506653904914856,232e3b08d10919ca24932ad0a0135e46119ecfd5,0.0017755238804966211,aime24:p11:s1:seed11043,437efafa63f236f96af74b80dfc1ee0897d780c1db5b68f052079544eea26327
0.24624048263035547,matched_path_accumulation_v1,1024,kivi_paper_g128,final,v1,next_token_KL,0.2462439388036728,232e3b08d10919ca24932ad0a0135e46119ecfd5,3.4561733173177345e-06,aime24:p11:s1:seed11043,437efafa63f236f96af74b80dfc1ee0897d780c1db5b68f052079544eea26327
0.05528495738229822,matched_path_accumulation_v1,1024,kivi_paper_g128,final,v1,next_token_JS,0.055285800248384476,232e3b08d10919ca24932ad0a0135e46119ecfd5,8.428660862591641e-07,aime24:p11:s1:seed11043,437efafa63f236f96af74b80dfc1ee0897d780c1db5b68f052079544eea26327
0.041706204414367676,matched_path_accumulation_v1,1024,kivi_paper_g128,final,v1,target_token_NLL_delta,0.04139435291290283,232e3b08d10919ca24932ad0a0135e46119ecfd5,-0.00031185150146484375,aime24:p11:s1:seed11043,437efafa63f236f96af74b80dfc1ee0897d780c1db5b68f052079544eea26327
0.0,matched_path_accumulation_v1,1024,kivi_paper_g128,final,v1,top1_disagreement,0.0,232e3b08d10919ca24932ad0a0135e46119ecfd5,0.0,aime24:p11:s1:seed11043,437efafa63f236f96af74b80dfc1ee0897d780c1db5b68f052079544eea26327
5.91015625,matched_path_accumulation_v1,1024,kivi_paper_g128,final,v1,logit_max_abs_diff,5.9296875,232e3b08d10919ca24932ad0a0135e46119ecfd5,0.01953125,aime24:p11:s1:seed11043,437efafa63f236f96af74b80dfc1ee0897d780c1db5b68f052079544eea26327
0.07760196924209595,matched_path_accumulation_v1,2048,kivi_paper_g128,final,v1,hidden_cosine_loss,0.07760423421859741,232e3b08d10919ca24932ad0a0135e46119ecfd5,2.2649765014648438e-06,aime24:p11:s1:seed11043,437efafa63f236f96af74b80dfc1ee0897d780c1db5b68f052079544eea26327
0.3866554731503129,matched_path_accumulation_v1,2048,kivi_paper_g128,final,v1,hidden_relative_L2,0.3886648118495941,232e3b08d10919ca24932ad0a0135e46119ecfd5,0.0020093386992812157,aime24:p11:s1:seed11043,437efafa63f236f96af74b80dfc1ee0897d780c1db5b68f052079544eea26327
0.3866554731503129,matched_path_accumulation_v1,2048,kivi_paper_g128,final,v1,attention_output_relative_L2,0.3886648118495941,232e3b08d10919ca24932ad0a0135e46119ecfd5,0.0020093386992812157,aime24:p11:s1:seed11043,437efafa63f236f96af74b80dfc1ee0897d780c1db5b68f052079544eea26327
0.2029097832419211,matched_path_accumulation_v1,2048,kivi_paper_g128,final,v1,next_token_KL,0.20292425155639648,232e3b08d10919ca24932ad0a0135e46119ecfd5,1.4468314475379884e-05,aime24:p11:s1:seed11043,437efafa63f236f96af74b80dfc1ee0897d780c1db5b68f052079544eea26327
0.05531081762910617,matched_path_accumulation_v1,2048,kivi_paper_g128,final,v1,next_token_JS,0.05531449243426323,232e3b08d10919ca24932ad0a0135e46119ecfd5,3.6748051570612006e-06,aime24:p11:s1:seed11043,437efafa63f236f96af74b80dfc1ee0897d780c1db5b68f052079544eea26327
0.4145853966474533,matched_path_accumulation_v1,2048,kivi_paper_g128,final,v1,target_token_NLL_delta,0.41673603653907776,232e3b08d10919ca24932ad0a0135e46119ecfd5,0.0021506398916244507,aime24:p11:s1:seed11043,437efafa63f236f96af74b80dfc1ee0897d780c1db5b68f052079544eea26327
0.0,matched_path_accumulation_v1,2048,kivi_paper_g128,final,v1,top1_disagreement,0.0,232e3b08d10919ca24932ad0a0135e46119ecfd5,0.0,aime24:p11:s1:seed11043,437efafa63f236f96af74b80dfc1ee0897d780c1db5b68f052079544eea26327
2.69921875,matched_path_accumulation_v1,2048,kivi_paper_g128,final,v1,logit_max_abs_diff,2.72265625,232e3b08d10919ca24932ad0a0135e46119ecfd5,0.0234375,aime24:p11:s1:seed11043,437efafa63f236f96af74b80dfc1ee0897d780c1db5b68f052079544eea26327
0.052474915981292725,matched_path_accumulation_v1,4096,kivi_paper_g128,final,v1,hidden_cosine_loss,0.05247700214385986,232e3b08d10919ca24932ad0a0135e46119ecfd5,2.086162567138672e-06,aime24:p11:s1:seed11043,437efafa63f236f96af74b80dfc1ee0897d780c1db5b68f052079544eea26327
0.33367072814144194,matched_path_accumulation_v1,4096,kivi_paper_g128,final,v1,hidden_relative_L2,0.33564338088035583,232e3b08d10919ca24932ad0a0135e46119ecfd5,0.0019726527389138937,aime24:p11:s1:seed11043,437efafa63f236f96af74b80dfc1ee0897d780c1db5b68f052079544eea26327
0.33367072814144194,matched_path_accumulation_v1,4096,kivi_paper_g128,final,v1,attention_output_relative_L2,0.33564338088035583,232e3b08d10919ca24932ad0a0135e46119ecfd5,0.0019726527389138937,aime24:p11:s1:seed11043,437efafa63f236f96af74b80dfc1ee0897d780c1db5b68f052079544eea26327
1.078309790236709e-06,matched_path_accumulation_v1,4096,kivi_paper_g128,final,v1,next_token_KL,1.079049411600863e-06,232e3b08d10919ca24932ad0a0135e46119ecfd5,7.396213641541749e-10,aime24:p11:s1:seed11043,437efafa63f236f96af74b80dfc1ee0897d780c1db5b68f052079544eea26327
3.334727334547427e-07,matched_path_accumulation_v1,4096,kivi_paper_g128,final,v1,next_token_JS,3.334741336402658e-07,232e3b08d10919ca24932ad0a0135e46119ecfd5,1.4001855230816318e-12,aime24:p11:s1:seed11043,437efafa63f236f96af74b80dfc1ee0897d780c1db5b68f052079544eea26327
1.311301275563892e-06,matched_path_accumulation_v1,4096,kivi_paper_g128,final,v1,target_token_NLL_delta,1.311301275563892e-06,232e3b08d10919ca24932ad0a0135e46119ecfd5,0.0,aime24:p11:s1:seed11043,437efafa63f236f96af74b80dfc1ee0897d780c1db5b68f052079544eea26327
0.0,matched_path_accumulation_v1,4096,kivi_paper_g128,final,v1,top1_disagreement,0.0,232e3b08d10919ca24932ad0a0135e46119ecfd5,0.0,aime24:p11:s1:seed11043,437efafa63f236f96af74b80dfc1ee0897d780c1db5b68f052079544eea26327
3.123046875,matched_path_accumulation_v1,4096,kivi_paper_g128,final,v1,logit_max_abs_diff,3.140625,232e3b08d10919ca24932ad0a0135e46119ecfd5,0.017578125,aime24:p11:s1:seed11043,437efafa63f236f96af74b80dfc1ee0897d780c1db5b68f052079544eea26327
-1.1324882507324219e-06,matched_path_accumulation_v1,128,kivi_paper_g128,final,v1,hidden_cosine_loss,2.9802322387695312e-06,232e3b08d10919ca24932ad0a0135e46119ecfd5,4.112720489501953e-06,aime24:p15:s0:seed15042,822cea1aaf72daad98cf9ddb629a4d3a79650451920bd62395ce83a00ac9a58b
-0.0004252176731824875,matched_path_accumulation_v1,128,kivi_paper_g128,final,v1,hidden_relative_L2,0.002332690404728055,232e3b08d10919ca24932ad0a0135e46119ecfd5,0.0027579080779105425,aime24:p15:s0:seed15042,822cea1aaf72daad98cf9ddb629a4d3a79650451920bd62395ce83a00ac9a58b
-0.0004252176731824875,matched_path_accumulation_v1,128,kivi_paper_g128,final,v1,attention_output_relative_L2,0.002332690404728055,232e3b08d10919ca24932ad0a0135e46119ecfd5,0.0027579080779105425,aime24:p15:s0:seed15042,822cea1aaf72daad98cf9ddb629a4d3a79650451920bd62395ce83a00ac9a58b
-1.96071505342843e-06,matched_path_accumulation_v1,128,kivi_paper_g128,final,v1,next_token_KL,0.0,232e3b08d10919ca24932ad0a0135e46119ecfd5,1.96071505342843e-06,aime24:p15:s0:seed15042,822cea1aaf72daad98cf9ddb629a4d3a79650451920bd62395ce83a00ac9a58b
-5.207478741553473e-07,matched_path_accumulation_v1,128,kivi_paper_g128,final,v1,next_token_JS,9.965362757213825e-09,232e3b08d10919ca24932ad0a0135e46119ecfd5,5.307132369125611e-07,aime24:p15:s0:seed15042,822cea1aaf72daad98cf9ddb629a4d3a79650451920bd62395ce83a00ac9a58b
-0.00027379579842090607,matched_path_accumulation_v1,128,kivi_paper_g128,final,v1,target_token_NLL_delta,1.0542571544647217e-06,232e3b08d10919ca24932ad0a0135e46119ecfd5,0.0002748500555753708,aime24:p15:s0:seed15042,822cea1aaf72daad98cf9ddb629a4d3a79650451920bd62395ce83a00ac9a58b
0.0,matched_path_accumulation_v1,128,kivi_paper_g128,final,v1,top1_disagreement,0.0,232e3b08d10919ca24932ad0a0135e46119ecfd5,0.0,aime24:p15:s0:seed15042,822cea1aaf72daad98cf9ddb629a4d3a79650451920bd62395ce83a00ac9a58b
-0.0107421875,matched_path_accumulation_v1,128,kivi_paper_g128,final,v1,logit_max_abs_diff,0.01953125,232e3b08d10919ca24932ad0a0135e46119ecfd5,0.0302734375,aime24:p15:s0:seed15042,822cea1aaf72daad98cf9ddb629a4d3a79650451920bd62395ce83a00ac9a58b
0.05983686447143555,matched_path_accumulation_v1,512,kivi_paper_g128,final,v1,hidden_cosine_loss,0.05983865261077881,232e3b08d10919ca24932ad0a0135e46119ecfd5,1.7881393432617188e-06,aime24:p15:s0:seed15042,822cea1aaf72daad98cf9ddb629a4d3a79650451920bd62395ce83a00ac9a58b
0.34598372294567525,matched_path_accumulation_v1,512,kivi_paper_g128,final,v1,hidden_relative_L2,0.3476967513561249,232e3b08d10919ca24932ad0a0135e46119ecfd5,0.001713028410449624,aime24:p15:s0:seed15042,822cea1aaf72daad98cf9ddb629a4d3a79650451920bd62395ce83a00ac9a58b
0.34598372294567525,matched_path_accumulation_v1,512,kivi_paper_g128,final,v1,attention_output_relative_L2,0.3476967513561249,232e3b08d10919ca24932ad0a0135e46119ecfd5,0.001713028410449624,aime24:p15:s0:seed15042,822cea1aaf72daad98cf9ddb629a4d3a79650451920bd62395ce83a00ac9a58b
0.1480217959352359,matched_path_accumulation_v1,512,kivi_paper_g128,final,v1,next_token_KL,0.14802193641662598,232e3b08d10919ca24932ad0a0135e46119ecfd5,1.404813900762747e-07,aime24:p15:s0:seed15042,822cea1aaf72daad98cf9ddb629a4d3a79650451920bd62395ce83a00ac9a58b
0.047786302864551544,matched_path_accumulation_v1,512,kivi_paper_g128,final,v1,next_token_JS,0.047786302864551544,232e3b08d10919ca24932ad0a0135e46119ecfd5,0.0,aime24:p15:s0:seed15042,822cea1aaf72daad98cf9ddb629a4d3a79650451920bd62395ce83a00ac9a58b
0.16790354810655117,matched_path_accumulation_v1,512,kivi_paper_g128,final,v1,target_token_NLL_delta,0.16790319979190826,232e3b08d10919ca24932ad0a0135e46119ecfd5,-3.4831464290618896e-07,aime24:p15:s0:seed15042,822cea1aaf72daad98cf9ddb629a4d3a79650451920bd62395ce83a00ac9a58b
0.0,matched_path_accumulation_v1,512,kivi_paper_g128,final,v1,top1_disagreement,0.0,232e3b08d10919ca24932ad0a0135e46119ecfd5,0.0,aime24:p15:s0:seed15042,822cea1aaf72daad98cf9ddb629a4d3a79650451920bd62395ce83a00ac9a58b
4.046875,matched_path_accumulation_v1,512,kivi_paper_g128,final,v1,logit_max_abs_diff,4.0625,232e3b08d10919ca24932ad0a0135e46119ecfd5,0.015625,aime24:p15:s0:seed15042,822cea1aaf72daad98cf9ddb629a4d3a79650451920bd62395ce83a00ac9a58b
0.060624122619628906,matched_path_accumulation_v1,1024,kivi_paper_g128,final,v1,hidden_cosine_loss,0.060626089572906494,232e3b08d10919ca24932ad0a0135e46119ecfd5,1.9669532775878906e-06,aime24:p15:s0:seed15042,822cea1aaf72daad98cf9ddb629a4d3a79650451920bd62395ce83a00ac9a58b
0.34414596238639206,matched_path_accumulation_v1,1024,kivi_paper_g128,final,v1,hidden_relative_L2,0.34590041637420654,232e3b08d10919ca24932ad0a0135e46119ecfd5,0.001754453987814486,aime24:p15:s0:seed15042,822cea1aaf72daad98cf9ddb629a4d3a79650451920bd62395ce83a00ac9a58b
0.34414596238639206,matched_path_accumulation_v1,1024,kivi_paper_g128,final,v1,attention_output_relative_L2,0.34590041637420654,232e3b08d10919ca24932ad0a0135e46119ecfd5,0.001754453987814486,aime24:p15:s0:seed15042,822cea1aaf72daad98cf9ddb629a4d3a79650451920bd62395ce83a00ac9a58b
0.06315439607341489,matched_path_accumulation_v1,1024,kivi_paper_g128,final,v1,next_token_KL,0.06315448880195618,232e3b08d10919ca24932ad0a0135e46119ecfd5,9.272854128994368e-08,aime24:p15:s0:seed15042,822cea1aaf72daad98cf9ddb629a4d3a79650451920bd62395ce83a00ac9a58b
0.017910770342574267,matched_path_accumulation_v1,1024,kivi_paper_g128,final,v1,next_token_JS,0.017910771071910858,232e3b08d10919ca24932ad0a0135e46119ecfd5,7.293365911209548e-10,aime24:p15:s0:seed15042,822cea1aaf72daad98cf9ddb629a4d3a79650451920bd62395ce83a00ac9a58b
0.14732136577367783,matched_path_accumulation_v1,1024,kivi_paper_g128,final,v1,target_token_NLL_delta,0.14731796085834503,232e3b08d10919ca24932ad0a0135e46119ecfd5,-3.4049153327941895e-06,aime24:p15:s0:seed15042,822cea1aaf72daad98cf9ddb629a4d3a79650451920bd62395ce83a00ac9a58b
0.0,matched_path_accumulation_v1,1024,kivi_paper_g128,final,v1,top1_disagreement,0.0,232e3b08d10919ca24932ad0a0135e46119ecfd5,0.0,aime24:p15:s0:seed15042,822cea1aaf72daad98cf9ddb629a4d3a79650451920bd62395ce83a00ac9a58b
5.1640625,matched_path_accumulation_v1,1024,kivi_paper_g128,final,v1,logit_max_abs_diff,5.1796875,232e3b08d10919ca24932ad0a0135e46119ecfd5,0.015625,aime24:p15:s0:seed15042,822cea1aaf72daad98cf9ddb629a4d3a79650451920bd62395ce83a00ac9a58b
0.03350663185119629,matched_path_accumulation_v1,2048,kivi_paper_g128,final,v1,hidden_cosine_loss,0.0335078239440918,232e3b08d10919ca24932ad0a0135e46119ecfd5,1.1920928955078125e-06,aime24:p15:s0:seed15042,822cea1aaf72daad98cf9ddb629a4d3a79650451920bd62395ce83a00ac9a58b
0.2650704747065902,matched_path_accumulation_v1,2048,kivi_paper_g128,final,v1,hidden_relative_L2,0.26635903120040894,232e3b08d10919ca24932ad0a0135e46119ecfd5,0.00128855649381876,aime24:p15:s0:seed15042,822cea1aaf72daad98cf9ddb629a4d3a79650451920bd62395ce83a00ac9a58b
0.2650704747065902,matched_path_accumulation_v1,2048,kivi_paper_g128,final,v1,attention_output_relative_L2,0.26635903120040894,232e3b08d10919ca24932ad0a0135e46119ecfd5,0.00128855649381876,aime24:p15:s0:seed15042,822cea1aaf72daad98cf9ddb629a4d3a79650451920bd62395ce83a00ac9a58b
0.02581676095724106,matched_path_accumulation_v1,2048,kivi_paper_g128,final,v1,next_token_KL,0.02581676095724106,232e3b08d10919ca24932ad0a0135e46119ecfd5,0.0,aime24:p15:s0:seed15042,822cea1aaf72daad98cf9ddb629a4d3a79650451920bd62395ce83a00ac9a58b
0.006969144673554695,matched_path_accumulation_v1,2048,kivi_paper_g128,final,v1,next_token_JS,0.006969176232814789,232e3b08d10919ca24932ad0a0135e46119ecfd5,3.155926009412724e-08,aime24:p15:s0:seed15042,822cea1aaf72daad98cf9ddb629a4d3a79650451920bd62395ce83a00ac9a58b
0.10211062431335449,matched_path_accumulation_v1,2048,kivi_paper_g128,final,v1,target_token_NLL_delta,0.1021159291267395,232e3b08d10919ca24932ad0a0135e46119ecfd5,5.304813385009766e-06,aime24:p15:s0:seed15042,822cea1aaf72daad98cf9ddb629a4d3a79650451920bd62395ce83a00ac9a58b
0.0,matched_path_accumulation_v1,2048,kivi_paper_g128,final,v1,top1_disagreement,0.0,232e3b08d10919ca24932ad0a0135e46119ecfd5,0.0,aime24:p15:s0:seed15042,822cea1aaf72daad98cf9ddb629a4d3a79650451920bd62395ce83a00ac9a58b
3.00390625,matched_path_accumulation_v1,2048,kivi_paper_g128,final,v1,logit_max_abs_diff,3.015625,232e3b08d10919ca24932ad0a0135e46119ecfd5,0.01171875,aime24:p15:s0:seed15042,822cea1aaf72daad98cf9ddb629a4d3a79650451920bd62395ce83a00ac9a58b
0.1625915765762329,matched_path_accumulation_v1,4096,kivi_paper_g128,final,v1,hidden_cosine_loss,0.16259616613388062,232e3b08d10919ca24932ad0a0135e46119ecfd5,4.589557647705078e-06,aime24:p15:s0:seed15042,822cea1aaf72daad98cf9ddb629a4d3a79650451920bd62395ce83a00ac9a58b
0.5775581321213394,matched_path_accumulation_v1,4096,kivi_paper_g128,final,v1,hidden_relative_L2,0.5804502964019775,232e3b08d10919ca24932ad0a0135e46119ecfd5,0.0028921642806380987,aime24:p15:s0:seed15042,822cea1aaf72daad98cf9ddb629a4d3a79650451920bd62395ce83a00ac9a58b
0.5775581321213394,matched_path_accumulation_v1,4096,kivi_paper_g128,final,v1,attention_output_relative_L2,0.5804502964019775,232e3b08d10919ca24932ad0a0135e46119ecfd5,0.0028921642806380987,aime24:p15:s0:seed15042,822cea1aaf72daad98cf9ddb629a4d3a79650451920bd62395ce83a00ac9a58b
0.004604991991072893,matched_path_accumulation_v1,4096,kivi_paper_g128,final,v1,next_token_KL,0.004604991991072893,232e3b08d10919ca24932ad0a0135e46119ecfd5,0.0,aime24:p15:s0:seed15042,822cea1aaf72daad98cf9ddb629a4d3a79650451920bd62395ce83a00ac9a58b
0.0015101609751582146,matched_path_accumulation_v1,4096,kivi_paper_g128,final,v1,next_token_JS,0.0015101609751582146,232e3b08d10919ca24932ad0a0135e46119ecfd5,0.0,aime24:p15:s0:seed15042,822cea1aaf72daad98cf9ddb629a4d3a79650451920bd62395ce83a00ac9a58b
0.0055959406308829784,matched_path_accumulation_v1,4096,kivi_paper_g128,final,v1,target_token_NLL_delta,0.005599396303296089,232e3b08d10919ca24932ad0a0135e46119ecfd5,3.455672413110733e-06,aime24:p15:s0:seed15042,822cea1aaf72daad98cf9ddb629a4d3a79650451920bd62395ce83a00ac9a58b
0.0,matched_path_accumulation_v1,4096,kivi_paper_g128,final,v1,top1_disagreement,0.0,232e3b08d10919ca24932ad0a0135e46119ecfd5,0.0,aime24:p15:s0:seed15042,822cea1aaf72daad98cf9ddb629a4d3a79650451920bd62395ce83a00ac9a58b
6.0302734375,matched_path_accumulation_v1,4096,kivi_paper_g128,final,v1,logit_max_abs_diff,6.0546875,232e3b08d10919ca24932ad0a0135e46119ecfd5,0.0244140625,aime24:p15:s0:seed15042,822cea1aaf72daad98cf9ddb629a4d3a79650451920bd62395ce83a00ac9a58b
-1.3113021850585938e-06,matched_path_accumulation_v1,128,kivi_paper_g128,final,v1,hidden_cosine_loss,2.86102294921875e-06,232e3b08d10919ca24932ad0a0135e46119ecfd5,4.172325134277344e-06,aime24:p17:s0:seed17042,69e6e42dc75e6e4dd872f1d902c29c4269171195229da34733e720e66cc0cbb3
-0.0005424560513347387,matched_path_accumulation_v1,128,kivi_paper_g128,final,v1,hidden_relative_L2,0.002228955738246441,232e3b08d10919ca24932ad0a0135e46119ecfd5,0.0027714117895811796,aime24:p17:s0:seed17042,69e6e42dc75e6e4dd872f1d902c29c4269171195229da34733e720e66cc0cbb3
-0.0005424560513347387,matched_path_accumulation_v1,128,kivi_paper_g128,final,v1,attention_output_relative_L2,0.002228955738246441,232e3b08d10919ca24932ad0a0135e46119ecfd5,0.0027714117895811796,aime24:p17:s0:seed17042,69e6e42dc75e6e4dd872f1d902c29c4269171195229da34733e720e66cc0cbb3
-3.3615758184168953e-05,matched_path_accumulation_v1,128,kivi_paper_g128,final,v1,next_token_KL,1.0532326086831745e-05,232e3b08d10919ca24932ad0a0135e46119ecfd5,4.41480842710007e-05,aime24:p17:s0:seed17042,69e6e42dc75e6e4dd872f1d902c29c4269171195229da34733e720e66cc0cbb3
-8.532351102985558e-06,matched_path_accumulation_v1,128,kivi_paper_g128,final,v1,next_token_JS,2.636984163473244e-06,232e3b08d10919ca24932ad0a0135e46119ecfd5,1.1169335266458802e-05,aime24:p17:s0:seed17042,69e6e42dc75e6e4dd872f1d902c29c4269171195229da34733e720e66cc0cbb3
-0.01656055450439453,matched_path_accumulation_v1,128,kivi_paper_g128,final,v1,target_token_NLL_delta,-0.01413869857788086,232e3b08d10919ca24932ad0a0135e46119ecfd5,0.002421855926513672,aime24:p17:s0:seed17042,69e6e42dc75e6e4dd872f1d902c29c4269171195229da34733e720e66cc0cbb3
0.0,matched_path_accumulation_v1,128,kivi_paper_g128,final,v1,top1_disagreement,0.0,232e3b08d10919ca24932ad0a0135e46119ecfd5,0.0,aime24:p17:s0:seed17042,69e6e42dc75e6e4dd872f1d902c29c4269171195229da34733e720e66cc0cbb3
-0.005859375,matched_path_accumulation_v1,128,kivi_paper_g128,final,v1,logit_max_abs_diff,0.025390625,232e3b08d10919ca24932ad0a0135e46119ecfd5,0.03125,aime24:p17:s0:seed17042,69e6e42dc75e6e4dd872f1d902c29c4269171195229da34733e720e66cc0cbb3
0.12754583358764648,matched_path_accumulation_v1,512,kivi_paper_g128,final,v1,hidden_cosine_loss,0.1275491714477539,232e3b08d10919ca24932ad0a0135e46119ecfd5,3.337860107421875e-06,aime24:p17:s0:seed17042,69e6e42dc75e6e4dd872f1d902c29c4269171195229da34733e720e66cc0cbb3
0.5032145956065506,matched_path_accumulation_v1,512,kivi_paper_g128,final,v1,hidden_relative_L2,0.5057622790336609,232e3b08d10919ca24932ad0a0135e46119ecfd5,0.0025476834271103144,aime24:p17:s0:seed17042,69e6e42dc75e6e4dd872f1d902c29c4269171195229da34733e720e66cc0cbb3
0.5032145956065506,matched_path_accumulation_v1,512,kivi_paper_g128,final,v1,attention_output_relative_L2,0.5057622790336609,232e3b08d10919ca24932ad0a0135e46119ecfd5,0.0025476834271103144,aime24:p17:s0:seed17042,69e6e42dc75e6e4dd872f1d902c29c4269171195229da34733e720e66cc0cbb3
0.9882985658532562,matched_path_accumulation_v1,512,kivi_paper_g128,final,v1,next_token_KL,0.9883058667182922,232e3b08d10919ca24932ad0a0135e46119ecfd5,7.300865036086179e-06,aime24:p17:s0:seed17042,69e6e42dc75e6e4dd872f1d902c29c4269171195229da34733e720e66cc0cbb3
0.2568916773733463,matched_path_accumulation_v1,512,kivi_paper_g128,final,v1,next_token_JS,0.25689348578453064,232e3b08d10919ca24932ad0a0135e46119ecfd5,1.8084111843563733e-06,aime24:p17:s0:seed17042,69e6e42dc75e6e4dd872f1d902c29c4269171195229da34733e720e66cc0cbb3
1.2246892377734184,matched_path_accumulation_v1,512,kivi_paper_g128,final,v1,target_token_NLL_delta,1.2236863374710083,232e3b08d10919ca24932ad0a0135e46119ecfd5,-0.0010029003024101257,aime24:p17:s0:seed17042,69e6e42dc75e6e4dd872f1d902c29c4269171195229da34733e720e66cc0cbb3
1.0,matched_path_accumulation_v1,512,kivi_paper_g128,final,v1,top1_disagreement,1.0,232e3b08d10919ca24932ad0a0135e46119ecfd5,0.0,aime24:p17:s0:seed17042,69e6e42dc75e6e4dd872f1d902c29c4269171195229da34733e720e66cc0cbb3
4.580078125,matched_path_accumulation_v1,512,kivi_paper_g128,final,v1,logit_max_abs_diff,4.599609375,232e3b08d10919ca24932ad0a0135e46119ecfd5,0.01953125,aime24:p17:s0:seed17042,69e6e42dc75e6e4dd872f1d902c29c4269171195229da34733e720e66cc0cbb3
0.07890444993972778,matched_path_accumulation_v1,1024,kivi_paper_g128,final,v1,hidden_cosine_loss,0.0789065957069397,232e3b08d10919ca24932ad0a0135e46119ecfd5,2.1457672119140625e-06,aime24:p17:s0:seed17042,69e6e42dc75e6e4dd872f1d902c29c4269171195229da34733e720e66cc0cbb3
0.40107653848826885,matched_path_accumulation_v1,1024,kivi_paper_g128,final,v1,hidden_relative_L2,0.40306341648101807,232e3b08d10919ca24932ad0a0135e46119ecfd5,0.001986877992749214,aime24:p17:s0:seed17042,69e6e42dc75e6e4dd872f1d902c29c4269171195229da34733e720e66cc0cbb3
0.40107653848826885,matched_path_accumulation_v1,1024,kivi_paper_g128,final,v1,attention_output_relative_L2,0.40306341648101807,232e3b08d10919ca24932ad0a0135e46119ecfd5,0.001986877992749214,aime24:p17:s0:seed17042,69e6e42dc75e6e4dd872f1d902c29c4269171195229da34733e720e66cc0cbb3
5.128965131007135e-05,matched_path_accumulation_v1,1024,kivi_paper_g128,final,v1,next_token_KL,5.128965131007135e-05,232e3b08d10919ca24932ad0a0135e46119ecfd5,0.0,aime24:p17:s0:seed17042,69e6e42dc75e6e4dd872f1d902c29c4269171195229da34733e720e66cc0cbb3
1.6692572694765317e-05,matched_path_accumulation_v1,1024,kivi_paper_g128,final,v1,next_token_JS,1.6692767530912533e-05,232e3b08d10919ca24932ad0a0135e46119ecfd5,1.9483614721593767e-10,aime24:p17:s0:seed17042,69e6e42dc75e6e4dd872f1d902c29c4269171195229da34733e720e66cc0cbb3
6.50857755317702e-05,matched_path_accumulation_v1,1024,kivi_paper_g128,final,v1,target_token_NLL_delta,6.496656715171412e-05,232e3b08d10919ca24932ad0a0135e46119ecfd5,-1.1920838005607948e-07,aime24:p17:s0:seed17042,69e6e42dc75e6e4dd872f1d902c29c4269171195229da34733e720e66cc0cbb3
0.0,matched_path_accumulation_v1,1024,kivi_paper_g128,final,v1,top1_disagreement,0.0,232e3b08d10919ca24932ad0a0135e46119ecfd5,0.0,aime24:p17:s0:seed17042,69e6e42dc75e6e4dd872f1d902c29c4269171195229da34733e720e66cc0cbb3
3.015625,matched_path_accumulation_v1,1024,kivi_paper_g128,final,v1,logit_max_abs_diff,3.03125,232e3b08d10919ca24932ad0a0135e46119ecfd5,0.015625,aime24:p17:s0:seed17042,69e6e42dc75e6e4dd872f1d902c29c4269171195229da34733e720e66cc0cbb3
0.08076053857803345,matched_path_accumulation_v1,2048,kivi_paper_g128,final,v1,hidden_cosine_loss,0.08076393604278564,232e3b08d10919ca24932ad0a0135e46119ecfd5,3.3974647521972656e-06,aime24:p17:s0:seed17042,69e6e42dc75e6e4dd872f1d902c29c4269171195229da34733e720e66cc0cbb3
0.4068285475950688,matched_path_accumulation_v1,2048,kivi_paper_g128,final,v1,hidden_relative_L2,0.409312903881073,232e3b08d10919ca24932ad0a0135e46119ecfd5,0.0024843562860041857,aime24:p17:s0:seed17042,69e6e42dc75e6e4dd872f1d902c29c4269171195229da34733e720e66cc0cbb3
0.4068285475950688,matched_path_accumulation_v1,2048,kivi_paper_g128,final,v1,attention_output_relative_L2,0.409312903881073,232e3b08d10919ca24932ad0a0135e46119ecfd5,0.0024843562860041857,aime24:p17:s0:seed17042,69e6e42dc75e6e4dd872f1d902c29c4269171195229da34733e720e66cc0cbb3
0.00028592508169822395,matched_path_accumulation_v1,2048,kivi_paper_g128,final,v1,next_token_KL,0.00028592508169822395,232e3b08d10919ca24932ad0a0135e46119ecfd5,0.0,aime24:p17:s0:seed17042,69e6e42dc75e6e4dd872f1d902c29c4269171195229da34733e720e66cc0cbb3
8.895855390989027e-05,matched_path_accumulation_v1,2048,kivi_paper_g128,final,v1,next_token_JS,8.897995576262474e-05,232e3b08d10919ca24932ad0a0135e46119ecfd5,2.1401852734470594e-08,aime24:p17:s0:seed17042,69e6e42dc75e6e4dd872f1d902c29c4269171195229da34733e720e66cc0cbb3
0.00046224497782532126,matched_path_accumulation_v1,2048,kivi_paper_g128,final,v1,target_token_NLL_delta,0.0004641520790755749,232e3b08d10919ca24932ad0a0135e46119ecfd5,1.9071012502536178e-06,aime24:p17:s0:seed17042,69e6e42dc75e6e4dd872f1d902c29c4269171195229da34733e720e66cc0cbb3
0.0,matched_path_accumulation_v1,2048,kivi_paper_g128,final,v1,top1_disagreement,0.0,232e3b08d10919ca24932ad0a0135e46119ecfd5,0.0,aime24:p17:s0:seed17042,69e6e42dc75e6e4dd872f1d902c29c4269171195229da34733e720e66cc0cbb3
3.5234375,matched_path_accumulation_v1,2048,kivi_paper_g128,final,v1,logit_max_abs_diff,3.546875,232e3b08d10919ca24932ad0a0135e46119ecfd5,0.0234375,aime24:p17:s0:seed17042,69e6e42dc75e6e4dd872f1d902c29c4269171195229da34733e720e66cc0cbb3
0.16250169277191162,matched_path_accumulation_v1,4096,kivi_paper_g128,final,v1,hidden_cosine_loss,0.16250431537628174,232e3b08d10919ca24932ad0a0135e46119ecfd5,2.6226043701171875e-06,aime24:p17:s0:seed17042,69e6e42dc75e6e4dd872f1d902c29c4269171195229da34733e720e66cc0cbb3
0.5828498976770788,matched_path_accumulation_v1,4096,kivi_paper_g128,final,v1,hidden_relative_L2,0.5850527882575989,232e3b08d10919ca24932ad0a0135e46119ecfd5,0.002202890580520034,aime24:p17:s0:seed17042,69e6e42dc75e6e4dd872f1d902c29c4269171195229da34733e720e66cc0cbb3
0.5828498976770788,matched_path_accumulation_v1,4096,kivi_paper_g128,final,v1,attention_output_relative_L2,0.5850527882575989,232e3b08d10919ca24932ad0a0135e46119ecfd5,0.002202890580520034,aime24:p17:s0:seed17042,69e6e42dc75e6e4dd872f1d902c29c4269171195229da34733e720e66cc0cbb3
0.0002499296700566589,matched_path_accumulation_v1,4096,kivi_paper_g128,final,v1,next_token_KL,0.00024994616978801787,232e3b08d10919ca24932ad0a0135e46119ecfd5,1.6499731358976533e-08,aime24:p17:s0:seed17042,69e6e42dc75e6e4dd872f1d902c29c4269171195229da34733e720e66cc0cbb3
8.450348549882136e-05,matched_path_accumulation_v1,4096,kivi_paper_g128,final,v1,next_token_JS,8.450353925582021e-05,232e3b08d10919ca24932ad0a0135e46119ecfd5,5.375699885235008e-11,aime24:p17:s0:seed17042,69e6e42dc75e6e4dd872f1d902c29c4269171195229da34733e720e66cc0cbb3
0.00026973284548148513,matched_path_accumulation_v1,4096,kivi_paper_g128,final,v1,target_token_NLL_delta,0.00026973284548148513,232e3b08d10919ca24932ad0a0135e46119ecfd5,0.0,aime24:p17:s0:seed17042,69e6e42dc75e6e4dd872f1d902c29c4269171195229da34733e720e66cc0cbb3
0.0,matched_path_accumulation_v1,4096,kivi_paper_g128,final,v1,top1_disagreement,0.0,232e3b08d10919ca24932ad0a0135e46119ecfd5,0.0,aime24:p17:s0:seed17042,69e6e42dc75e6e4dd872f1d902c29c4269171195229da34733e720e66cc0cbb3
8.2734375,matched_path_accumulation_v1,4096,kivi_paper_g128,final,v1,logit_max_abs_diff,8.296875,232e3b08d10919ca24932ad0a0135e46119ecfd5,0.0234375,aime24:p17:s0:seed17042,69e6e42dc75e6e4dd872f1d902c29c4269171195229da34733e720e66cc0cbb3
-1.1920928955078125e-07,matched_path_accumulation_v1,128,kivi_rolling_k2v2_s0_r128,final,v1,hidden_cosine_loss,2.205371856689453e-06,232e3b08d10919ca24932ad0a0135e46119ecfd5,2.3245811462402344e-06,aime24:p12:s0:seed12042,7754635042ebef112c4b83e17b7500a20db8f14bba0fb44fd8575864e04baa05
1.2018019333481789e-05,matched_path_accumulation_v1,128,kivi_rolling_k2v2_s0_r128,final,v1,hidden_relative_L2,0.0020886568818241358,232e3b08d10919ca24932ad0a0135e46119ecfd5,0.002076638862490654,aime24:p12:s0:seed12042,7754635042ebef112c4b83e17b7500a20db8f14bba0fb44fd8575864e04baa05
1.2018019333481789e-05,matched_path_accumulation_v1,128,kivi_rolling_k2v2_s0_r128,final,v1,attention_output_relative_L2,0.0020886568818241358,232e3b08d10919ca24932ad0a0135e46119ecfd5,0.002076638862490654,aime24:p12:s0:seed12042,7754635042ebef112c4b83e17b7500a20db8f14bba0fb44fd8575864e04baa05
1.662789905765294e-08,matched_path_accumulation_v1,128,kivi_rolling_k2v2_s0_r128,final,v1,next_token_KL,1.662789905765294e-08,232e3b08d10919ca24932ad0a0135e46119ecfd5,0.0,aime24:p12:s0:seed12042,7754635042ebef112c4b83e17b7500a20db8f14bba0fb44fd8575864e04baa05
-1.3964607248340144e-10,matched_path_accumulation_v1,128,kivi_rolling_k2v2_s0_r128,final,v1,next_token_JS,9.671596856719589e-11,232e3b08d10919ca24932ad0a0135e46119ecfd5,2.3636204105059733e-10,aime24:p12:s0:seed12042,7754635042ebef112c4b83e17b7500a20db8f14bba0fb44fd8575864e04baa05
1.1920838005607948e-07,matched_path_accumulation_v1,128,kivi_rolling_k2v2_s0_r128,final,v1,target_token_NLL_delta,0.0,232e3b08d10919ca24932ad0a0135e46119ecfd5,-1.1920838005607948e-07,aime24:p12:s0:seed12042,7754635042ebef112c4b83e17b7500a20db8f14bba0fb44fd8575864e04baa05
0.0,matched_path_accumulation_v1,128,kivi_rolling_k2v2_s0_r128,final,v1,top1_disagreement,0.0,232e3b08d10919ca24932ad0a0135e46119ecfd5,0.0,aime24:p12:s0:seed12042,7754635042ebef112c4b83e17b7500a20db8f14bba0fb44fd8575864e04baa05
-0.00390625,matched_path_accumulation_v1,128,kivi_rolling_k2v2_s0_r128,final,v1,logit_max_abs_diff,0.01953125,232e3b08d10919ca24932ad0a0135e46119ecfd5,0.0234375,aime24:p12:s0:seed12042,7754635042ebef112c4b83e17b7500a20db8f14bba0fb44fd8575864e04baa05
0.12717550992965698,matched_path_accumulation_v1,512,kivi_rolling_k2v2_s0_r128,final,v1,hidden_cosine_loss,0.12717831134796143,232e3b08d10919ca24932ad0a0135e46119ecfd5,2.8014183044433594e-06,aime24:p12:s0:seed12042,7754635042ebef112c4b83e17b7500a20db8f14bba0fb44fd8575864e04baa05
0.4930755221284926,matched_path_accumulation_v1,512,kivi_rolling_k2v2_s0_r128,final,v1,hidden_relative_L2,0.4954034984111786,232e3b08d10919ca24932ad0a0135e46119ecfd5,0.002327976282685995,aime24:p12:s0:seed12042,7754635042ebef112c4b83e17b7500a20db8f14bba0fb44fd8575864e04baa05
0.4930755221284926,matched_path_accumulation_v1,512,kivi_rolling_k2v2_s0_r128,final,v1,attention_output_relative_L2,0.4954034984111786,232e3b08d10919ca24932ad0a0135e46119ecfd5,0.002327976282685995,aime24:p12:s0:seed12042,7754635042ebef112c4b83e17b7500a20db8f14bba0fb44fd8575864e04baa05
6.311258954383447e-05,matched_path_accumulation_v1,512,kivi_rolling_k2v2_s0_r128,final,v1,next_token_KL,6.347902672132477e-05,232e3b08d10919ca24932ad0a0135e46119ecfd5,3.6643717749029747e-07,aime24:p12:s0:seed12042,7754635042ebef112c4b83e17b7500a20db8f14bba0fb44fd8575864e04baa05
2.0969629932920952e-05,matched_path_accumulation_v1,512,kivi_rolling_k2v2_s0_r128,final,v1,next_token_JS,2.1012079741922207e-05,232e3b08d10919ca24932ad0a0135e46119ecfd5,4.2449809001254835e-08,aime24:p12:s0:seed12042,7754635042ebef112c4b83e17b7500a20db8f14bba0fb44fd8575864e04baa05
-0.00010190915782004595,matched_path_accumulation_v1,512,kivi_rolling_k2v2_s0_r128,final,v1,target_token_NLL_delta,-8.083740249276161e-05,232e3b08d10919ca24932ad0a0135e46119ecfd5,2.1071755327284336e-05,aime24:p12:s0:seed12042,7754635042ebef112c4b83e17b7500a20db8f14bba0fb44fd8575864e04baa05
0.0,matched_path_accumulation_v1,512,kivi_rolling_k2v2_s0_r128,final,v1,top1_disagreement,0.0,232e3b08d10919ca24932ad0a0135e46119ecfd5,0.0,aime24:p12:s0:seed12042,7754635042ebef112c4b83e17b7500a20db8f14bba0fb44fd8575864e04baa05
5.568359375,matched_path_accumulation_v1,512,kivi_rolling_k2v2_s0_r128,final,v1,logit_max_abs_diff,5.58984375,232e3b08d10919ca24932ad0a0135e46119ecfd5,0.021484375,aime24:p12:s0:seed12042,7754635042ebef112c4b83e17b7500a20db8f14bba0fb44fd8575864e04baa05
0.07788640260696411,matched_path_accumulation_v1,1024,kivi_rolling_k2v2_s0_r128,final,v1,hidden_cosine_loss,0.0778886079788208,232e3b08d10919ca24932ad0a0135e46119ecfd5,2.205371856689453e-06,aime24:p12:s0:seed12042,7754635042ebef112c4b83e17b7500a20db8f14bba0fb44fd8575864e04baa05
0.3915023684967309,matched_path_accumulation_v1,1024,kivi_rolling_k2v2_s0_r128,final,v1,hidden_relative_L2,0.3935371935367584,232e3b08d10919ca24932ad0a0135e46119ecfd5,0.002034825040027499,aime24:p12:s0:seed12042,7754635042ebef112c4b83e17b7500a20db8f14bba0fb44fd8575864e04baa05
0.3915023684967309,matched_path_accumulation_v1,1024,kivi_rolling_k2v2_s0_r128,final,v1,attention_output_relative_L2,0.3935371935367584,232e3b08d10919ca24932ad0a0135e46119ecfd5,0.002034825040027499,aime24:p12:s0:seed12042,7754635042ebef112c4b83e17b7500a20db8f14bba0fb44fd8575864e04baa05
0.013135006855407028,matched_path_accumulation_v1,1024,kivi_rolling_k2v2_s0_r128,final,v1,next_token_KL,0.013135022483766079,232e3b08d10919ca24932ad0a0135e46119ecfd5,1.5628359051333973e-08,aime24:p12:s0:seed12042,7754635042ebef112c4b83e17b7500a20db8f14bba0fb44fd8575864e04baa05
0.004092918862898642,matched_path_accumulation_v1,1024,kivi_rolling_k2v2_s0_r128,final,v1,next_token_JS,0.004092957824468613,232e3b08d10919ca24932ad0a0135e46119ecfd5,3.8961569970297205e-08,aime24:p12:s0:seed12042,7754635042ebef112c4b83e17b7500a20db8f14bba0fb44fd8575864e04baa05
0.020410087890923023,matched_path_accumulation_v1,1024,kivi_rolling_k2v2_s0_r128,final,v1,target_token_NLL_delta,0.02040344849228859,232e3b08d10919ca24932ad0a0135e46119ecfd5,-6.639398634433746e-06,aime24:p12:s0:seed12042,7754635042ebef112c4b83e17b7500a20db8f14bba0fb44fd8575864e04baa05
0.0,matched_path_accumulation_v1,1024,kivi_rolling_k2v2_s0_r128,final,v1,top1_disagreement,0.0,232e3b08d10919ca24932ad0a0135e46119ecfd5,0.0,aime24:p12:s0:seed12042,7754635042ebef112c4b83e17b7500a20db8f14bba0fb44fd8575864e04baa05
3.791015625,matched_path_accumulation_v1,1024,kivi_rolling_k2v2_s0_r128,final,v1,logit_max_abs_diff,3.814453125,232e3b08d10919ca24932ad0a0135e46119ecfd5,0.0234375,aime24:p12:s0:seed12042,7754635042ebef112c4b83e17b7500a20db8f14bba0fb44fd8575864e04baa05
0.059113264083862305,matched_path_accumulation_v1,2048,kivi_rolling_k2v2_s0_r128,final,v1,hidden_cosine_loss,0.05911517143249512,232e3b08d10919ca24932ad0a0135e46119ecfd5,1.9073486328125e-06,aime24:p12:s0:seed12042,7754635042ebef112c4b83e17b7500a20db8f14bba0fb44fd8575864e04baa05
0.3405921452213079,matched_path_accumulation_v1,2048,kivi_rolling_k2v2_s0_r128,final,v1,hidden_relative_L2,0.3423386216163635,232e3b08d10919ca24932ad0a0135e46119ecfd5,0.0017464763950556517,aime24:p12:s0:seed12042,7754635042ebef112c4b83e17b7500a20db8f14bba0fb44fd8575864e04baa05
0.3405921452213079,matched_path_accumulation_v1,2048,kivi_rolling_k2v2_s0_r128,final,v1,attention_output_relative_L2,0.3423386216163635,232e3b08d10919ca24932ad0a0135e46119ecfd5,0.0017464763950556517,aime24:p12:s0:seed12042,7754635042ebef112c4b83e17b7500a20db8f14bba0fb44fd8575864e04baa05
0.04510846139455715,matched_path_accumulation_v1,2048,kivi_rolling_k2v2_s0_r128,final,v1,next_token_KL,0.04510847106575966,232e3b08d10919ca24932ad0a0135e46119ecfd5,9.671202505501242e-09,aime24:p12:s0:seed12042,7754635042ebef112c4b83e17b7500a20db8f14bba0fb44fd8575864e04baa05
0.010823568030282615,matched_path_accumulation_v1,2048,kivi_rolling_k2v2_s0_r128,final,v1,next_token_JS,0.010823607444763184,232e3b08d10919ca24932ad0a0135e46119ecfd5,3.941448056821173e-08,aime24:p12:s0:seed12042,7754635042ebef112c4b83e17b7500a20db8f14bba0fb44fd8575864e04baa05
-0.09279543161392212,matched_path_accumulation_v1,2048,kivi_rolling_k2v2_s0_r128,final,v1,target_token_NLL_delta,-0.09279483556747437,232e3b08d10919ca24932ad0a0135e46119ecfd5,5.960464477539062e-07,aime24:p12:s0:seed12042,7754635042ebef112c4b83e17b7500a20db8f14bba0fb44fd8575864e04baa05
0.0,matched_path_accumulation_v1,2048,kivi_rolling_k2v2_s0_r128,final,v1,top1_disagreement,0.0,232e3b08d10919ca24932ad0a0135e46119ecfd5,0.0,aime24:p12:s0:seed12042,7754635042ebef112c4b83e17b7500a20db8f14bba0fb44fd8575864e04baa05
3.77734375,matched_path_accumulation_v1,2048,kivi_rolling_k2v2_s0_r128,final,v1,logit_max_abs_diff,3.796875,232e3b08d10919ca24932ad0a0135e46119ecfd5,0.01953125,aime24:p12:s0:seed12042,7754635042ebef112c4b83e17b7500a20db8f14bba0fb44fd8575864e04baa05
0.09974420070648193,matched_path_accumulation_v1,4096,kivi_rolling_k2v2_s0_r128,final,v1,hidden_cosine_loss,0.09974592924118042,232e3b08d10919ca24932ad0a0135e46119ecfd5,1.7285346984863281e-06,aime24:p12:s0:seed12042,7754635042ebef112c4b83e17b7500a20db8f14bba0fb44fd8575864e04baa05
0.4435439774533734,matched_path_accumulation_v1,4096,kivi_rolling_k2v2_s0_r128,final,v1,hidden_relative_L2,0.44528499245643616,232e3b08d10919ca24932ad0a0135e46119ecfd5,0.0017410150030627847,aime24:p12:s0:seed12042,7754635042ebef112c4b83e17b7500a20db8f14bba0fb44fd8575864e04baa05
0.4435439774533734,matched_path_accumulation_v1,4096,kivi_rolling_k2v2_s0_r128,final,v1,attention_output_relative_L2,0.44528499245643616,232e3b08d10919ca24932ad0a0135e46119ecfd5,0.0017410150030627847,aime24:p12:s0:seed12042,7754635042ebef112c4b83e17b7500a20db8f14bba0fb44fd8575864e04baa05
0.05605767016641039,matched_path_accumulation_v1,4096,kivi_rolling_k2v2_s0_r128,final,v1,next_token_KL,0.05605915188789368,232e3b08d10919ca24932ad0a0135e46119ecfd5,1.4817214832874015e-06,aime24:p12:s0:seed12042,7754635042ebef112c4b83e17b7500a20db8f14bba0fb44fd8575864e04baa05
0.016788631633914974,matched_path_accumulation_v1,4096,kivi_rolling_k2v2_s0_r128,final,v1,next_token_JS,0.016788924112915993,232e3b08d10919ca24932ad0a0135e46119ecfd5,2.924790010183642e-07,aime24:p12:s0:seed12042,7754635042ebef112c4b83e17b7500a20db8f14bba0fb44fd8575864e04baa05
0.11383086442947388,matched_path_accumulation_v1,4096,kivi_rolling_k2v2_s0_r128,final,v1,target_token_NLL_delta,0.11375176161527634,232e3b08d10919ca24932ad0a0135e46119ecfd5,-7.910281419754028e-05,aime24:p12:s0:seed12042,7754635042ebef112c4b83e17b7500a20db8f14bba0fb44fd8575864e04baa05
0.0,matched_path_accumulation_v1,4096,kivi_rolling_k2v2_s0_r128,final,v1,top1_disagreement,0.0,232e3b08d10919ca24932ad0a0135e46119ecfd5,0.0,aime24:p12:s0:seed12042,7754635042ebef112c4b83e17b7500a20db8f14bba0fb44fd8575864e04baa05
4.8349609375,matched_path_accumulation_v1,4096,kivi_rolling_k2v2_s0_r128,final,v1,logit_max_abs_diff,4.8515625,232e3b08d10919ca24932ad0a0135e46119ecfd5,0.0166015625,aime24:p12:s0:seed12042,7754635042ebef112c4b83e17b7500a20db8f14bba0fb44fd8575864e04baa05
1.7881393432617188e-07,matched_path_accumulation_v1,128,kivi_rolling_k2v2_s0_r128,final,v1,hidden_cosine_loss,1.7881393432617188e-06,232e3b08d10919ca24932ad0a0135e46119ecfd5,1.6093254089355469e-06,aime24:p14:s0:seed14042,985f71725748f372cf08d2f249fcbd5c6d3dac5efa97289e418dbb154a727e3d
9.17213037610054e-06,matched_path_accumulation_v1,128,kivi_rolling_k2v2_s0_r128,final,v1,hidden_relative_L2,0.0017732562264427543,232e3b08d10919ca24932ad0a0135e46119ecfd5,0.0017640840960666537,aime24:p14:s0:seed14042,985f71725748f372cf08d2f249fcbd5c6d3dac5efa97289e418dbb154a727e3d
9.17213037610054e-06,matched_path_accumulation_v1,128,kivi_rolling_k2v2_s0_r128,final,v1,attention_output_relative_L2,0.0017732562264427543,232e3b08d10919ca24932ad0a0135e46119ecfd5,0.0017640840960666537,aime24:p14:s0:seed14042,985f71725748f372cf08d2f249fcbd5c6d3dac5efa97289e418dbb154a727e3d
1.7929282591921947e-07,matched_path_accumulation_v1,128,kivi_rolling_k2v2_s0_r128,final,v1,next_token_KL,1.7929282591921947e-07,232e3b08d10919ca24932ad0a0135e46119ecfd5,0.0,aime24:p14:s0:seed14042,985f71725748f372cf08d2f249fcbd5c6d3dac5efa97289e418dbb154a727e3d
8.485270086566743e-08,matched_path_accumulation_v1,128,kivi_rolling_k2v2_s0_r128,final,v1,next_token_JS,8.485270086566743e-08,232e3b08d10919ca24932ad0a0135e46119ecfd5,0.0,aime24:p14:s0:seed14042,985f71725748f372cf08d2f249fcbd5c6d3dac5efa97289e418dbb154a727e3d
2.0193634554743767e-05,matched_path_accumulation_v1,128,kivi_rolling_k2v2_s0_r128,final,v1,target_token_NLL_delta,2.1500280126929283e-05,232e3b08d10919ca24932ad0a0135e46119ecfd5,1.3066455721855164e-06,aime24:p14:s0:seed14042,985f71725748f372cf08d2f249fcbd5c6d3dac5efa97289e418dbb154a727e3d
0.0,matched_path_accumulation_v1,128,kivi_rolling_k2v2_s0_r128,final,v1,top1_disagreement,0.0,232e3b08d10919ca24932ad0a0135e46119ecfd5,0.0,aime24:p14:s0:seed14042,985f71725748f372cf08d2f249fcbd5c6d3dac5efa97289e418dbb154a727e3d
0.00390625,matched_path_accumulation_v1,128,kivi_rolling_k2v2_s0_r128,final,v1,logit_max_abs_diff,0.01953125,232e3b08d10919ca24932ad0a0135e46119ecfd5,0.015625,aime24:p14:s0:seed14042,985f71725748f372cf08d2f249fcbd5c6d3dac5efa97289e418dbb154a727e3d
0.0872378945350647,matched_path_accumulation_v1,512,kivi_rolling_k2v2_s0_r128,final,v1,hidden_cosine_loss,0.08724051713943481,232e3b08d10919ca24932ad0a0135e46119ecfd5,2.6226043701171875e-06,aime24:p14:s0:seed14042,985f71725748f372cf08d2f249fcbd5c6d3dac5efa97289e418dbb154a727e3d
0.4138565312605351,matched_path_accumulation_v1,512,kivi_rolling_k2v2_s0_r128,final,v1,hidden_relative_L2,0.41599899530410767,232e3b08d10919ca24932ad0a0135e46119ecfd5,0.002142464043572545,aime24:p14:s0:seed14042,985f71725748f372cf08d2f249fcbd5c6d3dac5efa97289e418dbb154a727e3d
0.4138565312605351,matched_path_accumulation_v1,512,kivi_rolling_k2v2_s0_r128,final,v1,attention_output_relative_L2,0.41599899530410767,232e3b08d10919ca24932ad0a0135e46119ecfd5,0.002142464043572545,aime24:p14:s0:seed14042,985f71725748f372cf08d2f249fcbd5c6d3dac5efa97289e418dbb154a727e3d
0.03255750685775638,matched_path_accumulation_v1,512,kivi_rolling_k2v2_s0_r128,final,v1,next_token_KL,0.032562170177698135,232e3b08d10919ca24932ad0a0135e46119ecfd5,4.663319941755617e-06,aime24:p14:s0:seed14042,985f71725748f372cf08d2f249fcbd5c6d3dac5efa97289e418dbb154a727e3d
0.009431044369421215,matched_path_accumulation_v1,512,kivi_rolling_k2v2_s0_r128,final,v1,next_token_JS,0.0094322320073843,232e3b08d10919ca24932ad0a0135e46119ecfd5,1.1876379630848533e-06,aime24:p14:s0:seed14042,985f71725748f372cf08d2f249fcbd5c6d3dac5efa97289e418dbb154a727e3d
0.07598382234573364,matched_path_accumulation_v1,512,kivi_rolling_k2v2_s0_r128,final,v1,target_token_NLL_delta,0.07541172951459885,232e3b08d10919ca24932ad0a0135e46119ecfd5,-0.0005720928311347961,aime24:p14:s0:seed14042,985f71725748f372cf08d2f249fcbd5c6d3dac5efa97289e418dbb154a727e3d
0.0,matched_path_accumulation_v1,512,kivi_rolling_k2v2_s0_r128,final,v1,top1_disagreement,0.0,232e3b08d10919ca24932ad0a0135e46119ecfd5,0.0,aime24:p14:s0:seed14042,985f71725748f372cf08d2f249fcbd5c6d3dac5efa97289e418dbb154a727e3d
3.8095703125,matched_path_accumulation_v1,512,kivi_rolling_k2v2_s0_r128,final,v1,logit_max_abs_diff,3.8271484375,232e3b08d10919ca24932ad0a0135e46119ecfd5,0.017578125,aime24:p14:s0:seed14042,985f71725748f372cf08d2f249fcbd5c6d3dac5efa97289e418dbb154a727e3d
0.12294560670852661,matched_path_accumulation_v1,1024,kivi_rolling_k2v2_s0_r128,final,v1,hidden_cosine_loss,0.12294894456863403,232e3b08d10919ca24932ad0a0135e46119ecfd5,3.337860107421875e-06,aime24:p14:s0:seed14042,985f71725748f372cf08d2f249fcbd5c6d3dac5efa97289e418dbb154a727e3d
0.48734063073061407,matched_path_accumulation_v1,1024,kivi_rolling_k2v2_s0_r128,final,v1,hidden_relative_L2,0.4898115396499634,232e3b08d10919ca24932ad0a0135e46119ecfd5,0.0024709089193493128,aime24:p14:s0:seed14042,985f71725748f372cf08d2f249fcbd5c6d3dac5efa97289e418dbb154a727e3d
0.48734063073061407,matched_path_accumulation_v1,1024,kivi_rolling_k2v2_s0_r128,final,v1,attention_output_relative_L2,0.4898115396499634,232e3b08d10919ca24932ad0a0135e46119ecfd5,0.0024709089193493128,aime24:p14:s0:seed14042,985f71725748f372cf08d2f249fcbd5c6d3dac5efa97289e418dbb154a727e3d
6.145755754749516e-06,matched_path_accumulation_v1,1024,kivi_rolling_k2v2_s0_r128,final,v1,next_token_KL,6.148523880256107e-06,232e3b08d10919ca24932ad0a0135e46119ecfd5,2.7681255065914456e-09,aime24:p14:s0:seed14042,985f71725748f372cf08d2f249fcbd5c6d3dac5efa97289e418dbb154a727e3d
1.805029999635277e-06,matched_path_accumulation_v1,1024,kivi_rolling_k2v2_s0_r128,final,v1,next_token_JS,1.8051653114525834e-06,232e3b08d10919ca24932ad0a0135e46119ecfd5,1.3531181730641606e-10,aime24:p14:s0:seed14042,985f71725748f372cf08d2f249fcbd5c6d3dac5efa97289e418dbb154a727e3d
1.3947231309430208e-05,matched_path_accumulation_v1,1024,kivi_rolling_k2v2_s0_r128,final,v1,target_token_NLL_delta,1.3947231309430208e-05,232e3b08d10919ca24932ad0a0135e46119ecfd5,0.0,aime24:p14:s0:seed14042,985f71725748f372cf08d2f249fcbd5c6d3dac5efa97289e418dbb154a727e3d
0.0,matched_path_accumulation_v1,1024,kivi_rolling_k2v2_s0_r128,final,v1,top1_disagreement,0.0,232e3b08d10919ca24932ad0a0135e46119ecfd5,0.0,aime24:p14:s0:seed14042,985f71725748f372cf08d2f249fcbd5c6d3dac5efa97289e418dbb154a727e3d
3.8466796875,matched_path_accumulation_v1,1024,kivi_rolling_k2v2_s0_r128,final,v1,logit_max_abs_diff,3.8662109375,232e3b08d10919ca24932ad0a0135e46119ecfd5,0.01953125,aime24:p14:s0:seed14042,985f71725748f372cf08d2f249fcbd5c6d3dac5efa97289e418dbb154a727e3d
0.08726203441619873,matched_path_accumulation_v1,2048,kivi_rolling_k2v2_s0_r128,final,v1,hidden_cosine_loss,0.08726656436920166,232e3b08d10919ca24932ad0a0135e46119ecfd5,4.5299530029296875e-06,aime24:p14:s0:seed14042,985f71725748f372cf08d2f249fcbd5c6d3dac5efa97289e418dbb154a727e3d
0.4240100609604269,matched_path_accumulation_v1,2048,kivi_rolling_k2v2_s0_r128,final,v1,hidden_relative_L2,0.4268375039100647,232e3b08d10919ca24932ad0a0135e46119ecfd5,0.0028274429496377707,aime24:p14:s0:seed14042,985f71725748f372cf08d2f249fcbd5c6d3dac5efa97289e418dbb154a727e3d
0.4240100609604269,matched_path_accumulation_v1,2048,kivi_rolling_k2v2_s0_r128,final,v1,attention_output_relative_L2,0.4268375039100647,232e3b08d10919ca24932ad0a0135e46119ecfd5,0.0028274429496377707,aime24:p14:s0:seed14042,985f71725748f372cf08d2f249fcbd5c6d3dac5efa97289e418dbb154a727e3d
0.12606415876166466,matched_path_accumulation_v1,2048,kivi_rolling_k2v2_s0_r128,final,v1,next_token_KL,0.12606628239154816,232e3b08d10919ca24932ad0a0135e46119ecfd5,2.123629883499234e-06,aime24:p14:s0:seed14042,985f71725748f372cf08d2f249fcbd5c6d3dac5efa97289e418dbb154a727e3d
0.03033883986915953,matched_path_accumulation_v1,2048,kivi_rolling_k2v2_s0_r128,final,v1,next_token_JS,0.030339326709508896,232e3b08d10919ca24932ad0a0135e46119ecfd5,4.868403493674123e-07,aime24:p14:s0:seed14042,985f71725748f372cf08d2f249fcbd5c6d3dac5efa97289e418dbb154a727e3d
-0.3435443639755249,matched_path_accumulation_v1,2048,kivi_rolling_k2v2_s0_r128,final,v1,target_token_NLL_delta,-0.34355807304382324,232e3b08d10919ca24932ad0a0135e46119ecfd5,-1.3709068298339844e-05,aime24:p14:s0:seed14042,985f71725748f372cf08d2f249fcbd5c6d3dac5efa97289e418dbb154a727e3d
0.0,matched_path_accumulation_v1,2048,kivi_rolling_k2v2_s0_r128,final,v1,top1_disagreement,0.0,232e3b08d10919ca24932ad0a0135e46119ecfd5,0.0,aime24:p14:s0:seed14042,985f71725748f372cf08d2f249fcbd5c6d3dac5efa97289e418dbb154a727e3d
4.36474609375,matched_path_accumulation_v1,2048,kivi_rolling_k2v2_s0_r128,final,v1,logit_max_abs_diff,4.41162109375,232e3b08d10919ca24932ad0a0135e46119ecfd5,0.046875,aime24:p14:s0:seed14042,985f71725748f372cf08d2f249fcbd5c6d3dac5efa97289e418dbb154a727e3d
0.07484883069992065,matched_path_accumulation_v1,4096,kivi_rolling_k2v2_s0_r128,final,v1,hidden_cosine_loss,0.07485002279281616,232e3b08d10919ca24932ad0a0135e46119ecfd5,1.1920928955078125e-06,aime24:p14:s0:seed14042,985f71725748f372cf08d2f249fcbd5c6d3dac5efa97289e418dbb154a727e3d
0.39963066566269845,matched_path_accumulation_v1,4096,kivi_rolling_k2v2_s0_r128,final,v1,hidden_relative_L2,0.40107154846191406,232e3b08d10919ca24932ad0a0135e46119ecfd5,0.0014408827992156148,aime24:p14:s0:seed14042,985f71725748f372cf08d2f249fcbd5c6d3dac5efa97289e418dbb154a727e3d
0.39963066566269845,matched_path_accumulation_v1,4096,kivi_rolling_k2v2_s0_r128,final,v1,attention_output_relative_L2,0.40107154846191406,232e3b08d10919ca24932ad0a0135e46119ecfd5,0.0014408827992156148,aime24:p14:s0:seed14042,985f71725748f372cf08d2f249fcbd5c6d3dac5efa97289e418dbb154a727e3d
0.46954944883964345,matched_path_accumulation_v1,4096,kivi_rolling_k2v2_s0_r128,final,v1,next_token_KL,0.46956008672714233,232e3b08d10919ca24932ad0a0135e46119ecfd5,1.0637887498887721e-05,aime24:p14:s0:seed14042,985f71725748f372cf08d2f249fcbd5c6d3dac5efa97289e418dbb154a727e3d
0.09241472901067027,matched_path_accumulation_v1,4096,kivi_rolling_k2v2_s0_r128,final,v1,next_token_JS,0.09241732954978943,232e3b08d10919ca24932ad0a0135e46119ecfd5,2.6005391191574745e-06,aime24:p14:s0:seed14042,985f71725748f372cf08d2f249fcbd5c6d3dac5efa97289e418dbb154a727e3d
-0.9236379265785217,matched_path_accumulation_v1,4096,kivi_rolling_k2v2_s0_r128,final,v1,target_token_NLL_delta,-0.9236831068992615,232e3b08d10919ca24932ad0a0135e46119ecfd5,-4.5180320739746094e-05,aime24:p14:s0:seed14042,985f71725748f372cf08d2f249fcbd5c6d3dac5efa97289e418dbb154a727e3d
1.0,matched_path_accumulation_v1,4096,kivi_rolling_k2v2_s0_r128,final,v1,top1_disagreement,1.0,232e3b08d10919ca24932ad0a0135e46119ecfd5,0.0,aime24:p14:s0:seed14042,985f71725748f372cf08d2f249fcbd5c6d3dac5efa97289e418dbb154a727e3d
4.89453125,matched_path_accumulation_v1,4096,kivi_rolling_k2v2_s0_r128,final,v1,logit_max_abs_diff,4.91015625,232e3b08d10919ca24932ad0a0135e46119ecfd5,0.015625,aime24:p14:s0:seed14042,985f71725748f372cf08d2f249fcbd5c6d3dac5efa97289e418dbb154a727e3d
2.980232238769531e-07,matched_path_accumulation_v1,128,kivi_rolling_k2v2_s0_r128,final,v1,hidden_cosine_loss,1.9669532775878906e-06,232e3b08d10919ca24932ad0a0135e46119ecfd5,1.6689300537109375e-06,aime24:p15:s1:seed15043,b3071fe4e912d14e31a543908143a991dbe648bfe13ea6a3db80285f3da15dab
-7.450697012245655e-06,matched_path_accumulation_v1,128,kivi_rolling_k2v2_s0_r128,final,v1,hidden_relative_L2,0.0017232559621334076,232e3b08d10919ca24932ad0a0135e46119ecfd5,0.0017307066591456532,aime24:p15:s1:seed15043,b3071fe4e912d14e31a543908143a991dbe648bfe13ea6a3db80285f3da15dab
-7.450697012245655e-06,matched_path_accumulation_v1,128,kivi_rolling_k2v2_s0_r128,final,v1,attention_output_relative_L2,0.0017232559621334076,232e3b08d10919ca24932ad0a0135e46119ecfd5,0.0017307066591456532,aime24:p15:s1:seed15043,b3071fe4e912d14e31a543908143a991dbe648bfe13ea6a3db80285f3da15dab
1.6154389754774456e-05,matched_path_accumulation_v1,128,kivi_rolling_k2v2_s0_r128,final,v1,next_token_KL,1.6758171113906428e-05,232e3b08d10919ca24932ad0a0135e46119ecfd5,6.037813591319718e-07,aime24:p15:s1:seed15043,b3071fe4e912d14e31a543908143a991dbe648bfe13ea6a3db80285f3da15dab
4.011736436382307e-06,matched_path_accumulation_v1,128,kivi_rolling_k2v2_s0_r128,final,v1,next_token_JS,4.157417606620584e-06,232e3b08d10919ca24932ad0a0135e46119ecfd5,1.4568117023827654e-07,aime24:p15:s1:seed15043,b3071fe4e912d14e31a543908143a991dbe648bfe13ea6a3db80285f3da15dab
-0.0024959146976470947,matched_path_accumulation_v1,128,kivi_rolling_k2v2_s0_r128,final,v1,target_token_NLL_delta,-0.0025550127029418945,232e3b08d10919ca24932ad0a0135e46119ecfd5,-5.9098005294799805e-05,aime24:p15:s1:seed15043,b3071fe4e912d14e31a543908143a991dbe648bfe13ea6a3db80285f3da15dab
0.0,matched_path_accumulation_v1,128,kivi_rolling_k2v2_s0_r128,final,v1,top1_disagreement,0.0,232e3b08d10919ca24932ad0a0135e46119ecfd5,0.0,aime24:p15:s1:seed15043,b3071fe4e912d14e31a543908143a991dbe648bfe13ea6a3db80285f3da15dab
0.0078125,matched_path_accumulation_v1,128,kivi_rolling_k2v2_s0_r128,final,v1,logit_max_abs_diff,0.0234375,232e3b08d10919ca24932ad0a0135e46119ecfd5,0.015625,aime24:p15:s1:seed15043,b3071fe4e912d14e31a543908143a991dbe648bfe13ea6a3db80285f3da15dab
0.14420568943023682,matched_path_accumulation_v1,512,kivi_rolling_k2v2_s0_r128,final,v1,hidden_cosine_loss,0.14420831203460693,232e3b08d10919ca24932ad0a0135e46119ecfd5,2.6226043701171875e-06,aime24:p15:s1:seed15043,b3071fe4e912d14e31a543908143a991dbe648bfe13ea6a3db80285f3da15dab
0.5454725960735232,matched_path_accumulation_v1,512,kivi_rolling_k2v2_s0_r128,final,v1,hidden_relative_L2,0.5475749969482422,232e3b08d10919ca24932ad0a0135e46119ecfd5,0.0021024008747190237,aime24:p15:s1:seed15043,b3071fe4e912d14e31a543908143a991dbe648bfe13ea6a3db80285f3da15dab
0.5454725960735232,matched_path_accumulation_v1,512,kivi_rolling_k2v2_s0_r128,final,v1,attention_output_relative_L2,0.5475749969482422,232e3b08d10919ca24932ad0a0135e46119ecfd5,0.0021024008747190237,aime24:p15:s1:seed15043,b3071fe4e912d14e31a543908143a991dbe648bfe13ea6a3db80285f3da15dab
0.002772608308120539,matched_path_accumulation_v1,512,kivi_rolling_k2v2_s0_r128,final,v1,next_token_KL,0.002772839739918709,232e3b08d10919ca24932ad0a0135e46119ecfd5,2.3143179816997872e-07,aime24:p15:s1:seed15043,b3071fe4e912d14e31a543908143a991dbe648bfe13ea6a3db80285f3da15dab
0.0008928520667730311,matched_path_accumulation_v1,512,kivi_rolling_k2v2_s0_r128,final,v1,next_token_JS,0.00089290551841259,232e3b08d10919ca24932ad0a0135e46119ecfd5,5.34516395589435e-08,aime24:p15:s1:seed15043,b3071fe4e912d14e31a543908143a991dbe648bfe13ea6a3db80285f3da15dab
0.003597207134589553,matched_path_accumulation_v1,512,kivi_rolling_k2v2_s0_r128,final,v1,target_token_NLL_delta,0.0036081704311072826,232e3b08d10919ca24932ad0a0135e46119ecfd5,1.096329651772976e-05,aime24:p15:s1:seed15043,b3071fe4e912d14e31a543908143a991dbe648bfe13ea6a3db80285f3da15dab
0.0,matched_path_accumulation_v1,512,kivi_rolling_k2v2_s0_r128,final,v1,top1_disagreement,0.0,232e3b08d10919ca24932ad0a0135e46119ecfd5,0.0,aime24:p15:s1:seed15043,b3071fe4e912d14e31a543908143a991dbe648bfe13ea6a3db80285f3da15dab
5.197265625,matched_path_accumulation_v1,512,kivi_rolling_k2v2_s0_r128,final,v1,logit_max_abs_diff,5.212890625,232e3b08d10919ca24932ad0a0135e46119ecfd5,0.015625,aime24:p15:s1:seed15043,b3071fe4e912d14e31a543908143a991dbe648bfe13ea6a3db80285f3da15dab
0.1681467890739441,matched_path_accumulation_v1,1024,kivi_rolling_k2v2_s0_r128,final,v1,hidden_cosine_loss,0.1681494116783142,232e3b08d10919ca24932ad0a0135e46119ecfd5,2.6226043701171875e-06,aime24:p15:s1:seed15043,b3071fe4e912d14e31a543908143a991dbe648bfe13ea6a3db80285f3da15dab
0.6338068889454007,matched_path_accumulation_v1,1024,kivi_rolling_k2v2_s0_r128,final,v1,hidden_relative_L2,0.6360832452774048,232e3b08d10919ca24932ad0a0135e46119ecfd5,0.0022763563320040703,aime24:p15:s1:seed15043,b3071fe4e912d14e31a543908143a991dbe648bfe13ea6a3db80285f3da15dab
0.6338068889454007,matched_path_accumulation_v1,1024,kivi_rolling_k2v2_s0_r128,final,v1,attention_output_relative_L2,0.6360832452774048,232e3b08d10919ca24932ad0a0135e46119ecfd5,0.0022763563320040703,aime24:p15:s1:seed15043,b3071fe4e912d14e31a543908143a991dbe648bfe13ea6a3db80285f3da15dab
2.8026667889591295e-05,matched_path_accumulation_v1,1024,kivi_rolling_k2v2_s0_r128,final,v1,next_token_KL,2.8054331778548658e-05,232e3b08d10919ca24932ad0a0135e46119ecfd5,2.766388895736327e-08,aime24:p15:s1:seed15043,b3071fe4e912d14e31a543908143a991dbe648bfe13ea6a3db80285f3da15dab
8.42530987377188e-06,matched_path_accumulation_v1,1024,kivi_rolling_k2v2_s0_r128,final,v1,next_token_JS,8.42749977891799e-06,232e3b08d10919ca24932ad0a0135e46119ecfd5,2.1899051461105046e-09,aime24:p15:s1:seed15043,b3071fe4e912d14e31a543908143a991dbe648bfe13ea6a3db80285f3da15dab
3.2303771149599925e-05,matched_path_accumulation_v1,1024,kivi_rolling_k2v2_s0_r128,final,v1,target_token_NLL_delta,3.2542178814765066e-05,232e3b08d10919ca24932ad0a0135e46119ecfd5,2.3840766516514122e-07,aime24:p15:s1:seed15043,b3071fe4e912d14e31a543908143a991dbe648bfe13ea6a3db80285f3da15dab
0.0,matched_path_accumulation_v1,1024,kivi_rolling_k2v2_s0_r128,final,v1,top1_disagreement,0.0,232e3b08d10919ca24932ad0a0135e46119ecfd5,0.0,aime24:p15:s1:seed15043,b3071fe4e912d14e31a543908143a991dbe648bfe13ea6a3db80285f3da15dab
5.208984375,matched_path_accumulation_v1,1024,kivi_rolling_k2v2_s0_r128,final,v1,logit_max_abs_diff,5.228515625,232e3b08d10919ca24932ad0a0135e46119ecfd5,0.01953125,aime24:p15:s1:seed15043,b3071fe4e912d14e31a543908143a991dbe648bfe13ea6a3db80285f3da15dab
0.17354744672775269,matched_path_accumulation_v1,2048,kivi_rolling_k2v2_s0_r128,final,v1,hidden_cosine_loss,0.17355120182037354,232e3b08d10919ca24932ad0a0135e46119ecfd5,3.7550926208496094e-06,aime24:p15:s1:seed15043,b3071fe4e912d14e31a543908143a991dbe648bfe13ea6a3db80285f3da15dab
0.5905906180851161,matched_path_accumulation_v1,2048,kivi_rolling_k2v2_s0_r128,final,v1,hidden_relative_L2,0.5932388305664062,232e3b08d10919ca24932ad0a0135e46119ecfd5,0.002648212481290102,aime24:p15:s1:seed15043,b3071fe4e912d14e31a543908143a991dbe648bfe13ea6a3db80285f3da15dab
0.5905906180851161,matched_path_accumulation_v1,2048,kivi_rolling_k2v2_s0_r128,final,v1,attention_output_relative_L2,0.5932388305664062,232e3b08d10919ca24932ad0a0135e46119ecfd5,0.002648212481290102,aime24:p15:s1:seed15043,b3071fe4e912d14e31a543908143a991dbe648bfe13ea6a3db80285f3da15dab
0.009311883710324764,matched_path_accumulation_v1,2048,kivi_rolling_k2v2_s0_r128,final,v1,next_token_KL,0.009311883710324764,232e3b08d10919ca24932ad0a0135e46119ecfd5,0.0,aime24:p15:s1:seed15043,b3071fe4e912d14e31a543908143a991dbe648bfe13ea6a3db80285f3da15dab
0.0031791778824832306,matched_path_accumulation_v1,2048,kivi_rolling_k2v2_s0_r128,final,v1,next_token_JS,0.0031791897490620613,232e3b08d10919ca24932ad0a0135e46119ecfd5,1.18665788306771e-08,aime24:p15:s1:seed15043,b3071fe4e912d14e31a543908143a991dbe648bfe13ea6a3db80285f3da15dab
0.009707863733638078,matched_path_accumulation_v1,2048,kivi_rolling_k2v2_s0_r128,final,v1,target_token_NLL_delta,0.009708697907626629,232e3b08d10919ca24932ad0a0135e46119ecfd5,8.341739885509014e-07,aime24:p15:s1:seed15043,b3071fe4e912d14e31a543908143a991dbe648bfe13ea6a3db80285f3da15dab
0.0,matched_path_accumulation_v1,2048,kivi_rolling_k2v2_s0_r128,final,v1,top1_disagreement,0.0,232e3b08d10919ca24932ad0a0135e46119ecfd5,0.0,aime24:p15:s1:seed15043,b3071fe4e912d14e31a543908143a991dbe648bfe13ea6a3db80285f3da15dab
5.66015625,matched_path_accumulation_v1,2048,kivi_rolling_k2v2_s0_r128,final,v1,logit_max_abs_diff,5.68359375,232e3b08d10919ca24932ad0a0135e46119ecfd5,0.0234375,aime24:p15:s1:seed15043,b3071fe4e912d14e31a543908143a991dbe648bfe13ea6a3db80285f3da15dab
0.20615136623382568,matched_path_accumulation_v1,4096,kivi_rolling_k2v2_s0_r128,final,v1,hidden_cosine_loss,0.20615577697753906,232e3b08d10919ca24932ad0a0135e46119ecfd5,4.410743713378906e-06,aime24:p15:s1:seed15043,b3071fe4e912d14e31a543908143a991dbe648bfe13ea6a3db80285f3da15dab
0.6351640406064689,matched_path_accumulation_v1,4096,kivi_rolling_k2v2_s0_r128,final,v1,hidden_relative_L2,0.6379682421684265,232e3b08d10919ca24932ad0a0135e46119ecfd5,0.0028042015619575977,aime24:p15:s1:seed15043,b3071fe4e912d14e31a543908143a991dbe648bfe13ea6a3db80285f3da15dab
0.6351640406064689,matched_path_accumulation_v1,4096,kivi_rolling_k2v2_s0_r128,final,v1,attention_output_relative_L2,0.6379682421684265,232e3b08d10919ca24932ad0a0135e46119ecfd5,0.0028042015619575977,aime24:p15:s1:seed15043,b3071fe4e912d14e31a543908143a991dbe648bfe13ea6a3db80285f3da15dab
0.007799838203936815,matched_path_accumulation_v1,4096,kivi_rolling_k2v2_s0_r128,final,v1,next_token_KL,0.007799838203936815,232e3b08d10919ca24932ad0a0135e46119ecfd5,0.0,aime24:p15:s1:seed15043,b3071fe4e912d14e31a543908143a991dbe648bfe13ea6a3db80285f3da15dab
0.0026928325783215357,matched_path_accumulation_v1,4096,kivi_rolling_k2v2_s0_r128,final,v1,next_token_JS,0.0026928335428237915,232e3b08d10919ca24932ad0a0135e46119ecfd5,9.64502255840216e-10,aime24:p15:s1:seed15043,b3071fe4e912d14e31a543908143a991dbe648bfe13ea6a3db80285f3da15dab
0.007873313497839263,matched_path_accumulation_v1,4096,kivi_rolling_k2v2_s0_r128,final,v1,target_token_NLL_delta,0.00787307508289814,232e3b08d10919ca24932ad0a0135e46119ecfd5,-2.384149411227554e-07,aime24:p15:s1:seed15043,b3071fe4e912d14e31a543908143a991dbe648bfe13ea6a3db80285f3da15dab
0.0,matched_path_accumulation_v1,4096,kivi_rolling_k2v2_s0_r128,final,v1,top1_disagreement,0.0,232e3b08d10919ca24932ad0a0135e46119ecfd5,0.0,aime24:p15:s1:seed15043,b3071fe4e912d14e31a543908143a991dbe648bfe13ea6a3db80285f3da15dab
6.98046875,matched_path_accumulation_v1,4096,kivi_rolling_k2v2_s0_r128,final,v1,logit_max_abs_diff,7.01171875,232e3b08d10919ca24932ad0a0135e46119ecfd5,0.03125,aime24:p15:s1:seed15043,b3071fe4e912d14e31a543908143a991dbe648bfe13ea6a3db80285f3da15dab
-5.960464477539063e-08,matched_path_accumulation_v1,128,kivi_rolling_k2v2_s0_r128,final,v1,hidden_cosine_loss,1.9669532775878906e-06,232e3b08d10919ca24932ad0a0135e46119ecfd5,2.0265579223632812e-06,aime24:p16:s0:seed16042,13d42346d3a27cdf52c682506b670e839c9c66befad1065501f233b0a1d0cc02
-3.60304256901145e-05,matched_path_accumulation_v1,128,kivi_rolling_k2v2_s0_r128,final,v1,hidden_relative_L2,0.0019080545753240585,232e3b08d10919ca24932ad0a0135e46119ecfd5,0.001944085001014173,aime24:p16:s0:seed16042,13d42346d3a27cdf52c682506b670e839c9c66befad1065501f233b0a1d0cc02
-3.60304256901145e-05,matched_path_accumulation_v1,128,kivi_rolling_k2v2_s0_r128,final,v1,attention_output_relative_L2,0.0019080545753240585,232e3b08d10919ca24932ad0a0135e46119ecfd5,0.001944085001014173,aime24:p16:s0:seed16042,13d42346d3a27cdf52c682506b670e839c9c66befad1065501f233b0a1d0cc02
2.047054437070983e-08,matched_path_accumulation_v1,128,kivi_rolling_k2v2_s0_r128,final,v1,next_token_KL,4.8068105940046735e-08,232e3b08d10919ca24932ad0a0135e46119ecfd5,2.7597561569336904e-08,aime24:p16:s0:seed16042,13d42346d3a27cdf52c682506b670e839c9c66befad1065501f233b0a1d0cc02
5.2810200656949746e-11,matched_path_accumulation_v1,128,kivi_rolling_k2v2_s0_r128,final,v1,next_token_JS,1.0375611481094893e-10,232e3b08d10919ca24932ad0a0135e46119ecfd5,5.0945914153999183e-11,aime24:p16:s0:seed16042,13d42346d3a27cdf52c682506b670e839c9c66befad1065501f233b0a1d0cc02
0.0,matched_path_accumulation_v1,128,kivi_rolling_k2v2_s0_r128,final,v1,target_token_NLL_delta,0.0,232e3b08d10919ca24932ad0a0135e46119ecfd5,0.0,aime24:p16:s0:seed16042,13d42346d3a27cdf52c682506b670e839c9c66befad1065501f233b0a1d0cc02
0.0,matched_path_accumulation_v1,128,kivi_rolling_k2v2_s0_r128,final,v1,top1_disagreement,0.0,232e3b08d10919ca24932ad0a0135e46119ecfd5,0.0,aime24:p16:s0:seed16042,13d42346d3a27cdf52c682506b670e839c9c66befad1065501f233b0a1d0cc02
-0.0078125,matched_path_accumulation_v1,128,kivi_rolling_k2v2_s0_r128,final,v1,logit_max_abs_diff,0.015625,232e3b08d10919ca24932ad0a0135e46119ecfd5,0.0234375,aime24:p16:s0:seed16042,13d42346d3a27cdf52c682506b670e839c9c66befad1065501f233b0a1d0cc02
0.054554104804992676,matched_path_accumulation_v1,512,kivi_rolling_k2v2_s0_r128,final,v1,hidden_cosine_loss,0.054555654525756836,232e3b08d10919ca24932ad0a0135e46119ecfd5,1.5497207641601562e-06,aime24:p16:s0:seed16042,13d42346d3a27cdf52c682506b670e839c9c66befad1065501f233b0a1d0cc02
0.3289687909418717,matched_path_accumulation_v1,512,kivi_rolling_k2v2_s0_r128,final,v1,hidden_relative_L2,0.3306310176849365,232e3b08d10919ca24932ad0a0135e46119ecfd5,0.0016622267430648208,aime24:p16:s0:seed16042,13d42346d3a27cdf52c682506b670e839c9c66befad1065501f233b0a1d0cc02
0.3289687909418717,matched_path_accumulation_v1,512,kivi_rolling_k2v2_s0_r128,final,v1,attention_output_relative_L2,0.3306310176849365,232e3b08d10919ca24932ad0a0135e46119ecfd5,0.0016622267430648208,aime24:p16:s0:seed16042,13d42346d3a27cdf52c682506b670e839c9c66befad1065501f233b0a1d0cc02
0.02191713413526486,matched_path_accumulation_v1,512,kivi_rolling_k2v2_s0_r128,final,v1,next_token_KL,0.021919304504990578,232e3b08d10919ca24932ad0a0135e46119ecfd5,2.1703697257180465e-06,aime24:p16:s0:seed16042,13d42346d3a27cdf52c682506b670e839c9c66befad1065501f233b0a1d0cc02
0.0036322358244547104,matched_path_accumulation_v1,512,kivi_rolling_k2v2_s0_r128,final,v1,next_token_JS,0.003632755484431982,232e3b08d10919ca24932ad0a0135e46119ecfd5,5.196599772716581e-07,aime24:p16:s0:seed16042,13d42346d3a27cdf52c682506b670e839c9c66befad1065501f233b0a1d0cc02
-0.01502336747944355,matched_path_accumulation_v1,512,kivi_rolling_k2v2_s0_r128,final,v1,target_token_NLL_delta,-0.014757385477423668,232e3b08d10919ca24932ad0a0135e46119ecfd5,0.0002659820020198822,aime24:p16:s0:seed16042,13d42346d3a27cdf52c682506b670e839c9c66befad1065501f233b0a1d0cc02
0.0,matched_path_accumulation_v1,512,kivi_rolling_k2v2_s0_r128,final,v1,top1_disagreement,0.0,232e3b08d10919ca24932ad0a0135e46119ecfd5,0.0,aime24:p16:s0:seed16042,13d42346d3a27cdf52c682506b670e839c9c66befad1065501f233b0a1d0cc02
3.7421875,matched_path_accumulation_v1,512,kivi_rolling_k2v2_s0_r128,final,v1,logit_max_abs_diff,3.765625,232e3b08d10919ca24932ad0a0135e46119ecfd5,0.0234375,aime24:p16:s0:seed16042,13d42346d3a27cdf52c682506b670e839c9c66befad1065501f233b0a1d0cc02
0.03990006446838379,matched_path_accumulation_v1,1024,kivi_rolling_k2v2_s0_r128,final,v1,hidden_cosine_loss,0.0399019718170166,232e3b08d10919ca24932ad0a0135e46119ecfd5,1.9073486328125e-06,aime24:p16:s0:seed16042,13d42346d3a27cdf52c682506b670e839c9c66befad1065501f233b0a1d0cc02
0.28364078036975116,matched_path_accumulation_v1,1024,kivi_rolling_k2v2_s0_r128,final,v1,hidden_relative_L2,0.28538966178894043,232e3b08d10919ca24932ad0a0135e46119ecfd5,0.0017488814191892743,aime24:p16:s0:seed16042,13d42346d3a27cdf52c682506b670e839c9c66befad1065501f233b0a1d0cc02
0.28364078036975116,matched_path_accumulation_v1,1024,kivi_rolling_k2v2_s0_r128,final,v1,attention_output_relative_L2,0.28538966178894043,232e3b08d10919ca24932ad0a0135e46119ecfd5,0.0017488814191892743,aime24:p16:s0:seed16042,13d42346d3a27cdf52c682506b670e839c9c66befad1065501f233b0a1d0cc02
0.032368619905355445,matched_path_accumulation_v1,1024,kivi_rolling_k2v2_s0_r128,final,v1,next_token_KL,0.03238259628415108,232e3b08d10919ca24932ad0a0135e46119ecfd5,1.3976378795632627e-05,aime24:p16:s0:seed16042,13d42346d3a27cdf52c682506b670e839c9c66befad1065501f233b0a1d0cc02
0.007235543081606011,matched_path_accumulation_v1,1024,kivi_rolling_k2v2_s0_r128,final,v1,next_token_JS,0.007239027880132198,232e3b08d10919ca24932ad0a0135e46119ecfd5,3.48479852618766e-06,aime24:p16:s0:seed16042,13d42346d3a27cdf52c682506b670e839c9c66befad1065501f233b0a1d0cc02
-0.09997240453958511,matched_path_accumulation_v1,1024,kivi_rolling_k2v2_s0_r128,final,v1,target_token_NLL_delta,-0.09790123254060745,232e3b08d10919ca24932ad0a0135e46119ecfd5,0.002071171998977661,aime24:p16:s0:seed16042,13d42346d3a27cdf52c682506b670e839c9c66befad1065501f233b0a1d0cc02
0.0,matched_path_accumulation_v1,1024,kivi_rolling_k2v2_s0_r128,final,v1,top1_disagreement,0.0,232e3b08d10919ca24932ad0a0135e46119ecfd5,0.0,aime24:p16:s0:seed16042,13d42346d3a27cdf52c682506b670e839c9c66befad1065501f233b0a1d0cc02
2.76611328125,matched_path_accumulation_v1,1024,kivi_rolling_k2v2_s0_r128,final,v1,logit_max_abs_diff,2.78271484375,232e3b08d10919ca24932ad0a0135e46119ecfd5,0.0166015625,aime24:p16:s0:seed16042,13d42346d3a27cdf52c682506b670e839c9c66befad1065501f233b0a1d0cc02
0.10600000619888306,matched_path_accumulation_v1,2048,kivi_rolling_k2v2_s0_r128,final,v1,hidden_cosine_loss,0.10600334405899048,232e3b08d10919ca24932ad0a0135e46119ecfd5,3.337860107421875e-06,aime24:p16:s0:seed16042,13d42346d3a27cdf52c682506b670e839c9c66befad1065501f233b0a1d0cc02
0.4685633347835392,matched_path_accumulation_v1,2048,kivi_rolling_k2v2_s0_r128,final,v1,hidden_relative_L2,0.47111353278160095,232e3b08d10919ca24932ad0a0135e46119ecfd5,0.002550197998061776,aime24:p16:s0:seed16042,13d42346d3a27cdf52c682506b670e839c9c66befad1065501f233b0a1d0cc02
0.4685633347835392,matched_path_accumulation_v1,2048,kivi_rolling_k2v2_s0_r128,final,v1,attention_output_relative_L2,0.47111353278160095,232e3b08d10919ca24932ad0a0135e46119ecfd5,0.002550197998061776,aime24:p16:s0:seed16042,13d42346d3a27cdf52c682506b670e839c9c66befad1065501f233b0a1d0cc02
0.02967151297744408,matched_path_accumulation_v1,2048,kivi_rolling_k2v2_s0_r128,final,v1,next_token_KL,0.029671624302864075,232e3b08d10919ca24932ad0a0135e46119ecfd5,1.1132541999359091e-07,aime24:p16:s0:seed16042,13d42346d3a27cdf52c682506b670e839c9c66befad1065501f233b0a1d0cc02
0.009977069683372974,matched_path_accumulation_v1,2048,kivi_rolling_k2v2_s0_r128,final,v1,next_token_JS,0.009977069683372974,232e3b08d10919ca24932ad0a0135e46119ecfd5,0.0,aime24:p16:s0:seed16042,13d42346d3a27cdf52c682506b670e839c9c66befad1065501f233b0a1d0cc02
0.03218844207003713,matched_path_accumulation_v1,2048,kivi_rolling_k2v2_s0_r128,final,v1,target_token_NLL_delta,0.032189156860113144,232e3b08d10919ca24932ad0a0135e46119ecfd5,7.147900760173798e-07,aime24:p16:s0:seed16042,13d42346d3a27cdf52c682506b670e839c9c66befad1065501f233b0a1d0cc02
0.0,matched_path_accumulation_v1,2048,kivi_rolling_k2v2_s0_r128,final,v1,top1_disagreement,0.0,232e3b08d10919ca24932ad0a0135e46119ecfd5,0.0,aime24:p16:s0:seed16042,13d42346d3a27cdf52c682506b670e839c9c66befad1065501f233b0a1d0cc02
3.9921875,matched_path_accumulation_v1,2048,kivi_rolling_k2v2_s0_r128,final,v1,logit_max_abs_diff,4.029296875,232e3b08d10919ca24932ad0a0135e46119ecfd5,0.037109375,aime24:p16:s0:seed16042,13d42346d3a27cdf52c682506b670e839c9c66befad1065501f233b0a1d0cc02
0.07335418462753296,matched_path_accumulation_v1,4096,kivi_rolling_k2v2_s0_r128,final,v1,hidden_cosine_loss,0.07335686683654785,232e3b08d10919ca24932ad0a0135e46119ecfd5,2.682209014892578e-06,aime24:p16:s0:seed16042,13d42346d3a27cdf52c682506b670e839c9c66befad1065501f233b0a1d0cc02
0.37582225375808775,matched_path_accumulation_v1,4096,kivi_rolling_k2v2_s0_r128,final,v1,hidden_relative_L2,0.37800219655036926,232e3b08d10919ca24932ad0a0135e46119ecfd5,0.0021799427922815084,aime24:p16:s0:seed16042,13d42346d3a27cdf52c682506b670e839c9c66befad1065501f233b0a1d0cc02
0.37582225375808775,matched_path_accumulation_v1,4096,kivi_rolling_k2v2_s0_r128,final,v1,attention_output_relative_L2,0.37800219655036926,232e3b08d10919ca24932ad0a0135e46119ecfd5,0.0021799427922815084,aime24:p16:s0:seed16042,13d42346d3a27cdf52c682506b670e839c9c66befad1065501f233b0a1d0cc02
0.005038860895361097,matched_path_accumulation_v1,4096,kivi_rolling_k2v2_s0_r128,final,v1,next_token_KL,0.005038922652602196,232e3b08d10919ca24932ad0a0135e46119ecfd5,6.17572410988032e-08,aime24:p16:s0:seed16042,13d42346d3a27cdf52c682506b670e839c9c66befad1065501f233b0a1d0cc02
0.0015467469347640872,matched_path_accumulation_v1,4096,kivi_rolling_k2v2_s0_r128,final,v1,next_token_JS,0.0015467469347640872,232e3b08d10919ca24932ad0a0135e46119ecfd5,0.0,aime24:p16:s0:seed16042,13d42346d3a27cdf52c682506b670e839c9c66befad1065501f233b0a1d0cc02
0.009094417095184326,matched_path_accumulation_v1,4096,kivi_rolling_k2v2_s0_r128,final,v1,target_token_NLL_delta,0.009090736508369446,232e3b08d10919ca24932ad0a0135e46119ecfd5,-3.680586814880371e-06,aime24:p16:s0:seed16042,13d42346d3a27cdf52c682506b670e839c9c66befad1065501f233b0a1d0cc02
0.0,matched_path_accumulation_v1,4096,kivi_rolling_k2v2_s0_r128,final,v1,top1_disagreement,0.0,232e3b08d10919ca24932ad0a0135e46119ecfd5,0.0,aime24:p16:s0:seed16042,13d42346d3a27cdf52c682506b670e839c9c66befad1065501f233b0a1d0cc02
3.2303466796875,matched_path_accumulation_v1,4096,kivi_rolling_k2v2_s0_r128,final,v1,logit_max_abs_diff,3.2498779296875,232e3b08d10919ca24932ad0a0135e46119ecfd5,0.01953125,aime24:p16:s0:seed16042,13d42346d3a27cdf52c682506b670e839c9c66befad1065501f233b0a1d0cc02
-2.384185791015625e-07,matched_path_accumulation_v1,128,kivi_rolling_k2v2_s0_r128,final,v1,hidden_cosine_loss,2.0265579223632812e-06,232e3b08d10919ca24932ad0a0135e46119ecfd5,2.2649765014648438e-06,aime24:p11:s0:seed11042,489c942f86b4d5ae23c611c59e5f243cac4e99bd6697b73b14def62ea82f3970
-7.192918565124273e-05,matched_path_accumulation_v1,128,kivi_rolling_k2v2_s0_r128,final,v1,hidden_relative_L2,0.0019481676863506436,232e3b08d10919ca24932ad0a0135e46119ecfd5,0.0020200968720018864,aime24:p11:s0:seed11042,489c942f86b4d5ae23c611c59e5f243cac4e99bd6697b73b14def62ea82f3970
-7.192918565124273e-05,matched_path_accumulation_v1,128,kivi_rolling_k2v2_s0_r128,final,v1,attention_output_relative_L2,0.0019481676863506436,232e3b08d10919ca24932ad0a0135e46119ecfd5,0.0020200968720018864,aime24:p11:s0:seed11042,489c942f86b4d5ae23c611c59e5f243cac4e99bd6697b73b14def62ea82f3970
-2.5990084395743906e-07,matched_path_accumulation_v1,128,kivi_rolling_k2v2_s0_r128,final,v1,next_token_KL,1.75874556589406e-05,232e3b08d10919ca24932ad0a0135e46119ecfd5,1.7847356502898037e-05,aime24:p11:s0:seed11042,489c942f86b4d5ae23c611c59e5f243cac4e99bd6697b73b14def62ea82f3970
-4.9994923756457865e-09,matched_path_accumulation_v1,128,kivi_rolling_k2v2_s0_r128,final,v1,next_token_JS,4.405348590807989e-06,232e3b08d10919ca24932ad0a0135e46119ecfd5,4.410348083183635e-06,aime24:p11:s0:seed11042,489c942f86b4d5ae23c611c59e5f243cac4e99bd6697b73b14def62ea82f3970
0.00547395646572113,matched_path_accumulation_v1,128,kivi_rolling_k2v2_s0_r128,final,v1,target_token_NLL_delta,0.002737477421760559,232e3b08d10919ca24932ad0a0135e46119ecfd5,-0.0027364790439605713,aime24:p11:s0:seed11042,489c942f86b4d5ae23c611c59e5f243cac4e99bd6697b73b14def62ea82f3970
0.0,matched_path_accumulation_v1,128,kivi_rolling_k2v2_s0_r128,final,v1,top1_disagreement,0.0,232e3b08d10919ca24932ad0a0135e46119ecfd5,0.0,aime24:p11:s0:seed11042,489c942f86b4d5ae23c611c59e5f243cac4e99bd6697b73b14def62ea82f3970
0.001953125,matched_path_accumulation_v1,128,kivi_rolling_k2v2_s0_r128,final,v1,logit_max_abs_diff,0.01953125,232e3b08d10919ca24932ad0a0135e46119ecfd5,0.017578125,aime24:p11:s0:seed11042,489c942f86b4d5ae23c611c59e5f243cac4e99bd6697b73b14def62ea82f3970
0.05478072166442871,matched_path_accumulation_v1,512,kivi_rolling_k2v2_s0_r128,final,v1,hidden_cosine_loss,0.054782748222351074,232e3b08d10919ca24932ad0a0135e46119ecfd5,2.0265579223632812e-06,aime24:p11:s0:seed11042,489c942f86b4d5ae23c611c59e5f243cac4e99bd6697b73b14def62ea82f3970
0.32938812067732215,matched_path_accumulation_v1,512,kivi_rolling_k2v2_s0_r128,final,v1,hidden_relative_L2,0.33121854066848755,232e3b08d10919ca24932ad0a0135e46119ecfd5,0.0018304199911653996,aime24:p11:s0:seed11042,489c942f86b4d5ae23c611c59e5f243cac4e99bd6697b73b14def62ea82f3970
0.32938812067732215,matched_path_accumulation_v1,512,kivi_rolling_k2v2_s0_r128,final,v1,attention_output_relative_L2,0.33121854066848755,232e3b08d10919ca24932ad0a0135e46119ecfd5,0.0018304199911653996,aime24:p11:s0:seed11042,489c942f86b4d5ae23c611c59e5f243cac4e99bd6697b73b14def62ea82f3970
0.14459120265382808,matched_path_accumulation_v1,512,kivi_rolling_k2v2_s0_r128,final,v1,next_token_KL,0.14461077749729156,232e3b08d10919ca24932ad0a0135e46119ecfd5,1.9574843463487923e-05,aime24:p11:s0:seed11042,489c942f86b4d5ae23c611c59e5f243cac4e99bd6697b73b14def62ea82f3970
0.03958895188770839,matched_path_accumulation_v1,512,kivi_rolling_k2v2_s0_r128,final,v1,next_token_JS,0.03959386423230171,232e3b08d10919ca24932ad0a0135e46119ecfd5,4.9123445933219045e-06,aime24:p11:s0:seed11042,489c942f86b4d5ae23c611c59e5f243cac4e99bd6697b73b14def62ea82f3970
0.3159457743167877,matched_path_accumulation_v1,512,kivi_rolling_k2v2_s0_r128,final,v1,target_token_NLL_delta,0.3190903067588806,232e3b08d10919ca24932ad0a0135e46119ecfd5,0.0031445324420928955,aime24:p11:s0:seed11042,489c942f86b4d5ae23c611c59e5f243cac4e99bd6697b73b14def62ea82f3970
0.0,matched_path_accumulation_v1,512,kivi_rolling_k2v2_s0_r128,final,v1,top1_disagreement,0.0,232e3b08d10919ca24932ad0a0135e46119ecfd5,0.0,aime24:p11:s0:seed11042,489c942f86b4d5ae23c611c59e5f243cac4e99bd6697b73b14def62ea82f3970
4.01171875,matched_path_accumulation_v1,512,kivi_rolling_k2v2_s0_r128,final,v1,logit_max_abs_diff,4.03125,232e3b08d10919ca24932ad0a0135e46119ecfd5,0.01953125,aime24:p11:s0:seed11042,489c942f86b4d5ae23c611c59e5f243cac4e99bd6697b73b14def62ea82f3970
0.07635301351547241,matched_path_accumulation_v1,1024,kivi_rolling_k2v2_s0_r128,final,v1,hidden_cosine_loss,0.07635509967803955,232e3b08d10919ca24932ad0a0135e46119ecfd5,2.086162567138672e-06,aime24:p11:s0:seed11042,489c942f86b4d5ae23c611c59e5f243cac4e99bd6697b73b14def62ea82f3970
0.38482223881874233,matched_path_accumulation_v1,1024,kivi_rolling_k2v2_s0_r128,final,v1,hidden_relative_L2,0.3866877257823944,232e3b08d10919ca24932ad0a0135e46119ecfd5,0.0018654869636520743,aime24:p11:s0:seed11042,489c942f86b4d5ae23c611c59e5f243cac4e99bd6697b73b14def62ea82f3970
0.38482223881874233,matched_path_accumulation_v1,1024,kivi_rolling_k2v2_s0_r128,final,v1,attention_output_relative_L2,0.3866877257823944,232e3b08d10919ca24932ad0a0135e46119ecfd5,0.0018654869636520743,aime24:p11:s0:seed11042,489c942f86b4d5ae23c611c59e5f243cac4e99bd6697b73b14def62ea82f3970
0.0004906104295514524,matched_path_accumulation_v1,1024,kivi_rolling_k2v2_s0_r128,final,v1,next_token_KL,0.0004906104295514524,232e3b08d10919ca24932ad0a0135e46119ecfd5,0.0,aime24:p11:s0:seed11042,489c942f86b4d5ae23c611c59e5f243cac4e99bd6697b73b14def62ea82f3970
0.00014809799947990143,matched_path_accumulation_v1,1024,kivi_rolling_k2v2_s0_r128,final,v1,next_token_JS,0.00014810505672357976,232e3b08d10919ca24932ad0a0135e46119ecfd5,7.05724367833227e-09,aime24:p11:s0:seed11042,489c942f86b4d5ae23c611c59e5f243cac4e99bd6697b73b14def62ea82f3970
0.001013873319607228,matched_path_accumulation_v1,1024,kivi_rolling_k2v2_s0_r128,final,v1,target_token_NLL_delta,0.0010137541685253382,232e3b08d10919ca24932ad0a0135e46119ecfd5,-1.1915108188986778e-07,aime24:p11:s0:seed11042,489c942f86b4d5ae23c611c59e5f243cac4e99bd6697b73b14def62ea82f3970
0.0,matched_path_accumulation_v1,1024,kivi_rolling_k2v2_s0_r128,final,v1,top1_disagreement,0.0,232e3b08d10919ca24932ad0a0135e46119ecfd5,0.0,aime24:p11:s0:seed11042,489c942f86b4d5ae23c611c59e5f243cac4e99bd6697b73b14def62ea82f3970
3.7109375,matched_path_accumulation_v1,1024,kivi_rolling_k2v2_s0_r128,final,v1,logit_max_abs_diff,3.7265625,232e3b08d10919ca24932ad0a0135e46119ecfd5,0.015625,aime24:p11:s0:seed11042,489c942f86b4d5ae23c611c59e5f243cac4e99bd6697b73b14def62ea82f3970
0.08039021492004395,matched_path_accumulation_v1,2048,kivi_rolling_k2v2_s0_r128,final,v1,hidden_cosine_loss,0.08039259910583496,232e3b08d10919ca24932ad0a0135e46119ecfd5,2.384185791015625e-06,aime24:p11:s0:seed11042,489c942f86b4d5ae23c611c59e5f243cac4e99bd6697b73b14def62ea82f3970
0.40363115235231817,matched_path_accumulation_v1,2048,kivi_rolling_k2v2_s0_r128,final,v1,hidden_relative_L2,0.4056982398033142,232e3b08d10919ca24932ad0a0135e46119ecfd5,0.0020670874509960413,aime24:p11:s0:seed11042,489c942f86b4d5ae23c611c59e5f243cac4e99bd6697b73b14def62ea82f3970
0.40363115235231817,matched_path_accumulation_v1,2048,kivi_rolling_k2v2_s0_r128,final,v1,attention_output_relative_L2,0.4056982398033142,232e3b08d10919ca24932ad0a0135e46119ecfd5,0.0020670874509960413,aime24:p11:s0:seed11042,489c942f86b4d5ae23c611c59e5f243cac4e99bd6697b73b14def62ea82f3970
0.006434558890759945,matched_path_accumulation_v1,2048,kivi_rolling_k2v2_s0_r128,final,v1,next_token_KL,0.006434558890759945,232e3b08d10919ca24932ad0a0135e46119ecfd5,0.0,aime24:p11:s0:seed11042,489c942f86b4d5ae23c611c59e5f243cac4e99bd6697b73b14def62ea82f3970
0.0019422387704253197,matched_path_accumulation_v1,2048,kivi_rolling_k2v2_s0_r128,final,v1,next_token_JS,0.0019422387704253197,232e3b08d10919ca24932ad0a0135e46119ecfd5,0.0,aime24:p11:s0:seed11042,489c942f86b4d5ae23c611c59e5f243cac4e99bd6697b73b14def62ea82f3970
0.010165154933929443,matched_path_accumulation_v1,2048,kivi_rolling_k2v2_s0_r128,final,v1,target_token_NLL_delta,0.0101652592420578,232e3b08d10919ca24932ad0a0135e46119ecfd5,1.043081283569336e-07,aime24:p11:s0:seed11042,489c942f86b4d5ae23c611c59e5f243cac4e99bd6697b73b14def62ea82f3970
0.0,matched_path_accumulation_v1,2048,kivi_rolling_k2v2_s0_r128,final,v1,top1_disagreement,0.0,232e3b08d10919ca24932ad0a0135e46119ecfd5,0.0,aime24:p11:s0:seed11042,489c942f86b4d5ae23c611c59e5f243cac4e99bd6697b73b14def62ea82f3970
3.7421875,matched_path_accumulation_v1,2048,kivi_rolling_k2v2_s0_r128,final,v1,logit_max_abs_diff,3.765625,232e3b08d10919ca24932ad0a0135e46119ecfd5,0.0234375,aime24:p11:s0:seed11042,489c942f86b4d5ae23c611c59e5f243cac4e99bd6697b73b14def62ea82f3970
0.25350308418273926,matched_path_accumulation_v1,4096,kivi_rolling_k2v2_s0_r128,final,v1,hidden_cosine_loss,0.2535055875778198,232e3b08d10919ca24932ad0a0135e46119ecfd5,2.5033950805664062e-06,aime24:p11:s0:seed11042,489c942f86b4d5ae23c611c59e5f243cac4e99bd6697b73b14def62ea82f3970
0.7161799902096391,matched_path_accumulation_v1,4096,kivi_rolling_k2v2_s0_r128,final,v1,hidden_relative_L2,0.7183061838150024,232e3b08d10919ca24932ad0a0135e46119ecfd5,0.002126193605363369,aime24:p11:s0:seed11042,489c942f86b4d5ae23c611c59e5f243cac4e99bd6697b73b14def62ea82f3970
0.7161799902096391,matched_path_accumulation_v1,4096,kivi_rolling_k2v2_s0_r128,final,v1,attention_output_relative_L2,0.7183061838150024,232e3b08d10919ca24932ad0a0135e46119ecfd5,0.002126193605363369,aime24:p11:s0:seed11042,489c942f86b4d5ae23c611c59e5f243cac4e99bd6697b73b14def62ea82f3970
1.038057048635892,matched_path_accumulation_v1,4096,kivi_rolling_k2v2_s0_r128,final,v1,next_token_KL,1.0380713939666748,232e3b08d10919ca24932ad0a0135e46119ecfd5,1.4345330782816745e-05,aime24:p11:s0:seed11042,489c942f86b4d5ae23c611c59e5f243cac4e99bd6697b73b14def62ea82f3970
0.25396749921537776,matched_path_accumulation_v1,4096,kivi_rolling_k2v2_s0_r128,final,v1,next_token_JS,0.25397107005119324,232e3b08d10919ca24932ad0a0135e46119ecfd5,3.5708358154806774e-06,aime24:p11:s0:seed11042,489c942f86b4d5ae23c611c59e5f243cac4e99bd6697b73b14def62ea82f3970
1.4779233634471893,matched_path_accumulation_v1,4096,kivi_rolling_k2v2_s0_r128,final,v1,target_token_NLL_delta,1.475837230682373,232e3b08d10919ca24932ad0a0135e46119ecfd5,-0.002086132764816284,aime24:p11:s0:seed11042,489c942f86b4d5ae23c611c59e5f243cac4e99bd6697b73b14def62ea82f3970
1.0,matched_path_accumulation_v1,4096,kivi_rolling_k2v2_s0_r128,final,v1,top1_disagreement,1.0,232e3b08d10919ca24932ad0a0135e46119ecfd5,0.0,aime24:p11:s0:seed11042,489c942f86b4d5ae23c611c59e5f243cac4e99bd6697b73b14def62ea82f3970
9.953125,matched_path_accumulation_v1,4096,kivi_rolling_k2v2_s0_r128,final,v1,logit_max_abs_diff,9.9765625,232e3b08d10919ca24932ad0a0135e46119ecfd5,0.0234375,aime24:p11:s0:seed11042,489c942f86b4d5ae23c611c59e5f243cac4e99bd6697b73b14def62ea82f3970
-3.5762786865234375e-07,matched_path_accumulation_v1,128,kivi_rolling_k2v2_s0_r128,final,v1,hidden_cosine_loss,1.7285346984863281e-06,232e3b08d10919ca24932ad0a0135e46119ecfd5,2.086162567138672e-06,aime24:p12:s1:seed12043,ca87cac4db8eb8d9ae8695bf4f4fad1775a3bf9b28fe340c3d7c22f6212eb615
-0.00017193879466503859,matched_path_accumulation_v1,128,kivi_rolling_k2v2_s0_r128,final,v1,hidden_relative_L2,0.0017006801208481193,232e3b08d10919ca24932ad0a0135e46119ecfd5,0.0018726189155131578,aime24:p12:s1:seed12043,ca87cac4db8eb8d9ae8695bf4f4fad1775a3bf9b28fe340c3d7c22f6212eb615
-0.00017193879466503859,matched_path_accumulation_v1,128,kivi_rolling_k2v2_s0_r128,final,v1,attention_output_relative_L2,0.0017006801208481193,232e3b08d10919ca24932ad0a0135e46119ecfd5,0.0018726189155131578,aime24:p12:s1:seed12043,ca87cac4db8eb8d9ae8695bf4f4fad1775a3bf9b28fe340c3d7c22f6212eb615
4.186140176898334e-05,matched_path_accumulation_v1,128,kivi_rolling_k2v2_s0_r128,final,v1,next_token_KL,7.193683995865285e-05,232e3b08d10919ca24932ad0a0135e46119ecfd5,3.0075438189669512e-05,aime24:p12:s1:seed12043,ca87cac4db8eb8d9ae8695bf4f4fad1775a3bf9b28fe340c3d7c22f6212eb615
1.0419254977023229e-05,matched_path_accumulation_v1,128,kivi_rolling_k2v2_s0_r128,final,v1,next_token_JS,1.7973252397496253e-05,232e3b08d10919ca24932ad0a0135e46119ecfd5,7.553997420473024e-06,aime24:p12:s1:seed12043,ca87cac4db8eb8d9ae8695bf4f4fad1775a3bf9b28fe340c3d7c22f6212eb615
-0.0040493011474609375,matched_path_accumulation_v1,128,kivi_rolling_k2v2_s0_r128,final,v1,target_token_NLL_delta,0.0046890974044799805,232e3b08d10919ca24932ad0a0135e46119ecfd5,0.008738398551940918,aime24:p12:s1:seed12043,ca87cac4db8eb8d9ae8695bf4f4fad1775a3bf9b28fe340c3d7c22f6212eb615
0.0,matched_path_accumulation_v1,128,kivi_rolling_k2v2_s0_r128,final,v1,top1_disagreement,0.0,232e3b08d10919ca24932ad0a0135e46119ecfd5,0.0,aime24:p12:s1:seed12043,ca87cac4db8eb8d9ae8695bf4f4fad1775a3bf9b28fe340c3d7c22f6212eb615
-0.015625,matched_path_accumulation_v1,128,kivi_rolling_k2v2_s0_r128,final,v1,logit_max_abs_diff,0.015625,232e3b08d10919ca24932ad0a0135e46119ecfd5,0.03125,aime24:p12:s1:seed12043,ca87cac4db8eb8d9ae8695bf4f4fad1775a3bf9b28fe340c3d7c22f6212eb615
0.1291673183441162,matched_path_accumulation_v1,512,kivi_rolling_k2v2_s0_r128,final,v1,hidden_cosine_loss,0.12917131185531616,232e3b08d10919ca24932ad0a0135e46119ecfd5,3.993511199951172e-06,aime24:p12:s1:seed12043,ca87cac4db8eb8d9ae8695bf4f4fad1775a3bf9b28fe340c3d7c22f6212eb615
0.5325128505937755,matched_path_accumulation_v1,512,kivi_rolling_k2v2_s0_r128,final,v1,hidden_relative_L2,0.5352784395217896,232e3b08d10919ca24932ad0a0135e46119ecfd5,0.00276558892801404,aime24:p12:s1:seed12043,ca87cac4db8eb8d9ae8695bf4f4fad1775a3bf9b28fe340c3d7c22f6212eb615
0.5325128505937755,matched_path_accumulation_v1,512,kivi_rolling_k2v2_s0_r128,final,v1,attention_output_relative_L2,0.5352784395217896,232e3b08d10919ca24932ad0a0135e46119ecfd5,0.00276558892801404,aime24:p12:s1:seed12043,ca87cac4db8eb8d9ae8695bf4f4fad1775a3bf9b28fe340c3d7c22f6212eb615
0.12720199058867365,matched_path_accumulation_v1,512,kivi_rolling_k2v2_s0_r128,final,v1,next_token_KL,0.12720529735088348,232e3b08d10919ca24932ad0a0135e46119ecfd5,3.306762209831504e-06,aime24:p12:s1:seed12043,ca87cac4db8eb8d9ae8695bf4f4fad1775a3bf9b28fe340c3d7c22f6212eb615
0.014124840655256321,matched_path_accumulation_v1,512,kivi_rolling_k2v2_s0_r128,final,v1,next_token_JS,0.014125660061836243,232e3b08d10919ca24932ad0a0135e46119ecfd5,8.194065799216332e-07,aime24:p12:s1:seed12043,ca87cac4db8eb8d9ae8695bf4f4fad1775a3bf9b28fe340c3d7c22f6212eb615
0.11128473281860352,matched_path_accumulation_v1,512,kivi_rolling_k2v2_s0_r128,final,v1,target_token_NLL_delta,0.11086294054985046,232e3b08d10919ca24932ad0a0135e46119ecfd5,-0.00042179226875305176,aime24:p12:s1:seed12043,ca87cac4db8eb8d9ae8695bf4f4fad1775a3bf9b28fe340c3d7c22f6212eb615
0.0,matched_path_accumulation_v1,512,kivi_rolling_k2v2_s0_r128,final,v1,top1_disagreement,0.0,232e3b08d10919ca24932ad0a0135e46119ecfd5,0.0,aime24:p12:s1:seed12043,ca87cac4db8eb8d9ae8695bf4f4fad1775a3bf9b28fe340c3d7c22f6212eb615
5.4921875,matched_path_accumulation_v1,512,kivi_rolling_k2v2_s0_r128,final,v1,logit_max_abs_diff,5.515625,232e3b08d10919ca24932ad0a0135e46119ecfd5,0.0234375,aime24:p12:s1:seed12043,ca87cac4db8eb8d9ae8695bf4f4fad1775a3bf9b28fe340c3d7c22f6212eb615
0.04671454429626465,matched_path_accumulation_v1,1024,kivi_rolling_k2v2_s0_r128,final,v1,hidden_cosine_loss,0.04671609401702881,232e3b08d10919ca24932ad0a0135e46119ecfd5,1.5497207641601562e-06,aime24:p12:s1:seed12043,ca87cac4db8eb8d9ae8695bf4f4fad1775a3bf9b28fe340c3d7c22f6212eb615
0.3014204513747245,matched_path_accumulation_v1,1024,kivi_rolling_k2v2_s0_r128,final,v1,hidden_relative_L2,0.3028818368911743,232e3b08d10919ca24932ad0a0135e46119ecfd5,0.001461385516449809,aime24:p12:s1:seed12043,ca87cac4db8eb8d9ae8695bf4f4fad1775a3bf9b28fe340c3d7c22f6212eb615
0.3014204513747245,matched_path_accumulation_v1,1024,kivi_rolling_k2v2_s0_r128,final,v1,attention_output_relative_L2,0.3028818368911743,232e3b08d10919ca24932ad0a0135e46119ecfd5,0.001461385516449809,aime24:p12:s1:seed12043,ca87cac4db8eb8d9ae8695bf4f4fad1775a3bf9b28fe340c3d7c22f6212eb615
0.006717952725466603,matched_path_accumulation_v1,1024,kivi_rolling_k2v2_s0_r128,final,v1,next_token_KL,0.006724879145622253,232e3b08d10919ca24932ad0a0135e46119ecfd5,6.926420155650703e-06,aime24:p12:s1:seed12043,ca87cac4db8eb8d9ae8695bf4f4fad1775a3bf9b28fe340c3d7c22f6212eb615
0.0017709538803956093,matched_path_accumulation_v1,1024,kivi_rolling_k2v2_s0_r128,final,v1,next_token_JS,0.0017726883525028825,232e3b08d10919ca24932ad0a0135e46119ecfd5,1.7344721072731772e-06,aime24:p12:s1:seed12043,ca87cac4db8eb8d9ae8695bf4f4fad1775a3bf9b28fe340c3d7c22f6212eb615
0.026714712381362915,matched_path_accumulation_v1,1024,kivi_rolling_k2v2_s0_r128,final,v1,target_token_NLL_delta,0.02759294956922531,232e3b08d10919ca24932ad0a0135e46119ecfd5,0.0008782371878623962,aime24:p12:s1:seed12043,ca87cac4db8eb8d9ae8695bf4f4fad1775a3bf9b28fe340c3d7c22f6212eb615
0.0,matched_path_accumulation_v1,1024,kivi_rolling_k2v2_s0_r128,final,v1,top1_disagreement,0.0,232e3b08d10919ca24932ad0a0135e46119ecfd5,0.0,aime24:p12:s1:seed12043,ca87cac4db8eb8d9ae8695bf4f4fad1775a3bf9b28fe340c3d7c22f6212eb615
3.44140625,matched_path_accumulation_v1,1024,kivi_rolling_k2v2_s0_r128,final,v1,logit_max_abs_diff,3.45703125,232e3b08d10919ca24932ad0a0135e46119ecfd5,0.015625,aime24:p12:s1:seed12043,ca87cac4db8eb8d9ae8695bf4f4fad1775a3bf9b28fe340c3d7c22f6212eb615
0.026750922203063965,matched_path_accumulation_v1,2048,kivi_rolling_k2v2_s0_r128,final,v1,hidden_cosine_loss,0.02675187587738037,232e3b08d10919ca24932ad0a0135e46119ecfd5,9.5367431640625e-07,aime24:p12:s1:seed12043,ca87cac4db8eb8d9ae8695bf4f4fad1775a3bf9b28fe340c3d7c22f6212eb615
0.23218321544118226,matched_path_accumulation_v1,2048,kivi_rolling_k2v2_s0_r128,final,v1,hidden_relative_L2,0.23342642188072205,232e3b08d10919ca24932ad0a0135e46119ecfd5,0.0012432064395397902,aime24:p12:s1:seed12043,ca87cac4db8eb8d9ae8695bf4f4fad1775a3bf9b28fe340c3d7c22f6212eb615
0.23218321544118226,matched_path_accumulation_v1,2048,kivi_rolling_k2v2_s0_r128,final,v1,attention_output_relative_L2,0.23342642188072205,232e3b08d10919ca24932ad0a0135e46119ecfd5,0.0012432064395397902,aime24:p12:s1:seed12043,ca87cac4db8eb8d9ae8695bf4f4fad1775a3bf9b28fe340c3d7c22f6212eb615
0.11144551650107815,matched_path_accumulation_v1,2048,kivi_rolling_k2v2_s0_r128,final,v1,next_token_KL,0.11144623160362244,232e3b08d10919ca24932ad0a0135e46119ecfd5,7.151025442908576e-07,aime24:p12:s1:seed12043,ca87cac4db8eb8d9ae8695bf4f4fad1775a3bf9b28fe340c3d7c22f6212eb615
0.02550706463333796,matched_path_accumulation_v1,2048,kivi_rolling_k2v2_s0_r128,final,v1,next_token_JS,0.025507168844342232,232e3b08d10919ca24932ad0a0135e46119ecfd5,1.0421100427038255e-07,aime24:p12:s1:seed12043,ca87cac4db8eb8d9ae8695bf4f4fad1775a3bf9b28fe340c3d7c22f6212eb615
0.04965496063232422,matched_path_accumulation_v1,2048,kivi_rolling_k2v2_s0_r128,final,v1,target_token_NLL_delta,0.049715399742126465,232e3b08d10919ca24932ad0a0135e46119ecfd5,6.0439109802246094e-05,aime24:p12:s1:seed12043,ca87cac4db8eb8d9ae8695bf4f4fad1775a3bf9b28fe340c3d7c22f6212eb615
0.0,matched_path_accumulation_v1,2048,kivi_rolling_k2v2_s0_r128,final,v1,top1_disagreement,0.0,232e3b08d10919ca24932ad0a0135e46119ecfd5,0.0,aime24:p12:s1:seed12043,ca87cac4db8eb8d9ae8695bf4f4fad1775a3bf9b28fe340c3d7c22f6212eb615
2.1904296875,matched_path_accumulation_v1,2048,kivi_rolling_k2v2_s0_r128,final,v1,logit_max_abs_diff,2.2060546875,232e3b08d10919ca24932ad0a0135e46119ecfd5,0.015625,aime24:p12:s1:seed12043,ca87cac4db8eb8d9ae8695bf4f4fad1775a3bf9b28fe340c3d7c22f6212eb615
0.07317912578582764,matched_path_accumulation_v1,4096,kivi_rolling_k2v2_s0_r128,final,v1,hidden_cosine_loss,0.0731809139251709,232e3b08d10919ca24932ad0a0135e46119ecfd5,1.7881393432617188e-06,aime24:p12:s1:seed12043,ca87cac4db8eb8d9ae8695bf4f4fad1775a3bf9b28fe340c3d7c22f6212eb615
0.3855388785013929,matched_path_accumulation_v1,4096,kivi_rolling_k2v2_s0_r128,final,v1,hidden_relative_L2,0.38734546303749084,232e3b08d10919ca24932ad0a0135e46119ecfd5,0.0018065845360979438,aime24:p12:s1:seed12043,ca87cac4db8eb8d9ae8695bf4f4fad1775a3bf9b28fe340c3d7c22f6212eb615
0.3855388785013929,matched_path_accumulation_v1,4096,kivi_rolling_k2v2_s0_r128,final,v1,attention_output_relative_L2,0.38734546303749084,232e3b08d10919ca24932ad0a0135e46119ecfd5,0.0018065845360979438,aime24:p12:s1:seed12043,ca87cac4db8eb8d9ae8695bf4f4fad1775a3bf9b28fe340c3d7c22f6212eb615
0.22540747370982217,matched_path_accumulation_v1,4096,kivi_rolling_k2v2_s0_r128,final,v1,next_token_KL,0.22540836036205292,232e3b08d10919ca24932ad0a0135e46119ecfd5,8.866522307471314e-07,aime24:p12:s1:seed12043,ca87cac4db8eb8d9ae8695bf4f4fad1775a3bf9b28fe340c3d7c22f6212eb615
0.05948547184257791,matched_path_accumulation_v1,4096,kivi_rolling_k2v2_s0_r128,final,v1,next_token_JS,0.059485726058483124,232e3b08d10919ca24932ad0a0135e46119ecfd5,2.542159052154602e-07,aime24:p12:s1:seed12043,ca87cac4db8eb8d9ae8695bf4f4fad1775a3bf9b28fe340c3d7c22f6212eb615
0.6467772722244263,matched_path_accumulation_v1,4096,kivi_rolling_k2v2_s0_r128,final,v1,target_token_NLL_delta,0.6468270421028137,232e3b08d10919ca24932ad0a0135e46119ecfd5,4.976987838745117e-05,aime24:p12:s1:seed12043,ca87cac4db8eb8d9ae8695bf4f4fad1775a3bf9b28fe340c3d7c22f6212eb615
0.0,matched_path_accumulation_v1,4096,kivi_rolling_k2v2_s0_r128,final,v1,top1_disagreement,0.0,232e3b08d10919ca24932ad0a0135e46119ecfd5,0.0,aime24:p12:s1:seed12043,ca87cac4db8eb8d9ae8695bf4f4fad1775a3bf9b28fe340c3d7c22f6212eb615
3.611328125,matched_path_accumulation_v1,4096,kivi_rolling_k2v2_s0_r128,final,v1,logit_max_abs_diff,3.6298828125,232e3b08d10919ca24932ad0a0135e46119ecfd5,0.0185546875,aime24:p12:s1:seed12043,ca87cac4db8eb8d9ae8695bf4f4fad1775a3bf9b28fe340c3d7c22f6212eb615
-2.384185791015625e-07,matched_path_accumulation_v1,128,kivi_rolling_k2v2_s0_r128,final,v1,hidden_cosine_loss,2.0265579223632812e-06,232e3b08d10919ca24932ad0a0135e46119ecfd5,2.2649765014648438e-06,aime24:p6:s0:seed6042,3aaa4d1b0009ba297434f6ce9cc3b021533afdacc47013de66093911d7d70ffe
-0.00013321847654879093,matched_path_accumulation_v1,128,kivi_rolling_k2v2_s0_r128,final,v1,hidden_relative_L2,0.001938515342772007,232e3b08d10919ca24932ad0a0135e46119ecfd5,0.002071733819320798,aime24:p6:s0:seed6042,3aaa4d1b0009ba297434f6ce9cc3b021533afdacc47013de66093911d7d70ffe
-0.00013321847654879093,matched_path_accumulation_v1,128,kivi_rolling_k2v2_s0_r128,final,v1,attention_output_relative_L2,0.001938515342772007,232e3b08d10919ca24932ad0a0135e46119ecfd5,0.002071733819320798,aime24:p6:s0:seed6042,3aaa4d1b0009ba297434f6ce9cc3b021533afdacc47013de66093911d7d70ffe
-2.9520893605194942e-05,matched_path_accumulation_v1,128,kivi_rolling_k2v2_s0_r128,final,v1,next_token_KL,3.6458206409406557e-07,232e3b08d10919ca24932ad0a0135e46119ecfd5,2.9885475669289008e-05,aime24:p6:s0:seed6042,3aaa4d1b0009ba297434f6ce9cc3b021533afdacc47013de66093911d7d70ffe
-7.516671981733225e-06,matched_path_accumulation_v1,128,kivi_rolling_k2v2_s0_r128,final,v1,next_token_JS,4.278968290805096e-08,232e3b08d10919ca24932ad0a0135e46119ecfd5,7.559461664641276e-06,aime24:p6:s0:seed6042,3aaa4d1b0009ba297434f6ce9cc3b021533afdacc47013de66093911d7d70ffe
-0.006798744201660156,matched_path_accumulation_v1,128,kivi_rolling_k2v2_s0_r128,final,v1,target_token_NLL_delta,-1.1265277862548828e-05,232e3b08d10919ca24932ad0a0135e46119ecfd5,0.006787478923797607,aime24:p6:s0:seed6042,3aaa4d1b0009ba297434f6ce9cc3b021533afdacc47013de66093911d7d70ffe
0.0,matched_path_accumulation_v1,128,kivi_rolling_k2v2_s0_r128,final,v1,top1_disagreement,0.0,232e3b08d10919ca24932ad0a0135e46119ecfd5,0.0,aime24:p6:s0:seed6042,3aaa4d1b0009ba297434f6ce9cc3b021533afdacc47013de66093911d7d70ffe
-0.00390625,matched_path_accumulation_v1,128,kivi_rolling_k2v2_s0_r128,final,v1,logit_max_abs_diff,0.0166015625,232e3b08d10919ca24932ad0a0135e46119ecfd5,0.0205078125,aime24:p6:s0:seed6042,3aaa4d1b0009ba297434f6ce9cc3b021533afdacc47013de66093911d7d70ffe
0.12788289785385132,matched_path_accumulation_v1,512,kivi_rolling_k2v2_s0_r128,final,v1,hidden_cosine_loss,0.12788665294647217,232e3b08d10919ca24932ad0a0135e46119ecfd5,3.7550926208496094e-06,aime24:p6:s0:seed6042,3aaa4d1b0009ba297434f6ce9cc3b021533afdacc47013de66093911d7d70ffe
0.5104075318668038,matched_path_accumulation_v1,512,kivi_rolling_k2v2_s0_r128,final,v1,hidden_relative_L2,0.5130038857460022,232e3b08d10919ca24932ad0a0135e46119ecfd5,0.002596353879198432,aime24:p6:s0:seed6042,3aaa4d1b0009ba297434f6ce9cc3b021533afdacc47013de66093911d7d70ffe
0.5104075318668038,matched_path_accumulation_v1,512,kivi_rolling_k2v2_s0_r128,final,v1,attention_output_relative_L2,0.5130038857460022,232e3b08d10919ca24932ad0a0135e46119ecfd5,0.002596353879198432,aime24:p6:s0:seed6042,3aaa4d1b0009ba297434f6ce9cc3b021533afdacc47013de66093911d7d70ffe
0.0004700627539637736,matched_path_accumulation_v1,512,kivi_rolling_k2v2_s0_r128,final,v1,next_token_KL,0.00047008664114400744,232e3b08d10919ca24932ad0a0135e46119ecfd5,2.3887180233828076e-08,aime24:p6:s0:seed6042,3aaa4d1b0009ba297434f6ce9cc3b021533afdacc47013de66093911d7d70ffe
0.00014311699487734586,matched_path_accumulation_v1,512,kivi_rolling_k2v2_s0_r128,final,v1,next_token_JS,0.00014311699487734586,232e3b08d10919ca24932ad0a0135e46119ecfd5,0.0,aime24:p6:s0:seed6042,3aaa4d1b0009ba297434f6ce9cc3b021533afdacc47013de66093911d7d70ffe
0.0007842917111702263,matched_path_accumulation_v1,512,kivi_rolling_k2v2_s0_r128,final,v1,target_token_NLL_delta,0.0007842917111702263,232e3b08d10919ca24932ad0a0135e46119ecfd5,0.0,aime24:p6:s0:seed6042,3aaa4d1b0009ba297434f6ce9cc3b021533afdacc47013de66093911d7d70ffe
0.0,matched_path_accumulation_v1,512,kivi_rolling_k2v2_s0_r128,final,v1,top1_disagreement,0.0,232e3b08d10919ca24932ad0a0135e46119ecfd5,0.0,aime24:p6:s0:seed6042,3aaa4d1b0009ba297434f6ce9cc3b021533afdacc47013de66093911d7d70ffe
3.72265625,matched_path_accumulation_v1,512,kivi_rolling_k2v2_s0_r128,final,v1,logit_max_abs_diff,3.7421875,232e3b08d10919ca24932ad0a0135e46119ecfd5,0.01953125,aime24:p6:s0:seed6042,3aaa4d1b0009ba297434f6ce9cc3b021533afdacc47013de66093911d7d70ffe
0.08558034896850586,matched_path_accumulation_v1,1024,kivi_rolling_k2v2_s0_r128,final,v1,hidden_cosine_loss,0.08558249473571777,232e3b08d10919ca24932ad0a0135e46119ecfd5,2.1457672119140625e-06,aime24:p6:s0:seed6042,3aaa4d1b0009ba297434f6ce9cc3b021533afdacc47013de66093911d7d70ffe
0.40625381167046726,matched_path_accumulation_v1,1024,kivi_rolling_k2v2_s0_r128,final,v1,hidden_relative_L2,0.40814563632011414,232e3b08d10919ca24932ad0a0135e46119ecfd5,0.0018918246496468782,aime24:p6:s0:seed6042,3aaa4d1b0009ba297434f6ce9cc3b021533afdacc47013de66093911d7d70ffe
0.40625381167046726,matched_path_accumulation_v1,1024,kivi_rolling_k2v2_s0_r128,final,v1,attention_output_relative_L2,0.40814563632011414,232e3b08d10919ca24932ad0a0135e46119ecfd5,0.0018918246496468782,aime24:p6:s0:seed6042,3aaa4d1b0009ba297434f6ce9cc3b021533afdacc47013de66093911d7d70ffe
0.032307158363707345,matched_path_accumulation_v1,1024,kivi_rolling_k2v2_s0_r128,final,v1,next_token_KL,0.03230718895792961,232e3b08d10919ca24932ad0a0135e46119ecfd5,3.0594222266699944e-08,aime24:p6:s0:seed6042,3aaa4d1b0009ba297434f6ce9cc3b021533afdacc47013de66093911d7d70ffe
0.010424209925771422,matched_path_accumulation_v1,1024,kivi_rolling_k2v2_s0_r128,final,v1,next_token_JS,0.010424217209219933,232e3b08d10919ca24932ad0a0135e46119ecfd5,7.283448510975177e-09,aime24:p6:s0:seed6042,3aaa4d1b0009ba297434f6ce9cc3b021533afdacc47013de66093911d7d70ffe
0.055836357176303864,matched_path_accumulation_v1,1024,kivi_rolling_k2v2_s0_r128,final,v1,target_token_NLL_delta,0.055832602083683014,232e3b08d10919ca24932ad0a0135e46119ecfd5,-3.7550926208496094e-06,aime24:p6:s0:seed6042,3aaa4d1b0009ba297434f6ce9cc3b021533afdacc47013de66093911d7d70ffe
0.0,matched_path_accumulation_v1,1024,kivi_rolling_k2v2_s0_r128,final,v1,top1_disagreement,0.0,232e3b08d10919ca24932ad0a0135e46119ecfd5,0.0,aime24:p6:s0:seed6042,3aaa4d1b0009ba297434f6ce9cc3b021533afdacc47013de66093911d7d70ffe
5.421875,matched_path_accumulation_v1,1024,kivi_rolling_k2v2_s0_r128,final,v1,logit_max_abs_diff,5.44140625,232e3b08d10919ca24932ad0a0135e46119ecfd5,0.01953125,aime24:p6:s0:seed6042,3aaa4d1b0009ba297434f6ce9cc3b021533afdacc47013de66093911d7d70ffe
0.060829877853393555,matched_path_accumulation_v1,2048,kivi_rolling_k2v2_s0_r128,final,v1,hidden_cosine_loss,0.06083226203918457,232e3b08d10919ca24932ad0a0135e46119ecfd5,2.384185791015625e-06,aime24:p6:s0:seed6042,3aaa4d1b0009ba297434f6ce9cc3b021533afdacc47013de66093911d7d70ffe
0.34148904331959784,matched_path_accumulation_v1,2048,kivi_rolling_k2v2_s0_r128,final,v1,hidden_relative_L2,0.34353628754615784,232e3b08d10919ca24932ad0a0135e46119ecfd5,0.0020472442265599966,aime24:p6:s0:seed6042,3aaa4d1b0009ba297434f6ce9cc3b021533afdacc47013de66093911d7d70ffe
0.34148904331959784,matched_path_accumulation_v1,2048,kivi_rolling_k2v2_s0_r128,final,v1,attention_output_relative_L2,0.34353628754615784,232e3b08d10919ca24932ad0a0135e46119ecfd5,0.0020472442265599966,aime24:p6:s0:seed6042,3aaa4d1b0009ba297434f6ce9cc3b021533afdacc47013de66093911d7d70ffe
0.0014674428966259256,matched_path_accumulation_v1,2048,kivi_rolling_k2v2_s0_r128,final,v1,next_token_KL,0.0014676314312964678,232e3b08d10919ca24932ad0a0135e46119ecfd5,1.885346705421398e-07,aime24:p6:s0:seed6042,3aaa4d1b0009ba297434f6ce9cc3b021533afdacc47013de66093911d7d70ffe
0.0004340108496734274,matched_path_accumulation_v1,2048,kivi_rolling_k2v2_s0_r128,final,v1,next_token_JS,0.0004340788582339883,232e3b08d10919ca24932ad0a0135e46119ecfd5,6.800856056088378e-08,aime24:p6:s0:seed6042,3aaa4d1b0009ba297434f6ce9cc3b021533afdacc47013de66093911d7d70ffe
0.00301552377641201,matched_path_accumulation_v1,2048,kivi_rolling_k2v2_s0_r128,final,v1,target_token_NLL_delta,0.002995522692799568,232e3b08d10919ca24932ad0a0135e46119ecfd5,-2.0001083612442017e-05,aime24:p6:s0:seed6042,3aaa4d1b0009ba297434f6ce9cc3b021533afdacc47013de66093911d7d70ffe
0.0,matched_path_accumulation_v1,2048,kivi_rolling_k2v2_s0_r128,final,v1,top1_disagreement,0.0,232e3b08d10919ca24932ad0a0135e46119ecfd5,0.0,aime24:p6:s0:seed6042,3aaa4d1b0009ba297434f6ce9cc3b021533afdacc47013de66093911d7d70ffe
3.51953125,matched_path_accumulation_v1,2048,kivi_rolling_k2v2_s0_r128,final,v1,logit_max_abs_diff,3.53515625,232e3b08d10919ca24932ad0a0135e46119ecfd5,0.015625,aime24:p6:s0:seed6042,3aaa4d1b0009ba297434f6ce9cc3b021533afdacc47013de66093911d7d70ffe
0.12751257419586182,matched_path_accumulation_v1,4096,kivi_rolling_k2v2_s0_r128,final,v1,hidden_cosine_loss,0.12751638889312744,232e3b08d10919ca24932ad0a0135e46119ecfd5,3.814697265625e-06,aime24:p6:s0:seed6042,3aaa4d1b0009ba297434f6ce9cc3b021533afdacc47013de66093911d7d70ffe
0.5530641230288893,matched_path_accumulation_v1,4096,kivi_rolling_k2v2_s0_r128,final,v1,hidden_relative_L2,0.5557090640068054,232e3b08d10919ca24932ad0a0135e46119ecfd5,0.0026449409779161215,aime24:p6:s0:seed6042,3aaa4d1b0009ba297434f6ce9cc3b021533afdacc47013de66093911d7d70ffe
0.5530641230288893,matched_path_accumulation_v1,4096,kivi_rolling_k2v2_s0_r128,final,v1,attention_output_relative_L2,0.5557090640068054,232e3b08d10919ca24932ad0a0135e46119ecfd5,0.0026449409779161215,aime24:p6:s0:seed6042,3aaa4d1b0009ba297434f6ce9cc3b021533afdacc47013de66093911d7d70ffe
0.005460758227854967,matched_path_accumulation_v1,4096,kivi_rolling_k2v2_s0_r128,final,v1,next_token_KL,0.005460758227854967,232e3b08d10919ca24932ad0a0135e46119ecfd5,0.0,aime24:p6:s0:seed6042,3aaa4d1b0009ba297434f6ce9cc3b021533afdacc47013de66093911d7d70ffe
0.0018626583517313833,matched_path_accumulation_v1,4096,kivi_rolling_k2v2_s0_r128,final,v1,next_token_JS,0.001862662727944553,232e3b08d10919ca24932ad0a0135e46119ecfd5,4.376213169621224e-09,aime24:p6:s0:seed6042,3aaa4d1b0009ba297434f6ce9cc3b021533afdacc47013de66093911d7d70ffe
0.005718451429856941,matched_path_accumulation_v1,4096,kivi_rolling_k2v2_s0_r128,final,v1,target_token_NLL_delta,0.0057179746218025684,232e3b08d10919ca24932ad0a0135e46119ecfd5,-4.7680805437266827e-07,aime24:p6:s0:seed6042,3aaa4d1b0009ba297434f6ce9cc3b021533afdacc47013de66093911d7d70ffe
0.0,matched_path_accumulation_v1,4096,kivi_rolling_k2v2_s0_r128,final,v1,top1_disagreement,0.0,232e3b08d10919ca24932ad0a0135e46119ecfd5,0.0,aime24:p6:s0:seed6042,3aaa4d1b0009ba297434f6ce9cc3b021533afdacc47013de66093911d7d70ffe
7.734375,matched_path_accumulation_v1,4096,kivi_rolling_k2v2_s0_r128,final,v1,logit_max_abs_diff,7.765625,232e3b08d10919ca24932ad0a0135e46119ecfd5,0.03125,aime24:p6:s0:seed6042,3aaa4d1b0009ba297434f6ce9cc3b021533afdacc47013de66093911d7d70ffe
1.7881393432617188e-07,matched_path_accumulation_v1,128,kivi_rolling_k2v2_s0_r128,final,v1,hidden_cosine_loss,1.7881393432617188e-06,232e3b08d10919ca24932ad0a0135e46119ecfd5,1.6093254089355469e-06,aime24:p6:s1:seed6043,bdc5380c721a7d62393b67524bb3065580c4b13dffda573ae8f1238fbd86cb01
7.913250010460615e-05,matched_path_accumulation_v1,128,kivi_rolling_k2v2_s0_r128,final,v1,hidden_relative_L2,0.0016405596397817135,232e3b08d10919ca24932ad0a0135e46119ecfd5,0.0015614271396771073,aime24:p6:s1:seed6043,bdc5380c721a7d62393b67524bb3065580c4b13dffda573ae8f1238fbd86cb01
7.913250010460615e-05,matched_path_accumulation_v1,128,kivi_rolling_k2v2_s0_r128,final,v1,attention_output_relative_L2,0.0016405596397817135,232e3b08d10919ca24932ad0a0135e46119ecfd5,0.0015614271396771073,aime24:p6:s1:seed6043,bdc5380c721a7d62393b67524bb3065580c4b13dffda573ae8f1238fbd86cb01
-1.3816976206726395e-05,matched_path_accumulation_v1,128,kivi_rolling_k2v2_s0_r128,final,v1,next_token_KL,7.664404620300047e-06,232e3b08d10919ca24932ad0a0135e46119ecfd5,2.148138082702644e-05,aime24:p6:s1:seed6043,bdc5380c721a7d62393b67524bb3065580c4b13dffda573ae8f1238fbd86cb01
-3.462773747742176e-06,matched_path_accumulation_v1,128,kivi_rolling_k2v2_s0_r128,final,v1,next_token_JS,1.946092197613325e-06,232e3b08d10919ca24932ad0a0135e46119ecfd5,5.408865945355501e-06,aime24:p6:s1:seed6043,bdc5380c721a7d62393b67524bb3065580c4b13dffda573ae8f1238fbd86cb01
0.0032184720039367676,matched_path_accumulation_v1,128,kivi_rolling_k2v2_s0_r128,final,v1,target_token_NLL_delta,-0.00041174888610839844,232e3b08d10919ca24932ad0a0135e46119ecfd5,-0.003630220890045166,aime24:p6:s1:seed6043,bdc5380c721a7d62393b67524bb3065580c4b13dffda573ae8f1238fbd86cb01
0.0,matched_path_accumulation_v1,128,kivi_rolling_k2v2_s0_r128,final,v1,top1_disagreement,0.0,232e3b08d10919ca24932ad0a0135e46119ecfd5,0.0,aime24:p6:s1:seed6043,bdc5380c721a7d62393b67524bb3065580c4b13dffda573ae8f1238fbd86cb01
0.0078125,matched_path_accumulation_v1,128,kivi_rolling_k2v2_s0_r128,final,v1,logit_max_abs_diff,0.0234375,232e3b08d10919ca24932ad0a0135e46119ecfd5,0.015625,aime24:p6:s1:seed6043,bdc5380c721a7d62393b67524bb3065580c4b13dffda573ae8f1238fbd86cb01
0.058567166328430176,matched_path_accumulation_v1,512,kivi_rolling_k2v2_s0_r128,final,v1,hidden_cosine_loss,0.05856883525848389,232e3b08d10919ca24932ad0a0135e46119ecfd5,1.6689300537109375e-06,aime24:p6:s1:seed6043,bdc5380c721a7d62393b67524bb3065580c4b13dffda573ae8f1238fbd86cb01
0.3416010256623849,matched_path_accumulation_v1,512,kivi_rolling_k2v2_s0_r128,final,v1,hidden_relative_L2,0.3433322310447693,232e3b08d10919ca24932ad0a0135e46119ecfd5,0.0017312053823843598,aime24:p6:s1:seed6043,bdc5380c721a7d62393b67524bb3065580c4b13dffda573ae8f1238fbd86cb01
0.3416010256623849,matched_path_accumulation_v1,512,kivi_rolling_k2v2_s0_r128,final,v1,attention_output_relative_L2,0.3433322310447693,232e3b08d10919ca24932ad0a0135e46119ecfd5,0.0017312053823843598,aime24:p6:s1:seed6043,bdc5380c721a7d62393b67524bb3065580c4b13dffda573ae8f1238fbd86cb01
0.34989658778795274,matched_path_accumulation_v1,512,kivi_rolling_k2v2_s0_r128,final,v1,next_token_KL,0.34992459416389465,232e3b08d10919ca24932ad0a0135e46119ecfd5,2.8006375941913575e-05,aime24:p6:s1:seed6043,bdc5380c721a7d62393b67524bb3065580c4b13dffda573ae8f1238fbd86cb01
0.08698155319416401,matched_path_accumulation_v1,512,kivi_rolling_k2v2_s0_r128,final,v1,next_token_JS,0.08698846399784088,232e3b08d10919ca24932ad0a0135e46119ecfd5,6.910803676873911e-06,aime24:p6:s1:seed6043,bdc5380c721a7d62393b67524bb3065580c4b13dffda573ae8f1238fbd86cb01
0.9428542852401733,matched_path_accumulation_v1,512,kivi_rolling_k2v2_s0_r128,final,v1,target_token_NLL_delta,0.9482839703559875,232e3b08d10919ca24932ad0a0135e46119ecfd5,0.005429685115814209,aime24:p6:s1:seed6043,bdc5380c721a7d62393b67524bb3065580c4b13dffda573ae8f1238fbd86cb01
0.0,matched_path_accumulation_v1,512,kivi_rolling_k2v2_s0_r128,final,v1,top1_disagreement,0.0,232e3b08d10919ca24932ad0a0135e46119ecfd5,0.0,aime24:p6:s1:seed6043,bdc5380c721a7d62393b67524bb3065580c4b13dffda573ae8f1238fbd86cb01
3.8603515625,matched_path_accumulation_v1,512,kivi_rolling_k2v2_s0_r128,final,v1,logit_max_abs_diff,3.8759765625,232e3b08d10919ca24932ad0a0135e46119ecfd5,0.015625,aime24:p6:s1:seed6043,bdc5380c721a7d62393b67524bb3065580c4b13dffda573ae8f1238fbd86cb01
0.07712405920028687,matched_path_accumulation_v1,1024,kivi_rolling_k2v2_s0_r128,final,v1,hidden_cosine_loss,0.0771259069442749,232e3b08d10919ca24932ad0a0135e46119ecfd5,1.8477439880371094e-06,aime24:p6:s1:seed6043,bdc5380c721a7d62393b67524bb3065580c4b13dffda573ae8f1238fbd86cb01
0.3861099239438772,matched_path_accumulation_v1,1024,kivi_rolling_k2v2_s0_r128,final,v1,hidden_relative_L2,0.3878381848335266,232e3b08d10919ca24932ad0a0135e46119ecfd5,0.0017282608896493912,aime24:p6:s1:seed6043,bdc5380c721a7d62393b67524bb3065580c4b13dffda573ae8f1238fbd86cb01
0.3861099239438772,matched_path_accumulation_v1,1024,kivi_rolling_k2v2_s0_r128,final,v1,attention_output_relative_L2,0.3878381848335266,232e3b08d10919ca24932ad0a0135e46119ecfd5,0.0017282608896493912,aime24:p6:s1:seed6043,bdc5380c721a7d62393b67524bb3065580c4b13dffda573ae8f1238fbd86cb01
0.5090992234918303,matched_path_accumulation_v1,1024,kivi_rolling_k2v2_s0_r128,final,v1,next_token_KL,0.5091103911399841,232e3b08d10919ca24932ad0a0135e46119ecfd5,1.1167648153787013e-05,aime24:p6:s1:seed6043,bdc5380c721a7d62393b67524bb3065580c4b13dffda573ae8f1238fbd86cb01
0.1185103182997409,matched_path_accumulation_v1,1024,kivi_rolling_k2v2_s0_r128,final,v1,next_token_JS,0.11851318180561066,232e3b08d10919ca24932ad0a0135e46119ecfd5,2.86350586975459e-06,aime24:p6:s1:seed6043,bdc5380c721a7d62393b67524bb3065580c4b13dffda573ae8f1238fbd86cb01
-1.0669260025024414,matched_path_accumulation_v1,1024,kivi_rolling_k2v2_s0_r128,final,v1,target_token_NLL_delta,-1.0653173923492432,232e3b08d10919ca24932ad0a0135e46119ecfd5,0.0016086101531982422,aime24:p6:s1:seed6043,bdc5380c721a7d62393b67524bb3065580c4b13dffda573ae8f1238fbd86cb01
1.0,matched_path_accumulation_v1,1024,kivi_rolling_k2v2_s0_r128,final,v1,top1_disagreement,1.0,232e3b08d10919ca24932ad0a0135e46119ecfd5,0.0,aime24:p6:s1:seed6043,bdc5380c721a7d62393b67524bb3065580c4b13dffda573ae8f1238fbd86cb01
3.4453125,matched_path_accumulation_v1,1024,kivi_rolling_k2v2_s0_r128,final,v1,logit_max_abs_diff,3.4609375,232e3b08d10919ca24932ad0a0135e46119ecfd5,0.015625,aime24:p6:s1:seed6043,bdc5380c721a7d62393b67524bb3065580c4b13dffda573ae8f1238fbd86cb01
0.08750885725021362,matched_path_accumulation_v1,2048,kivi_rolling_k2v2_s0_r128,final,v1,hidden_cosine_loss,0.08751475811004639,232e3b08d10919ca24932ad0a0135e46119ecfd5,5.900859832763672e-06,aime24:p6:s1:seed6043,bdc5380c721a7d62393b67524bb3065580c4b13dffda573ae8f1238fbd86cb01
0.43330636085011065,matched_path_accumulation_v1,2048,kivi_rolling_k2v2_s0_r128,final,v1,hidden_relative_L2,0.4368135631084442,232e3b08d10919ca24932ad0a0135e46119ecfd5,0.003507202258333564,aime24:p6:s1:seed6043,bdc5380c721a7d62393b67524bb3065580c4b13dffda573ae8f1238fbd86cb01
0.43330636085011065,matched_path_accumulation_v1,2048,kivi_rolling_k2v2_s0_r128,final,v1,attention_output_relative_L2,0.4368135631084442,232e3b08d10919ca24932ad0a0135e46119ecfd5,0.003507202258333564,aime24:p6:s1:seed6043,bdc5380c721a7d62393b67524bb3065580c4b13dffda573ae8f1238fbd86cb01
3.4134448604561385e-05,matched_path_accumulation_v1,2048,kivi_rolling_k2v2_s0_r128,final,v1,next_token_KL,3.421152723603882e-05,232e3b08d10919ca24932ad0a0135e46119ecfd5,7.70786314774341e-08,aime24:p6:s1:seed6043,bdc5380c721a7d62393b67524bb3065580c4b13dffda573ae8f1238fbd86cb01
1.1297915131436298e-05,matched_path_accumulation_v1,2048,kivi_rolling_k2v2_s0_r128,final,v1,next_token_JS,1.1298116987745743e-05,232e3b08d10919ca24932ad0a0135e46119ecfd5,2.0185630944524746e-10,aime24:p6:s1:seed6043,bdc5380c721a7d62393b67524bb3065580c4b13dffda573ae8f1238fbd86cb01
4.2318220948800445e-05,matched_path_accumulation_v1,2048,kivi_rolling_k2v2_s0_r128,final,v1,target_token_NLL_delta,4.2318220948800445e-05,232e3b08d10919ca24932ad0a0135e46119ecfd5,0.0,aime24:p6:s1:seed6043,bdc5380c721a7d62393b67524bb3065580c4b13dffda573ae8f1238fbd86cb01
0.0,matched_path_accumulation_v1,2048,kivi_rolling_k2v2_s0_r128,final,v1,top1_disagreement,0.0,232e3b08d10919ca24932ad0a0135e46119ecfd5,0.0,aime24:p6:s1:seed6043,bdc5380c721a7d62393b67524bb3065580c4b13dffda573ae8f1238fbd86cb01
5.294921875,matched_path_accumulation_v1,2048,kivi_rolling_k2v2_s0_r128,final,v1,logit_max_abs_diff,5.341796875,232e3b08d10919ca24932ad0a0135e46119ecfd5,0.046875,aime24:p6:s1:seed6043,bdc5380c721a7d62393b67524bb3065580c4b13dffda573ae8f1238fbd86cb01
0.07975083589553833,matched_path_accumulation_v1,4096,kivi_rolling_k2v2_s0_r128,final,v1,hidden_cosine_loss,0.07975339889526367,232e3b08d10919ca24932ad0a0135e46119ecfd5,2.562999725341797e-06,aime24:p6:s1:seed6043,bdc5380c721a7d62393b67524bb3065580c4b13dffda573ae8f1238fbd86cb01
0.4030338020529598,matched_path_accumulation_v1,4096,kivi_rolling_k2v2_s0_r128,final,v1,hidden_relative_L2,0.4051119089126587,232e3b08d10919ca24932ad0a0135e46119ecfd5,0.0020781068596988916,aime24:p6:s1:seed6043,bdc5380c721a7d62393b67524bb3065580c4b13dffda573ae8f1238fbd86cb01
0.4030338020529598,matched_path_accumulation_v1,4096,kivi_rolling_k2v2_s0_r128,final,v1,attention_output_relative_L2,0.4051119089126587,232e3b08d10919ca24932ad0a0135e46119ecfd5,0.0020781068596988916,aime24:p6:s1:seed6043,bdc5380c721a7d62393b67524bb3065580c4b13dffda573ae8f1238fbd86cb01
0.00012861882903791866,matched_path_accumulation_v1,4096,kivi_rolling_k2v2_s0_r128,final,v1,next_token_KL,0.0001286443875869736,232e3b08d10919ca24932ad0a0135e46119ecfd5,2.5558549054949253e-08,aime24:p6:s1:seed6043,bdc5380c721a7d62393b67524bb3065580c4b13dffda573ae8f1238fbd86cb01
3.532638418635159e-05,matched_path_accumulation_v1,4096,kivi_rolling_k2v2_s0_r128,final,v1,next_token_JS,3.5328237572684884e-05,232e3b08d10919ca24932ad0a0135e46119ecfd5,1.853386333294793e-09,aime24:p6:s1:seed6043,bdc5380c721a7d62393b67524bb3065580c4b13dffda573ae8f1238fbd86cb01
0.000899819191545248,matched_path_accumulation_v1,4096,kivi_rolling_k2v2_s0_r128,final,v1,target_token_NLL_delta,0.0009001754224300385,232e3b08d10919ca24932ad0a0135e46119ecfd5,3.5623088479042053e-07,aime24:p6:s1:seed6043,bdc5380c721a7d62393b67524bb3065580c4b13dffda573ae8f1238fbd86cb01
0.0,matched_path_accumulation_v1,4096,kivi_rolling_k2v2_s0_r128,final,v1,top1_disagreement,0.0,232e3b08d10919ca24932ad0a0135e46119ecfd5,0.0,aime24:p6:s1:seed6043,bdc5380c721a7d62393b67524bb3065580c4b13dffda573ae8f1238fbd86cb01
3.30078125,matched_path_accumulation_v1,4096,kivi_rolling_k2v2_s0_r128,final,v1,logit_max_abs_diff,3.3203125,232e3b08d10919ca24932ad0a0135e46119ecfd5,0.01953125,aime24:p6:s1:seed6043,bdc5380c721a7d62393b67524bb3065580c4b13dffda573ae8f1238fbd86cb01
0.0701904296875,matched_path_accumulation_v1,128,kivi_rolling_k2v2_s0_r128,final,v1,hidden_cosine_loss,0.07019323110580444,232e3b08d10919ca24932ad0a0135e46119ecfd5,2.8014183044433594e-06,aime24:p0:s0:seed42,7a50b9d97068ffc8a93d794fcdf6bac89e37ed85dd38b6abbdbbe8fb4c9a8f8a
0.3699989141896367,matched_path_accumulation_v1,128,kivi_rolling_k2v2_s0_r128,final,v1,hidden_relative_L2,0.37220266461372375,232e3b08d10919ca24932ad0a0135e46119ecfd5,0.0022037504240870476,aime24:p0:s0:seed42,7a50b9d97068ffc8a93d794fcdf6bac89e37ed85dd38b6abbdbbe8fb4c9a8f8a
0.3699989141896367,matched_path_accumulation_v1,128,kivi_rolling_k2v2_s0_r128,final,v1,attention_output_relative_L2,0.37220266461372375,232e3b08d10919ca24932ad0a0135e46119ecfd5,0.0022037504240870476,aime24:p0:s0:seed42,7a50b9d97068ffc8a93d794fcdf6bac89e37ed85dd38b6abbdbbe8fb4c9a8f8a
1.0634407259665295,matched_path_accumulation_v1,128,kivi_rolling_k2v2_s0_r128,final,v1,next_token_KL,1.0634418725967407,232e3b08d10919ca24932ad0a0135e46119ecfd5,1.1466302112239646e-06,aime24:p0:s0:seed42,7a50b9d97068ffc8a93d794fcdf6bac89e37ed85dd38b6abbdbbe8fb4c9a8f8a
0.23370034689804697,matched_path_accumulation_v1,128,kivi_rolling_k2v2_s0_r128,final,v1,next_token_JS,0.23370066285133362,232e3b08d10919ca24932ad0a0135e46119ecfd5,3.1595328664479894e-07,aime24:p0:s0:seed42,7a50b9d97068ffc8a93d794fcdf6bac89e37ed85dd38b6abbdbbe8fb4c9a8f8a
1.926762342453003,matched_path_accumulation_v1,128,kivi_rolling_k2v2_s0_r128,final,v1,target_token_NLL_delta,1.9266386032104492,232e3b08d10919ca24932ad0a0135e46119ecfd5,-0.00012373924255371094,aime24:p0:s0:seed42,7a50b9d97068ffc8a93d794fcdf6bac89e37ed85dd38b6abbdbbe8fb4c9a8f8a
1.0,matched_path_accumulation_v1,128,kivi_rolling_k2v2_s0_r128,final,v1,top1_disagreement,1.0,232e3b08d10919ca24932ad0a0135e46119ecfd5,0.0,aime24:p0:s0:seed42,7a50b9d97068ffc8a93d794fcdf6bac89e37ed85dd38b6abbdbbe8fb4c9a8f8a
3.61328125,matched_path_accumulation_v1,128,kivi_rolling_k2v2_s0_r128,final,v1,logit_max_abs_diff,3.63671875,232e3b08d10919ca24932ad0a0135e46119ecfd5,0.0234375,aime24:p0:s0:seed42,7a50b9d97068ffc8a93d794fcdf6bac89e37ed85dd38b6abbdbbe8fb4c9a8f8a
0.03778564929962158,matched_path_accumulation_v1,512,kivi_rolling_k2v2_s0_r128,final,v1,hidden_cosine_loss,0.037787556648254395,232e3b08d10919ca24932ad0a0135e46119ecfd5,1.9073486328125e-06,aime24:p0:s0:seed42,7a50b9d97068ffc8a93d794fcdf6bac89e37ed85dd38b6abbdbbe8fb4c9a8f8a
0.27838102995883673,matched_path_accumulation_v1,512,kivi_rolling_k2v2_s0_r128,final,v1,hidden_relative_L2,0.28027021884918213,232e3b08d10919ca24932ad0a0135e46119ecfd5,0.0018891888903453946,aime24:p0:s0:seed42,7a50b9d97068ffc8a93d794fcdf6bac89e37ed85dd38b6abbdbbe8fb4c9a8f8a
0.27838102995883673,matched_path_accumulation_v1,512,kivi_rolling_k2v2_s0_r128,final,v1,attention_output_relative_L2,0.28027021884918213,232e3b08d10919ca24932ad0a0135e46119ecfd5,0.0018891888903453946,aime24:p0:s0:seed42,7a50b9d97068ffc8a93d794fcdf6bac89e37ed85dd38b6abbdbbe8fb4c9a8f8a
8.974111984727529e-05,matched_path_accumulation_v1,512,kivi_rolling_k2v2_s0_r128,final,v1,next_token_KL,8.975006494438276e-05,232e3b08d10919ca24932ad0a0135e46119ecfd5,8.945097107471156e-09,aime24:p0:s0:seed42,7a50b9d97068ffc8a93d794fcdf6bac89e37ed85dd38b6abbdbbe8fb4c9a8f8a
2.7479186620382734e-05,matched_path_accumulation_v1,512,kivi_rolling_k2v2_s0_r128,final,v1,next_token_JS,2.750904968706891e-05,232e3b08d10919ca24932ad0a0135e46119ecfd5,2.9863066686175443e-08,aime24:p0:s0:seed42,7a50b9d97068ffc8a93d794fcdf6bac89e37ed85dd38b6abbdbbe8fb4c9a8f8a
0.00015410025662276894,matched_path_accumulation_v1,512,kivi_rolling_k2v2_s0_r128,final,v1,target_token_NLL_delta,0.00015553053526673466,232e3b08d10919ca24932ad0a0135e46119ecfd5,1.4302786439657211e-06,aime24:p0:s0:seed42,7a50b9d97068ffc8a93d794fcdf6bac89e37ed85dd38b6abbdbbe8fb4c9a8f8a
0.0,matched_path_accumulation_v1,512,kivi_rolling_k2v2_s0_r128,final,v1,top1_disagreement,0.0,232e3b08d10919ca24932ad0a0135e46119ecfd5,0.0,aime24:p0:s0:seed42,7a50b9d97068ffc8a93d794fcdf6bac89e37ed85dd38b6abbdbbe8fb4c9a8f8a
2.31201171875,matched_path_accumulation_v1,512,kivi_rolling_k2v2_s0_r128,final,v1,logit_max_abs_diff,2.328125,232e3b08d10919ca24932ad0a0135e46119ecfd5,0.01611328125,aime24:p0:s0:seed42,7a50b9d97068ffc8a93d794fcdf6bac89e37ed85dd38b6abbdbbe8fb4c9a8f8a
0.13740861415863037,matched_path_accumulation_v1,1024,kivi_rolling_k2v2_s0_r128,final,v1,hidden_cosine_loss,0.13741153478622437,232e3b08d10919ca24932ad0a0135e46119ecfd5,2.9206275939941406e-06,aime24:p0:s0:seed42,7a50b9d97068ffc8a93d794fcdf6bac89e37ed85dd38b6abbdbbe8fb4c9a8f8a
0.5321911696810275,matched_path_accumulation_v1,1024,kivi_rolling_k2v2_s0_r128,final,v1,hidden_relative_L2,0.5345141291618347,232e3b08d10919ca24932ad0a0135e46119ecfd5,0.002322959480807185,aime24:p0:s0:seed42,7a50b9d97068ffc8a93d794fcdf6bac89e37ed85dd38b6abbdbbe8fb4c9a8f8a
0.5321911696810275,matched_path_accumulation_v1,1024,kivi_rolling_k2v2_s0_r128,final,v1,attention_output_relative_L2,0.5345141291618347,232e3b08d10919ca24932ad0a0135e46119ecfd5,0.002322959480807185,aime24:p0:s0:seed42,7a50b9d97068ffc8a93d794fcdf6bac89e37ed85dd38b6abbdbbe8fb4c9a8f8a
0.11935557647133521,matched_path_accumulation_v1,1024,kivi_rolling_k2v2_s0_r128,final,v1,next_token_KL,0.1193557158112526,232e3b08d10919ca24932ad0a0135e46119ecfd5,1.393399173821308e-07,aime24:p0:s0:seed42,7a50b9d97068ffc8a93d794fcdf6bac89e37ed85dd38b6abbdbbe8fb4c9a8f8a
0.04002867939478261,matched_path_accumulation_v1,1024,kivi_rolling_k2v2_s0_r128,final,v1,next_token_JS,0.04002868011593819,232e3b08d10919ca24932ad0a0135e46119ecfd5,7.21155579697097e-10,aime24:p0:s0:seed42,7a50b9d97068ffc8a93d794fcdf6bac89e37ed85dd38b6abbdbbe8fb4c9a8f8a
0.12467295315582305,matched_path_accumulation_v1,1024,kivi_rolling_k2v2_s0_r128,final,v1,target_token_NLL_delta,0.12465616315603256,232e3b08d10919ca24932ad0a0135e46119ecfd5,-1.6789999790489674e-05,aime24:p0:s0:seed42,7a50b9d97068ffc8a93d794fcdf6bac89e37ed85dd38b6abbdbbe8fb4c9a8f8a
0.0,matched_path_accumulation_v1,1024,kivi_rolling_k2v2_s0_r128,final,v1,top1_disagreement,0.0,232e3b08d10919ca24932ad0a0135e46119ecfd5,0.0,aime24:p0:s0:seed42,7a50b9d97068ffc8a93d794fcdf6bac89e37ed85dd38b6abbdbbe8fb4c9a8f8a
6.32421875,matched_path_accumulation_v1,1024,kivi_rolling_k2v2_s0_r128,final,v1,logit_max_abs_diff,6.34375,232e3b08d10919ca24932ad0a0135e46119ecfd5,0.01953125,aime24:p0:s0:seed42,7a50b9d97068ffc8a93d794fcdf6bac89e37ed85dd38b6abbdbbe8fb4c9a8f8a
0.1176113486289978,matched_path_accumulation_v1,2048,kivi_rolling_k2v2_s0_r128,final,v1,hidden_cosine_loss,0.11761611700057983,232e3b08d10919ca24932ad0a0135e46119ecfd5,4.76837158203125e-06,aime24:p0:s0:seed42,7a50b9d97068ffc8a93d794fcdf6bac89e37ed85dd38b6abbdbbe8fb4c9a8f8a
0.5032897552009672,matched_path_accumulation_v1,2048,kivi_rolling_k2v2_s0_r128,final,v1,hidden_relative_L2,0.5063298344612122,232e3b08d10919ca24932ad0a0135e46119ecfd5,0.0030400792602449656,aime24:p0:s0:seed42,7a50b9d97068ffc8a93d794fcdf6bac89e37ed85dd38b6abbdbbe8fb4c9a8f8a
0.5032897552009672,matched_path_accumulation_v1,2048,kivi_rolling_k2v2_s0_r128,final,v1,attention_output_relative_L2,0.5063298344612122,232e3b08d10919ca24932ad0a0135e46119ecfd5,0.0030400792602449656,aime24:p0:s0:seed42,7a50b9d97068ffc8a93d794fcdf6bac89e37ed85dd38b6abbdbbe8fb4c9a8f8a
2.416501638435875e-05,matched_path_accumulation_v1,2048,kivi_rolling_k2v2_s0_r128,final,v1,next_token_KL,2.4223505533882417e-05,232e3b08d10919ca24932ad0a0135e46119ecfd5,5.848914952366613e-08,aime24:p0:s0:seed42,7a50b9d97068ffc8a93d794fcdf6bac89e37ed85dd38b6abbdbbe8fb4c9a8f8a
7.863333185476051e-06,matched_path_accumulation_v1,2048,kivi_rolling_k2v2_s0_r128,final,v1,next_token_JS,7.863816790631972e-06,232e3b08d10919ca24932ad0a0135e46119ecfd5,4.836051559209409e-10,aime24:p0:s0:seed42,7a50b9d97068ffc8a93d794fcdf6bac89e37ed85dd38b6abbdbbe8fb4c9a8f8a
3.4927315937238745e-05,matched_path_accumulation_v1,2048,kivi_rolling_k2v2_s0_r128,final,v1,target_token_NLL_delta,3.480810846667737e-05,232e3b08d10919ca24932ad0a0135e46119ecfd5,-1.192074705613777e-07,aime24:p0:s0:seed42,7a50b9d97068ffc8a93d794fcdf6bac89e37ed85dd38b6abbdbbe8fb4c9a8f8a
0.0,matched_path_accumulation_v1,2048,kivi_rolling_k2v2_s0_r128,final,v1,top1_disagreement,0.0,232e3b08d10919ca24932ad0a0135e46119ecfd5,0.0,aime24:p0:s0:seed42,7a50b9d97068ffc8a93d794fcdf6bac89e37ed85dd38b6abbdbbe8fb4c9a8f8a
4.32666015625,matched_path_accumulation_v1,2048,kivi_rolling_k2v2_s0_r128,final,v1,logit_max_abs_diff,4.35791015625,232e3b08d10919ca24932ad0a0135e46119ecfd5,0.03125,aime24:p0:s0:seed42,7a50b9d97068ffc8a93d794fcdf6bac89e37ed85dd38b6abbdbbe8fb4c9a8f8a
0.09697967767715454,matched_path_accumulation_v1,4096,kivi_rolling_k2v2_s0_r128,final,v1,hidden_cosine_loss,0.09698200225830078,232e3b08d10919ca24932ad0a0135e46119ecfd5,2.3245811462402344e-06,aime24:p0:s0:seed42,7a50b9d97068ffc8a93d794fcdf6bac89e37ed85dd38b6abbdbbe8fb4c9a8f8a
0.45399405574426055,matched_path_accumulation_v1,4096,kivi_rolling_k2v2_s0_r128,final,v1,hidden_relative_L2,0.45595434308052063,232e3b08d10919ca24932ad0a0135e46119ecfd5,0.0019602873362600803,aime24:p0:s0:seed42,7a50b9d97068ffc8a93d794fcdf6bac89e37ed85dd38b6abbdbbe8fb4c9a8f8a
0.45399405574426055,matched_path_accumulation_v1,4096,kivi_rolling_k2v2_s0_r128,final,v1,attention_output_relative_L2,0.45595434308052063,232e3b08d10919ca24932ad0a0135e46119ecfd5,0.0019602873362600803,aime24:p0:s0:seed42,7a50b9d97068ffc8a93d794fcdf6bac89e37ed85dd38b6abbdbbe8fb4c9a8f8a
0.001501091641262553,matched_path_accumulation_v1,4096,kivi_rolling_k2v2_s0_r128,final,v1,next_token_KL,0.0015010932693257928,232e3b08d10919ca24932ad0a0135e46119ecfd5,1.6280632397780437e-09,aime24:p0:s0:seed42,7a50b9d97068ffc8a93d794fcdf6bac89e37ed85dd38b6abbdbbe8fb4c9a8f8a
0.000493881680918129,matched_path_accumulation_v1,4096,kivi_rolling_k2v2_s0_r128,final,v1,next_token_JS,0.0004938911297358572,232e3b08d10919ca24932ad0a0135e46119ecfd5,9.448817728241465e-09,aime24:p0:s0:seed42,7a50b9d97068ffc8a93d794fcdf6bac89e37ed85dd38b6abbdbbe8fb4c9a8f8a
0.0017853007884696126,matched_path_accumulation_v1,4096,kivi_rolling_k2v2_s0_r128,final,v1,target_token_NLL_delta,0.0017853007884696126,232e3b08d10919ca24932ad0a0135e46119ecfd5,0.0,aime24:p0:s0:seed42,7a50b9d97068ffc8a93d794fcdf6bac89e37ed85dd38b6abbdbbe8fb4c9a8f8a
0.0,matched_path_accumulation_v1,4096,kivi_rolling_k2v2_s0_r128,final,v1,top1_disagreement,0.0,232e3b08d10919ca24932ad0a0135e46119ecfd5,0.0,aime24:p0:s0:seed42,7a50b9d97068ffc8a93d794fcdf6bac89e37ed85dd38b6abbdbbe8fb4c9a8f8a
4.828125,matched_path_accumulation_v1,4096,kivi_rolling_k2v2_s0_r128,final,v1,logit_max_abs_diff,4.84375,232e3b08d10919ca24932ad0a0135e46119ecfd5,0.015625,aime24:p0:s0:seed42,7a50b9d97068ffc8a93d794fcdf6bac89e37ed85dd38b6abbdbbe8fb4c9a8f8a
0.0,matched_path_accumulation_v1,128,kivi_rolling_k2v2_s0_r128,final,v1,hidden_cosine_loss,2.9206275939941406e-06,232e3b08d10919ca24932ad0a0135e46119ecfd5,2.9206275939941406e-06,aime24:p11:s1:seed11043,437efafa63f236f96af74b80dfc1ee0897d780c1db5b68f052079544eea26327
-3.3460091799497604e-06,matched_path_accumulation_v1,128,kivi_rolling_k2v2_s0_r128,final,v1,hidden_relative_L2,0.0022844597697257996,232e3b08d10919ca24932ad0a0135e46119ecfd5,0.0022878057789057493,aime24:p11:s1:seed11043,437efafa63f236f96af74b80dfc1ee0897d780c1db5b68f052079544eea26327
-3.3460091799497604e-06,matched_path_accumulation_v1,128,kivi_rolling_k2v2_s0_r128,final,v1,attention_output_relative_L2,0.0022844597697257996,232e3b08d10919ca24932ad0a0135e46119ecfd5,0.0022878057789057493,aime24:p11:s1:seed11043,437efafa63f236f96af74b80dfc1ee0897d780c1db5b68f052079544eea26327
-2.4497348931618035e-06,matched_path_accumulation_v1,128,kivi_rolling_k2v2_s0_r128,final,v1,next_token_KL,1.601905569259543e-05,232e3b08d10919ca24932ad0a0135e46119ecfd5,1.8468790585757233e-05,aime24:p11:s1:seed11043,437efafa63f236f96af74b80dfc1ee0897d780c1db5b68f052079544eea26327
-6.310233402473386e-07,matched_path_accumulation_v1,128,kivi_rolling_k2v2_s0_r128,final,v1,next_token_JS,3.983662281825673e-06,232e3b08d10919ca24932ad0a0135e46119ecfd5,4.6146856220730115e-06,aime24:p11:s1:seed11043,437efafa63f236f96af74b80dfc1ee0897d780c1db5b68f052079544eea26327
-0.004419684410095215,matched_path_accumulation_v1,128,kivi_rolling_k2v2_s0_r128,final,v1,target_token_NLL_delta,-0.0024241209030151367,232e3b08d10919ca24932ad0a0135e46119ecfd5,0.001995563507080078,aime24:p11:s1:seed11043,437efafa63f236f96af74b80dfc1ee0897d780c1db5b68f052079544eea26327
0.0,matched_path_accumulation_v1,128,kivi_rolling_k2v2_s0_r128,final,v1,top1_disagreement,0.0,232e3b08d10919ca24932ad0a0135e46119ecfd5,0.0,aime24:p11:s1:seed11043,437efafa63f236f96af74b80dfc1ee0897d780c1db5b68f052079544eea26327
0.0,matched_path_accumulation_v1,128,kivi_rolling_k2v2_s0_r128,final,v1,logit_max_abs_diff,0.0234375,232e3b08d10919ca24932ad0a0135e46119ecfd5,0.0234375,aime24:p11:s1:seed11043,437efafa63f236f96af74b80dfc1ee0897d780c1db5b68f052079544eea26327
0.15520960092544556,matched_path_accumulation_v1,512,kivi_rolling_k2v2_s0_r128,final,v1,hidden_cosine_loss,0.15521293878555298,232e3b08d10919ca24932ad0a0135e46119ecfd5,3.337860107421875e-06,aime24:p11:s1:seed11043,437efafa63f236f96af74b80dfc1ee0897d780c1db5b68f052079544eea26327
0.5678541467059404,matched_path_accumulation_v1,512,kivi_rolling_k2v2_s0_r128,final,v1,hidden_relative_L2,0.5703130960464478,232e3b08d10919ca24932ad0a0135e46119ecfd5,0.002458949340507388,aime24:p11:s1:seed11043,437efafa63f236f96af74b80dfc1ee0897d780c1db5b68f052079544eea26327
0.5678541467059404,matched_path_accumulation_v1,512,kivi_rolling_k2v2_s0_r128,final,v1,attention_output_relative_L2,0.5703130960464478,232e3b08d10919ca24932ad0a0135e46119ecfd5,0.002458949340507388,aime24:p11:s1:seed11043,437efafa63f236f96af74b80dfc1ee0897d780c1db5b68f052079544eea26327
0.1304562292925766,matched_path_accumulation_v1,512,kivi_rolling_k2v2_s0_r128,final,v1,next_token_KL,0.1304624229669571,232e3b08d10919ca24932ad0a0135e46119ecfd5,6.1936743804835714e-06,aime24:p11:s1:seed11043,437efafa63f236f96af74b80dfc1ee0897d780c1db5b68f052079544eea26327
0.03126270465509151,matched_path_accumulation_v1,512,kivi_rolling_k2v2_s0_r128,final,v1,next_token_JS,0.03126426786184311,232e3b08d10919ca24932ad0a0135e46119ecfd5,1.5632067515980452e-06,aime24:p11:s1:seed11043,437efafa63f236f96af74b80dfc1ee0897d780c1db5b68f052079544eea26327
0.07425403594970703,matched_path_accumulation_v1,512,kivi_rolling_k2v2_s0_r128,final,v1,target_token_NLL_delta,0.075084388256073,232e3b08d10919ca24932ad0a0135e46119ecfd5,0.0008303523063659668,aime24:p11:s1:seed11043,437efafa63f236f96af74b80dfc1ee0897d780c1db5b68f052079544eea26327
0.0,matched_path_accumulation_v1,512,kivi_rolling_k2v2_s0_r128,final,v1,top1_disagreement,0.0,232e3b08d10919ca24932ad0a0135e46119ecfd5,0.0,aime24:p11:s1:seed11043,437efafa63f236f96af74b80dfc1ee0897d780c1db5b68f052079544eea26327
5.537109375,matched_path_accumulation_v1,512,kivi_rolling_k2v2_s0_r128,final,v1,logit_max_abs_diff,5.560546875,232e3b08d10919ca24932ad0a0135e46119ecfd5,0.0234375,aime24:p11:s1:seed11043,437efafa63f236f96af74b80dfc1ee0897d780c1db5b68f052079544eea26327
0.12890082597732544,matched_path_accumulation_v1,1024,kivi_rolling_k2v2_s0_r128,final,v1,hidden_cosine_loss,0.12890273332595825,232e3b08d10919ca24932ad0a0135e46119ecfd5,1.9073486328125e-06,aime24:p11:s1:seed11043,437efafa63f236f96af74b80dfc1ee0897d780c1db5b68f052079544eea26327
0.5048783810343593,matched_path_accumulation_v1,1024,kivi_rolling_k2v2_s0_r128,final,v1,hidden_relative_L2,0.506653904914856,232e3b08d10919ca24932ad0a0135e46119ecfd5,0.0017755238804966211,aime24:p11:s1:seed11043,437efafa63f236f96af74b80dfc1ee0897d780c1db5b68f052079544eea26327
0.5048783810343593,matched_path_accumulation_v1,1024,kivi_rolling_k2v2_s0_r128,final,v1,attention_output_relative_L2,0.506653904914856,232e3b08d10919ca24932ad0a0135e46119ecfd5,0.0017755238804966211,aime24:p11:s1:seed11043,437efafa63f236f96af74b80dfc1ee0897d780c1db5b68f052079544eea26327
0.24624048263035547,matched_path_accumulation_v1,1024,kivi_rolling_k2v2_s0_r128,final,v1,next_token_KL,0.2462439388036728,232e3b08d10919ca24932ad0a0135e46119ecfd5,3.4561733173177345e-06,aime24:p11:s1:seed11043,437efafa63f236f96af74b80dfc1ee0897d780c1db5b68f052079544eea26327
0.05528495738229822,matched_path_accumulation_v1,1024,kivi_rolling_k2v2_s0_r128,final,v1,next_token_JS,0.055285800248384476,232e3b08d10919ca24932ad0a0135e46119ecfd5,8.428660862591641e-07,aime24:p11:s1:seed11043,437efafa63f236f96af74b80dfc1ee0897d780c1db5b68f052079544eea26327
0.041706204414367676,matched_path_accumulation_v1,1024,kivi_rolling_k2v2_s0_r128,final,v1,target_token_NLL_delta,0.04139435291290283,232e3b08d10919ca24932ad0a0135e46119ecfd5,-0.00031185150146484375,aime24:p11:s1:seed11043,437efafa63f236f96af74b80dfc1ee0897d780c1db5b68f052079544eea26327
0.0,matched_path_accumulation_v1,1024,kivi_rolling_k2v2_s0_r128,final,v1,top1_disagreement,0.0,232e3b08d10919ca24932ad0a0135e46119ecfd5,0.0,aime24:p11:s1:seed11043,437efafa63f236f96af74b80dfc1ee0897d780c1db5b68f052079544eea26327
5.91015625,matched_path_accumulation_v1,1024,kivi_rolling_k2v2_s0_r128,final,v1,logit_max_abs_diff,5.9296875,232e3b08d10919ca24932ad0a0135e46119ecfd5,0.01953125,aime24:p11:s1:seed11043,437efafa63f236f96af74b80dfc1ee0897d780c1db5b68f052079544eea26327
0.07760196924209595,matched_path_accumulation_v1,2048,kivi_rolling_k2v2_s0_r128,final,v1,hidden_cosine_loss,0.07760423421859741,232e3b08d10919ca24932ad0a0135e46119ecfd5,2.2649765014648438e-06,aime24:p11:s1:seed11043,437efafa63f236f96af74b80dfc1ee0897d780c1db5b68f052079544eea26327
0.3866554731503129,matched_path_accumulation_v1,2048,kivi_rolling_k2v2_s0_r128,final,v1,hidden_relative_L2,0.3886648118495941,232e3b08d10919ca24932ad0a0135e46119ecfd5,0.0020093386992812157,aime24:p11:s1:seed11043,437efafa63f236f96af74b80dfc1ee0897d780c1db5b68f052079544eea26327
0.3866554731503129,matched_path_accumulation_v1,2048,kivi_rolling_k2v2_s0_r128,final,v1,attention_output_relative_L2,0.3886648118495941,232e3b08d10919ca24932ad0a0135e46119ecfd5,0.0020093386992812157,aime24:p11:s1:seed11043,437efafa63f236f96af74b80dfc1ee0897d780c1db5b68f052079544eea26327
0.2029097832419211,matched_path_accumulation_v1,2048,kivi_rolling_k2v2_s0_r128,final,v1,next_token_KL,0.20292425155639648,232e3b08d10919ca24932ad0a0135e46119ecfd5,1.4468314475379884e-05,aime24:p11:s1:seed11043,437efafa63f236f96af74b80dfc1ee0897d780c1db5b68f052079544eea26327
0.05531081762910617,matched_path_accumulation_v1,2048,kivi_rolling_k2v2_s0_r128,final,v1,next_token_JS,0.05531449243426323,232e3b08d10919ca24932ad0a0135e46119ecfd5,3.6748051570612006e-06,aime24:p11:s1:seed11043,437efafa63f236f96af74b80dfc1ee0897d780c1db5b68f052079544eea26327
0.4145853966474533,matched_path_accumulation_v1,2048,kivi_rolling_k2v2_s0_r128,final,v1,target_token_NLL_delta,0.41673603653907776,232e3b08d10919ca24932ad0a0135e46119ecfd5,0.0021506398916244507,aime24:p11:s1:seed11043,437efafa63f236f96af74b80dfc1ee0897d780c1db5b68f052079544eea26327
0.0,matched_path_accumulation_v1,2048,kivi_rolling_k2v2_s0_r128,final,v1,top1_disagreement,0.0,232e3b08d10919ca24932ad0a0135e46119ecfd5,0.0,aime24:p11:s1:seed11043,437efafa63f236f96af74b80dfc1ee0897d780c1db5b68f052079544eea26327
2.69921875,matched_path_accumulation_v1,2048,kivi_rolling_k2v2_s0_r128,final,v1,logit_max_abs_diff,2.72265625,232e3b08d10919ca24932ad0a0135e46119ecfd5,0.0234375,aime24:p11:s1:seed11043,437efafa63f236f96af74b80dfc1ee0897d780c1db5b68f052079544eea26327
0.052474915981292725,matched_path_accumulation_v1,4096,kivi_rolling_k2v2_s0_r128,final,v1,hidden_cosine_loss,0.05247700214385986,232e3b08d10919ca24932ad0a0135e46119ecfd5,2.086162567138672e-06,aime24:p11:s1:seed11043,437efafa63f236f96af74b80dfc1ee0897d780c1db5b68f052079544eea26327
0.33367072814144194,matched_path_accumulation_v1,4096,kivi_rolling_k2v2_s0_r128,final,v1,hidden_relative_L2,0.33564338088035583,232e3b08d10919ca24932ad0a0135e46119ecfd5,0.0019726527389138937,aime24:p11:s1:seed11043,437efafa63f236f96af74b80dfc1ee0897d780c1db5b68f052079544eea26327
0.33367072814144194,matched_path_accumulation_v1,4096,kivi_rolling_k2v2_s0_r128,final,v1,attention_output_relative_L2,0.33564338088035583,232e3b08d10919ca24932ad0a0135e46119ecfd5,0.0019726527389138937,aime24:p11:s1:seed11043,437efafa63f236f96af74b80dfc1ee0897d780c1db5b68f052079544eea26327
1.078309790236709e-06,matched_path_accumulation_v1,4096,kivi_rolling_k2v2_s0_r128,final,v1,next_token_KL,1.079049411600863e-06,232e3b08d10919ca24932ad0a0135e46119ecfd5,7.396213641541749e-10,aime24:p11:s1:seed11043,437efafa63f236f96af74b80dfc1ee0897d780c1db5b68f052079544eea26327
3.334727334547427e-07,matched_path_accumulation_v1,4096,kivi_rolling_k2v2_s0_r128,final,v1,next_token_JS,3.334741336402658e-07,232e3b08d10919ca24932ad0a0135e46119ecfd5,1.4001855230816318e-12,aime24:p11:s1:seed11043,437efafa63f236f96af74b80dfc1ee0897d780c1db5b68f052079544eea26327
1.311301275563892e-06,matched_path_accumulation_v1,4096,kivi_rolling_k2v2_s0_r128,final,v1,target_token_NLL_delta,1.311301275563892e-06,232e3b08d10919ca24932ad0a0135e46119ecfd5,0.0,aime24:p11:s1:seed11043,437efafa63f236f96af74b80dfc1ee0897d780c1db5b68f052079544eea26327
0.0,matched_path_accumulation_v1,4096,kivi_rolling_k2v2_s0_r128,final,v1,top1_disagreement,0.0,232e3b08d10919ca24932ad0a0135e46119ecfd5,0.0,aime24:p11:s1:seed11043,437efafa63f236f96af74b80dfc1ee0897d780c1db5b68f052079544eea26327
3.123046875,matched_path_accumulation_v1,4096,kivi_rolling_k2v2_s0_r128,final,v1,logit_max_abs_diff,3.140625,232e3b08d10919ca24932ad0a0135e46119ecfd5,0.017578125,aime24:p11:s1:seed11043,437efafa63f236f96af74b80dfc1ee0897d780c1db5b68f052079544eea26327
-1.1324882507324219e-06,matched_path_accumulation_v1,128,kivi_rolling_k2v2_s0_r128,final,v1,hidden_cosine_loss,2.9802322387695312e-06,232e3b08d10919ca24932ad0a0135e46119ecfd5,4.112720489501953e-06,aime24:p15:s0:seed15042,822cea1aaf72daad98cf9ddb629a4d3a79650451920bd62395ce83a00ac9a58b
-0.0004252176731824875,matched_path_accumulation_v1,128,kivi_rolling_k2v2_s0_r128,final,v1,hidden_relative_L2,0.002332690404728055,232e3b08d10919ca24932ad0a0135e46119ecfd5,0.0027579080779105425,aime24:p15:s0:seed15042,822cea1aaf72daad98cf9ddb629a4d3a79650451920bd62395ce83a00ac9a58b
-0.0004252176731824875,matched_path_accumulation_v1,128,kivi_rolling_k2v2_s0_r128,final,v1,attention_output_relative_L2,0.002332690404728055,232e3b08d10919ca24932ad0a0135e46119ecfd5,0.0027579080779105425,aime24:p15:s0:seed15042,822cea1aaf72daad98cf9ddb629a4d3a79650451920bd62395ce83a00ac9a58b
-1.96071505342843e-06,matched_path_accumulation_v1,128,kivi_rolling_k2v2_s0_r128,final,v1,next_token_KL,0.0,232e3b08d10919ca24932ad0a0135e46119ecfd5,1.96071505342843e-06,aime24:p15:s0:seed15042,822cea1aaf72daad98cf9ddb629a4d3a79650451920bd62395ce83a00ac9a58b
-5.207478741553473e-07,matched_path_accumulation_v1,128,kivi_rolling_k2v2_s0_r128,final,v1,next_token_JS,9.965362757213825e-09,232e3b08d10919ca24932ad0a0135e46119ecfd5,5.307132369125611e-07,aime24:p15:s0:seed15042,822cea1aaf72daad98cf9ddb629a4d3a79650451920bd62395ce83a00ac9a58b
-0.00027379579842090607,matched_path_accumulation_v1,128,kivi_rolling_k2v2_s0_r128,final,v1,target_token_NLL_delta,1.0542571544647217e-06,232e3b08d10919ca24932ad0a0135e46119ecfd5,0.0002748500555753708,aime24:p15:s0:seed15042,822cea1aaf72daad98cf9ddb629a4d3a79650451920bd62395ce83a00ac9a58b
0.0,matched_path_accumulation_v1,128,kivi_rolling_k2v2_s0_r128,final,v1,top1_disagreement,0.0,232e3b08d10919ca24932ad0a0135e46119ecfd5,0.0,aime24:p15:s0:seed15042,822cea1aaf72daad98cf9ddb629a4d3a79650451920bd62395ce83a00ac9a58b
-0.0107421875,matched_path_accumulation_v1,128,kivi_rolling_k2v2_s0_r128,final,v1,logit_max_abs_diff,0.01953125,232e3b08d10919ca24932ad0a0135e46119ecfd5,0.0302734375,aime24:p15:s0:seed15042,822cea1aaf72daad98cf9ddb629a4d3a79650451920bd62395ce83a00ac9a58b
0.05983686447143555,matched_path_accumulation_v1,512,kivi_rolling_k2v2_s0_r128,final,v1,hidden_cosine_loss,0.05983865261077881,232e3b08d10919ca24932ad0a0135e46119ecfd5,1.7881393432617188e-06,aime24:p15:s0:seed15042,822cea1aaf72daad98cf9ddb629a4d3a79650451920bd62395ce83a00ac9a58b
0.34598372294567525,matched_path_accumulation_v1,512,kivi_rolling_k2v2_s0_r128,final,v1,hidden_relative_L2,0.3476967513561249,232e3b08d10919ca24932ad0a0135e46119ecfd5,0.001713028410449624,aime24:p15:s0:seed15042,822cea1aaf72daad98cf9ddb629a4d3a79650451920bd62395ce83a00ac9a58b
0.34598372294567525,matched_path_accumulation_v1,512,kivi_rolling_k2v2_s0_r128,final,v1,attention_output_relative_L2,0.3476967513561249,232e3b08d10919ca24932ad0a0135e46119ecfd5,0.001713028410449624,aime24:p15:s0:seed15042,822cea1aaf72daad98cf9ddb629a4d3a79650451920bd62395ce83a00ac9a58b
0.1480217959352359,matched_path_accumulation_v1,512,kivi_rolling_k2v2_s0_r128,final,v1,next_token_KL,0.14802193641662598,232e3b08d10919ca24932ad0a0135e46119ecfd5,1.404813900762747e-07,aime24:p15:s0:seed15042,822cea1aaf72daad98cf9ddb629a4d3a79650451920bd62395ce83a00ac9a58b
0.047786302864551544,matched_path_accumulation_v1,512,kivi_rolling_k2v2_s0_r128,final,v1,next_token_JS,0.047786302864551544,232e3b08d10919ca24932ad0a0135e46119ecfd5,0.0,aime24:p15:s0:seed15042,822cea1aaf72daad98cf9ddb629a4d3a79650451920bd62395ce83a00ac9a58b
0.16790354810655117,matched_path_accumulation_v1,512,kivi_rolling_k2v2_s0_r128,final,v1,target_token_NLL_delta,0.16790319979190826,232e3b08d10919ca24932ad0a0135e46119ecfd5,-3.4831464290618896e-07,aime24:p15:s0:seed15042,822cea1aaf72daad98cf9ddb629a4d3a79650451920bd62395ce83a00ac9a58b
0.0,matched_path_accumulation_v1,512,kivi_rolling_k2v2_s0_r128,final,v1,top1_disagreement,0.0,232e3b08d10919ca24932ad0a0135e46119ecfd5,0.0,aime24:p15:s0:seed15042,822cea1aaf72daad98cf9ddb629a4d3a79650451920bd62395ce83a00ac9a58b
4.046875,matched_path_accumulation_v1,512,kivi_rolling_k2v2_s0_r128,final,v1,logit_max_abs_diff,4.0625,232e3b08d10919ca24932ad0a0135e46119ecfd5,0.015625,aime24:p15:s0:seed15042,822cea1aaf72daad98cf9ddb629a4d3a79650451920bd62395ce83a00ac9a58b
0.060624122619628906,matched_path_accumulation_v1,1024,kivi_rolling_k2v2_s0_r128,final,v1,hidden_cosine_loss,0.060626089572906494,232e3b08d10919ca24932ad0a0135e46119ecfd5,1.9669532775878906e-06,aime24:p15:s0:seed15042,822cea1aaf72daad98cf9ddb629a4d3a79650451920bd62395ce83a00ac9a58b
0.34414596238639206,matched_path_accumulation_v1,1024,kivi_rolling_k2v2_s0_r128,final,v1,hidden_relative_L2,0.34590041637420654,232e3b08d10919ca24932ad0a0135e46119ecfd5,0.001754453987814486,aime24:p15:s0:seed15042,822cea1aaf72daad98cf9ddb629a4d3a79650451920bd62395ce83a00ac9a58b
0.34414596238639206,matched_path_accumulation_v1,1024,kivi_rolling_k2v2_s0_r128,final,v1,attention_output_relative_L2,0.34590041637420654,232e3b08d10919ca24932ad0a0135e46119ecfd5,0.001754453987814486,aime24:p15:s0:seed15042,822cea1aaf72daad98cf9ddb629a4d3a79650451920bd62395ce83a00ac9a58b
0.06315439607341489,matched_path_accumulation_v1,1024,kivi_rolling_k2v2_s0_r128,final,v1,next_token_KL,0.06315448880195618,232e3b08d10919ca24932ad0a0135e46119ecfd5,9.272854128994368e-08,aime24:p15:s0:seed15042,822cea1aaf72daad98cf9ddb629a4d3a79650451920bd62395ce83a00ac9a58b
0.017910770342574267,matched_path_accumulation_v1,1024,kivi_rolling_k2v2_s0_r128,final,v1,next_token_JS,0.017910771071910858,232e3b08d10919ca24932ad0a0135e46119ecfd5,7.293365911209548e-10,aime24:p15:s0:seed15042,822cea1aaf72daad98cf9ddb629a4d3a79650451920bd62395ce83a00ac9a58b
0.14732136577367783,matched_path_accumulation_v1,1024,kivi_rolling_k2v2_s0_r128,final,v1,target_token_NLL_delta,0.14731796085834503,232e3b08d10919ca24932ad0a0135e46119ecfd5,-3.4049153327941895e-06,aime24:p15:s0:seed15042,822cea1aaf72daad98cf9ddb629a4d3a79650451920bd62395ce83a00ac9a58b
0.0,matched_path_accumulation_v1,1024,kivi_rolling_k2v2_s0_r128,final,v1,top1_disagreement,0.0,232e3b08d10919ca24932ad0a0135e46119ecfd5,0.0,aime24:p15:s0:seed15042,822cea1aaf72daad98cf9ddb629a4d3a79650451920bd62395ce83a00ac9a58b
5.1640625,matched_path_accumulation_v1,1024,kivi_rolling_k2v2_s0_r128,final,v1,logit_max_abs_diff,5.1796875,232e3b08d10919ca24932ad0a0135e46119ecfd5,0.015625,aime24:p15:s0:seed15042,822cea1aaf72daad98cf9ddb629a4d3a79650451920bd62395ce83a00ac9a58b
0.03350663185119629,matched_path_accumulation_v1,2048,kivi_rolling_k2v2_s0_r128,final,v1,hidden_cosine_loss,0.0335078239440918,232e3b08d10919ca24932ad0a0135e46119ecfd5,1.1920928955078125e-06,aime24:p15:s0:seed15042,822cea1aaf72daad98cf9ddb629a4d3a79650451920bd62395ce83a00ac9a58b
0.2650704747065902,matched_path_accumulation_v1,2048,kivi_rolling_k2v2_s0_r128,final,v1,hidden_relative_L2,0.26635903120040894,232e3b08d10919ca24932ad0a0135e46119ecfd5,0.00128855649381876,aime24:p15:s0:seed15042,822cea1aaf72daad98cf9ddb629a4d3a79650451920bd62395ce83a00ac9a58b
0.2650704747065902,matched_path_accumulation_v1,2048,kivi_rolling_k2v2_s0_r128,final,v1,attention_output_relative_L2,0.26635903120040894,232e3b08d10919ca24932ad0a0135e46119ecfd5,0.00128855649381876,aime24:p15:s0:seed15042,822cea1aaf72daad98cf9ddb629a4d3a79650451920bd62395ce83a00ac9a58b
0.02581676095724106,matched_path_accumulation_v1,2048,kivi_rolling_k2v2_s0_r128,final,v1,next_token_KL,0.02581676095724106,232e3b08d10919ca24932ad0a0135e46119ecfd5,0.0,aime24:p15:s0:seed15042,822cea1aaf72daad98cf9ddb629a4d3a79650451920bd62395ce83a00ac9a58b
0.006969144673554695,matched_path_accumulation_v1,2048,kivi_rolling_k2v2_s0_r128,final,v1,next_token_JS,0.006969176232814789,232e3b08d10919ca24932ad0a0135e46119ecfd5,3.155926009412724e-08,aime24:p15:s0:seed15042,822cea1aaf72daad98cf9ddb629a4d3a79650451920bd62395ce83a00ac9a58b
0.10211062431335449,matched_path_accumulation_v1,2048,kivi_rolling_k2v2_s0_r128,final,v1,target_token_NLL_delta,0.1021159291267395,232e3b08d10919ca24932ad0a0135e46119ecfd5,5.304813385009766e-06,aime24:p15:s0:seed15042,822cea1aaf72daad98cf9ddb629a4d3a79650451920bd62395ce83a00ac9a58b
0.0,matched_path_accumulation_v1,2048,kivi_rolling_k2v2_s0_r128,final,v1,top1_disagreement,0.0,232e3b08d10919ca24932ad0a0135e46119ecfd5,0.0,aime24:p15:s0:seed15042,822cea1aaf72daad98cf9ddb629a4d3a79650451920bd62395ce83a00ac9a58b
3.00390625,matched_path_accumulation_v1,2048,kivi_rolling_k2v2_s0_r128,final,v1,logit_max_abs_diff,3.015625,232e3b08d10919ca24932ad0a0135e46119ecfd5,0.01171875,aime24:p15:s0:seed15042,822cea1aaf72daad98cf9ddb629a4d3a79650451920bd62395ce83a00ac9a58b
0.1625915765762329,matched_path_accumulation_v1,4096,kivi_rolling_k2v2_s0_r128,final,v1,hidden_cosine_loss,0.16259616613388062,232e3b08d10919ca24932ad0a0135e46119ecfd5,4.589557647705078e-06,aime24:p15:s0:seed15042,822cea1aaf72daad98cf9ddb629a4d3a79650451920bd62395ce83a00ac9a58b
0.5775581321213394,matched_path_accumulation_v1,4096,kivi_rolling_k2v2_s0_r128,final,v1,hidden_relative_L2,0.5804502964019775,232e3b08d10919ca24932ad0a0135e46119ecfd5,0.0028921642806380987,aime24:p15:s0:seed15042,822cea1aaf72daad98cf9ddb629a4d3a79650451920bd62395ce83a00ac9a58b
0.5775581321213394,matched_path_accumulation_v1,4096,kivi_rolling_k2v2_s0_r128,final,v1,attention_output_relative_L2,0.5804502964019775,232e3b08d10919ca24932ad0a0135e46119ecfd5,0.0028921642806380987,aime24:p15:s0:seed15042,822cea1aaf72daad98cf9ddb629a4d3a79650451920bd62395ce83a00ac9a58b
0.004604991991072893,matched_path_accumulation_v1,4096,kivi_rolling_k2v2_s0_r128,final,v1,next_token_KL,0.004604991991072893,232e3b08d10919ca24932ad0a0135e46119ecfd5,0.0,aime24:p15:s0:seed15042,822cea1aaf72daad98cf9ddb629a4d3a79650451920bd62395ce83a00ac9a58b
0.0015101609751582146,matched_path_accumulation_v1,4096,kivi_rolling_k2v2_s0_r128,final,v1,next_token_JS,0.0015101609751582146,232e3b08d10919ca24932ad0a0135e46119ecfd5,0.0,aime24:p15:s0:seed15042,822cea1aaf72daad98cf9ddb629a4d3a79650451920bd62395ce83a00ac9a58b
0.0055959406308829784,matched_path_accumulation_v1,4096,kivi_rolling_k2v2_s0_r128,final,v1,target_token_NLL_delta,0.005599396303296089,232e3b08d10919ca24932ad0a0135e46119ecfd5,3.455672413110733e-06,aime24:p15:s0:seed15042,822cea1aaf72daad98cf9ddb629a4d3a79650451920bd62395ce83a00ac9a58b
0.0,matched_path_accumulation_v1,4096,kivi_rolling_k2v2_s0_r128,final,v1,top1_disagreement,0.0,232e3b08d10919ca24932ad0a0135e46119ecfd5,0.0,aime24:p15:s0:seed15042,822cea1aaf72daad98cf9ddb629a4d3a79650451920bd62395ce83a00ac9a58b
6.0302734375,matched_path_accumulation_v1,4096,kivi_rolling_k2v2_s0_r128,final,v1,logit_max_abs_diff,6.0546875,232e3b08d10919ca24932ad0a0135e46119ecfd5,0.0244140625,aime24:p15:s0:seed15042,822cea1aaf72daad98cf9ddb629a4d3a79650451920bd62395ce83a00ac9a58b
-1.3113021850585938e-06,matched_path_accumulation_v1,128,kivi_rolling_k2v2_s0_r128,final,v1,hidden_cosine_loss,2.86102294921875e-06,232e3b08d10919ca24932ad0a0135e46119ecfd5,4.172325134277344e-06,aime24:p17:s0:seed17042,69e6e42dc75e6e4dd872f1d902c29c4269171195229da34733e720e66cc0cbb3
-0.0005424560513347387,matched_path_accumulation_v1,128,kivi_rolling_k2v2_s0_r128,final,v1,hidden_relative_L2,0.002228955738246441,232e3b08d10919ca24932ad0a0135e46119ecfd5,0.0027714117895811796,aime24:p17:s0:seed17042,69e6e42dc75e6e4dd872f1d902c29c4269171195229da34733e720e66cc0cbb3
-0.0005424560513347387,matched_path_accumulation_v1,128,kivi_rolling_k2v2_s0_r128,final,v1,attention_output_relative_L2,0.002228955738246441,232e3b08d10919ca24932ad0a0135e46119ecfd5,0.0027714117895811796,aime24:p17:s0:seed17042,69e6e42dc75e6e4dd872f1d902c29c4269171195229da34733e720e66cc0cbb3
-3.3615758184168953e-05,matched_path_accumulation_v1,128,kivi_rolling_k2v2_s0_r128,final,v1,next_token_KL,1.0532326086831745e-05,232e3b08d10919ca24932ad0a0135e46119ecfd5,4.41480842710007e-05,aime24:p17:s0:seed17042,69e6e42dc75e6e4dd872f1d902c29c4269171195229da34733e720e66cc0cbb3
-8.532351102985558e-06,matched_path_accumulation_v1,128,kivi_rolling_k2v2_s0_r128,final,v1,next_token_JS,2.636984163473244e-06,232e3b08d10919ca24932ad0a0135e46119ecfd5,1.1169335266458802e-05,aime24:p17:s0:seed17042,69e6e42dc75e6e4dd872f1d902c29c4269171195229da34733e720e66cc0cbb3
-0.01656055450439453,matched_path_accumulation_v1,128,kivi_rolling_k2v2_s0_r128,final,v1,target_token_NLL_delta,-0.01413869857788086,232e3b08d10919ca24932ad0a0135e46119ecfd5,0.002421855926513672,aime24:p17:s0:seed17042,69e6e42dc75e6e4dd872f1d902c29c4269171195229da34733e720e66cc0cbb3
0.0,matched_path_accumulation_v1,128,kivi_rolling_k2v2_s0_r128,final,v1,top1_disagreement,0.0,232e3b08d10919ca24932ad0a0135e46119ecfd5,0.0,aime24:p17:s0:seed17042,69e6e42dc75e6e4dd872f1d902c29c4269171195229da34733e720e66cc0cbb3
-0.005859375,matched_path_accumulation_v1,128,kivi_rolling_k2v2_s0_r128,final,v1,logit_max_abs_diff,0.025390625,232e3b08d10919ca24932ad0a0135e46119ecfd5,0.03125,aime24:p17:s0:seed17042,69e6e42dc75e6e4dd872f1d902c29c4269171195229da34733e720e66cc0cbb3
0.12754583358764648,matched_path_accumulation_v1,512,kivi_rolling_k2v2_s0_r128,final,v1,hidden_cosine_loss,0.1275491714477539,232e3b08d10919ca24932ad0a0135e46119ecfd5,3.337860107421875e-06,aime24:p17:s0:seed17042,69e6e42dc75e6e4dd872f1d902c29c4269171195229da34733e720e66cc0cbb3
0.5032145956065506,matched_path_accumulation_v1,512,kivi_rolling_k2v2_s0_r128,final,v1,hidden_relative_L2,0.5057622790336609,232e3b08d10919ca24932ad0a0135e46119ecfd5,0.0025476834271103144,aime24:p17:s0:seed17042,69e6e42dc75e6e4dd872f1d902c29c4269171195229da34733e720e66cc0cbb3
0.5032145956065506,matched_path_accumulation_v1,512,kivi_rolling_k2v2_s0_r128,final,v1,attention_output_relative_L2,0.5057622790336609,232e3b08d10919ca24932ad0a0135e46119ecfd5,0.0025476834271103144,aime24:p17:s0:seed17042,69e6e42dc75e6e4dd872f1d902c29c4269171195229da34733e720e66cc0cbb3
0.9882985658532562,matched_path_accumulation_v1,512,kivi_rolling_k2v2_s0_r128,final,v1,next_token_KL,0.9883058667182922,232e3b08d10919ca24932ad0a0135e46119ecfd5,7.300865036086179e-06,aime24:p17:s0:seed17042,69e6e42dc75e6e4dd872f1d902c29c4269171195229da34733e720e66cc0cbb3
0.2568916773733463,matched_path_accumulation_v1,512,kivi_rolling_k2v2_s0_r128,final,v1,next_token_JS,0.25689348578453064,232e3b08d10919ca24932ad0a0135e46119ecfd5,1.8084111843563733e-06,aime24:p17:s0:seed17042,69e6e42dc75e6e4dd872f1d902c29c4269171195229da34733e720e66cc0cbb3
1.2246892377734184,matched_path_accumulation_v1,512,kivi_rolling_k2v2_s0_r128,final,v1,target_token_NLL_delta,1.2236863374710083,232e3b08d10919ca24932ad0a0135e46119ecfd5,-0.0010029003024101257,aime24:p17:s0:seed17042,69e6e42dc75e6e4dd872f1d902c29c4269171195229da34733e720e66cc0cbb3
1.0,matched_path_accumulation_v1,512,kivi_rolling_k2v2_s0_r128,final,v1,top1_disagreement,1.0,232e3b08d10919ca24932ad0a0135e46119ecfd5,0.0,aime24:p17:s0:seed17042,69e6e42dc75e6e4dd872f1d902c29c4269171195229da34733e720e66cc0cbb3
4.580078125,matched_path_accumulation_v1,512,kivi_rolling_k2v2_s0_r128,final,v1,logit_max_abs_diff,4.599609375,232e3b08d10919ca24932ad0a0135e46119ecfd5,0.01953125,aime24:p17:s0:seed17042,69e6e42dc75e6e4dd872f1d902c29c4269171195229da34733e720e66cc0cbb3
0.07890444993972778,matched_path_accumulation_v1,1024,kivi_rolling_k2v2_s0_r128,final,v1,hidden_cosine_loss,0.0789065957069397,232e3b08d10919ca24932ad0a0135e46119ecfd5,2.1457672119140625e-06,aime24:p17:s0:seed17042,69e6e42dc75e6e4dd872f1d902c29c4269171195229da34733e720e66cc0cbb3
0.40107653848826885,matched_path_accumulation_v1,1024,kivi_rolling_k2v2_s0_r128,final,v1,hidden_relative_L2,0.40306341648101807,232e3b08d10919ca24932ad0a0135e46119ecfd5,0.001986877992749214,aime24:p17:s0:seed17042,69e6e42dc75e6e4dd872f1d902c29c4269171195229da34733e720e66cc0cbb3
0.40107653848826885,matched_path_accumulation_v1,1024,kivi_rolling_k2v2_s0_r128,final,v1,attention_output_relative_L2,0.40306341648101807,232e3b08d10919ca24932ad0a0135e46119ecfd5,0.001986877992749214,aime24:p17:s0:seed17042,69e6e42dc75e6e4dd872f1d902c29c4269171195229da34733e720e66cc0cbb3
5.128965131007135e-05,matched_path_accumulation_v1,1024,kivi_rolling_k2v2_s0_r128,final,v1,next_token_KL,5.128965131007135e-05,232e3b08d10919ca24932ad0a0135e46119ecfd5,0.0,aime24:p17:s0:seed17042,69e6e42dc75e6e4dd872f1d902c29c4269171195229da34733e720e66cc0cbb3
1.6692572694765317e-05,matched_path_accumulation_v1,1024,kivi_rolling_k2v2_s0_r128,final,v1,next_token_JS,1.6692767530912533e-05,232e3b08d10919ca24932ad0a0135e46119ecfd5,1.9483614721593767e-10,aime24:p17:s0:seed17042,69e6e42dc75e6e4dd872f1d902c29c4269171195229da34733e720e66cc0cbb3
6.50857755317702e-05,matched_path_accumulation_v1,1024,kivi_rolling_k2v2_s0_r128,final,v1,target_token_NLL_delta,6.496656715171412e-05,232e3b08d10919ca24932ad0a0135e46119ecfd5,-1.1920838005607948e-07,aime24:p17:s0:seed17042,69e6e42dc75e6e4dd872f1d902c29c4269171195229da34733e720e66cc0cbb3
0.0,matched_path_accumulation_v1,1024,kivi_rolling_k2v2_s0_r128,final,v1,top1_disagreement,0.0,232e3b08d10919ca24932ad0a0135e46119ecfd5,0.0,aime24:p17:s0:seed17042,69e6e42dc75e6e4dd872f1d902c29c4269171195229da34733e720e66cc0cbb3
3.015625,matched_path_accumulation_v1,1024,kivi_rolling_k2v2_s0_r128,final,v1,logit_max_abs_diff,3.03125,232e3b08d10919ca24932ad0a0135e46119ecfd5,0.015625,aime24:p17:s0:seed17042,69e6e42dc75e6e4dd872f1d902c29c4269171195229da34733e720e66cc0cbb3
0.08076053857803345,matched_path_accumulation_v1,2048,kivi_rolling_k2v2_s0_r128,final,v1,hidden_cosine_loss,0.08076393604278564,232e3b08d10919ca24932ad0a0135e46119ecfd5,3.3974647521972656e-06,aime24:p17:s0:seed17042,69e6e42dc75e6e4dd872f1d902c29c4269171195229da34733e720e66cc0cbb3
0.4068285475950688,matched_path_accumulation_v1,2048,kivi_rolling_k2v2_s0_r128,final,v1,hidden_relative_L2,0.409312903881073,232e3b08d10919ca24932ad0a0135e46119ecfd5,0.0024843562860041857,aime24:p17:s0:seed17042,69e6e42dc75e6e4dd872f1d902c29c4269171195229da34733e720e66cc0cbb3
0.4068285475950688,matched_path_accumulation_v1,2048,kivi_rolling_k2v2_s0_r128,final,v1,attention_output_relative_L2,0.409312903881073,232e3b08d10919ca24932ad0a0135e46119ecfd5,0.0024843562860041857,aime24:p17:s0:seed17042,69e6e42dc75e6e4dd872f1d902c29c4269171195229da34733e720e66cc0cbb3
0.00028592508169822395,matched_path_accumulation_v1,2048,kivi_rolling_k2v2_s0_r128,final,v1,next_token_KL,0.00028592508169822395,232e3b08d10919ca24932ad0a0135e46119ecfd5,0.0,aime24:p17:s0:seed17042,69e6e42dc75e6e4dd872f1d902c29c4269171195229da34733e720e66cc0cbb3
8.895855390989027e-05,matched_path_accumulation_v1,2048,kivi_rolling_k2v2_s0_r128,final,v1,next_token_JS,8.897995576262474e-05,232e3b08d10919ca24932ad0a0135e46119ecfd5,2.1401852734470594e-08,aime24:p17:s0:seed17042,69e6e42dc75e6e4dd872f1d902c29c4269171195229da34733e720e66cc0cbb3
0.00046224497782532126,matched_path_accumulation_v1,2048,kivi_rolling_k2v2_s0_r128,final,v1,target_token_NLL_delta,0.0004641520790755749,232e3b08d10919ca24932ad0a0135e46119ecfd5,1.9071012502536178e-06,aime24:p17:s0:seed17042,69e6e42dc75e6e4dd872f1d902c29c4269171195229da34733e720e66cc0cbb3
0.0,matched_path_accumulation_v1,2048,kivi_rolling_k2v2_s0_r128,final,v1,top1_disagreement,0.0,232e3b08d10919ca24932ad0a0135e46119ecfd5,0.0,aime24:p17:s0:seed17042,69e6e42dc75e6e4dd872f1d902c29c4269171195229da34733e720e66cc0cbb3
3.5234375,matched_path_accumulation_v1,2048,kivi_rolling_k2v2_s0_r128,final,v1,logit_max_abs_diff,3.546875,232e3b08d10919ca24932ad0a0135e46119ecfd5,0.0234375,aime24:p17:s0:seed17042,69e6e42dc75e6e4dd872f1d902c29c4269171195229da34733e720e66cc0cbb3
0.16250169277191162,matched_path_accumulation_v1,4096,kivi_rolling_k2v2_s0_r128,final,v1,hidden_cosine_loss,0.16250431537628174,232e3b08d10919ca24932ad0a0135e46119ecfd5,2.6226043701171875e-06,aime24:p17:s0:seed17042,69e6e42dc75e6e4dd872f1d902c29c4269171195229da34733e720e66cc0cbb3
0.5828498976770788,matched_path_accumulation_v1,4096,kivi_rolling_k2v2_s0_r128,final,v1,hidden_relative_L2,0.5850527882575989,232e3b08d10919ca24932ad0a0135e46119ecfd5,0.002202890580520034,aime24:p17:s0:seed17042,69e6e42dc75e6e4dd872f1d902c29c4269171195229da34733e720e66cc0cbb3
0.5828498976770788,matched_path_accumulation_v1,4096,kivi_rolling_k2v2_s0_r128,final,v1,attention_output_relative_L2,0.5850527882575989,232e3b08d10919ca24932ad0a0135e46119ecfd5,0.002202890580520034,aime24:p17:s0:seed17042,69e6e42dc75e6e4dd872f1d902c29c4269171195229da34733e720e66cc0cbb3
0.0002499296700566589,matched_path_accumulation_v1,4096,kivi_rolling_k2v2_s0_r128,final,v1,next_token_KL,0.00024994616978801787,232e3b08d10919ca24932ad0a0135e46119ecfd5,1.6499731358976533e-08,aime24:p17:s0:seed17042,69e6e42dc75e6e4dd872f1d902c29c4269171195229da34733e720e66cc0cbb3
8.450348549882136e-05,matched_path_accumulation_v1,4096,kivi_rolling_k2v2_s0_r128,final,v1,next_token_JS,8.450353925582021e-05,232e3b08d10919ca24932ad0a0135e46119ecfd5,5.375699885235008e-11,aime24:p17:s0:seed17042,69e6e42dc75e6e4dd872f1d902c29c4269171195229da34733e720e66cc0cbb3
0.00026973284548148513,matched_path_accumulation_v1,4096,kivi_rolling_k2v2_s0_r128,final,v1,target_token_NLL_delta,0.00026973284548148513,232e3b08d10919ca24932ad0a0135e46119ecfd5,0.0,aime24:p17:s0:seed17042,69e6e42dc75e6e4dd872f1d902c29c4269171195229da34733e720e66cc0cbb3
0.0,matched_path_accumulation_v1,4096,kivi_rolling_k2v2_s0_r128,final,v1,top1_disagreement,0.0,232e3b08d10919ca24932ad0a0135e46119ecfd5,0.0,aime24:p17:s0:seed17042,69e6e42dc75e6e4dd872f1d902c29c4269171195229da34733e720e66cc0cbb3
8.2734375,matched_path_accumulation_v1,4096,kivi_rolling_k2v2_s0_r128,final,v1,logit_max_abs_diff,8.296875,232e3b08d10919ca24932ad0a0135e46119ecfd5,0.0234375,aime24:p17:s0:seed17042,69e6e42dc75e6e4dd872f1d902c29c4269171195229da34733e720e66cc0cbb3
0.0,matched_path_accumulation_v1,128,kivi_rolling_k2v2_s16_r128,final,v1,hidden_cosine_loss,2.3245811462402344e-06,232e3b08d10919ca24932ad0a0135e46119ecfd5,2.3245811462402344e-06,aime24:p12:s0:seed12042,7754635042ebef112c4b83e17b7500a20db8f14bba0fb44fd8575864e04baa05
3.1073810532689095e-05,matched_path_accumulation_v1,128,kivi_rolling_k2v2_s16_r128,final,v1,hidden_relative_L2,0.002107712673023343,232e3b08d10919ca24932ad0a0135e46119ecfd5,0.002076638862490654,aime24:p12:s0:seed12042,7754635042ebef112c4b83e17b7500a20db8f14bba0fb44fd8575864e04baa05
3.1073810532689095e-05,matched_path_accumulation_v1,128,kivi_rolling_k2v2_s16_r128,final,v1,attention_output_relative_L2,0.002107712673023343,232e3b08d10919ca24932ad0a0135e46119ecfd5,0.002076638862490654,aime24:p12:s0:seed12042,7754635042ebef112c4b83e17b7500a20db8f14bba0fb44fd8575864e04baa05
4.049995006027984e-09,matched_path_accumulation_v1,128,kivi_rolling_k2v2_s16_r128,final,v1,next_token_KL,4.049995006027984e-09,232e3b08d10919ca24932ad0a0135e46119ecfd5,0.0,aime24:p12:s0:seed12042,7754635042ebef112c4b83e17b7500a20db8f14bba0fb44fd8575864e04baa05
-1.4366585698866174e-10,matched_path_accumulation_v1,128,kivi_rolling_k2v2_s16_r128,final,v1,next_token_JS,9.269618406193558e-11,232e3b08d10919ca24932ad0a0135e46119ecfd5,2.3636204105059733e-10,aime24:p12:s0:seed12042,7754635042ebef112c4b83e17b7500a20db8f14bba0fb44fd8575864e04baa05
1.1920838005607948e-07,matched_path_accumulation_v1,128,kivi_rolling_k2v2_s16_r128,final,v1,target_token_NLL_delta,0.0,232e3b08d10919ca24932ad0a0135e46119ecfd5,-1.1920838005607948e-07,aime24:p12:s0:seed12042,7754635042ebef112c4b83e17b7500a20db8f14bba0fb44fd8575864e04baa05
0.0,matched_path_accumulation_v1,128,kivi_rolling_k2v2_s16_r128,final,v1,top1_disagreement,0.0,232e3b08d10919ca24932ad0a0135e46119ecfd5,0.0,aime24:p12:s0:seed12042,7754635042ebef112c4b83e17b7500a20db8f14bba0fb44fd8575864e04baa05
-0.00390625,matched_path_accumulation_v1,128,kivi_rolling_k2v2_s16_r128,final,v1,logit_max_abs_diff,0.01953125,232e3b08d10919ca24932ad0a0135e46119ecfd5,0.0234375,aime24:p12:s0:seed12042,7754635042ebef112c4b83e17b7500a20db8f14bba0fb44fd8575864e04baa05
0.0061296820640563965,matched_path_accumulation_v1,512,kivi_rolling_k2v2_s16_r128,final,v1,hidden_cosine_loss,0.00613248348236084,232e3b08d10919ca24932ad0a0135e46119ecfd5,2.8014183044433594e-06,aime24:p12:s0:seed12042,7754635042ebef112c4b83e17b7500a20db8f14bba0fb44fd8575864e04baa05
0.10831456864252687,matched_path_accumulation_v1,512,kivi_rolling_k2v2_s16_r128,final,v1,hidden_relative_L2,0.11064254492521286,232e3b08d10919ca24932ad0a0135e46119ecfd5,0.002327976282685995,aime24:p12:s0:seed12042,7754635042ebef112c4b83e17b7500a20db8f14bba0fb44fd8575864e04baa05
0.10831456864252687,matched_path_accumulation_v1,512,kivi_rolling_k2v2_s16_r128,final,v1,attention_output_relative_L2,0.11064254492521286,232e3b08d10919ca24932ad0a0135e46119ecfd5,0.002327976282685995,aime24:p12:s0:seed12042,7754635042ebef112c4b83e17b7500a20db8f14bba0fb44fd8575864e04baa05
1.842666284801453e-05,matched_path_accumulation_v1,512,kivi_rolling_k2v2_s16_r128,final,v1,next_token_KL,1.8793100025504827e-05,232e3b08d10919ca24932ad0a0135e46119ecfd5,3.6643717749029747e-07,aime24:p12:s0:seed12042,7754635042ebef112c4b83e17b7500a20db8f14bba0fb44fd8575864e04baa05
4.528646915247236e-06,matched_path_accumulation_v1,512,kivi_rolling_k2v2_s16_r128,final,v1,next_token_JS,4.571096724248491e-06,232e3b08d10919ca24932ad0a0135e46119ecfd5,4.2449809001254835e-08,aime24:p12:s0:seed12042,7754635042ebef112c4b83e17b7500a20db8f14bba0fb44fd8575864e04baa05
-0.00023347721435129642,matched_path_accumulation_v1,512,kivi_rolling_k2v2_s16_r128,final,v1,target_token_NLL_delta,-0.0002124054590240121,232e3b08d10919ca24932ad0a0135e46119ecfd5,2.1071755327284336e-05,aime24:p12:s0:seed12042,7754635042ebef112c4b83e17b7500a20db8f14bba0fb44fd8575864e04baa05
0.0,matched_path_accumulation_v1,512,kivi_rolling_k2v2_s16_r128,final,v1,top1_disagreement,0.0,232e3b08d10919ca24932ad0a0135e46119ecfd5,0.0,aime24:p12:s0:seed12042,7754635042ebef112c4b83e17b7500a20db8f14bba0fb44fd8575864e04baa05
0.96484375,matched_path_accumulation_v1,512,kivi_rolling_k2v2_s16_r128,final,v1,logit_max_abs_diff,0.986328125,232e3b08d10919ca24932ad0a0135e46119ecfd5,0.021484375,aime24:p12:s0:seed12042,7754635042ebef112c4b83e17b7500a20db8f14bba0fb44fd8575864e04baa05
0.005957603454589844,matched_path_accumulation_v1,1024,kivi_rolling_k2v2_s16_r128,final,v1,hidden_cosine_loss,0.005959808826446533,232e3b08d10919ca24932ad0a0135e46119ecfd5,2.205371856689453e-06,aime24:p12:s0:seed12042,7754635042ebef112c4b83e17b7500a20db8f14bba0fb44fd8575864e04baa05
0.1073021546471864,matched_path_accumulation_v1,1024,kivi_rolling_k2v2_s16_r128,final,v1,hidden_relative_L2,0.1093369796872139,232e3b08d10919ca24932ad0a0135e46119ecfd5,0.002034825040027499,aime24:p12:s0:seed12042,7754635042ebef112c4b83e17b7500a20db8f14bba0fb44fd8575864e04baa05
0.1073021546471864,matched_path_accumulation_v1,1024,kivi_rolling_k2v2_s16_r128,final,v1,attention_output_relative_L2,0.1093369796872139,232e3b08d10919ca24932ad0a0135e46119ecfd5,0.002034825040027499,aime24:p12:s0:seed12042,7754635042ebef112c4b83e17b7500a20db8f14bba0fb44fd8575864e04baa05
0.00016739049209490986,matched_path_accumulation_v1,1024,kivi_rolling_k2v2_s16_r128,final,v1,next_token_KL,0.0001674061204539612,232e3b08d10919ca24932ad0a0135e46119ecfd5,1.5628359051333973e-08,aime24:p12:s0:seed12042,7754635042ebef112c4b83e17b7500a20db8f14bba0fb44fd8575864e04baa05
3.834744829944725e-05,matched_path_accumulation_v1,1024,kivi_rolling_k2v2_s16_r128,final,v1,next_token_JS,3.838640986941755e-05,232e3b08d10919ca24932ad0a0135e46119ecfd5,3.8961569970297205e-08,aime24:p12:s0:seed12042,7754635042ebef112c4b83e17b7500a20db8f14bba0fb44fd8575864e04baa05
-0.0007111327722668648,matched_path_accumulation_v1,1024,kivi_rolling_k2v2_s16_r128,final,v1,target_token_NLL_delta,-0.0007177721709012985,232e3b08d10919ca24932ad0a0135e46119ecfd5,-6.639398634433746e-06,aime24:p12:s0:seed12042,7754635042ebef112c4b83e17b7500a20db8f14bba0fb44fd8575864e04baa05
0.0,matched_path_accumulation_v1,1024,kivi_rolling_k2v2_s16_r128,final,v1,top1_disagreement,0.0,232e3b08d10919ca24932ad0a0135e46119ecfd5,0.0,aime24:p12:s0:seed12042,7754635042ebef112c4b83e17b7500a20db8f14bba0fb44fd8575864e04baa05
1.0234375,matched_path_accumulation_v1,1024,kivi_rolling_k2v2_s16_r128,final,v1,logit_max_abs_diff,1.046875,232e3b08d10919ca24932ad0a0135e46119ecfd5,0.0234375,aime24:p12:s0:seed12042,7754635042ebef112c4b83e17b7500a20db8f14bba0fb44fd8575864e04baa05
0.005948185920715332,matched_path_accumulation_v1,2048,kivi_rolling_k2v2_s16_r128,final,v1,hidden_cosine_loss,0.0059500932693481445,232e3b08d10919ca24932ad0a0135e46119ecfd5,1.9073486328125e-06,aime24:p12:s0:seed12042,7754635042ebef112c4b83e17b7500a20db8f14bba0fb44fd8575864e04baa05
0.10724098910577595,matched_path_accumulation_v1,2048,kivi_rolling_k2v2_s16_r128,final,v1,hidden_relative_L2,0.1089874655008316,232e3b08d10919ca24932ad0a0135e46119ecfd5,0.0017464763950556517,aime24:p12:s0:seed12042,7754635042ebef112c4b83e17b7500a20db8f14bba0fb44fd8575864e04baa05
0.10724098910577595,matched_path_accumulation_v1,2048,kivi_rolling_k2v2_s16_r128,final,v1,attention_output_relative_L2,0.1089874655008316,232e3b08d10919ca24932ad0a0135e46119ecfd5,0.0017464763950556517,aime24:p12:s0:seed12042,7754635042ebef112c4b83e17b7500a20db8f14bba0fb44fd8575864e04baa05
0.005220077108242904,matched_path_accumulation_v1,2048,kivi_rolling_k2v2_s16_r128,final,v1,next_token_KL,0.00522008677944541,232e3b08d10919ca24932ad0a0135e46119ecfd5,9.671202505501242e-09,aime24:p12:s0:seed12042,7754635042ebef112c4b83e17b7500a20db8f14bba0fb44fd8575864e04baa05
0.001343373608797549,matched_path_accumulation_v1,2048,kivi_rolling_k2v2_s16_r128,final,v1,next_token_JS,0.0013434130232781172,232e3b08d10919ca24932ad0a0135e46119ecfd5,3.941448056821173e-08,aime24:p12:s0:seed12042,7754635042ebef112c4b83e17b7500a20db8f14bba0fb44fd8575864e04baa05
0.008194446563720703,matched_path_accumulation_v1,2048,kivi_rolling_k2v2_s16_r128,final,v1,target_token_NLL_delta,0.008195042610168457,232e3b08d10919ca24932ad0a0135e46119ecfd5,5.960464477539062e-07,aime24:p12:s0:seed12042,7754635042ebef112c4b83e17b7500a20db8f14bba0fb44fd8575864e04baa05
0.0,matched_path_accumulation_v1,2048,kivi_rolling_k2v2_s16_r128,final,v1,top1_disagreement,0.0,232e3b08d10919ca24932ad0a0135e46119ecfd5,0.0,aime24:p12:s0:seed12042,7754635042ebef112c4b83e17b7500a20db8f14bba0fb44fd8575864e04baa05
1.0703125,matched_path_accumulation_v1,2048,kivi_rolling_k2v2_s16_r128,final,v1,logit_max_abs_diff,1.08984375,232e3b08d10919ca24932ad0a0135e46119ecfd5,0.01953125,aime24:p12:s0:seed12042,7754635042ebef112c4b83e17b7500a20db8f14bba0fb44fd8575864e04baa05
0.01883798837661743,matched_path_accumulation_v1,4096,kivi_rolling_k2v2_s16_r128,final,v1,hidden_cosine_loss,0.018839716911315918,232e3b08d10919ca24932ad0a0135e46119ecfd5,1.7285346984863281e-06,aime24:p12:s0:seed12042,7754635042ebef112c4b83e17b7500a20db8f14bba0fb44fd8575864e04baa05
0.19524910242762417,matched_path_accumulation_v1,4096,kivi_rolling_k2v2_s16_r128,final,v1,hidden_relative_L2,0.19699011743068695,232e3b08d10919ca24932ad0a0135e46119ecfd5,0.0017410150030627847,aime24:p12:s0:seed12042,7754635042ebef112c4b83e17b7500a20db8f14bba0fb44fd8575864e04baa05
0.19524910242762417,matched_path_accumulation_v1,4096,kivi_rolling_k2v2_s16_r128,final,v1,attention_output_relative_L2,0.19699011743068695,232e3b08d10919ca24932ad0a0135e46119ecfd5,0.0017410150030627847,aime24:p12:s0:seed12042,7754635042ebef112c4b83e17b7500a20db8f14bba0fb44fd8575864e04baa05
0.001983898704565945,matched_path_accumulation_v1,4096,kivi_rolling_k2v2_s16_r128,final,v1,next_token_KL,0.0019853804260492325,232e3b08d10919ca24932ad0a0135e46119ecfd5,1.4817214832874015e-06,aime24:p12:s0:seed12042,7754635042ebef112c4b83e17b7500a20db8f14bba0fb44fd8575864e04baa05
0.0005095505184158355,matched_path_accumulation_v1,4096,kivi_rolling_k2v2_s16_r128,final,v1,next_token_JS,0.0005098429974168539,232e3b08d10919ca24932ad0a0135e46119ecfd5,2.924790010183642e-07,aime24:p12:s0:seed12042,7754635042ebef112c4b83e17b7500a20db8f14bba0fb44fd8575864e04baa05
-0.0010609179735183716,matched_path_accumulation_v1,4096,kivi_rolling_k2v2_s16_r128,final,v1,target_token_NLL_delta,-0.0011400207877159119,232e3b08d10919ca24932ad0a0135e46119ecfd5,-7.910281419754028e-05,aime24:p12:s0:seed12042,7754635042ebef112c4b83e17b7500a20db8f14bba0fb44fd8575864e04baa05
0.0,matched_path_accumulation_v1,4096,kivi_rolling_k2v2_s16_r128,final,v1,top1_disagreement,0.0,232e3b08d10919ca24932ad0a0135e46119ecfd5,0.0,aime24:p12:s0:seed12042,7754635042ebef112c4b83e17b7500a20db8f14bba0fb44fd8575864e04baa05
2.5146484375,matched_path_accumulation_v1,4096,kivi_rolling_k2v2_s16_r128,final,v1,logit_max_abs_diff,2.53125,232e3b08d10919ca24932ad0a0135e46119ecfd5,0.0166015625,aime24:p12:s0:seed12042,7754635042ebef112c4b83e17b7500a20db8f14bba0fb44fd8575864e04baa05
5.960464477539063e-08,matched_path_accumulation_v1,128,kivi_rolling_k2v2_s16_r128,final,v1,hidden_cosine_loss,1.6689300537109375e-06,232e3b08d10919ca24932ad0a0135e46119ecfd5,1.6093254089355469e-06,aime24:p14:s0:seed14042,985f71725748f372cf08d2f249fcbd5c6d3dac5efa97289e418dbb154a727e3d
-2.4284934625029564e-05,matched_path_accumulation_v1,128,kivi_rolling_k2v2_s16_r128,final,v1,hidden_relative_L2,0.0017397991614416242,232e3b08d10919ca24932ad0a0135e46119ecfd5,0.0017640840960666537,aime24:p14:s0:seed14042,985f71725748f372cf08d2f249fcbd5c6d3dac5efa97289e418dbb154a727e3d
-2.4284934625029564e-05,matched_path_accumulation_v1,128,kivi_rolling_k2v2_s16_r128,final,v1,attention_output_relative_L2,0.0017397991614416242,232e3b08d10919ca24932ad0a0135e46119ecfd5,0.0017640840960666537,aime24:p14:s0:seed14042,985f71725748f372cf08d2f249fcbd5c6d3dac5efa97289e418dbb154a727e3d
0.0,matched_path_accumulation_v1,128,kivi_rolling_k2v2_s16_r128,final,v1,next_token_KL,0.0,232e3b08d10919ca24932ad0a0135e46119ecfd5,0.0,aime24:p14:s0:seed14042,985f71725748f372cf08d2f249fcbd5c6d3dac5efa97289e418dbb154a727e3d
2.5376603929316843e-08,matched_path_accumulation_v1,128,kivi_rolling_k2v2_s16_r128,final,v1,next_token_JS,2.5376603929316843e-08,232e3b08d10919ca24932ad0a0135e46119ecfd5,0.0,aime24:p14:s0:seed14042,985f71725748f372cf08d2f249fcbd5c6d3dac5efa97289e418dbb154a727e3d
-1.3066455721855164e-06,matched_path_accumulation_v1,128,kivi_rolling_k2v2_s16_r128,final,v1,target_token_NLL_delta,0.0,232e3b08d10919ca24932ad0a0135e46119ecfd5,1.3066455721855164e-06,aime24:p14:s0:seed14042,985f71725748f372cf08d2f249fcbd5c6d3dac5efa97289e418dbb154a727e3d
0.0,matched_path_accumulation_v1,128,kivi_rolling_k2v2_s16_r128,final,v1,top1_disagreement,0.0,232e3b08d10919ca24932ad0a0135e46119ecfd5,0.0,aime24:p14:s0:seed14042,985f71725748f372cf08d2f249fcbd5c6d3dac5efa97289e418dbb154a727e3d
0.0,matched_path_accumulation_v1,128,kivi_rolling_k2v2_s16_r128,final,v1,logit_max_abs_diff,0.015625,232e3b08d10919ca24932ad0a0135e46119ecfd5,0.015625,aime24:p14:s0:seed14042,985f71725748f372cf08d2f249fcbd5c6d3dac5efa97289e418dbb154a727e3d
0.0163612961769104,matched_path_accumulation_v1,512,kivi_rolling_k2v2_s16_r128,final,v1,hidden_cosine_loss,0.016363918781280518,232e3b08d10919ca24932ad0a0135e46119ecfd5,2.6226043701171875e-06,aime24:p14:s0:seed14042,985f71725748f372cf08d2f249fcbd5c6d3dac5efa97289e418dbb154a727e3d
0.18077992903999984,matched_path_accumulation_v1,512,kivi_rolling_k2v2_s16_r128,final,v1,hidden_relative_L2,0.1829223930835724,232e3b08d10919ca24932ad0a0135e46119ecfd5,0.002142464043572545,aime24:p14:s0:seed14042,985f71725748f372cf08d2f249fcbd5c6d3dac5efa97289e418dbb154a727e3d
0.18077992903999984,matched_path_accumulation_v1,512,kivi_rolling_k2v2_s16_r128,final,v1,attention_output_relative_L2,0.1829223930835724,232e3b08d10919ca24932ad0a0135e46119ecfd5,0.002142464043572545,aime24:p14:s0:seed14042,985f71725748f372cf08d2f249fcbd5c6d3dac5efa97289e418dbb154a727e3d
0.006410104034785036,matched_path_accumulation_v1,512,kivi_rolling_k2v2_s16_r128,final,v1,next_token_KL,0.006414767354726791,232e3b08d10919ca24932ad0a0135e46119ecfd5,4.663319941755617e-06,aime24:p14:s0:seed14042,985f71725748f372cf08d2f249fcbd5c6d3dac5efa97289e418dbb154a727e3d
0.0018411273215406254,matched_path_accumulation_v1,512,kivi_rolling_k2v2_s16_r128,final,v1,next_token_JS,0.0018423149595037103,232e3b08d10919ca24932ad0a0135e46119ecfd5,1.1876379630848533e-06,aime24:p14:s0:seed14042,985f71725748f372cf08d2f249fcbd5c6d3dac5efa97289e418dbb154a727e3d
0.017221599817276,matched_path_accumulation_v1,512,kivi_rolling_k2v2_s16_r128,final,v1,target_token_NLL_delta,0.016649506986141205,232e3b08d10919ca24932ad0a0135e46119ecfd5,-0.0005720928311347961,aime24:p14:s0:seed14042,985f71725748f372cf08d2f249fcbd5c6d3dac5efa97289e418dbb154a727e3d
0.0,matched_path_accumulation_v1,512,kivi_rolling_k2v2_s16_r128,final,v1,top1_disagreement,0.0,232e3b08d10919ca24932ad0a0135e46119ecfd5,0.0,aime24:p14:s0:seed14042,985f71725748f372cf08d2f249fcbd5c6d3dac5efa97289e418dbb154a727e3d
1.568359375,matched_path_accumulation_v1,512,kivi_rolling_k2v2_s16_r128,final,v1,logit_max_abs_diff,1.5859375,232e3b08d10919ca24932ad0a0135e46119ecfd5,0.017578125,aime24:p14:s0:seed14042,985f71725748f372cf08d2f249fcbd5c6d3dac5efa97289e418dbb154a727e3d
0.00476306676864624,matched_path_accumulation_v1,1024,kivi_rolling_k2v2_s16_r128,final,v1,hidden_cosine_loss,0.004766404628753662,232e3b08d10919ca24932ad0a0135e46119ecfd5,3.337860107421875e-06,aime24:p14:s0:seed14042,985f71725748f372cf08d2f249fcbd5c6d3dac5efa97289e418dbb154a727e3d
0.09964361204765737,matched_path_accumulation_v1,1024,kivi_rolling_k2v2_s16_r128,final,v1,hidden_relative_L2,0.10211452096700668,232e3b08d10919ca24932ad0a0135e46119ecfd5,0.0024709089193493128,aime24:p14:s0:seed14042,985f71725748f372cf08d2f249fcbd5c6d3dac5efa97289e418dbb154a727e3d
0.09964361204765737,matched_path_accumulation_v1,1024,kivi_rolling_k2v2_s16_r128,final,v1,attention_output_relative_L2,0.10211452096700668,232e3b08d10919ca24932ad0a0135e46119ecfd5,0.0024709089193493128,aime24:p14:s0:seed14042,985f71725748f372cf08d2f249fcbd5c6d3dac5efa97289e418dbb154a727e3d
1.1903088432685394e-06,matched_path_accumulation_v1,1024,kivi_rolling_k2v2_s16_r128,final,v1,next_token_KL,1.1930769687751308e-06,232e3b08d10919ca24932ad0a0135e46119ecfd5,2.7681255065914456e-09,aime24:p14:s0:seed14042,985f71725748f372cf08d2f249fcbd5c6d3dac5efa97289e418dbb154a727e3d
3.2168498304008253e-07,matched_path_accumulation_v1,1024,kivi_rolling_k2v2_s16_r128,final,v1,next_token_JS,3.2182029485738894e-07,232e3b08d10919ca24932ad0a0135e46119ecfd5,1.3531181730641606e-10,aime24:p14:s0:seed14042,985f71725748f372cf08d2f249fcbd5c6d3dac5efa97289e418dbb154a727e3d
5.245136890152935e-06,matched_path_accumulation_v1,1024,kivi_rolling_k2v2_s16_r128,final,v1,target_token_NLL_delta,5.245136890152935e-06,232e3b08d10919ca24932ad0a0135e46119ecfd5,0.0,aime24:p14:s0:seed14042,985f71725748f372cf08d2f249fcbd5c6d3dac5efa97289e418dbb154a727e3d
0.0,matched_path_accumulation_v1,1024,kivi_rolling_k2v2_s16_r128,final,v1,top1_disagreement,0.0,232e3b08d10919ca24932ad0a0135e46119ecfd5,0.0,aime24:p14:s0:seed14042,985f71725748f372cf08d2f249fcbd5c6d3dac5efa97289e418dbb154a727e3d
0.80859375,matched_path_accumulation_v1,1024,kivi_rolling_k2v2_s16_r128,final,v1,logit_max_abs_diff,0.828125,232e3b08d10919ca24932ad0a0135e46119ecfd5,0.01953125,aime24:p14:s0:seed14042,985f71725748f372cf08d2f249fcbd5c6d3dac5efa97289e418dbb154a727e3d
0.03429818153381348,matched_path_accumulation_v1,2048,kivi_rolling_k2v2_s16_r128,final,v1,hidden_cosine_loss,0.034302711486816406,232e3b08d10919ca24932ad0a0135e46119ecfd5,4.5299530029296875e-06,aime24:p14:s0:seed14042,985f71725748f372cf08d2f249fcbd5c6d3dac5efa97289e418dbb154a727e3d
0.2620247530285269,matched_path_accumulation_v1,2048,kivi_rolling_k2v2_s16_r128,final,v1,hidden_relative_L2,0.2648521959781647,232e3b08d10919ca24932ad0a0135e46119ecfd5,0.0028274429496377707,aime24:p14:s0:seed14042,985f71725748f372cf08d2f249fcbd5c6d3dac5efa97289e418dbb154a727e3d
0.2620247530285269,matched_path_accumulation_v1,2048,kivi_rolling_k2v2_s16_r128,final,v1,attention_output_relative_L2,0.2648521959781647,232e3b08d10919ca24932ad0a0135e46119ecfd5,0.0028274429496377707,aime24:p14:s0:seed14042,985f71725748f372cf08d2f249fcbd5c6d3dac5efa97289e418dbb154a727e3d
0.027060955548449783,matched_path_accumulation_v1,2048,kivi_rolling_k2v2_s16_r128,final,v1,next_token_KL,0.027063079178333282,232e3b08d10919ca24932ad0a0135e46119ecfd5,2.123629883499234e-06,aime24:p14:s0:seed14042,985f71725748f372cf08d2f249fcbd5c6d3dac5efa97289e418dbb154a727e3d
0.006773208509343931,matched_path_accumulation_v1,2048,kivi_rolling_k2v2_s16_r128,final,v1,next_token_JS,0.006773695349693298,232e3b08d10919ca24932ad0a0135e46119ecfd5,4.868403493674123e-07,aime24:p14:s0:seed14042,985f71725748f372cf08d2f249fcbd5c6d3dac5efa97289e418dbb154a727e3d
0.060308218002319336,matched_path_accumulation_v1,2048,kivi_rolling_k2v2_s16_r128,final,v1,target_token_NLL_delta,0.060294508934020996,232e3b08d10919ca24932ad0a0135e46119ecfd5,-1.3709068298339844e-05,aime24:p14:s0:seed14042,985f71725748f372cf08d2f249fcbd5c6d3dac5efa97289e418dbb154a727e3d
0.0,matched_path_accumulation_v1,2048,kivi_rolling_k2v2_s16_r128,final,v1,top1_disagreement,0.0,232e3b08d10919ca24932ad0a0135e46119ecfd5,0.0,aime24:p14:s0:seed14042,985f71725748f372cf08d2f249fcbd5c6d3dac5efa97289e418dbb154a727e3d
2.859375,matched_path_accumulation_v1,2048,kivi_rolling_k2v2_s16_r128,final,v1,logit_max_abs_diff,2.90625,232e3b08d10919ca24932ad0a0135e46119ecfd5,0.046875,aime24:p14:s0:seed14042,985f71725748f372cf08d2f249fcbd5c6d3dac5efa97289e418dbb154a727e3d
0.014963865280151367,matched_path_accumulation_v1,4096,kivi_rolling_k2v2_s16_r128,final,v1,hidden_cosine_loss,0.014965057373046875,232e3b08d10919ca24932ad0a0135e46119ecfd5,1.1920928955078125e-06,aime24:p14:s0:seed14042,985f71725748f372cf08d2f249fcbd5c6d3dac5efa97289e418dbb154a727e3d
0.17278909671586007,matched_path_accumulation_v1,4096,kivi_rolling_k2v2_s16_r128,final,v1,hidden_relative_L2,0.17422997951507568,232e3b08d10919ca24932ad0a0135e46119ecfd5,0.0014408827992156148,aime24:p14:s0:seed14042,985f71725748f372cf08d2f249fcbd5c6d3dac5efa97289e418dbb154a727e3d
0.17278909671586007,matched_path_accumulation_v1,4096,kivi_rolling_k2v2_s16_r128,final,v1,attention_output_relative_L2,0.17422997951507568,232e3b08d10919ca24932ad0a0135e46119ecfd5,0.0014408827992156148,aime24:p14:s0:seed14042,985f71725748f372cf08d2f249fcbd5c6d3dac5efa97289e418dbb154a727e3d
0.03042934616587445,matched_path_accumulation_v1,4096,kivi_rolling_k2v2_s16_r128,final,v1,next_token_KL,0.030439984053373337,232e3b08d10919ca24932ad0a0135e46119ecfd5,1.0637887498887721e-05,aime24:p14:s0:seed14042,985f71725748f372cf08d2f249fcbd5c6d3dac5efa97289e418dbb154a727e3d
0.007461249076186505,matched_path_accumulation_v1,4096,kivi_rolling_k2v2_s16_r128,final,v1,next_token_JS,0.007463849615305662,232e3b08d10919ca24932ad0a0135e46119ecfd5,2.6005391191574745e-06,aime24:p14:s0:seed14042,985f71725748f372cf08d2f249fcbd5c6d3dac5efa97289e418dbb154a727e3d
-0.042099833488464355,matched_path_accumulation_v1,4096,kivi_rolling_k2v2_s16_r128,final,v1,target_token_NLL_delta,-0.0421450138092041,232e3b08d10919ca24932ad0a0135e46119ecfd5,-4.5180320739746094e-05,aime24:p14:s0:seed14042,985f71725748f372cf08d2f249fcbd5c6d3dac5efa97289e418dbb154a727e3d
0.0,matched_path_accumulation_v1,4096,kivi_rolling_k2v2_s16_r128,final,v1,top1_disagreement,0.0,232e3b08d10919ca24932ad0a0135e46119ecfd5,0.0,aime24:p14:s0:seed14042,985f71725748f372cf08d2f249fcbd5c6d3dac5efa97289e418dbb154a727e3d
1.859375,matched_path_accumulation_v1,4096,kivi_rolling_k2v2_s16_r128,final,v1,logit_max_abs_diff,1.875,232e3b08d10919ca24932ad0a0135e46119ecfd5,0.015625,aime24:p14:s0:seed14042,985f71725748f372cf08d2f249fcbd5c6d3dac5efa97289e418dbb154a727e3d
1.1920928955078125e-07,matched_path_accumulation_v1,128,kivi_rolling_k2v2_s16_r128,final,v1,hidden_cosine_loss,1.7881393432617188e-06,232e3b08d10919ca24932ad0a0135e46119ecfd5,1.6689300537109375e-06,aime24:p15:s1:seed15043,b3071fe4e912d14e31a543908143a991dbe648bfe13ea6a3db80285f3da15dab
1.7410493455827236e-05,matched_path_accumulation_v1,128,kivi_rolling_k2v2_s16_r128,final,v1,hidden_relative_L2,0.0017481171526014805,232e3b08d10919ca24932ad0a0135e46119ecfd5,0.0017307066591456532,aime24:p15:s1:seed15043,b3071fe4e912d14e31a543908143a991dbe648bfe13ea6a3db80285f3da15dab
1.7410493455827236e-05,matched_path_accumulation_v1,128,kivi_rolling_k2v2_s16_r128,final,v1,attention_output_relative_L2,0.0017481171526014805,232e3b08d10919ca24932ad0a0135e46119ecfd5,0.0017307066591456532,aime24:p15:s1:seed15043,b3071fe4e912d14e31a543908143a991dbe648bfe13ea6a3db80285f3da15dab
1.5931185544104665e-06,matched_path_accumulation_v1,128,kivi_rolling_k2v2_s16_r128,final,v1,next_token_KL,2.1968999135424383e-06,232e3b08d10919ca24932ad0a0135e46119ecfd5,6.037813591319718e-07,aime24:p15:s1:seed15043,b3071fe4e912d14e31a543908143a991dbe648bfe13ea6a3db80285f3da15dab
3.550578497879542e-07,matched_path_accumulation_v1,128,kivi_rolling_k2v2_s16_r128,final,v1,next_token_JS,5.007390200262307e-07,232e3b08d10919ca24932ad0a0135e46119ecfd5,1.4568117023827654e-07,aime24:p15:s1:seed15043,b3071fe4e912d14e31a543908143a991dbe648bfe13ea6a3db80285f3da15dab
7.981061935424805e-05,matched_path_accumulation_v1,128,kivi_rolling_k2v2_s16_r128,final,v1,target_token_NLL_delta,2.0712614059448242e-05,232e3b08d10919ca24932ad0a0135e46119ecfd5,-5.9098005294799805e-05,aime24:p15:s1:seed15043,b3071fe4e912d14e31a543908143a991dbe648bfe13ea6a3db80285f3da15dab
0.0,matched_path_accumulation_v1,128,kivi_rolling_k2v2_s16_r128,final,v1,top1_disagreement,0.0,232e3b08d10919ca24932ad0a0135e46119ecfd5,0.0,aime24:p15:s1:seed15043,b3071fe4e912d14e31a543908143a991dbe648bfe13ea6a3db80285f3da15dab
0.00244140625,matched_path_accumulation_v1,128,kivi_rolling_k2v2_s16_r128,final,v1,logit_max_abs_diff,0.01806640625,232e3b08d10919ca24932ad0a0135e46119ecfd5,0.015625,aime24:p15:s1:seed15043,b3071fe4e912d14e31a543908143a991dbe648bfe13ea6a3db80285f3da15dab
0.017709434032440186,matched_path_accumulation_v1,512,kivi_rolling_k2v2_s16_r128,final,v1,hidden_cosine_loss,0.017712056636810303,232e3b08d10919ca24932ad0a0135e46119ecfd5,2.6226043701171875e-06,aime24:p15:s1:seed15043,b3071fe4e912d14e31a543908143a991dbe648bfe13ea6a3db80285f3da15dab
0.1853529999498278,matched_path_accumulation_v1,512,kivi_rolling_k2v2_s16_r128,final,v1,hidden_relative_L2,0.18745540082454681,232e3b08d10919ca24932ad0a0135e46119ecfd5,0.0021024008747190237,aime24:p15:s1:seed15043,b3071fe4e912d14e31a543908143a991dbe648bfe13ea6a3db80285f3da15dab
0.1853529999498278,matched_path_accumulation_v1,512,kivi_rolling_k2v2_s16_r128,final,v1,attention_output_relative_L2,0.18745540082454681,232e3b08d10919ca24932ad0a0135e46119ecfd5,0.0021024008747190237,aime24:p15:s1:seed15043,b3071fe4e912d14e31a543908143a991dbe648bfe13ea6a3db80285f3da15dab
9.494259799680549e-06,matched_path_accumulation_v1,512,kivi_rolling_k2v2_s16_r128,final,v1,next_token_KL,9.725691597850528e-06,232e3b08d10919ca24932ad0a0135e46119ecfd5,2.3143179816997872e-07,aime24:p15:s1:seed15043,b3071fe4e912d14e31a543908143a991dbe648bfe13ea6a3db80285f3da15dab
2.5820202615989274e-06,matched_path_accumulation_v1,512,kivi_rolling_k2v2_s16_r128,final,v1,next_token_JS,2.635471901157871e-06,232e3b08d10919ca24932ad0a0135e46119ecfd5,5.34516395589435e-08,aime24:p15:s1:seed15043,b3071fe4e912d14e31a543908143a991dbe648bfe13ea6a3db80285f3da15dab
6.97094073984772e-05,matched_path_accumulation_v1,512,kivi_rolling_k2v2_s16_r128,final,v1,target_token_NLL_delta,8.067270391620696e-05,232e3b08d10919ca24932ad0a0135e46119ecfd5,1.096329651772976e-05,aime24:p15:s1:seed15043,b3071fe4e912d14e31a543908143a991dbe648bfe13ea6a3db80285f3da15dab
0.0,matched_path_accumulation_v1,512,kivi_rolling_k2v2_s16_r128,final,v1,top1_disagreement,0.0,232e3b08d10919ca24932ad0a0135e46119ecfd5,0.0,aime24:p15:s1:seed15043,b3071fe4e912d14e31a543908143a991dbe648bfe13ea6a3db80285f3da15dab
1.783203125,matched_path_accumulation_v1,512,kivi_rolling_k2v2_s16_r128,final,v1,logit_max_abs_diff,1.798828125,232e3b08d10919ca24932ad0a0135e46119ecfd5,0.015625,aime24:p15:s1:seed15043,b3071fe4e912d14e31a543908143a991dbe648bfe13ea6a3db80285f3da15dab
0.023808956146240234,matched_path_accumulation_v1,1024,kivi_rolling_k2v2_s16_r128,final,v1,hidden_cosine_loss,0.02381157875061035,232e3b08d10919ca24932ad0a0135e46119ecfd5,2.6226043701171875e-06,aime24:p15:s1:seed15043,b3071fe4e912d14e31a543908143a991dbe648bfe13ea6a3db80285f3da15dab
0.21573488879948854,matched_path_accumulation_v1,1024,kivi_rolling_k2v2_s16_r128,final,v1,hidden_relative_L2,0.21801124513149261,232e3b08d10919ca24932ad0a0135e46119ecfd5,0.0022763563320040703,aime24:p15:s1:seed15043,b3071fe4e912d14e31a543908143a991dbe648bfe13ea6a3db80285f3da15dab
0.21573488879948854,matched_path_accumulation_v1,1024,kivi_rolling_k2v2_s16_r128,final,v1,attention_output_relative_L2,0.21801124513149261,232e3b08d10919ca24932ad0a0135e46119ecfd5,0.0022763563320040703,aime24:p15:s1:seed15043,b3071fe4e912d14e31a543908143a991dbe648bfe13ea6a3db80285f3da15dab
3.587786506997759e-06,matched_path_accumulation_v1,1024,kivi_rolling_k2v2_s16_r128,final,v1,next_token_KL,3.615450395955122e-06,232e3b08d10919ca24932ad0a0135e46119ecfd5,2.766388895736327e-08,aime24:p15:s1:seed15043,b3071fe4e912d14e31a543908143a991dbe648bfe13ea6a3db80285f3da15dab
1.0132854857403117e-06,matched_path_accumulation_v1,1024,kivi_rolling_k2v2_s16_r128,final,v1,next_token_JS,1.0154753908864222e-06,232e3b08d10919ca24932ad0a0135e46119ecfd5,2.1899051461105046e-09,aime24:p15:s1:seed15043,b3071fe4e912d14e31a543908143a991dbe648bfe13ea6a3db80285f3da15dab
1.0251493222313002e-05,matched_path_accumulation_v1,1024,kivi_rolling_k2v2_s16_r128,final,v1,target_token_NLL_delta,1.0489900887478143e-05,232e3b08d10919ca24932ad0a0135e46119ecfd5,2.3840766516514122e-07,aime24:p15:s1:seed15043,b3071fe4e912d14e31a543908143a991dbe648bfe13ea6a3db80285f3da15dab
0.0,matched_path_accumulation_v1,1024,kivi_rolling_k2v2_s16_r128,final,v1,top1_disagreement,0.0,232e3b08d10919ca24932ad0a0135e46119ecfd5,0.0,aime24:p15:s1:seed15043,b3071fe4e912d14e31a543908143a991dbe648bfe13ea6a3db80285f3da15dab
2.326904296875,matched_path_accumulation_v1,1024,kivi_rolling_k2v2_s16_r128,final,v1,logit_max_abs_diff,2.346435546875,232e3b08d10919ca24932ad0a0135e46119ecfd5,0.01953125,aime24:p15:s1:seed15043,b3071fe4e912d14e31a543908143a991dbe648bfe13ea6a3db80285f3da15dab
0.0257718563079834,matched_path_accumulation_v1,2048,kivi_rolling_k2v2_s16_r128,final,v1,hidden_cosine_loss,0.025775611400604248,232e3b08d10919ca24932ad0a0135e46119ecfd5,3.7550926208496094e-06,aime24:p15:s1:seed15043,b3071fe4e912d14e31a543908143a991dbe648bfe13ea6a3db80285f3da15dab
0.22668019635602832,matched_path_accumulation_v1,2048,kivi_rolling_k2v2_s16_r128,final,v1,hidden_relative_L2,0.22932840883731842,232e3b08d10919ca24932ad0a0135e46119ecfd5,0.002648212481290102,aime24:p15:s1:seed15043,b3071fe4e912d14e31a543908143a991dbe648bfe13ea6a3db80285f3da15dab
0.22668019635602832,matched_path_accumulation_v1,2048,kivi_rolling_k2v2_s16_r128,final,v1,attention_output_relative_L2,0.22932840883731842,232e3b08d10919ca24932ad0a0135e46119ecfd5,0.002648212481290102,aime24:p15:s1:seed15043,b3071fe4e912d14e31a543908143a991dbe648bfe13ea6a3db80285f3da15dab
0.0002867045986931771,matched_path_accumulation_v1,2048,kivi_rolling_k2v2_s16_r128,final,v1,next_token_KL,0.0002867045986931771,232e3b08d10919ca24932ad0a0135e46119ecfd5,0.0,aime24:p15:s1:seed15043,b3071fe4e912d14e31a543908143a991dbe648bfe13ea6a3db80285f3da15dab
4.896550722932602e-05,matched_path_accumulation_v1,2048,kivi_rolling_k2v2_s16_r128,final,v1,next_token_JS,4.89773738081567e-05,232e3b08d10919ca24932ad0a0135e46119ecfd5,1.18665788306771e-08,aime24:p15:s1:seed15043,b3071fe4e912d14e31a543908143a991dbe648bfe13ea6a3db80285f3da15dab
-0.0002627979847602546,matched_path_accumulation_v1,2048,kivi_rolling_k2v2_s16_r128,final,v1,target_token_NLL_delta,-0.0002619638107717037,232e3b08d10919ca24932ad0a0135e46119ecfd5,8.341739885509014e-07,aime24:p15:s1:seed15043,b3071fe4e912d14e31a543908143a991dbe648bfe13ea6a3db80285f3da15dab
0.0,matched_path_accumulation_v1,2048,kivi_rolling_k2v2_s16_r128,final,v1,top1_disagreement,0.0,232e3b08d10919ca24932ad0a0135e46119ecfd5,0.0,aime24:p15:s1:seed15043,b3071fe4e912d14e31a543908143a991dbe648bfe13ea6a3db80285f3da15dab
2.3359375,matched_path_accumulation_v1,2048,kivi_rolling_k2v2_s16_r128,final,v1,logit_max_abs_diff,2.359375,232e3b08d10919ca24932ad0a0135e46119ecfd5,0.0234375,aime24:p15:s1:seed15043,b3071fe4e912d14e31a543908143a991dbe648bfe13ea6a3db80285f3da15dab
0.03392767906188965,matched_path_accumulation_v1,4096,kivi_rolling_k2v2_s16_r128,final,v1,hidden_cosine_loss,0.03393208980560303,232e3b08d10919ca24932ad0a0135e46119ecfd5,4.410743713378906e-06,aime24:p15:s1:seed15043,b3071fe4e912d14e31a543908143a991dbe648bfe13ea6a3db80285f3da15dab
0.2590438607148826,matched_path_accumulation_v1,4096,kivi_rolling_k2v2_s16_r128,final,v1,hidden_relative_L2,0.2618480622768402,232e3b08d10919ca24932ad0a0135e46119ecfd5,0.0028042015619575977,aime24:p15:s1:seed15043,b3071fe4e912d14e31a543908143a991dbe648bfe13ea6a3db80285f3da15dab
0.2590438607148826,matched_path_accumulation_v1,4096,kivi_rolling_k2v2_s16_r128,final,v1,attention_output_relative_L2,0.2618480622768402,232e3b08d10919ca24932ad0a0135e46119ecfd5,0.0028042015619575977,aime24:p15:s1:seed15043,b3071fe4e912d14e31a543908143a991dbe648bfe13ea6a3db80285f3da15dab
4.969901419826783e-05,matched_path_accumulation_v1,4096,kivi_rolling_k2v2_s16_r128,final,v1,next_token_KL,4.969901419826783e-05,232e3b08d10919ca24932ad0a0135e46119ecfd5,0.0,aime24:p15:s1:seed15043,b3071fe4e912d14e31a543908143a991dbe648bfe13ea6a3db80285f3da15dab
1.597716938572802e-05,matched_path_accumulation_v1,4096,kivi_rolling_k2v2_s16_r128,final,v1,next_token_JS,1.597813388798386e-05,232e3b08d10919ca24932ad0a0135e46119ecfd5,9.64502255840216e-10,aime24:p15:s1:seed15043,b3071fe4e912d14e31a543908143a991dbe648bfe13ea6a3db80285f3da15dab
7.116415872587822e-05,matched_path_accumulation_v1,4096,kivi_rolling_k2v2_s16_r128,final,v1,target_token_NLL_delta,7.092574378475547e-05,232e3b08d10919ca24932ad0a0135e46119ecfd5,-2.384149411227554e-07,aime24:p15:s1:seed15043,b3071fe4e912d14e31a543908143a991dbe648bfe13ea6a3db80285f3da15dab
0.0,matched_path_accumulation_v1,4096,kivi_rolling_k2v2_s16_r128,final,v1,top1_disagreement,0.0,232e3b08d10919ca24932ad0a0135e46119ecfd5,0.0,aime24:p15:s1:seed15043,b3071fe4e912d14e31a543908143a991dbe648bfe13ea6a3db80285f3da15dab
3.1875,matched_path_accumulation_v1,4096,kivi_rolling_k2v2_s16_r128,final,v1,logit_max_abs_diff,3.21875,232e3b08d10919ca24932ad0a0135e46119ecfd5,0.03125,aime24:p15:s1:seed15043,b3071fe4e912d14e31a543908143a991dbe648bfe13ea6a3db80285f3da15dab
5.960464477539063e-08,matched_path_accumulation_v1,128,kivi_rolling_k2v2_s16_r128,final,v1,hidden_cosine_loss,2.086162567138672e-06,232e3b08d10919ca24932ad0a0135e46119ecfd5,2.0265579223632812e-06,aime24:p16:s0:seed16042,13d42346d3a27cdf52c682506b670e839c9c66befad1065501f233b0a1d0cc02
2.379936631768942e-05,matched_path_accumulation_v1,128,kivi_rolling_k2v2_s16_r128,final,v1,hidden_relative_L2,0.0019678843673318624,232e3b08d10919ca24932ad0a0135e46119ecfd5,0.001944085001014173,aime24:p16:s0:seed16042,13d42346d3a27cdf52c682506b670e839c9c66befad1065501f233b0a1d0cc02
2.379936631768942e-05,matched_path_accumulation_v1,128,kivi_rolling_k2v2_s16_r128,final,v1,attention_output_relative_L2,0.0019678843673318624,232e3b08d10919ca24932ad0a0135e46119ecfd5,0.001944085001014173,aime24:p16:s0:seed16042,13d42346d3a27cdf52c682506b670e839c9c66befad1065501f233b0a1d0cc02
-1.6281500592185694e-08,matched_path_accumulation_v1,128,kivi_rolling_k2v2_s16_r128,final,v1,next_token_KL,1.131606097715121e-08,232e3b08d10919ca24932ad0a0135e46119ecfd5,2.7597561569336904e-08,aime24:p16:s0:seed16042,13d42346d3a27cdf52c682506b670e839c9c66befad1065501f233b0a1d0cc02
-2.5295987526874342e-11,matched_path_accumulation_v1,128,kivi_rolling_k2v2_s16_r128,final,v1,next_token_JS,2.5649926627124842e-11,232e3b08d10919ca24932ad0a0135e46119ecfd5,5.0945914153999183e-11,aime24:p16:s0:seed16042,13d42346d3a27cdf52c682506b670e839c9c66befad1065501f233b0a1d0cc02
0.0,matched_path_accumulation_v1,128,kivi_rolling_k2v2_s16_r128,final,v1,target_token_NLL_delta,0.0,232e3b08d10919ca24932ad0a0135e46119ecfd5,0.0,aime24:p16:s0:seed16042,13d42346d3a27cdf52c682506b670e839c9c66befad1065501f233b0a1d0cc02
0.0,matched_path_accumulation_v1,128,kivi_rolling_k2v2_s16_r128,final,v1,top1_disagreement,0.0,232e3b08d10919ca24932ad0a0135e46119ecfd5,0.0,aime24:p16:s0:seed16042,13d42346d3a27cdf52c682506b670e839c9c66befad1065501f233b0a1d0cc02
-0.0078125,matched_path_accumulation_v1,128,kivi_rolling_k2v2_s16_r128,final,v1,logit_max_abs_diff,0.015625,232e3b08d10919ca24932ad0a0135e46119ecfd5,0.0234375,aime24:p16:s0:seed16042,13d42346d3a27cdf52c682506b670e839c9c66befad1065501f233b0a1d0cc02
0.0072792768478393555,matched_path_accumulation_v1,512,kivi_rolling_k2v2_s16_r128,final,v1,hidden_cosine_loss,0.007280826568603516,232e3b08d10919ca24932ad0a0135e46119ecfd5,1.5497207641601562e-06,aime24:p16:s0:seed16042,13d42346d3a27cdf52c682506b670e839c9c66befad1065501f233b0a1d0cc02
0.11885688977781683,matched_path_accumulation_v1,512,kivi_rolling_k2v2_s16_r128,final,v1,hidden_relative_L2,0.12051911652088165,232e3b08d10919ca24932ad0a0135e46119ecfd5,0.0016622267430648208,aime24:p16:s0:seed16042,13d42346d3a27cdf52c682506b670e839c9c66befad1065501f233b0a1d0cc02
0.11885688977781683,matched_path_accumulation_v1,512,kivi_rolling_k2v2_s16_r128,final,v1,attention_output_relative_L2,0.12051911652088165,232e3b08d10919ca24932ad0a0135e46119ecfd5,0.0016622267430648208,aime24:p16:s0:seed16042,13d42346d3a27cdf52c682506b670e839c9c66befad1065501f233b0a1d0cc02
0.005016474596459375,matched_path_accumulation_v1,512,kivi_rolling_k2v2_s16_r128,final,v1,next_token_KL,0.005018644966185093,232e3b08d10919ca24932ad0a0135e46119ecfd5,2.1703697257180465e-06,aime24:p16:s0:seed16042,13d42346d3a27cdf52c682506b670e839c9c66befad1065501f233b0a1d0cc02
0.0013797177414858197,matched_path_accumulation_v1,512,kivi_rolling_k2v2_s16_r128,final,v1,next_token_JS,0.0013802374014630914,232e3b08d10919ca24932ad0a0135e46119ecfd5,5.196599772716581e-07,aime24:p16:s0:seed16042,13d42346d3a27cdf52c682506b670e839c9c66befad1065501f233b0a1d0cc02
0.01700156182050705,matched_path_accumulation_v1,512,kivi_rolling_k2v2_s16_r128,final,v1,target_token_NLL_delta,0.017267543822526932,232e3b08d10919ca24932ad0a0135e46119ecfd5,0.0002659820020198822,aime24:p16:s0:seed16042,13d42346d3a27cdf52c682506b670e839c9c66befad1065501f233b0a1d0cc02
0.0,matched_path_accumulation_v1,512,kivi_rolling_k2v2_s16_r128,final,v1,top1_disagreement,0.0,232e3b08d10919ca24932ad0a0135e46119ecfd5,0.0,aime24:p16:s0:seed16042,13d42346d3a27cdf52c682506b670e839c9c66befad1065501f233b0a1d0cc02
1.4375,matched_path_accumulation_v1,512,kivi_rolling_k2v2_s16_r128,final,v1,logit_max_abs_diff,1.4609375,232e3b08d10919ca24932ad0a0135e46119ecfd5,0.0234375,aime24:p16:s0:seed16042,13d42346d3a27cdf52c682506b670e839c9c66befad1065501f233b0a1d0cc02
0.004296481609344482,matched_path_accumulation_v1,1024,kivi_rolling_k2v2_s16_r128,final,v1,hidden_cosine_loss,0.004298388957977295,232e3b08d10919ca24932ad0a0135e46119ecfd5,1.9073486328125e-06,aime24:p16:s0:seed16042,13d42346d3a27cdf52c682506b670e839c9c66befad1065501f233b0a1d0cc02
0.09089500538539141,matched_path_accumulation_v1,1024,kivi_rolling_k2v2_s16_r128,final,v1,hidden_relative_L2,0.09264388680458069,232e3b08d10919ca24932ad0a0135e46119ecfd5,0.0017488814191892743,aime24:p16:s0:seed16042,13d42346d3a27cdf52c682506b670e839c9c66befad1065501f233b0a1d0cc02
0.09089500538539141,matched_path_accumulation_v1,1024,kivi_rolling_k2v2_s16_r128,final,v1,attention_output_relative_L2,0.09264388680458069,232e3b08d10919ca24932ad0a0135e46119ecfd5,0.0017488814191892743,aime24:p16:s0:seed16042,13d42346d3a27cdf52c682506b670e839c9c66befad1065501f233b0a1d0cc02
0.0009962710109903128,matched_path_accumulation_v1,1024,kivi_rolling_k2v2_s16_r128,final,v1,next_token_KL,0.0010102473897859454,232e3b08d10919ca24932ad0a0135e46119ecfd5,1.3976378795632627e-05,aime24:p16:s0:seed16042,13d42346d3a27cdf52c682506b670e839c9c66befad1065501f233b0a1d0cc02
0.0002438471196910541,matched_path_accumulation_v1,1024,kivi_rolling_k2v2_s16_r128,final,v1,next_token_JS,0.00024733191821724176,232e3b08d10919ca24932ad0a0135e46119ecfd5,3.48479852618766e-06,aime24:p16:s0:seed16042,13d42346d3a27cdf52c682506b670e839c9c66befad1065501f233b0a1d0cc02
-0.021032676100730896,matched_path_accumulation_v1,1024,kivi_rolling_k2v2_s16_r128,final,v1,target_token_NLL_delta,-0.018961504101753235,232e3b08d10919ca24932ad0a0135e46119ecfd5,0.002071171998977661,aime24:p16:s0:seed16042,13d42346d3a27cdf52c682506b670e839c9c66befad1065501f233b0a1d0cc02
0.0,matched_path_accumulation_v1,1024,kivi_rolling_k2v2_s16_r128,final,v1,top1_disagreement,0.0,232e3b08d10919ca24932ad0a0135e46119ecfd5,0.0,aime24:p16:s0:seed16042,13d42346d3a27cdf52c682506b670e839c9c66befad1065501f233b0a1d0cc02
1.1318359375,matched_path_accumulation_v1,1024,kivi_rolling_k2v2_s16_r128,final,v1,logit_max_abs_diff,1.1484375,232e3b08d10919ca24932ad0a0135e46119ecfd5,0.0166015625,aime24:p16:s0:seed16042,13d42346d3a27cdf52c682506b670e839c9c66befad1065501f233b0a1d0cc02
0.018333137035369873,matched_path_accumulation_v1,2048,kivi_rolling_k2v2_s16_r128,final,v1,hidden_cosine_loss,0.018336474895477295,232e3b08d10919ca24932ad0a0135e46119ecfd5,3.337860107421875e-06,aime24:p16:s0:seed16042,13d42346d3a27cdf52c682506b670e839c9c66befad1065501f233b0a1d0cc02
0.1902466134633869,matched_path_accumulation_v1,2048,kivi_rolling_k2v2_s16_r128,final,v1,hidden_relative_L2,0.19279681146144867,232e3b08d10919ca24932ad0a0135e46119ecfd5,0.002550197998061776,aime24:p16:s0:seed16042,13d42346d3a27cdf52c682506b670e839c9c66befad1065501f233b0a1d0cc02
0.1902466134633869,matched_path_accumulation_v1,2048,kivi_rolling_k2v2_s16_r128,final,v1,attention_output_relative_L2,0.19279681146144867,232e3b08d10919ca24932ad0a0135e46119ecfd5,0.002550197998061776,aime24:p16:s0:seed16042,13d42346d3a27cdf52c682506b670e839c9c66befad1065501f233b0a1d0cc02
8.935815677091341e-05,matched_path_accumulation_v1,2048,kivi_rolling_k2v2_s16_r128,final,v1,next_token_KL,8.9469482190907e-05,232e3b08d10919ca24932ad0a0135e46119ecfd5,1.1132541999359091e-07,aime24:p16:s0:seed16042,13d42346d3a27cdf52c682506b670e839c9c66befad1065501f233b0a1d0cc02
2.4784054403426126e-05,matched_path_accumulation_v1,2048,kivi_rolling_k2v2_s16_r128,final,v1,next_token_JS,2.4784054403426126e-05,232e3b08d10919ca24932ad0a0135e46119ecfd5,0.0,aime24:p16:s0:seed16042,13d42346d3a27cdf52c682506b670e839c9c66befad1065501f233b0a1d0cc02
0.00037625478580594063,matched_path_accumulation_v1,2048,kivi_rolling_k2v2_s16_r128,final,v1,target_token_NLL_delta,0.000376969575881958,232e3b08d10919ca24932ad0a0135e46119ecfd5,7.147900760173798e-07,aime24:p16:s0:seed16042,13d42346d3a27cdf52c682506b670e839c9c66befad1065501f233b0a1d0cc02
0.0,matched_path_accumulation_v1,2048,kivi_rolling_k2v2_s16_r128,final,v1,top1_disagreement,0.0,232e3b08d10919ca24932ad0a0135e46119ecfd5,0.0,aime24:p16:s0:seed16042,13d42346d3a27cdf52c682506b670e839c9c66befad1065501f233b0a1d0cc02
1.8330078125,matched_path_accumulation_v1,2048,kivi_rolling_k2v2_s16_r128,final,v1,logit_max_abs_diff,1.8701171875,232e3b08d10919ca24932ad0a0135e46119ecfd5,0.037109375,aime24:p16:s0:seed16042,13d42346d3a27cdf52c682506b670e839c9c66befad1065501f233b0a1d0cc02
0.010753631591796875,matched_path_accumulation_v1,4096,kivi_rolling_k2v2_s16_r128,final,v1,hidden_cosine_loss,0.010756313800811768,232e3b08d10919ca24932ad0a0135e46119ecfd5,2.682209014892578e-06,aime24:p16:s0:seed16042,13d42346d3a27cdf52c682506b670e839c9c66befad1065501f233b0a1d0cc02
0.1462039875332266,matched_path_accumulation_v1,4096,kivi_rolling_k2v2_s16_r128,final,v1,hidden_relative_L2,0.14838393032550812,232e3b08d10919ca24932ad0a0135e46119ecfd5,0.0021799427922815084,aime24:p16:s0:seed16042,13d42346d3a27cdf52c682506b670e839c9c66befad1065501f233b0a1d0cc02
0.1462039875332266,matched_path_accumulation_v1,4096,kivi_rolling_k2v2_s16_r128,final,v1,attention_output_relative_L2,0.14838393032550812,232e3b08d10919ca24932ad0a0135e46119ecfd5,0.0021799427922815084,aime24:p16:s0:seed16042,13d42346d3a27cdf52c682506b670e839c9c66befad1065501f233b0a1d0cc02
0.00021625982589768,matched_path_accumulation_v1,4096,kivi_rolling_k2v2_s16_r128,final,v1,next_token_KL,0.0002163215831387788,232e3b08d10919ca24932ad0a0135e46119ecfd5,6.17572410988032e-08,aime24:p16:s0:seed16042,13d42346d3a27cdf52c682506b670e839c9c66befad1065501f233b0a1d0cc02
5.048931416240521e-05,matched_path_accumulation_v1,4096,kivi_rolling_k2v2_s16_r128,final,v1,next_token_JS,5.048931416240521e-05,232e3b08d10919ca24932ad0a0135e46119ecfd5,0.0,aime24:p16:s0:seed16042,13d42346d3a27cdf52c682506b670e839c9c66befad1065501f233b0a1d0cc02
-0.0009752975311130285,matched_path_accumulation_v1,4096,kivi_rolling_k2v2_s16_r128,final,v1,target_token_NLL_delta,-0.000978978117927909,232e3b08d10919ca24932ad0a0135e46119ecfd5,-3.680586814880371e-06,aime24:p16:s0:seed16042,13d42346d3a27cdf52c682506b670e839c9c66befad1065501f233b0a1d0cc02
0.0,matched_path_accumulation_v1,4096,kivi_rolling_k2v2_s16_r128,final,v1,top1_disagreement,0.0,232e3b08d10919ca24932ad0a0135e46119ecfd5,0.0,aime24:p16:s0:seed16042,13d42346d3a27cdf52c682506b670e839c9c66befad1065501f233b0a1d0cc02
1.21484375,matched_path_accumulation_v1,4096,kivi_rolling_k2v2_s16_r128,final,v1,logit_max_abs_diff,1.234375,232e3b08d10919ca24932ad0a0135e46119ecfd5,0.01953125,aime24:p16:s0:seed16042,13d42346d3a27cdf52c682506b670e839c9c66befad1065501f233b0a1d0cc02
-2.384185791015625e-07,matched_path_accumulation_v1,128,kivi_rolling_k2v2_s16_r128,final,v1,hidden_cosine_loss,2.0265579223632812e-06,232e3b08d10919ca24932ad0a0135e46119ecfd5,2.2649765014648438e-06,aime24:p11:s0:seed11042,489c942f86b4d5ae23c611c59e5f243cac4e99bd6697b73b14def62ea82f3970
-2.0387815311551094e-05,matched_path_accumulation_v1,128,kivi_rolling_k2v2_s16_r128,final,v1,hidden_relative_L2,0.0019997090566903353,232e3b08d10919ca24932ad0a0135e46119ecfd5,0.0020200968720018864,aime24:p11:s0:seed11042,489c942f86b4d5ae23c611c59e5f243cac4e99bd6697b73b14def62ea82f3970
-2.0387815311551094e-05,matched_path_accumulation_v1,128,kivi_rolling_k2v2_s16_r128,final,v1,attention_output_relative_L2,0.0019997090566903353,232e3b08d10919ca24932ad0a0135e46119ecfd5,0.0020200968720018864,aime24:p11:s0:seed11042,489c942f86b4d5ae23c611c59e5f243cac4e99bd6697b73b14def62ea82f3970
-3.303230187157169e-07,matched_path_accumulation_v1,128,kivi_rolling_k2v2_s16_r128,final,v1,next_token_KL,1.751703348418232e-05,232e3b08d10919ca24932ad0a0135e46119ecfd5,1.7847356502898037e-05,aime24:p11:s0:seed11042,489c942f86b4d5ae23c611c59e5f243cac4e99bd6697b73b14def62ea82f3970
3.136028681183234e-08,matched_path_accumulation_v1,128,kivi_rolling_k2v2_s16_r128,final,v1,next_token_JS,4.441708369995467e-06,232e3b08d10919ca24932ad0a0135e46119ecfd5,4.410348083183635e-06,aime24:p11:s0:seed11042,489c942f86b4d5ae23c611c59e5f243cac4e99bd6697b73b14def62ea82f3970
0.00547356903553009,matched_path_accumulation_v1,128,kivi_rolling_k2v2_s16_r128,final,v1,target_token_NLL_delta,0.002737089991569519,232e3b08d10919ca24932ad0a0135e46119ecfd5,-0.0027364790439605713,aime24:p11:s0:seed11042,489c942f86b4d5ae23c611c59e5f243cac4e99bd6697b73b14def62ea82f3970
0.0,matched_path_accumulation_v1,128,kivi_rolling_k2v2_s16_r128,final,v1,top1_disagreement,0.0,232e3b08d10919ca24932ad0a0135e46119ecfd5,0.0,aime24:p11:s0:seed11042,489c942f86b4d5ae23c611c59e5f243cac4e99bd6697b73b14def62ea82f3970
0.005859375,matched_path_accumulation_v1,128,kivi_rolling_k2v2_s16_r128,final,v1,logit_max_abs_diff,0.0234375,232e3b08d10919ca24932ad0a0135e46119ecfd5,0.017578125,aime24:p11:s0:seed11042,489c942f86b4d5ae23c611c59e5f243cac4e99bd6697b73b14def62ea82f3970
0.009946346282958984,matched_path_accumulation_v1,512,kivi_rolling_k2v2_s16_r128,final,v1,hidden_cosine_loss,0.009948372840881348,232e3b08d10919ca24932ad0a0135e46119ecfd5,2.0265579223632812e-06,aime24:p11:s0:seed11042,489c942f86b4d5ae23c611c59e5f243cac4e99bd6697b73b14def62ea82f3970
0.13953916123136878,matched_path_accumulation_v1,512,kivi_rolling_k2v2_s16_r128,final,v1,hidden_relative_L2,0.14136958122253418,232e3b08d10919ca24932ad0a0135e46119ecfd5,0.0018304199911653996,aime24:p11:s0:seed11042,489c942f86b4d5ae23c611c59e5f243cac4e99bd6697b73b14def62ea82f3970
0.13953916123136878,matched_path_accumulation_v1,512,kivi_rolling_k2v2_s16_r128,final,v1,attention_output_relative_L2,0.14136958122253418,232e3b08d10919ca24932ad0a0135e46119ecfd5,0.0018304199911653996,aime24:p11:s0:seed11042,489c942f86b4d5ae23c611c59e5f243cac4e99bd6697b73b14def62ea82f3970
0.03863383240241092,matched_path_accumulation_v1,512,kivi_rolling_k2v2_s16_r128,final,v1,next_token_KL,0.038653407245874405,232e3b08d10919ca24932ad0a0135e46119ecfd5,1.9574843463487923e-05,aime24:p11:s0:seed11042,489c942f86b4d5ae23c611c59e5f243cac4e99bd6697b73b14def62ea82f3970
0.010051965164166177,matched_path_accumulation_v1,512,kivi_rolling_k2v2_s16_r128,final,v1,next_token_JS,0.010056877508759499,232e3b08d10919ca24932ad0a0135e46119ecfd5,4.9123445933219045e-06,aime24:p11:s0:seed11042,489c942f86b4d5ae23c611c59e5f243cac4e99bd6697b73b14def62ea82f3970
0.2006179392337799,matched_path_accumulation_v1,512,kivi_rolling_k2v2_s16_r128,final,v1,target_token_NLL_delta,0.2037624716758728,232e3b08d10919ca24932ad0a0135e46119ecfd5,0.0031445324420928955,aime24:p11:s0:seed11042,489c942f86b4d5ae23c611c59e5f243cac4e99bd6697b73b14def62ea82f3970
0.0,matched_path_accumulation_v1,512,kivi_rolling_k2v2_s16_r128,final,v1,top1_disagreement,0.0,232e3b08d10919ca24932ad0a0135e46119ecfd5,0.0,aime24:p11:s0:seed11042,489c942f86b4d5ae23c611c59e5f243cac4e99bd6697b73b14def62ea82f3970
1.587890625,matched_path_accumulation_v1,512,kivi_rolling_k2v2_s16_r128,final,v1,logit_max_abs_diff,1.607421875,232e3b08d10919ca24932ad0a0135e46119ecfd5,0.01953125,aime24:p11:s0:seed11042,489c942f86b4d5ae23c611c59e5f243cac4e99bd6697b73b14def62ea82f3970
0.004545450210571289,matched_path_accumulation_v1,1024,kivi_rolling_k2v2_s16_r128,final,v1,hidden_cosine_loss,0.004547536373138428,232e3b08d10919ca24932ad0a0135e46119ecfd5,2.086162567138672e-06,aime24:p11:s0:seed11042,489c942f86b4d5ae23c611c59e5f243cac4e99bd6697b73b14def62ea82f3970
0.0933934940258041,matched_path_accumulation_v1,1024,kivi_rolling_k2v2_s16_r128,final,v1,hidden_relative_L2,0.09525898098945618,232e3b08d10919ca24932ad0a0135e46119ecfd5,0.0018654869636520743,aime24:p11:s0:seed11042,489c942f86b4d5ae23c611c59e5f243cac4e99bd6697b73b14def62ea82f3970
0.0933934940258041,matched_path_accumulation_v1,1024,kivi_rolling_k2v2_s16_r128,final,v1,attention_output_relative_L2,0.09525898098945618,232e3b08d10919ca24932ad0a0135e46119ecfd5,0.0018654869636520743,aime24:p11:s0:seed11042,489c942f86b4d5ae23c611c59e5f243cac4e99bd6697b73b14def62ea82f3970
3.094113708357327e-05,matched_path_accumulation_v1,1024,kivi_rolling_k2v2_s16_r128,final,v1,next_token_KL,3.094113708357327e-05,232e3b08d10919ca24932ad0a0135e46119ecfd5,0.0,aime24:p11:s0:seed11042,489c942f86b4d5ae23c611c59e5f243cac4e99bd6697b73b14def62ea82f3970
8.146682811016603e-06,matched_path_accumulation_v1,1024,kivi_rolling_k2v2_s16_r128,final,v1,next_token_JS,8.153740054694936e-06,232e3b08d10919ca24932ad0a0135e46119ecfd5,7.05724367833227e-09,aime24:p11:s0:seed11042,489c942f86b4d5ae23c611c59e5f243cac4e99bd6697b73b14def62ea82f3970
0.00020442926324903965,matched_path_accumulation_v1,1024,kivi_rolling_k2v2_s16_r128,final,v1,target_token_NLL_delta,0.00020431011216714978,232e3b08d10919ca24932ad0a0135e46119ecfd5,-1.1915108188986778e-07,aime24:p11:s0:seed11042,489c942f86b4d5ae23c611c59e5f243cac4e99bd6697b73b14def62ea82f3970
0.0,matched_path_accumulation_v1,1024,kivi_rolling_k2v2_s16_r128,final,v1,top1_disagreement,0.0,232e3b08d10919ca24932ad0a0135e46119ecfd5,0.0,aime24:p11:s0:seed11042,489c942f86b4d5ae23c611c59e5f243cac4e99bd6697b73b14def62ea82f3970
1.2109375,matched_path_accumulation_v1,1024,kivi_rolling_k2v2_s16_r128,final,v1,logit_max_abs_diff,1.2265625,232e3b08d10919ca24932ad0a0135e46119ecfd5,0.015625,aime24:p11:s0:seed11042,489c942f86b4d5ae23c611c59e5f243cac4e99bd6697b73b14def62ea82f3970
0.02489149570465088,matched_path_accumulation_v1,2048,kivi_rolling_k2v2_s16_r128,final,v1,hidden_cosine_loss,0.024893879890441895,232e3b08d10919ca24932ad0a0135e46119ecfd5,2.384185791015625e-06,aime24:p11:s0:seed11042,489c942f86b4d5ae23c611c59e5f243cac4e99bd6697b73b14def62ea82f3970
0.22288023098371923,matched_path_accumulation_v1,2048,kivi_rolling_k2v2_s16_r128,final,v1,hidden_relative_L2,0.22494731843471527,232e3b08d10919ca24932ad0a0135e46119ecfd5,0.0020670874509960413,aime24:p11:s0:seed11042,489c942f86b4d5ae23c611c59e5f243cac4e99bd6697b73b14def62ea82f3970
0.22288023098371923,matched_path_accumulation_v1,2048,kivi_rolling_k2v2_s16_r128,final,v1,attention_output_relative_L2,0.22494731843471527,232e3b08d10919ca24932ad0a0135e46119ecfd5,0.0020670874509960413,aime24:p11:s0:seed11042,489c942f86b4d5ae23c611c59e5f243cac4e99bd6697b73b14def62ea82f3970
0.011526052840054035,matched_path_accumulation_v1,2048,kivi_rolling_k2v2_s16_r128,final,v1,next_token_KL,0.011526052840054035,232e3b08d10919ca24932ad0a0135e46119ecfd5,0.0,aime24:p11:s0:seed11042,489c942f86b4d5ae23c611c59e5f243cac4e99bd6697b73b14def62ea82f3970
0.0030657295137643814,matched_path_accumulation_v1,2048,kivi_rolling_k2v2_s16_r128,final,v1,next_token_JS,0.0030657295137643814,232e3b08d10919ca24932ad0a0135e46119ecfd5,0.0,aime24:p11:s0:seed11042,489c942f86b4d5ae23c611c59e5f243cac4e99bd6697b73b14def62ea82f3970
0.06538346409797668,matched_path_accumulation_v1,2048,kivi_rolling_k2v2_s16_r128,final,v1,target_token_NLL_delta,0.06538356840610504,232e3b08d10919ca24932ad0a0135e46119ecfd5,1.043081283569336e-07,aime24:p11:s0:seed11042,489c942f86b4d5ae23c611c59e5f243cac4e99bd6697b73b14def62ea82f3970
0.0,matched_path_accumulation_v1,2048,kivi_rolling_k2v2_s16_r128,final,v1,top1_disagreement,0.0,232e3b08d10919ca24932ad0a0135e46119ecfd5,0.0,aime24:p11:s0:seed11042,489c942f86b4d5ae23c611c59e5f243cac4e99bd6697b73b14def62ea82f3970
4.25390625,matched_path_accumulation_v1,2048,kivi_rolling_k2v2_s16_r128,final,v1,logit_max_abs_diff,4.27734375,232e3b08d10919ca24932ad0a0135e46119ecfd5,0.0234375,aime24:p11:s0:seed11042,489c942f86b4d5ae23c611c59e5f243cac4e99bd6697b73b14def62ea82f3970
0.009550631046295166,matched_path_accumulation_v1,4096,kivi_rolling_k2v2_s16_r128,final,v1,hidden_cosine_loss,0.009553134441375732,232e3b08d10919ca24932ad0a0135e46119ecfd5,2.5033950805664062e-06,aime24:p11:s0:seed11042,489c942f86b4d5ae23c611c59e5f243cac4e99bd6697b73b14def62ea82f3970
0.13634891156107187,matched_path_accumulation_v1,4096,kivi_rolling_k2v2_s16_r128,final,v1,hidden_relative_L2,0.13847510516643524,232e3b08d10919ca24932ad0a0135e46119ecfd5,0.002126193605363369,aime24:p11:s0:seed11042,489c942f86b4d5ae23c611c59e5f243cac4e99bd6697b73b14def62ea82f3970
0.13634891156107187,matched_path_accumulation_v1,4096,kivi_rolling_k2v2_s16_r128,final,v1,attention_output_relative_L2,0.13847510516643524,232e3b08d10919ca24932ad0a0135e46119ecfd5,0.002126193605363369,aime24:p11:s0:seed11042,489c942f86b4d5ae23c611c59e5f243cac4e99bd6697b73b14def62ea82f3970
0.023587171750477864,matched_path_accumulation_v1,4096,kivi_rolling_k2v2_s16_r128,final,v1,next_token_KL,0.02360151708126068,232e3b08d10919ca24932ad0a0135e46119ecfd5,1.4345330782816745e-05,aime24:p11:s0:seed11042,489c942f86b4d5ae23c611c59e5f243cac4e99bd6697b73b14def62ea82f3970
0.006481103454007098,matched_path_accumulation_v1,4096,kivi_rolling_k2v2_s16_r128,final,v1,next_token_JS,0.006484674289822578,232e3b08d10919ca24932ad0a0135e46119ecfd5,3.5708358154806774e-06,aime24:p11:s0:seed11042,489c942f86b4d5ae23c611c59e5f243cac4e99bd6697b73b14def62ea82f3970
0.09039205312728882,matched_path_accumulation_v1,4096,kivi_rolling_k2v2_s16_r128,final,v1,target_token_NLL_delta,0.08830592036247253,232e3b08d10919ca24932ad0a0135e46119ecfd5,-0.002086132764816284,aime24:p11:s0:seed11042,489c942f86b4d5ae23c611c59e5f243cac4e99bd6697b73b14def62ea82f3970
0.0,matched_path_accumulation_v1,4096,kivi_rolling_k2v2_s16_r128,final,v1,top1_disagreement,0.0,232e3b08d10919ca24932ad0a0135e46119ecfd5,0.0,aime24:p11:s0:seed11042,489c942f86b4d5ae23c611c59e5f243cac4e99bd6697b73b14def62ea82f3970
1.35546875,matched_path_accumulation_v1,4096,kivi_rolling_k2v2_s16_r128,final,v1,logit_max_abs_diff,1.37890625,232e3b08d10919ca24932ad0a0135e46119ecfd5,0.0234375,aime24:p11:s0:seed11042,489c942f86b4d5ae23c611c59e5f243cac4e99bd6697b73b14def62ea82f3970
-4.172325134277344e-07,matched_path_accumulation_v1,128,kivi_rolling_k2v2_s16_r128,final,v1,hidden_cosine_loss,1.6689300537109375e-06,232e3b08d10919ca24932ad0a0135e46119ecfd5,2.086162567138672e-06,aime24:p12:s1:seed12043,ca87cac4db8eb8d9ae8695bf4f4fad1775a3bf9b28fe340c3d7c22f6212eb615
-0.00019892503041774035,matched_path_accumulation_v1,128,kivi_rolling_k2v2_s16_r128,final,v1,hidden_relative_L2,0.0016736938850954175,232e3b08d10919ca24932ad0a0135e46119ecfd5,0.0018726189155131578,aime24:p12:s1:seed12043,ca87cac4db8eb8d9ae8695bf4f4fad1775a3bf9b28fe340c3d7c22f6212eb615
-0.00019892503041774035,matched_path_accumulation_v1,128,kivi_rolling_k2v2_s16_r128,final,v1,attention_output_relative_L2,0.0016736938850954175,232e3b08d10919ca24932ad0a0135e46119ecfd5,0.0018726189155131578,aime24:p12:s1:seed12043,ca87cac4db8eb8d9ae8695bf4f4fad1775a3bf9b28fe340c3d7c22f6212eb615
3.496820318105165e-05,matched_path_accumulation_v1,128,kivi_rolling_k2v2_s16_r128,final,v1,next_token_KL,6.504364137072116e-05,232e3b08d10919ca24932ad0a0135e46119ecfd5,3.0075438189669512e-05,aime24:p12:s1:seed12043,ca87cac4db8eb8d9ae8695bf4f4fad1775a3bf9b28fe340c3d7c22f6212eb615
8.674142009112984e-06,matched_path_accumulation_v1,128,kivi_rolling_k2v2_s16_r128,final,v1,next_token_JS,1.6228139429586008e-05,232e3b08d10919ca24932ad0a0135e46119ecfd5,7.553997420473024e-06,aime24:p12:s1:seed12043,ca87cac4db8eb8d9ae8695bf4f4fad1775a3bf9b28fe340c3d7c22f6212eb615
0.007737874984741211,matched_path_accumulation_v1,128,kivi_rolling_k2v2_s16_r128,final,v1,target_token_NLL_delta,0.01647627353668213,232e3b08d10919ca24932ad0a0135e46119ecfd5,0.008738398551940918,aime24:p12:s1:seed12043,ca87cac4db8eb8d9ae8695bf4f4fad1775a3bf9b28fe340c3d7c22f6212eb615
0.0,matched_path_accumulation_v1,128,kivi_rolling_k2v2_s16_r128,final,v1,top1_disagreement,0.0,232e3b08d10919ca24932ad0a0135e46119ecfd5,0.0,aime24:p12:s1:seed12043,ca87cac4db8eb8d9ae8695bf4f4fad1775a3bf9b28fe340c3d7c22f6212eb615
-0.015625,matched_path_accumulation_v1,128,kivi_rolling_k2v2_s16_r128,final,v1,logit_max_abs_diff,0.015625,232e3b08d10919ca24932ad0a0135e46119ecfd5,0.03125,aime24:p12:s1:seed12043,ca87cac4db8eb8d9ae8695bf4f4fad1775a3bf9b28fe340c3d7c22f6212eb615
0.008581399917602539,matched_path_accumulation_v1,512,kivi_rolling_k2v2_s16_r128,final,v1,hidden_cosine_loss,0.00858539342880249,232e3b08d10919ca24932ad0a0135e46119ecfd5,3.993511199951172e-06,aime24:p12:s1:seed12043,ca87cac4db8eb8d9ae8695bf4f4fad1775a3bf9b28fe340c3d7c22f6212eb615
0.12914641899988055,matched_path_accumulation_v1,512,kivi_rolling_k2v2_s16_r128,final,v1,hidden_relative_L2,0.1319120079278946,232e3b08d10919ca24932ad0a0135e46119ecfd5,0.00276558892801404,aime24:p12:s1:seed12043,ca87cac4db8eb8d9ae8695bf4f4fad1775a3bf9b28fe340c3d7c22f6212eb615
0.12914641899988055,matched_path_accumulation_v1,512,kivi_rolling_k2v2_s16_r128,final,v1,attention_output_relative_L2,0.1319120079278946,232e3b08d10919ca24932ad0a0135e46119ecfd5,0.00276558892801404,aime24:p12:s1:seed12043,ca87cac4db8eb8d9ae8695bf4f4fad1775a3bf9b28fe340c3d7c22f6212eb615
0.03690700362540156,matched_path_accumulation_v1,512,kivi_rolling_k2v2_s16_r128,final,v1,next_token_KL,0.03691031038761139,232e3b08d10919ca24932ad0a0135e46119ecfd5,3.306762209831504e-06,aime24:p12:s1:seed12043,ca87cac4db8eb8d9ae8695bf4f4fad1775a3bf9b28fe340c3d7c22f6212eb615
0.009484152466882279,matched_path_accumulation_v1,512,kivi_rolling_k2v2_s16_r128,final,v1,next_token_JS,0.0094849718734622,232e3b08d10919ca24932ad0a0135e46119ecfd5,8.194065799216332e-07,aime24:p12:s1:seed12043,ca87cac4db8eb8d9ae8695bf4f4fad1775a3bf9b28fe340c3d7c22f6212eb615
0.19870984554290771,matched_path_accumulation_v1,512,kivi_rolling_k2v2_s16_r128,final,v1,target_token_NLL_delta,0.19828805327415466,232e3b08d10919ca24932ad0a0135e46119ecfd5,-0.00042179226875305176,aime24:p12:s1:seed12043,ca87cac4db8eb8d9ae8695bf4f4fad1775a3bf9b28fe340c3d7c22f6212eb615
0.0,matched_path_accumulation_v1,512,kivi_rolling_k2v2_s16_r128,final,v1,top1_disagreement,0.0,232e3b08d10919ca24932ad0a0135e46119ecfd5,0.0,aime24:p12:s1:seed12043,ca87cac4db8eb8d9ae8695bf4f4fad1775a3bf9b28fe340c3d7c22f6212eb615
1.0322265625,matched_path_accumulation_v1,512,kivi_rolling_k2v2_s16_r128,final,v1,logit_max_abs_diff,1.0556640625,232e3b08d10919ca24932ad0a0135e46119ecfd5,0.0234375,aime24:p12:s1:seed12043,ca87cac4db8eb8d9ae8695bf4f4fad1775a3bf9b28fe340c3d7c22f6212eb615
0.005586564540863037,matched_path_accumulation_v1,1024,kivi_rolling_k2v2_s16_r128,final,v1,hidden_cosine_loss,0.005588114261627197,232e3b08d10919ca24932ad0a0135e46119ecfd5,1.5497207641601562e-06,aime24:p12:s1:seed12043,ca87cac4db8eb8d9ae8695bf4f4fad1775a3bf9b28fe340c3d7c22f6212eb615
0.10434044268913567,matched_path_accumulation_v1,1024,kivi_rolling_k2v2_s16_r128,final,v1,hidden_relative_L2,0.10580182820558548,232e3b08d10919ca24932ad0a0135e46119ecfd5,0.001461385516449809,aime24:p12:s1:seed12043,ca87cac4db8eb8d9ae8695bf4f4fad1775a3bf9b28fe340c3d7c22f6212eb615
0.10434044268913567,matched_path_accumulation_v1,1024,kivi_rolling_k2v2_s16_r128,final,v1,attention_output_relative_L2,0.10580182820558548,232e3b08d10919ca24932ad0a0135e46119ecfd5,0.001461385516449809,aime24:p12:s1:seed12043,ca87cac4db8eb8d9ae8695bf4f4fad1775a3bf9b28fe340c3d7c22f6212eb615
0.0073484501922393974,matched_path_accumulation_v1,1024,kivi_rolling_k2v2_s16_r128,final,v1,next_token_KL,0.007355376612395048,232e3b08d10919ca24932ad0a0135e46119ecfd5,6.926420155650703e-06,aime24:p12:s1:seed12043,ca87cac4db8eb8d9ae8695bf4f4fad1775a3bf9b28fe340c3d7c22f6212eb615
0.0019667524609303655,matched_path_accumulation_v1,1024,kivi_rolling_k2v2_s16_r128,final,v1,next_token_JS,0.0019684869330376387,232e3b08d10919ca24932ad0a0135e46119ecfd5,1.7344721072731772e-06,aime24:p12:s1:seed12043,ca87cac4db8eb8d9ae8695bf4f4fad1775a3bf9b28fe340c3d7c22f6212eb615
0.032471537590026855,matched_path_accumulation_v1,1024,kivi_rolling_k2v2_s16_r128,final,v1,target_token_NLL_delta,0.03334977477788925,232e3b08d10919ca24932ad0a0135e46119ecfd5,0.0008782371878623962,aime24:p12:s1:seed12043,ca87cac4db8eb8d9ae8695bf4f4fad1775a3bf9b28fe340c3d7c22f6212eb615
0.0,matched_path_accumulation_v1,1024,kivi_rolling_k2v2_s16_r128,final,v1,top1_disagreement,0.0,232e3b08d10919ca24932ad0a0135e46119ecfd5,0.0,aime24:p12:s1:seed12043,ca87cac4db8eb8d9ae8695bf4f4fad1775a3bf9b28fe340c3d7c22f6212eb615
0.8515625,matched_path_accumulation_v1,1024,kivi_rolling_k2v2_s16_r128,final,v1,logit_max_abs_diff,0.8671875,232e3b08d10919ca24932ad0a0135e46119ecfd5,0.015625,aime24:p12:s1:seed12043,ca87cac4db8eb8d9ae8695bf4f4fad1775a3bf9b28fe340c3d7c22f6212eb615
0.003785252571105957,matched_path_accumulation_v1,2048,kivi_rolling_k2v2_s16_r128,final,v1,hidden_cosine_loss,0.0037862062454223633,232e3b08d10919ca24932ad0a0135e46119ecfd5,9.5367431640625e-07,aime24:p12:s1:seed12043,ca87cac4db8eb8d9ae8695bf4f4fad1775a3bf9b28fe340c3d7c22f6212eb615
0.08601442468352616,matched_path_accumulation_v1,2048,kivi_rolling_k2v2_s16_r128,final,v1,hidden_relative_L2,0.08725763112306595,232e3b08d10919ca24932ad0a0135e46119ecfd5,0.0012432064395397902,aime24:p12:s1:seed12043,ca87cac4db8eb8d9ae8695bf4f4fad1775a3bf9b28fe340c3d7c22f6212eb615
0.08601442468352616,matched_path_accumulation_v1,2048,kivi_rolling_k2v2_s16_r128,final,v1,attention_output_relative_L2,0.08725763112306595,232e3b08d10919ca24932ad0a0135e46119ecfd5,0.0012432064395397902,aime24:p12:s1:seed12043,ca87cac4db8eb8d9ae8695bf4f4fad1775a3bf9b28fe340c3d7c22f6212eb615
0.00862550098867132,matched_path_accumulation_v1,2048,kivi_rolling_k2v2_s16_r128,final,v1,next_token_KL,0.00862621609121561,232e3b08d10919ca24932ad0a0135e46119ecfd5,7.151025442908576e-07,aime24:p12:s1:seed12043,ca87cac4db8eb8d9ae8695bf4f4fad1775a3bf9b28fe340c3d7c22f6212eb615
0.002185805797843443,matched_path_accumulation_v1,2048,kivi_rolling_k2v2_s16_r128,final,v1,next_token_JS,0.0021859100088477135,232e3b08d10919ca24932ad0a0135e46119ecfd5,1.0421100427038255e-07,aime24:p12:s1:seed12043,ca87cac4db8eb8d9ae8695bf4f4fad1775a3bf9b28fe340c3d7c22f6212eb615
0.016718387603759766,matched_path_accumulation_v1,2048,kivi_rolling_k2v2_s16_r128,final,v1,target_token_NLL_delta,0.01677882671356201,232e3b08d10919ca24932ad0a0135e46119ecfd5,6.0439109802246094e-05,aime24:p12:s1:seed12043,ca87cac4db8eb8d9ae8695bf4f4fad1775a3bf9b28fe340c3d7c22f6212eb615
0.0,matched_path_accumulation_v1,2048,kivi_rolling_k2v2_s16_r128,final,v1,top1_disagreement,0.0,232e3b08d10919ca24932ad0a0135e46119ecfd5,0.0,aime24:p12:s1:seed12043,ca87cac4db8eb8d9ae8695bf4f4fad1775a3bf9b28fe340c3d7c22f6212eb615
0.8583984375,matched_path_accumulation_v1,2048,kivi_rolling_k2v2_s16_r128,final,v1,logit_max_abs_diff,0.8740234375,232e3b08d10919ca24932ad0a0135e46119ecfd5,0.015625,aime24:p12:s1:seed12043,ca87cac4db8eb8d9ae8695bf4f4fad1775a3bf9b28fe340c3d7c22f6212eb615
0.023448944091796875,matched_path_accumulation_v1,4096,kivi_rolling_k2v2_s16_r128,final,v1,hidden_cosine_loss,0.023450732231140137,232e3b08d10919ca24932ad0a0135e46119ecfd5,1.7881393432617188e-06,aime24:p12:s1:seed12043,ca87cac4db8eb8d9ae8695bf4f4fad1775a3bf9b28fe340c3d7c22f6212eb615
0.21782240516040474,matched_path_accumulation_v1,4096,kivi_rolling_k2v2_s16_r128,final,v1,hidden_relative_L2,0.21962898969650269,232e3b08d10919ca24932ad0a0135e46119ecfd5,0.0018065845360979438,aime24:p12:s1:seed12043,ca87cac4db8eb8d9ae8695bf4f4fad1775a3bf9b28fe340c3d7c22f6212eb615
0.21782240516040474,matched_path_accumulation_v1,4096,kivi_rolling_k2v2_s16_r128,final,v1,attention_output_relative_L2,0.21962898969650269,232e3b08d10919ca24932ad0a0135e46119ecfd5,0.0018065845360979438,aime24:p12:s1:seed12043,ca87cac4db8eb8d9ae8695bf4f4fad1775a3bf9b28fe340c3d7c22f6212eb615
0.04600896683001565,matched_path_accumulation_v1,4096,kivi_rolling_k2v2_s16_r128,final,v1,next_token_KL,0.0460098534822464,232e3b08d10919ca24932ad0a0135e46119ecfd5,8.866522307471314e-07,aime24:p12:s1:seed12043,ca87cac4db8eb8d9ae8695bf4f4fad1775a3bf9b28fe340c3d7c22f6212eb615
0.012409822119167302,matched_path_accumulation_v1,4096,kivi_rolling_k2v2_s16_r128,final,v1,next_token_JS,0.012410076335072517,232e3b08d10919ca24932ad0a0135e46119ecfd5,2.542159052154602e-07,aime24:p12:s1:seed12043,ca87cac4db8eb8d9ae8695bf4f4fad1775a3bf9b28fe340c3d7c22f6212eb615
0.22135889530181885,matched_path_accumulation_v1,4096,kivi_rolling_k2v2_s16_r128,final,v1,target_token_NLL_delta,0.2214086651802063,232e3b08d10919ca24932ad0a0135e46119ecfd5,4.976987838745117e-05,aime24:p12:s1:seed12043,ca87cac4db8eb8d9ae8695bf4f4fad1775a3bf9b28fe340c3d7c22f6212eb615
0.0,matched_path_accumulation_v1,4096,kivi_rolling_k2v2_s16_r128,final,v1,top1_disagreement,0.0,232e3b08d10919ca24932ad0a0135e46119ecfd5,0.0,aime24:p12:s1:seed12043,ca87cac4db8eb8d9ae8695bf4f4fad1775a3bf9b28fe340c3d7c22f6212eb615
2.18701171875,matched_path_accumulation_v1,4096,kivi_rolling_k2v2_s16_r128,final,v1,logit_max_abs_diff,2.20556640625,232e3b08d10919ca24932ad0a0135e46119ecfd5,0.0185546875,aime24:p12:s1:seed12043,ca87cac4db8eb8d9ae8695bf4f4fad1775a3bf9b28fe340c3d7c22f6212eb615
-5.960464477539063e-08,matched_path_accumulation_v1,128,kivi_rolling_k2v2_s16_r128,final,v1,hidden_cosine_loss,2.205371856689453e-06,232e3b08d10919ca24932ad0a0135e46119ecfd5,2.2649765014648438e-06,aime24:p6:s0:seed6042,3aaa4d1b0009ba297434f6ce9cc3b021533afdacc47013de66093911d7d70ffe
-5.3735217079520226e-05,matched_path_accumulation_v1,128,kivi_rolling_k2v2_s16_r128,final,v1,hidden_relative_L2,0.0020179986022412777,232e3b08d10919ca24932ad0a0135e46119ecfd5,0.002071733819320798,aime24:p6:s0:seed6042,3aaa4d1b0009ba297434f6ce9cc3b021533afdacc47013de66093911d7d70ffe
-5.3735217079520226e-05,matched_path_accumulation_v1,128,kivi_rolling_k2v2_s16_r128,final,v1,attention_output_relative_L2,0.0020179986022412777,232e3b08d10919ca24932ad0a0135e46119ecfd5,0.002071733819320798,aime24:p6:s0:seed6042,3aaa4d1b0009ba297434f6ce9cc3b021533afdacc47013de66093911d7d70ffe
-2.944085522926798e-05,matched_path_accumulation_v1,128,kivi_rolling_k2v2_s16_r128,final,v1,next_token_KL,4.446204400210263e-07,232e3b08d10919ca24932ad0a0135e46119ecfd5,2.9885475669289008e-05,aime24:p6:s0:seed6042,3aaa4d1b0009ba297434f6ce9cc3b021533afdacc47013de66093911d7d70ffe
-7.459044610413912e-06,matched_path_accumulation_v1,128,kivi_rolling_k2v2_s16_r128,final,v1,next_token_JS,1.0041705422736413e-07,232e3b08d10919ca24932ad0a0135e46119ecfd5,7.559461664641276e-06,aime24:p6:s0:seed6042,3aaa4d1b0009ba297434f6ce9cc3b021533afdacc47013de66093911d7d70ffe
-0.00684046745300293,matched_path_accumulation_v1,128,kivi_rolling_k2v2_s16_r128,final,v1,target_token_NLL_delta,-5.2988529205322266e-05,232e3b08d10919ca24932ad0a0135e46119ecfd5,0.006787478923797607,aime24:p6:s0:seed6042,3aaa4d1b0009ba297434f6ce9cc3b021533afdacc47013de66093911d7d70ffe
0.0,matched_path_accumulation_v1,128,kivi_rolling_k2v2_s16_r128,final,v1,top1_disagreement,0.0,232e3b08d10919ca24932ad0a0135e46119ecfd5,0.0,aime24:p6:s0:seed6042,3aaa4d1b0009ba297434f6ce9cc3b021533afdacc47013de66093911d7d70ffe
0.0029296875,matched_path_accumulation_v1,128,kivi_rolling_k2v2_s16_r128,final,v1,logit_max_abs_diff,0.0234375,232e3b08d10919ca24932ad0a0135e46119ecfd5,0.0205078125,aime24:p6:s0:seed6042,3aaa4d1b0009ba297434f6ce9cc3b021533afdacc47013de66093911d7d70ffe
0.02813589572906494,matched_path_accumulation_v1,512,kivi_rolling_k2v2_s16_r128,final,v1,hidden_cosine_loss,0.02813965082168579,232e3b08d10919ca24932ad0a0135e46119ecfd5,3.7550926208496094e-06,aime24:p6:s0:seed6042,3aaa4d1b0009ba297434f6ce9cc3b021533afdacc47013de66093911d7d70ffe
0.23989685834385455,matched_path_accumulation_v1,512,kivi_rolling_k2v2_s16_r128,final,v1,hidden_relative_L2,0.24249321222305298,232e3b08d10919ca24932ad0a0135e46119ecfd5,0.002596353879198432,aime24:p6:s0:seed6042,3aaa4d1b0009ba297434f6ce9cc3b021533afdacc47013de66093911d7d70ffe
0.23989685834385455,matched_path_accumulation_v1,512,kivi_rolling_k2v2_s16_r128,final,v1,attention_output_relative_L2,0.24249321222305298,232e3b08d10919ca24932ad0a0135e46119ecfd5,0.002596353879198432,aime24:p6:s0:seed6042,3aaa4d1b0009ba297434f6ce9cc3b021533afdacc47013de66093911d7d70ffe
3.3903532100865164e-05,matched_path_accumulation_v1,512,kivi_rolling_k2v2_s16_r128,final,v1,next_token_KL,3.392741928109899e-05,232e3b08d10919ca24932ad0a0135e46119ecfd5,2.3887180233828076e-08,aime24:p6:s0:seed6042,3aaa4d1b0009ba297434f6ce9cc3b021533afdacc47013de66093911d7d70ffe
9.282456630899105e-06,matched_path_accumulation_v1,512,kivi_rolling_k2v2_s16_r128,final,v1,next_token_JS,9.282456630899105e-06,232e3b08d10919ca24932ad0a0135e46119ecfd5,0.0,aime24:p6:s0:seed6042,3aaa4d1b0009ba297434f6ce9cc3b021533afdacc47013de66093911d7d70ffe
0.00013884167128708214,matched_path_accumulation_v1,512,kivi_rolling_k2v2_s16_r128,final,v1,target_token_NLL_delta,0.00013884167128708214,232e3b08d10919ca24932ad0a0135e46119ecfd5,0.0,aime24:p6:s0:seed6042,3aaa4d1b0009ba297434f6ce9cc3b021533afdacc47013de66093911d7d70ffe
0.0,matched_path_accumulation_v1,512,kivi_rolling_k2v2_s16_r128,final,v1,top1_disagreement,0.0,232e3b08d10919ca24932ad0a0135e46119ecfd5,0.0,aime24:p6:s0:seed6042,3aaa4d1b0009ba297434f6ce9cc3b021533afdacc47013de66093911d7d70ffe
1.93408203125,matched_path_accumulation_v1,512,kivi_rolling_k2v2_s16_r128,final,v1,logit_max_abs_diff,1.95361328125,232e3b08d10919ca24932ad0a0135e46119ecfd5,0.01953125,aime24:p6:s0:seed6042,3aaa4d1b0009ba297434f6ce9cc3b021533afdacc47013de66093911d7d70ffe
0.0018326044082641602,matched_path_accumulation_v1,1024,kivi_rolling_k2v2_s16_r128,final,v1,hidden_cosine_loss,0.0018347501754760742,232e3b08d10919ca24932ad0a0135e46119ecfd5,2.1457672119140625e-06,aime24:p6:s0:seed6042,3aaa4d1b0009ba297434f6ce9cc3b021533afdacc47013de66093911d7d70ffe
0.058952637715265155,matched_path_accumulation_v1,1024,kivi_rolling_k2v2_s16_r128,final,v1,hidden_relative_L2,0.06084446236491203,232e3b08d10919ca24932ad0a0135e46119ecfd5,0.0018918246496468782,aime24:p6:s0:seed6042,3aaa4d1b0009ba297434f6ce9cc3b021533afdacc47013de66093911d7d70ffe
0.058952637715265155,matched_path_accumulation_v1,1024,kivi_rolling_k2v2_s16_r128,final,v1,attention_output_relative_L2,0.06084446236491203,232e3b08d10919ca24932ad0a0135e46119ecfd5,0.0018918246496468782,aime24:p6:s0:seed6042,3aaa4d1b0009ba297434f6ce9cc3b021533afdacc47013de66093911d7d70ffe
0.002819245354928057,matched_path_accumulation_v1,1024,kivi_rolling_k2v2_s16_r128,final,v1,next_token_KL,0.002819275949150324,232e3b08d10919ca24932ad0a0135e46119ecfd5,3.0594222266699944e-08,aime24:p6:s0:seed6042,3aaa4d1b0009ba297434f6ce9cc3b021533afdacc47013de66093911d7d70ffe
0.0007397415390766326,matched_path_accumulation_v1,1024,kivi_rolling_k2v2_s16_r128,final,v1,next_token_JS,0.0007397488225251436,232e3b08d10919ca24932ad0a0135e46119ecfd5,7.283448510975177e-09,aime24:p6:s0:seed6042,3aaa4d1b0009ba297434f6ce9cc3b021533afdacc47013de66093911d7d70ffe
0.018300756812095642,matched_path_accumulation_v1,1024,kivi_rolling_k2v2_s16_r128,final,v1,target_token_NLL_delta,0.018297001719474792,232e3b08d10919ca24932ad0a0135e46119ecfd5,-3.7550926208496094e-06,aime24:p6:s0:seed6042,3aaa4d1b0009ba297434f6ce9cc3b021533afdacc47013de66093911d7d70ffe
0.0,matched_path_accumulation_v1,1024,kivi_rolling_k2v2_s16_r128,final,v1,top1_disagreement,0.0,232e3b08d10919ca24932ad0a0135e46119ecfd5,0.0,aime24:p6:s0:seed6042,3aaa4d1b0009ba297434f6ce9cc3b021533afdacc47013de66093911d7d70ffe
0.71875,matched_path_accumulation_v1,1024,kivi_rolling_k2v2_s16_r128,final,v1,logit_max_abs_diff,0.73828125,232e3b08d10919ca24932ad0a0135e46119ecfd5,0.01953125,aime24:p6:s0:seed6042,3aaa4d1b0009ba297434f6ce9cc3b021533afdacc47013de66093911d7d70ffe
0.010241568088531494,matched_path_accumulation_v1,2048,kivi_rolling_k2v2_s16_r128,final,v1,hidden_cosine_loss,0.01024395227432251,232e3b08d10919ca24932ad0a0135e46119ecfd5,2.384185791015625e-06,aime24:p6:s0:seed6042,3aaa4d1b0009ba297434f6ce9cc3b021533afdacc47013de66093911d7d70ffe
0.14099649735726416,matched_path_accumulation_v1,2048,kivi_rolling_k2v2_s16_r128,final,v1,hidden_relative_L2,0.14304374158382416,232e3b08d10919ca24932ad0a0135e46119ecfd5,0.0020472442265599966,aime24:p6:s0:seed6042,3aaa4d1b0009ba297434f6ce9cc3b021533afdacc47013de66093911d7d70ffe
0.14099649735726416,matched_path_accumulation_v1,2048,kivi_rolling_k2v2_s16_r128,final,v1,attention_output_relative_L2,0.14304374158382416,232e3b08d10919ca24932ad0a0135e46119ecfd5,0.0020472442265599966,aime24:p6:s0:seed6042,3aaa4d1b0009ba297434f6ce9cc3b021533afdacc47013de66093911d7d70ffe
4.605848511118893e-05,matched_path_accumulation_v1,2048,kivi_rolling_k2v2_s16_r128,final,v1,next_token_KL,4.624701978173107e-05,232e3b08d10919ca24932ad0a0135e46119ecfd5,1.885346705421398e-07,aime24:p6:s0:seed6042,3aaa4d1b0009ba297434f6ce9cc3b021533afdacc47013de66093911d7d70ffe
1.2013144257139174e-05,matched_path_accumulation_v1,2048,kivi_rolling_k2v2_s16_r128,final,v1,next_token_JS,1.2081152817700058e-05,232e3b08d10919ca24932ad0a0135e46119ecfd5,6.800856056088378e-08,aime24:p6:s0:seed6042,3aaa4d1b0009ba297434f6ce9cc3b021533afdacc47013de66093911d7d70ffe
0.0003947092918679118,matched_path_accumulation_v1,2048,kivi_rolling_k2v2_s16_r128,final,v1,target_token_NLL_delta,0.0003747082082554698,232e3b08d10919ca24932ad0a0135e46119ecfd5,-2.0001083612442017e-05,aime24:p6:s0:seed6042,3aaa4d1b0009ba297434f6ce9cc3b021533afdacc47013de66093911d7d70ffe
0.0,matched_path_accumulation_v1,2048,kivi_rolling_k2v2_s16_r128,final,v1,top1_disagreement,0.0,232e3b08d10919ca24932ad0a0135e46119ecfd5,0.0,aime24:p6:s0:seed6042,3aaa4d1b0009ba297434f6ce9cc3b021533afdacc47013de66093911d7d70ffe
1.21875,matched_path_accumulation_v1,2048,kivi_rolling_k2v2_s16_r128,final,v1,logit_max_abs_diff,1.234375,232e3b08d10919ca24932ad0a0135e46119ecfd5,0.015625,aime24:p6:s0:seed6042,3aaa4d1b0009ba297434f6ce9cc3b021533afdacc47013de66093911d7d70ffe
0.03641307353973389,matched_path_accumulation_v1,4096,kivi_rolling_k2v2_s16_r128,final,v1,hidden_cosine_loss,0.03641688823699951,232e3b08d10919ca24932ad0a0135e46119ecfd5,3.814697265625e-06,aime24:p6:s0:seed6042,3aaa4d1b0009ba297434f6ce9cc3b021533afdacc47013de66093911d7d70ffe
0.27617876254953444,matched_path_accumulation_v1,4096,kivi_rolling_k2v2_s16_r128,final,v1,hidden_relative_L2,0.27882370352745056,232e3b08d10919ca24932ad0a0135e46119ecfd5,0.0026449409779161215,aime24:p6:s0:seed6042,3aaa4d1b0009ba297434f6ce9cc3b021533afdacc47013de66093911d7d70ffe
0.27617876254953444,matched_path_accumulation_v1,4096,kivi_rolling_k2v2_s16_r128,final,v1,attention_output_relative_L2,0.27882370352745056,232e3b08d10919ca24932ad0a0135e46119ecfd5,0.0026449409779161215,aime24:p6:s0:seed6042,3aaa4d1b0009ba297434f6ce9cc3b021533afdacc47013de66093911d7d70ffe
7.072416337905452e-06,matched_path_accumulation_v1,4096,kivi_rolling_k2v2_s16_r128,final,v1,next_token_KL,7.072416337905452e-06,232e3b08d10919ca24932ad0a0135e46119ecfd5,0.0,aime24:p6:s0:seed6042,3aaa4d1b0009ba297434f6ce9cc3b021533afdacc47013de66093911d7d70ffe
1.5025405470936448e-06,matched_path_accumulation_v1,4096,kivi_rolling_k2v2_s16_r128,final,v1,next_token_JS,1.506916760263266e-06,232e3b08d10919ca24932ad0a0135e46119ecfd5,4.376213169621224e-09,aime24:p6:s0:seed6042,3aaa4d1b0009ba297434f6ce9cc3b021533afdacc47013de66093911d7d70ffe
1.9787417841143906e-05,matched_path_accumulation_v1,4096,kivi_rolling_k2v2_s16_r128,final,v1,target_token_NLL_delta,1.9310609786771238e-05,232e3b08d10919ca24932ad0a0135e46119ecfd5,-4.7680805437266827e-07,aime24:p6:s0:seed6042,3aaa4d1b0009ba297434f6ce9cc3b021533afdacc47013de66093911d7d70ffe
0.0,matched_path_accumulation_v1,4096,kivi_rolling_k2v2_s16_r128,final,v1,top1_disagreement,0.0,232e3b08d10919ca24932ad0a0135e46119ecfd5,0.0,aime24:p6:s0:seed6042,3aaa4d1b0009ba297434f6ce9cc3b021533afdacc47013de66093911d7d70ffe
3.8203125,matched_path_accumulation_v1,4096,kivi_rolling_k2v2_s16_r128,final,v1,logit_max_abs_diff,3.8515625,232e3b08d10919ca24932ad0a0135e46119ecfd5,0.03125,aime24:p6:s0:seed6042,3aaa4d1b0009ba297434f6ce9cc3b021533afdacc47013de66093911d7d70ffe
5.960464477539063e-08,matched_path_accumulation_v1,128,kivi_rolling_k2v2_s16_r128,final,v1,hidden_cosine_loss,1.6689300537109375e-06,232e3b08d10919ca24932ad0a0135e46119ecfd5,1.6093254089355469e-06,aime24:p6:s1:seed6043,bdc5380c721a7d62393b67524bb3065580c4b13dffda573ae8f1238fbd86cb01
9.281514212489128e-05,matched_path_accumulation_v1,128,kivi_rolling_k2v2_s16_r128,final,v1,hidden_relative_L2,0.0016542422818019986,232e3b08d10919ca24932ad0a0135e46119ecfd5,0.0015614271396771073,aime24:p6:s1:seed6043,bdc5380c721a7d62393b67524bb3065580c4b13dffda573ae8f1238fbd86cb01
9.281514212489128e-05,matched_path_accumulation_v1,128,kivi_rolling_k2v2_s16_r128,final,v1,attention_output_relative_L2,0.0016542422818019986,232e3b08d10919ca24932ad0a0135e46119ecfd5,0.0015614271396771073,aime24:p6:s1:seed6043,bdc5380c721a7d62393b67524bb3065580c4b13dffda573ae8f1238fbd86cb01
-1.4505003491649404e-05,matched_path_accumulation_v1,128,kivi_rolling_k2v2_s16_r128,final,v1,next_token_KL,6.9763773353770375e-06,232e3b08d10919ca24932ad0a0135e46119ecfd5,2.148138082702644e-05,aime24:p6:s1:seed6043,bdc5380c721a7d62393b67524bb3065580c4b13dffda573ae8f1238fbd86cb01
-3.641175226221094e-06,matched_path_accumulation_v1,128,kivi_rolling_k2v2_s16_r128,final,v1,next_token_JS,1.7676907191344071e-06,232e3b08d10919ca24932ad0a0135e46119ecfd5,5.408865945355501e-06,aime24:p6:s1:seed6043,bdc5380c721a7d62393b67524bb3065580c4b13dffda573ae8f1238fbd86cb01
0.0031102895736694336,matched_path_accumulation_v1,128,kivi_rolling_k2v2_s16_r128,final,v1,target_token_NLL_delta,-0.0005199313163757324,232e3b08d10919ca24932ad0a0135e46119ecfd5,-0.003630220890045166,aime24:p6:s1:seed6043,bdc5380c721a7d62393b67524bb3065580c4b13dffda573ae8f1238fbd86cb01
0.0,matched_path_accumulation_v1,128,kivi_rolling_k2v2_s16_r128,final,v1,top1_disagreement,0.0,232e3b08d10919ca24932ad0a0135e46119ecfd5,0.0,aime24:p6:s1:seed6043,bdc5380c721a7d62393b67524bb3065580c4b13dffda573ae8f1238fbd86cb01
0.001953125,matched_path_accumulation_v1,128,kivi_rolling_k2v2_s16_r128,final,v1,logit_max_abs_diff,0.017578125,232e3b08d10919ca24932ad0a0135e46119ecfd5,0.015625,aime24:p6:s1:seed6043,bdc5380c721a7d62393b67524bb3065580c4b13dffda573ae8f1238fbd86cb01
0.0037530064582824707,matched_path_accumulation_v1,512,kivi_rolling_k2v2_s16_r128,final,v1,hidden_cosine_loss,0.0037546753883361816,232e3b08d10919ca24932ad0a0135e46119ecfd5,1.6689300537109375e-06,aime24:p6:s1:seed6043,bdc5380c721a7d62393b67524bb3065580c4b13dffda573ae8f1238fbd86cb01
0.08557513763662428,matched_path_accumulation_v1,512,kivi_rolling_k2v2_s16_r128,final,v1,hidden_relative_L2,0.08730634301900864,232e3b08d10919ca24932ad0a0135e46119ecfd5,0.0017312053823843598,aime24:p6:s1:seed6043,bdc5380c721a7d62393b67524bb3065580c4b13dffda573ae8f1238fbd86cb01
0.08557513763662428,matched_path_accumulation_v1,512,kivi_rolling_k2v2_s16_r128,final,v1,attention_output_relative_L2,0.08730634301900864,232e3b08d10919ca24932ad0a0135e46119ecfd5,0.0017312053823843598,aime24:p6:s1:seed6043,bdc5380c721a7d62393b67524bb3065580c4b13dffda573ae8f1238fbd86cb01
0.007572227514174301,matched_path_accumulation_v1,512,kivi_rolling_k2v2_s16_r128,final,v1,next_token_KL,0.007600233890116215,232e3b08d10919ca24932ad0a0135e46119ecfd5,2.8006375941913575e-05,aime24:p6:s1:seed6043,bdc5380c721a7d62393b67524bb3065580c4b13dffda573ae8f1238fbd86cb01
0.0019323125770824845,matched_path_accumulation_v1,512,kivi_rolling_k2v2_s16_r128,final,v1,next_token_JS,0.0019392233807593584,232e3b08d10919ca24932ad0a0135e46119ecfd5,6.910803676873911e-06,aime24:p6:s1:seed6043,bdc5380c721a7d62393b67524bb3065580c4b13dffda573ae8f1238fbd86cb01
0.056156694889068604,matched_path_accumulation_v1,512,kivi_rolling_k2v2_s16_r128,final,v1,target_token_NLL_delta,0.06158638000488281,232e3b08d10919ca24932ad0a0135e46119ecfd5,0.005429685115814209,aime24:p6:s1:seed6043,bdc5380c721a7d62393b67524bb3065580c4b13dffda573ae8f1238fbd86cb01
0.0,matched_path_accumulation_v1,512,kivi_rolling_k2v2_s16_r128,final,v1,top1_disagreement,0.0,232e3b08d10919ca24932ad0a0135e46119ecfd5,0.0,aime24:p6:s1:seed6043,bdc5380c721a7d62393b67524bb3065580c4b13dffda573ae8f1238fbd86cb01
1.0859375,matched_path_accumulation_v1,512,kivi_rolling_k2v2_s16_r128,final,v1,logit_max_abs_diff,1.1015625,232e3b08d10919ca24932ad0a0135e46119ecfd5,0.015625,aime24:p6:s1:seed6043,bdc5380c721a7d62393b67524bb3065580c4b13dffda573ae8f1238fbd86cb01
0.0019470453262329102,matched_path_accumulation_v1,1024,kivi_rolling_k2v2_s16_r128,final,v1,hidden_cosine_loss,0.0019488930702209473,232e3b08d10919ca24932ad0a0135e46119ecfd5,1.8477439880371094e-06,aime24:p6:s1:seed6043,bdc5380c721a7d62393b67524bb3065580c4b13dffda573ae8f1238fbd86cb01
0.060947490856051445,matched_path_accumulation_v1,1024,kivi_rolling_k2v2_s16_r128,final,v1,hidden_relative_L2,0.06267575174570084,232e3b08d10919ca24932ad0a0135e46119ecfd5,0.0017282608896493912,aime24:p6:s1:seed6043,bdc5380c721a7d62393b67524bb3065580c4b13dffda573ae8f1238fbd86cb01
0.060947490856051445,matched_path_accumulation_v1,1024,kivi_rolling_k2v2_s16_r128,final,v1,attention_output_relative_L2,0.06267575174570084,232e3b08d10919ca24932ad0a0135e46119ecfd5,0.0017282608896493912,aime24:p6:s1:seed6043,bdc5380c721a7d62393b67524bb3065580c4b13dffda573ae8f1238fbd86cb01
0.015216932472867484,matched_path_accumulation_v1,1024,kivi_rolling_k2v2_s16_r128,final,v1,next_token_KL,0.01522810012102127,232e3b08d10919ca24932ad0a0135e46119ecfd5,1.1167648153787013e-05,aime24:p6:s1:seed6043,bdc5380c721a7d62393b67524bb3065580c4b13dffda573ae8f1238fbd86cb01
0.0038817015793028986,matched_path_accumulation_v1,1024,kivi_rolling_k2v2_s16_r128,final,v1,next_token_JS,0.003884565085172653,232e3b08d10919ca24932ad0a0135e46119ecfd5,2.86350586975459e-06,aime24:p6:s1:seed6043,bdc5380c721a7d62393b67524bb3065580c4b13dffda573ae8f1238fbd86cb01
-0.27948617935180664,matched_path_accumulation_v1,1024,kivi_rolling_k2v2_s16_r128,final,v1,target_token_NLL_delta,-0.2778775691986084,232e3b08d10919ca24932ad0a0135e46119ecfd5,0.0016086101531982422,aime24:p6:s1:seed6043,bdc5380c721a7d62393b67524bb3065580c4b13dffda573ae8f1238fbd86cb01
0.0,matched_path_accumulation_v1,1024,kivi_rolling_k2v2_s16_r128,final,v1,top1_disagreement,0.0,232e3b08d10919ca24932ad0a0135e46119ecfd5,0.0,aime24:p6:s1:seed6043,bdc5380c721a7d62393b67524bb3065580c4b13dffda573ae8f1238fbd86cb01
0.578125,matched_path_accumulation_v1,1024,kivi_rolling_k2v2_s16_r128,final,v1,logit_max_abs_diff,0.59375,232e3b08d10919ca24932ad0a0135e46119ecfd5,0.015625,aime24:p6:s1:seed6043,bdc5380c721a7d62393b67524bb3065580c4b13dffda573ae8f1238fbd86cb01
0.019122540950775146,matched_path_accumulation_v1,2048,kivi_rolling_k2v2_s16_r128,final,v1,hidden_cosine_loss,0.01912844181060791,232e3b08d10919ca24932ad0a0135e46119ecfd5,5.900859832763672e-06,aime24:p6:s1:seed6043,bdc5380c721a7d62393b67524bb3065580c4b13dffda573ae8f1238fbd86cb01
0.19688663841225207,matched_path_accumulation_v1,2048,kivi_rolling_k2v2_s16_r128,final,v1,hidden_relative_L2,0.20039384067058563,232e3b08d10919ca24932ad0a0135e46119ecfd5,0.003507202258333564,aime24:p6:s1:seed6043,bdc5380c721a7d62393b67524bb3065580c4b13dffda573ae8f1238fbd86cb01
0.19688663841225207,matched_path_accumulation_v1,2048,kivi_rolling_k2v2_s16_r128,final,v1,attention_output_relative_L2,0.20039384067058563,232e3b08d10919ca24932ad0a0135e46119ecfd5,0.003507202258333564,aime24:p6:s1:seed6043,bdc5380c721a7d62393b67524bb3065580c4b13dffda573ae8f1238fbd86cb01
5.338435116186702e-07,matched_path_accumulation_v1,2048,kivi_rolling_k2v2_s16_r128,final,v1,next_token_KL,6.109221430961043e-07,232e3b08d10919ca24932ad0a0135e46119ecfd5,7.70786314774341e-08,aime24:p6:s1:seed6043,bdc5380c721a7d62393b67524bb3065580c4b13dffda573ae8f1238fbd86cb01
1.8727581085897782e-07,matched_path_accumulation_v1,2048,kivi_rolling_k2v2_s16_r128,final,v1,next_token_JS,1.8747766716842307e-07,232e3b08d10919ca24932ad0a0135e46119ecfd5,2.0185630944524746e-10,aime24:p6:s1:seed6043,bdc5380c721a7d62393b67524bb3065580c4b13dffda573ae8f1238fbd86cb01
1.9073386283707805e-06,matched_path_accumulation_v1,2048,kivi_rolling_k2v2_s16_r128,final,v1,target_token_NLL_delta,1.9073386283707805e-06,232e3b08d10919ca24932ad0a0135e46119ecfd5,0.0,aime24:p6:s1:seed6043,bdc5380c721a7d62393b67524bb3065580c4b13dffda573ae8f1238fbd86cb01
0.0,matched_path_accumulation_v1,2048,kivi_rolling_k2v2_s16_r128,final,v1,top1_disagreement,0.0,232e3b08d10919ca24932ad0a0135e46119ecfd5,0.0,aime24:p6:s1:seed6043,bdc5380c721a7d62393b67524bb3065580c4b13dffda573ae8f1238fbd86cb01
2.40625,matched_path_accumulation_v1,2048,kivi_rolling_k2v2_s16_r128,final,v1,logit_max_abs_diff,2.453125,232e3b08d10919ca24932ad0a0135e46119ecfd5,0.046875,aime24:p6:s1:seed6043,bdc5380c721a7d62393b67524bb3065580c4b13dffda573ae8f1238fbd86cb01
0.043773531913757324,matched_path_accumulation_v1,4096,kivi_rolling_k2v2_s16_r128,final,v1,hidden_cosine_loss,0.043776094913482666,232e3b08d10919ca24932ad0a0135e46119ecfd5,2.562999725341797e-06,aime24:p6:s1:seed6043,bdc5380c721a7d62393b67524bb3065580c4b13dffda573ae8f1238fbd86cb01
0.2922661395277828,matched_path_accumulation_v1,4096,kivi_rolling_k2v2_s16_r128,final,v1,hidden_relative_L2,0.2943442463874817,232e3b08d10919ca24932ad0a0135e46119ecfd5,0.0020781068596988916,aime24:p6:s1:seed6043,bdc5380c721a7d62393b67524bb3065580c4b13dffda573ae8f1238fbd86cb01
0.2922661395277828,matched_path_accumulation_v1,4096,kivi_rolling_k2v2_s16_r128,final,v1,attention_output_relative_L2,0.2943442463874817,232e3b08d10919ca24932ad0a0135e46119ecfd5,0.0020781068596988916,aime24:p6:s1:seed6043,bdc5380c721a7d62393b67524bb3065580c4b13dffda573ae8f1238fbd86cb01
0.004688506998789421,matched_path_accumulation_v1,4096,kivi_rolling_k2v2_s16_r128,final,v1,next_token_KL,0.004688532557338476,232e3b08d10919ca24932ad0a0135e46119ecfd5,2.5558549054949253e-08,aime24:p6:s1:seed6043,bdc5380c721a7d62393b67524bb3065580c4b13dffda573ae8f1238fbd86cb01
0.0013933961837939712,matched_path_accumulation_v1,4096,kivi_rolling_k2v2_s16_r128,final,v1,next_token_JS,0.0013933980371803045,232e3b08d10919ca24932ad0a0135e46119ecfd5,1.853386333294793e-09,aime24:p6:s1:seed6043,bdc5380c721a7d62393b67524bb3065580c4b13dffda573ae8f1238fbd86cb01
0.009093195665627718,matched_path_accumulation_v1,4096,kivi_rolling_k2v2_s16_r128,final,v1,target_token_NLL_delta,0.009093551896512508,232e3b08d10919ca24932ad0a0135e46119ecfd5,3.5623088479042053e-07,aime24:p6:s1:seed6043,bdc5380c721a7d62393b67524bb3065580c4b13dffda573ae8f1238fbd86cb01
0.0,matched_path_accumulation_v1,4096,kivi_rolling_k2v2_s16_r128,final,v1,top1_disagreement,0.0,232e3b08d10919ca24932ad0a0135e46119ecfd5,0.0,aime24:p6:s1:seed6043,bdc5380c721a7d62393b67524bb3065580c4b13dffda573ae8f1238fbd86cb01
4.64453125,matched_path_accumulation_v1,4096,kivi_rolling_k2v2_s16_r128,final,v1,logit_max_abs_diff,4.6640625,232e3b08d10919ca24932ad0a0135e46119ecfd5,0.01953125,aime24:p6:s1:seed6043,bdc5380c721a7d62393b67524bb3065580c4b13dffda573ae8f1238fbd86cb01
0.011757075786590576,matched_path_accumulation_v1,128,kivi_rolling_k2v2_s16_r128,final,v1,hidden_cosine_loss,0.01175987720489502,232e3b08d10919ca24932ad0a0135e46119ecfd5,2.8014183044433594e-06,aime24:p0:s0:seed42,7a50b9d97068ffc8a93d794fcdf6bac89e37ed85dd38b6abbdbbe8fb4c9a8f8a
0.1510657938197255,matched_path_accumulation_v1,128,kivi_rolling_k2v2_s16_r128,final,v1,hidden_relative_L2,0.15326954424381256,232e3b08d10919ca24932ad0a0135e46119ecfd5,0.0022037504240870476,aime24:p0:s0:seed42,7a50b9d97068ffc8a93d794fcdf6bac89e37ed85dd38b6abbdbbe8fb4c9a8f8a
0.1510657938197255,matched_path_accumulation_v1,128,kivi_rolling_k2v2_s16_r128,final,v1,attention_output_relative_L2,0.15326954424381256,232e3b08d10919ca24932ad0a0135e46119ecfd5,0.0022037504240870476,aime24:p0:s0:seed42,7a50b9d97068ffc8a93d794fcdf6bac89e37ed85dd38b6abbdbbe8fb4c9a8f8a
0.1422623105488583,matched_path_accumulation_v1,128,kivi_rolling_k2v2_s16_r128,final,v1,next_token_KL,0.14226345717906952,232e3b08d10919ca24932ad0a0135e46119ecfd5,1.1466302112239646e-06,aime24:p0:s0:seed42,7a50b9d97068ffc8a93d794fcdf6bac89e37ed85dd38b6abbdbbe8fb4c9a8f8a
0.034780905347076896,matched_path_accumulation_v1,128,kivi_rolling_k2v2_s16_r128,final,v1,next_token_JS,0.03478122130036354,232e3b08d10919ca24932ad0a0135e46119ecfd5,3.1595328664479894e-07,aime24:p0:s0:seed42,7a50b9d97068ffc8a93d794fcdf6bac89e37ed85dd38b6abbdbbe8fb4c9a8f8a
0.899545431137085,matched_path_accumulation_v1,128,kivi_rolling_k2v2_s16_r128,final,v1,target_token_NLL_delta,0.8994216918945312,232e3b08d10919ca24932ad0a0135e46119ecfd5,-0.00012373924255371094,aime24:p0:s0:seed42,7a50b9d97068ffc8a93d794fcdf6bac89e37ed85dd38b6abbdbbe8fb4c9a8f8a
0.0,matched_path_accumulation_v1,128,kivi_rolling_k2v2_s16_r128,final,v1,top1_disagreement,0.0,232e3b08d10919ca24932ad0a0135e46119ecfd5,0.0,aime24:p0:s0:seed42,7a50b9d97068ffc8a93d794fcdf6bac89e37ed85dd38b6abbdbbe8fb4c9a8f8a
2.1953125,matched_path_accumulation_v1,128,kivi_rolling_k2v2_s16_r128,final,v1,logit_max_abs_diff,2.21875,232e3b08d10919ca24932ad0a0135e46119ecfd5,0.0234375,aime24:p0:s0:seed42,7a50b9d97068ffc8a93d794fcdf6bac89e37ed85dd38b6abbdbbe8fb4c9a8f8a
0.0024297237396240234,matched_path_accumulation_v1,512,kivi_rolling_k2v2_s16_r128,final,v1,hidden_cosine_loss,0.002431631088256836,232e3b08d10919ca24932ad0a0135e46119ecfd5,1.9073486328125e-06,aime24:p0:s0:seed42,7a50b9d97068ffc8a93d794fcdf6bac89e37ed85dd38b6abbdbbe8fb4c9a8f8a
0.06829101114999503,matched_path_accumulation_v1,512,kivi_rolling_k2v2_s16_r128,final,v1,hidden_relative_L2,0.07018020004034042,232e3b08d10919ca24932ad0a0135e46119ecfd5,0.0018891888903453946,aime24:p0:s0:seed42,7a50b9d97068ffc8a93d794fcdf6bac89e37ed85dd38b6abbdbbe8fb4c9a8f8a
0.06829101114999503,matched_path_accumulation_v1,512,kivi_rolling_k2v2_s16_r128,final,v1,attention_output_relative_L2,0.07018020004034042,232e3b08d10919ca24932ad0a0135e46119ecfd5,0.0018891888903453946,aime24:p0:s0:seed42,7a50b9d97068ffc8a93d794fcdf6bac89e37ed85dd38b6abbdbbe8fb4c9a8f8a
2.5766589821785146e-06,matched_path_accumulation_v1,512,kivi_rolling_k2v2_s16_r128,final,v1,next_token_KL,2.585604079285986e-06,232e3b08d10919ca24932ad0a0135e46119ecfd5,8.945097107471156e-09,aime24:p0:s0:seed42,7a50b9d97068ffc8a93d794fcdf6bac89e37ed85dd38b6abbdbbe8fb4c9a8f8a
6.411224475755262e-07,matched_path_accumulation_v1,512,kivi_rolling_k2v2_s16_r128,final,v1,next_token_JS,6.709855142617016e-07,232e3b08d10919ca24932ad0a0135e46119ecfd5,2.9863066686175443e-08,aime24:p0:s0:seed42,7a50b9d97068ffc8a93d794fcdf6bac89e37ed85dd38b6abbdbbe8fb4c9a8f8a
1.9070153939537704e-05,matched_path_accumulation_v1,512,kivi_rolling_k2v2_s16_r128,final,v1,target_token_NLL_delta,2.0500432583503425e-05,232e3b08d10919ca24932ad0a0135e46119ecfd5,1.4302786439657211e-06,aime24:p0:s0:seed42,7a50b9d97068ffc8a93d794fcdf6bac89e37ed85dd38b6abbdbbe8fb4c9a8f8a
0.0,matched_path_accumulation_v1,512,kivi_rolling_k2v2_s16_r128,final,v1,top1_disagreement,0.0,232e3b08d10919ca24932ad0a0135e46119ecfd5,0.0,aime24:p0:s0:seed42,7a50b9d97068ffc8a93d794fcdf6bac89e37ed85dd38b6abbdbbe8fb4c9a8f8a
0.71435546875,matched_path_accumulation_v1,512,kivi_rolling_k2v2_s16_r128,final,v1,logit_max_abs_diff,0.73046875,232e3b08d10919ca24932ad0a0135e46119ecfd5,0.01611328125,aime24:p0:s0:seed42,7a50b9d97068ffc8a93d794fcdf6bac89e37ed85dd38b6abbdbbe8fb4c9a8f8a
0.019083678722381592,matched_path_accumulation_v1,1024,kivi_rolling_k2v2_s16_r128,final,v1,hidden_cosine_loss,0.019086599349975586,232e3b08d10919ca24932ad0a0135e46119ecfd5,2.9206275939941406e-06,aime24:p0:s0:seed42,7a50b9d97068ffc8a93d794fcdf6bac89e37ed85dd38b6abbdbbe8fb4c9a8f8a
0.1923019711393863,matched_path_accumulation_v1,1024,kivi_rolling_k2v2_s16_r128,final,v1,hidden_relative_L2,0.19462493062019348,232e3b08d10919ca24932ad0a0135e46119ecfd5,0.002322959480807185,aime24:p0:s0:seed42,7a50b9d97068ffc8a93d794fcdf6bac89e37ed85dd38b6abbdbbe8fb4c9a8f8a
0.1923019711393863,matched_path_accumulation_v1,1024,kivi_rolling_k2v2_s16_r128,final,v1,attention_output_relative_L2,0.19462493062019348,232e3b08d10919ca24932ad0a0135e46119ecfd5,0.002322959480807185,aime24:p0:s0:seed42,7a50b9d97068ffc8a93d794fcdf6bac89e37ed85dd38b6abbdbbe8fb4c9a8f8a
0.0017263698483844792,matched_path_accumulation_v1,1024,kivi_rolling_k2v2_s16_r128,final,v1,next_token_KL,0.0017265091883018613,232e3b08d10919ca24932ad0a0135e46119ecfd5,1.393399173821308e-07,aime24:p0:s0:seed42,7a50b9d97068ffc8a93d794fcdf6bac89e37ed85dd38b6abbdbbe8fb4c9a8f8a
0.0005146000540490192,matched_path_accumulation_v1,1024,kivi_rolling_k2v2_s16_r128,final,v1,next_token_JS,0.0005146007752045989,232e3b08d10919ca24932ad0a0135e46119ecfd5,7.21155579697097e-10,aime24:p0:s0:seed42,7a50b9d97068ffc8a93d794fcdf6bac89e37ed85dd38b6abbdbbe8fb4c9a8f8a
0.0032542418921366334,matched_path_accumulation_v1,1024,kivi_rolling_k2v2_s16_r128,final,v1,target_token_NLL_delta,0.0032374518923461437,232e3b08d10919ca24932ad0a0135e46119ecfd5,-1.6789999790489674e-05,aime24:p0:s0:seed42,7a50b9d97068ffc8a93d794fcdf6bac89e37ed85dd38b6abbdbbe8fb4c9a8f8a
0.0,matched_path_accumulation_v1,1024,kivi_rolling_k2v2_s16_r128,final,v1,top1_disagreement,0.0,232e3b08d10919ca24932ad0a0135e46119ecfd5,0.0,aime24:p0:s0:seed42,7a50b9d97068ffc8a93d794fcdf6bac89e37ed85dd38b6abbdbbe8fb4c9a8f8a
2.05078125,matched_path_accumulation_v1,1024,kivi_rolling_k2v2_s16_r128,final,v1,logit_max_abs_diff,2.0703125,232e3b08d10919ca24932ad0a0135e46119ecfd5,0.01953125,aime24:p0:s0:seed42,7a50b9d97068ffc8a93d794fcdf6bac89e37ed85dd38b6abbdbbe8fb4c9a8f8a
0.006651639938354492,matched_path_accumulation_v1,2048,kivi_rolling_k2v2_s16_r128,final,v1,hidden_cosine_loss,0.0066564083099365234,232e3b08d10919ca24932ad0a0135e46119ecfd5,4.76837158203125e-06,aime24:p0:s0:seed42,7a50b9d97068ffc8a93d794fcdf6bac89e37ed85dd38b6abbdbbe8fb4c9a8f8a
0.11248611262999475,matched_path_accumulation_v1,2048,kivi_rolling_k2v2_s16_r128,final,v1,hidden_relative_L2,0.11552619189023972,232e3b08d10919ca24932ad0a0135e46119ecfd5,0.0030400792602449656,aime24:p0:s0:seed42,7a50b9d97068ffc8a93d794fcdf6bac89e37ed85dd38b6abbdbbe8fb4c9a8f8a
0.11248611262999475,matched_path_accumulation_v1,2048,kivi_rolling_k2v2_s16_r128,final,v1,attention_output_relative_L2,0.11552619189023972,232e3b08d10919ca24932ad0a0135e46119ecfd5,0.0030400792602449656,aime24:p0:s0:seed42,7a50b9d97068ffc8a93d794fcdf6bac89e37ed85dd38b6abbdbbe8fb4c9a8f8a
3.4963542816512927e-07,matched_path_accumulation_v1,2048,kivi_rolling_k2v2_s16_r128,final,v1,next_token_KL,4.081245776887954e-07,232e3b08d10919ca24932ad0a0135e46119ecfd5,5.848914952366613e-08,aime24:p0:s0:seed42,7a50b9d97068ffc8a93d794fcdf6bac89e37ed85dd38b6abbdbbe8fb4c9a8f8a
1.3315677893643851e-07,matched_path_accumulation_v1,2048,kivi_rolling_k2v2_s16_r128,final,v1,next_token_JS,1.3364038409235945e-07,232e3b08d10919ca24932ad0a0135e46119ecfd5,4.836051559209409e-10,aime24:p0:s0:seed42,7a50b9d97068ffc8a93d794fcdf6bac89e37ed85dd38b6abbdbbe8fb4c9a8f8a
2.7417781893745996e-06,matched_path_accumulation_v1,2048,kivi_rolling_k2v2_s16_r128,final,v1,target_token_NLL_delta,2.622570718813222e-06,232e3b08d10919ca24932ad0a0135e46119ecfd5,-1.192074705613777e-07,aime24:p0:s0:seed42,7a50b9d97068ffc8a93d794fcdf6bac89e37ed85dd38b6abbdbbe8fb4c9a8f8a
0.0,matched_path_accumulation_v1,2048,kivi_rolling_k2v2_s16_r128,final,v1,top1_disagreement,0.0,232e3b08d10919ca24932ad0a0135e46119ecfd5,0.0,aime24:p0:s0:seed42,7a50b9d97068ffc8a93d794fcdf6bac89e37ed85dd38b6abbdbbe8fb4c9a8f8a
1.734375,matched_path_accumulation_v1,2048,kivi_rolling_k2v2_s16_r128,final,v1,logit_max_abs_diff,1.765625,232e3b08d10919ca24932ad0a0135e46119ecfd5,0.03125,aime24:p0:s0:seed42,7a50b9d97068ffc8a93d794fcdf6bac89e37ed85dd38b6abbdbbe8fb4c9a8f8a
0.0218314528465271,matched_path_accumulation_v1,4096,kivi_rolling_k2v2_s16_r128,final,v1,hidden_cosine_loss,0.02183377742767334,232e3b08d10919ca24932ad0a0135e46119ecfd5,2.3245811462402344e-06,aime24:p0:s0:seed42,7a50b9d97068ffc8a93d794fcdf6bac89e37ed85dd38b6abbdbbe8fb4c9a8f8a
0.20645499741658568,matched_path_accumulation_v1,4096,kivi_rolling_k2v2_s16_r128,final,v1,hidden_relative_L2,0.20841528475284576,232e3b08d10919ca24932ad0a0135e46119ecfd5,0.0019602873362600803,aime24:p0:s0:seed42,7a50b9d97068ffc8a93d794fcdf6bac89e37ed85dd38b6abbdbbe8fb4c9a8f8a
0.20645499741658568,matched_path_accumulation_v1,4096,kivi_rolling_k2v2_s16_r128,final,v1,attention_output_relative_L2,0.20841528475284576,232e3b08d10919ca24932ad0a0135e46119ecfd5,0.0019602873362600803,aime24:p0:s0:seed42,7a50b9d97068ffc8a93d794fcdf6bac89e37ed85dd38b6abbdbbe8fb4c9a8f8a
1.0176384353632884e-05,matched_path_accumulation_v1,4096,kivi_rolling_k2v2_s16_r128,final,v1,next_token_KL,1.0178012416872662e-05,232e3b08d10919ca24932ad0a0135e46119ecfd5,1.6280632397780437e-09,aime24:p0:s0:seed42,7a50b9d97068ffc8a93d794fcdf6bac89e37ed85dd38b6abbdbbe8fb4c9a8f8a
2.335218519000648e-06,matched_path_accumulation_v1,4096,kivi_rolling_k2v2_s16_r128,final,v1,next_token_JS,2.3446673367288895e-06,232e3b08d10919ca24932ad0a0135e46119ecfd5,9.448817728241465e-09,aime24:p0:s0:seed42,7a50b9d97068ffc8a93d794fcdf6bac89e37ed85dd38b6abbdbbe8fb4c9a8f8a
-3.730962998815812e-05,matched_path_accumulation_v1,4096,kivi_rolling_k2v2_s16_r128,final,v1,target_token_NLL_delta,-3.730962998815812e-05,232e3b08d10919ca24932ad0a0135e46119ecfd5,0.0,aime24:p0:s0:seed42,7a50b9d97068ffc8a93d794fcdf6bac89e37ed85dd38b6abbdbbe8fb4c9a8f8a
0.0,matched_path_accumulation_v1,4096,kivi_rolling_k2v2_s16_r128,final,v1,top1_disagreement,0.0,232e3b08d10919ca24932ad0a0135e46119ecfd5,0.0,aime24:p0:s0:seed42,7a50b9d97068ffc8a93d794fcdf6bac89e37ed85dd38b6abbdbbe8fb4c9a8f8a
1.837890625,matched_path_accumulation_v1,4096,kivi_rolling_k2v2_s16_r128,final,v1,logit_max_abs_diff,1.853515625,232e3b08d10919ca24932ad0a0135e46119ecfd5,0.015625,aime24:p0:s0:seed42,7a50b9d97068ffc8a93d794fcdf6bac89e37ed85dd38b6abbdbbe8fb4c9a8f8a
5.960464477539063e-08,matched_path_accumulation_v1,128,kivi_rolling_k2v2_s16_r128,final,v1,hidden_cosine_loss,2.9802322387695312e-06,232e3b08d10919ca24932ad0a0135e46119ecfd5,2.9206275939941406e-06,aime24:p11:s1:seed11043,437efafa63f236f96af74b80dfc1ee0897d780c1db5b68f052079544eea26327
7.84541480243206e-05,matched_path_accumulation_v1,128,kivi_rolling_k2v2_s16_r128,final,v1,hidden_relative_L2,0.00236625992693007,232e3b08d10919ca24932ad0a0135e46119ecfd5,0.0022878057789057493,aime24:p11:s1:seed11043,437efafa63f236f96af74b80dfc1ee0897d780c1db5b68f052079544eea26327
7.84541480243206e-05,matched_path_accumulation_v1,128,kivi_rolling_k2v2_s16_r128,final,v1,attention_output_relative_L2,0.00236625992693007,232e3b08d10919ca24932ad0a0135e46119ecfd5,0.0022878057789057493,aime24:p11:s1:seed11043,437efafa63f236f96af74b80dfc1ee0897d780c1db5b68f052079544eea26327
1.1833166354335845e-05,matched_path_accumulation_v1,128,kivi_rolling_k2v2_s16_r128,final,v1,next_token_KL,3.0301956940093078e-05,232e3b08d10919ca24932ad0a0135e46119ecfd5,1.8468790585757233e-05,aime24:p11:s1:seed11043,437efafa63f236f96af74b80dfc1ee0897d780c1db5b68f052079544eea26327
2.8898402888444252e-06,matched_path_accumulation_v1,128,kivi_rolling_k2v2_s16_r128,final,v1,next_token_JS,7.504525910917437e-06,232e3b08d10919ca24932ad0a0135e46119ecfd5,4.6146856220730115e-06,aime24:p11:s1:seed11043,437efafa63f236f96af74b80dfc1ee0897d780c1db5b68f052079544eea26327
0.006652355194091797,matched_path_accumulation_v1,128,kivi_rolling_k2v2_s16_r128,final,v1,target_token_NLL_delta,0.008647918701171875,232e3b08d10919ca24932ad0a0135e46119ecfd5,0.001995563507080078,aime24:p11:s1:seed11043,437efafa63f236f96af74b80dfc1ee0897d780c1db5b68f052079544eea26327
0.0,matched_path_accumulation_v1,128,kivi_rolling_k2v2_s16_r128,final,v1,top1_disagreement,0.0,232e3b08d10919ca24932ad0a0135e46119ecfd5,0.0,aime24:p11:s1:seed11043,437efafa63f236f96af74b80dfc1ee0897d780c1db5b68f052079544eea26327
0.0009765625,matched_path_accumulation_v1,128,kivi_rolling_k2v2_s16_r128,final,v1,logit_max_abs_diff,0.0244140625,232e3b08d10919ca24932ad0a0135e46119ecfd5,0.0234375,aime24:p11:s1:seed11043,437efafa63f236f96af74b80dfc1ee0897d780c1db5b68f052079544eea26327
0.009624958038330078,matched_path_accumulation_v1,512,kivi_rolling_k2v2_s16_r128,final,v1,hidden_cosine_loss,0.0096282958984375,232e3b08d10919ca24932ad0a0135e46119ecfd5,3.337860107421875e-06,aime24:p11:s1:seed11043,437efafa63f236f96af74b80dfc1ee0897d780c1db5b68f052079544eea26327
0.13659575139172375,matched_path_accumulation_v1,512,kivi_rolling_k2v2_s16_r128,final,v1,hidden_relative_L2,0.13905470073223114,232e3b08d10919ca24932ad0a0135e46119ecfd5,0.002458949340507388,aime24:p11:s1:seed11043,437efafa63f236f96af74b80dfc1ee0897d780c1db5b68f052079544eea26327
0.13659575139172375,matched_path_accumulation_v1,512,kivi_rolling_k2v2_s16_r128,final,v1,attention_output_relative_L2,0.13905470073223114,232e3b08d10919ca24932ad0a0135e46119ecfd5,0.002458949340507388,aime24:p11:s1:seed11043,437efafa63f236f96af74b80dfc1ee0897d780c1db5b68f052079544eea26327
0.00969168971550971,matched_path_accumulation_v1,512,kivi_rolling_k2v2_s16_r128,final,v1,next_token_KL,0.009697883389890194,232e3b08d10919ca24932ad0a0135e46119ecfd5,6.1936743804835714e-06,aime24:p11:s1:seed11043,437efafa63f236f96af74b80dfc1ee0897d780c1db5b68f052079544eea26327
0.0025465116086706985,matched_path_accumulation_v1,512,kivi_rolling_k2v2_s16_r128,final,v1,next_token_JS,0.0025480748154222965,232e3b08d10919ca24932ad0a0135e46119ecfd5,1.5632067515980452e-06,aime24:p11:s1:seed11043,437efafa63f236f96af74b80dfc1ee0897d780c1db5b68f052079544eea26327
0.09404313564300537,matched_path_accumulation_v1,512,kivi_rolling_k2v2_s16_r128,final,v1,target_token_NLL_delta,0.09487348794937134,232e3b08d10919ca24932ad0a0135e46119ecfd5,0.0008303523063659668,aime24:p11:s1:seed11043,437efafa63f236f96af74b80dfc1ee0897d780c1db5b68f052079544eea26327
0.0,matched_path_accumulation_v1,512,kivi_rolling_k2v2_s16_r128,final,v1,top1_disagreement,0.0,232e3b08d10919ca24932ad0a0135e46119ecfd5,0.0,aime24:p11:s1:seed11043,437efafa63f236f96af74b80dfc1ee0897d780c1db5b68f052079544eea26327
1.4345703125,matched_path_accumulation_v1,512,kivi_rolling_k2v2_s16_r128,final,v1,logit_max_abs_diff,1.4580078125,232e3b08d10919ca24932ad0a0135e46119ecfd5,0.0234375,aime24:p11:s1:seed11043,437efafa63f236f96af74b80dfc1ee0897d780c1db5b68f052079544eea26327
0.004484117031097412,matched_path_accumulation_v1,1024,kivi_rolling_k2v2_s16_r128,final,v1,hidden_cosine_loss,0.004486024379730225,232e3b08d10919ca24932ad0a0135e46119ecfd5,1.9073486328125e-06,aime24:p11:s1:seed11043,437efafa63f236f96af74b80dfc1ee0897d780c1db5b68f052079544eea26327
0.0930023507680744,matched_path_accumulation_v1,1024,kivi_rolling_k2v2_s16_r128,final,v1,hidden_relative_L2,0.09477787464857101,232e3b08d10919ca24932ad0a0135e46119ecfd5,0.0017755238804966211,aime24:p11:s1:seed11043,437efafa63f236f96af74b80dfc1ee0897d780c1db5b68f052079544eea26327
0.0930023507680744,matched_path_accumulation_v1,1024,kivi_rolling_k2v2_s16_r128,final,v1,attention_output_relative_L2,0.09477787464857101,232e3b08d10919ca24932ad0a0135e46119ecfd5,0.0017755238804966211,aime24:p11:s1:seed11043,437efafa63f236f96af74b80dfc1ee0897d780c1db5b68f052079544eea26327
0.010823720099551792,matched_path_accumulation_v1,1024,kivi_rolling_k2v2_s16_r128,final,v1,next_token_KL,0.01082717627286911,232e3b08d10919ca24932ad0a0135e46119ecfd5,3.4561733173177345e-06,aime24:p11:s1:seed11043,437efafa63f236f96af74b80dfc1ee0897d780c1db5b68f052079544eea26327
0.0026782117592460963,matched_path_accumulation_v1,1024,kivi_rolling_k2v2_s16_r128,final,v1,next_token_JS,0.0026790546253323555,232e3b08d10919ca24932ad0a0135e46119ecfd5,8.428660862591641e-07,aime24:p11:s1:seed11043,437efafa63f236f96af74b80dfc1ee0897d780c1db5b68f052079544eea26327
0.09889781475067139,matched_path_accumulation_v1,1024,kivi_rolling_k2v2_s16_r128,final,v1,target_token_NLL_delta,0.09858596324920654,232e3b08d10919ca24932ad0a0135e46119ecfd5,-0.00031185150146484375,aime24:p11:s1:seed11043,437efafa63f236f96af74b80dfc1ee0897d780c1db5b68f052079544eea26327
0.0,matched_path_accumulation_v1,1024,kivi_rolling_k2v2_s16_r128,final,v1,top1_disagreement,0.0,232e3b08d10919ca24932ad0a0135e46119ecfd5,0.0,aime24:p11:s1:seed11043,437efafa63f236f96af74b80dfc1ee0897d780c1db5b68f052079544eea26327
0.87109375,matched_path_accumulation_v1,1024,kivi_rolling_k2v2_s16_r128,final,v1,logit_max_abs_diff,0.890625,232e3b08d10919ca24932ad0a0135e46119ecfd5,0.01953125,aime24:p11:s1:seed11043,437efafa63f236f96af74b80dfc1ee0897d780c1db5b68f052079544eea26327
0.03444480895996094,matched_path_accumulation_v1,2048,kivi_rolling_k2v2_s16_r128,final,v1,hidden_cosine_loss,0.0344470739364624,232e3b08d10919ca24932ad0a0135e46119ecfd5,2.2649765014648438e-06,aime24:p11:s1:seed11043,437efafa63f236f96af74b80dfc1ee0897d780c1db5b68f052079544eea26327
0.25865592900663614,matched_path_accumulation_v1,2048,kivi_rolling_k2v2_s16_r128,final,v1,hidden_relative_L2,0.26066526770591736,232e3b08d10919ca24932ad0a0135e46119ecfd5,0.0020093386992812157,aime24:p11:s1:seed11043,437efafa63f236f96af74b80dfc1ee0897d780c1db5b68f052079544eea26327
0.25865592900663614,matched_path_accumulation_v1,2048,kivi_rolling_k2v2_s16_r128,final,v1,attention_output_relative_L2,0.26066526770591736,232e3b08d10919ca24932ad0a0135e46119ecfd5,0.0020093386992812157,aime24:p11:s1:seed11043,437efafa63f236f96af74b80dfc1ee0897d780c1db5b68f052079544eea26327
0.055530723897391,matched_path_accumulation_v1,2048,kivi_rolling_k2v2_s16_r128,final,v1,next_token_KL,0.05554519221186638,232e3b08d10919ca24932ad0a0135e46119ecfd5,1.4468314475379884e-05,aime24:p11:s1:seed11043,437efafa63f236f96af74b80dfc1ee0897d780c1db5b68f052079544eea26327
0.01162040718645585,matched_path_accumulation_v1,2048,kivi_rolling_k2v2_s16_r128,final,v1,next_token_JS,0.011624081991612911,232e3b08d10919ca24932ad0a0135e46119ecfd5,3.6748051570612006e-06,aime24:p11:s1:seed11043,437efafa63f236f96af74b80dfc1ee0897d780c1db5b68f052079544eea26327
-0.09814763069152832,matched_path_accumulation_v1,2048,kivi_rolling_k2v2_s16_r128,final,v1,target_token_NLL_delta,-0.09599699079990387,232e3b08d10919ca24932ad0a0135e46119ecfd5,0.0021506398916244507,aime24:p11:s1:seed11043,437efafa63f236f96af74b80dfc1ee0897d780c1db5b68f052079544eea26327
0.0,matched_path_accumulation_v1,2048,kivi_rolling_k2v2_s16_r128,final,v1,top1_disagreement,0.0,232e3b08d10919ca24932ad0a0135e46119ecfd5,0.0,aime24:p11:s1:seed11043,437efafa63f236f96af74b80dfc1ee0897d780c1db5b68f052079544eea26327
1.958984375,matched_path_accumulation_v1,2048,kivi_rolling_k2v2_s16_r128,final,v1,logit_max_abs_diff,1.982421875,232e3b08d10919ca24932ad0a0135e46119ecfd5,0.0234375,aime24:p11:s1:seed11043,437efafa63f236f96af74b80dfc1ee0897d780c1db5b68f052079544eea26327
0.0033572912216186523,matched_path_accumulation_v1,4096,kivi_rolling_k2v2_s16_r128,final,v1,hidden_cosine_loss,0.003359377384185791,232e3b08d10919ca24932ad0a0135e46119ecfd5,2.086162567138672e-06,aime24:p11:s1:seed11043,437efafa63f236f96af74b80dfc1ee0897d780c1db5b68f052079544eea26327
0.08115830295719206,matched_path_accumulation_v1,4096,kivi_rolling_k2v2_s16_r128,final,v1,hidden_relative_L2,0.08313095569610596,232e3b08d10919ca24932ad0a0135e46119ecfd5,0.0019726527389138937,aime24:p11:s1:seed11043,437efafa63f236f96af74b80dfc1ee0897d780c1db5b68f052079544eea26327
0.08115830295719206,matched_path_accumulation_v1,4096,kivi_rolling_k2v2_s16_r128,final,v1,attention_output_relative_L2,0.08313095569610596,232e3b08d10919ca24932ad0a0135e46119ecfd5,0.0019726527389138937,aime24:p11:s1:seed11043,437efafa63f236f96af74b80dfc1ee0897d780c1db5b68f052079544eea26327
2.0237434872338866e-07,matched_path_accumulation_v1,4096,kivi_rolling_k2v2_s16_r128,final,v1,next_token_KL,2.0311397008754284e-07,232e3b08d10919ca24932ad0a0135e46119ecfd5,7.396213641541749e-10,aime24:p11:s1:seed11043,437efafa63f236f96af74b80dfc1ee0897d780c1db5b68f052079544eea26327
2.203008914181126e-09,matched_path_accumulation_v1,4096,kivi_rolling_k2v2_s16_r128,final,v1,next_token_JS,2.2044090997042076e-09,232e3b08d10919ca24932ad0a0135e46119ecfd5,1.4001855230816318e-12,aime24:p11:s1:seed11043,437efafa63f236f96af74b80dfc1ee0897d780c1db5b68f052079544eea26327
2.3841855067985307e-07,matched_path_accumulation_v1,4096,kivi_rolling_k2v2_s16_r128,final,v1,target_token_NLL_delta,2.3841855067985307e-07,232e3b08d10919ca24932ad0a0135e46119ecfd5,0.0,aime24:p11:s1:seed11043,437efafa63f236f96af74b80dfc1ee0897d780c1db5b68f052079544eea26327
0.0,matched_path_accumulation_v1,4096,kivi_rolling_k2v2_s16_r128,final,v1,top1_disagreement,0.0,232e3b08d10919ca24932ad0a0135e46119ecfd5,0.0,aime24:p11:s1:seed11043,437efafa63f236f96af74b80dfc1ee0897d780c1db5b68f052079544eea26327
0.791015625,matched_path_accumulation_v1,4096,kivi_rolling_k2v2_s16_r128,final,v1,logit_max_abs_diff,0.80859375,232e3b08d10919ca24932ad0a0135e46119ecfd5,0.017578125,aime24:p11:s1:seed11043,437efafa63f236f96af74b80dfc1ee0897d780c1db5b68f052079544eea26327
-1.0132789611816406e-06,matched_path_accumulation_v1,128,kivi_rolling_k2v2_s16_r128,final,v1,hidden_cosine_loss,3.0994415283203125e-06,232e3b08d10919ca24932ad0a0135e46119ecfd5,4.112720489501953e-06,aime24:p15:s0:seed15042,822cea1aaf72daad98cf9ddb629a4d3a79650451920bd62395ce83a00ac9a58b
-0.0003571808338165283,matched_path_accumulation_v1,128,kivi_rolling_k2v2_s16_r128,final,v1,hidden_relative_L2,0.002400727244094014,232e3b08d10919ca24932ad0a0135e46119ecfd5,0.0027579080779105425,aime24:p15:s0:seed15042,822cea1aaf72daad98cf9ddb629a4d3a79650451920bd62395ce83a00ac9a58b
-0.0003571808338165283,matched_path_accumulation_v1,128,kivi_rolling_k2v2_s16_r128,final,v1,attention_output_relative_L2,0.002400727244094014,232e3b08d10919ca24932ad0a0135e46119ecfd5,0.0027579080779105425,aime24:p15:s0:seed15042,822cea1aaf72daad98cf9ddb629a4d3a79650451920bd62395ce83a00ac9a58b
2.5249983082176186e-07,matched_path_accumulation_v1,128,kivi_rolling_k2v2_s16_r128,final,v1,next_token_KL,2.213214884250192e-06,232e3b08d10919ca24932ad0a0135e46119ecfd5,1.96071505342843e-06,aime24:p15:s0:seed15042,822cea1aaf72daad98cf9ddb629a4d3a79650451920bd62395ce83a00ac9a58b
-3.661398295662366e-09,matched_path_accumulation_v1,128,kivi_rolling_k2v2_s16_r128,final,v1,next_token_JS,5.270518386168987e-07,232e3b08d10919ca24932ad0a0135e46119ecfd5,5.307132369125611e-07,aime24:p15:s0:seed15042,822cea1aaf72daad98cf9ddb629a4d3a79650451920bd62395ce83a00ac9a58b
-0.0005489960312843323,matched_path_accumulation_v1,128,kivi_rolling_k2v2_s16_r128,final,v1,target_token_NLL_delta,-0.0002741459757089615,232e3b08d10919ca24932ad0a0135e46119ecfd5,0.0002748500555753708,aime24:p15:s0:seed15042,822cea1aaf72daad98cf9ddb629a4d3a79650451920bd62395ce83a00ac9a58b
0.0,matched_path_accumulation_v1,128,kivi_rolling_k2v2_s16_r128,final,v1,top1_disagreement,0.0,232e3b08d10919ca24932ad0a0135e46119ecfd5,0.0,aime24:p15:s0:seed15042,822cea1aaf72daad98cf9ddb629a4d3a79650451920bd62395ce83a00ac9a58b
-0.0107421875,matched_path_accumulation_v1,128,kivi_rolling_k2v2_s16_r128,final,v1,logit_max_abs_diff,0.01953125,232e3b08d10919ca24932ad0a0135e46119ecfd5,0.0302734375,aime24:p15:s0:seed15042,822cea1aaf72daad98cf9ddb629a4d3a79650451920bd62395ce83a00ac9a58b
0.027979671955108643,matched_path_accumulation_v1,512,kivi_rolling_k2v2_s16_r128,final,v1,hidden_cosine_loss,0.027981460094451904,232e3b08d10919ca24932ad0a0135e46119ecfd5,1.7881393432617188e-06,aime24:p15:s0:seed15042,822cea1aaf72daad98cf9ddb629a4d3a79650451920bd62395ce83a00ac9a58b
0.23748841299675405,matched_path_accumulation_v1,512,kivi_rolling_k2v2_s16_r128,final,v1,hidden_relative_L2,0.23920144140720367,232e3b08d10919ca24932ad0a0135e46119ecfd5,0.001713028410449624,aime24:p15:s0:seed15042,822cea1aaf72daad98cf9ddb629a4d3a79650451920bd62395ce83a00ac9a58b
0.23748841299675405,matched_path_accumulation_v1,512,kivi_rolling_k2v2_s16_r128,final,v1,attention_output_relative_L2,0.23920144140720367,232e3b08d10919ca24932ad0a0135e46119ecfd5,0.001713028410449624,aime24:p15:s0:seed15042,822cea1aaf72daad98cf9ddb629a4d3a79650451920bd62395ce83a00ac9a58b
0.03433488789876549,matched_path_accumulation_v1,512,kivi_rolling_k2v2_s16_r128,final,v1,next_token_KL,0.03433502838015556,232e3b08d10919ca24932ad0a0135e46119ecfd5,1.404813900762747e-07,aime24:p15:s0:seed15042,822cea1aaf72daad98cf9ddb629a4d3a79650451920bd62395ce83a00ac9a58b
0.010714598000049591,matched_path_accumulation_v1,512,kivi_rolling_k2v2_s16_r128,final,v1,next_token_JS,0.010714598000049591,232e3b08d10919ca24932ad0a0135e46119ecfd5,0.0,aime24:p15:s0:seed15042,822cea1aaf72daad98cf9ddb629a4d3a79650451920bd62395ce83a00ac9a58b
0.05204887129366398,matched_path_accumulation_v1,512,kivi_rolling_k2v2_s16_r128,final,v1,target_token_NLL_delta,0.05204852297902107,232e3b08d10919ca24932ad0a0135e46119ecfd5,-3.4831464290618896e-07,aime24:p15:s0:seed15042,822cea1aaf72daad98cf9ddb629a4d3a79650451920bd62395ce83a00ac9a58b
0.0,matched_path_accumulation_v1,512,kivi_rolling_k2v2_s16_r128,final,v1,top1_disagreement,0.0,232e3b08d10919ca24932ad0a0135e46119ecfd5,0.0,aime24:p15:s0:seed15042,822cea1aaf72daad98cf9ddb629a4d3a79650451920bd62395ce83a00ac9a58b
3.0126953125,matched_path_accumulation_v1,512,kivi_rolling_k2v2_s16_r128,final,v1,logit_max_abs_diff,3.0283203125,232e3b08d10919ca24932ad0a0135e46119ecfd5,0.015625,aime24:p15:s0:seed15042,822cea1aaf72daad98cf9ddb629a4d3a79650451920bd62395ce83a00ac9a58b
0.008829712867736816,matched_path_accumulation_v1,1024,kivi_rolling_k2v2_s16_r128,final,v1,hidden_cosine_loss,0.008831679821014404,232e3b08d10919ca24932ad0a0135e46119ecfd5,1.9669532775878906e-06,aime24:p15:s0:seed15042,822cea1aaf72daad98cf9ddb629a4d3a79650451920bd62395ce83a00ac9a58b
0.1308890072396025,matched_path_accumulation_v1,1024,kivi_rolling_k2v2_s16_r128,final,v1,hidden_relative_L2,0.132643461227417,232e3b08d10919ca24932ad0a0135e46119ecfd5,0.001754453987814486,aime24:p15:s0:seed15042,822cea1aaf72daad98cf9ddb629a4d3a79650451920bd62395ce83a00ac9a58b
0.1308890072396025,matched_path_accumulation_v1,1024,kivi_rolling_k2v2_s16_r128,final,v1,attention_output_relative_L2,0.132643461227417,232e3b08d10919ca24932ad0a0135e46119ecfd5,0.001754453987814486,aime24:p15:s0:seed15042,822cea1aaf72daad98cf9ddb629a4d3a79650451920bd62395ce83a00ac9a58b
0.0005047046542046019,matched_path_accumulation_v1,1024,kivi_rolling_k2v2_s16_r128,final,v1,next_token_KL,0.0005047973827458918,232e3b08d10919ca24932ad0a0135e46119ecfd5,9.272854128994368e-08,aime24:p15:s0:seed15042,822cea1aaf72daad98cf9ddb629a4d3a79650451920bd62395ce83a00ac9a58b
0.00013495786523520792,matched_path_accumulation_v1,1024,kivi_rolling_k2v2_s16_r128,final,v1,next_token_JS,0.00013495859457179904,232e3b08d10919ca24932ad0a0135e46119ecfd5,7.293365911209548e-10,aime24:p15:s0:seed15042,822cea1aaf72daad98cf9ddb629a4d3a79650451920bd62395ce83a00ac9a58b
-0.004362612962722778,matched_path_accumulation_v1,1024,kivi_rolling_k2v2_s16_r128,final,v1,target_token_NLL_delta,-0.0043660178780555725,232e3b08d10919ca24932ad0a0135e46119ecfd5,-3.4049153327941895e-06,aime24:p15:s0:seed15042,822cea1aaf72daad98cf9ddb629a4d3a79650451920bd62395ce83a00ac9a58b
0.0,matched_path_accumulation_v1,1024,kivi_rolling_k2v2_s16_r128,final,v1,top1_disagreement,0.0,232e3b08d10919ca24932ad0a0135e46119ecfd5,0.0,aime24:p15:s0:seed15042,822cea1aaf72daad98cf9ddb629a4d3a79650451920bd62395ce83a00ac9a58b
1.328125,matched_path_accumulation_v1,1024,kivi_rolling_k2v2_s16_r128,final,v1,logit_max_abs_diff,1.34375,232e3b08d10919ca24932ad0a0135e46119ecfd5,0.015625,aime24:p15:s0:seed15042,822cea1aaf72daad98cf9ddb629a4d3a79650451920bd62395ce83a00ac9a58b
0.008187294006347656,matched_path_accumulation_v1,2048,kivi_rolling_k2v2_s16_r128,final,v1,hidden_cosine_loss,0.008188486099243164,232e3b08d10919ca24932ad0a0135e46119ecfd5,1.1920928955078125e-06,aime24:p15:s0:seed15042,822cea1aaf72daad98cf9ddb629a4d3a79650451920bd62395ce83a00ac9a58b
0.1264789318665862,matched_path_accumulation_v1,2048,kivi_rolling_k2v2_s16_r128,final,v1,hidden_relative_L2,0.12776748836040497,232e3b08d10919ca24932ad0a0135e46119ecfd5,0.00128855649381876,aime24:p15:s0:seed15042,822cea1aaf72daad98cf9ddb629a4d3a79650451920bd62395ce83a00ac9a58b
0.1264789318665862,matched_path_accumulation_v1,2048,kivi_rolling_k2v2_s16_r128,final,v1,attention_output_relative_L2,0.12776748836040497,232e3b08d10919ca24932ad0a0135e46119ecfd5,0.00128855649381876,aime24:p15:s0:seed15042,822cea1aaf72daad98cf9ddb629a4d3a79650451920bd62395ce83a00ac9a58b
0.08109595626592636,matched_path_accumulation_v1,2048,kivi_rolling_k2v2_s16_r128,final,v1,next_token_KL,0.08109595626592636,232e3b08d10919ca24932ad0a0135e46119ecfd5,0.0,aime24:p15:s0:seed15042,822cea1aaf72daad98cf9ddb629a4d3a79650451920bd62395ce83a00ac9a58b
0.020417904586999214,matched_path_accumulation_v1,2048,kivi_rolling_k2v2_s16_r128,final,v1,next_token_JS,0.020417936146259308,232e3b08d10919ca24932ad0a0135e46119ecfd5,3.155926009412724e-08,aime24:p15:s0:seed15042,822cea1aaf72daad98cf9ddb629a4d3a79650451920bd62395ce83a00ac9a58b
0.4297505021095276,matched_path_accumulation_v1,2048,kivi_rolling_k2v2_s16_r128,final,v1,target_token_NLL_delta,0.4297558069229126,232e3b08d10919ca24932ad0a0135e46119ecfd5,5.304813385009766e-06,aime24:p15:s0:seed15042,822cea1aaf72daad98cf9ddb629a4d3a79650451920bd62395ce83a00ac9a58b
1.0,matched_path_accumulation_v1,2048,kivi_rolling_k2v2_s16_r128,final,v1,top1_disagreement,1.0,232e3b08d10919ca24932ad0a0135e46119ecfd5,0.0,aime24:p15:s0:seed15042,822cea1aaf72daad98cf9ddb629a4d3a79650451920bd62395ce83a00ac9a58b
1.32421875,matched_path_accumulation_v1,2048,kivi_rolling_k2v2_s16_r128,final,v1,logit_max_abs_diff,1.3359375,232e3b08d10919ca24932ad0a0135e46119ecfd5,0.01171875,aime24:p15:s0:seed15042,822cea1aaf72daad98cf9ddb629a4d3a79650451920bd62395ce83a00ac9a58b
0.03142672777175903,matched_path_accumulation_v1,4096,kivi_rolling_k2v2_s16_r128,final,v1,hidden_cosine_loss,0.03143131732940674,232e3b08d10919ca24932ad0a0135e46119ecfd5,4.589557647705078e-06,aime24:p15:s0:seed15042,822cea1aaf72daad98cf9ddb629a4d3a79650451920bd62395ce83a00ac9a58b
0.252136709401384,matched_path_accumulation_v1,4096,kivi_rolling_k2v2_s16_r128,final,v1,hidden_relative_L2,0.2550288736820221,232e3b08d10919ca24932ad0a0135e46119ecfd5,0.0028921642806380987,aime24:p15:s0:seed15042,822cea1aaf72daad98cf9ddb629a4d3a79650451920bd62395ce83a00ac9a58b
0.252136709401384,matched_path_accumulation_v1,4096,kivi_rolling_k2v2_s16_r128,final,v1,attention_output_relative_L2,0.2550288736820221,232e3b08d10919ca24932ad0a0135e46119ecfd5,0.0028921642806380987,aime24:p15:s0:seed15042,822cea1aaf72daad98cf9ddb629a4d3a79650451920bd62395ce83a00ac9a58b
0.0005491314805112779,matched_path_accumulation_v1,4096,kivi_rolling_k2v2_s16_r128,final,v1,next_token_KL,0.0005491314805112779,232e3b08d10919ca24932ad0a0135e46119ecfd5,0.0,aime24:p15:s0:seed15042,822cea1aaf72daad98cf9ddb629a4d3a79650451920bd62395ce83a00ac9a58b
8.393282041652128e-05,matched_path_accumulation_v1,4096,kivi_rolling_k2v2_s16_r128,final,v1,next_token_JS,8.393282041652128e-05,232e3b08d10919ca24932ad0a0135e46119ecfd5,0.0,aime24:p15:s0:seed15042,822cea1aaf72daad98cf9ddb629a4d3a79650451920bd62395ce83a00ac9a58b
-0.00036290971911512315,matched_path_accumulation_v1,4096,kivi_rolling_k2v2_s16_r128,final,v1,target_token_NLL_delta,-0.0003594540467020124,232e3b08d10919ca24932ad0a0135e46119ecfd5,3.455672413110733e-06,aime24:p15:s0:seed15042,822cea1aaf72daad98cf9ddb629a4d3a79650451920bd62395ce83a00ac9a58b
0.0,matched_path_accumulation_v1,4096,kivi_rolling_k2v2_s16_r128,final,v1,top1_disagreement,0.0,232e3b08d10919ca24932ad0a0135e46119ecfd5,0.0,aime24:p15:s0:seed15042,822cea1aaf72daad98cf9ddb629a4d3a79650451920bd62395ce83a00ac9a58b
2.4599609375,matched_path_accumulation_v1,4096,kivi_rolling_k2v2_s16_r128,final,v1,logit_max_abs_diff,2.484375,232e3b08d10919ca24932ad0a0135e46119ecfd5,0.0244140625,aime24:p15:s0:seed15042,822cea1aaf72daad98cf9ddb629a4d3a79650451920bd62395ce83a00ac9a58b
-1.0728836059570312e-06,matched_path_accumulation_v1,128,kivi_rolling_k2v2_s16_r128,final,v1,hidden_cosine_loss,3.0994415283203125e-06,232e3b08d10919ca24932ad0a0135e46119ecfd5,4.172325134277344e-06,aime24:p17:s0:seed17042,69e6e42dc75e6e4dd872f1d902c29c4269171195229da34733e720e66cc0cbb3
-0.00044818222522735596,matched_path_accumulation_v1,128,kivi_rolling_k2v2_s16_r128,final,v1,hidden_relative_L2,0.0023232295643538237,232e3b08d10919ca24932ad0a0135e46119ecfd5,0.0027714117895811796,aime24:p17:s0:seed17042,69e6e42dc75e6e4dd872f1d902c29c4269171195229da34733e720e66cc0cbb3
-0.00044818222522735596,matched_path_accumulation_v1,128,kivi_rolling_k2v2_s16_r128,final,v1,attention_output_relative_L2,0.0023232295643538237,232e3b08d10919ca24932ad0a0135e46119ecfd5,0.0027714117895811796,aime24:p17:s0:seed17042,69e6e42dc75e6e4dd872f1d902c29c4269171195229da34733e720e66cc0cbb3
7.324277248699218e-06,matched_path_accumulation_v1,128,kivi_rolling_k2v2_s16_r128,final,v1,next_token_KL,5.1472361519699916e-05,232e3b08d10919ca24932ad0a0135e46119ecfd5,4.41480842710007e-05,aime24:p17:s0:seed17042,69e6e42dc75e6e4dd872f1d902c29c4269171195229da34733e720e66cc0cbb3
1.7059537640307099e-06,matched_path_accumulation_v1,128,kivi_rolling_k2v2_s16_r128,final,v1,next_token_JS,1.2875289030489512e-05,232e3b08d10919ca24932ad0a0135e46119ecfd5,1.1169335266458802e-05,aime24:p17:s0:seed17042,69e6e42dc75e6e4dd872f1d902c29c4269171195229da34733e720e66cc0cbb3
-0.0066089630126953125,matched_path_accumulation_v1,128,kivi_rolling_k2v2_s16_r128,final,v1,target_token_NLL_delta,-0.004187107086181641,232e3b08d10919ca24932ad0a0135e46119ecfd5,0.002421855926513672,aime24:p17:s0:seed17042,69e6e42dc75e6e4dd872f1d902c29c4269171195229da34733e720e66cc0cbb3
0.0,matched_path_accumulation_v1,128,kivi_rolling_k2v2_s16_r128,final,v1,top1_disagreement,0.0,232e3b08d10919ca24932ad0a0135e46119ecfd5,0.0,aime24:p17:s0:seed17042,69e6e42dc75e6e4dd872f1d902c29c4269171195229da34733e720e66cc0cbb3
-0.0078125,matched_path_accumulation_v1,128,kivi_rolling_k2v2_s16_r128,final,v1,logit_max_abs_diff,0.0234375,232e3b08d10919ca24932ad0a0135e46119ecfd5,0.03125,aime24:p17:s0:seed17042,69e6e42dc75e6e4dd872f1d902c29c4269171195229da34733e720e66cc0cbb3
0.008314311504364014,matched_path_accumulation_v1,512,kivi_rolling_k2v2_s16_r128,final,v1,hidden_cosine_loss,0.008317649364471436,232e3b08d10919ca24932ad0a0135e46119ecfd5,3.337860107421875e-06,aime24:p17:s0:seed17042,69e6e42dc75e6e4dd872f1d902c29c4269171195229da34733e720e66cc0cbb3
0.12640328495763242,matched_path_accumulation_v1,512,kivi_rolling_k2v2_s16_r128,final,v1,hidden_relative_L2,0.12895096838474274,232e3b08d10919ca24932ad0a0135e46119ecfd5,0.0025476834271103144,aime24:p17:s0:seed17042,69e6e42dc75e6e4dd872f1d902c29c4269171195229da34733e720e66cc0cbb3
0.12640328495763242,matched_path_accumulation_v1,512,kivi_rolling_k2v2_s16_r128,final,v1,attention_output_relative_L2,0.12895096838474274,232e3b08d10919ca24932ad0a0135e46119ecfd5,0.0025476834271103144,aime24:p17:s0:seed17042,69e6e42dc75e6e4dd872f1d902c29c4269171195229da34733e720e66cc0cbb3
0.03217749740542786,matched_path_accumulation_v1,512,kivi_rolling_k2v2_s16_r128,final,v1,next_token_KL,0.032184798270463943,232e3b08d10919ca24932ad0a0135e46119ecfd5,7.300865036086179e-06,aime24:p17:s0:seed17042,69e6e42dc75e6e4dd872f1d902c29c4269171195229da34733e720e66cc0cbb3
0.006446882833984091,matched_path_accumulation_v1,512,kivi_rolling_k2v2_s16_r128,final,v1,next_token_JS,0.0064486912451684475,232e3b08d10919ca24932ad0a0135e46119ecfd5,1.8084111843563733e-06,aime24:p17:s0:seed17042,69e6e42dc75e6e4dd872f1d902c29c4269171195229da34733e720e66cc0cbb3
-0.04560881480574608,matched_path_accumulation_v1,512,kivi_rolling_k2v2_s16_r128,final,v1,target_token_NLL_delta,-0.046611715108156204,232e3b08d10919ca24932ad0a0135e46119ecfd5,-0.0010029003024101257,aime24:p17:s0:seed17042,69e6e42dc75e6e4dd872f1d902c29c4269171195229da34733e720e66cc0cbb3
0.0,matched_path_accumulation_v1,512,kivi_rolling_k2v2_s16_r128,final,v1,top1_disagreement,0.0,232e3b08d10919ca24932ad0a0135e46119ecfd5,0.0,aime24:p17:s0:seed17042,69e6e42dc75e6e4dd872f1d902c29c4269171195229da34733e720e66cc0cbb3
1.3359375,matched_path_accumulation_v1,512,kivi_rolling_k2v2_s16_r128,final,v1,logit_max_abs_diff,1.35546875,232e3b08d10919ca24932ad0a0135e46119ecfd5,0.01953125,aime24:p17:s0:seed17042,69e6e42dc75e6e4dd872f1d902c29c4269171195229da34733e720e66cc0cbb3
0.02397054433822632,matched_path_accumulation_v1,1024,kivi_rolling_k2v2_s16_r128,final,v1,hidden_cosine_loss,0.023972690105438232,232e3b08d10919ca24932ad0a0135e46119ecfd5,2.1457672119140625e-06,aime24:p17:s0:seed17042,69e6e42dc75e6e4dd872f1d902c29c4269171195229da34733e720e66cc0cbb3
0.21748480014503002,matched_path_accumulation_v1,1024,kivi_rolling_k2v2_s16_r128,final,v1,hidden_relative_L2,0.21947167813777924,232e3b08d10919ca24932ad0a0135e46119ecfd5,0.001986877992749214,aime24:p17:s0:seed17042,69e6e42dc75e6e4dd872f1d902c29c4269171195229da34733e720e66cc0cbb3
0.21748480014503002,matched_path_accumulation_v1,1024,kivi_rolling_k2v2_s16_r128,final,v1,attention_output_relative_L2,0.21947167813777924,232e3b08d10919ca24932ad0a0135e46119ecfd5,0.001986877992749214,aime24:p17:s0:seed17042,69e6e42dc75e6e4dd872f1d902c29c4269171195229da34733e720e66cc0cbb3
6.422696401386929e-07,matched_path_accumulation_v1,1024,kivi_rolling_k2v2_s16_r128,final,v1,next_token_KL,6.422696401386929e-07,232e3b08d10919ca24932ad0a0135e46119ecfd5,0.0,aime24:p17:s0:seed17042,69e6e42dc75e6e4dd872f1d902c29c4269171195229da34733e720e66cc0cbb3
1.2764167856005315e-07,matched_path_accumulation_v1,1024,kivi_rolling_k2v2_s16_r128,final,v1,next_token_JS,1.278365147072691e-07,232e3b08d10919ca24932ad0a0135e46119ecfd5,1.9483614721593767e-10,aime24:p17:s0:seed17042,69e6e42dc75e6e4dd872f1d902c29c4269171195229da34733e720e66cc0cbb3
-1.1920883480343036e-07,matched_path_accumulation_v1,1024,kivi_rolling_k2v2_s16_r128,final,v1,target_token_NLL_delta,-2.3841721485950984e-07,232e3b08d10919ca24932ad0a0135e46119ecfd5,-1.1920838005607948e-07,aime24:p17:s0:seed17042,69e6e42dc75e6e4dd872f1d902c29c4269171195229da34733e720e66cc0cbb3
0.0,matched_path_accumulation_v1,1024,kivi_rolling_k2v2_s16_r128,final,v1,top1_disagreement,0.0,232e3b08d10919ca24932ad0a0135e46119ecfd5,0.0,aime24:p17:s0:seed17042,69e6e42dc75e6e4dd872f1d902c29c4269171195229da34733e720e66cc0cbb3
1.7939453125,matched_path_accumulation_v1,1024,kivi_rolling_k2v2_s16_r128,final,v1,logit_max_abs_diff,1.8095703125,232e3b08d10919ca24932ad0a0135e46119ecfd5,0.015625,aime24:p17:s0:seed17042,69e6e42dc75e6e4dd872f1d902c29c4269171195229da34733e720e66cc0cbb3
0.01137995719909668,matched_path_accumulation_v1,2048,kivi_rolling_k2v2_s16_r128,final,v1,hidden_cosine_loss,0.011383354663848877,232e3b08d10919ca24932ad0a0135e46119ecfd5,3.3974647521972656e-06,aime24:p17:s0:seed17042,69e6e42dc75e6e4dd872f1d902c29c4269171195229da34733e720e66cc0cbb3
0.15137217449955642,matched_path_accumulation_v1,2048,kivi_rolling_k2v2_s16_r128,final,v1,hidden_relative_L2,0.1538565307855606,232e3b08d10919ca24932ad0a0135e46119ecfd5,0.0024843562860041857,aime24:p17:s0:seed17042,69e6e42dc75e6e4dd872f1d902c29c4269171195229da34733e720e66cc0cbb3
0.15137217449955642,matched_path_accumulation_v1,2048,kivi_rolling_k2v2_s16_r128,final,v1,attention_output_relative_L2,0.1538565307855606,232e3b08d10919ca24932ad0a0135e46119ecfd5,0.0024843562860041857,aime24:p17:s0:seed17042,69e6e42dc75e6e4dd872f1d902c29c4269171195229da34733e720e66cc0cbb3
3.353446800247184e-06,matched_path_accumulation_v1,2048,kivi_rolling_k2v2_s16_r128,final,v1,next_token_KL,3.353446800247184e-06,232e3b08d10919ca24932ad0a0135e46119ecfd5,0.0,aime24:p17:s0:seed17042,69e6e42dc75e6e4dd872f1d902c29c4269171195229da34733e720e66cc0cbb3
8.834042333205616e-07,matched_path_accumulation_v1,2048,kivi_rolling_k2v2_s16_r128,final,v1,next_token_JS,9.048060860550322e-07,232e3b08d10919ca24932ad0a0135e46119ecfd5,2.1401852734470594e-08,aime24:p17:s0:seed17042,69e6e42dc75e6e4dd872f1d902c29c4269171195229da34733e720e66cc0cbb3
2.860603854060173e-05,matched_path_accumulation_v1,2048,kivi_rolling_k2v2_s16_r128,final,v1,target_token_NLL_delta,3.0513139790855348e-05,232e3b08d10919ca24932ad0a0135e46119ecfd5,1.9071012502536178e-06,aime24:p17:s0:seed17042,69e6e42dc75e6e4dd872f1d902c29c4269171195229da34733e720e66cc0cbb3
0.0,matched_path_accumulation_v1,2048,kivi_rolling_k2v2_s16_r128,final,v1,top1_disagreement,0.0,232e3b08d10919ca24932ad0a0135e46119ecfd5,0.0,aime24:p17:s0:seed17042,69e6e42dc75e6e4dd872f1d902c29c4269171195229da34733e720e66cc0cbb3
1.091796875,matched_path_accumulation_v1,2048,kivi_rolling_k2v2_s16_r128,final,v1,logit_max_abs_diff,1.115234375,232e3b08d10919ca24932ad0a0135e46119ecfd5,0.0234375,aime24:p17:s0:seed17042,69e6e42dc75e6e4dd872f1d902c29c4269171195229da34733e720e66cc0cbb3
0.012020409107208252,matched_path_accumulation_v1,4096,kivi_rolling_k2v2_s16_r128,final,v1,hidden_cosine_loss,0.01202303171157837,232e3b08d10919ca24932ad0a0135e46119ecfd5,2.6226043701171875e-06,aime24:p17:s0:seed17042,69e6e42dc75e6e4dd872f1d902c29c4269171195229da34733e720e66cc0cbb3
0.157265447312966,matched_path_accumulation_v1,4096,kivi_rolling_k2v2_s16_r128,final,v1,hidden_relative_L2,0.15946833789348602,232e3b08d10919ca24932ad0a0135e46119ecfd5,0.002202890580520034,aime24:p17:s0:seed17042,69e6e42dc75e6e4dd872f1d902c29c4269171195229da34733e720e66cc0cbb3
0.157265447312966,matched_path_accumulation_v1,4096,kivi_rolling_k2v2_s16_r128,final,v1,attention_output_relative_L2,0.15946833789348602,232e3b08d10919ca24932ad0a0135e46119ecfd5,0.002202890580520034,aime24:p17:s0:seed17042,69e6e42dc75e6e4dd872f1d902c29c4269171195229da34733e720e66cc0cbb3
2.557885486886846e-05,matched_path_accumulation_v1,4096,kivi_rolling_k2v2_s16_r128,final,v1,next_token_KL,2.5595354600227438e-05,232e3b08d10919ca24932ad0a0135e46119ecfd5,1.6499731358976533e-08,aime24:p17:s0:seed17042,69e6e42dc75e6e4dd872f1d902c29c4269171195229da34733e720e66cc0cbb3
8.106486251158174e-06,matched_path_accumulation_v1,4096,kivi_rolling_k2v2_s16_r128,final,v1,next_token_JS,8.106540008157026e-06,232e3b08d10919ca24932ad0a0135e46119ecfd5,5.375699885235008e-11,aime24:p17:s0:seed17042,69e6e42dc75e6e4dd872f1d902c29c4269171195229da34733e720e66cc0cbb3
3.540435136528686e-05,matched_path_accumulation_v1,4096,kivi_rolling_k2v2_s16_r128,final,v1,target_token_NLL_delta,3.540435136528686e-05,232e3b08d10919ca24932ad0a0135e46119ecfd5,0.0,aime24:p17:s0:seed17042,69e6e42dc75e6e4dd872f1d902c29c4269171195229da34733e720e66cc0cbb3
0.0,matched_path_accumulation_v1,4096,kivi_rolling_k2v2_s16_r128,final,v1,top1_disagreement,0.0,232e3b08d10919ca24932ad0a0135e46119ecfd5,0.0,aime24:p17:s0:seed17042,69e6e42dc75e6e4dd872f1d902c29c4269171195229da34733e720e66cc0cbb3
2.4599609375,matched_path_accumulation_v1,4096,kivi_rolling_k2v2_s16_r128,final,v1,logit_max_abs_diff,2.4833984375,232e3b08d10919ca24932ad0a0135e46119ecfd5,0.0234375,aime24:p17:s0:seed17042,69e6e42dc75e6e4dd872f1d902c29c4269171195229da34733e720e66cc0cbb3
-1.1920928955078125e-07,matched_path_accumulation_v1,128,pattern_rolling_k2v2_s0_r128,final,v1,hidden_cosine_loss,2.205371856689453e-06,232e3b08d10919ca24932ad0a0135e46119ecfd5,2.3245811462402344e-06,aime24:p12:s0:seed12042,7754635042ebef112c4b83e17b7500a20db8f14bba0fb44fd8575864e04baa05
1.2018019333481789e-05,matched_path_accumulation_v1,128,pattern_rolling_k2v2_s0_r128,final,v1,hidden_relative_L2,0.0020886568818241358,232e3b08d10919ca24932ad0a0135e46119ecfd5,0.002076638862490654,aime24:p12:s0:seed12042,7754635042ebef112c4b83e17b7500a20db8f14bba0fb44fd8575864e04baa05
1.2018019333481789e-05,matched_path_accumulation_v1,128,pattern_rolling_k2v2_s0_r128,final,v1,attention_output_relative_L2,0.0020886568818241358,232e3b08d10919ca24932ad0a0135e46119ecfd5,0.002076638862490654,aime24:p12:s0:seed12042,7754635042ebef112c4b83e17b7500a20db8f14bba0fb44fd8575864e04baa05
1.662789905765294e-08,matched_path_accumulation_v1,128,pattern_rolling_k2v2_s0_r128,final,v1,next_token_KL,1.662789905765294e-08,232e3b08d10919ca24932ad0a0135e46119ecfd5,0.0,aime24:p12:s0:seed12042,7754635042ebef112c4b83e17b7500a20db8f14bba0fb44fd8575864e04baa05
-1.3964607248340144e-10,matched_path_accumulation_v1,128,pattern_rolling_k2v2_s0_r128,final,v1,next_token_JS,9.671596856719589e-11,232e3b08d10919ca24932ad0a0135e46119ecfd5,2.3636204105059733e-10,aime24:p12:s0:seed12042,7754635042ebef112c4b83e17b7500a20db8f14bba0fb44fd8575864e04baa05
1.1920838005607948e-07,matched_path_accumulation_v1,128,pattern_rolling_k2v2_s0_r128,final,v1,target_token_NLL_delta,0.0,232e3b08d10919ca24932ad0a0135e46119ecfd5,-1.1920838005607948e-07,aime24:p12:s0:seed12042,7754635042ebef112c4b83e17b7500a20db8f14bba0fb44fd8575864e04baa05
0.0,matched_path_accumulation_v1,128,pattern_rolling_k2v2_s0_r128,final,v1,top1_disagreement,0.0,232e3b08d10919ca24932ad0a0135e46119ecfd5,0.0,aime24:p12:s0:seed12042,7754635042ebef112c4b83e17b7500a20db8f14bba0fb44fd8575864e04baa05
-0.00390625,matched_path_accumulation_v1,128,pattern_rolling_k2v2_s0_r128,final,v1,logit_max_abs_diff,0.01953125,232e3b08d10919ca24932ad0a0135e46119ecfd5,0.0234375,aime24:p12:s0:seed12042,7754635042ebef112c4b83e17b7500a20db8f14bba0fb44fd8575864e04baa05
0.14149290323257446,matched_path_accumulation_v1,512,pattern_rolling_k2v2_s0_r128,final,v1,hidden_cosine_loss,0.1414957046508789,232e3b08d10919ca24932ad0a0135e46119ecfd5,2.8014183044433594e-06,aime24:p12:s0:seed12042,7754635042ebef112c4b83e17b7500a20db8f14bba0fb44fd8575864e04baa05
0.5178095721639693,matched_path_accumulation_v1,512,pattern_rolling_k2v2_s0_r128,final,v1,hidden_relative_L2,0.5201375484466553,232e3b08d10919ca24932ad0a0135e46119ecfd5,0.002327976282685995,aime24:p12:s0:seed12042,7754635042ebef112c4b83e17b7500a20db8f14bba0fb44fd8575864e04baa05
0.5178095721639693,matched_path_accumulation_v1,512,pattern_rolling_k2v2_s0_r128,final,v1,attention_output_relative_L2,0.5201375484466553,232e3b08d10919ca24932ad0a0135e46119ecfd5,0.002327976282685995,aime24:p12:s0:seed12042,7754635042ebef112c4b83e17b7500a20db8f14bba0fb44fd8575864e04baa05
0.0017494868171183953,matched_path_accumulation_v1,512,pattern_rolling_k2v2_s0_r128,final,v1,next_token_KL,0.0017498532542958856,232e3b08d10919ca24932ad0a0135e46119ecfd5,3.6643717749029747e-07,aime24:p12:s0:seed12042,7754635042ebef112c4b83e17b7500a20db8f14bba0fb44fd8575864e04baa05
0.0005175962996339933,matched_path_accumulation_v1,512,pattern_rolling_k2v2_s0_r128,final,v1,next_token_JS,0.0005176387494429946,232e3b08d10919ca24932ad0a0135e46119ecfd5,4.2449809001254835e-08,aime24:p12:s0:seed12042,7754635042ebef112c4b83e17b7500a20db8f14bba0fb44fd8575864e04baa05
0.003435596707277,matched_path_accumulation_v1,512,pattern_rolling_k2v2_s0_r128,final,v1,target_token_NLL_delta,0.0034566684626042843,232e3b08d10919ca24932ad0a0135e46119ecfd5,2.1071755327284336e-05,aime24:p12:s0:seed12042,7754635042ebef112c4b83e17b7500a20db8f14bba0fb44fd8575864e04baa05
0.0,matched_path_accumulation_v1,512,pattern_rolling_k2v2_s0_r128,final,v1,top1_disagreement,0.0,232e3b08d10919ca24932ad0a0135e46119ecfd5,0.0,aime24:p12:s0:seed12042,7754635042ebef112c4b83e17b7500a20db8f14bba0fb44fd8575864e04baa05
5.1416015625,matched_path_accumulation_v1,512,pattern_rolling_k2v2_s0_r128,final,v1,logit_max_abs_diff,5.1630859375,232e3b08d10919ca24932ad0a0135e46119ecfd5,0.021484375,aime24:p12:s0:seed12042,7754635042ebef112c4b83e17b7500a20db8f14bba0fb44fd8575864e04baa05
0.06487852334976196,matched_path_accumulation_v1,1024,pattern_rolling_k2v2_s0_r128,final,v1,hidden_cosine_loss,0.06488072872161865,232e3b08d10919ca24932ad0a0135e46119ecfd5,2.205371856689453e-06,aime24:p12:s0:seed12042,7754635042ebef112c4b83e17b7500a20db8f14bba0fb44fd8575864e04baa05
0.36368407611735165,matched_path_accumulation_v1,1024,pattern_rolling_k2v2_s0_r128,final,v1,hidden_relative_L2,0.36571890115737915,232e3b08d10919ca24932ad0a0135e46119ecfd5,0.002034825040027499,aime24:p12:s0:seed12042,7754635042ebef112c4b83e17b7500a20db8f14bba0fb44fd8575864e04baa05
0.36368407611735165,matched_path_accumulation_v1,1024,pattern_rolling_k2v2_s0_r128,final,v1,attention_output_relative_L2,0.36571890115737915,232e3b08d10919ca24932ad0a0135e46119ecfd5,0.002034825040027499,aime24:p12:s0:seed12042,7754635042ebef112c4b83e17b7500a20db8f14bba0fb44fd8575864e04baa05
0.0013797700816553515,matched_path_accumulation_v1,1024,pattern_rolling_k2v2_s0_r128,final,v1,next_token_KL,0.0013797857100144029,232e3b08d10919ca24932ad0a0135e46119ecfd5,1.5628359051333973e-08,aime24:p12:s0:seed12042,7754635042ebef112c4b83e17b7500a20db8f14bba0fb44fd8575864e04baa05
0.00037756344800143893,matched_path_accumulation_v1,1024,pattern_rolling_k2v2_s0_r128,final,v1,next_token_JS,0.0003776024095714092,232e3b08d10919ca24932ad0a0135e46119ecfd5,3.8961569970297205e-08,aime24:p12:s0:seed12042,7754635042ebef112c4b83e17b7500a20db8f14bba0fb44fd8575864e04baa05
0.0019605858251452446,matched_path_accumulation_v1,1024,pattern_rolling_k2v2_s0_r128,final,v1,target_token_NLL_delta,0.001953946426510811,232e3b08d10919ca24932ad0a0135e46119ecfd5,-6.639398634433746e-06,aime24:p12:s0:seed12042,7754635042ebef112c4b83e17b7500a20db8f14bba0fb44fd8575864e04baa05
0.0,matched_path_accumulation_v1,1024,pattern_rolling_k2v2_s0_r128,final,v1,top1_disagreement,0.0,232e3b08d10919ca24932ad0a0135e46119ecfd5,0.0,aime24:p12:s0:seed12042,7754635042ebef112c4b83e17b7500a20db8f14bba0fb44fd8575864e04baa05
3.55859375,matched_path_accumulation_v1,1024,pattern_rolling_k2v2_s0_r128,final,v1,logit_max_abs_diff,3.58203125,232e3b08d10919ca24932ad0a0135e46119ecfd5,0.0234375,aime24:p12:s0:seed12042,7754635042ebef112c4b83e17b7500a20db8f14bba0fb44fd8575864e04baa05
0.05135577917098999,matched_path_accumulation_v1,2048,pattern_rolling_k2v2_s0_r128,final,v1,hidden_cosine_loss,0.0513576865196228,232e3b08d10919ca24932ad0a0135e46119ecfd5,1.9073486328125e-06,aime24:p12:s0:seed12042,7754635042ebef112c4b83e17b7500a20db8f14bba0fb44fd8575864e04baa05
0.31924033095128834,matched_path_accumulation_v1,2048,pattern_rolling_k2v2_s0_r128,final,v1,hidden_relative_L2,0.320986807346344,232e3b08d10919ca24932ad0a0135e46119ecfd5,0.0017464763950556517,aime24:p12:s0:seed12042,7754635042ebef112c4b83e17b7500a20db8f14bba0fb44fd8575864e04baa05
0.31924033095128834,matched_path_accumulation_v1,2048,pattern_rolling_k2v2_s0_r128,final,v1,attention_output_relative_L2,0.320986807346344,232e3b08d10919ca24932ad0a0135e46119ecfd5,0.0017464763950556517,aime24:p12:s0:seed12042,7754635042ebef112c4b83e17b7500a20db8f14bba0fb44fd8575864e04baa05
0.05093632788921276,matched_path_accumulation_v1,2048,pattern_rolling_k2v2_s0_r128,final,v1,next_token_KL,0.05093633756041527,232e3b08d10919ca24932ad0a0135e46119ecfd5,9.671202505501242e-09,aime24:p12:s0:seed12042,7754635042ebef112c4b83e17b7500a20db8f14bba0fb44fd8575864e04baa05
0.012513302898987888,matched_path_accumulation_v1,2048,pattern_rolling_k2v2_s0_r128,final,v1,next_token_JS,0.012513342313468456,232e3b08d10919ca24932ad0a0135e46119ecfd5,3.941448056821173e-08,aime24:p12:s0:seed12042,7754635042ebef112c4b83e17b7500a20db8f14bba0fb44fd8575864e04baa05
-0.2795256972312927,matched_path_accumulation_v1,2048,pattern_rolling_k2v2_s0_r128,final,v1,target_token_NLL_delta,-0.27952510118484497,232e3b08d10919ca24932ad0a0135e46119ecfd5,5.960464477539062e-07,aime24:p12:s0:seed12042,7754635042ebef112c4b83e17b7500a20db8f14bba0fb44fd8575864e04baa05
0.0,matched_path_accumulation_v1,2048,pattern_rolling_k2v2_s0_r128,final,v1,top1_disagreement,0.0,232e3b08d10919ca24932ad0a0135e46119ecfd5,0.0,aime24:p12:s0:seed12042,7754635042ebef112c4b83e17b7500a20db8f14bba0fb44fd8575864e04baa05
3.43359375,matched_path_accumulation_v1,2048,pattern_rolling_k2v2_s0_r128,final,v1,logit_max_abs_diff,3.453125,232e3b08d10919ca24932ad0a0135e46119ecfd5,0.01953125,aime24:p12:s0:seed12042,7754635042ebef112c4b83e17b7500a20db8f14bba0fb44fd8575864e04baa05
0.09845870733261108,matched_path_accumulation_v1,4096,pattern_rolling_k2v2_s0_r128,final,v1,hidden_cosine_loss,0.09846043586730957,232e3b08d10919ca24932ad0a0135e46119ecfd5,1.7285346984863281e-06,aime24:p12:s0:seed12042,7754635042ebef112c4b83e17b7500a20db8f14bba0fb44fd8575864e04baa05
0.44101465435232967,matched_path_accumulation_v1,4096,pattern_rolling_k2v2_s0_r128,final,v1,hidden_relative_L2,0.44275566935539246,232e3b08d10919ca24932ad0a0135e46119ecfd5,0.0017410150030627847,aime24:p12:s0:seed12042,7754635042ebef112c4b83e17b7500a20db8f14bba0fb44fd8575864e04baa05
0.44101465435232967,matched_path_accumulation_v1,4096,pattern_rolling_k2v2_s0_r128,final,v1,attention_output_relative_L2,0.44275566935539246,232e3b08d10919ca24932ad0a0135e46119ecfd5,0.0017410150030627847,aime24:p12:s0:seed12042,7754635042ebef112c4b83e17b7500a20db8f14bba0fb44fd8575864e04baa05
0.3567916536831035,matched_path_accumulation_v1,4096,pattern_rolling_k2v2_s0_r128,final,v1,next_token_KL,0.3567931354045868,232e3b08d10919ca24932ad0a0135e46119ecfd5,1.4817214832874015e-06,aime24:p12:s0:seed12042,7754635042ebef112c4b83e17b7500a20db8f14bba0fb44fd8575864e04baa05
0.10486852187017348,matched_path_accumulation_v1,4096,pattern_rolling_k2v2_s0_r128,final,v1,next_token_JS,0.1048688143491745,232e3b08d10919ca24932ad0a0135e46119ecfd5,2.924790010183642e-07,aime24:p12:s0:seed12042,7754635042ebef112c4b83e17b7500a20db8f14bba0fb44fd8575864e04baa05
0.502028115093708,matched_path_accumulation_v1,4096,pattern_rolling_k2v2_s0_r128,final,v1,target_token_NLL_delta,0.5019490122795105,232e3b08d10919ca24932ad0a0135e46119ecfd5,-7.910281419754028e-05,aime24:p12:s0:seed12042,7754635042ebef112c4b83e17b7500a20db8f14bba0fb44fd8575864e04baa05
0.0,matched_path_accumulation_v1,4096,pattern_rolling_k2v2_s0_r128,final,v1,top1_disagreement,0.0,232e3b08d10919ca24932ad0a0135e46119ecfd5,0.0,aime24:p12:s0:seed12042,7754635042ebef112c4b83e17b7500a20db8f14bba0fb44fd8575864e04baa05
5.521484375,matched_path_accumulation_v1,4096,pattern_rolling_k2v2_s0_r128,final,v1,logit_max_abs_diff,5.5380859375,232e3b08d10919ca24932ad0a0135e46119ecfd5,0.0166015625,aime24:p12:s0:seed12042,7754635042ebef112c4b83e17b7500a20db8f14bba0fb44fd8575864e04baa05
1.7881393432617188e-07,matched_path_accumulation_v1,128,pattern_rolling_k2v2_s0_r128,final,v1,hidden_cosine_loss,1.7881393432617188e-06,232e3b08d10919ca24932ad0a0135e46119ecfd5,1.6093254089355469e-06,aime24:p14:s0:seed14042,985f71725748f372cf08d2f249fcbd5c6d3dac5efa97289e418dbb154a727e3d
9.17213037610054e-06,matched_path_accumulation_v1,128,pattern_rolling_k2v2_s0_r128,final,v1,hidden_relative_L2,0.0017732562264427543,232e3b08d10919ca24932ad0a0135e46119ecfd5,0.0017640840960666537,aime24:p14:s0:seed14042,985f71725748f372cf08d2f249fcbd5c6d3dac5efa97289e418dbb154a727e3d
9.17213037610054e-06,matched_path_accumulation_v1,128,pattern_rolling_k2v2_s0_r128,final,v1,attention_output_relative_L2,0.0017732562264427543,232e3b08d10919ca24932ad0a0135e46119ecfd5,0.0017640840960666537,aime24:p14:s0:seed14042,985f71725748f372cf08d2f249fcbd5c6d3dac5efa97289e418dbb154a727e3d
1.7929282591921947e-07,matched_path_accumulation_v1,128,pattern_rolling_k2v2_s0_r128,final,v1,next_token_KL,1.7929282591921947e-07,232e3b08d10919ca24932ad0a0135e46119ecfd5,0.0,aime24:p14:s0:seed14042,985f71725748f372cf08d2f249fcbd5c6d3dac5efa97289e418dbb154a727e3d
8.485270086566743e-08,matched_path_accumulation_v1,128,pattern_rolling_k2v2_s0_r128,final,v1,next_token_JS,8.485270086566743e-08,232e3b08d10919ca24932ad0a0135e46119ecfd5,0.0,aime24:p14:s0:seed14042,985f71725748f372cf08d2f249fcbd5c6d3dac5efa97289e418dbb154a727e3d
2.0193634554743767e-05,matched_path_accumulation_v1,128,pattern_rolling_k2v2_s0_r128,final,v1,target_token_NLL_delta,2.1500280126929283e-05,232e3b08d10919ca24932ad0a0135e46119ecfd5,1.3066455721855164e-06,aime24:p14:s0:seed14042,985f71725748f372cf08d2f249fcbd5c6d3dac5efa97289e418dbb154a727e3d
0.0,matched_path_accumulation_v1,128,pattern_rolling_k2v2_s0_r128,final,v1,top1_disagreement,0.0,232e3b08d10919ca24932ad0a0135e46119ecfd5,0.0,aime24:p14:s0:seed14042,985f71725748f372cf08d2f249fcbd5c6d3dac5efa97289e418dbb154a727e3d
0.00390625,matched_path_accumulation_v1,128,pattern_rolling_k2v2_s0_r128,final,v1,logit_max_abs_diff,0.01953125,232e3b08d10919ca24932ad0a0135e46119ecfd5,0.015625,aime24:p14:s0:seed14042,985f71725748f372cf08d2f249fcbd5c6d3dac5efa97289e418dbb154a727e3d
0.07048529386520386,matched_path_accumulation_v1,512,pattern_rolling_k2v2_s0_r128,final,v1,hidden_cosine_loss,0.07048791646957397,232e3b08d10919ca24932ad0a0135e46119ecfd5,2.6226043701171875e-06,aime24:p14:s0:seed14042,985f71725748f372cf08d2f249fcbd5c6d3dac5efa97289e418dbb154a727e3d
0.37829625117592514,matched_path_accumulation_v1,512,pattern_rolling_k2v2_s0_r128,final,v1,hidden_relative_L2,0.3804387152194977,232e3b08d10919ca24932ad0a0135e46119ecfd5,0.002142464043572545,aime24:p14:s0:seed14042,985f71725748f372cf08d2f249fcbd5c6d3dac5efa97289e418dbb154a727e3d
0.37829625117592514,matched_path_accumulation_v1,512,pattern_rolling_k2v2_s0_r128,final,v1,attention_output_relative_L2,0.3804387152194977,232e3b08d10919ca24932ad0a0135e46119ecfd5,0.002142464043572545,aime24:p14:s0:seed14042,985f71725748f372cf08d2f249fcbd5c6d3dac5efa97289e418dbb154a727e3d
0.020693064479473833,matched_path_accumulation_v1,512,pattern_rolling_k2v2_s0_r128,final,v1,next_token_KL,0.02069772779941559,232e3b08d10919ca24932ad0a0135e46119ecfd5,4.663319941755617e-06,aime24:p14:s0:seed14042,985f71725748f372cf08d2f249fcbd5c6d3dac5efa97289e418dbb154a727e3d
0.0062110738674618915,matched_path_accumulation_v1,512,pattern_rolling_k2v2_s0_r128,final,v1,next_token_JS,0.006212261505424976,232e3b08d10919ca24932ad0a0135e46119ecfd5,1.1876379630848533e-06,aime24:p14:s0:seed14042,985f71725748f372cf08d2f249fcbd5c6d3dac5efa97289e418dbb154a727e3d
0.046606771647930145,matched_path_accumulation_v1,512,pattern_rolling_k2v2_s0_r128,final,v1,target_token_NLL_delta,0.04603467881679535,232e3b08d10919ca24932ad0a0135e46119ecfd5,-0.0005720928311347961,aime24:p14:s0:seed14042,985f71725748f372cf08d2f249fcbd5c6d3dac5efa97289e418dbb154a727e3d
0.0,matched_path_accumulation_v1,512,pattern_rolling_k2v2_s0_r128,final,v1,top1_disagreement,0.0,232e3b08d10919ca24932ad0a0135e46119ecfd5,0.0,aime24:p14:s0:seed14042,985f71725748f372cf08d2f249fcbd5c6d3dac5efa97289e418dbb154a727e3d
2.98046875,matched_path_accumulation_v1,512,pattern_rolling_k2v2_s0_r128,final,v1,logit_max_abs_diff,2.998046875,232e3b08d10919ca24932ad0a0135e46119ecfd5,0.017578125,aime24:p14:s0:seed14042,985f71725748f372cf08d2f249fcbd5c6d3dac5efa97289e418dbb154a727e3d
0.08241236209869385,matched_path_accumulation_v1,1024,pattern_rolling_k2v2_s0_r128,final,v1,hidden_cosine_loss,0.08241569995880127,232e3b08d10919ca24932ad0a0135e46119ecfd5,3.337860107421875e-06,aime24:p14:s0:seed14042,985f71725748f372cf08d2f249fcbd5c6d3dac5efa97289e418dbb154a727e3d
0.39794913097284734,matched_path_accumulation_v1,1024,pattern_rolling_k2v2_s0_r128,final,v1,hidden_relative_L2,0.40042003989219666,232e3b08d10919ca24932ad0a0135e46119ecfd5,0.0024709089193493128,aime24:p14:s0:seed14042,985f71725748f372cf08d2f249fcbd5c6d3dac5efa97289e418dbb154a727e3d
0.39794913097284734,matched_path_accumulation_v1,1024,pattern_rolling_k2v2_s0_r128,final,v1,attention_output_relative_L2,0.40042003989219666,232e3b08d10919ca24932ad0a0135e46119ecfd5,0.0024709089193493128,aime24:p14:s0:seed14042,985f71725748f372cf08d2f249fcbd5c6d3dac5efa97289e418dbb154a727e3d
1.4120554749919023e-06,matched_path_accumulation_v1,1024,pattern_rolling_k2v2_s0_r128,final,v1,next_token_KL,1.4148236004984938e-06,232e3b08d10919ca24932ad0a0135e46119ecfd5,2.7681255065914456e-09,aime24:p14:s0:seed14042,985f71725748f372cf08d2f249fcbd5c6d3dac5efa97289e418dbb154a727e3d
3.5395649827796305e-07,matched_path_accumulation_v1,1024,pattern_rolling_k2v2_s0_r128,final,v1,next_token_JS,3.5409181009526947e-07,232e3b08d10919ca24932ad0a0135e46119ecfd5,1.3531181730641606e-10,aime24:p14:s0:seed14042,985f71725748f372cf08d2f249fcbd5c6d3dac5efa97289e418dbb154a727e3d
-1.907328623929061e-06,matched_path_accumulation_v1,1024,pattern_rolling_k2v2_s0_r128,final,v1,target_token_NLL_delta,-1.907328623929061e-06,232e3b08d10919ca24932ad0a0135e46119ecfd5,0.0,aime24:p14:s0:seed14042,985f71725748f372cf08d2f249fcbd5c6d3dac5efa97289e418dbb154a727e3d
0.0,matched_path_accumulation_v1,1024,pattern_rolling_k2v2_s0_r128,final,v1,top1_disagreement,0.0,232e3b08d10919ca24932ad0a0135e46119ecfd5,0.0,aime24:p14:s0:seed14042,985f71725748f372cf08d2f249fcbd5c6d3dac5efa97289e418dbb154a727e3d
3.086181640625,matched_path_accumulation_v1,1024,pattern_rolling_k2v2_s0_r128,final,v1,logit_max_abs_diff,3.105712890625,232e3b08d10919ca24932ad0a0135e46119ecfd5,0.01953125,aime24:p14:s0:seed14042,985f71725748f372cf08d2f249fcbd5c6d3dac5efa97289e418dbb154a727e3d
0.06292033195495605,matched_path_accumulation_v1,2048,pattern_rolling_k2v2_s0_r128,final,v1,hidden_cosine_loss,0.06292486190795898,232e3b08d10919ca24932ad0a0135e46119ecfd5,4.5299530029296875e-06,aime24:p14:s0:seed14042,985f71725748f372cf08d2f249fcbd5c6d3dac5efa97289e418dbb154a727e3d
0.3625497149769217,matched_path_accumulation_v1,2048,pattern_rolling_k2v2_s0_r128,final,v1,hidden_relative_L2,0.36537715792655945,232e3b08d10919ca24932ad0a0135e46119ecfd5,0.0028274429496377707,aime24:p14:s0:seed14042,985f71725748f372cf08d2f249fcbd5c6d3dac5efa97289e418dbb154a727e3d
0.3625497149769217,matched_path_accumulation_v1,2048,pattern_rolling_k2v2_s0_r128,final,v1,attention_output_relative_L2,0.36537715792655945,232e3b08d10919ca24932ad0a0135e46119ecfd5,0.0028274429496377707,aime24:p14:s0:seed14042,985f71725748f372cf08d2f249fcbd5c6d3dac5efa97289e418dbb154a727e3d
0.08454011359231117,matched_path_accumulation_v1,2048,pattern_rolling_k2v2_s0_r128,final,v1,next_token_KL,0.08454223722219467,232e3b08d10919ca24932ad0a0135e46119ecfd5,2.123629883499234e-06,aime24:p14:s0:seed14042,985f71725748f372cf08d2f249fcbd5c6d3dac5efa97289e418dbb154a727e3d
0.02451882256116278,matched_path_accumulation_v1,2048,pattern_rolling_k2v2_s0_r128,final,v1,next_token_JS,0.024519309401512146,232e3b08d10919ca24932ad0a0135e46119ecfd5,4.868403493674123e-07,aime24:p14:s0:seed14042,985f71725748f372cf08d2f249fcbd5c6d3dac5efa97289e418dbb154a727e3d
-0.06205904483795166,matched_path_accumulation_v1,2048,pattern_rolling_k2v2_s0_r128,final,v1,target_token_NLL_delta,-0.06207275390625,232e3b08d10919ca24932ad0a0135e46119ecfd5,-1.3709068298339844e-05,aime24:p14:s0:seed14042,985f71725748f372cf08d2f249fcbd5c6d3dac5efa97289e418dbb154a727e3d
0.0,matched_path_accumulation_v1,2048,pattern_rolling_k2v2_s0_r128,final,v1,top1_disagreement,0.0,232e3b08d10919ca24932ad0a0135e46119ecfd5,0.0,aime24:p14:s0:seed14042,985f71725748f372cf08d2f249fcbd5c6d3dac5efa97289e418dbb154a727e3d
3.35791015625,matched_path_accumulation_v1,2048,pattern_rolling_k2v2_s0_r128,final,v1,logit_max_abs_diff,3.40478515625,232e3b08d10919ca24932ad0a0135e46119ecfd5,0.046875,aime24:p14:s0:seed14042,985f71725748f372cf08d2f249fcbd5c6d3dac5efa97289e418dbb154a727e3d
0.04830747842788696,matched_path_accumulation_v1,4096,pattern_rolling_k2v2_s0_r128,final,v1,hidden_cosine_loss,0.04830867052078247,232e3b08d10919ca24932ad0a0135e46119ecfd5,1.1920928955078125e-06,aime24:p14:s0:seed14042,985f71725748f372cf08d2f249fcbd5c6d3dac5efa97289e418dbb154a727e3d
0.31550997484009713,matched_path_accumulation_v1,4096,pattern_rolling_k2v2_s0_r128,final,v1,hidden_relative_L2,0.31695085763931274,232e3b08d10919ca24932ad0a0135e46119ecfd5,0.0014408827992156148,aime24:p14:s0:seed14042,985f71725748f372cf08d2f249fcbd5c6d3dac5efa97289e418dbb154a727e3d
0.31550997484009713,matched_path_accumulation_v1,4096,pattern_rolling_k2v2_s0_r128,final,v1,attention_output_relative_L2,0.31695085763931274,232e3b08d10919ca24932ad0a0135e46119ecfd5,0.0014408827992156148,aime24:p14:s0:seed14042,985f71725748f372cf08d2f249fcbd5c6d3dac5efa97289e418dbb154a727e3d
0.25647038375518605,matched_path_accumulation_v1,4096,pattern_rolling_k2v2_s0_r128,final,v1,next_token_KL,0.25648102164268494,232e3b08d10919ca24932ad0a0135e46119ecfd5,1.0637887498887721e-05,aime24:p14:s0:seed14042,985f71725748f372cf08d2f249fcbd5c6d3dac5efa97289e418dbb154a727e3d
0.05856642098387965,matched_path_accumulation_v1,4096,pattern_rolling_k2v2_s0_r128,final,v1,next_token_JS,0.05856902152299881,232e3b08d10919ca24932ad0a0135e46119ecfd5,2.6005391191574745e-06,aime24:p14:s0:seed14042,985f71725748f372cf08d2f249fcbd5c6d3dac5efa97289e418dbb154a727e3d
-0.6803016662597656,matched_path_accumulation_v1,4096,pattern_rolling_k2v2_s0_r128,final,v1,target_token_NLL_delta,-0.6803468465805054,232e3b08d10919ca24932ad0a0135e46119ecfd5,-4.5180320739746094e-05,aime24:p14:s0:seed14042,985f71725748f372cf08d2f249fcbd5c6d3dac5efa97289e418dbb154a727e3d
1.0,matched_path_accumulation_v1,4096,pattern_rolling_k2v2_s0_r128,final,v1,top1_disagreement,1.0,232e3b08d10919ca24932ad0a0135e46119ecfd5,0.0,aime24:p14:s0:seed14042,985f71725748f372cf08d2f249fcbd5c6d3dac5efa97289e418dbb154a727e3d
4.125,matched_path_accumulation_v1,4096,pattern_rolling_k2v2_s0_r128,final,v1,logit_max_abs_diff,4.140625,232e3b08d10919ca24932ad0a0135e46119ecfd5,0.015625,aime24:p14:s0:seed14042,985f71725748f372cf08d2f249fcbd5c6d3dac5efa97289e418dbb154a727e3d
2.980232238769531e-07,matched_path_accumulation_v1,128,pattern_rolling_k2v2_s0_r128,final,v1,hidden_cosine_loss,1.9669532775878906e-06,232e3b08d10919ca24932ad0a0135e46119ecfd5,1.6689300537109375e-06,aime24:p15:s1:seed15043,b3071fe4e912d14e31a543908143a991dbe648bfe13ea6a3db80285f3da15dab
-7.450697012245655e-06,matched_path_accumulation_v1,128,pattern_rolling_k2v2_s0_r128,final,v1,hidden_relative_L2,0.0017232559621334076,232e3b08d10919ca24932ad0a0135e46119ecfd5,0.0017307066591456532,aime24:p15:s1:seed15043,b3071fe4e912d14e31a543908143a991dbe648bfe13ea6a3db80285f3da15dab
-7.450697012245655e-06,matched_path_accumulation_v1,128,pattern_rolling_k2v2_s0_r128,final,v1,attention_output_relative_L2,0.0017232559621334076,232e3b08d10919ca24932ad0a0135e46119ecfd5,0.0017307066591456532,aime24:p15:s1:seed15043,b3071fe4e912d14e31a543908143a991dbe648bfe13ea6a3db80285f3da15dab
1.6154389754774456e-05,matched_path_accumulation_v1,128,pattern_rolling_k2v2_s0_r128,final,v1,next_token_KL,1.6758171113906428e-05,232e3b08d10919ca24932ad0a0135e46119ecfd5,6.037813591319718e-07,aime24:p15:s1:seed15043,b3071fe4e912d14e31a543908143a991dbe648bfe13ea6a3db80285f3da15dab
4.011736436382307e-06,matched_path_accumulation_v1,128,pattern_rolling_k2v2_s0_r128,final,v1,next_token_JS,4.157417606620584e-06,232e3b08d10919ca24932ad0a0135e46119ecfd5,1.4568117023827654e-07,aime24:p15:s1:seed15043,b3071fe4e912d14e31a543908143a991dbe648bfe13ea6a3db80285f3da15dab
-0.0024959146976470947,matched_path_accumulation_v1,128,pattern_rolling_k2v2_s0_r128,final,v1,target_token_NLL_delta,-0.0025550127029418945,232e3b08d10919ca24932ad0a0135e46119ecfd5,-5.9098005294799805e-05,aime24:p15:s1:seed15043,b3071fe4e912d14e31a543908143a991dbe648bfe13ea6a3db80285f3da15dab
0.0,matched_path_accumulation_v1,128,pattern_rolling_k2v2_s0_r128,final,v1,top1_disagreement,0.0,232e3b08d10919ca24932ad0a0135e46119ecfd5,0.0,aime24:p15:s1:seed15043,b3071fe4e912d14e31a543908143a991dbe648bfe13ea6a3db80285f3da15dab
0.0078125,matched_path_accumulation_v1,128,pattern_rolling_k2v2_s0_r128,final,v1,logit_max_abs_diff,0.0234375,232e3b08d10919ca24932ad0a0135e46119ecfd5,0.015625,aime24:p15:s1:seed15043,b3071fe4e912d14e31a543908143a991dbe648bfe13ea6a3db80285f3da15dab
0.1335378885269165,matched_path_accumulation_v1,512,pattern_rolling_k2v2_s0_r128,final,v1,hidden_cosine_loss,0.13354051113128662,232e3b08d10919ca24932ad0a0135e46119ecfd5,2.6226043701171875e-06,aime24:p15:s1:seed15043,b3071fe4e912d14e31a543908143a991dbe648bfe13ea6a3db80285f3da15dab
0.5613233784679323,matched_path_accumulation_v1,512,pattern_rolling_k2v2_s0_r128,final,v1,hidden_relative_L2,0.5634257793426514,232e3b08d10919ca24932ad0a0135e46119ecfd5,0.0021024008747190237,aime24:p15:s1:seed15043,b3071fe4e912d14e31a543908143a991dbe648bfe13ea6a3db80285f3da15dab
0.5613233784679323,matched_path_accumulation_v1,512,pattern_rolling_k2v2_s0_r128,final,v1,attention_output_relative_L2,0.5634257793426514,232e3b08d10919ca24932ad0a0135e46119ecfd5,0.0021024008747190237,aime24:p15:s1:seed15043,b3071fe4e912d14e31a543908143a991dbe648bfe13ea6a3db80285f3da15dab
0.043731733692808916,matched_path_accumulation_v1,512,pattern_rolling_k2v2_s0_r128,final,v1,next_token_KL,0.043731965124607086,232e3b08d10919ca24932ad0a0135e46119ecfd5,2.3143179816997872e-07,aime24:p15:s1:seed15043,b3071fe4e912d14e31a543908143a991dbe648bfe13ea6a3db80285f3da15dab
0.014868048584776972,matched_path_accumulation_v1,512,pattern_rolling_k2v2_s0_r128,final,v1,next_token_JS,0.01486810203641653,232e3b08d10919ca24932ad0a0135e46119ecfd5,5.34516395589435e-08,aime24:p15:s1:seed15043,b3071fe4e912d14e31a543908143a991dbe648bfe13ea6a3db80285f3da15dab
0.04537889757193625,matched_path_accumulation_v1,512,pattern_rolling_k2v2_s0_r128,final,v1,target_token_NLL_delta,0.04538986086845398,232e3b08d10919ca24932ad0a0135e46119ecfd5,1.096329651772976e-05,aime24:p15:s1:seed15043,b3071fe4e912d14e31a543908143a991dbe648bfe13ea6a3db80285f3da15dab
0.0,matched_path_accumulation_v1,512,pattern_rolling_k2v2_s0_r128,final,v1,top1_disagreement,0.0,232e3b08d10919ca24932ad0a0135e46119ecfd5,0.0,aime24:p15:s1:seed15043,b3071fe4e912d14e31a543908143a991dbe648bfe13ea6a3db80285f3da15dab
4.537109375,matched_path_accumulation_v1,512,pattern_rolling_k2v2_s0_r128,final,v1,logit_max_abs_diff,4.552734375,232e3b08d10919ca24932ad0a0135e46119ecfd5,0.015625,aime24:p15:s1:seed15043,b3071fe4e912d14e31a543908143a991dbe648bfe13ea6a3db80285f3da15dab
0.14093554019927979,matched_path_accumulation_v1,1024,pattern_rolling_k2v2_s0_r128,final,v1,hidden_cosine_loss,0.1409381628036499,232e3b08d10919ca24932ad0a0135e46119ecfd5,2.6226043701171875e-06,aime24:p15:s1:seed15043,b3071fe4e912d14e31a543908143a991dbe648bfe13ea6a3db80285f3da15dab
0.5421129511669278,matched_path_accumulation_v1,1024,pattern_rolling_k2v2_s0_r128,final,v1,hidden_relative_L2,0.5443893074989319,232e3b08d10919ca24932ad0a0135e46119ecfd5,0.0022763563320040703,aime24:p15:s1:seed15043,b3071fe4e912d14e31a543908143a991dbe648bfe13ea6a3db80285f3da15dab
0.5421129511669278,matched_path_accumulation_v1,1024,pattern_rolling_k2v2_s0_r128,final,v1,attention_output_relative_L2,0.5443893074989319,232e3b08d10919ca24932ad0a0135e46119ecfd5,0.0022763563320040703,aime24:p15:s1:seed15043,b3071fe4e912d14e31a543908143a991dbe648bfe13ea6a3db80285f3da15dab
2.3210049432620394e-05,matched_path_accumulation_v1,1024,pattern_rolling_k2v2_s0_r128,final,v1,next_token_KL,2.3237713321577758e-05,232e3b08d10919ca24932ad0a0135e46119ecfd5,2.766388895736327e-08,aime24:p15:s1:seed15043,b3071fe4e912d14e31a543908143a991dbe648bfe13ea6a3db80285f3da15dab
6.22631084645775e-06,matched_path_accumulation_v1,1024,pattern_rolling_k2v2_s0_r128,final,v1,next_token_JS,6.22850075160386e-06,232e3b08d10919ca24932ad0a0135e46119ecfd5,2.1899051461105046e-09,aime24:p15:s1:seed15043,b3071fe4e912d14e31a543908143a991dbe648bfe13ea6a3db80285f3da15dab
3.21850529871881e-06,matched_path_accumulation_v1,1024,pattern_rolling_k2v2_s0_r128,final,v1,target_token_NLL_delta,3.4569129638839513e-06,232e3b08d10919ca24932ad0a0135e46119ecfd5,2.3840766516514122e-07,aime24:p15:s1:seed15043,b3071fe4e912d14e31a543908143a991dbe648bfe13ea6a3db80285f3da15dab
0.0,matched_path_accumulation_v1,1024,pattern_rolling_k2v2_s0_r128,final,v1,top1_disagreement,0.0,232e3b08d10919ca24932ad0a0135e46119ecfd5,0.0,aime24:p15:s1:seed15043,b3071fe4e912d14e31a543908143a991dbe648bfe13ea6a3db80285f3da15dab
4.69287109375,matched_path_accumulation_v1,1024,pattern_rolling_k2v2_s0_r128,final,v1,logit_max_abs_diff,4.71240234375,232e3b08d10919ca24932ad0a0135e46119ecfd5,0.01953125,aime24:p15:s1:seed15043,b3071fe4e912d14e31a543908143a991dbe648bfe13ea6a3db80285f3da15dab
0.10535377264022827,matched_path_accumulation_v1,2048,pattern_rolling_k2v2_s0_r128,final,v1,hidden_cosine_loss,0.10535752773284912,232e3b08d10919ca24932ad0a0135e46119ecfd5,3.7550926208496094e-06,aime24:p15:s1:seed15043,b3071fe4e912d14e31a543908143a991dbe648bfe13ea6a3db80285f3da15dab
0.48209383292123675,matched_path_accumulation_v1,2048,pattern_rolling_k2v2_s0_r128,final,v1,hidden_relative_L2,0.48474204540252686,232e3b08d10919ca24932ad0a0135e46119ecfd5,0.002648212481290102,aime24:p15:s1:seed15043,b3071fe4e912d14e31a543908143a991dbe648bfe13ea6a3db80285f3da15dab
0.48209383292123675,matched_path_accumulation_v1,2048,pattern_rolling_k2v2_s0_r128,final,v1,attention_output_relative_L2,0.48474204540252686,232e3b08d10919ca24932ad0a0135e46119ecfd5,0.002648212481290102,aime24:p15:s1:seed15043,b3071fe4e912d14e31a543908143a991dbe648bfe13ea6a3db80285f3da15dab
0.0024496521800756454,matched_path_accumulation_v1,2048,pattern_rolling_k2v2_s0_r128,final,v1,next_token_KL,0.0024496521800756454,232e3b08d10919ca24932ad0a0135e46119ecfd5,0.0,aime24:p15:s1:seed15043,b3071fe4e912d14e31a543908143a991dbe648bfe13ea6a3db80285f3da15dab
0.0008154626198653148,matched_path_accumulation_v1,2048,pattern_rolling_k2v2_s0_r128,final,v1,next_token_JS,0.0008154744864441454,232e3b08d10919ca24932ad0a0135e46119ecfd5,1.18665788306771e-08,aime24:p15:s1:seed15043,b3071fe4e912d14e31a543908143a991dbe648bfe13ea6a3db80285f3da15dab
0.0028574730386026204,matched_path_accumulation_v1,2048,pattern_rolling_k2v2_s0_r128,final,v1,target_token_NLL_delta,0.0028583072125911713,232e3b08d10919ca24932ad0a0135e46119ecfd5,8.341739885509014e-07,aime24:p15:s1:seed15043,b3071fe4e912d14e31a543908143a991dbe648bfe13ea6a3db80285f3da15dab
0.0,matched_path_accumulation_v1,2048,pattern_rolling_k2v2_s0_r128,final,v1,top1_disagreement,0.0,232e3b08d10919ca24932ad0a0135e46119ecfd5,0.0,aime24:p15:s1:seed15043,b3071fe4e912d14e31a543908143a991dbe648bfe13ea6a3db80285f3da15dab
3.953125,matched_path_accumulation_v1,2048,pattern_rolling_k2v2_s0_r128,final,v1,logit_max_abs_diff,3.9765625,232e3b08d10919ca24932ad0a0135e46119ecfd5,0.0234375,aime24:p15:s1:seed15043,b3071fe4e912d14e31a543908143a991dbe648bfe13ea6a3db80285f3da15dab
0.12668240070343018,matched_path_accumulation_v1,4096,pattern_rolling_k2v2_s0_r128,final,v1,hidden_cosine_loss,0.12668681144714355,232e3b08d10919ca24932ad0a0135e46119ecfd5,4.410743713378906e-06,aime24:p15:s1:seed15043,b3071fe4e912d14e31a543908143a991dbe648bfe13ea6a3db80285f3da15dab
0.5056430283002555,matched_path_accumulation_v1,4096,pattern_rolling_k2v2_s0_r128,final,v1,hidden_relative_L2,0.5084472298622131,232e3b08d10919ca24932ad0a0135e46119ecfd5,0.0028042015619575977,aime24:p15:s1:seed15043,b3071fe4e912d14e31a543908143a991dbe648bfe13ea6a3db80285f3da15dab
0.5056430283002555,matched_path_accumulation_v1,4096,pattern_rolling_k2v2_s0_r128,final,v1,attention_output_relative_L2,0.5084472298622131,232e3b08d10919ca24932ad0a0135e46119ecfd5,0.0028042015619575977,aime24:p15:s1:seed15043,b3071fe4e912d14e31a543908143a991dbe648bfe13ea6a3db80285f3da15dab
0.0015351080801337957,matched_path_accumulation_v1,4096,pattern_rolling_k2v2_s0_r128,final,v1,next_token_KL,0.0015351080801337957,232e3b08d10919ca24932ad0a0135e46119ecfd5,0.0,aime24:p15:s1:seed15043,b3071fe4e912d14e31a543908143a991dbe648bfe13ea6a3db80285f3da15dab
0.000527469990191598,matched_path_accumulation_v1,4096,pattern_rolling_k2v2_s0_r128,final,v1,next_token_JS,0.0005274709546938539,232e3b08d10919ca24932ad0a0135e46119ecfd5,9.64502255840216e-10,aime24:p15:s1:seed15043,b3071fe4e912d14e31a543908143a991dbe648bfe13ea6a3db80285f3da15dab
0.0015847950671741273,matched_path_accumulation_v1,4096,pattern_rolling_k2v2_s0_r128,final,v1,target_token_NLL_delta,0.0015845566522330046,232e3b08d10919ca24932ad0a0135e46119ecfd5,-2.384149411227554e-07,aime24:p15:s1:seed15043,b3071fe4e912d14e31a543908143a991dbe648bfe13ea6a3db80285f3da15dab
0.0,matched_path_accumulation_v1,4096,pattern_rolling_k2v2_s0_r128,final,v1,top1_disagreement,0.0,232e3b08d10919ca24932ad0a0135e46119ecfd5,0.0,aime24:p15:s1:seed15043,b3071fe4e912d14e31a543908143a991dbe648bfe13ea6a3db80285f3da15dab
6.62890625,matched_path_accumulation_v1,4096,pattern_rolling_k2v2_s0_r128,final,v1,logit_max_abs_diff,6.66015625,232e3b08d10919ca24932ad0a0135e46119ecfd5,0.03125,aime24:p15:s1:seed15043,b3071fe4e912d14e31a543908143a991dbe648bfe13ea6a3db80285f3da15dab
-5.960464477539063e-08,matched_path_accumulation_v1,128,pattern_rolling_k2v2_s0_r128,final,v1,hidden_cosine_loss,1.9669532775878906e-06,232e3b08d10919ca24932ad0a0135e46119ecfd5,2.0265579223632812e-06,aime24:p16:s0:seed16042,13d42346d3a27cdf52c682506b670e839c9c66befad1065501f233b0a1d0cc02
-3.60304256901145e-05,matched_path_accumulation_v1,128,pattern_rolling_k2v2_s0_r128,final,v1,hidden_relative_L2,0.0019080545753240585,232e3b08d10919ca24932ad0a0135e46119ecfd5,0.001944085001014173,aime24:p16:s0:seed16042,13d42346d3a27cdf52c682506b670e839c9c66befad1065501f233b0a1d0cc02
-3.60304256901145e-05,matched_path_accumulation_v1,128,pattern_rolling_k2v2_s0_r128,final,v1,attention_output_relative_L2,0.0019080545753240585,232e3b08d10919ca24932ad0a0135e46119ecfd5,0.001944085001014173,aime24:p16:s0:seed16042,13d42346d3a27cdf52c682506b670e839c9c66befad1065501f233b0a1d0cc02
2.047054437070983e-08,matched_path_accumulation_v1,128,pattern_rolling_k2v2_s0_r128,final,v1,next_token_KL,4.8068105940046735e-08,232e3b08d10919ca24932ad0a0135e46119ecfd5,2.7597561569336904e-08,aime24:p16:s0:seed16042,13d42346d3a27cdf52c682506b670e839c9c66befad1065501f233b0a1d0cc02
5.2810200656949746e-11,matched_path_accumulation_v1,128,pattern_rolling_k2v2_s0_r128,final,v1,next_token_JS,1.0375611481094893e-10,232e3b08d10919ca24932ad0a0135e46119ecfd5,5.0945914153999183e-11,aime24:p16:s0:seed16042,13d42346d3a27cdf52c682506b670e839c9c66befad1065501f233b0a1d0cc02
0.0,matched_path_accumulation_v1,128,pattern_rolling_k2v2_s0_r128,final,v1,target_token_NLL_delta,0.0,232e3b08d10919ca24932ad0a0135e46119ecfd5,0.0,aime24:p16:s0:seed16042,13d42346d3a27cdf52c682506b670e839c9c66befad1065501f233b0a1d0cc02
0.0,matched_path_accumulation_v1,128,pattern_rolling_k2v2_s0_r128,final,v1,top1_disagreement,0.0,232e3b08d10919ca24932ad0a0135e46119ecfd5,0.0,aime24:p16:s0:seed16042,13d42346d3a27cdf52c682506b670e839c9c66befad1065501f233b0a1d0cc02
-0.0078125,matched_path_accumulation_v1,128,pattern_rolling_k2v2_s0_r128,final,v1,logit_max_abs_diff,0.015625,232e3b08d10919ca24932ad0a0135e46119ecfd5,0.0234375,aime24:p16:s0:seed16042,13d42346d3a27cdf52c682506b670e839c9c66befad1065501f233b0a1d0cc02
0.035575926303863525,matched_path_accumulation_v1,512,pattern_rolling_k2v2_s0_r128,final,v1,hidden_cosine_loss,0.035577476024627686,232e3b08d10919ca24932ad0a0135e46119ecfd5,1.5497207641601562e-06,aime24:p16:s0:seed16042,13d42346d3a27cdf52c682506b670e839c9c66befad1065501f233b0a1d0cc02
0.2643987216288224,matched_path_accumulation_v1,512,pattern_rolling_k2v2_s0_r128,final,v1,hidden_relative_L2,0.2660609483718872,232e3b08d10919ca24932ad0a0135e46119ecfd5,0.0016622267430648208,aime24:p16:s0:seed16042,13d42346d3a27cdf52c682506b670e839c9c66befad1065501f233b0a1d0cc02
0.2643987216288224,matched_path_accumulation_v1,512,pattern_rolling_k2v2_s0_r128,final,v1,attention_output_relative_L2,0.2660609483718872,232e3b08d10919ca24932ad0a0135e46119ecfd5,0.0016622267430648208,aime24:p16:s0:seed16042,13d42346d3a27cdf52c682506b670e839c9c66befad1065501f233b0a1d0cc02
0.001331607423026071,matched_path_accumulation_v1,512,pattern_rolling_k2v2_s0_r128,final,v1,next_token_KL,0.001333777792751789,232e3b08d10919ca24932ad0a0135e46119ecfd5,2.1703697257180465e-06,aime24:p16:s0:seed16042,13d42346d3a27cdf52c682506b670e839c9c66befad1065501f233b0a1d0cc02
0.00036462334156794896,matched_path_accumulation_v1,512,pattern_rolling_k2v2_s0_r128,final,v1,next_token_JS,0.0003651430015452206,232e3b08d10919ca24932ad0a0135e46119ecfd5,5.196599772716581e-07,aime24:p16:s0:seed16042,13d42346d3a27cdf52c682506b670e839c9c66befad1065501f233b0a1d0cc02
0.0064269304275512695,matched_path_accumulation_v1,512,pattern_rolling_k2v2_s0_r128,final,v1,target_token_NLL_delta,0.006692912429571152,232e3b08d10919ca24932ad0a0135e46119ecfd5,0.0002659820020198822,aime24:p16:s0:seed16042,13d42346d3a27cdf52c682506b670e839c9c66befad1065501f233b0a1d0cc02
0.0,matched_path_accumulation_v1,512,pattern_rolling_k2v2_s0_r128,final,v1,top1_disagreement,0.0,232e3b08d10919ca24932ad0a0135e46119ecfd5,0.0,aime24:p16:s0:seed16042,13d42346d3a27cdf52c682506b670e839c9c66befad1065501f233b0a1d0cc02
2.3125,matched_path_accumulation_v1,512,pattern_rolling_k2v2_s0_r128,final,v1,logit_max_abs_diff,2.3359375,232e3b08d10919ca24932ad0a0135e46119ecfd5,0.0234375,aime24:p16:s0:seed16042,13d42346d3a27cdf52c682506b670e839c9c66befad1065501f233b0a1d0cc02
0.05259716510772705,matched_path_accumulation_v1,1024,pattern_rolling_k2v2_s0_r128,final,v1,hidden_cosine_loss,0.05259907245635986,232e3b08d10919ca24932ad0a0135e46119ecfd5,1.9073486328125e-06,aime24:p16:s0:seed16042,13d42346d3a27cdf52c682506b670e839c9c66befad1065501f233b0a1d0cc02
0.31930781237315387,matched_path_accumulation_v1,1024,pattern_rolling_k2v2_s0_r128,final,v1,hidden_relative_L2,0.32105669379234314,232e3b08d10919ca24932ad0a0135e46119ecfd5,0.0017488814191892743,aime24:p16:s0:seed16042,13d42346d3a27cdf52c682506b670e839c9c66befad1065501f233b0a1d0cc02
0.31930781237315387,matched_path_accumulation_v1,1024,pattern_rolling_k2v2_s0_r128,final,v1,attention_output_relative_L2,0.32105669379234314,232e3b08d10919ca24932ad0a0135e46119ecfd5,0.0017488814191892743,aime24:p16:s0:seed16042,13d42346d3a27cdf52c682506b670e839c9c66befad1065501f233b0a1d0cc02
0.01984763050222682,matched_path_accumulation_v1,1024,pattern_rolling_k2v2_s0_r128,final,v1,next_token_KL,0.019861606881022453,232e3b08d10919ca24932ad0a0135e46119ecfd5,1.3976378795632627e-05,aime24:p16:s0:seed16042,13d42346d3a27cdf52c682506b670e839c9c66befad1065501f233b0a1d0cc02
0.004312079144710879,matched_path_accumulation_v1,1024,pattern_rolling_k2v2_s0_r128,final,v1,next_token_JS,0.004315563943237066,232e3b08d10919ca24932ad0a0135e46119ecfd5,3.48479852618766e-06,aime24:p16:s0:seed16042,13d42346d3a27cdf52c682506b670e839c9c66befad1065501f233b0a1d0cc02
-0.05493094027042389,matched_path_accumulation_v1,1024,pattern_rolling_k2v2_s0_r128,final,v1,target_token_NLL_delta,-0.05285976827144623,232e3b08d10919ca24932ad0a0135e46119ecfd5,0.002071171998977661,aime24:p16:s0:seed16042,13d42346d3a27cdf52c682506b670e839c9c66befad1065501f233b0a1d0cc02
0.0,matched_path_accumulation_v1,1024,pattern_rolling_k2v2_s0_r128,final,v1,top1_disagreement,0.0,232e3b08d10919ca24932ad0a0135e46119ecfd5,0.0,aime24:p16:s0:seed16042,13d42346d3a27cdf52c682506b670e839c9c66befad1065501f233b0a1d0cc02
3.0947265625,matched_path_accumulation_v1,1024,pattern_rolling_k2v2_s0_r128,final,v1,logit_max_abs_diff,3.111328125,232e3b08d10919ca24932ad0a0135e46119ecfd5,0.0166015625,aime24:p16:s0:seed16042,13d42346d3a27cdf52c682506b670e839c9c66befad1065501f233b0a1d0cc02
0.1019139289855957,matched_path_accumulation_v1,2048,pattern_rolling_k2v2_s0_r128,final,v1,hidden_cosine_loss,0.10191726684570312,232e3b08d10919ca24932ad0a0135e46119ecfd5,3.337860107421875e-06,aime24:p16:s0:seed16042,13d42346d3a27cdf52c682506b670e839c9c66befad1065501f233b0a1d0cc02
0.45478709205053747,matched_path_accumulation_v1,2048,pattern_rolling_k2v2_s0_r128,final,v1,hidden_relative_L2,0.45733729004859924,232e3b08d10919ca24932ad0a0135e46119ecfd5,0.002550197998061776,aime24:p16:s0:seed16042,13d42346d3a27cdf52c682506b670e839c9c66befad1065501f233b0a1d0cc02
0.45478709205053747,matched_path_accumulation_v1,2048,pattern_rolling_k2v2_s0_r128,final,v1,attention_output_relative_L2,0.45733729004859924,232e3b08d10919ca24932ad0a0135e46119ecfd5,0.002550197998061776,aime24:p16:s0:seed16042,13d42346d3a27cdf52c682506b670e839c9c66befad1065501f233b0a1d0cc02
0.017927051023804097,matched_path_accumulation_v1,2048,pattern_rolling_k2v2_s0_r128,final,v1,next_token_KL,0.01792716234922409,232e3b08d10919ca24932ad0a0135e46119ecfd5,1.1132541999359091e-07,aime24:p16:s0:seed16042,13d42346d3a27cdf52c682506b670e839c9c66befad1065501f233b0a1d0cc02
0.00599067285656929,matched_path_accumulation_v1,2048,pattern_rolling_k2v2_s0_r128,final,v1,next_token_JS,0.00599067285656929,232e3b08d10919ca24932ad0a0135e46119ecfd5,0.0,aime24:p16:s0:seed16042,13d42346d3a27cdf52c682506b670e839c9c66befad1065501f233b0a1d0cc02
0.02006169268861413,matched_path_accumulation_v1,2048,pattern_rolling_k2v2_s0_r128,final,v1,target_token_NLL_delta,0.020062407478690147,232e3b08d10919ca24932ad0a0135e46119ecfd5,7.147900760173798e-07,aime24:p16:s0:seed16042,13d42346d3a27cdf52c682506b670e839c9c66befad1065501f233b0a1d0cc02
0.0,matched_path_accumulation_v1,2048,pattern_rolling_k2v2_s0_r128,final,v1,top1_disagreement,0.0,232e3b08d10919ca24932ad0a0135e46119ecfd5,0.0,aime24:p16:s0:seed16042,13d42346d3a27cdf52c682506b670e839c9c66befad1065501f233b0a1d0cc02
4.978515625,matched_path_accumulation_v1,2048,pattern_rolling_k2v2_s0_r128,final,v1,logit_max_abs_diff,5.015625,232e3b08d10919ca24932ad0a0135e46119ecfd5,0.037109375,aime24:p16:s0:seed16042,13d42346d3a27cdf52c682506b670e839c9c66befad1065501f233b0a1d0cc02
0.07831758260726929,matched_path_accumulation_v1,4096,pattern_rolling_k2v2_s0_r128,final,v1,hidden_cosine_loss,0.07832026481628418,232e3b08d10919ca24932ad0a0135e46119ecfd5,2.682209014892578e-06,aime24:p16:s0:seed16042,13d42346d3a27cdf52c682506b670e839c9c66befad1065501f233b0a1d0cc02
0.40203300886787474,matched_path_accumulation_v1,4096,pattern_rolling_k2v2_s0_r128,final,v1,hidden_relative_L2,0.40421295166015625,232e3b08d10919ca24932ad0a0135e46119ecfd5,0.0021799427922815084,aime24:p16:s0:seed16042,13d42346d3a27cdf52c682506b670e839c9c66befad1065501f233b0a1d0cc02
0.40203300886787474,matched_path_accumulation_v1,4096,pattern_rolling_k2v2_s0_r128,final,v1,attention_output_relative_L2,0.40421295166015625,232e3b08d10919ca24932ad0a0135e46119ecfd5,0.0021799427922815084,aime24:p16:s0:seed16042,13d42346d3a27cdf52c682506b670e839c9c66befad1065501f233b0a1d0cc02
0.01031374343546787,matched_path_accumulation_v1,4096,pattern_rolling_k2v2_s0_r128,final,v1,next_token_KL,0.010313805192708969,232e3b08d10919ca24932ad0a0135e46119ecfd5,6.17572410988032e-08,aime24:p16:s0:seed16042,13d42346d3a27cdf52c682506b670e839c9c66befad1065501f233b0a1d0cc02
0.003306908532977104,matched_path_accumulation_v1,4096,pattern_rolling_k2v2_s0_r128,final,v1,next_token_JS,0.003306908532977104,232e3b08d10919ca24932ad0a0135e46119ecfd5,0.0,aime24:p16:s0:seed16042,13d42346d3a27cdf52c682506b670e839c9c66befad1065501f233b0a1d0cc02
0.014987364411354065,matched_path_accumulation_v1,4096,pattern_rolling_k2v2_s0_r128,final,v1,target_token_NLL_delta,0.014983683824539185,232e3b08d10919ca24932ad0a0135e46119ecfd5,-3.680586814880371e-06,aime24:p16:s0:seed16042,13d42346d3a27cdf52c682506b670e839c9c66befad1065501f233b0a1d0cc02
0.0,matched_path_accumulation_v1,4096,pattern_rolling_k2v2_s0_r128,final,v1,top1_disagreement,0.0,232e3b08d10919ca24932ad0a0135e46119ecfd5,0.0,aime24:p16:s0:seed16042,13d42346d3a27cdf52c682506b670e839c9c66befad1065501f233b0a1d0cc02
3.69921875,matched_path_accumulation_v1,4096,pattern_rolling_k2v2_s0_r128,final,v1,logit_max_abs_diff,3.71875,232e3b08d10919ca24932ad0a0135e46119ecfd5,0.01953125,aime24:p16:s0:seed16042,13d42346d3a27cdf52c682506b670e839c9c66befad1065501f233b0a1d0cc02
-2.384185791015625e-07,matched_path_accumulation_v1,128,pattern_rolling_k2v2_s0_r128,final,v1,hidden_cosine_loss,2.0265579223632812e-06,232e3b08d10919ca24932ad0a0135e46119ecfd5,2.2649765014648438e-06,aime24:p11:s0:seed11042,489c942f86b4d5ae23c611c59e5f243cac4e99bd6697b73b14def62ea82f3970
-7.192918565124273e-05,matched_path_accumulation_v1,128,pattern_rolling_k2v2_s0_r128,final,v1,hidden_relative_L2,0.0019481676863506436,232e3b08d10919ca24932ad0a0135e46119ecfd5,0.0020200968720018864,aime24:p11:s0:seed11042,489c942f86b4d5ae23c611c59e5f243cac4e99bd6697b73b14def62ea82f3970
-7.192918565124273e-05,matched_path_accumulation_v1,128,pattern_rolling_k2v2_s0_r128,final,v1,attention_output_relative_L2,0.0019481676863506436,232e3b08d10919ca24932ad0a0135e46119ecfd5,0.0020200968720018864,aime24:p11:s0:seed11042,489c942f86b4d5ae23c611c59e5f243cac4e99bd6697b73b14def62ea82f3970
-2.5990084395743906e-07,matched_path_accumulation_v1,128,pattern_rolling_k2v2_s0_r128,final,v1,next_token_KL,1.75874556589406e-05,232e3b08d10919ca24932ad0a0135e46119ecfd5,1.7847356502898037e-05,aime24:p11:s0:seed11042,489c942f86b4d5ae23c611c59e5f243cac4e99bd6697b73b14def62ea82f3970
-4.9994923756457865e-09,matched_path_accumulation_v1,128,pattern_rolling_k2v2_s0_r128,final,v1,next_token_JS,4.405348590807989e-06,232e3b08d10919ca24932ad0a0135e46119ecfd5,4.410348083183635e-06,aime24:p11:s0:seed11042,489c942f86b4d5ae23c611c59e5f243cac4e99bd6697b73b14def62ea82f3970
0.00547395646572113,matched_path_accumulation_v1,128,pattern_rolling_k2v2_s0_r128,final,v1,target_token_NLL_delta,0.002737477421760559,232e3b08d10919ca24932ad0a0135e46119ecfd5,-0.0027364790439605713,aime24:p11:s0:seed11042,489c942f86b4d5ae23c611c59e5f243cac4e99bd6697b73b14def62ea82f3970
0.0,matched_path_accumulation_v1,128,pattern_rolling_k2v2_s0_r128,final,v1,top1_disagreement,0.0,232e3b08d10919ca24932ad0a0135e46119ecfd5,0.0,aime24:p11:s0:seed11042,489c942f86b4d5ae23c611c59e5f243cac4e99bd6697b73b14def62ea82f3970
0.001953125,matched_path_accumulation_v1,128,pattern_rolling_k2v2_s0_r128,final,v1,logit_max_abs_diff,0.01953125,232e3b08d10919ca24932ad0a0135e46119ecfd5,0.017578125,aime24:p11:s0:seed11042,489c942f86b4d5ae23c611c59e5f243cac4e99bd6697b73b14def62ea82f3970
0.04076874256134033,matched_path_accumulation_v1,512,pattern_rolling_k2v2_s0_r128,final,v1,hidden_cosine_loss,0.040770769119262695,232e3b08d10919ca24932ad0a0135e46119ecfd5,2.0265579223632812e-06,aime24:p11:s0:seed11042,489c942f86b4d5ae23c611c59e5f243cac4e99bd6697b73b14def62ea82f3970
0.28426153352484107,matched_path_accumulation_v1,512,pattern_rolling_k2v2_s0_r128,final,v1,hidden_relative_L2,0.28609195351600647,232e3b08d10919ca24932ad0a0135e46119ecfd5,0.0018304199911653996,aime24:p11:s0:seed11042,489c942f86b4d5ae23c611c59e5f243cac4e99bd6697b73b14def62ea82f3970
0.28426153352484107,matched_path_accumulation_v1,512,pattern_rolling_k2v2_s0_r128,final,v1,attention_output_relative_L2,0.28609195351600647,232e3b08d10919ca24932ad0a0135e46119ecfd5,0.0018304199911653996,aime24:p11:s0:seed11042,489c942f86b4d5ae23c611c59e5f243cac4e99bd6697b73b14def62ea82f3970
0.14383292726415675,matched_path_accumulation_v1,512,pattern_rolling_k2v2_s0_r128,final,v1,next_token_KL,0.14385250210762024,232e3b08d10919ca24932ad0a0135e46119ecfd5,1.9574843463487923e-05,aime24:p11:s0:seed11042,489c942f86b4d5ae23c611c59e5f243cac4e99bd6697b73b14def62ea82f3970
0.03789597508512088,matched_path_accumulation_v1,512,pattern_rolling_k2v2_s0_r128,final,v1,next_token_JS,0.0379008874297142,232e3b08d10919ca24932ad0a0135e46119ecfd5,4.9123445933219045e-06,aime24:p11:s0:seed11042,489c942f86b4d5ae23c611c59e5f243cac4e99bd6697b73b14def62ea82f3970
0.2087460458278656,matched_path_accumulation_v1,512,pattern_rolling_k2v2_s0_r128,final,v1,target_token_NLL_delta,0.2118905782699585,232e3b08d10919ca24932ad0a0135e46119ecfd5,0.0031445324420928955,aime24:p11:s0:seed11042,489c942f86b4d5ae23c611c59e5f243cac4e99bd6697b73b14def62ea82f3970
0.0,matched_path_accumulation_v1,512,pattern_rolling_k2v2_s0_r128,final,v1,top1_disagreement,0.0,232e3b08d10919ca24932ad0a0135e46119ecfd5,0.0,aime24:p11:s0:seed11042,489c942f86b4d5ae23c611c59e5f243cac4e99bd6697b73b14def62ea82f3970
2.93359375,matched_path_accumulation_v1,512,pattern_rolling_k2v2_s0_r128,final,v1,logit_max_abs_diff,2.953125,232e3b08d10919ca24932ad0a0135e46119ecfd5,0.01953125,aime24:p11:s0:seed11042,489c942f86b4d5ae23c611c59e5f243cac4e99bd6697b73b14def62ea82f3970
0.07483023405075073,matched_path_accumulation_v1,1024,pattern_rolling_k2v2_s0_r128,final,v1,hidden_cosine_loss,0.07483232021331787,232e3b08d10919ca24932ad0a0135e46119ecfd5,2.086162567138672e-06,aime24:p11:s0:seed11042,489c942f86b4d5ae23c611c59e5f243cac4e99bd6697b73b14def62ea82f3970
0.3785776688018814,matched_path_accumulation_v1,1024,pattern_rolling_k2v2_s0_r128,final,v1,hidden_relative_L2,0.38044315576553345,232e3b08d10919ca24932ad0a0135e46119ecfd5,0.0018654869636520743,aime24:p11:s0:seed11042,489c942f86b4d5ae23c611c59e5f243cac4e99bd6697b73b14def62ea82f3970
0.3785776688018814,matched_path_accumulation_v1,1024,pattern_rolling_k2v2_s0_r128,final,v1,attention_output_relative_L2,0.38044315576553345,232e3b08d10919ca24932ad0a0135e46119ecfd5,0.0018654869636520743,aime24:p11:s0:seed11042,489c942f86b4d5ae23c611c59e5f243cac4e99bd6697b73b14def62ea82f3970
0.000624457432422787,matched_path_accumulation_v1,1024,pattern_rolling_k2v2_s0_r128,final,v1,next_token_KL,0.000624457432422787,232e3b08d10919ca24932ad0a0135e46119ecfd5,0.0,aime24:p11:s0:seed11042,489c942f86b4d5ae23c611c59e5f243cac4e99bd6697b73b14def62ea82f3970
0.00019043061227286273,matched_path_accumulation_v1,1024,pattern_rolling_k2v2_s0_r128,final,v1,next_token_JS,0.00019043766951654106,232e3b08d10919ca24932ad0a0135e46119ecfd5,7.05724367833227e-09,aime24:p11:s0:seed11042,489c942f86b4d5ae23c611c59e5f243cac4e99bd6697b73b14def62ea82f3970
0.001199531543534249,matched_path_accumulation_v1,1024,pattern_rolling_k2v2_s0_r128,final,v1,target_token_NLL_delta,0.0011994123924523592,232e3b08d10919ca24932ad0a0135e46119ecfd5,-1.1915108188986778e-07,aime24:p11:s0:seed11042,489c942f86b4d5ae23c611c59e5f243cac4e99bd6697b73b14def62ea82f3970
0.0,matched_path_accumulation_v1,1024,pattern_rolling_k2v2_s0_r128,final,v1,top1_disagreement,0.0,232e3b08d10919ca24932ad0a0135e46119ecfd5,0.0,aime24:p11:s0:seed11042,489c942f86b4d5ae23c611c59e5f243cac4e99bd6697b73b14def62ea82f3970
4.5,matched_path_accumulation_v1,1024,pattern_rolling_k2v2_s0_r128,final,v1,logit_max_abs_diff,4.515625,232e3b08d10919ca24932ad0a0135e46119ecfd5,0.015625,aime24:p11:s0:seed11042,489c942f86b4d5ae23c611c59e5f243cac4e99bd6697b73b14def62ea82f3970
0.07914340496063232,matched_path_accumulation_v1,2048,pattern_rolling_k2v2_s0_r128,final,v1,hidden_cosine_loss,0.07914578914642334,232e3b08d10919ca24932ad0a0135e46119ecfd5,2.384185791015625e-06,aime24:p11:s0:seed11042,489c942f86b4d5ae23c611c59e5f243cac4e99bd6697b73b14def62ea82f3970
0.40308258100412786,matched_path_accumulation_v1,2048,pattern_rolling_k2v2_s0_r128,final,v1,hidden_relative_L2,0.4051496684551239,232e3b08d10919ca24932ad0a0135e46119ecfd5,0.0020670874509960413,aime24:p11:s0:seed11042,489c942f86b4d5ae23c611c59e5f243cac4e99bd6697b73b14def62ea82f3970
0.40308258100412786,matched_path_accumulation_v1,2048,pattern_rolling_k2v2_s0_r128,final,v1,attention_output_relative_L2,0.4051496684551239,232e3b08d10919ca24932ad0a0135e46119ecfd5,0.0020670874509960413,aime24:p11:s0:seed11042,489c942f86b4d5ae23c611c59e5f243cac4e99bd6697b73b14def62ea82f3970
0.10666105896234512,matched_path_accumulation_v1,2048,pattern_rolling_k2v2_s0_r128,final,v1,next_token_KL,0.10666105896234512,232e3b08d10919ca24932ad0a0135e46119ecfd5,0.0,aime24:p11:s0:seed11042,489c942f86b4d5ae23c611c59e5f243cac4e99bd6697b73b14def62ea82f3970
0.029741015285253525,matched_path_accumulation_v1,2048,pattern_rolling_k2v2_s0_r128,final,v1,next_token_JS,0.029741015285253525,232e3b08d10919ca24932ad0a0135e46119ecfd5,0.0,aime24:p11:s0:seed11042,489c942f86b4d5ae23c611c59e5f243cac4e99bd6697b73b14def62ea82f3970
0.2582145780324936,matched_path_accumulation_v1,2048,pattern_rolling_k2v2_s0_r128,final,v1,target_token_NLL_delta,0.25821468234062195,232e3b08d10919ca24932ad0a0135e46119ecfd5,1.043081283569336e-07,aime24:p11:s0:seed11042,489c942f86b4d5ae23c611c59e5f243cac4e99bd6697b73b14def62ea82f3970
0.0,matched_path_accumulation_v1,2048,pattern_rolling_k2v2_s0_r128,final,v1,top1_disagreement,0.0,232e3b08d10919ca24932ad0a0135e46119ecfd5,0.0,aime24:p11:s0:seed11042,489c942f86b4d5ae23c611c59e5f243cac4e99bd6697b73b14def62ea82f3970
4.6796875,matched_path_accumulation_v1,2048,pattern_rolling_k2v2_s0_r128,final,v1,logit_max_abs_diff,4.703125,232e3b08d10919ca24932ad0a0135e46119ecfd5,0.0234375,aime24:p11:s0:seed11042,489c942f86b4d5ae23c611c59e5f243cac4e99bd6697b73b14def62ea82f3970
0.10250931978225708,matched_path_accumulation_v1,4096,pattern_rolling_k2v2_s0_r128,final,v1,hidden_cosine_loss,0.10251182317733765,232e3b08d10919ca24932ad0a0135e46119ecfd5,2.5033950805664062e-06,aime24:p11:s0:seed11042,489c942f86b4d5ae23c611c59e5f243cac4e99bd6697b73b14def62ea82f3970
0.453181111253798,matched_path_accumulation_v1,4096,pattern_rolling_k2v2_s0_r128,final,v1,hidden_relative_L2,0.4553073048591614,232e3b08d10919ca24932ad0a0135e46119ecfd5,0.002126193605363369,aime24:p11:s0:seed11042,489c942f86b4d5ae23c611c59e5f243cac4e99bd6697b73b14def62ea82f3970
0.453181111253798,matched_path_accumulation_v1,4096,pattern_rolling_k2v2_s0_r128,final,v1,attention_output_relative_L2,0.4553073048591614,232e3b08d10919ca24932ad0a0135e46119ecfd5,0.002126193605363369,aime24:p11:s0:seed11042,489c942f86b4d5ae23c611c59e5f243cac4e99bd6697b73b14def62ea82f3970
0.49446325452845485,matched_path_accumulation_v1,4096,pattern_rolling_k2v2_s0_r128,final,v1,next_token_KL,0.49447759985923767,232e3b08d10919ca24932ad0a0135e46119ecfd5,1.4345330782816745e-05,aime24:p11:s0:seed11042,489c942f86b4d5ae23c611c59e5f243cac4e99bd6697b73b14def62ea82f3970
0.12669435687757868,matched_path_accumulation_v1,4096,pattern_rolling_k2v2_s0_r128,final,v1,next_token_JS,0.12669792771339417,232e3b08d10919ca24932ad0a0135e46119ecfd5,3.5708358154806774e-06,aime24:p11:s0:seed11042,489c942f86b4d5ae23c611c59e5f243cac4e99bd6697b73b14def62ea82f3970
0.8776539266109467,matched_path_accumulation_v1,4096,pattern_rolling_k2v2_s0_r128,final,v1,target_token_NLL_delta,0.8755677938461304,232e3b08d10919ca24932ad0a0135e46119ecfd5,-0.002086132764816284,aime24:p11:s0:seed11042,489c942f86b4d5ae23c611c59e5f243cac4e99bd6697b73b14def62ea82f3970
0.0,matched_path_accumulation_v1,4096,pattern_rolling_k2v2_s0_r128,final,v1,top1_disagreement,0.0,232e3b08d10919ca24932ad0a0135e46119ecfd5,0.0,aime24:p11:s0:seed11042,489c942f86b4d5ae23c611c59e5f243cac4e99bd6697b73b14def62ea82f3970
7.59375,matched_path_accumulation_v1,4096,pattern_rolling_k2v2_s0_r128,final,v1,logit_max_abs_diff,7.6171875,232e3b08d10919ca24932ad0a0135e46119ecfd5,0.0234375,aime24:p11:s0:seed11042,489c942f86b4d5ae23c611c59e5f243cac4e99bd6697b73b14def62ea82f3970
-3.5762786865234375e-07,matched_path_accumulation_v1,128,pattern_rolling_k2v2_s0_r128,final,v1,hidden_cosine_loss,1.7285346984863281e-06,232e3b08d10919ca24932ad0a0135e46119ecfd5,2.086162567138672e-06,aime24:p12:s1:seed12043,ca87cac4db8eb8d9ae8695bf4f4fad1775a3bf9b28fe340c3d7c22f6212eb615
-0.00017193879466503859,matched_path_accumulation_v1,128,pattern_rolling_k2v2_s0_r128,final,v1,hidden_relative_L2,0.0017006801208481193,232e3b08d10919ca24932ad0a0135e46119ecfd5,0.0018726189155131578,aime24:p12:s1:seed12043,ca87cac4db8eb8d9ae8695bf4f4fad1775a3bf9b28fe340c3d7c22f6212eb615
-0.00017193879466503859,matched_path_accumulation_v1,128,pattern_rolling_k2v2_s0_r128,final,v1,attention_output_relative_L2,0.0017006801208481193,232e3b08d10919ca24932ad0a0135e46119ecfd5,0.0018726189155131578,aime24:p12:s1:seed12043,ca87cac4db8eb8d9ae8695bf4f4fad1775a3bf9b28fe340c3d7c22f6212eb615
4.186140176898334e-05,matched_path_accumulation_v1,128,pattern_rolling_k2v2_s0_r128,final,v1,next_token_KL,7.193683995865285e-05,232e3b08d10919ca24932ad0a0135e46119ecfd5,3.0075438189669512e-05,aime24:p12:s1:seed12043,ca87cac4db8eb8d9ae8695bf4f4fad1775a3bf9b28fe340c3d7c22f6212eb615
1.0419254977023229e-05,matched_path_accumulation_v1,128,pattern_rolling_k2v2_s0_r128,final,v1,next_token_JS,1.7973252397496253e-05,232e3b08d10919ca24932ad0a0135e46119ecfd5,7.553997420473024e-06,aime24:p12:s1:seed12043,ca87cac4db8eb8d9ae8695bf4f4fad1775a3bf9b28fe340c3d7c22f6212eb615
-0.0040493011474609375,matched_path_accumulation_v1,128,pattern_rolling_k2v2_s0_r128,final,v1,target_token_NLL_delta,0.0046890974044799805,232e3b08d10919ca24932ad0a0135e46119ecfd5,0.008738398551940918,aime24:p12:s1:seed12043,ca87cac4db8eb8d9ae8695bf4f4fad1775a3bf9b28fe340c3d7c22f6212eb615
0.0,matched_path_accumulation_v1,128,pattern_rolling_k2v2_s0_r128,final,v1,top1_disagreement,0.0,232e3b08d10919ca24932ad0a0135e46119ecfd5,0.0,aime24:p12:s1:seed12043,ca87cac4db8eb8d9ae8695bf4f4fad1775a3bf9b28fe340c3d7c22f6212eb615
-0.015625,matched_path_accumulation_v1,128,pattern_rolling_k2v2_s0_r128,final,v1,logit_max_abs_diff,0.015625,232e3b08d10919ca24932ad0a0135e46119ecfd5,0.03125,aime24:p12:s1:seed12043,ca87cac4db8eb8d9ae8695bf4f4fad1775a3bf9b28fe340c3d7c22f6212eb615
0.10708028078079224,matched_path_accumulation_v1,512,pattern_rolling_k2v2_s0_r128,final,v1,hidden_cosine_loss,0.10708427429199219,232e3b08d10919ca24932ad0a0135e46119ecfd5,3.993511199951172e-06,aime24:p12:s1:seed12043,ca87cac4db8eb8d9ae8695bf4f4fad1775a3bf9b28fe340c3d7c22f6212eb615
0.4665491650812328,matched_path_accumulation_v1,512,pattern_rolling_k2v2_s0_r128,final,v1,hidden_relative_L2,0.4693147540092468,232e3b08d10919ca24932ad0a0135e46119ecfd5,0.00276558892801404,aime24:p12:s1:seed12043,ca87cac4db8eb8d9ae8695bf4f4fad1775a3bf9b28fe340c3d7c22f6212eb615
0.4665491650812328,matched_path_accumulation_v1,512,pattern_rolling_k2v2_s0_r128,final,v1,attention_output_relative_L2,0.4693147540092468,232e3b08d10919ca24932ad0a0135e46119ecfd5,0.00276558892801404,aime24:p12:s1:seed12043,ca87cac4db8eb8d9ae8695bf4f4fad1775a3bf9b28fe340c3d7c22f6212eb615
0.017008188544878067,matched_path_accumulation_v1,512,pattern_rolling_k2v2_s0_r128,final,v1,next_token_KL,0.017011495307087898,232e3b08d10919ca24932ad0a0135e46119ecfd5,3.306762209831504e-06,aime24:p12:s1:seed12043,ca87cac4db8eb8d9ae8695bf4f4fad1775a3bf9b28fe340c3d7c22f6212eb615
0.00325204214908581,matched_path_accumulation_v1,512,pattern_rolling_k2v2_s0_r128,final,v1,next_token_JS,0.0032528615556657314,232e3b08d10919ca24932ad0a0135e46119ecfd5,8.194065799216332e-07,aime24:p12:s1:seed12043,ca87cac4db8eb8d9ae8695bf4f4fad1775a3bf9b28fe340c3d7c22f6212eb615
-0.015565037727355957,matched_path_accumulation_v1,512,pattern_rolling_k2v2_s0_r128,final,v1,target_token_NLL_delta,-0.01598682999610901,232e3b08d10919ca24932ad0a0135e46119ecfd5,-0.00042179226875305176,aime24:p12:s1:seed12043,ca87cac4db8eb8d9ae8695bf4f4fad1775a3bf9b28fe340c3d7c22f6212eb615
0.0,matched_path_accumulation_v1,512,pattern_rolling_k2v2_s0_r128,final,v1,top1_disagreement,0.0,232e3b08d10919ca24932ad0a0135e46119ecfd5,0.0,aime24:p12:s1:seed12043,ca87cac4db8eb8d9ae8695bf4f4fad1775a3bf9b28fe340c3d7c22f6212eb615
3.841796875,matched_path_accumulation_v1,512,pattern_rolling_k2v2_s0_r128,final,v1,logit_max_abs_diff,3.865234375,232e3b08d10919ca24932ad0a0135e46119ecfd5,0.0234375,aime24:p12:s1:seed12043,ca87cac4db8eb8d9ae8695bf4f4fad1775a3bf9b28fe340c3d7c22f6212eb615
0.04257690906524658,matched_path_accumulation_v1,1024,pattern_rolling_k2v2_s0_r128,final,v1,hidden_cosine_loss,0.04257845878601074,232e3b08d10919ca24932ad0a0135e46119ecfd5,1.5497207641601562e-06,aime24:p12:s1:seed12043,ca87cac4db8eb8d9ae8695bf4f4fad1775a3bf9b28fe340c3d7c22f6212eb615
0.291306794853881,matched_path_accumulation_v1,1024,pattern_rolling_k2v2_s0_r128,final,v1,hidden_relative_L2,0.2927681803703308,232e3b08d10919ca24932ad0a0135e46119ecfd5,0.001461385516449809,aime24:p12:s1:seed12043,ca87cac4db8eb8d9ae8695bf4f4fad1775a3bf9b28fe340c3d7c22f6212eb615
0.291306794853881,matched_path_accumulation_v1,1024,pattern_rolling_k2v2_s0_r128,final,v1,attention_output_relative_L2,0.2927681803703308,232e3b08d10919ca24932ad0a0135e46119ecfd5,0.001461385516449809,aime24:p12:s1:seed12043,ca87cac4db8eb8d9ae8695bf4f4fad1775a3bf9b28fe340c3d7c22f6212eb615
0.04062826820927512,matched_path_accumulation_v1,1024,pattern_rolling_k2v2_s0_r128,final,v1,next_token_KL,0.04063519462943077,232e3b08d10919ca24932ad0a0135e46119ecfd5,6.926420155650703e-06,aime24:p12:s1:seed12043,ca87cac4db8eb8d9ae8695bf4f4fad1775a3bf9b28fe340c3d7c22f6212eb615
0.011536137782741207,matched_path_accumulation_v1,1024,pattern_rolling_k2v2_s0_r128,final,v1,next_token_JS,0.01153787225484848,232e3b08d10919ca24932ad0a0135e46119ecfd5,1.7344721072731772e-06,aime24:p12:s1:seed12043,ca87cac4db8eb8d9ae8695bf4f4fad1775a3bf9b28fe340c3d7c22f6212eb615
0.09497193992137909,matched_path_accumulation_v1,1024,pattern_rolling_k2v2_s0_r128,final,v1,target_token_NLL_delta,0.09585017710924149,232e3b08d10919ca24932ad0a0135e46119ecfd5,0.0008782371878623962,aime24:p12:s1:seed12043,ca87cac4db8eb8d9ae8695bf4f4fad1775a3bf9b28fe340c3d7c22f6212eb615
0.0,matched_path_accumulation_v1,1024,pattern_rolling_k2v2_s0_r128,final,v1,top1_disagreement,0.0,232e3b08d10919ca24932ad0a0135e46119ecfd5,0.0,aime24:p12:s1:seed12043,ca87cac4db8eb8d9ae8695bf4f4fad1775a3bf9b28fe340c3d7c22f6212eb615
4.03515625,matched_path_accumulation_v1,1024,pattern_rolling_k2v2_s0_r128,final,v1,logit_max_abs_diff,4.05078125,232e3b08d10919ca24932ad0a0135e46119ecfd5,0.015625,aime24:p12:s1:seed12043,ca87cac4db8eb8d9ae8695bf4f4fad1775a3bf9b28fe340c3d7c22f6212eb615
0.023140430450439453,matched_path_accumulation_v1,2048,pattern_rolling_k2v2_s0_r128,final,v1,hidden_cosine_loss,0.02314138412475586,232e3b08d10919ca24932ad0a0135e46119ecfd5,9.5367431640625e-07,aime24:p12:s1:seed12043,ca87cac4db8eb8d9ae8695bf4f4fad1775a3bf9b28fe340c3d7c22f6212eb615
0.21650224667973816,matched_path_accumulation_v1,2048,pattern_rolling_k2v2_s0_r128,final,v1,hidden_relative_L2,0.21774545311927795,232e3b08d10919ca24932ad0a0135e46119ecfd5,0.0012432064395397902,aime24:p12:s1:seed12043,ca87cac4db8eb8d9ae8695bf4f4fad1775a3bf9b28fe340c3d7c22f6212eb615
0.21650224667973816,matched_path_accumulation_v1,2048,pattern_rolling_k2v2_s0_r128,final,v1,attention_output_relative_L2,0.21774545311927795,232e3b08d10919ca24932ad0a0135e46119ecfd5,0.0012432064395397902,aime24:p12:s1:seed12043,ca87cac4db8eb8d9ae8695bf4f4fad1775a3bf9b28fe340c3d7c22f6212eb615
0.04067790896118595,matched_path_accumulation_v1,2048,pattern_rolling_k2v2_s0_r128,final,v1,next_token_KL,0.04067862406373024,232e3b08d10919ca24932ad0a0135e46119ecfd5,7.151025442908576e-07,aime24:p12:s1:seed12043,ca87cac4db8eb8d9ae8695bf4f4fad1775a3bf9b28fe340c3d7c22f6212eb615
0.010138712920515047,matched_path_accumulation_v1,2048,pattern_rolling_k2v2_s0_r128,final,v1,next_token_JS,0.010138817131519318,232e3b08d10919ca24932ad0a0135e46119ecfd5,1.0421100427038255e-07,aime24:p12:s1:seed12043,ca87cac4db8eb8d9ae8695bf4f4fad1775a3bf9b28fe340c3d7c22f6212eb615
0.44733715057373047,matched_path_accumulation_v1,2048,pattern_rolling_k2v2_s0_r128,final,v1,target_token_NLL_delta,0.4473975896835327,232e3b08d10919ca24932ad0a0135e46119ecfd5,6.0439109802246094e-05,aime24:p12:s1:seed12043,ca87cac4db8eb8d9ae8695bf4f4fad1775a3bf9b28fe340c3d7c22f6212eb615
0.0,matched_path_accumulation_v1,2048,pattern_rolling_k2v2_s0_r128,final,v1,top1_disagreement,0.0,232e3b08d10919ca24932ad0a0135e46119ecfd5,0.0,aime24:p12:s1:seed12043,ca87cac4db8eb8d9ae8695bf4f4fad1775a3bf9b28fe340c3d7c22f6212eb615
2.53515625,matched_path_accumulation_v1,2048,pattern_rolling_k2v2_s0_r128,final,v1,logit_max_abs_diff,2.55078125,232e3b08d10919ca24932ad0a0135e46119ecfd5,0.015625,aime24:p12:s1:seed12043,ca87cac4db8eb8d9ae8695bf4f4fad1775a3bf9b28fe340c3d7c22f6212eb615
0.07374954223632812,matched_path_accumulation_v1,4096,pattern_rolling_k2v2_s0_r128,final,v1,hidden_cosine_loss,0.07375133037567139,232e3b08d10919ca24932ad0a0135e46119ecfd5,1.7881393432617188e-06,aime24:p12:s1:seed12043,ca87cac4db8eb8d9ae8695bf4f4fad1775a3bf9b28fe340c3d7c22f6212eb615
0.3904881203779951,matched_path_accumulation_v1,4096,pattern_rolling_k2v2_s0_r128,final,v1,hidden_relative_L2,0.392294704914093,232e3b08d10919ca24932ad0a0135e46119ecfd5,0.0018065845360979438,aime24:p12:s1:seed12043,ca87cac4db8eb8d9ae8695bf4f4fad1775a3bf9b28fe340c3d7c22f6212eb615
0.3904881203779951,matched_path_accumulation_v1,4096,pattern_rolling_k2v2_s0_r128,final,v1,attention_output_relative_L2,0.392294704914093,232e3b08d10919ca24932ad0a0135e46119ecfd5,0.0018065845360979438,aime24:p12:s1:seed12043,ca87cac4db8eb8d9ae8695bf4f4fad1775a3bf9b28fe340c3d7c22f6212eb615
0.10395224389100122,matched_path_accumulation_v1,4096,pattern_rolling_k2v2_s0_r128,final,v1,next_token_KL,0.10395313054323196,232e3b08d10919ca24932ad0a0135e46119ecfd5,8.866522307471314e-07,aime24:p12:s1:seed12043,ca87cac4db8eb8d9ae8695bf4f4fad1775a3bf9b28fe340c3d7c22f6212eb615
0.030103593168547604,matched_path_accumulation_v1,4096,pattern_rolling_k2v2_s0_r128,final,v1,next_token_JS,0.03010384738445282,232e3b08d10919ca24932ad0a0135e46119ecfd5,2.542159052154602e-07,aime24:p12:s1:seed12043,ca87cac4db8eb8d9ae8695bf4f4fad1775a3bf9b28fe340c3d7c22f6212eb615
0.24985510110855103,matched_path_accumulation_v1,4096,pattern_rolling_k2v2_s0_r128,final,v1,target_token_NLL_delta,0.24990487098693848,232e3b08d10919ca24932ad0a0135e46119ecfd5,4.976987838745117e-05,aime24:p12:s1:seed12043,ca87cac4db8eb8d9ae8695bf4f4fad1775a3bf9b28fe340c3d7c22f6212eb615
0.0,matched_path_accumulation_v1,4096,pattern_rolling_k2v2_s0_r128,final,v1,top1_disagreement,0.0,232e3b08d10919ca24932ad0a0135e46119ecfd5,0.0,aime24:p12:s1:seed12043,ca87cac4db8eb8d9ae8695bf4f4fad1775a3bf9b28fe340c3d7c22f6212eb615
3.3662109375,matched_path_accumulation_v1,4096,pattern_rolling_k2v2_s0_r128,final,v1,logit_max_abs_diff,3.384765625,232e3b08d10919ca24932ad0a0135e46119ecfd5,0.0185546875,aime24:p12:s1:seed12043,ca87cac4db8eb8d9ae8695bf4f4fad1775a3bf9b28fe340c3d7c22f6212eb615
-2.384185791015625e-07,matched_path_accumulation_v1,128,pattern_rolling_k2v2_s0_r128,final,v1,hidden_cosine_loss,2.0265579223632812e-06,232e3b08d10919ca24932ad0a0135e46119ecfd5,2.2649765014648438e-06,aime24:p6:s0:seed6042,3aaa4d1b0009ba297434f6ce9cc3b021533afdacc47013de66093911d7d70ffe
-0.00013321847654879093,matched_path_accumulation_v1,128,pattern_rolling_k2v2_s0_r128,final,v1,hidden_relative_L2,0.001938515342772007,232e3b08d10919ca24932ad0a0135e46119ecfd5,0.002071733819320798,aime24:p6:s0:seed6042,3aaa4d1b0009ba297434f6ce9cc3b021533afdacc47013de66093911d7d70ffe
-0.00013321847654879093,matched_path_accumulation_v1,128,pattern_rolling_k2v2_s0_r128,final,v1,attention_output_relative_L2,0.001938515342772007,232e3b08d10919ca24932ad0a0135e46119ecfd5,0.002071733819320798,aime24:p6:s0:seed6042,3aaa4d1b0009ba297434f6ce9cc3b021533afdacc47013de66093911d7d70ffe
-2.9520893605194942e-05,matched_path_accumulation_v1,128,pattern_rolling_k2v2_s0_r128,final,v1,next_token_KL,3.6458206409406557e-07,232e3b08d10919ca24932ad0a0135e46119ecfd5,2.9885475669289008e-05,aime24:p6:s0:seed6042,3aaa4d1b0009ba297434f6ce9cc3b021533afdacc47013de66093911d7d70ffe
-7.516671981733225e-06,matched_path_accumulation_v1,128,pattern_rolling_k2v2_s0_r128,final,v1,next_token_JS,4.278968290805096e-08,232e3b08d10919ca24932ad0a0135e46119ecfd5,7.559461664641276e-06,aime24:p6:s0:seed6042,3aaa4d1b0009ba297434f6ce9cc3b021533afdacc47013de66093911d7d70ffe
-0.006798744201660156,matched_path_accumulation_v1,128,pattern_rolling_k2v2_s0_r128,final,v1,target_token_NLL_delta,-1.1265277862548828e-05,232e3b08d10919ca24932ad0a0135e46119ecfd5,0.006787478923797607,aime24:p6:s0:seed6042,3aaa4d1b0009ba297434f6ce9cc3b021533afdacc47013de66093911d7d70ffe
0.0,matched_path_accumulation_v1,128,pattern_rolling_k2v2_s0_r128,final,v1,top1_disagreement,0.0,232e3b08d10919ca24932ad0a0135e46119ecfd5,0.0,aime24:p6:s0:seed6042,3aaa4d1b0009ba297434f6ce9cc3b021533afdacc47013de66093911d7d70ffe
-0.00390625,matched_path_accumulation_v1,128,pattern_rolling_k2v2_s0_r128,final,v1,logit_max_abs_diff,0.0166015625,232e3b08d10919ca24932ad0a0135e46119ecfd5,0.0205078125,aime24:p6:s0:seed6042,3aaa4d1b0009ba297434f6ce9cc3b021533afdacc47013de66093911d7d70ffe
0.09434086084365845,matched_path_accumulation_v1,512,pattern_rolling_k2v2_s0_r128,final,v1,hidden_cosine_loss,0.0943446159362793,232e3b08d10919ca24932ad0a0135e46119ecfd5,3.7550926208496094e-06,aime24:p6:s0:seed6042,3aaa4d1b0009ba297434f6ce9cc3b021533afdacc47013de66093911d7d70ffe
0.43616821826435626,matched_path_accumulation_v1,512,pattern_rolling_k2v2_s0_r128,final,v1,hidden_relative_L2,0.4387645721435547,232e3b08d10919ca24932ad0a0135e46119ecfd5,0.002596353879198432,aime24:p6:s0:seed6042,3aaa4d1b0009ba297434f6ce9cc3b021533afdacc47013de66093911d7d70ffe
0.43616821826435626,matched_path_accumulation_v1,512,pattern_rolling_k2v2_s0_r128,final,v1,attention_output_relative_L2,0.4387645721435547,232e3b08d10919ca24932ad0a0135e46119ecfd5,0.002596353879198432,aime24:p6:s0:seed6042,3aaa4d1b0009ba297434f6ce9cc3b021533afdacc47013de66093911d7d70ffe
0.001435112302504038,matched_path_accumulation_v1,512,pattern_rolling_k2v2_s0_r128,final,v1,next_token_KL,0.0014351361896842718,232e3b08d10919ca24932ad0a0135e46119ecfd5,2.3887180233828076e-08,aime24:p6:s0:seed6042,3aaa4d1b0009ba297434f6ce9cc3b021533afdacc47013de66093911d7d70ffe
0.0004595309146679938,matched_path_accumulation_v1,512,pattern_rolling_k2v2_s0_r128,final,v1,next_token_JS,0.0004595309146679938,232e3b08d10919ca24932ad0a0135e46119ecfd5,0.0,aime24:p6:s0:seed6042,3aaa4d1b0009ba297434f6ce9cc3b021533afdacc47013de66093911d7d70ffe
0.0018974224803969264,matched_path_accumulation_v1,512,pattern_rolling_k2v2_s0_r128,final,v1,target_token_NLL_delta,0.0018974224803969264,232e3b08d10919ca24932ad0a0135e46119ecfd5,0.0,aime24:p6:s0:seed6042,3aaa4d1b0009ba297434f6ce9cc3b021533afdacc47013de66093911d7d70ffe
0.0,matched_path_accumulation_v1,512,pattern_rolling_k2v2_s0_r128,final,v1,top1_disagreement,0.0,232e3b08d10919ca24932ad0a0135e46119ecfd5,0.0,aime24:p6:s0:seed6042,3aaa4d1b0009ba297434f6ce9cc3b021533afdacc47013de66093911d7d70ffe
3.19189453125,matched_path_accumulation_v1,512,pattern_rolling_k2v2_s0_r128,final,v1,logit_max_abs_diff,3.21142578125,232e3b08d10919ca24932ad0a0135e46119ecfd5,0.01953125,aime24:p6:s0:seed6042,3aaa4d1b0009ba297434f6ce9cc3b021533afdacc47013de66093911d7d70ffe
0.04137152433395386,matched_path_accumulation_v1,1024,pattern_rolling_k2v2_s0_r128,final,v1,hidden_cosine_loss,0.04137367010116577,232e3b08d10919ca24932ad0a0135e46119ecfd5,2.1457672119140625e-06,aime24:p6:s0:seed6042,3aaa4d1b0009ba297434f6ce9cc3b021533afdacc47013de66093911d7d70ffe
0.28442182834260166,matched_path_accumulation_v1,1024,pattern_rolling_k2v2_s0_r128,final,v1,hidden_relative_L2,0.28631365299224854,232e3b08d10919ca24932ad0a0135e46119ecfd5,0.0018918246496468782,aime24:p6:s0:seed6042,3aaa4d1b0009ba297434f6ce9cc3b021533afdacc47013de66093911d7d70ffe
0.28442182834260166,matched_path_accumulation_v1,1024,pattern_rolling_k2v2_s0_r128,final,v1,attention_output_relative_L2,0.28631365299224854,232e3b08d10919ca24932ad0a0135e46119ecfd5,0.0018918246496468782,aime24:p6:s0:seed6042,3aaa4d1b0009ba297434f6ce9cc3b021533afdacc47013de66093911d7d70ffe
0.002829601196296494,matched_path_accumulation_v1,1024,pattern_rolling_k2v2_s0_r128,final,v1,next_token_KL,0.0028296317905187607,232e3b08d10919ca24932ad0a0135e46119ecfd5,3.0594222266699944e-08,aime24:p6:s0:seed6042,3aaa4d1b0009ba297434f6ce9cc3b021533afdacc47013de66093911d7d70ffe
0.0008878988371758822,matched_path_accumulation_v1,1024,pattern_rolling_k2v2_s0_r128,final,v1,next_token_JS,0.0008879061206243932,232e3b08d10919ca24932ad0a0135e46119ecfd5,7.283448510975177e-09,aime24:p6:s0:seed6042,3aaa4d1b0009ba297434f6ce9cc3b021533afdacc47013de66093911d7d70ffe
0.0036301761865615845,matched_path_accumulation_v1,1024,pattern_rolling_k2v2_s0_r128,final,v1,target_token_NLL_delta,0.003626421093940735,232e3b08d10919ca24932ad0a0135e46119ecfd5,-3.7550926208496094e-06,aime24:p6:s0:seed6042,3aaa4d1b0009ba297434f6ce9cc3b021533afdacc47013de66093911d7d70ffe
0.0,matched_path_accumulation_v1,1024,pattern_rolling_k2v2_s0_r128,final,v1,top1_disagreement,0.0,232e3b08d10919ca24932ad0a0135e46119ecfd5,0.0,aime24:p6:s0:seed6042,3aaa4d1b0009ba297434f6ce9cc3b021533afdacc47013de66093911d7d70ffe
3.39453125,matched_path_accumulation_v1,1024,pattern_rolling_k2v2_s0_r128,final,v1,logit_max_abs_diff,3.4140625,232e3b08d10919ca24932ad0a0135e46119ecfd5,0.01953125,aime24:p6:s0:seed6042,3aaa4d1b0009ba297434f6ce9cc3b021533afdacc47013de66093911d7d70ffe
0.0542258620262146,matched_path_accumulation_v1,2048,pattern_rolling_k2v2_s0_r128,final,v1,hidden_cosine_loss,0.054228246212005615,232e3b08d10919ca24932ad0a0135e46119ecfd5,2.384185791015625e-06,aime24:p6:s0:seed6042,3aaa4d1b0009ba297434f6ce9cc3b021533afdacc47013de66093911d7d70ffe
0.3233822549227625,matched_path_accumulation_v1,2048,pattern_rolling_k2v2_s0_r128,final,v1,hidden_relative_L2,0.3254294991493225,232e3b08d10919ca24932ad0a0135e46119ecfd5,0.0020472442265599966,aime24:p6:s0:seed6042,3aaa4d1b0009ba297434f6ce9cc3b021533afdacc47013de66093911d7d70ffe
0.3233822549227625,matched_path_accumulation_v1,2048,pattern_rolling_k2v2_s0_r128,final,v1,attention_output_relative_L2,0.3254294991493225,232e3b08d10919ca24932ad0a0135e46119ecfd5,0.0020472442265599966,aime24:p6:s0:seed6042,3aaa4d1b0009ba297434f6ce9cc3b021533afdacc47013de66093911d7d70ffe
0.0006457509006736473,matched_path_accumulation_v1,2048,pattern_rolling_k2v2_s0_r128,final,v1,next_token_KL,0.0006459394353441894,232e3b08d10919ca24932ad0a0135e46119ecfd5,1.885346705421398e-07,aime24:p6:s0:seed6042,3aaa4d1b0009ba297434f6ce9cc3b021533afdacc47013de66093911d7d70ffe
0.00018319593054627603,matched_path_accumulation_v1,2048,pattern_rolling_k2v2_s0_r128,final,v1,next_token_JS,0.00018326393910683692,232e3b08d10919ca24932ad0a0135e46119ecfd5,6.800856056088378e-08,aime24:p6:s0:seed6042,3aaa4d1b0009ba297434f6ce9cc3b021533afdacc47013de66093911d7d70ffe
0.0017482260009273887,matched_path_accumulation_v1,2048,pattern_rolling_k2v2_s0_r128,final,v1,target_token_NLL_delta,0.0017282249173149467,232e3b08d10919ca24932ad0a0135e46119ecfd5,-2.0001083612442017e-05,aime24:p6:s0:seed6042,3aaa4d1b0009ba297434f6ce9cc3b021533afdacc47013de66093911d7d70ffe
0.0,matched_path_accumulation_v1,2048,pattern_rolling_k2v2_s0_r128,final,v1,top1_disagreement,0.0,232e3b08d10919ca24932ad0a0135e46119ecfd5,0.0,aime24:p6:s0:seed6042,3aaa4d1b0009ba297434f6ce9cc3b021533afdacc47013de66093911d7d70ffe
3.12890625,matched_path_accumulation_v1,2048,pattern_rolling_k2v2_s0_r128,final,v1,logit_max_abs_diff,3.14453125,232e3b08d10919ca24932ad0a0135e46119ecfd5,0.015625,aime24:p6:s0:seed6042,3aaa4d1b0009ba297434f6ce9cc3b021533afdacc47013de66093911d7d70ffe
0.0880705714225769,matched_path_accumulation_v1,4096,pattern_rolling_k2v2_s0_r128,final,v1,hidden_cosine_loss,0.08807438611984253,232e3b08d10919ca24932ad0a0135e46119ecfd5,3.814697265625e-06,aime24:p6:s0:seed6042,3aaa4d1b0009ba297434f6ce9cc3b021533afdacc47013de66093911d7d70ffe
0.44197611534036696,matched_path_accumulation_v1,4096,pattern_rolling_k2v2_s0_r128,final,v1,hidden_relative_L2,0.4446210563182831,232e3b08d10919ca24932ad0a0135e46119ecfd5,0.0026449409779161215,aime24:p6:s0:seed6042,3aaa4d1b0009ba297434f6ce9cc3b021533afdacc47013de66093911d7d70ffe
0.44197611534036696,matched_path_accumulation_v1,4096,pattern_rolling_k2v2_s0_r128,final,v1,attention_output_relative_L2,0.4446210563182831,232e3b08d10919ca24932ad0a0135e46119ecfd5,0.0026449409779161215,aime24:p6:s0:seed6042,3aaa4d1b0009ba297434f6ce9cc3b021533afdacc47013de66093911d7d70ffe
0.0035222063306719065,matched_path_accumulation_v1,4096,pattern_rolling_k2v2_s0_r128,final,v1,next_token_KL,0.0035222063306719065,232e3b08d10919ca24932ad0a0135e46119ecfd5,0.0,aime24:p6:s0:seed6042,3aaa4d1b0009ba297434f6ce9cc3b021533afdacc47013de66093911d7d70ffe
0.0011988943918392891,matched_path_accumulation_v1,4096,pattern_rolling_k2v2_s0_r128,final,v1,next_token_JS,0.0011988987680524588,232e3b08d10919ca24932ad0a0135e46119ecfd5,4.376213169621224e-09,aime24:p6:s0:seed6042,3aaa4d1b0009ba297434f6ce9cc3b021533afdacc47013de66093911d7d70ffe
0.003729439777089283,matched_path_accumulation_v1,4096,pattern_rolling_k2v2_s0_r128,final,v1,target_token_NLL_delta,0.00372896296903491,232e3b08d10919ca24932ad0a0135e46119ecfd5,-4.7680805437266827e-07,aime24:p6:s0:seed6042,3aaa4d1b0009ba297434f6ce9cc3b021533afdacc47013de66093911d7d70ffe
0.0,matched_path_accumulation_v1,4096,pattern_rolling_k2v2_s0_r128,final,v1,top1_disagreement,0.0,232e3b08d10919ca24932ad0a0135e46119ecfd5,0.0,aime24:p6:s0:seed6042,3aaa4d1b0009ba297434f6ce9cc3b021533afdacc47013de66093911d7d70ffe
6.203125,matched_path_accumulation_v1,4096,pattern_rolling_k2v2_s0_r128,final,v1,logit_max_abs_diff,6.234375,232e3b08d10919ca24932ad0a0135e46119ecfd5,0.03125,aime24:p6:s0:seed6042,3aaa4d1b0009ba297434f6ce9cc3b021533afdacc47013de66093911d7d70ffe
1.7881393432617188e-07,matched_path_accumulation_v1,128,pattern_rolling_k2v2_s0_r128,final,v1,hidden_cosine_loss,1.7881393432617188e-06,232e3b08d10919ca24932ad0a0135e46119ecfd5,1.6093254089355469e-06,aime24:p6:s1:seed6043,bdc5380c721a7d62393b67524bb3065580c4b13dffda573ae8f1238fbd86cb01
7.913250010460615e-05,matched_path_accumulation_v1,128,pattern_rolling_k2v2_s0_r128,final,v1,hidden_relative_L2,0.0016405596397817135,232e3b08d10919ca24932ad0a0135e46119ecfd5,0.0015614271396771073,aime24:p6:s1:seed6043,bdc5380c721a7d62393b67524bb3065580c4b13dffda573ae8f1238fbd86cb01
7.913250010460615e-05,matched_path_accumulation_v1,128,pattern_rolling_k2v2_s0_r128,final,v1,attention_output_relative_L2,0.0016405596397817135,232e3b08d10919ca24932ad0a0135e46119ecfd5,0.0015614271396771073,aime24:p6:s1:seed6043,bdc5380c721a7d62393b67524bb3065580c4b13dffda573ae8f1238fbd86cb01
-1.3816976206726395e-05,matched_path_accumulation_v1,128,pattern_rolling_k2v2_s0_r128,final,v1,next_token_KL,7.664404620300047e-06,232e3b08d10919ca24932ad0a0135e46119ecfd5,2.148138082702644e-05,aime24:p6:s1:seed6043,bdc5380c721a7d62393b67524bb3065580c4b13dffda573ae8f1238fbd86cb01
-3.462773747742176e-06,matched_path_accumulation_v1,128,pattern_rolling_k2v2_s0_r128,final,v1,next_token_JS,1.946092197613325e-06,232e3b08d10919ca24932ad0a0135e46119ecfd5,5.408865945355501e-06,aime24:p6:s1:seed6043,bdc5380c721a7d62393b67524bb3065580c4b13dffda573ae8f1238fbd86cb01
0.0032184720039367676,matched_path_accumulation_v1,128,pattern_rolling_k2v2_s0_r128,final,v1,target_token_NLL_delta,-0.00041174888610839844,232e3b08d10919ca24932ad0a0135e46119ecfd5,-0.003630220890045166,aime24:p6:s1:seed6043,bdc5380c721a7d62393b67524bb3065580c4b13dffda573ae8f1238fbd86cb01
0.0,matched_path_accumulation_v1,128,pattern_rolling_k2v2_s0_r128,final,v1,top1_disagreement,0.0,232e3b08d10919ca24932ad0a0135e46119ecfd5,0.0,aime24:p6:s1:seed6043,bdc5380c721a7d62393b67524bb3065580c4b13dffda573ae8f1238fbd86cb01
0.0078125,matched_path_accumulation_v1,128,pattern_rolling_k2v2_s0_r128,final,v1,logit_max_abs_diff,0.0234375,232e3b08d10919ca24932ad0a0135e46119ecfd5,0.015625,aime24:p6:s1:seed6043,bdc5380c721a7d62393b67524bb3065580c4b13dffda573ae8f1238fbd86cb01
0.03916287422180176,matched_path_accumulation_v1,512,pattern_rolling_k2v2_s0_r128,final,v1,hidden_cosine_loss,0.03916454315185547,232e3b08d10919ca24932ad0a0135e46119ecfd5,1.6689300537109375e-06,aime24:p6:s1:seed6043,bdc5380c721a7d62393b67524bb3065580c4b13dffda573ae8f1238fbd86cb01
0.27823583444114774,matched_path_accumulation_v1,512,pattern_rolling_k2v2_s0_r128,final,v1,hidden_relative_L2,0.2799670398235321,232e3b08d10919ca24932ad0a0135e46119ecfd5,0.0017312053823843598,aime24:p6:s1:seed6043,bdc5380c721a7d62393b67524bb3065580c4b13dffda573ae8f1238fbd86cb01
0.27823583444114774,matched_path_accumulation_v1,512,pattern_rolling_k2v2_s0_r128,final,v1,attention_output_relative_L2,0.2799670398235321,232e3b08d10919ca24932ad0a0135e46119ecfd5,0.0017312053823843598,aime24:p6:s1:seed6043,bdc5380c721a7d62393b67524bb3065580c4b13dffda573ae8f1238fbd86cb01
0.09414467996248277,matched_path_accumulation_v1,512,pattern_rolling_k2v2_s0_r128,final,v1,next_token_KL,0.09417268633842468,232e3b08d10919ca24932ad0a0135e46119ecfd5,2.8006375941913575e-05,aime24:p6:s1:seed6043,bdc5380c721a7d62393b67524bb3065580c4b13dffda573ae8f1238fbd86cb01
0.02633980250084278,matched_path_accumulation_v1,512,pattern_rolling_k2v2_s0_r128,final,v1,next_token_JS,0.026346713304519653,232e3b08d10919ca24932ad0a0135e46119ecfd5,6.910803676873911e-06,aime24:p6:s1:seed6043,bdc5380c721a7d62393b67524bb3065580c4b13dffda573ae8f1238fbd86cb01
0.2860363721847534,matched_path_accumulation_v1,512,pattern_rolling_k2v2_s0_r128,final,v1,target_token_NLL_delta,0.2914660573005676,232e3b08d10919ca24932ad0a0135e46119ecfd5,0.005429685115814209,aime24:p6:s1:seed6043,bdc5380c721a7d62393b67524bb3065580c4b13dffda573ae8f1238fbd86cb01
0.0,matched_path_accumulation_v1,512,pattern_rolling_k2v2_s0_r128,final,v1,top1_disagreement,0.0,232e3b08d10919ca24932ad0a0135e46119ecfd5,0.0,aime24:p6:s1:seed6043,bdc5380c721a7d62393b67524bb3065580c4b13dffda573ae8f1238fbd86cb01
3.03125,matched_path_accumulation_v1,512,pattern_rolling_k2v2_s0_r128,final,v1,logit_max_abs_diff,3.046875,232e3b08d10919ca24932ad0a0135e46119ecfd5,0.015625,aime24:p6:s1:seed6043,bdc5380c721a7d62393b67524bb3065580c4b13dffda573ae8f1238fbd86cb01
0.04449063539505005,matched_path_accumulation_v1,1024,pattern_rolling_k2v2_s0_r128,final,v1,hidden_cosine_loss,0.044492483139038086,232e3b08d10919ca24932ad0a0135e46119ecfd5,1.8477439880371094e-06,aime24:p6:s1:seed6043,bdc5380c721a7d62393b67524bb3065580c4b13dffda573ae8f1238fbd86cb01
0.29360211454331875,matched_path_accumulation_v1,1024,pattern_rolling_k2v2_s0_r128,final,v1,hidden_relative_L2,0.29533037543296814,232e3b08d10919ca24932ad0a0135e46119ecfd5,0.0017282608896493912,aime24:p6:s1:seed6043,bdc5380c721a7d62393b67524bb3065580c4b13dffda573ae8f1238fbd86cb01
0.29360211454331875,matched_path_accumulation_v1,1024,pattern_rolling_k2v2_s0_r128,final,v1,attention_output_relative_L2,0.29533037543296814,232e3b08d10919ca24932ad0a0135e46119ecfd5,0.0017282608896493912,aime24:p6:s1:seed6043,bdc5380c721a7d62393b67524bb3065580c4b13dffda573ae8f1238fbd86cb01
0.01842422115532827,matched_path_accumulation_v1,1024,pattern_rolling_k2v2_s0_r128,final,v1,next_token_KL,0.018435388803482056,232e3b08d10919ca24932ad0a0135e46119ecfd5,1.1167648153787013e-05,aime24:p6:s1:seed6043,bdc5380c721a7d62393b67524bb3065580c4b13dffda573ae8f1238fbd86cb01
0.005129474526256672,matched_path_accumulation_v1,1024,pattern_rolling_k2v2_s0_r128,final,v1,next_token_JS,0.005132338032126427,232e3b08d10919ca24932ad0a0135e46119ecfd5,2.86350586975459e-06,aime24:p6:s1:seed6043,bdc5380c721a7d62393b67524bb3065580c4b13dffda573ae8f1238fbd86cb01
-0.21334338188171387,matched_path_accumulation_v1,1024,pattern_rolling_k2v2_s0_r128,final,v1,target_token_NLL_delta,-0.21173477172851562,232e3b08d10919ca24932ad0a0135e46119ecfd5,0.0016086101531982422,aime24:p6:s1:seed6043,bdc5380c721a7d62393b67524bb3065580c4b13dffda573ae8f1238fbd86cb01
0.0,matched_path_accumulation_v1,1024,pattern_rolling_k2v2_s0_r128,final,v1,top1_disagreement,0.0,232e3b08d10919ca24932ad0a0135e46119ecfd5,0.0,aime24:p6:s1:seed6043,bdc5380c721a7d62393b67524bb3065580c4b13dffda573ae8f1238fbd86cb01
2.63671875,matched_path_accumulation_v1,1024,pattern_rolling_k2v2_s0_r128,final,v1,logit_max_abs_diff,2.65234375,232e3b08d10919ca24932ad0a0135e46119ecfd5,0.015625,aime24:p6:s1:seed6043,bdc5380c721a7d62393b67524bb3065580c4b13dffda573ae8f1238fbd86cb01
0.0706830620765686,matched_path_accumulation_v1,2048,pattern_rolling_k2v2_s0_r128,final,v1,hidden_cosine_loss,0.07068896293640137,232e3b08d10919ca24932ad0a0135e46119ecfd5,5.900859832763672e-06,aime24:p6:s1:seed6043,bdc5380c721a7d62393b67524bb3065580c4b13dffda573ae8f1238fbd86cb01
0.39219873608089983,matched_path_accumulation_v1,2048,pattern_rolling_k2v2_s0_r128,final,v1,hidden_relative_L2,0.3957059383392334,232e3b08d10919ca24932ad0a0135e46119ecfd5,0.003507202258333564,aime24:p6:s1:seed6043,bdc5380c721a7d62393b67524bb3065580c4b13dffda573ae8f1238fbd86cb01
0.39219873608089983,matched_path_accumulation_v1,2048,pattern_rolling_k2v2_s0_r128,final,v1,attention_output_relative_L2,0.3957059383392334,232e3b08d10919ca24932ad0a0135e46119ecfd5,0.003507202258333564,aime24:p6:s1:seed6043,bdc5380c721a7d62393b67524bb3065580c4b13dffda573ae8f1238fbd86cb01
1.3977661623698623e-06,matched_path_accumulation_v1,2048,pattern_rolling_k2v2_s0_r128,final,v1,next_token_KL,1.4748447938472964e-06,232e3b08d10919ca24932ad0a0135e46119ecfd5,7.70786314774341e-08,aime24:p6:s1:seed6043,bdc5380c721a7d62393b67524bb3065580c4b13dffda573ae8f1238fbd86cb01
4.539396574188004e-07,matched_path_accumulation_v1,2048,pattern_rolling_k2v2_s0_r128,final,v1,next_token_JS,4.5414151372824563e-07,232e3b08d10919ca24932ad0a0135e46119ecfd5,2.0185630944524746e-10,aime24:p6:s1:seed6043,bdc5380c721a7d62393b67524bb3065580c4b13dffda573ae8f1238fbd86cb01
2.9802149583701976e-06,matched_path_accumulation_v1,2048,pattern_rolling_k2v2_s0_r128,final,v1,target_token_NLL_delta,2.9802149583701976e-06,232e3b08d10919ca24932ad0a0135e46119ecfd5,0.0,aime24:p6:s1:seed6043,bdc5380c721a7d62393b67524bb3065580c4b13dffda573ae8f1238fbd86cb01
0.0,matched_path_accumulation_v1,2048,pattern_rolling_k2v2_s0_r128,final,v1,top1_disagreement,0.0,232e3b08d10919ca24932ad0a0135e46119ecfd5,0.0,aime24:p6:s1:seed6043,bdc5380c721a7d62393b67524bb3065580c4b13dffda573ae8f1238fbd86cb01
3.79296875,matched_path_accumulation_v1,2048,pattern_rolling_k2v2_s0_r128,final,v1,logit_max_abs_diff,3.83984375,232e3b08d10919ca24932ad0a0135e46119ecfd5,0.046875,aime24:p6:s1:seed6043,bdc5380c721a7d62393b67524bb3065580c4b13dffda573ae8f1238fbd86cb01
0.0910300612449646,matched_path_accumulation_v1,4096,pattern_rolling_k2v2_s0_r128,final,v1,hidden_cosine_loss,0.09103262424468994,232e3b08d10919ca24932ad0a0135e46119ecfd5,2.562999725341797e-06,aime24:p6:s1:seed6043,bdc5380c721a7d62393b67524bb3065580c4b13dffda573ae8f1238fbd86cb01
0.42044080211780965,matched_path_accumulation_v1,4096,pattern_rolling_k2v2_s0_r128,final,v1,hidden_relative_L2,0.42251890897750854,232e3b08d10919ca24932ad0a0135e46119ecfd5,0.0020781068596988916,aime24:p6:s1:seed6043,bdc5380c721a7d62393b67524bb3065580c4b13dffda573ae8f1238fbd86cb01
0.42044080211780965,matched_path_accumulation_v1,4096,pattern_rolling_k2v2_s0_r128,final,v1,attention_output_relative_L2,0.42251890897750854,232e3b08d10919ca24932ad0a0135e46119ecfd5,0.0020781068596988916,aime24:p6:s1:seed6043,bdc5380c721a7d62393b67524bb3065580c4b13dffda573ae8f1238fbd86cb01
0.0003497740782023584,matched_path_accumulation_v1,4096,pattern_rolling_k2v2_s0_r128,final,v1,next_token_KL,0.00034979963675141335,232e3b08d10919ca24932ad0a0135e46119ecfd5,2.5558549054949253e-08,aime24:p6:s1:seed6043,bdc5380c721a7d62393b67524bb3065580c4b13dffda573ae8f1238fbd86cb01
7.434012712126403e-05,matched_path_accumulation_v1,4096,pattern_rolling_k2v2_s0_r128,final,v1,next_token_JS,7.434198050759733e-05,232e3b08d10919ca24932ad0a0135e46119ecfd5,1.853386333294793e-09,aime24:p6:s1:seed6043,bdc5380c721a7d62393b67524bb3065580c4b13dffda573ae8f1238fbd86cb01
-1.686462201178074e-05,matched_path_accumulation_v1,4096,pattern_rolling_k2v2_s0_r128,final,v1,target_token_NLL_delta,-1.6508391126990318e-05,232e3b08d10919ca24932ad0a0135e46119ecfd5,3.5623088479042053e-07,aime24:p6:s1:seed6043,bdc5380c721a7d62393b67524bb3065580c4b13dffda573ae8f1238fbd86cb01
0.0,matched_path_accumulation_v1,4096,pattern_rolling_k2v2_s0_r128,final,v1,top1_disagreement,0.0,232e3b08d10919ca24932ad0a0135e46119ecfd5,0.0,aime24:p6:s1:seed6043,bdc5380c721a7d62393b67524bb3065580c4b13dffda573ae8f1238fbd86cb01
3.7265625,matched_path_accumulation_v1,4096,pattern_rolling_k2v2_s0_r128,final,v1,logit_max_abs_diff,3.74609375,232e3b08d10919ca24932ad0a0135e46119ecfd5,0.01953125,aime24:p6:s1:seed6043,bdc5380c721a7d62393b67524bb3065580c4b13dffda573ae8f1238fbd86cb01
0.05125164985656738,matched_path_accumulation_v1,128,pattern_rolling_k2v2_s0_r128,final,v1,hidden_cosine_loss,0.051254451274871826,232e3b08d10919ca24932ad0a0135e46119ecfd5,2.8014183044433594e-06,aime24:p0:s0:seed42,7a50b9d97068ffc8a93d794fcdf6bac89e37ed85dd38b6abbdbbe8fb4c9a8f8a
0.31861857790499926,matched_path_accumulation_v1,128,pattern_rolling_k2v2_s0_r128,final,v1,hidden_relative_L2,0.3208223283290863,232e3b08d10919ca24932ad0a0135e46119ecfd5,0.0022037504240870476,aime24:p0:s0:seed42,7a50b9d97068ffc8a93d794fcdf6bac89e37ed85dd38b6abbdbbe8fb4c9a8f8a
0.31861857790499926,matched_path_accumulation_v1,128,pattern_rolling_k2v2_s0_r128,final,v1,attention_output_relative_L2,0.3208223283290863,232e3b08d10919ca24932ad0a0135e46119ecfd5,0.0022037504240870476,aime24:p0:s0:seed42,7a50b9d97068ffc8a93d794fcdf6bac89e37ed85dd38b6abbdbbe8fb4c9a8f8a
0.36947809235675777,matched_path_accumulation_v1,128,pattern_rolling_k2v2_s0_r128,final,v1,next_token_KL,0.369479238986969,232e3b08d10919ca24932ad0a0135e46119ecfd5,1.1466302112239646e-06,aime24:p0:s0:seed42,7a50b9d97068ffc8a93d794fcdf6bac89e37ed85dd38b6abbdbbe8fb4c9a8f8a
0.0965956866254487,matched_path_accumulation_v1,128,pattern_rolling_k2v2_s0_r128,final,v1,next_token_JS,0.09659600257873535,232e3b08d10919ca24932ad0a0135e46119ecfd5,3.1595328664479894e-07,aime24:p0:s0:seed42,7a50b9d97068ffc8a93d794fcdf6bac89e37ed85dd38b6abbdbbe8fb4c9a8f8a
0.6553051471710205,matched_path_accumulation_v1,128,pattern_rolling_k2v2_s0_r128,final,v1,target_token_NLL_delta,0.6551814079284668,232e3b08d10919ca24932ad0a0135e46119ecfd5,-0.00012373924255371094,aime24:p0:s0:seed42,7a50b9d97068ffc8a93d794fcdf6bac89e37ed85dd38b6abbdbbe8fb4c9a8f8a
1.0,matched_path_accumulation_v1,128,pattern_rolling_k2v2_s0_r128,final,v1,top1_disagreement,1.0,232e3b08d10919ca24932ad0a0135e46119ecfd5,0.0,aime24:p0:s0:seed42,7a50b9d97068ffc8a93d794fcdf6bac89e37ed85dd38b6abbdbbe8fb4c9a8f8a
3.9169921875,matched_path_accumulation_v1,128,pattern_rolling_k2v2_s0_r128,final,v1,logit_max_abs_diff,3.9404296875,232e3b08d10919ca24932ad0a0135e46119ecfd5,0.0234375,aime24:p0:s0:seed42,7a50b9d97068ffc8a93d794fcdf6bac89e37ed85dd38b6abbdbbe8fb4c9a8f8a
0.03009343147277832,matched_path_accumulation_v1,512,pattern_rolling_k2v2_s0_r128,final,v1,hidden_cosine_loss,0.030095338821411133,232e3b08d10919ca24932ad0a0135e46119ecfd5,1.9073486328125e-06,aime24:p0:s0:seed42,7a50b9d97068ffc8a93d794fcdf6bac89e37ed85dd38b6abbdbbe8fb4c9a8f8a
0.24283968925010413,matched_path_accumulation_v1,512,pattern_rolling_k2v2_s0_r128,final,v1,hidden_relative_L2,0.24472887814044952,232e3b08d10919ca24932ad0a0135e46119ecfd5,0.0018891888903453946,aime24:p0:s0:seed42,7a50b9d97068ffc8a93d794fcdf6bac89e37ed85dd38b6abbdbbe8fb4c9a8f8a
0.24283968925010413,matched_path_accumulation_v1,512,pattern_rolling_k2v2_s0_r128,final,v1,attention_output_relative_L2,0.24472887814044952,232e3b08d10919ca24932ad0a0135e46119ecfd5,0.0018891888903453946,aime24:p0:s0:seed42,7a50b9d97068ffc8a93d794fcdf6bac89e37ed85dd38b6abbdbbe8fb4c9a8f8a
3.4022607689365714e-05,matched_path_accumulation_v1,512,pattern_rolling_k2v2_s0_r128,final,v1,next_token_KL,3.4031552786473185e-05,232e3b08d10919ca24932ad0a0135e46119ecfd5,8.945097107471156e-09,aime24:p0:s0:seed42,7a50b9d97068ffc8a93d794fcdf6bac89e37ed85dd38b6abbdbbe8fb4c9a8f8a
9.57475113949613e-06,matched_path_accumulation_v1,512,pattern_rolling_k2v2_s0_r128,final,v1,next_token_JS,9.604614206182305e-06,232e3b08d10919ca24932ad0a0135e46119ecfd5,2.9863066686175443e-08,aime24:p0:s0:seed42,7a50b9d97068ffc8a93d794fcdf6bac89e37ed85dd38b6abbdbbe8fb4c9a8f8a
0.00011405792611185461,matched_path_accumulation_v1,512,pattern_rolling_k2v2_s0_r128,final,v1,target_token_NLL_delta,0.00011548820475582033,232e3b08d10919ca24932ad0a0135e46119ecfd5,1.4302786439657211e-06,aime24:p0:s0:seed42,7a50b9d97068ffc8a93d794fcdf6bac89e37ed85dd38b6abbdbbe8fb4c9a8f8a
0.0,matched_path_accumulation_v1,512,pattern_rolling_k2v2_s0_r128,final,v1,top1_disagreement,0.0,232e3b08d10919ca24932ad0a0135e46119ecfd5,0.0,aime24:p0:s0:seed42,7a50b9d97068ffc8a93d794fcdf6bac89e37ed85dd38b6abbdbbe8fb4c9a8f8a
2.14306640625,matched_path_accumulation_v1,512,pattern_rolling_k2v2_s0_r128,final,v1,logit_max_abs_diff,2.1591796875,232e3b08d10919ca24932ad0a0135e46119ecfd5,0.01611328125,aime24:p0:s0:seed42,7a50b9d97068ffc8a93d794fcdf6bac89e37ed85dd38b6abbdbbe8fb4c9a8f8a
0.0811382532119751,matched_path_accumulation_v1,1024,pattern_rolling_k2v2_s0_r128,final,v1,hidden_cosine_loss,0.08114117383956909,232e3b08d10919ca24932ad0a0135e46119ecfd5,2.9206275939941406e-06,aime24:p0:s0:seed42,7a50b9d97068ffc8a93d794fcdf6bac89e37ed85dd38b6abbdbbe8fb4c9a8f8a
0.4127171461004764,matched_path_accumulation_v1,1024,pattern_rolling_k2v2_s0_r128,final,v1,hidden_relative_L2,0.41504010558128357,232e3b08d10919ca24932ad0a0135e46119ecfd5,0.002322959480807185,aime24:p0:s0:seed42,7a50b9d97068ffc8a93d794fcdf6bac89e37ed85dd38b6abbdbbe8fb4c9a8f8a
0.4127171461004764,matched_path_accumulation_v1,1024,pattern_rolling_k2v2_s0_r128,final,v1,attention_output_relative_L2,0.41504010558128357,232e3b08d10919ca24932ad0a0135e46119ecfd5,0.002322959480807185,aime24:p0:s0:seed42,7a50b9d97068ffc8a93d794fcdf6bac89e37ed85dd38b6abbdbbe8fb4c9a8f8a
0.033396026478058616,matched_path_accumulation_v1,1024,pattern_rolling_k2v2_s0_r128,final,v1,next_token_KL,0.033396165817976,232e3b08d10919ca24932ad0a0135e46119ecfd5,1.393399173821308e-07,aime24:p0:s0:seed42,7a50b9d97068ffc8a93d794fcdf6bac89e37ed85dd38b6abbdbbe8fb4c9a8f8a
0.011115023145140235,matched_path_accumulation_v1,1024,pattern_rolling_k2v2_s0_r128,final,v1,next_token_JS,0.011115023866295815,232e3b08d10919ca24932ad0a0135e46119ecfd5,7.21155579697097e-10,aime24:p0:s0:seed42,7a50b9d97068ffc8a93d794fcdf6bac89e37ed85dd38b6abbdbbe8fb4c9a8f8a
0.03735032689291984,matched_path_accumulation_v1,1024,pattern_rolling_k2v2_s0_r128,final,v1,target_token_NLL_delta,0.03733353689312935,232e3b08d10919ca24932ad0a0135e46119ecfd5,-1.6789999790489674e-05,aime24:p0:s0:seed42,7a50b9d97068ffc8a93d794fcdf6bac89e37ed85dd38b6abbdbbe8fb4c9a8f8a
0.0,matched_path_accumulation_v1,1024,pattern_rolling_k2v2_s0_r128,final,v1,top1_disagreement,0.0,232e3b08d10919ca24932ad0a0135e46119ecfd5,0.0,aime24:p0:s0:seed42,7a50b9d97068ffc8a93d794fcdf6bac89e37ed85dd38b6abbdbbe8fb4c9a8f8a
3.82421875,matched_path_accumulation_v1,1024,pattern_rolling_k2v2_s0_r128,final,v1,logit_max_abs_diff,3.84375,232e3b08d10919ca24932ad0a0135e46119ecfd5,0.01953125,aime24:p0:s0:seed42,7a50b9d97068ffc8a93d794fcdf6bac89e37ed85dd38b6abbdbbe8fb4c9a8f8a
0.0717197060585022,matched_path_accumulation_v1,2048,pattern_rolling_k2v2_s0_r128,final,v1,hidden_cosine_loss,0.07172447443008423,232e3b08d10919ca24932ad0a0135e46119ecfd5,4.76837158203125e-06,aime24:p0:s0:seed42,7a50b9d97068ffc8a93d794fcdf6bac89e37ed85dd38b6abbdbbe8fb4c9a8f8a
0.3771863242145628,matched_path_accumulation_v1,2048,pattern_rolling_k2v2_s0_r128,final,v1,hidden_relative_L2,0.38022640347480774,232e3b08d10919ca24932ad0a0135e46119ecfd5,0.0030400792602449656,aime24:p0:s0:seed42,7a50b9d97068ffc8a93d794fcdf6bac89e37ed85dd38b6abbdbbe8fb4c9a8f8a
0.3771863242145628,matched_path_accumulation_v1,2048,pattern_rolling_k2v2_s0_r128,final,v1,attention_output_relative_L2,0.38022640347480774,232e3b08d10919ca24932ad0a0135e46119ecfd5,0.0030400792602449656,aime24:p0:s0:seed42,7a50b9d97068ffc8a93d794fcdf6bac89e37ed85dd38b6abbdbbe8fb4c9a8f8a
1.7269377394768526e-06,matched_path_accumulation_v1,2048,pattern_rolling_k2v2_s0_r128,final,v1,next_token_KL,1.7854268890005187e-06,232e3b08d10919ca24932ad0a0135e46119ecfd5,5.848914952366613e-08,aime24:p0:s0:seed42,7a50b9d97068ffc8a93d794fcdf6bac89e37ed85dd38b6abbdbbe8fb4c9a8f8a
5.103834910258342e-07,matched_path_accumulation_v1,2048,pattern_rolling_k2v2_s0_r128,final,v1,next_token_JS,5.108670961817552e-07,232e3b08d10919ca24932ad0a0135e46119ecfd5,4.836051559209409e-10,aime24:p0:s0:seed42,7a50b9d97068ffc8a93d794fcdf6bac89e37ed85dd38b6abbdbbe8fb4c9a8f8a
-1.1920838005607948e-07,matched_path_accumulation_v1,2048,pattern_rolling_k2v2_s0_r128,final,v1,target_token_NLL_delta,-2.3841585061745718e-07,232e3b08d10919ca24932ad0a0135e46119ecfd5,-1.192074705613777e-07,aime24:p0:s0:seed42,7a50b9d97068ffc8a93d794fcdf6bac89e37ed85dd38b6abbdbbe8fb4c9a8f8a
0.0,matched_path_accumulation_v1,2048,pattern_rolling_k2v2_s0_r128,final,v1,top1_disagreement,0.0,232e3b08d10919ca24932ad0a0135e46119ecfd5,0.0,aime24:p0:s0:seed42,7a50b9d97068ffc8a93d794fcdf6bac89e37ed85dd38b6abbdbbe8fb4c9a8f8a
3.2578125,matched_path_accumulation_v1,2048,pattern_rolling_k2v2_s0_r128,final,v1,logit_max_abs_diff,3.2890625,232e3b08d10919ca24932ad0a0135e46119ecfd5,0.03125,aime24:p0:s0:seed42,7a50b9d97068ffc8a93d794fcdf6bac89e37ed85dd38b6abbdbbe8fb4c9a8f8a
0.07021385431289673,matched_path_accumulation_v1,4096,pattern_rolling_k2v2_s0_r128,final,v1,hidden_cosine_loss,0.07021617889404297,232e3b08d10919ca24932ad0a0135e46119ecfd5,2.3245811462402344e-06,aime24:p0:s0:seed42,7a50b9d97068ffc8a93d794fcdf6bac89e37ed85dd38b6abbdbbe8fb4c9a8f8a
0.38894410943612456,matched_path_accumulation_v1,4096,pattern_rolling_k2v2_s0_r128,final,v1,hidden_relative_L2,0.39090439677238464,232e3b08d10919ca24932ad0a0135e46119ecfd5,0.0019602873362600803,aime24:p0:s0:seed42,7a50b9d97068ffc8a93d794fcdf6bac89e37ed85dd38b6abbdbbe8fb4c9a8f8a
0.38894410943612456,matched_path_accumulation_v1,4096,pattern_rolling_k2v2_s0_r128,final,v1,attention_output_relative_L2,0.39090439677238464,232e3b08d10919ca24932ad0a0135e46119ecfd5,0.0019602873362600803,aime24:p0:s0:seed42,7a50b9d97068ffc8a93d794fcdf6bac89e37ed85dd38b6abbdbbe8fb4c9a8f8a
0.002282076051347337,matched_path_accumulation_v1,4096,pattern_rolling_k2v2_s0_r128,final,v1,next_token_KL,0.002282077679410577,232e3b08d10919ca24932ad0a0135e46119ecfd5,1.6280632397780437e-09,aime24:p0:s0:seed42,7a50b9d97068ffc8a93d794fcdf6bac89e37ed85dd38b6abbdbbe8fb4c9a8f8a
0.0007593671715904193,matched_path_accumulation_v1,4096,pattern_rolling_k2v2_s0_r128,final,v1,next_token_JS,0.0007593766204081476,232e3b08d10919ca24932ad0a0135e46119ecfd5,9.448817728241465e-09,aime24:p0:s0:seed42,7a50b9d97068ffc8a93d794fcdf6bac89e37ed85dd38b6abbdbbe8fb4c9a8f8a
0.0026012067683041096,matched_path_accumulation_v1,4096,pattern_rolling_k2v2_s0_r128,final,v1,target_token_NLL_delta,0.0026012067683041096,232e3b08d10919ca24932ad0a0135e46119ecfd5,0.0,aime24:p0:s0:seed42,7a50b9d97068ffc8a93d794fcdf6bac89e37ed85dd38b6abbdbbe8fb4c9a8f8a
0.0,matched_path_accumulation_v1,4096,pattern_rolling_k2v2_s0_r128,final,v1,top1_disagreement,0.0,232e3b08d10919ca24932ad0a0135e46119ecfd5,0.0,aime24:p0:s0:seed42,7a50b9d97068ffc8a93d794fcdf6bac89e37ed85dd38b6abbdbbe8fb4c9a8f8a
3.921875,matched_path_accumulation_v1,4096,pattern_rolling_k2v2_s0_r128,final,v1,logit_max_abs_diff,3.9375,232e3b08d10919ca24932ad0a0135e46119ecfd5,0.015625,aime24:p0:s0:seed42,7a50b9d97068ffc8a93d794fcdf6bac89e37ed85dd38b6abbdbbe8fb4c9a8f8a
0.0,matched_path_accumulation_v1,128,pattern_rolling_k2v2_s0_r128,final,v1,hidden_cosine_loss,2.9206275939941406e-06,232e3b08d10919ca24932ad0a0135e46119ecfd5,2.9206275939941406e-06,aime24:p11:s1:seed11043,437efafa63f236f96af74b80dfc1ee0897d780c1db5b68f052079544eea26327
-3.3460091799497604e-06,matched_path_accumulation_v1,128,pattern_rolling_k2v2_s0_r128,final,v1,hidden_relative_L2,0.0022844597697257996,232e3b08d10919ca24932ad0a0135e46119ecfd5,0.0022878057789057493,aime24:p11:s1:seed11043,437efafa63f236f96af74b80dfc1ee0897d780c1db5b68f052079544eea26327
-3.3460091799497604e-06,matched_path_accumulation_v1,128,pattern_rolling_k2v2_s0_r128,final,v1,attention_output_relative_L2,0.0022844597697257996,232e3b08d10919ca24932ad0a0135e46119ecfd5,0.0022878057789057493,aime24:p11:s1:seed11043,437efafa63f236f96af74b80dfc1ee0897d780c1db5b68f052079544eea26327
-2.4497348931618035e-06,matched_path_accumulation_v1,128,pattern_rolling_k2v2_s0_r128,final,v1,next_token_KL,1.601905569259543e-05,232e3b08d10919ca24932ad0a0135e46119ecfd5,1.8468790585757233e-05,aime24:p11:s1:seed11043,437efafa63f236f96af74b80dfc1ee0897d780c1db5b68f052079544eea26327
-6.310233402473386e-07,matched_path_accumulation_v1,128,pattern_rolling_k2v2_s0_r128,final,v1,next_token_JS,3.983662281825673e-06,232e3b08d10919ca24932ad0a0135e46119ecfd5,4.6146856220730115e-06,aime24:p11:s1:seed11043,437efafa63f236f96af74b80dfc1ee0897d780c1db5b68f052079544eea26327
-0.004419684410095215,matched_path_accumulation_v1,128,pattern_rolling_k2v2_s0_r128,final,v1,target_token_NLL_delta,-0.0024241209030151367,232e3b08d10919ca24932ad0a0135e46119ecfd5,0.001995563507080078,aime24:p11:s1:seed11043,437efafa63f236f96af74b80dfc1ee0897d780c1db5b68f052079544eea26327
0.0,matched_path_accumulation_v1,128,pattern_rolling_k2v2_s0_r128,final,v1,top1_disagreement,0.0,232e3b08d10919ca24932ad0a0135e46119ecfd5,0.0,aime24:p11:s1:seed11043,437efafa63f236f96af74b80dfc1ee0897d780c1db5b68f052079544eea26327
0.0,matched_path_accumulation_v1,128,pattern_rolling_k2v2_s0_r128,final,v1,logit_max_abs_diff,0.0234375,232e3b08d10919ca24932ad0a0135e46119ecfd5,0.0234375,aime24:p11:s1:seed11043,437efafa63f236f96af74b80dfc1ee0897d780c1db5b68f052079544eea26327
0.1254432201385498,matched_path_accumulation_v1,512,pattern_rolling_k2v2_s0_r128,final,v1,hidden_cosine_loss,0.12544655799865723,232e3b08d10919ca24932ad0a0135e46119ecfd5,3.337860107421875e-06,aime24:p11:s1:seed11043,437efafa63f236f96af74b80dfc1ee0897d780c1db5b68f052079544eea26327
0.5136908099520952,matched_path_accumulation_v1,512,pattern_rolling_k2v2_s0_r128,final,v1,hidden_relative_L2,0.5161497592926025,232e3b08d10919ca24932ad0a0135e46119ecfd5,0.002458949340507388,aime24:p11:s1:seed11043,437efafa63f236f96af74b80dfc1ee0897d780c1db5b68f052079544eea26327
0.5136908099520952,matched_path_accumulation_v1,512,pattern_rolling_k2v2_s0_r128,final,v1,attention_output_relative_L2,0.5161497592926025,232e3b08d10919ca24932ad0a0135e46119ecfd5,0.002458949340507388,aime24:p11:s1:seed11043,437efafa63f236f96af74b80dfc1ee0897d780c1db5b68f052079544eea26327
0.2777435533635071,matched_path_accumulation_v1,512,pattern_rolling_k2v2_s0_r128,final,v1,next_token_KL,0.2777497470378876,232e3b08d10919ca24932ad0a0135e46119ecfd5,6.1936743804835714e-06,aime24:p11:s1:seed11043,437efafa63f236f96af74b80dfc1ee0897d780c1db5b68f052079544eea26327
0.06111475221769069,matched_path_accumulation_v1,512,pattern_rolling_k2v2_s0_r128,final,v1,next_token_JS,0.06111631542444229,232e3b08d10919ca24932ad0a0135e46119ecfd5,1.5632067515980452e-06,aime24:p11:s1:seed11043,437efafa63f236f96af74b80dfc1ee0897d780c1db5b68f052079544eea26327
-0.010324537754058838,matched_path_accumulation_v1,512,pattern_rolling_k2v2_s0_r128,final,v1,target_token_NLL_delta,-0.009494185447692871,232e3b08d10919ca24932ad0a0135e46119ecfd5,0.0008303523063659668,aime24:p11:s1:seed11043,437efafa63f236f96af74b80dfc1ee0897d780c1db5b68f052079544eea26327
0.0,matched_path_accumulation_v1,512,pattern_rolling_k2v2_s0_r128,final,v1,top1_disagreement,0.0,232e3b08d10919ca24932ad0a0135e46119ecfd5,0.0,aime24:p11:s1:seed11043,437efafa63f236f96af74b80dfc1ee0897d780c1db5b68f052079544eea26327
4.4375,matched_path_accumulation_v1,512,pattern_rolling_k2v2_s0_r128,final,v1,logit_max_abs_diff,4.4609375,232e3b08d10919ca24932ad0a0135e46119ecfd5,0.0234375,aime24:p11:s1:seed11043,437efafa63f236f96af74b80dfc1ee0897d780c1db5b68f052079544eea26327
0.05232369899749756,matched_path_accumulation_v1,1024,pattern_rolling_k2v2_s0_r128,final,v1,hidden_cosine_loss,0.05232560634613037,232e3b08d10919ca24932ad0a0135e46119ecfd5,1.9073486328125e-06,aime24:p11:s1:seed11043,437efafa63f236f96af74b80dfc1ee0897d780c1db5b68f052079544eea26327
0.3226039798464626,matched_path_accumulation_v1,1024,pattern_rolling_k2v2_s0_r128,final,v1,hidden_relative_L2,0.32437950372695923,232e3b08d10919ca24932ad0a0135e46119ecfd5,0.0017755238804966211,aime24:p11:s1:seed11043,437efafa63f236f96af74b80dfc1ee0897d780c1db5b68f052079544eea26327
0.3226039798464626,matched_path_accumulation_v1,1024,pattern_rolling_k2v2_s0_r128,final,v1,attention_output_relative_L2,0.32437950372695923,232e3b08d10919ca24932ad0a0135e46119ecfd5,0.0017755238804966211,aime24:p11:s1:seed11043,437efafa63f236f96af74b80dfc1ee0897d780c1db5b68f052079544eea26327
0.11747968286476862,matched_path_accumulation_v1,1024,pattern_rolling_k2v2_s0_r128,final,v1,next_token_KL,0.11748313903808594,232e3b08d10919ca24932ad0a0135e46119ecfd5,3.4561733173177345e-06,aime24:p11:s1:seed11043,437efafa63f236f96af74b80dfc1ee0897d780c1db5b68f052079544eea26327
0.028611096534348235,matched_path_accumulation_v1,1024,pattern_rolling_k2v2_s0_r128,final,v1,next_token_JS,0.028611939400434494,232e3b08d10919ca24932ad0a0135e46119ecfd5,8.428660862591641e-07,aime24:p11:s1:seed11043,437efafa63f236f96af74b80dfc1ee0897d780c1db5b68f052079544eea26327
0.8010010719299316,matched_path_accumulation_v1,1024,pattern_rolling_k2v2_s0_r128,final,v1,target_token_NLL_delta,0.8006892204284668,232e3b08d10919ca24932ad0a0135e46119ecfd5,-0.00031185150146484375,aime24:p11:s1:seed11043,437efafa63f236f96af74b80dfc1ee0897d780c1db5b68f052079544eea26327
0.0,matched_path_accumulation_v1,1024,pattern_rolling_k2v2_s0_r128,final,v1,top1_disagreement,0.0,232e3b08d10919ca24932ad0a0135e46119ecfd5,0.0,aime24:p11:s1:seed11043,437efafa63f236f96af74b80dfc1ee0897d780c1db5b68f052079544eea26327
3.08984375,matched_path_accumulation_v1,1024,pattern_rolling_k2v2_s0_r128,final,v1,logit_max_abs_diff,3.109375,232e3b08d10919ca24932ad0a0135e46119ecfd5,0.01953125,aime24:p11:s1:seed11043,437efafa63f236f96af74b80dfc1ee0897d780c1db5b68f052079544eea26327
0.05730795860290527,matched_path_accumulation_v1,2048,pattern_rolling_k2v2_s0_r128,final,v1,hidden_cosine_loss,0.05731022357940674,232e3b08d10919ca24932ad0a0135e46119ecfd5,2.2649765014648438e-06,aime24:p11:s1:seed11043,437efafa63f236f96af74b80dfc1ee0897d780c1db5b68f052079544eea26327
0.3431136244907975,matched_path_accumulation_v1,2048,pattern_rolling_k2v2_s0_r128,final,v1,hidden_relative_L2,0.34512296319007874,232e3b08d10919ca24932ad0a0135e46119ecfd5,0.0020093386992812157,aime24:p11:s1:seed11043,437efafa63f236f96af74b80dfc1ee0897d780c1db5b68f052079544eea26327
0.3431136244907975,matched_path_accumulation_v1,2048,pattern_rolling_k2v2_s0_r128,final,v1,attention_output_relative_L2,0.34512296319007874,232e3b08d10919ca24932ad0a0135e46119ecfd5,0.0020093386992812157,aime24:p11:s1:seed11043,437efafa63f236f96af74b80dfc1ee0897d780c1db5b68f052079544eea26327
0.031560991672449745,matched_path_accumulation_v1,2048,pattern_rolling_k2v2_s0_r128,final,v1,next_token_KL,0.031575459986925125,232e3b08d10919ca24932ad0a0135e46119ecfd5,1.4468314475379884e-05,aime24:p11:s1:seed11043,437efafa63f236f96af74b80dfc1ee0897d780c1db5b68f052079544eea26327
0.008417849622674112,matched_path_accumulation_v1,2048,pattern_rolling_k2v2_s0_r128,final,v1,next_token_JS,0.008421524427831173,232e3b08d10919ca24932ad0a0135e46119ecfd5,3.6748051570612006e-06,aime24:p11:s1:seed11043,437efafa63f236f96af74b80dfc1ee0897d780c1db5b68f052079544eea26327
0.12144608795642853,matched_path_accumulation_v1,2048,pattern_rolling_k2v2_s0_r128,final,v1,target_token_NLL_delta,0.12359672784805298,232e3b08d10919ca24932ad0a0135e46119ecfd5,0.0021506398916244507,aime24:p11:s1:seed11043,437efafa63f236f96af74b80dfc1ee0897d780c1db5b68f052079544eea26327
0.0,matched_path_accumulation_v1,2048,pattern_rolling_k2v2_s0_r128,final,v1,top1_disagreement,0.0,232e3b08d10919ca24932ad0a0135e46119ecfd5,0.0,aime24:p11:s1:seed11043,437efafa63f236f96af74b80dfc1ee0897d780c1db5b68f052079544eea26327
2.92919921875,matched_path_accumulation_v1,2048,pattern_rolling_k2v2_s0_r128,final,v1,logit_max_abs_diff,2.95263671875,232e3b08d10919ca24932ad0a0135e46119ecfd5,0.0234375,aime24:p11:s1:seed11043,437efafa63f236f96af74b80dfc1ee0897d780c1db5b68f052079544eea26327
0.04640108346939087,matched_path_accumulation_v1,4096,pattern_rolling_k2v2_s0_r128,final,v1,hidden_cosine_loss,0.04640316963195801,232e3b08d10919ca24932ad0a0135e46119ecfd5,2.086162567138672e-06,aime24:p11:s1:seed11043,437efafa63f236f96af74b80dfc1ee0897d780c1db5b68f052079544eea26327
0.31107272976078093,matched_path_accumulation_v1,4096,pattern_rolling_k2v2_s0_r128,final,v1,hidden_relative_L2,0.3130453824996948,232e3b08d10919ca24932ad0a0135e46119ecfd5,0.0019726527389138937,aime24:p11:s1:seed11043,437efafa63f236f96af74b80dfc1ee0897d780c1db5b68f052079544eea26327
0.31107272976078093,matched_path_accumulation_v1,4096,pattern_rolling_k2v2_s0_r128,final,v1,attention_output_relative_L2,0.3130453824996948,232e3b08d10919ca24932ad0a0135e46119ecfd5,0.0019726527389138937,aime24:p11:s1:seed11043,437efafa63f236f96af74b80dfc1ee0897d780c1db5b68f052079544eea26327
2.368539324115737e-06,matched_path_accumulation_v1,4096,pattern_rolling_k2v2_s0_r128,final,v1,next_token_KL,2.3692789454798913e-06,232e3b08d10919ca24932ad0a0135e46119ecfd5,7.396213641541749e-10,aime24:p11:s1:seed11043,437efafa63f236f96af74b80dfc1ee0897d780c1db5b68f052079544eea26327
7.586495694156259e-07,matched_path_accumulation_v1,4096,pattern_rolling_k2v2_s0_r128,final,v1,next_token_JS,7.58650969601149e-07,232e3b08d10919ca24932ad0a0135e46119ecfd5,1.4001855230816318e-12,aime24:p11:s1:seed11043,437efafa63f236f96af74b80dfc1ee0897d780c1db5b68f052079544eea26327
2.622600959512056e-06,matched_path_accumulation_v1,4096,pattern_rolling_k2v2_s0_r128,final,v1,target_token_NLL_delta,2.622600959512056e-06,232e3b08d10919ca24932ad0a0135e46119ecfd5,0.0,aime24:p11:s1:seed11043,437efafa63f236f96af74b80dfc1ee0897d780c1db5b68f052079544eea26327
0.0,matched_path_accumulation_v1,4096,pattern_rolling_k2v2_s0_r128,final,v1,top1_disagreement,0.0,232e3b08d10919ca24932ad0a0135e46119ecfd5,0.0,aime24:p11:s1:seed11043,437efafa63f236f96af74b80dfc1ee0897d780c1db5b68f052079544eea26327
3.181640625,matched_path_accumulation_v1,4096,pattern_rolling_k2v2_s0_r128,final,v1,logit_max_abs_diff,3.19921875,232e3b08d10919ca24932ad0a0135e46119ecfd5,0.017578125,aime24:p11:s1:seed11043,437efafa63f236f96af74b80dfc1ee0897d780c1db5b68f052079544eea26327
-1.1324882507324219e-06,matched_path_accumulation_v1,128,pattern_rolling_k2v2_s0_r128,final,v1,hidden_cosine_loss,2.9802322387695312e-06,232e3b08d10919ca24932ad0a0135e46119ecfd5,4.112720489501953e-06,aime24:p15:s0:seed15042,822cea1aaf72daad98cf9ddb629a4d3a79650451920bd62395ce83a00ac9a58b
-0.0004252176731824875,matched_path_accumulation_v1,128,pattern_rolling_k2v2_s0_r128,final,v1,hidden_relative_L2,0.002332690404728055,232e3b08d10919ca24932ad0a0135e46119ecfd5,0.0027579080779105425,aime24:p15:s0:seed15042,822cea1aaf72daad98cf9ddb629a4d3a79650451920bd62395ce83a00ac9a58b
-0.0004252176731824875,matched_path_accumulation_v1,128,pattern_rolling_k2v2_s0_r128,final,v1,attention_output_relative_L2,0.002332690404728055,232e3b08d10919ca24932ad0a0135e46119ecfd5,0.0027579080779105425,aime24:p15:s0:seed15042,822cea1aaf72daad98cf9ddb629a4d3a79650451920bd62395ce83a00ac9a58b
-1.96071505342843e-06,matched_path_accumulation_v1,128,pattern_rolling_k2v2_s0_r128,final,v1,next_token_KL,0.0,232e3b08d10919ca24932ad0a0135e46119ecfd5,1.96071505342843e-06,aime24:p15:s0:seed15042,822cea1aaf72daad98cf9ddb629a4d3a79650451920bd62395ce83a00ac9a58b
-5.207478741553473e-07,matched_path_accumulation_v1,128,pattern_rolling_k2v2_s0_r128,final,v1,next_token_JS,9.965362757213825e-09,232e3b08d10919ca24932ad0a0135e46119ecfd5,5.307132369125611e-07,aime24:p15:s0:seed15042,822cea1aaf72daad98cf9ddb629a4d3a79650451920bd62395ce83a00ac9a58b
-0.00027379579842090607,matched_path_accumulation_v1,128,pattern_rolling_k2v2_s0_r128,final,v1,target_token_NLL_delta,1.0542571544647217e-06,232e3b08d10919ca24932ad0a0135e46119ecfd5,0.0002748500555753708,aime24:p15:s0:seed15042,822cea1aaf72daad98cf9ddb629a4d3a79650451920bd62395ce83a00ac9a58b
0.0,matched_path_accumulation_v1,128,pattern_rolling_k2v2_s0_r128,final,v1,top1_disagreement,0.0,232e3b08d10919ca24932ad0a0135e46119ecfd5,0.0,aime24:p15:s0:seed15042,822cea1aaf72daad98cf9ddb629a4d3a79650451920bd62395ce83a00ac9a58b
-0.0107421875,matched_path_accumulation_v1,128,pattern_rolling_k2v2_s0_r128,final,v1,logit_max_abs_diff,0.01953125,232e3b08d10919ca24932ad0a0135e46119ecfd5,0.0302734375,aime24:p15:s0:seed15042,822cea1aaf72daad98cf9ddb629a4d3a79650451920bd62395ce83a00ac9a58b
0.032876670360565186,matched_path_accumulation_v1,512,pattern_rolling_k2v2_s0_r128,final,v1,hidden_cosine_loss,0.03287845849990845,232e3b08d10919ca24932ad0a0135e46119ecfd5,1.7881393432617188e-06,aime24:p15:s0:seed15042,822cea1aaf72daad98cf9ddb629a4d3a79650451920bd62395ce83a00ac9a58b
0.25411973311565816,matched_path_accumulation_v1,512,pattern_rolling_k2v2_s0_r128,final,v1,hidden_relative_L2,0.2558327615261078,232e3b08d10919ca24932ad0a0135e46119ecfd5,0.001713028410449624,aime24:p15:s0:seed15042,822cea1aaf72daad98cf9ddb629a4d3a79650451920bd62395ce83a00ac9a58b
0.25411973311565816,matched_path_accumulation_v1,512,pattern_rolling_k2v2_s0_r128,final,v1,attention_output_relative_L2,0.2558327615261078,232e3b08d10919ca24932ad0a0135e46119ecfd5,0.001713028410449624,aime24:p15:s0:seed15042,822cea1aaf72daad98cf9ddb629a4d3a79650451920bd62395ce83a00ac9a58b
0.027668154946766776,matched_path_accumulation_v1,512,pattern_rolling_k2v2_s0_r128,final,v1,next_token_KL,0.027668295428156853,232e3b08d10919ca24932ad0a0135e46119ecfd5,1.404813900762747e-07,aime24:p15:s0:seed15042,822cea1aaf72daad98cf9ddb629a4d3a79650451920bd62395ce83a00ac9a58b
0.00859773438423872,matched_path_accumulation_v1,512,pattern_rolling_k2v2_s0_r128,final,v1,next_token_JS,0.00859773438423872,232e3b08d10919ca24932ad0a0135e46119ecfd5,0.0,aime24:p15:s0:seed15042,822cea1aaf72daad98cf9ddb629a4d3a79650451920bd62395ce83a00ac9a58b
0.03988158889114857,matched_path_accumulation_v1,512,pattern_rolling_k2v2_s0_r128,final,v1,target_token_NLL_delta,0.03988124057650566,232e3b08d10919ca24932ad0a0135e46119ecfd5,-3.4831464290618896e-07,aime24:p15:s0:seed15042,822cea1aaf72daad98cf9ddb629a4d3a79650451920bd62395ce83a00ac9a58b
0.0,matched_path_accumulation_v1,512,pattern_rolling_k2v2_s0_r128,final,v1,top1_disagreement,0.0,232e3b08d10919ca24932ad0a0135e46119ecfd5,0.0,aime24:p15:s0:seed15042,822cea1aaf72daad98cf9ddb629a4d3a79650451920bd62395ce83a00ac9a58b
3.546875,matched_path_accumulation_v1,512,pattern_rolling_k2v2_s0_r128,final,v1,logit_max_abs_diff,3.5625,232e3b08d10919ca24932ad0a0135e46119ecfd5,0.015625,aime24:p15:s0:seed15042,822cea1aaf72daad98cf9ddb629a4d3a79650451920bd62395ce83a00ac9a58b
0.0511130690574646,matched_path_accumulation_v1,1024,pattern_rolling_k2v2_s0_r128,final,v1,hidden_cosine_loss,0.05111503601074219,232e3b08d10919ca24932ad0a0135e46119ecfd5,1.9669532775878906e-06,aime24:p15:s0:seed15042,822cea1aaf72daad98cf9ddb629a4d3a79650451920bd62395ce83a00ac9a58b
0.3202055779984221,matched_path_accumulation_v1,1024,pattern_rolling_k2v2_s0_r128,final,v1,hidden_relative_L2,0.3219600319862366,232e3b08d10919ca24932ad0a0135e46119ecfd5,0.001754453987814486,aime24:p15:s0:seed15042,822cea1aaf72daad98cf9ddb629a4d3a79650451920bd62395ce83a00ac9a58b
0.3202055779984221,matched_path_accumulation_v1,1024,pattern_rolling_k2v2_s0_r128,final,v1,attention_output_relative_L2,0.3219600319862366,232e3b08d10919ca24932ad0a0135e46119ecfd5,0.001754453987814486,aime24:p15:s0:seed15042,822cea1aaf72daad98cf9ddb629a4d3a79650451920bd62395ce83a00ac9a58b
0.010643450947000588,matched_path_accumulation_v1,1024,pattern_rolling_k2v2_s0_r128,final,v1,next_token_KL,0.010643543675541878,232e3b08d10919ca24932ad0a0135e46119ecfd5,9.272854128994368e-08,aime24:p15:s0:seed15042,822cea1aaf72daad98cf9ddb629a4d3a79650451920bd62395ce83a00ac9a58b
0.0028960753389455363,matched_path_accumulation_v1,1024,pattern_rolling_k2v2_s0_r128,final,v1,next_token_JS,0.0028960760682821274,232e3b08d10919ca24932ad0a0135e46119ecfd5,7.293365911209548e-10,aime24:p15:s0:seed15042,822cea1aaf72daad98cf9ddb629a4d3a79650451920bd62395ce83a00ac9a58b
0.04652496427297592,matched_path_accumulation_v1,1024,pattern_rolling_k2v2_s0_r128,final,v1,target_token_NLL_delta,0.04652155935764313,232e3b08d10919ca24932ad0a0135e46119ecfd5,-3.4049153327941895e-06,aime24:p15:s0:seed15042,822cea1aaf72daad98cf9ddb629a4d3a79650451920bd62395ce83a00ac9a58b
0.0,matched_path_accumulation_v1,1024,pattern_rolling_k2v2_s0_r128,final,v1,top1_disagreement,0.0,232e3b08d10919ca24932ad0a0135e46119ecfd5,0.0,aime24:p15:s0:seed15042,822cea1aaf72daad98cf9ddb629a4d3a79650451920bd62395ce83a00ac9a58b
3.8203125,matched_path_accumulation_v1,1024,pattern_rolling_k2v2_s0_r128,final,v1,logit_max_abs_diff,3.8359375,232e3b08d10919ca24932ad0a0135e46119ecfd5,0.015625,aime24:p15:s0:seed15042,822cea1aaf72daad98cf9ddb629a4d3a79650451920bd62395ce83a00ac9a58b
0.028737306594848633,matched_path_accumulation_v1,2048,pattern_rolling_k2v2_s0_r128,final,v1,hidden_cosine_loss,0.02873849868774414,232e3b08d10919ca24932ad0a0135e46119ecfd5,1.1920928955078125e-06,aime24:p15:s0:seed15042,822cea1aaf72daad98cf9ddb629a4d3a79650451920bd62395ce83a00ac9a58b
0.23833889421075583,matched_path_accumulation_v1,2048,pattern_rolling_k2v2_s0_r128,final,v1,hidden_relative_L2,0.23962745070457458,232e3b08d10919ca24932ad0a0135e46119ecfd5,0.00128855649381876,aime24:p15:s0:seed15042,822cea1aaf72daad98cf9ddb629a4d3a79650451920bd62395ce83a00ac9a58b
0.23833889421075583,matched_path_accumulation_v1,2048,pattern_rolling_k2v2_s0_r128,final,v1,attention_output_relative_L2,0.23962745070457458,232e3b08d10919ca24932ad0a0135e46119ecfd5,0.00128855649381876,aime24:p15:s0:seed15042,822cea1aaf72daad98cf9ddb629a4d3a79650451920bd62395ce83a00ac9a58b
0.18833929300308228,matched_path_accumulation_v1,2048,pattern_rolling_k2v2_s0_r128,final,v1,next_token_KL,0.18833929300308228,232e3b08d10919ca24932ad0a0135e46119ecfd5,0.0,aime24:p15:s0:seed15042,822cea1aaf72daad98cf9ddb629a4d3a79650451920bd62395ce83a00ac9a58b
0.04567200514814118,matched_path_accumulation_v1,2048,pattern_rolling_k2v2_s0_r128,final,v1,next_token_JS,0.045672036707401276,232e3b08d10919ca24932ad0a0135e46119ecfd5,3.155926009412724e-08,aime24:p15:s0:seed15042,822cea1aaf72daad98cf9ddb629a4d3a79650451920bd62395ce83a00ac9a58b
0.7198062539100647,matched_path_accumulation_v1,2048,pattern_rolling_k2v2_s0_r128,final,v1,target_token_NLL_delta,0.7198115587234497,232e3b08d10919ca24932ad0a0135e46119ecfd5,5.304813385009766e-06,aime24:p15:s0:seed15042,822cea1aaf72daad98cf9ddb629a4d3a79650451920bd62395ce83a00ac9a58b
1.0,matched_path_accumulation_v1,2048,pattern_rolling_k2v2_s0_r128,final,v1,top1_disagreement,1.0,232e3b08d10919ca24932ad0a0135e46119ecfd5,0.0,aime24:p15:s0:seed15042,822cea1aaf72daad98cf9ddb629a4d3a79650451920bd62395ce83a00ac9a58b
3.361328125,matched_path_accumulation_v1,2048,pattern_rolling_k2v2_s0_r128,final,v1,logit_max_abs_diff,3.373046875,232e3b08d10919ca24932ad0a0135e46119ecfd5,0.01171875,aime24:p15:s0:seed15042,822cea1aaf72daad98cf9ddb629a4d3a79650451920bd62395ce83a00ac9a58b
0.115975022315979,matched_path_accumulation_v1,4096,pattern_rolling_k2v2_s0_r128,final,v1,hidden_cosine_loss,0.11597961187362671,232e3b08d10919ca24932ad0a0135e46119ecfd5,4.589557647705078e-06,aime24:p15:s0:seed15042,822cea1aaf72daad98cf9ddb629a4d3a79650451920bd62395ce83a00ac9a58b
0.48789721936918795,matched_path_accumulation_v1,4096,pattern_rolling_k2v2_s0_r128,final,v1,hidden_relative_L2,0.49078938364982605,232e3b08d10919ca24932ad0a0135e46119ecfd5,0.0028921642806380987,aime24:p15:s0:seed15042,822cea1aaf72daad98cf9ddb629a4d3a79650451920bd62395ce83a00ac9a58b
0.48789721936918795,matched_path_accumulation_v1,4096,pattern_rolling_k2v2_s0_r128,final,v1,attention_output_relative_L2,0.49078938364982605,232e3b08d10919ca24932ad0a0135e46119ecfd5,0.0028921642806380987,aime24:p15:s0:seed15042,822cea1aaf72daad98cf9ddb629a4d3a79650451920bd62395ce83a00ac9a58b
0.0002408533910056576,matched_path_accumulation_v1,4096,pattern_rolling_k2v2_s0_r128,final,v1,next_token_KL,0.0002408533910056576,232e3b08d10919ca24932ad0a0135e46119ecfd5,0.0,aime24:p15:s0:seed15042,822cea1aaf72daad98cf9ddb629a4d3a79650451920bd62395ce83a00ac9a58b
6.928884249646217e-05,matched_path_accumulation_v1,4096,pattern_rolling_k2v2_s0_r128,final,v1,next_token_JS,6.928884249646217e-05,232e3b08d10919ca24932ad0a0135e46119ecfd5,0.0,aime24:p15:s0:seed15042,822cea1aaf72daad98cf9ddb629a4d3a79650451920bd62395ce83a00ac9a58b
0.0005566821782849729,matched_path_accumulation_v1,4096,pattern_rolling_k2v2_s0_r128,final,v1,target_token_NLL_delta,0.0005601378506980836,232e3b08d10919ca24932ad0a0135e46119ecfd5,3.455672413110733e-06,aime24:p15:s0:seed15042,822cea1aaf72daad98cf9ddb629a4d3a79650451920bd62395ce83a00ac9a58b
0.0,matched_path_accumulation_v1,4096,pattern_rolling_k2v2_s0_r128,final,v1,top1_disagreement,0.0,232e3b08d10919ca24932ad0a0135e46119ecfd5,0.0,aime24:p15:s0:seed15042,822cea1aaf72daad98cf9ddb629a4d3a79650451920bd62395ce83a00ac9a58b
5.4501953125,matched_path_accumulation_v1,4096,pattern_rolling_k2v2_s0_r128,final,v1,logit_max_abs_diff,5.474609375,232e3b08d10919ca24932ad0a0135e46119ecfd5,0.0244140625,aime24:p15:s0:seed15042,822cea1aaf72daad98cf9ddb629a4d3a79650451920bd62395ce83a00ac9a58b
-1.3113021850585938e-06,matched_path_accumulation_v1,128,pattern_rolling_k2v2_s0_r128,final,v1,hidden_cosine_loss,2.86102294921875e-06,232e3b08d10919ca24932ad0a0135e46119ecfd5,4.172325134277344e-06,aime24:p17:s0:seed17042,69e6e42dc75e6e4dd872f1d902c29c4269171195229da34733e720e66cc0cbb3
-0.0005424560513347387,matched_path_accumulation_v1,128,pattern_rolling_k2v2_s0_r128,final,v1,hidden_relative_L2,0.002228955738246441,232e3b08d10919ca24932ad0a0135e46119ecfd5,0.0027714117895811796,aime24:p17:s0:seed17042,69e6e42dc75e6e4dd872f1d902c29c4269171195229da34733e720e66cc0cbb3
-0.0005424560513347387,matched_path_accumulation_v1,128,pattern_rolling_k2v2_s0_r128,final,v1,attention_output_relative_L2,0.002228955738246441,232e3b08d10919ca24932ad0a0135e46119ecfd5,0.0027714117895811796,aime24:p17:s0:seed17042,69e6e42dc75e6e4dd872f1d902c29c4269171195229da34733e720e66cc0cbb3
-3.3615758184168953e-05,matched_path_accumulation_v1,128,pattern_rolling_k2v2_s0_r128,final,v1,next_token_KL,1.0532326086831745e-05,232e3b08d10919ca24932ad0a0135e46119ecfd5,4.41480842710007e-05,aime24:p17:s0:seed17042,69e6e42dc75e6e4dd872f1d902c29c4269171195229da34733e720e66cc0cbb3
-8.532351102985558e-06,matched_path_accumulation_v1,128,pattern_rolling_k2v2_s0_r128,final,v1,next_token_JS,2.636984163473244e-06,232e3b08d10919ca24932ad0a0135e46119ecfd5,1.1169335266458802e-05,aime24:p17:s0:seed17042,69e6e42dc75e6e4dd872f1d902c29c4269171195229da34733e720e66cc0cbb3
-0.01656055450439453,matched_path_accumulation_v1,128,pattern_rolling_k2v2_s0_r128,final,v1,target_token_NLL_delta,-0.01413869857788086,232e3b08d10919ca24932ad0a0135e46119ecfd5,0.002421855926513672,aime24:p17:s0:seed17042,69e6e42dc75e6e4dd872f1d902c29c4269171195229da34733e720e66cc0cbb3
0.0,matched_path_accumulation_v1,128,pattern_rolling_k2v2_s0_r128,final,v1,top1_disagreement,0.0,232e3b08d10919ca24932ad0a0135e46119ecfd5,0.0,aime24:p17:s0:seed17042,69e6e42dc75e6e4dd872f1d902c29c4269171195229da34733e720e66cc0cbb3
-0.005859375,matched_path_accumulation_v1,128,pattern_rolling_k2v2_s0_r128,final,v1,logit_max_abs_diff,0.025390625,232e3b08d10919ca24932ad0a0135e46119ecfd5,0.03125,aime24:p17:s0:seed17042,69e6e42dc75e6e4dd872f1d902c29c4269171195229da34733e720e66cc0cbb3
0.12989377975463867,matched_path_accumulation_v1,512,pattern_rolling_k2v2_s0_r128,final,v1,hidden_cosine_loss,0.1298971176147461,232e3b08d10919ca24932ad0a0135e46119ecfd5,3.337860107421875e-06,aime24:p17:s0:seed17042,69e6e42dc75e6e4dd872f1d902c29c4269171195229da34733e720e66cc0cbb3
0.5301037409808487,matched_path_accumulation_v1,512,pattern_rolling_k2v2_s0_r128,final,v1,hidden_relative_L2,0.532651424407959,232e3b08d10919ca24932ad0a0135e46119ecfd5,0.0025476834271103144,aime24:p17:s0:seed17042,69e6e42dc75e6e4dd872f1d902c29c4269171195229da34733e720e66cc0cbb3
0.5301037409808487,matched_path_accumulation_v1,512,pattern_rolling_k2v2_s0_r128,final,v1,attention_output_relative_L2,0.532651424407959,232e3b08d10919ca24932ad0a0135e46119ecfd5,0.0025476834271103144,aime24:p17:s0:seed17042,69e6e42dc75e6e4dd872f1d902c29c4269171195229da34733e720e66cc0cbb3
1.3180802769547881,matched_path_accumulation_v1,512,pattern_rolling_k2v2_s0_r128,final,v1,next_token_KL,1.3180875778198242,232e3b08d10919ca24932ad0a0135e46119ecfd5,7.300865036086179e-06,aime24:p17:s0:seed17042,69e6e42dc75e6e4dd872f1d902c29c4269171195229da34733e720e66cc0cbb3
0.32072464584678073,matched_path_accumulation_v1,512,pattern_rolling_k2v2_s0_r128,final,v1,next_token_JS,0.3207264542579651,232e3b08d10919ca24932ad0a0135e46119ecfd5,1.8084111843563733e-06,aime24:p17:s0:seed17042,69e6e42dc75e6e4dd872f1d902c29c4269171195229da34733e720e66cc0cbb3
1.5847769901156425,matched_path_accumulation_v1,512,pattern_rolling_k2v2_s0_r128,final,v1,target_token_NLL_delta,1.5837740898132324,232e3b08d10919ca24932ad0a0135e46119ecfd5,-0.0010029003024101257,aime24:p17:s0:seed17042,69e6e42dc75e6e4dd872f1d902c29c4269171195229da34733e720e66cc0cbb3
1.0,matched_path_accumulation_v1,512,pattern_rolling_k2v2_s0_r128,final,v1,top1_disagreement,1.0,232e3b08d10919ca24932ad0a0135e46119ecfd5,0.0,aime24:p17:s0:seed17042,69e6e42dc75e6e4dd872f1d902c29c4269171195229da34733e720e66cc0cbb3
3.916015625,matched_path_accumulation_v1,512,pattern_rolling_k2v2_s0_r128,final,v1,logit_max_abs_diff,3.935546875,232e3b08d10919ca24932ad0a0135e46119ecfd5,0.01953125,aime24:p17:s0:seed17042,69e6e42dc75e6e4dd872f1d902c29c4269171195229da34733e720e66cc0cbb3
0.07982265949249268,matched_path_accumulation_v1,1024,pattern_rolling_k2v2_s0_r128,final,v1,hidden_cosine_loss,0.07982480525970459,232e3b08d10919ca24932ad0a0135e46119ecfd5,2.1457672119140625e-06,aime24:p17:s0:seed17042,69e6e42dc75e6e4dd872f1d902c29c4269171195229da34733e720e66cc0cbb3
0.414650185033679,matched_path_accumulation_v1,1024,pattern_rolling_k2v2_s0_r128,final,v1,hidden_relative_L2,0.4166370630264282,232e3b08d10919ca24932ad0a0135e46119ecfd5,0.001986877992749214,aime24:p17:s0:seed17042,69e6e42dc75e6e4dd872f1d902c29c4269171195229da34733e720e66cc0cbb3
0.414650185033679,matched_path_accumulation_v1,1024,pattern_rolling_k2v2_s0_r128,final,v1,attention_output_relative_L2,0.4166370630264282,232e3b08d10919ca24932ad0a0135e46119ecfd5,0.001986877992749214,aime24:p17:s0:seed17042,69e6e42dc75e6e4dd872f1d902c29c4269171195229da34733e720e66cc0cbb3
3.939213274861686e-05,matched_path_accumulation_v1,1024,pattern_rolling_k2v2_s0_r128,final,v1,next_token_KL,3.939213274861686e-05,232e3b08d10919ca24932ad0a0135e46119ecfd5,0.0,aime24:p17:s0:seed17042,69e6e42dc75e6e4dd872f1d902c29c4269171195229da34733e720e66cc0cbb3
1.2658997343706346e-05,matched_path_accumulation_v1,1024,pattern_rolling_k2v2_s0_r128,final,v1,next_token_JS,1.2659192179853562e-05,232e3b08d10919ca24932ad0a0135e46119ecfd5,1.9483614721593767e-10,aime24:p17:s0:seed17042,69e6e42dc75e6e4dd872f1d902c29c4269171195229da34733e720e66cc0cbb3
5.221200899541145e-05,matched_path_accumulation_v1,1024,pattern_rolling_k2v2_s0_r128,final,v1,target_token_NLL_delta,5.209280061535537e-05,232e3b08d10919ca24932ad0a0135e46119ecfd5,-1.1920838005607948e-07,aime24:p17:s0:seed17042,69e6e42dc75e6e4dd872f1d902c29c4269171195229da34733e720e66cc0cbb3
0.0,matched_path_accumulation_v1,1024,pattern_rolling_k2v2_s0_r128,final,v1,top1_disagreement,0.0,232e3b08d10919ca24932ad0a0135e46119ecfd5,0.0,aime24:p17:s0:seed17042,69e6e42dc75e6e4dd872f1d902c29c4269171195229da34733e720e66cc0cbb3
5.109375,matched_path_accumulation_v1,1024,pattern_rolling_k2v2_s0_r128,final,v1,logit_max_abs_diff,5.125,232e3b08d10919ca24932ad0a0135e46119ecfd5,0.015625,aime24:p17:s0:seed17042,69e6e42dc75e6e4dd872f1d902c29c4269171195229da34733e720e66cc0cbb3
0.09484285116195679,matched_path_accumulation_v1,2048,pattern_rolling_k2v2_s0_r128,final,v1,hidden_cosine_loss,0.09484624862670898,232e3b08d10919ca24932ad0a0135e46119ecfd5,3.3974647521972656e-06,aime24:p17:s0:seed17042,69e6e42dc75e6e4dd872f1d902c29c4269171195229da34733e720e66cc0cbb3
0.4378881405573338,matched_path_accumulation_v1,2048,pattern_rolling_k2v2_s0_r128,final,v1,hidden_relative_L2,0.440372496843338,232e3b08d10919ca24932ad0a0135e46119ecfd5,0.0024843562860041857,aime24:p17:s0:seed17042,69e6e42dc75e6e4dd872f1d902c29c4269171195229da34733e720e66cc0cbb3
0.4378881405573338,matched_path_accumulation_v1,2048,pattern_rolling_k2v2_s0_r128,final,v1,attention_output_relative_L2,0.440372496843338,232e3b08d10919ca24932ad0a0135e46119ecfd5,0.0024843562860041857,aime24:p17:s0:seed17042,69e6e42dc75e6e4dd872f1d902c29c4269171195229da34733e720e66cc0cbb3
0.00026355875888839364,matched_path_accumulation_v1,2048,pattern_rolling_k2v2_s0_r128,final,v1,next_token_KL,0.00026355875888839364,232e3b08d10919ca24932ad0a0135e46119ecfd5,0.0,aime24:p17:s0:seed17042,69e6e42dc75e6e4dd872f1d902c29c4269171195229da34733e720e66cc0cbb3
8.277030102732397e-05,matched_path_accumulation_v1,2048,pattern_rolling_k2v2_s0_r128,final,v1,next_token_JS,8.279170288005844e-05,232e3b08d10919ca24932ad0a0135e46119ecfd5,2.1401852734470594e-08,aime24:p17:s0:seed17042,69e6e42dc75e6e4dd872f1d902c29c4269171195229da34733e720e66cc0cbb3
0.0004244773444952443,matched_path_accumulation_v1,2048,pattern_rolling_k2v2_s0_r128,final,v1,target_token_NLL_delta,0.00042638444574549794,232e3b08d10919ca24932ad0a0135e46119ecfd5,1.9071012502536178e-06,aime24:p17:s0:seed17042,69e6e42dc75e6e4dd872f1d902c29c4269171195229da34733e720e66cc0cbb3
0.0,matched_path_accumulation_v1,2048,pattern_rolling_k2v2_s0_r128,final,v1,top1_disagreement,0.0,232e3b08d10919ca24932ad0a0135e46119ecfd5,0.0,aime24:p17:s0:seed17042,69e6e42dc75e6e4dd872f1d902c29c4269171195229da34733e720e66cc0cbb3
3.732421875,matched_path_accumulation_v1,2048,pattern_rolling_k2v2_s0_r128,final,v1,logit_max_abs_diff,3.755859375,232e3b08d10919ca24932ad0a0135e46119ecfd5,0.0234375,aime24:p17:s0:seed17042,69e6e42dc75e6e4dd872f1d902c29c4269171195229da34733e720e66cc0cbb3
0.08141434192657471,matched_path_accumulation_v1,4096,pattern_rolling_k2v2_s0_r128,final,v1,hidden_cosine_loss,0.08141696453094482,232e3b08d10919ca24932ad0a0135e46119ecfd5,2.6226043701171875e-06,aime24:p17:s0:seed17042,69e6e42dc75e6e4dd872f1d902c29c4269171195229da34733e720e66cc0cbb3
0.43813888006843626,matched_path_accumulation_v1,4096,pattern_rolling_k2v2_s0_r128,final,v1,hidden_relative_L2,0.4403417706489563,232e3b08d10919ca24932ad0a0135e46119ecfd5,0.002202890580520034,aime24:p17:s0:seed17042,69e6e42dc75e6e4dd872f1d902c29c4269171195229da34733e720e66cc0cbb3
0.43813888006843626,matched_path_accumulation_v1,4096,pattern_rolling_k2v2_s0_r128,final,v1,attention_output_relative_L2,0.4403417706489563,232e3b08d10919ca24932ad0a0135e46119ecfd5,0.002202890580520034,aime24:p17:s0:seed17042,69e6e42dc75e6e4dd872f1d902c29c4269171195229da34733e720e66cc0cbb3
0.00018892511648438415,matched_path_accumulation_v1,4096,pattern_rolling_k2v2_s0_r128,final,v1,next_token_KL,0.00018894161621574312,232e3b08d10919ca24932ad0a0135e46119ecfd5,1.6499731358976533e-08,aime24:p17:s0:seed17042,69e6e42dc75e6e4dd872f1d902c29c4269171195229da34733e720e66cc0cbb3
6.351462515663542e-05,matched_path_accumulation_v1,4096,pattern_rolling_k2v2_s0_r128,final,v1,next_token_JS,6.351467891363427e-05,232e3b08d10919ca24932ad0a0135e46119ecfd5,5.375699885235008e-11,aime24:p17:s0:seed17042,69e6e42dc75e6e4dd872f1d902c29c4269171195229da34733e720e66cc0cbb3
0.00020775914890691638,matched_path_accumulation_v1,4096,pattern_rolling_k2v2_s0_r128,final,v1,target_token_NLL_delta,0.00020775914890691638,232e3b08d10919ca24932ad0a0135e46119ecfd5,0.0,aime24:p17:s0:seed17042,69e6e42dc75e6e4dd872f1d902c29c4269171195229da34733e720e66cc0cbb3
0.0,matched_path_accumulation_v1,4096,pattern_rolling_k2v2_s0_r128,final,v1,top1_disagreement,0.0,232e3b08d10919ca24932ad0a0135e46119ecfd5,0.0,aime24:p17:s0:seed17042,69e6e42dc75e6e4dd872f1d902c29c4269171195229da34733e720e66cc0cbb3
5.82421875,matched_path_accumulation_v1,4096,pattern_rolling_k2v2_s0_r128,final,v1,logit_max_abs_diff,5.84765625,232e3b08d10919ca24932ad0a0135e46119ecfd5,0.0234375,aime24:p17:s0:seed17042,69e6e42dc75e6e4dd872f1d902c29c4269171195229da34733e720e66cc0cbb3
0.0,matched_path_accumulation_v1,128,pattern_rolling_k2v2_s16_r128,final,v1,hidden_cosine_loss,2.3245811462402344e-06,232e3b08d10919ca24932ad0a0135e46119ecfd5,2.3245811462402344e-06,aime24:p12:s0:seed12042,7754635042ebef112c4b83e17b7500a20db8f14bba0fb44fd8575864e04baa05
3.1073810532689095e-05,matched_path_accumulation_v1,128,pattern_rolling_k2v2_s16_r128,final,v1,hidden_relative_L2,0.002107712673023343,232e3b08d10919ca24932ad0a0135e46119ecfd5,0.002076638862490654,aime24:p12:s0:seed12042,7754635042ebef112c4b83e17b7500a20db8f14bba0fb44fd8575864e04baa05
3.1073810532689095e-05,matched_path_accumulation_v1,128,pattern_rolling_k2v2_s16_r128,final,v1,attention_output_relative_L2,0.002107712673023343,232e3b08d10919ca24932ad0a0135e46119ecfd5,0.002076638862490654,aime24:p12:s0:seed12042,7754635042ebef112c4b83e17b7500a20db8f14bba0fb44fd8575864e04baa05
4.049995006027984e-09,matched_path_accumulation_v1,128,pattern_rolling_k2v2_s16_r128,final,v1,next_token_KL,4.049995006027984e-09,232e3b08d10919ca24932ad0a0135e46119ecfd5,0.0,aime24:p12:s0:seed12042,7754635042ebef112c4b83e17b7500a20db8f14bba0fb44fd8575864e04baa05
-1.4366585698866174e-10,matched_path_accumulation_v1,128,pattern_rolling_k2v2_s16_r128,final,v1,next_token_JS,9.269618406193558e-11,232e3b08d10919ca24932ad0a0135e46119ecfd5,2.3636204105059733e-10,aime24:p12:s0:seed12042,7754635042ebef112c4b83e17b7500a20db8f14bba0fb44fd8575864e04baa05
1.1920838005607948e-07,matched_path_accumulation_v1,128,pattern_rolling_k2v2_s16_r128,final,v1,target_token_NLL_delta,0.0,232e3b08d10919ca24932ad0a0135e46119ecfd5,-1.1920838005607948e-07,aime24:p12:s0:seed12042,7754635042ebef112c4b83e17b7500a20db8f14bba0fb44fd8575864e04baa05
0.0,matched_path_accumulation_v1,128,pattern_rolling_k2v2_s16_r128,final,v1,top1_disagreement,0.0,232e3b08d10919ca24932ad0a0135e46119ecfd5,0.0,aime24:p12:s0:seed12042,7754635042ebef112c4b83e17b7500a20db8f14bba0fb44fd8575864e04baa05
-0.00390625,matched_path_accumulation_v1,128,pattern_rolling_k2v2_s16_r128,final,v1,logit_max_abs_diff,0.01953125,232e3b08d10919ca24932ad0a0135e46119ecfd5,0.0234375,aime24:p12:s0:seed12042,7754635042ebef112c4b83e17b7500a20db8f14bba0fb44fd8575864e04baa05
0.004358112812042236,matched_path_accumulation_v1,512,pattern_rolling_k2v2_s16_r128,final,v1,hidden_cosine_loss,0.00436091423034668,232e3b08d10919ca24932ad0a0135e46119ecfd5,2.8014183044433594e-06,aime24:p12:s0:seed12042,7754635042ebef112c4b83e17b7500a20db8f14bba0fb44fd8575864e04baa05
0.09132630610838532,matched_path_accumulation_v1,512,pattern_rolling_k2v2_s16_r128,final,v1,hidden_relative_L2,0.09365428239107132,232e3b08d10919ca24932ad0a0135e46119ecfd5,0.002327976282685995,aime24:p12:s0:seed12042,7754635042ebef112c4b83e17b7500a20db8f14bba0fb44fd8575864e04baa05
0.09132630610838532,matched_path_accumulation_v1,512,pattern_rolling_k2v2_s16_r128,final,v1,attention_output_relative_L2,0.09365428239107132,232e3b08d10919ca24932ad0a0135e46119ecfd5,0.002327976282685995,aime24:p12:s0:seed12042,7754635042ebef112c4b83e17b7500a20db8f14bba0fb44fd8575864e04baa05
2.221398614210557e-05,matched_path_accumulation_v1,512,pattern_rolling_k2v2_s16_r128,final,v1,next_token_KL,2.2580423319595866e-05,232e3b08d10919ca24932ad0a0135e46119ecfd5,3.6643717749029747e-07,aime24:p12:s0:seed12042,7754635042ebef112c4b83e17b7500a20db8f14bba0fb44fd8575864e04baa05
5.423553322003727e-06,matched_path_accumulation_v1,512,pattern_rolling_k2v2_s16_r128,final,v1,next_token_JS,5.466003131004982e-06,232e3b08d10919ca24932ad0a0135e46119ecfd5,4.2449809001254835e-08,aime24:p12:s0:seed12042,7754635042ebef112c4b83e17b7500a20db8f14bba0fb44fd8575864e04baa05
-0.0002514575608074665,matched_path_accumulation_v1,512,pattern_rolling_k2v2_s16_r128,final,v1,target_token_NLL_delta,-0.00023038580548018217,232e3b08d10919ca24932ad0a0135e46119ecfd5,2.1071755327284336e-05,aime24:p12:s0:seed12042,7754635042ebef112c4b83e17b7500a20db8f14bba0fb44fd8575864e04baa05
0.0,matched_path_accumulation_v1,512,pattern_rolling_k2v2_s16_r128,final,v1,top1_disagreement,0.0,232e3b08d10919ca24932ad0a0135e46119ecfd5,0.0,aime24:p12:s0:seed12042,7754635042ebef112c4b83e17b7500a20db8f14bba0fb44fd8575864e04baa05
1.619140625,matched_path_accumulation_v1,512,pattern_rolling_k2v2_s16_r128,final,v1,logit_max_abs_diff,1.640625,232e3b08d10919ca24932ad0a0135e46119ecfd5,0.021484375,aime24:p12:s0:seed12042,7754635042ebef112c4b83e17b7500a20db8f14bba0fb44fd8575864e04baa05
0.00410914421081543,matched_path_accumulation_v1,1024,pattern_rolling_k2v2_s16_r128,final,v1,hidden_cosine_loss,0.004111349582672119,232e3b08d10919ca24932ad0a0135e46119ecfd5,2.205371856689453e-06,aime24:p12:s0:seed12042,7754635042ebef112c4b83e17b7500a20db8f14bba0fb44fd8575864e04baa05
0.08889198605902493,matched_path_accumulation_v1,1024,pattern_rolling_k2v2_s16_r128,final,v1,hidden_relative_L2,0.09092681109905243,232e3b08d10919ca24932ad0a0135e46119ecfd5,0.002034825040027499,aime24:p12:s0:seed12042,7754635042ebef112c4b83e17b7500a20db8f14bba0fb44fd8575864e04baa05
0.08889198605902493,matched_path_accumulation_v1,1024,pattern_rolling_k2v2_s16_r128,final,v1,attention_output_relative_L2,0.09092681109905243,232e3b08d10919ca24932ad0a0135e46119ecfd5,0.002034825040027499,aime24:p12:s0:seed12042,7754635042ebef112c4b83e17b7500a20db8f14bba0fb44fd8575864e04baa05
0.0003246410637416375,matched_path_accumulation_v1,1024,pattern_rolling_k2v2_s16_r128,final,v1,next_token_KL,0.0003246566921006888,232e3b08d10919ca24932ad0a0135e46119ecfd5,1.5628359051333973e-08,aime24:p12:s0:seed12042,7754635042ebef112c4b83e17b7500a20db8f14bba0fb44fd8575864e04baa05
8.804948565810378e-05,matched_path_accumulation_v1,1024,pattern_rolling_k2v2_s16_r128,final,v1,next_token_JS,8.808844722807407e-05,232e3b08d10919ca24932ad0a0135e46119ecfd5,3.8961569970297205e-08,aime24:p12:s0:seed12042,7754635042ebef112c4b83e17b7500a20db8f14bba0fb44fd8575864e04baa05
0.0009725415147840977,matched_path_accumulation_v1,1024,pattern_rolling_k2v2_s16_r128,final,v1,target_token_NLL_delta,0.0009659021161496639,232e3b08d10919ca24932ad0a0135e46119ecfd5,-6.639398634433746e-06,aime24:p12:s0:seed12042,7754635042ebef112c4b83e17b7500a20db8f14bba0fb44fd8575864e04baa05
0.0,matched_path_accumulation_v1,1024,pattern_rolling_k2v2_s16_r128,final,v1,top1_disagreement,0.0,232e3b08d10919ca24932ad0a0135e46119ecfd5,0.0,aime24:p12:s0:seed12042,7754635042ebef112c4b83e17b7500a20db8f14bba0fb44fd8575864e04baa05
0.783203125,matched_path_accumulation_v1,1024,pattern_rolling_k2v2_s16_r128,final,v1,logit_max_abs_diff,0.806640625,232e3b08d10919ca24932ad0a0135e46119ecfd5,0.0234375,aime24:p12:s0:seed12042,7754635042ebef112c4b83e17b7500a20db8f14bba0fb44fd8575864e04baa05
0.005524694919586182,matched_path_accumulation_v1,2048,pattern_rolling_k2v2_s16_r128,final,v1,hidden_cosine_loss,0.005526602268218994,232e3b08d10919ca24932ad0a0135e46119ecfd5,1.9073486328125e-06,aime24:p12:s0:seed12042,7754635042ebef112c4b83e17b7500a20db8f14bba0fb44fd8575864e04baa05
0.10325439949519932,matched_path_accumulation_v1,2048,pattern_rolling_k2v2_s16_r128,final,v1,hidden_relative_L2,0.10500087589025497,232e3b08d10919ca24932ad0a0135e46119ecfd5,0.0017464763950556517,aime24:p12:s0:seed12042,7754635042ebef112c4b83e17b7500a20db8f14bba0fb44fd8575864e04baa05
0.10325439949519932,matched_path_accumulation_v1,2048,pattern_rolling_k2v2_s16_r128,final,v1,attention_output_relative_L2,0.10500087589025497,232e3b08d10919ca24932ad0a0135e46119ecfd5,0.0017464763950556517,aime24:p12:s0:seed12042,7754635042ebef112c4b83e17b7500a20db8f14bba0fb44fd8575864e04baa05
0.011015664428123628,matched_path_accumulation_v1,2048,pattern_rolling_k2v2_s16_r128,final,v1,next_token_KL,0.011015674099326134,232e3b08d10919ca24932ad0a0135e46119ecfd5,9.671202505501242e-09,aime24:p12:s0:seed12042,7754635042ebef112c4b83e17b7500a20db8f14bba0fb44fd8575864e04baa05
0.002696713832229136,matched_path_accumulation_v1,2048,pattern_rolling_k2v2_s16_r128,final,v1,next_token_JS,0.0026967532467097044,232e3b08d10919ca24932ad0a0135e46119ecfd5,3.941448056821173e-08,aime24:p12:s0:seed12042,7754635042ebef112c4b83e17b7500a20db8f14bba0fb44fd8575864e04baa05
-0.1105005145072937,matched_path_accumulation_v1,2048,pattern_rolling_k2v2_s16_r128,final,v1,target_token_NLL_delta,-0.11049991846084595,232e3b08d10919ca24932ad0a0135e46119ecfd5,5.960464477539062e-07,aime24:p12:s0:seed12042,7754635042ebef112c4b83e17b7500a20db8f14bba0fb44fd8575864e04baa05
0.0,matched_path_accumulation_v1,2048,pattern_rolling_k2v2_s16_r128,final,v1,top1_disagreement,0.0,232e3b08d10919ca24932ad0a0135e46119ecfd5,0.0,aime24:p12:s0:seed12042,7754635042ebef112c4b83e17b7500a20db8f14bba0fb44fd8575864e04baa05
1.37109375,matched_path_accumulation_v1,2048,pattern_rolling_k2v2_s16_r128,final,v1,logit_max_abs_diff,1.390625,232e3b08d10919ca24932ad0a0135e46119ecfd5,0.01953125,aime24:p12:s0:seed12042,7754635042ebef112c4b83e17b7500a20db8f14bba0fb44fd8575864e04baa05
0.018803060054779053,matched_path_accumulation_v1,4096,pattern_rolling_k2v2_s16_r128,final,v1,hidden_cosine_loss,0.01880478858947754,232e3b08d10919ca24932ad0a0135e46119ecfd5,1.7285346984863281e-06,aime24:p12:s0:seed12042,7754635042ebef112c4b83e17b7500a20db8f14bba0fb44fd8575864e04baa05
0.19497302861418575,matched_path_accumulation_v1,4096,pattern_rolling_k2v2_s16_r128,final,v1,hidden_relative_L2,0.19671404361724854,232e3b08d10919ca24932ad0a0135e46119ecfd5,0.0017410150030627847,aime24:p12:s0:seed12042,7754635042ebef112c4b83e17b7500a20db8f14bba0fb44fd8575864e04baa05
0.19497302861418575,matched_path_accumulation_v1,4096,pattern_rolling_k2v2_s16_r128,final,v1,attention_output_relative_L2,0.19671404361724854,232e3b08d10919ca24932ad0a0135e46119ecfd5,0.0017410150030627847,aime24:p12:s0:seed12042,7754635042ebef112c4b83e17b7500a20db8f14bba0fb44fd8575864e04baa05
0.0031446896155102877,matched_path_accumulation_v1,4096,pattern_rolling_k2v2_s16_r128,final,v1,next_token_KL,0.003146171336993575,232e3b08d10919ca24932ad0a0135e46119ecfd5,1.4817214832874015e-06,aime24:p12:s0:seed12042,7754635042ebef112c4b83e17b7500a20db8f14bba0fb44fd8575864e04baa05
0.000819105727657643,matched_path_accumulation_v1,4096,pattern_rolling_k2v2_s16_r128,final,v1,next_token_JS,0.0008193982066586614,232e3b08d10919ca24932ad0a0135e46119ecfd5,2.924790010183642e-07,aime24:p12:s0:seed12042,7754635042ebef112c4b83e17b7500a20db8f14bba0fb44fd8575864e04baa05
0.0156266912817955,matched_path_accumulation_v1,4096,pattern_rolling_k2v2_s16_r128,final,v1,target_token_NLL_delta,0.015547588467597961,232e3b08d10919ca24932ad0a0135e46119ecfd5,-7.910281419754028e-05,aime24:p12:s0:seed12042,7754635042ebef112c4b83e17b7500a20db8f14bba0fb44fd8575864e04baa05
0.0,matched_path_accumulation_v1,4096,pattern_rolling_k2v2_s16_r128,final,v1,top1_disagreement,0.0,232e3b08d10919ca24932ad0a0135e46119ecfd5,0.0,aime24:p12:s0:seed12042,7754635042ebef112c4b83e17b7500a20db8f14bba0fb44fd8575864e04baa05
2.8974609375,matched_path_accumulation_v1,4096,pattern_rolling_k2v2_s16_r128,final,v1,logit_max_abs_diff,2.9140625,232e3b08d10919ca24932ad0a0135e46119ecfd5,0.0166015625,aime24:p12:s0:seed12042,7754635042ebef112c4b83e17b7500a20db8f14bba0fb44fd8575864e04baa05
5.960464477539063e-08,matched_path_accumulation_v1,128,pattern_rolling_k2v2_s16_r128,final,v1,hidden_cosine_loss,1.6689300537109375e-06,232e3b08d10919ca24932ad0a0135e46119ecfd5,1.6093254089355469e-06,aime24:p14:s0:seed14042,985f71725748f372cf08d2f249fcbd5c6d3dac5efa97289e418dbb154a727e3d
-2.4284934625029564e-05,matched_path_accumulation_v1,128,pattern_rolling_k2v2_s16_r128,final,v1,hidden_relative_L2,0.0017397991614416242,232e3b08d10919ca24932ad0a0135e46119ecfd5,0.0017640840960666537,aime24:p14:s0:seed14042,985f71725748f372cf08d2f249fcbd5c6d3dac5efa97289e418dbb154a727e3d
-2.4284934625029564e-05,matched_path_accumulation_v1,128,pattern_rolling_k2v2_s16_r128,final,v1,attention_output_relative_L2,0.0017397991614416242,232e3b08d10919ca24932ad0a0135e46119ecfd5,0.0017640840960666537,aime24:p14:s0:seed14042,985f71725748f372cf08d2f249fcbd5c6d3dac5efa97289e418dbb154a727e3d
0.0,matched_path_accumulation_v1,128,pattern_rolling_k2v2_s16_r128,final,v1,next_token_KL,0.0,232e3b08d10919ca24932ad0a0135e46119ecfd5,0.0,aime24:p14:s0:seed14042,985f71725748f372cf08d2f249fcbd5c6d3dac5efa97289e418dbb154a727e3d
2.5376603929316843e-08,matched_path_accumulation_v1,128,pattern_rolling_k2v2_s16_r128,final,v1,next_token_JS,2.5376603929316843e-08,232e3b08d10919ca24932ad0a0135e46119ecfd5,0.0,aime24:p14:s0:seed14042,985f71725748f372cf08d2f249fcbd5c6d3dac5efa97289e418dbb154a727e3d
-1.3066455721855164e-06,matched_path_accumulation_v1,128,pattern_rolling_k2v2_s16_r128,final,v1,target_token_NLL_delta,0.0,232e3b08d10919ca24932ad0a0135e46119ecfd5,1.3066455721855164e-06,aime24:p14:s0:seed14042,985f71725748f372cf08d2f249fcbd5c6d3dac5efa97289e418dbb154a727e3d
0.0,matched_path_accumulation_v1,128,pattern_rolling_k2v2_s16_r128,final,v1,top1_disagreement,0.0,232e3b08d10919ca24932ad0a0135e46119ecfd5,0.0,aime24:p14:s0:seed14042,985f71725748f372cf08d2f249fcbd5c6d3dac5efa97289e418dbb154a727e3d
0.0,matched_path_accumulation_v1,128,pattern_rolling_k2v2_s16_r128,final,v1,logit_max_abs_diff,0.015625,232e3b08d10919ca24932ad0a0135e46119ecfd5,0.015625,aime24:p14:s0:seed14042,985f71725748f372cf08d2f249fcbd5c6d3dac5efa97289e418dbb154a727e3d
0.009488105773925781,matched_path_accumulation_v1,512,pattern_rolling_k2v2_s16_r128,final,v1,hidden_cosine_loss,0.009490728378295898,232e3b08d10919ca24932ad0a0135e46119ecfd5,2.6226043701171875e-06,aime24:p14:s0:seed14042,985f71725748f372cf08d2f249fcbd5c6d3dac5efa97289e418dbb154a727e3d
0.13530407357029617,matched_path_accumulation_v1,512,pattern_rolling_k2v2_s16_r128,final,v1,hidden_relative_L2,0.1374465376138687,232e3b08d10919ca24932ad0a0135e46119ecfd5,0.002142464043572545,aime24:p14:s0:seed14042,985f71725748f372cf08d2f249fcbd5c6d3dac5efa97289e418dbb154a727e3d
0.13530407357029617,matched_path_accumulation_v1,512,pattern_rolling_k2v2_s16_r128,final,v1,attention_output_relative_L2,0.1374465376138687,232e3b08d10919ca24932ad0a0135e46119ecfd5,0.002142464043572545,aime24:p14:s0:seed14042,985f71725748f372cf08d2f249fcbd5c6d3dac5efa97289e418dbb154a727e3d
0.0018158056059291994,matched_path_accumulation_v1,512,pattern_rolling_k2v2_s16_r128,final,v1,next_token_KL,0.001820468925870955,232e3b08d10919ca24932ad0a0135e46119ecfd5,4.663319941755617e-06,aime24:p14:s0:seed14042,985f71725748f372cf08d2f249fcbd5c6d3dac5efa97289e418dbb154a727e3d
0.0004769086683609203,matched_path_accumulation_v1,512,pattern_rolling_k2v2_s16_r128,final,v1,next_token_JS,0.0004780963063240051,232e3b08d10919ca24932ad0a0135e46119ecfd5,1.1876379630848533e-06,aime24:p14:s0:seed14042,985f71725748f372cf08d2f249fcbd5c6d3dac5efa97289e418dbb154a727e3d
0.014116603881120682,matched_path_accumulation_v1,512,pattern_rolling_k2v2_s16_r128,final,v1,target_token_NLL_delta,0.013544511049985886,232e3b08d10919ca24932ad0a0135e46119ecfd5,-0.0005720928311347961,aime24:p14:s0:seed14042,985f71725748f372cf08d2f249fcbd5c6d3dac5efa97289e418dbb154a727e3d
0.0,matched_path_accumulation_v1,512,pattern_rolling_k2v2_s16_r128,final,v1,top1_disagreement,0.0,232e3b08d10919ca24932ad0a0135e46119ecfd5,0.0,aime24:p14:s0:seed14042,985f71725748f372cf08d2f249fcbd5c6d3dac5efa97289e418dbb154a727e3d
1.134765625,matched_path_accumulation_v1,512,pattern_rolling_k2v2_s16_r128,final,v1,logit_max_abs_diff,1.15234375,232e3b08d10919ca24932ad0a0135e46119ecfd5,0.017578125,aime24:p14:s0:seed14042,985f71725748f372cf08d2f249fcbd5c6d3dac5efa97289e418dbb154a727e3d
0.0021696090698242188,matched_path_accumulation_v1,1024,pattern_rolling_k2v2_s16_r128,final,v1,hidden_cosine_loss,0.0021729469299316406,232e3b08d10919ca24932ad0a0135e46119ecfd5,3.337860107421875e-06,aime24:p14:s0:seed14042,985f71725748f372cf08d2f249fcbd5c6d3dac5efa97289e418dbb154a727e3d
0.06351228966377676,matched_path_accumulation_v1,1024,pattern_rolling_k2v2_s16_r128,final,v1,hidden_relative_L2,0.06598319858312607,232e3b08d10919ca24932ad0a0135e46119ecfd5,0.0024709089193493128,aime24:p14:s0:seed14042,985f71725748f372cf08d2f249fcbd5c6d3dac5efa97289e418dbb154a727e3d
0.06351228966377676,matched_path_accumulation_v1,1024,pattern_rolling_k2v2_s16_r128,final,v1,attention_output_relative_L2,0.06598319858312607,232e3b08d10919ca24932ad0a0135e46119ecfd5,0.0024709089193493128,aime24:p14:s0:seed14042,985f71725748f372cf08d2f249fcbd5c6d3dac5efa97289e418dbb154a727e3d
6.995342238802493e-08,matched_path_accumulation_v1,1024,pattern_rolling_k2v2_s16_r128,final,v1,next_token_KL,7.272154789461638e-08,232e3b08d10919ca24932ad0a0135e46119ecfd5,2.7681255065914456e-09,aime24:p14:s0:seed14042,985f71725748f372cf08d2f249fcbd5c6d3dac5efa97289e418dbb154a727e3d
1.360380291748342e-08,matched_path_accumulation_v1,1024,pattern_rolling_k2v2_s16_r128,final,v1,next_token_JS,1.3739114734789837e-08,232e3b08d10919ca24932ad0a0135e46119ecfd5,1.3531181730641606e-10,aime24:p14:s0:seed14042,985f71725748f372cf08d2f249fcbd5c6d3dac5efa97289e418dbb154a727e3d
-8.344550224137492e-07,matched_path_accumulation_v1,1024,pattern_rolling_k2v2_s16_r128,final,v1,target_token_NLL_delta,-8.344550224137492e-07,232e3b08d10919ca24932ad0a0135e46119ecfd5,0.0,aime24:p14:s0:seed14042,985f71725748f372cf08d2f249fcbd5c6d3dac5efa97289e418dbb154a727e3d
0.0,matched_path_accumulation_v1,1024,pattern_rolling_k2v2_s16_r128,final,v1,top1_disagreement,0.0,232e3b08d10919ca24932ad0a0135e46119ecfd5,0.0,aime24:p14:s0:seed14042,985f71725748f372cf08d2f249fcbd5c6d3dac5efa97289e418dbb154a727e3d
0.484375,matched_path_accumulation_v1,1024,pattern_rolling_k2v2_s16_r128,final,v1,logit_max_abs_diff,0.50390625,232e3b08d10919ca24932ad0a0135e46119ecfd5,0.01953125,aime24:p14:s0:seed14042,985f71725748f372cf08d2f249fcbd5c6d3dac5efa97289e418dbb154a727e3d
0.01757711172103882,matched_path_accumulation_v1,2048,pattern_rolling_k2v2_s16_r128,final,v1,hidden_cosine_loss,0.017581641674041748,232e3b08d10919ca24932ad0a0135e46119ecfd5,4.5299530029296875e-06,aime24:p14:s0:seed14042,985f71725748f372cf08d2f249fcbd5c6d3dac5efa97289e418dbb154a727e3d
0.1879745649639517,matched_path_accumulation_v1,2048,pattern_rolling_k2v2_s16_r128,final,v1,hidden_relative_L2,0.19080200791358948,232e3b08d10919ca24932ad0a0135e46119ecfd5,0.0028274429496377707,aime24:p14:s0:seed14042,985f71725748f372cf08d2f249fcbd5c6d3dac5efa97289e418dbb154a727e3d
0.1879745649639517,matched_path_accumulation_v1,2048,pattern_rolling_k2v2_s16_r128,final,v1,attention_output_relative_L2,0.19080200791358948,232e3b08d10919ca24932ad0a0135e46119ecfd5,0.0028274429496377707,aime24:p14:s0:seed14042,985f71725748f372cf08d2f249fcbd5c6d3dac5efa97289e418dbb154a727e3d
0.0650930849553788,matched_path_accumulation_v1,2048,pattern_rolling_k2v2_s16_r128,final,v1,next_token_KL,0.0650952085852623,232e3b08d10919ca24932ad0a0135e46119ecfd5,2.123629883499234e-06,aime24:p14:s0:seed14042,985f71725748f372cf08d2f249fcbd5c6d3dac5efa97289e418dbb154a727e3d
0.017698736171382734,matched_path_accumulation_v1,2048,pattern_rolling_k2v2_s16_r128,final,v1,next_token_JS,0.0176992230117321,232e3b08d10919ca24932ad0a0135e46119ecfd5,4.868403493674123e-07,aime24:p14:s0:seed14042,985f71725748f372cf08d2f249fcbd5c6d3dac5efa97289e418dbb154a727e3d
0.12974059581756592,matched_path_accumulation_v1,2048,pattern_rolling_k2v2_s16_r128,final,v1,target_token_NLL_delta,0.12972688674926758,232e3b08d10919ca24932ad0a0135e46119ecfd5,-1.3709068298339844e-05,aime24:p14:s0:seed14042,985f71725748f372cf08d2f249fcbd5c6d3dac5efa97289e418dbb154a727e3d
0.0,matched_path_accumulation_v1,2048,pattern_rolling_k2v2_s16_r128,final,v1,top1_disagreement,0.0,232e3b08d10919ca24932ad0a0135e46119ecfd5,0.0,aime24:p14:s0:seed14042,985f71725748f372cf08d2f249fcbd5c6d3dac5efa97289e418dbb154a727e3d
2.703125,matched_path_accumulation_v1,2048,pattern_rolling_k2v2_s16_r128,final,v1,logit_max_abs_diff,2.75,232e3b08d10919ca24932ad0a0135e46119ecfd5,0.046875,aime24:p14:s0:seed14042,985f71725748f372cf08d2f249fcbd5c6d3dac5efa97289e418dbb154a727e3d
0.010541200637817383,matched_path_accumulation_v1,4096,pattern_rolling_k2v2_s16_r128,final,v1,hidden_cosine_loss,0.01054239273071289,232e3b08d10919ca24932ad0a0135e46119ecfd5,1.1920928955078125e-06,aime24:p14:s0:seed14042,985f71725748f372cf08d2f249fcbd5c6d3dac5efa97289e418dbb154a727e3d
0.1435217260150239,matched_path_accumulation_v1,4096,pattern_rolling_k2v2_s16_r128,final,v1,hidden_relative_L2,0.1449626088142395,232e3b08d10919ca24932ad0a0135e46119ecfd5,0.0014408827992156148,aime24:p14:s0:seed14042,985f71725748f372cf08d2f249fcbd5c6d3dac5efa97289e418dbb154a727e3d
0.1435217260150239,matched_path_accumulation_v1,4096,pattern_rolling_k2v2_s16_r128,final,v1,attention_output_relative_L2,0.1449626088142395,232e3b08d10919ca24932ad0a0135e46119ecfd5,0.0014408827992156148,aime24:p14:s0:seed14042,985f71725748f372cf08d2f249fcbd5c6d3dac5efa97289e418dbb154a727e3d
0.052056802115657774,matched_path_accumulation_v1,4096,pattern_rolling_k2v2_s16_r128,final,v1,next_token_KL,0.05206744000315666,232e3b08d10919ca24932ad0a0135e46119ecfd5,1.0637887498887721e-05,aime24:p14:s0:seed14042,985f71725748f372cf08d2f249fcbd5c6d3dac5efa97289e418dbb154a727e3d
0.011900186252205458,matched_path_accumulation_v1,4096,pattern_rolling_k2v2_s16_r128,final,v1,next_token_JS,0.011902786791324615,232e3b08d10919ca24932ad0a0135e46119ecfd5,2.6005391191574745e-06,aime24:p14:s0:seed14042,985f71725748f372cf08d2f249fcbd5c6d3dac5efa97289e418dbb154a727e3d
0.030415058135986328,matched_path_accumulation_v1,4096,pattern_rolling_k2v2_s16_r128,final,v1,target_token_NLL_delta,0.030369877815246582,232e3b08d10919ca24932ad0a0135e46119ecfd5,-4.5180320739746094e-05,aime24:p14:s0:seed14042,985f71725748f372cf08d2f249fcbd5c6d3dac5efa97289e418dbb154a727e3d
0.0,matched_path_accumulation_v1,4096,pattern_rolling_k2v2_s16_r128,final,v1,top1_disagreement,0.0,232e3b08d10919ca24932ad0a0135e46119ecfd5,0.0,aime24:p14:s0:seed14042,985f71725748f372cf08d2f249fcbd5c6d3dac5efa97289e418dbb154a727e3d
1.828125,matched_path_accumulation_v1,4096,pattern_rolling_k2v2_s16_r128,final,v1,logit_max_abs_diff,1.84375,232e3b08d10919ca24932ad0a0135e46119ecfd5,0.015625,aime24:p14:s0:seed14042,985f71725748f372cf08d2f249fcbd5c6d3dac5efa97289e418dbb154a727e3d
1.1920928955078125e-07,matched_path_accumulation_v1,128,pattern_rolling_k2v2_s16_r128,final,v1,hidden_cosine_loss,1.7881393432617188e-06,232e3b08d10919ca24932ad0a0135e46119ecfd5,1.6689300537109375e-06,aime24:p15:s1:seed15043,b3071fe4e912d14e31a543908143a991dbe648bfe13ea6a3db80285f3da15dab
1.7410493455827236e-05,matched_path_accumulation_v1,128,pattern_rolling_k2v2_s16_r128,final,v1,hidden_relative_L2,0.0017481171526014805,232e3b08d10919ca24932ad0a0135e46119ecfd5,0.0017307066591456532,aime24:p15:s1:seed15043,b3071fe4e912d14e31a543908143a991dbe648bfe13ea6a3db80285f3da15dab
1.7410493455827236e-05,matched_path_accumulation_v1,128,pattern_rolling_k2v2_s16_r128,final,v1,attention_output_relative_L2,0.0017481171526014805,232e3b08d10919ca24932ad0a0135e46119ecfd5,0.0017307066591456532,aime24:p15:s1:seed15043,b3071fe4e912d14e31a543908143a991dbe648bfe13ea6a3db80285f3da15dab
1.5931185544104665e-06,matched_path_accumulation_v1,128,pattern_rolling_k2v2_s16_r128,final,v1,next_token_KL,2.1968999135424383e-06,232e3b08d10919ca24932ad0a0135e46119ecfd5,6.037813591319718e-07,aime24:p15:s1:seed15043,b3071fe4e912d14e31a543908143a991dbe648bfe13ea6a3db80285f3da15dab
3.550578497879542e-07,matched_path_accumulation_v1,128,pattern_rolling_k2v2_s16_r128,final,v1,next_token_JS,5.007390200262307e-07,232e3b08d10919ca24932ad0a0135e46119ecfd5,1.4568117023827654e-07,aime24:p15:s1:seed15043,b3071fe4e912d14e31a543908143a991dbe648bfe13ea6a3db80285f3da15dab
7.981061935424805e-05,matched_path_accumulation_v1,128,pattern_rolling_k2v2_s16_r128,final,v1,target_token_NLL_delta,2.0712614059448242e-05,232e3b08d10919ca24932ad0a0135e46119ecfd5,-5.9098005294799805e-05,aime24:p15:s1:seed15043,b3071fe4e912d14e31a543908143a991dbe648bfe13ea6a3db80285f3da15dab
0.0,matched_path_accumulation_v1,128,pattern_rolling_k2v2_s16_r128,final,v1,top1_disagreement,0.0,232e3b08d10919ca24932ad0a0135e46119ecfd5,0.0,aime24:p15:s1:seed15043,b3071fe4e912d14e31a543908143a991dbe648bfe13ea6a3db80285f3da15dab
0.00244140625,matched_path_accumulation_v1,128,pattern_rolling_k2v2_s16_r128,final,v1,logit_max_abs_diff,0.01806640625,232e3b08d10919ca24932ad0a0135e46119ecfd5,0.015625,aime24:p15:s1:seed15043,b3071fe4e912d14e31a543908143a991dbe648bfe13ea6a3db80285f3da15dab
0.006160378456115723,matched_path_accumulation_v1,512,pattern_rolling_k2v2_s16_r128,final,v1,hidden_cosine_loss,0.00616300106048584,232e3b08d10919ca24932ad0a0135e46119ecfd5,2.6226043701171875e-06,aime24:p15:s1:seed15043,b3071fe4e912d14e31a543908143a991dbe648bfe13ea6a3db80285f3da15dab
0.10883220680989325,matched_path_accumulation_v1,512,pattern_rolling_k2v2_s16_r128,final,v1,hidden_relative_L2,0.11093460768461227,232e3b08d10919ca24932ad0a0135e46119ecfd5,0.0021024008747190237,aime24:p15:s1:seed15043,b3071fe4e912d14e31a543908143a991dbe648bfe13ea6a3db80285f3da15dab
0.10883220680989325,matched_path_accumulation_v1,512,pattern_rolling_k2v2_s16_r128,final,v1,attention_output_relative_L2,0.11093460768461227,232e3b08d10919ca24932ad0a0135e46119ecfd5,0.0021024008747190237,aime24:p15:s1:seed15043,b3071fe4e912d14e31a543908143a991dbe648bfe13ea6a3db80285f3da15dab
0.00012954867456471675,matched_path_accumulation_v1,512,pattern_rolling_k2v2_s16_r128,final,v1,next_token_KL,0.00012978010636288673,232e3b08d10919ca24932ad0a0135e46119ecfd5,2.3143179816997872e-07,aime24:p15:s1:seed15043,b3071fe4e912d14e31a543908143a991dbe648bfe13ea6a3db80285f3da15dab
3.615671930745634e-05,matched_path_accumulation_v1,512,pattern_rolling_k2v2_s16_r128,final,v1,next_token_JS,3.6210170947015285e-05,232e3b08d10919ca24932ad0a0135e46119ecfd5,5.34516395589435e-08,aime24:p15:s1:seed15043,b3071fe4e912d14e31a543908143a991dbe648bfe13ea6a3db80285f3da15dab
0.0003707743890117854,matched_path_accumulation_v1,512,pattern_rolling_k2v2_s16_r128,final,v1,target_token_NLL_delta,0.00038173768552951515,232e3b08d10919ca24932ad0a0135e46119ecfd5,1.096329651772976e-05,aime24:p15:s1:seed15043,b3071fe4e912d14e31a543908143a991dbe648bfe13ea6a3db80285f3da15dab
0.0,matched_path_accumulation_v1,512,pattern_rolling_k2v2_s16_r128,final,v1,top1_disagreement,0.0,232e3b08d10919ca24932ad0a0135e46119ecfd5,0.0,aime24:p15:s1:seed15043,b3071fe4e912d14e31a543908143a991dbe648bfe13ea6a3db80285f3da15dab
1.064453125,matched_path_accumulation_v1,512,pattern_rolling_k2v2_s16_r128,final,v1,logit_max_abs_diff,1.080078125,232e3b08d10919ca24932ad0a0135e46119ecfd5,0.015625,aime24:p15:s1:seed15043,b3071fe4e912d14e31a543908143a991dbe648bfe13ea6a3db80285f3da15dab
0.03546154499053955,matched_path_accumulation_v1,1024,pattern_rolling_k2v2_s16_r128,final,v1,hidden_cosine_loss,0.03546416759490967,232e3b08d10919ca24932ad0a0135e46119ecfd5,2.6226043701171875e-06,aime24:p15:s1:seed15043,b3071fe4e912d14e31a543908143a991dbe648bfe13ea6a3db80285f3da15dab
0.26990548241883516,matched_path_accumulation_v1,1024,pattern_rolling_k2v2_s16_r128,final,v1,hidden_relative_L2,0.27218183875083923,232e3b08d10919ca24932ad0a0135e46119ecfd5,0.0022763563320040703,aime24:p15:s1:seed15043,b3071fe4e912d14e31a543908143a991dbe648bfe13ea6a3db80285f3da15dab
0.26990548241883516,matched_path_accumulation_v1,1024,pattern_rolling_k2v2_s16_r128,final,v1,attention_output_relative_L2,0.27218183875083923,232e3b08d10919ca24932ad0a0135e46119ecfd5,0.0022763563320040703,aime24:p15:s1:seed15043,b3071fe4e912d14e31a543908143a991dbe648bfe13ea6a3db80285f3da15dab
7.0314901972068355e-06,matched_path_accumulation_v1,1024,pattern_rolling_k2v2_s16_r128,final,v1,next_token_KL,7.059154086164199e-06,232e3b08d10919ca24932ad0a0135e46119ecfd5,2.766388895736327e-08,aime24:p15:s1:seed15043,b3071fe4e912d14e31a543908143a991dbe648bfe13ea6a3db80285f3da15dab
1.5948357248163347e-06,matched_path_accumulation_v1,1024,pattern_rolling_k2v2_s16_r128,final,v1,next_token_JS,1.5970256299624452e-06,232e3b08d10919ca24932ad0a0135e46119ecfd5,2.1899051461105046e-09,aime24:p15:s1:seed15043,b3071fe4e912d14e31a543908143a991dbe648bfe13ea6a3db80285f3da15dab
-1.2516498827608302e-05,matched_path_accumulation_v1,1024,pattern_rolling_k2v2_s16_r128,final,v1,target_token_NLL_delta,-1.2278091162443161e-05,232e3b08d10919ca24932ad0a0135e46119ecfd5,2.3840766516514122e-07,aime24:p15:s1:seed15043,b3071fe4e912d14e31a543908143a991dbe648bfe13ea6a3db80285f3da15dab
0.0,matched_path_accumulation_v1,1024,pattern_rolling_k2v2_s16_r128,final,v1,top1_disagreement,0.0,232e3b08d10919ca24932ad0a0135e46119ecfd5,0.0,aime24:p15:s1:seed15043,b3071fe4e912d14e31a543908143a991dbe648bfe13ea6a3db80285f3da15dab
3.02734375,matched_path_accumulation_v1,1024,pattern_rolling_k2v2_s16_r128,final,v1,logit_max_abs_diff,3.046875,232e3b08d10919ca24932ad0a0135e46119ecfd5,0.01953125,aime24:p15:s1:seed15043,b3071fe4e912d14e31a543908143a991dbe648bfe13ea6a3db80285f3da15dab
0.02299278974533081,matched_path_accumulation_v1,2048,pattern_rolling_k2v2_s16_r128,final,v1,hidden_cosine_loss,0.02299654483795166,232e3b08d10919ca24932ad0a0135e46119ecfd5,3.7550926208496094e-06,aime24:p15:s1:seed15043,b3071fe4e912d14e31a543908143a991dbe648bfe13ea6a3db80285f3da15dab
0.21153024537488818,matched_path_accumulation_v1,2048,pattern_rolling_k2v2_s16_r128,final,v1,hidden_relative_L2,0.21417845785617828,232e3b08d10919ca24932ad0a0135e46119ecfd5,0.002648212481290102,aime24:p15:s1:seed15043,b3071fe4e912d14e31a543908143a991dbe648bfe13ea6a3db80285f3da15dab
0.21153024537488818,matched_path_accumulation_v1,2048,pattern_rolling_k2v2_s16_r128,final,v1,attention_output_relative_L2,0.21417845785617828,232e3b08d10919ca24932ad0a0135e46119ecfd5,0.002648212481290102,aime24:p15:s1:seed15043,b3071fe4e912d14e31a543908143a991dbe648bfe13ea6a3db80285f3da15dab
0.000232464459259063,matched_path_accumulation_v1,2048,pattern_rolling_k2v2_s16_r128,final,v1,next_token_KL,0.000232464459259063,232e3b08d10919ca24932ad0a0135e46119ecfd5,0.0,aime24:p15:s1:seed15043,b3071fe4e912d14e31a543908143a991dbe648bfe13ea6a3db80285f3da15dab
6.782925680326457e-05,matched_path_accumulation_v1,2048,pattern_rolling_k2v2_s16_r128,final,v1,next_token_JS,6.784112338209525e-05,232e3b08d10919ca24932ad0a0135e46119ecfd5,1.18665788306771e-08,aime24:p15:s1:seed15043,b3071fe4e912d14e31a543908143a991dbe648bfe13ea6a3db80285f3da15dab
0.0003948418016079813,matched_path_accumulation_v1,2048,pattern_rolling_k2v2_s16_r128,final,v1,target_token_NLL_delta,0.0003956759755965322,232e3b08d10919ca24932ad0a0135e46119ecfd5,8.341739885509014e-07,aime24:p15:s1:seed15043,b3071fe4e912d14e31a543908143a991dbe648bfe13ea6a3db80285f3da15dab
0.0,matched_path_accumulation_v1,2048,pattern_rolling_k2v2_s16_r128,final,v1,top1_disagreement,0.0,232e3b08d10919ca24932ad0a0135e46119ecfd5,0.0,aime24:p15:s1:seed15043,b3071fe4e912d14e31a543908143a991dbe648bfe13ea6a3db80285f3da15dab
2.515625,matched_path_accumulation_v1,2048,pattern_rolling_k2v2_s16_r128,final,v1,logit_max_abs_diff,2.5390625,232e3b08d10919ca24932ad0a0135e46119ecfd5,0.0234375,aime24:p15:s1:seed15043,b3071fe4e912d14e31a543908143a991dbe648bfe13ea6a3db80285f3da15dab
0.01710665225982666,matched_path_accumulation_v1,4096,pattern_rolling_k2v2_s16_r128,final,v1,hidden_cosine_loss,0.01711106300354004,232e3b08d10919ca24932ad0a0135e46119ecfd5,4.410743713378906e-06,aime24:p15:s1:seed15043,b3071fe4e912d14e31a543908143a991dbe648bfe13ea6a3db80285f3da15dab
0.19173187343403697,matched_path_accumulation_v1,4096,pattern_rolling_k2v2_s16_r128,final,v1,hidden_relative_L2,0.19453607499599457,232e3b08d10919ca24932ad0a0135e46119ecfd5,0.0028042015619575977,aime24:p15:s1:seed15043,b3071fe4e912d14e31a543908143a991dbe648bfe13ea6a3db80285f3da15dab
0.19173187343403697,matched_path_accumulation_v1,4096,pattern_rolling_k2v2_s16_r128,final,v1,attention_output_relative_L2,0.19453607499599457,232e3b08d10919ca24932ad0a0135e46119ecfd5,0.0028042015619575977,aime24:p15:s1:seed15043,b3071fe4e912d14e31a543908143a991dbe648bfe13ea6a3db80285f3da15dab
2.1834590370417573e-05,matched_path_accumulation_v1,4096,pattern_rolling_k2v2_s16_r128,final,v1,next_token_KL,2.1834590370417573e-05,232e3b08d10919ca24932ad0a0135e46119ecfd5,0.0,aime24:p15:s1:seed15043,b3071fe4e912d14e31a543908143a991dbe648bfe13ea6a3db80285f3da15dab
6.843967201852763e-06,matched_path_accumulation_v1,4096,pattern_rolling_k2v2_s16_r128,final,v1,next_token_JS,6.844931704108603e-06,232e3b08d10919ca24932ad0a0135e46119ecfd5,9.64502255840216e-10,aime24:p15:s1:seed15043,b3071fe4e912d14e31a543908143a991dbe648bfe13ea6a3db80285f3da15dab
3.6953544622519985e-05,matched_path_accumulation_v1,4096,pattern_rolling_k2v2_s16_r128,final,v1,target_token_NLL_delta,3.671512968139723e-05,232e3b08d10919ca24932ad0a0135e46119ecfd5,-2.384149411227554e-07,aime24:p15:s1:seed15043,b3071fe4e912d14e31a543908143a991dbe648bfe13ea6a3db80285f3da15dab
0.0,matched_path_accumulation_v1,4096,pattern_rolling_k2v2_s16_r128,final,v1,top1_disagreement,0.0,232e3b08d10919ca24932ad0a0135e46119ecfd5,0.0,aime24:p15:s1:seed15043,b3071fe4e912d14e31a543908143a991dbe648bfe13ea6a3db80285f3da15dab
2.4013671875,matched_path_accumulation_v1,4096,pattern_rolling_k2v2_s16_r128,final,v1,logit_max_abs_diff,2.4326171875,232e3b08d10919ca24932ad0a0135e46119ecfd5,0.03125,aime24:p15:s1:seed15043,b3071fe4e912d14e31a543908143a991dbe648bfe13ea6a3db80285f3da15dab
5.960464477539063e-08,matched_path_accumulation_v1,128,pattern_rolling_k2v2_s16_r128,final,v1,hidden_cosine_loss,2.086162567138672e-06,232e3b08d10919ca24932ad0a0135e46119ecfd5,2.0265579223632812e-06,aime24:p16:s0:seed16042,13d42346d3a27cdf52c682506b670e839c9c66befad1065501f233b0a1d0cc02
2.379936631768942e-05,matched_path_accumulation_v1,128,pattern_rolling_k2v2_s16_r128,final,v1,hidden_relative_L2,0.0019678843673318624,232e3b08d10919ca24932ad0a0135e46119ecfd5,0.001944085001014173,aime24:p16:s0:seed16042,13d42346d3a27cdf52c682506b670e839c9c66befad1065501f233b0a1d0cc02
2.379936631768942e-05,matched_path_accumulation_v1,128,pattern_rolling_k2v2_s16_r128,final,v1,attention_output_relative_L2,0.0019678843673318624,232e3b08d10919ca24932ad0a0135e46119ecfd5,0.001944085001014173,aime24:p16:s0:seed16042,13d42346d3a27cdf52c682506b670e839c9c66befad1065501f233b0a1d0cc02
-1.6281500592185694e-08,matched_path_accumulation_v1,128,pattern_rolling_k2v2_s16_r128,final,v1,next_token_KL,1.131606097715121e-08,232e3b08d10919ca24932ad0a0135e46119ecfd5,2.7597561569336904e-08,aime24:p16:s0:seed16042,13d42346d3a27cdf52c682506b670e839c9c66befad1065501f233b0a1d0cc02
-2.5295987526874342e-11,matched_path_accumulation_v1,128,pattern_rolling_k2v2_s16_r128,final,v1,next_token_JS,2.5649926627124842e-11,232e3b08d10919ca24932ad0a0135e46119ecfd5,5.0945914153999183e-11,aime24:p16:s0:seed16042,13d42346d3a27cdf52c682506b670e839c9c66befad1065501f233b0a1d0cc02
0.0,matched_path_accumulation_v1,128,pattern_rolling_k2v2_s16_r128,final,v1,target_token_NLL_delta,0.0,232e3b08d10919ca24932ad0a0135e46119ecfd5,0.0,aime24:p16:s0:seed16042,13d42346d3a27cdf52c682506b670e839c9c66befad1065501f233b0a1d0cc02
0.0,matched_path_accumulation_v1,128,pattern_rolling_k2v2_s16_r128,final,v1,top1_disagreement,0.0,232e3b08d10919ca24932ad0a0135e46119ecfd5,0.0,aime24:p16:s0:seed16042,13d42346d3a27cdf52c682506b670e839c9c66befad1065501f233b0a1d0cc02
-0.0078125,matched_path_accumulation_v1,128,pattern_rolling_k2v2_s16_r128,final,v1,logit_max_abs_diff,0.015625,232e3b08d10919ca24932ad0a0135e46119ecfd5,0.0234375,aime24:p16:s0:seed16042,13d42346d3a27cdf52c682506b670e839c9c66befad1065501f233b0a1d0cc02
0.00693434476852417,matched_path_accumulation_v1,512,pattern_rolling_k2v2_s16_r128,final,v1,hidden_cosine_loss,0.00693589448928833,232e3b08d10919ca24932ad0a0135e46119ecfd5,1.5497207641601562e-06,aime24:p16:s0:seed16042,13d42346d3a27cdf52c682506b670e839c9c66befad1065501f233b0a1d0cc02
0.11627935396973044,matched_path_accumulation_v1,512,pattern_rolling_k2v2_s16_r128,final,v1,hidden_relative_L2,0.11794158071279526,232e3b08d10919ca24932ad0a0135e46119ecfd5,0.0016622267430648208,aime24:p16:s0:seed16042,13d42346d3a27cdf52c682506b670e839c9c66befad1065501f233b0a1d0cc02
0.11627935396973044,matched_path_accumulation_v1,512,pattern_rolling_k2v2_s16_r128,final,v1,attention_output_relative_L2,0.11794158071279526,232e3b08d10919ca24932ad0a0135e46119ecfd5,0.0016622267430648208,aime24:p16:s0:seed16042,13d42346d3a27cdf52c682506b670e839c9c66befad1065501f233b0a1d0cc02
0.0024041739136464457,matched_path_accumulation_v1,512,pattern_rolling_k2v2_s16_r128,final,v1,next_token_KL,0.0024063442833721638,232e3b08d10919ca24932ad0a0135e46119ecfd5,2.1703697257180465e-06,aime24:p16:s0:seed16042,13d42346d3a27cdf52c682506b670e839c9c66befad1065501f233b0a1d0cc02
0.0006417245784291481,matched_path_accumulation_v1,512,pattern_rolling_k2v2_s16_r128,final,v1,next_token_JS,0.0006422442384064198,232e3b08d10919ca24932ad0a0135e46119ecfd5,5.196599772716581e-07,aime24:p16:s0:seed16042,13d42346d3a27cdf52c682506b670e839c9c66befad1065501f233b0a1d0cc02
0.009690675884485245,matched_path_accumulation_v1,512,pattern_rolling_k2v2_s16_r128,final,v1,target_token_NLL_delta,0.009956657886505127,232e3b08d10919ca24932ad0a0135e46119ecfd5,0.0002659820020198822,aime24:p16:s0:seed16042,13d42346d3a27cdf52c682506b670e839c9c66befad1065501f233b0a1d0cc02
0.0,matched_path_accumulation_v1,512,pattern_rolling_k2v2_s16_r128,final,v1,top1_disagreement,0.0,232e3b08d10919ca24932ad0a0135e46119ecfd5,0.0,aime24:p16:s0:seed16042,13d42346d3a27cdf52c682506b670e839c9c66befad1065501f233b0a1d0cc02
1.0390625,matched_path_accumulation_v1,512,pattern_rolling_k2v2_s16_r128,final,v1,logit_max_abs_diff,1.0625,232e3b08d10919ca24932ad0a0135e46119ecfd5,0.0234375,aime24:p16:s0:seed16042,13d42346d3a27cdf52c682506b670e839c9c66befad1065501f233b0a1d0cc02
0.004697680473327637,matched_path_accumulation_v1,1024,pattern_rolling_k2v2_s16_r128,final,v1,hidden_cosine_loss,0.004699587821960449,232e3b08d10919ca24932ad0a0135e46119ecfd5,1.9073486328125e-06,aime24:p16:s0:seed16042,13d42346d3a27cdf52c682506b670e839c9c66befad1065501f233b0a1d0cc02
0.0952009268803522,matched_path_accumulation_v1,1024,pattern_rolling_k2v2_s16_r128,final,v1,hidden_relative_L2,0.09694980829954147,232e3b08d10919ca24932ad0a0135e46119ecfd5,0.0017488814191892743,aime24:p16:s0:seed16042,13d42346d3a27cdf52c682506b670e839c9c66befad1065501f233b0a1d0cc02
0.0952009268803522,matched_path_accumulation_v1,1024,pattern_rolling_k2v2_s16_r128,final,v1,attention_output_relative_L2,0.09694980829954147,232e3b08d10919ca24932ad0a0135e46119ecfd5,0.0017488814191892743,aime24:p16:s0:seed16042,13d42346d3a27cdf52c682506b670e839c9c66befad1065501f233b0a1d0cc02
0.0011413979600547464,matched_path_accumulation_v1,1024,pattern_rolling_k2v2_s16_r128,final,v1,next_token_KL,0.001155374338850379,232e3b08d10919ca24932ad0a0135e46119ecfd5,1.3976378795632627e-05,aime24:p16:s0:seed16042,13d42346d3a27cdf52c682506b670e839c9c66befad1065501f233b0a1d0cc02
0.0002773554365376185,matched_path_accumulation_v1,1024,pattern_rolling_k2v2_s16_r128,final,v1,next_token_JS,0.0002808402350638062,232e3b08d10919ca24932ad0a0135e46119ecfd5,3.48479852618766e-06,aime24:p16:s0:seed16042,13d42346d3a27cdf52c682506b670e839c9c66befad1065501f233b0a1d0cc02
0.0015543103218078613,matched_path_accumulation_v1,1024,pattern_rolling_k2v2_s16_r128,final,v1,target_token_NLL_delta,0.0036254823207855225,232e3b08d10919ca24932ad0a0135e46119ecfd5,0.002071171998977661,aime24:p16:s0:seed16042,13d42346d3a27cdf52c682506b670e839c9c66befad1065501f233b0a1d0cc02
0.0,matched_path_accumulation_v1,1024,pattern_rolling_k2v2_s16_r128,final,v1,top1_disagreement,0.0,232e3b08d10919ca24932ad0a0135e46119ecfd5,0.0,aime24:p16:s0:seed16042,13d42346d3a27cdf52c682506b670e839c9c66befad1065501f233b0a1d0cc02
1.5380859375,matched_path_accumulation_v1,1024,pattern_rolling_k2v2_s16_r128,final,v1,logit_max_abs_diff,1.5546875,232e3b08d10919ca24932ad0a0135e46119ecfd5,0.0166015625,aime24:p16:s0:seed16042,13d42346d3a27cdf52c682506b670e839c9c66befad1065501f233b0a1d0cc02
0.018754184246063232,matched_path_accumulation_v1,2048,pattern_rolling_k2v2_s16_r128,final,v1,hidden_cosine_loss,0.018757522106170654,232e3b08d10919ca24932ad0a0135e46119ecfd5,3.337860107421875e-06,aime24:p16:s0:seed16042,13d42346d3a27cdf52c682506b670e839c9c66befad1065501f233b0a1d0cc02
0.19183626933954656,matched_path_accumulation_v1,2048,pattern_rolling_k2v2_s16_r128,final,v1,hidden_relative_L2,0.19438646733760834,232e3b08d10919ca24932ad0a0135e46119ecfd5,0.002550197998061776,aime24:p16:s0:seed16042,13d42346d3a27cdf52c682506b670e839c9c66befad1065501f233b0a1d0cc02
0.19183626933954656,matched_path_accumulation_v1,2048,pattern_rolling_k2v2_s16_r128,final,v1,attention_output_relative_L2,0.19438646733760834,232e3b08d10919ca24932ad0a0135e46119ecfd5,0.002550197998061776,aime24:p16:s0:seed16042,13d42346d3a27cdf52c682506b670e839c9c66befad1065501f233b0a1d0cc02
1.3799267804870397e-05,matched_path_accumulation_v1,2048,pattern_rolling_k2v2_s16_r128,final,v1,next_token_KL,1.3910593224863987e-05,232e3b08d10919ca24932ad0a0135e46119ecfd5,1.1132541999359091e-07,aime24:p16:s0:seed16042,13d42346d3a27cdf52c682506b670e839c9c66befad1065501f233b0a1d0cc02
3.7414893085951917e-06,matched_path_accumulation_v1,2048,pattern_rolling_k2v2_s16_r128,final,v1,next_token_JS,3.7414893085951917e-06,232e3b08d10919ca24932ad0a0135e46119ecfd5,0.0,aime24:p16:s0:seed16042,13d42346d3a27cdf52c682506b670e839c9c66befad1065501f233b0a1d0cc02
3.5737757571041584e-06,matched_path_accumulation_v1,2048,pattern_rolling_k2v2_s16_r128,final,v1,target_token_NLL_delta,4.288565833121538e-06,232e3b08d10919ca24932ad0a0135e46119ecfd5,7.147900760173798e-07,aime24:p16:s0:seed16042,13d42346d3a27cdf52c682506b670e839c9c66befad1065501f233b0a1d0cc02
0.0,matched_path_accumulation_v1,2048,pattern_rolling_k2v2_s16_r128,final,v1,top1_disagreement,0.0,232e3b08d10919ca24932ad0a0135e46119ecfd5,0.0,aime24:p16:s0:seed16042,13d42346d3a27cdf52c682506b670e839c9c66befad1065501f233b0a1d0cc02
1.8134765625,matched_path_accumulation_v1,2048,pattern_rolling_k2v2_s16_r128,final,v1,logit_max_abs_diff,1.8505859375,232e3b08d10919ca24932ad0a0135e46119ecfd5,0.037109375,aime24:p16:s0:seed16042,13d42346d3a27cdf52c682506b670e839c9c66befad1065501f233b0a1d0cc02
0.01354837417602539,matched_path_accumulation_v1,4096,pattern_rolling_k2v2_s16_r128,final,v1,hidden_cosine_loss,0.013551056385040283,232e3b08d10919ca24932ad0a0135e46119ecfd5,2.682209014892578e-06,aime24:p16:s0:seed16042,13d42346d3a27cdf52c682506b670e839c9c66befad1065501f233b0a1d0cc02
0.16249110572971404,matched_path_accumulation_v1,4096,pattern_rolling_k2v2_s16_r128,final,v1,hidden_relative_L2,0.16467104852199554,232e3b08d10919ca24932ad0a0135e46119ecfd5,0.0021799427922815084,aime24:p16:s0:seed16042,13d42346d3a27cdf52c682506b670e839c9c66befad1065501f233b0a1d0cc02
0.16249110572971404,matched_path_accumulation_v1,4096,pattern_rolling_k2v2_s16_r128,final,v1,attention_output_relative_L2,0.16467104852199554,232e3b08d10919ca24932ad0a0135e46119ecfd5,0.0021799427922815084,aime24:p16:s0:seed16042,13d42346d3a27cdf52c682506b670e839c9c66befad1065501f233b0a1d0cc02
0.00048774160786280163,matched_path_accumulation_v1,4096,pattern_rolling_k2v2_s16_r128,final,v1,next_token_KL,0.00048780336510390043,232e3b08d10919ca24932ad0a0135e46119ecfd5,6.17572410988032e-08,aime24:p16:s0:seed16042,13d42346d3a27cdf52c682506b670e839c9c66befad1065501f233b0a1d0cc02
0.00010768523497972637,matched_path_accumulation_v1,4096,pattern_rolling_k2v2_s16_r128,final,v1,next_token_JS,0.00010768523497972637,232e3b08d10919ca24932ad0a0135e46119ecfd5,0.0,aime24:p16:s0:seed16042,13d42346d3a27cdf52c682506b670e839c9c66befad1065501f233b0a1d0cc02
-0.0013386935461312532,matched_path_accumulation_v1,4096,pattern_rolling_k2v2_s16_r128,final,v1,target_token_NLL_delta,-0.0013423741329461336,232e3b08d10919ca24932ad0a0135e46119ecfd5,-3.680586814880371e-06,aime24:p16:s0:seed16042,13d42346d3a27cdf52c682506b670e839c9c66befad1065501f233b0a1d0cc02
0.0,matched_path_accumulation_v1,4096,pattern_rolling_k2v2_s16_r128,final,v1,top1_disagreement,0.0,232e3b08d10919ca24932ad0a0135e46119ecfd5,0.0,aime24:p16:s0:seed16042,13d42346d3a27cdf52c682506b670e839c9c66befad1065501f233b0a1d0cc02
1.759765625,matched_path_accumulation_v1,4096,pattern_rolling_k2v2_s16_r128,final,v1,logit_max_abs_diff,1.779296875,232e3b08d10919ca24932ad0a0135e46119ecfd5,0.01953125,aime24:p16:s0:seed16042,13d42346d3a27cdf52c682506b670e839c9c66befad1065501f233b0a1d0cc02
-2.384185791015625e-07,matched_path_accumulation_v1,128,pattern_rolling_k2v2_s16_r128,final,v1,hidden_cosine_loss,2.0265579223632812e-06,232e3b08d10919ca24932ad0a0135e46119ecfd5,2.2649765014648438e-06,aime24:p11:s0:seed11042,489c942f86b4d5ae23c611c59e5f243cac4e99bd6697b73b14def62ea82f3970
-2.0387815311551094e-05,matched_path_accumulation_v1,128,pattern_rolling_k2v2_s16_r128,final,v1,hidden_relative_L2,0.0019997090566903353,232e3b08d10919ca24932ad0a0135e46119ecfd5,0.0020200968720018864,aime24:p11:s0:seed11042,489c942f86b4d5ae23c611c59e5f243cac4e99bd6697b73b14def62ea82f3970
-2.0387815311551094e-05,matched_path_accumulation_v1,128,pattern_rolling_k2v2_s16_r128,final,v1,attention_output_relative_L2,0.0019997090566903353,232e3b08d10919ca24932ad0a0135e46119ecfd5,0.0020200968720018864,aime24:p11:s0:seed11042,489c942f86b4d5ae23c611c59e5f243cac4e99bd6697b73b14def62ea82f3970
-3.303230187157169e-07,matched_path_accumulation_v1,128,pattern_rolling_k2v2_s16_r128,final,v1,next_token_KL,1.751703348418232e-05,232e3b08d10919ca24932ad0a0135e46119ecfd5,1.7847356502898037e-05,aime24:p11:s0:seed11042,489c942f86b4d5ae23c611c59e5f243cac4e99bd6697b73b14def62ea82f3970
3.136028681183234e-08,matched_path_accumulation_v1,128,pattern_rolling_k2v2_s16_r128,final,v1,next_token_JS,4.441708369995467e-06,232e3b08d10919ca24932ad0a0135e46119ecfd5,4.410348083183635e-06,aime24:p11:s0:seed11042,489c942f86b4d5ae23c611c59e5f243cac4e99bd6697b73b14def62ea82f3970
0.00547356903553009,matched_path_accumulation_v1,128,pattern_rolling_k2v2_s16_r128,final,v1,target_token_NLL_delta,0.002737089991569519,232e3b08d10919ca24932ad0a0135e46119ecfd5,-0.0027364790439605713,aime24:p11:s0:seed11042,489c942f86b4d5ae23c611c59e5f243cac4e99bd6697b73b14def62ea82f3970
0.0,matched_path_accumulation_v1,128,pattern_rolling_k2v2_s16_r128,final,v1,top1_disagreement,0.0,232e3b08d10919ca24932ad0a0135e46119ecfd5,0.0,aime24:p11:s0:seed11042,489c942f86b4d5ae23c611c59e5f243cac4e99bd6697b73b14def62ea82f3970
0.005859375,matched_path_accumulation_v1,128,pattern_rolling_k2v2_s16_r128,final,v1,logit_max_abs_diff,0.0234375,232e3b08d10919ca24932ad0a0135e46119ecfd5,0.017578125,aime24:p11:s0:seed11042,489c942f86b4d5ae23c611c59e5f243cac4e99bd6697b73b14def62ea82f3970
0.008105099201202393,matched_path_accumulation_v1,512,pattern_rolling_k2v2_s16_r128,final,v1,hidden_cosine_loss,0.008107125759124756,232e3b08d10919ca24932ad0a0135e46119ecfd5,2.0265579223632812e-06,aime24:p11:s0:seed11042,489c942f86b4d5ae23c611c59e5f243cac4e99bd6697b73b14def62ea82f3970
0.12577853491529822,matched_path_accumulation_v1,512,pattern_rolling_k2v2_s16_r128,final,v1,hidden_relative_L2,0.12760895490646362,232e3b08d10919ca24932ad0a0135e46119ecfd5,0.0018304199911653996,aime24:p11:s0:seed11042,489c942f86b4d5ae23c611c59e5f243cac4e99bd6697b73b14def62ea82f3970
0.12577853491529822,matched_path_accumulation_v1,512,pattern_rolling_k2v2_s16_r128,final,v1,attention_output_relative_L2,0.12760895490646362,232e3b08d10919ca24932ad0a0135e46119ecfd5,0.0018304199911653996,aime24:p11:s0:seed11042,489c942f86b4d5ae23c611c59e5f243cac4e99bd6697b73b14def62ea82f3970
0.01101545120764058,matched_path_accumulation_v1,512,pattern_rolling_k2v2_s16_r128,final,v1,next_token_KL,0.011035026051104069,232e3b08d10919ca24932ad0a0135e46119ecfd5,1.9574843463487923e-05,aime24:p11:s0:seed11042,489c942f86b4d5ae23c611c59e5f243cac4e99bd6697b73b14def62ea82f3970
0.0028119854723627213,matched_path_accumulation_v1,512,pattern_rolling_k2v2_s16_r128,final,v1,next_token_JS,0.0028168978169560432,232e3b08d10919ca24932ad0a0135e46119ecfd5,4.9123445933219045e-06,aime24:p11:s0:seed11042,489c942f86b4d5ae23c611c59e5f243cac4e99bd6697b73b14def62ea82f3970
0.11417880654335022,matched_path_accumulation_v1,512,pattern_rolling_k2v2_s16_r128,final,v1,target_token_NLL_delta,0.11732333898544312,232e3b08d10919ca24932ad0a0135e46119ecfd5,0.0031445324420928955,aime24:p11:s0:seed11042,489c942f86b4d5ae23c611c59e5f243cac4e99bd6697b73b14def62ea82f3970
0.0,matched_path_accumulation_v1,512,pattern_rolling_k2v2_s16_r128,final,v1,top1_disagreement,0.0,232e3b08d10919ca24932ad0a0135e46119ecfd5,0.0,aime24:p11:s0:seed11042,489c942f86b4d5ae23c611c59e5f243cac4e99bd6697b73b14def62ea82f3970
1.46875,matched_path_accumulation_v1,512,pattern_rolling_k2v2_s16_r128,final,v1,logit_max_abs_diff,1.48828125,232e3b08d10919ca24932ad0a0135e46119ecfd5,0.01953125,aime24:p11:s0:seed11042,489c942f86b4d5ae23c611c59e5f243cac4e99bd6697b73b14def62ea82f3970
0.0025039315223693848,matched_path_accumulation_v1,1024,pattern_rolling_k2v2_s16_r128,final,v1,hidden_cosine_loss,0.0025060176849365234,232e3b08d10919ca24932ad0a0135e46119ecfd5,2.086162567138672e-06,aime24:p11:s0:seed11042,489c942f86b4d5ae23c611c59e5f243cac4e99bd6697b73b14def62ea82f3970
0.06888454093132168,matched_path_accumulation_v1,1024,pattern_rolling_k2v2_s16_r128,final,v1,hidden_relative_L2,0.07075002789497375,232e3b08d10919ca24932ad0a0135e46119ecfd5,0.0018654869636520743,aime24:p11:s0:seed11042,489c942f86b4d5ae23c611c59e5f243cac4e99bd6697b73b14def62ea82f3970
0.06888454093132168,matched_path_accumulation_v1,1024,pattern_rolling_k2v2_s16_r128,final,v1,attention_output_relative_L2,0.07075002789497375,232e3b08d10919ca24932ad0a0135e46119ecfd5,0.0018654869636520743,aime24:p11:s0:seed11042,489c942f86b4d5ae23c611c59e5f243cac4e99bd6697b73b14def62ea82f3970
2.74379435722949e-05,matched_path_accumulation_v1,1024,pattern_rolling_k2v2_s16_r128,final,v1,next_token_KL,2.74379435722949e-05,232e3b08d10919ca24932ad0a0135e46119ecfd5,0.0,aime24:p11:s0:seed11042,489c942f86b4d5ae23c611c59e5f243cac4e99bd6697b73b14def62ea82f3970
7.218423414556696e-06,matched_path_accumulation_v1,1024,pattern_rolling_k2v2_s16_r128,final,v1,next_token_JS,7.225480658235028e-06,232e3b08d10919ca24932ad0a0135e46119ecfd5,7.05724367833227e-09,aime24:p11:s0:seed11042,489c942f86b4d5ae23c611c59e5f243cac4e99bd6697b73b14def62ea82f3970
0.00019239820539951324,matched_path_accumulation_v1,1024,pattern_rolling_k2v2_s16_r128,final,v1,target_token_NLL_delta,0.00019227905431762338,232e3b08d10919ca24932ad0a0135e46119ecfd5,-1.1915108188986778e-07,aime24:p11:s0:seed11042,489c942f86b4d5ae23c611c59e5f243cac4e99bd6697b73b14def62ea82f3970
0.0,matched_path_accumulation_v1,1024,pattern_rolling_k2v2_s16_r128,final,v1,top1_disagreement,0.0,232e3b08d10919ca24932ad0a0135e46119ecfd5,0.0,aime24:p11:s0:seed11042,489c942f86b4d5ae23c611c59e5f243cac4e99bd6697b73b14def62ea82f3970
0.640625,matched_path_accumulation_v1,1024,pattern_rolling_k2v2_s16_r128,final,v1,logit_max_abs_diff,0.65625,232e3b08d10919ca24932ad0a0135e46119ecfd5,0.015625,aime24:p11:s0:seed11042,489c942f86b4d5ae23c611c59e5f243cac4e99bd6697b73b14def62ea82f3970
0.022492408752441406,matched_path_accumulation_v1,2048,pattern_rolling_k2v2_s16_r128,final,v1,hidden_cosine_loss,0.022494792938232422,232e3b08d10919ca24932ad0a0135e46119ecfd5,2.384185791015625e-06,aime24:p11:s0:seed11042,489c942f86b4d5ae23c611c59e5f243cac4e99bd6697b73b14def62ea82f3970
0.21949082775972784,matched_path_accumulation_v1,2048,pattern_rolling_k2v2_s16_r128,final,v1,hidden_relative_L2,0.22155791521072388,232e3b08d10919ca24932ad0a0135e46119ecfd5,0.0020670874509960413,aime24:p11:s0:seed11042,489c942f86b4d5ae23c611c59e5f243cac4e99bd6697b73b14def62ea82f3970
0.21949082775972784,matched_path_accumulation_v1,2048,pattern_rolling_k2v2_s16_r128,final,v1,attention_output_relative_L2,0.22155791521072388,232e3b08d10919ca24932ad0a0135e46119ecfd5,0.0020670874509960413,aime24:p11:s0:seed11042,489c942f86b4d5ae23c611c59e5f243cac4e99bd6697b73b14def62ea82f3970
0.0015952467219904065,matched_path_accumulation_v1,2048,pattern_rolling_k2v2_s16_r128,final,v1,next_token_KL,0.0015952467219904065,232e3b08d10919ca24932ad0a0135e46119ecfd5,0.0,aime24:p11:s0:seed11042,489c942f86b4d5ae23c611c59e5f243cac4e99bd6697b73b14def62ea82f3970
0.00042703573126345873,matched_path_accumulation_v1,2048,pattern_rolling_k2v2_s16_r128,final,v1,next_token_JS,0.00042703573126345873,232e3b08d10919ca24932ad0a0135e46119ecfd5,0.0,aime24:p11:s0:seed11042,489c942f86b4d5ae23c611c59e5f243cac4e99bd6697b73b14def62ea82f3970
-0.009311467409133911,matched_path_accumulation_v1,2048,pattern_rolling_k2v2_s16_r128,final,v1,target_token_NLL_delta,-0.009311363101005554,232e3b08d10919ca24932ad0a0135e46119ecfd5,1.043081283569336e-07,aime24:p11:s0:seed11042,489c942f86b4d5ae23c611c59e5f243cac4e99bd6697b73b14def62ea82f3970
0.0,matched_path_accumulation_v1,2048,pattern_rolling_k2v2_s16_r128,final,v1,top1_disagreement,0.0,232e3b08d10919ca24932ad0a0135e46119ecfd5,0.0,aime24:p11:s0:seed11042,489c942f86b4d5ae23c611c59e5f243cac4e99bd6697b73b14def62ea82f3970
2.2265625,matched_path_accumulation_v1,2048,pattern_rolling_k2v2_s16_r128,final,v1,logit_max_abs_diff,2.25,232e3b08d10919ca24932ad0a0135e46119ecfd5,0.0234375,aime24:p11:s0:seed11042,489c942f86b4d5ae23c611c59e5f243cac4e99bd6697b73b14def62ea82f3970
0.010856688022613525,matched_path_accumulation_v1,4096,pattern_rolling_k2v2_s16_r128,final,v1,hidden_cosine_loss,0.010859191417694092,232e3b08d10919ca24932ad0a0135e46119ecfd5,2.5033950805664062e-06,aime24:p11:s0:seed11042,489c942f86b4d5ae23c611c59e5f243cac4e99bd6697b73b14def62ea82f3970
0.14653679076582193,matched_path_accumulation_v1,4096,pattern_rolling_k2v2_s16_r128,final,v1,hidden_relative_L2,0.1486629843711853,232e3b08d10919ca24932ad0a0135e46119ecfd5,0.002126193605363369,aime24:p11:s0:seed11042,489c942f86b4d5ae23c611c59e5f243cac4e99bd6697b73b14def62ea82f3970
0.14653679076582193,matched_path_accumulation_v1,4096,pattern_rolling_k2v2_s16_r128,final,v1,attention_output_relative_L2,0.1486629843711853,232e3b08d10919ca24932ad0a0135e46119ecfd5,0.002126193605363369,aime24:p11:s0:seed11042,489c942f86b4d5ae23c611c59e5f243cac4e99bd6697b73b14def62ea82f3970
0.05231221841495426,matched_path_accumulation_v1,4096,pattern_rolling_k2v2_s16_r128,final,v1,next_token_KL,0.052326563745737076,232e3b08d10919ca24932ad0a0135e46119ecfd5,1.4345330782816745e-05,aime24:p11:s0:seed11042,489c942f86b4d5ae23c611c59e5f243cac4e99bd6697b73b14def62ea82f3970
0.013571109477652499,matched_path_accumulation_v1,4096,pattern_rolling_k2v2_s16_r128,final,v1,next_token_JS,0.01357468031346798,232e3b08d10919ca24932ad0a0135e46119ecfd5,3.5708358154806774e-06,aime24:p11:s0:seed11042,489c942f86b4d5ae23c611c59e5f243cac4e99bd6697b73b14def62ea82f3970
0.20311394333839417,matched_path_accumulation_v1,4096,pattern_rolling_k2v2_s16_r128,final,v1,target_token_NLL_delta,0.20102781057357788,232e3b08d10919ca24932ad0a0135e46119ecfd5,-0.002086132764816284,aime24:p11:s0:seed11042,489c942f86b4d5ae23c611c59e5f243cac4e99bd6697b73b14def62ea82f3970
0.0,matched_path_accumulation_v1,4096,pattern_rolling_k2v2_s16_r128,final,v1,top1_disagreement,0.0,232e3b08d10919ca24932ad0a0135e46119ecfd5,0.0,aime24:p11:s0:seed11042,489c942f86b4d5ae23c611c59e5f243cac4e99bd6697b73b14def62ea82f3970
1.640625,matched_path_accumulation_v1,4096,pattern_rolling_k2v2_s16_r128,final,v1,logit_max_abs_diff,1.6640625,232e3b08d10919ca24932ad0a0135e46119ecfd5,0.0234375,aime24:p11:s0:seed11042,489c942f86b4d5ae23c611c59e5f243cac4e99bd6697b73b14def62ea82f3970
-4.172325134277344e-07,matched_path_accumulation_v1,128,pattern_rolling_k2v2_s16_r128,final,v1,hidden_cosine_loss,1.6689300537109375e-06,232e3b08d10919ca24932ad0a0135e46119ecfd5,2.086162567138672e-06,aime24:p12:s1:seed12043,ca87cac4db8eb8d9ae8695bf4f4fad1775a3bf9b28fe340c3d7c22f6212eb615
-0.00019892503041774035,matched_path_accumulation_v1,128,pattern_rolling_k2v2_s16_r128,final,v1,hidden_relative_L2,0.0016736938850954175,232e3b08d10919ca24932ad0a0135e46119ecfd5,0.0018726189155131578,aime24:p12:s1:seed12043,ca87cac4db8eb8d9ae8695bf4f4fad1775a3bf9b28fe340c3d7c22f6212eb615
-0.00019892503041774035,matched_path_accumulation_v1,128,pattern_rolling_k2v2_s16_r128,final,v1,attention_output_relative_L2,0.0016736938850954175,232e3b08d10919ca24932ad0a0135e46119ecfd5,0.0018726189155131578,aime24:p12:s1:seed12043,ca87cac4db8eb8d9ae8695bf4f4fad1775a3bf9b28fe340c3d7c22f6212eb615
3.496820318105165e-05,matched_path_accumulation_v1,128,pattern_rolling_k2v2_s16_r128,final,v1,next_token_KL,6.504364137072116e-05,232e3b08d10919ca24932ad0a0135e46119ecfd5,3.0075438189669512e-05,aime24:p12:s1:seed12043,ca87cac4db8eb8d9ae8695bf4f4fad1775a3bf9b28fe340c3d7c22f6212eb615
8.674142009112984e-06,matched_path_accumulation_v1,128,pattern_rolling_k2v2_s16_r128,final,v1,next_token_JS,1.6228139429586008e-05,232e3b08d10919ca24932ad0a0135e46119ecfd5,7.553997420473024e-06,aime24:p12:s1:seed12043,ca87cac4db8eb8d9ae8695bf4f4fad1775a3bf9b28fe340c3d7c22f6212eb615
0.007737874984741211,matched_path_accumulation_v1,128,pattern_rolling_k2v2_s16_r128,final,v1,target_token_NLL_delta,0.01647627353668213,232e3b08d10919ca24932ad0a0135e46119ecfd5,0.008738398551940918,aime24:p12:s1:seed12043,ca87cac4db8eb8d9ae8695bf4f4fad1775a3bf9b28fe340c3d7c22f6212eb615
0.0,matched_path_accumulation_v1,128,pattern_rolling_k2v2_s16_r128,final,v1,top1_disagreement,0.0,232e3b08d10919ca24932ad0a0135e46119ecfd5,0.0,aime24:p12:s1:seed12043,ca87cac4db8eb8d9ae8695bf4f4fad1775a3bf9b28fe340c3d7c22f6212eb615
-0.015625,matched_path_accumulation_v1,128,pattern_rolling_k2v2_s16_r128,final,v1,logit_max_abs_diff,0.015625,232e3b08d10919ca24932ad0a0135e46119ecfd5,0.03125,aime24:p12:s1:seed12043,ca87cac4db8eb8d9ae8695bf4f4fad1775a3bf9b28fe340c3d7c22f6212eb615
0.008803784847259521,matched_path_accumulation_v1,512,pattern_rolling_k2v2_s16_r128,final,v1,hidden_cosine_loss,0.008807778358459473,232e3b08d10919ca24932ad0a0135e46119ecfd5,3.993511199951172e-06,aime24:p12:s1:seed12043,ca87cac4db8eb8d9ae8695bf4f4fad1775a3bf9b28fe340c3d7c22f6212eb615
0.13006805581972003,matched_path_accumulation_v1,512,pattern_rolling_k2v2_s16_r128,final,v1,hidden_relative_L2,0.13283364474773407,232e3b08d10919ca24932ad0a0135e46119ecfd5,0.00276558892801404,aime24:p12:s1:seed12043,ca87cac4db8eb8d9ae8695bf4f4fad1775a3bf9b28fe340c3d7c22f6212eb615
0.13006805581972003,matched_path_accumulation_v1,512,pattern_rolling_k2v2_s16_r128,final,v1,attention_output_relative_L2,0.13283364474773407,232e3b08d10919ca24932ad0a0135e46119ecfd5,0.00276558892801404,aime24:p12:s1:seed12043,ca87cac4db8eb8d9ae8695bf4f4fad1775a3bf9b28fe340c3d7c22f6212eb615
0.006731100744673313,matched_path_accumulation_v1,512,pattern_rolling_k2v2_s16_r128,final,v1,next_token_KL,0.006734407506883144,232e3b08d10919ca24932ad0a0135e46119ecfd5,3.306762209831504e-06,aime24:p12:s1:seed12043,ca87cac4db8eb8d9ae8695bf4f4fad1775a3bf9b28fe340c3d7c22f6212eb615
0.0016250656162242194,matched_path_accumulation_v1,512,pattern_rolling_k2v2_s16_r128,final,v1,next_token_JS,0.001625885022804141,232e3b08d10919ca24932ad0a0135e46119ecfd5,8.194065799216332e-07,aime24:p12:s1:seed12043,ca87cac4db8eb8d9ae8695bf4f4fad1775a3bf9b28fe340c3d7c22f6212eb615
-0.057595521211624146,matched_path_accumulation_v1,512,pattern_rolling_k2v2_s16_r128,final,v1,target_token_NLL_delta,-0.0580173134803772,232e3b08d10919ca24932ad0a0135e46119ecfd5,-0.00042179226875305176,aime24:p12:s1:seed12043,ca87cac4db8eb8d9ae8695bf4f4fad1775a3bf9b28fe340c3d7c22f6212eb615
0.0,matched_path_accumulation_v1,512,pattern_rolling_k2v2_s16_r128,final,v1,top1_disagreement,0.0,232e3b08d10919ca24932ad0a0135e46119ecfd5,0.0,aime24:p12:s1:seed12043,ca87cac4db8eb8d9ae8695bf4f4fad1775a3bf9b28fe340c3d7c22f6212eb615
1.9140625,matched_path_accumulation_v1,512,pattern_rolling_k2v2_s16_r128,final,v1,logit_max_abs_diff,1.9375,232e3b08d10919ca24932ad0a0135e46119ecfd5,0.0234375,aime24:p12:s1:seed12043,ca87cac4db8eb8d9ae8695bf4f4fad1775a3bf9b28fe340c3d7c22f6212eb615
0.0032561421394348145,matched_path_accumulation_v1,1024,pattern_rolling_k2v2_s16_r128,final,v1,hidden_cosine_loss,0.0032576918601989746,232e3b08d10919ca24932ad0a0135e46119ecfd5,1.5497207641601562e-06,aime24:p12:s1:seed12043,ca87cac4db8eb8d9ae8695bf4f4fad1775a3bf9b28fe340c3d7c22f6212eb615
0.07921005901880562,matched_path_accumulation_v1,1024,pattern_rolling_k2v2_s16_r128,final,v1,hidden_relative_L2,0.08067144453525543,232e3b08d10919ca24932ad0a0135e46119ecfd5,0.001461385516449809,aime24:p12:s1:seed12043,ca87cac4db8eb8d9ae8695bf4f4fad1775a3bf9b28fe340c3d7c22f6212eb615
0.07921005901880562,matched_path_accumulation_v1,1024,pattern_rolling_k2v2_s16_r128,final,v1,attention_output_relative_L2,0.08067144453525543,232e3b08d10919ca24932ad0a0135e46119ecfd5,0.001461385516449809,aime24:p12:s1:seed12043,ca87cac4db8eb8d9ae8695bf4f4fad1775a3bf9b28fe340c3d7c22f6212eb615
0.006053960242297762,matched_path_accumulation_v1,1024,pattern_rolling_k2v2_s16_r128,final,v1,next_token_KL,0.006060886662453413,232e3b08d10919ca24932ad0a0135e46119ecfd5,6.926420155650703e-06,aime24:p12:s1:seed12043,ca87cac4db8eb8d9ae8695bf4f4fad1775a3bf9b28fe340c3d7c22f6212eb615
0.0016107157568967523,matched_path_accumulation_v1,1024,pattern_rolling_k2v2_s16_r128,final,v1,next_token_JS,0.0016124502290040255,232e3b08d10919ca24932ad0a0135e46119ecfd5,1.7344721072731772e-06,aime24:p12:s1:seed12043,ca87cac4db8eb8d9ae8695bf4f4fad1775a3bf9b28fe340c3d7c22f6212eb615
0.029391497373580933,matched_path_accumulation_v1,1024,pattern_rolling_k2v2_s16_r128,final,v1,target_token_NLL_delta,0.03026973456144333,232e3b08d10919ca24932ad0a0135e46119ecfd5,0.0008782371878623962,aime24:p12:s1:seed12043,ca87cac4db8eb8d9ae8695bf4f4fad1775a3bf9b28fe340c3d7c22f6212eb615
0.0,matched_path_accumulation_v1,1024,pattern_rolling_k2v2_s16_r128,final,v1,top1_disagreement,0.0,232e3b08d10919ca24932ad0a0135e46119ecfd5,0.0,aime24:p12:s1:seed12043,ca87cac4db8eb8d9ae8695bf4f4fad1775a3bf9b28fe340c3d7c22f6212eb615
0.73828125,matched_path_accumulation_v1,1024,pattern_rolling_k2v2_s16_r128,final,v1,logit_max_abs_diff,0.75390625,232e3b08d10919ca24932ad0a0135e46119ecfd5,0.015625,aime24:p12:s1:seed12043,ca87cac4db8eb8d9ae8695bf4f4fad1775a3bf9b28fe340c3d7c22f6212eb615
0.0035359859466552734,matched_path_accumulation_v1,2048,pattern_rolling_k2v2_s16_r128,final,v1,hidden_cosine_loss,0.0035369396209716797,232e3b08d10919ca24932ad0a0135e46119ecfd5,9.5367431640625e-07,aime24:p12:s1:seed12043,ca87cac4db8eb8d9ae8695bf4f4fad1775a3bf9b28fe340c3d7c22f6212eb615
0.08340752613730729,matched_path_accumulation_v1,2048,pattern_rolling_k2v2_s16_r128,final,v1,hidden_relative_L2,0.08465073257684708,232e3b08d10919ca24932ad0a0135e46119ecfd5,0.0012432064395397902,aime24:p12:s1:seed12043,ca87cac4db8eb8d9ae8695bf4f4fad1775a3bf9b28fe340c3d7c22f6212eb615
0.08340752613730729,matched_path_accumulation_v1,2048,pattern_rolling_k2v2_s16_r128,final,v1,attention_output_relative_L2,0.08465073257684708,232e3b08d10919ca24932ad0a0135e46119ecfd5,0.0012432064395397902,aime24:p12:s1:seed12043,ca87cac4db8eb8d9ae8695bf4f4fad1775a3bf9b28fe340c3d7c22f6212eb615
0.0037706118677647282,matched_path_accumulation_v1,2048,pattern_rolling_k2v2_s16_r128,final,v1,next_token_KL,0.003771326970309019,232e3b08d10919ca24932ad0a0135e46119ecfd5,7.151025442908576e-07,aime24:p12:s1:seed12043,ca87cac4db8eb8d9ae8695bf4f4fad1775a3bf9b28fe340c3d7c22f6212eb615
0.0009358015184162127,matched_path_accumulation_v1,2048,pattern_rolling_k2v2_s16_r128,final,v1,next_token_JS,0.0009359057294204831,232e3b08d10919ca24932ad0a0135e46119ecfd5,1.0421100427038255e-07,aime24:p12:s1:seed12043,ca87cac4db8eb8d9ae8695bf4f4fad1775a3bf9b28fe340c3d7c22f6212eb615
-0.06760942935943604,matched_path_accumulation_v1,2048,pattern_rolling_k2v2_s16_r128,final,v1,target_token_NLL_delta,-0.06754899024963379,232e3b08d10919ca24932ad0a0135e46119ecfd5,6.0439109802246094e-05,aime24:p12:s1:seed12043,ca87cac4db8eb8d9ae8695bf4f4fad1775a3bf9b28fe340c3d7c22f6212eb615
0.0,matched_path_accumulation_v1,2048,pattern_rolling_k2v2_s16_r128,final,v1,top1_disagreement,0.0,232e3b08d10919ca24932ad0a0135e46119ecfd5,0.0,aime24:p12:s1:seed12043,ca87cac4db8eb8d9ae8695bf4f4fad1775a3bf9b28fe340c3d7c22f6212eb615
1.15234375,matched_path_accumulation_v1,2048,pattern_rolling_k2v2_s16_r128,final,v1,logit_max_abs_diff,1.16796875,232e3b08d10919ca24932ad0a0135e46119ecfd5,0.015625,aime24:p12:s1:seed12043,ca87cac4db8eb8d9ae8695bf4f4fad1775a3bf9b28fe340c3d7c22f6212eb615
0.013469696044921875,matched_path_accumulation_v1,4096,pattern_rolling_k2v2_s16_r128,final,v1,hidden_cosine_loss,0.013471484184265137,232e3b08d10919ca24932ad0a0135e46119ecfd5,1.7881393432617188e-06,aime24:p12:s1:seed12043,ca87cac4db8eb8d9ae8695bf4f4fad1775a3bf9b28fe340c3d7c22f6212eb615
0.16334998852107674,matched_path_accumulation_v1,4096,pattern_rolling_k2v2_s16_r128,final,v1,hidden_relative_L2,0.16515657305717468,232e3b08d10919ca24932ad0a0135e46119ecfd5,0.0018065845360979438,aime24:p12:s1:seed12043,ca87cac4db8eb8d9ae8695bf4f4fad1775a3bf9b28fe340c3d7c22f6212eb615
0.16334998852107674,matched_path_accumulation_v1,4096,pattern_rolling_k2v2_s16_r128,final,v1,attention_output_relative_L2,0.16515657305717468,232e3b08d10919ca24932ad0a0135e46119ecfd5,0.0018065845360979438,aime24:p12:s1:seed12043,ca87cac4db8eb8d9ae8695bf4f4fad1775a3bf9b28fe340c3d7c22f6212eb615
0.04395147782230424,matched_path_accumulation_v1,4096,pattern_rolling_k2v2_s16_r128,final,v1,next_token_KL,0.04395236447453499,232e3b08d10919ca24932ad0a0135e46119ecfd5,8.866522307471314e-07,aime24:p12:s1:seed12043,ca87cac4db8eb8d9ae8695bf4f4fad1775a3bf9b28fe340c3d7c22f6212eb615
0.011103642208269093,matched_path_accumulation_v1,4096,pattern_rolling_k2v2_s16_r128,final,v1,next_token_JS,0.011103896424174309,232e3b08d10919ca24932ad0a0135e46119ecfd5,2.542159052154602e-07,aime24:p12:s1:seed12043,ca87cac4db8eb8d9ae8695bf4f4fad1775a3bf9b28fe340c3d7c22f6212eb615
-0.02396818995475769,matched_path_accumulation_v1,4096,pattern_rolling_k2v2_s16_r128,final,v1,target_token_NLL_delta,-0.02391842007637024,232e3b08d10919ca24932ad0a0135e46119ecfd5,4.976987838745117e-05,aime24:p12:s1:seed12043,ca87cac4db8eb8d9ae8695bf4f4fad1775a3bf9b28fe340c3d7c22f6212eb615
0.0,matched_path_accumulation_v1,4096,pattern_rolling_k2v2_s16_r128,final,v1,top1_disagreement,0.0,232e3b08d10919ca24932ad0a0135e46119ecfd5,0.0,aime24:p12:s1:seed12043,ca87cac4db8eb8d9ae8695bf4f4fad1775a3bf9b28fe340c3d7c22f6212eb615
1.81878662109375,matched_path_accumulation_v1,4096,pattern_rolling_k2v2_s16_r128,final,v1,logit_max_abs_diff,1.83734130859375,232e3b08d10919ca24932ad0a0135e46119ecfd5,0.0185546875,aime24:p12:s1:seed12043,ca87cac4db8eb8d9ae8695bf4f4fad1775a3bf9b28fe340c3d7c22f6212eb615
-5.960464477539063e-08,matched_path_accumulation_v1,128,pattern_rolling_k2v2_s16_r128,final,v1,hidden_cosine_loss,2.205371856689453e-06,232e3b08d10919ca24932ad0a0135e46119ecfd5,2.2649765014648438e-06,aime24:p6:s0:seed6042,3aaa4d1b0009ba297434f6ce9cc3b021533afdacc47013de66093911d7d70ffe
-5.3735217079520226e-05,matched_path_accumulation_v1,128,pattern_rolling_k2v2_s16_r128,final,v1,hidden_relative_L2,0.0020179986022412777,232e3b08d10919ca24932ad0a0135e46119ecfd5,0.002071733819320798,aime24:p6:s0:seed6042,3aaa4d1b0009ba297434f6ce9cc3b021533afdacc47013de66093911d7d70ffe
-5.3735217079520226e-05,matched_path_accumulation_v1,128,pattern_rolling_k2v2_s16_r128,final,v1,attention_output_relative_L2,0.0020179986022412777,232e3b08d10919ca24932ad0a0135e46119ecfd5,0.002071733819320798,aime24:p6:s0:seed6042,3aaa4d1b0009ba297434f6ce9cc3b021533afdacc47013de66093911d7d70ffe
-2.944085522926798e-05,matched_path_accumulation_v1,128,pattern_rolling_k2v2_s16_r128,final,v1,next_token_KL,4.446204400210263e-07,232e3b08d10919ca24932ad0a0135e46119ecfd5,2.9885475669289008e-05,aime24:p6:s0:seed6042,3aaa4d1b0009ba297434f6ce9cc3b021533afdacc47013de66093911d7d70ffe
-7.459044610413912e-06,matched_path_accumulation_v1,128,pattern_rolling_k2v2_s16_r128,final,v1,next_token_JS,1.0041705422736413e-07,232e3b08d10919ca24932ad0a0135e46119ecfd5,7.559461664641276e-06,aime24:p6:s0:seed6042,3aaa4d1b0009ba297434f6ce9cc3b021533afdacc47013de66093911d7d70ffe
-0.00684046745300293,matched_path_accumulation_v1,128,pattern_rolling_k2v2_s16_r128,final,v1,target_token_NLL_delta,-5.2988529205322266e-05,232e3b08d10919ca24932ad0a0135e46119ecfd5,0.006787478923797607,aime24:p6:s0:seed6042,3aaa4d1b0009ba297434f6ce9cc3b021533afdacc47013de66093911d7d70ffe
0.0,matched_path_accumulation_v1,128,pattern_rolling_k2v2_s16_r128,final,v1,top1_disagreement,0.0,232e3b08d10919ca24932ad0a0135e46119ecfd5,0.0,aime24:p6:s0:seed6042,3aaa4d1b0009ba297434f6ce9cc3b021533afdacc47013de66093911d7d70ffe
0.0029296875,matched_path_accumulation_v1,128,pattern_rolling_k2v2_s16_r128,final,v1,logit_max_abs_diff,0.0234375,232e3b08d10919ca24932ad0a0135e46119ecfd5,0.0205078125,aime24:p6:s0:seed6042,3aaa4d1b0009ba297434f6ce9cc3b021533afdacc47013de66093911d7d70ffe
0.0151137113571167,matched_path_accumulation_v1,512,pattern_rolling_k2v2_s16_r128,final,v1,hidden_cosine_loss,0.015117466449737549,232e3b08d10919ca24932ad0a0135e46119ecfd5,3.7550926208496094e-06,aime24:p6:s0:seed6042,3aaa4d1b0009ba297434f6ce9cc3b021533afdacc47013de66093911d7d70ffe
0.17363111139275134,matched_path_accumulation_v1,512,pattern_rolling_k2v2_s16_r128,final,v1,hidden_relative_L2,0.17622746527194977,232e3b08d10919ca24932ad0a0135e46119ecfd5,0.002596353879198432,aime24:p6:s0:seed6042,3aaa4d1b0009ba297434f6ce9cc3b021533afdacc47013de66093911d7d70ffe
0.17363111139275134,matched_path_accumulation_v1,512,pattern_rolling_k2v2_s16_r128,final,v1,attention_output_relative_L2,0.17622746527194977,232e3b08d10919ca24932ad0a0135e46119ecfd5,0.002596353879198432,aime24:p6:s0:seed6042,3aaa4d1b0009ba297434f6ce9cc3b021533afdacc47013de66093911d7d70ffe
3.419042560182106e-07,matched_path_accumulation_v1,512,pattern_rolling_k2v2_s16_r128,final,v1,next_token_KL,3.657914362520387e-07,232e3b08d10919ca24932ad0a0135e46119ecfd5,2.3887180233828076e-08,aime24:p6:s0:seed6042,3aaa4d1b0009ba297434f6ce9cc3b021533afdacc47013de66093911d7d70ffe
4.269050180027989e-08,matched_path_accumulation_v1,512,pattern_rolling_k2v2_s16_r128,final,v1,next_token_JS,4.269050180027989e-08,232e3b08d10919ca24932ad0a0135e46119ecfd5,0.0,aime24:p6:s0:seed6042,3aaa4d1b0009ba297434f6ce9cc3b021533afdacc47013de66093911d7d70ffe
-2.8604554245248437e-06,matched_path_accumulation_v1,512,pattern_rolling_k2v2_s16_r128,final,v1,target_token_NLL_delta,-2.8604554245248437e-06,232e3b08d10919ca24932ad0a0135e46119ecfd5,0.0,aime24:p6:s0:seed6042,3aaa4d1b0009ba297434f6ce9cc3b021533afdacc47013de66093911d7d70ffe
0.0,matched_path_accumulation_v1,512,pattern_rolling_k2v2_s16_r128,final,v1,top1_disagreement,0.0,232e3b08d10919ca24932ad0a0135e46119ecfd5,0.0,aime24:p6:s0:seed6042,3aaa4d1b0009ba297434f6ce9cc3b021533afdacc47013de66093911d7d70ffe
1.505859375,matched_path_accumulation_v1,512,pattern_rolling_k2v2_s16_r128,final,v1,logit_max_abs_diff,1.525390625,232e3b08d10919ca24932ad0a0135e46119ecfd5,0.01953125,aime24:p6:s0:seed6042,3aaa4d1b0009ba297434f6ce9cc3b021533afdacc47013de66093911d7d70ffe
0.0010833144187927246,matched_path_accumulation_v1,1024,pattern_rolling_k2v2_s16_r128,final,v1,hidden_cosine_loss,0.0010854601860046387,232e3b08d10919ca24932ad0a0135e46119ecfd5,2.1457672119140625e-06,aime24:p6:s0:seed6042,3aaa4d1b0009ba297434f6ce9cc3b021533afdacc47013de66093911d7d70ffe
0.04471021960489452,matched_path_accumulation_v1,1024,pattern_rolling_k2v2_s16_r128,final,v1,hidden_relative_L2,0.0466020442545414,232e3b08d10919ca24932ad0a0135e46119ecfd5,0.0018918246496468782,aime24:p6:s0:seed6042,3aaa4d1b0009ba297434f6ce9cc3b021533afdacc47013de66093911d7d70ffe
0.04471021960489452,matched_path_accumulation_v1,1024,pattern_rolling_k2v2_s16_r128,final,v1,attention_output_relative_L2,0.0466020442545414,232e3b08d10919ca24932ad0a0135e46119ecfd5,0.0018918246496468782,aime24:p6:s0:seed6042,3aaa4d1b0009ba297434f6ce9cc3b021533afdacc47013de66093911d7d70ffe
0.0014798944114744472,matched_path_accumulation_v1,1024,pattern_rolling_k2v2_s16_r128,final,v1,next_token_KL,0.001479925005696714,232e3b08d10919ca24932ad0a0135e46119ecfd5,3.0594222266699944e-08,aime24:p6:s0:seed6042,3aaa4d1b0009ba297434f6ce9cc3b021533afdacc47013de66093911d7d70ffe
0.0003839018388713811,matched_path_accumulation_v1,1024,pattern_rolling_k2v2_s16_r128,final,v1,next_token_JS,0.00038390912231989205,232e3b08d10919ca24932ad0a0135e46119ecfd5,7.283448510975177e-09,aime24:p6:s0:seed6042,3aaa4d1b0009ba297434f6ce9cc3b021533afdacc47013de66093911d7d70ffe
0.012797970324754715,matched_path_accumulation_v1,1024,pattern_rolling_k2v2_s16_r128,final,v1,target_token_NLL_delta,0.012794215232133865,232e3b08d10919ca24932ad0a0135e46119ecfd5,-3.7550926208496094e-06,aime24:p6:s0:seed6042,3aaa4d1b0009ba297434f6ce9cc3b021533afdacc47013de66093911d7d70ffe
0.0,matched_path_accumulation_v1,1024,pattern_rolling_k2v2_s16_r128,final,v1,top1_disagreement,0.0,232e3b08d10919ca24932ad0a0135e46119ecfd5,0.0,aime24:p6:s0:seed6042,3aaa4d1b0009ba297434f6ce9cc3b021533afdacc47013de66093911d7d70ffe
0.39892578125,matched_path_accumulation_v1,1024,pattern_rolling_k2v2_s16_r128,final,v1,logit_max_abs_diff,0.41845703125,232e3b08d10919ca24932ad0a0135e46119ecfd5,0.01953125,aime24:p6:s0:seed6042,3aaa4d1b0009ba297434f6ce9cc3b021533afdacc47013de66093911d7d70ffe
0.01253896951675415,matched_path_accumulation_v1,2048,pattern_rolling_k2v2_s16_r128,final,v1,hidden_cosine_loss,0.012541353702545166,232e3b08d10919ca24932ad0a0135e46119ecfd5,2.384185791015625e-06,aime24:p6:s0:seed6042,3aaa4d1b0009ba297434f6ce9cc3b021533afdacc47013de66093911d7d70ffe
0.15586702176369727,matched_path_accumulation_v1,2048,pattern_rolling_k2v2_s16_r128,final,v1,hidden_relative_L2,0.15791426599025726,232e3b08d10919ca24932ad0a0135e46119ecfd5,0.0020472442265599966,aime24:p6:s0:seed6042,3aaa4d1b0009ba297434f6ce9cc3b021533afdacc47013de66093911d7d70ffe
0.15586702176369727,matched_path_accumulation_v1,2048,pattern_rolling_k2v2_s16_r128,final,v1,attention_output_relative_L2,0.15791426599025726,232e3b08d10919ca24932ad0a0135e46119ecfd5,0.0020472442265599966,aime24:p6:s0:seed6042,3aaa4d1b0009ba297434f6ce9cc3b021533afdacc47013de66093911d7d70ffe
1.4394581683063734e-05,matched_path_accumulation_v1,2048,pattern_rolling_k2v2_s16_r128,final,v1,next_token_KL,1.4583116353605874e-05,232e3b08d10919ca24932ad0a0135e46119ecfd5,1.885346705421398e-07,aime24:p6:s0:seed6042,3aaa4d1b0009ba297434f6ce9cc3b021533afdacc47013de66093911d7d70ffe
4.143452130733749e-06,matched_path_accumulation_v1,2048,pattern_rolling_k2v2_s16_r128,final,v1,next_token_JS,4.211460691294633e-06,232e3b08d10919ca24932ad0a0135e46119ecfd5,6.800856056088378e-08,aime24:p6:s0:seed6042,3aaa4d1b0009ba297434f6ce9cc3b021533afdacc47013de66093911d7d70ffe
0.00011261994950473309,matched_path_accumulation_v1,2048,pattern_rolling_k2v2_s16_r128,final,v1,target_token_NLL_delta,9.261886589229107e-05,232e3b08d10919ca24932ad0a0135e46119ecfd5,-2.0001083612442017e-05,aime24:p6:s0:seed6042,3aaa4d1b0009ba297434f6ce9cc3b021533afdacc47013de66093911d7d70ffe
0.0,matched_path_accumulation_v1,2048,pattern_rolling_k2v2_s16_r128,final,v1,top1_disagreement,0.0,232e3b08d10919ca24932ad0a0135e46119ecfd5,0.0,aime24:p6:s0:seed6042,3aaa4d1b0009ba297434f6ce9cc3b021533afdacc47013de66093911d7d70ffe
1.375,matched_path_accumulation_v1,2048,pattern_rolling_k2v2_s16_r128,final,v1,logit_max_abs_diff,1.390625,232e3b08d10919ca24932ad0a0135e46119ecfd5,0.015625,aime24:p6:s0:seed6042,3aaa4d1b0009ba297434f6ce9cc3b021533afdacc47013de66093911d7d70ffe
0.034931063652038574,matched_path_accumulation_v1,4096,pattern_rolling_k2v2_s16_r128,final,v1,hidden_cosine_loss,0.0349348783493042,232e3b08d10919ca24932ad0a0135e46119ecfd5,3.814697265625e-06,aime24:p6:s0:seed6042,3aaa4d1b0009ba297434f6ce9cc3b021533afdacc47013de66093911d7d70ffe
0.2661601456347853,matched_path_accumulation_v1,4096,pattern_rolling_k2v2_s16_r128,final,v1,hidden_relative_L2,0.2688050866127014,232e3b08d10919ca24932ad0a0135e46119ecfd5,0.0026449409779161215,aime24:p6:s0:seed6042,3aaa4d1b0009ba297434f6ce9cc3b021533afdacc47013de66093911d7d70ffe
0.2661601456347853,matched_path_accumulation_v1,4096,pattern_rolling_k2v2_s16_r128,final,v1,attention_output_relative_L2,0.2688050866127014,232e3b08d10919ca24932ad0a0135e46119ecfd5,0.0026449409779161215,aime24:p6:s0:seed6042,3aaa4d1b0009ba297434f6ce9cc3b021533afdacc47013de66093911d7d70ffe
0.0007677426328882575,matched_path_accumulation_v1,4096,pattern_rolling_k2v2_s16_r128,final,v1,next_token_KL,0.0007677426328882575,232e3b08d10919ca24932ad0a0135e46119ecfd5,0.0,aime24:p6:s0:seed6042,3aaa4d1b0009ba297434f6ce9cc3b021533afdacc47013de66093911d7d70ffe
0.0002540683092799867,matched_path_accumulation_v1,4096,pattern_rolling_k2v2_s16_r128,final,v1,next_token_JS,0.0002540726854931563,232e3b08d10919ca24932ad0a0135e46119ecfd5,4.376213169621224e-09,aime24:p6:s0:seed6042,3aaa4d1b0009ba297434f6ce9cc3b021533afdacc47013de66093911d7d70ffe
0.0008949294860940427,matched_path_accumulation_v1,4096,pattern_rolling_k2v2_s16_r128,final,v1,target_token_NLL_delta,0.00089445267803967,232e3b08d10919ca24932ad0a0135e46119ecfd5,-4.7680805437266827e-07,aime24:p6:s0:seed6042,3aaa4d1b0009ba297434f6ce9cc3b021533afdacc47013de66093911d7d70ffe
0.0,matched_path_accumulation_v1,4096,pattern_rolling_k2v2_s16_r128,final,v1,top1_disagreement,0.0,232e3b08d10919ca24932ad0a0135e46119ecfd5,0.0,aime24:p6:s0:seed6042,3aaa4d1b0009ba297434f6ce9cc3b021533afdacc47013de66093911d7d70ffe
2.44677734375,matched_path_accumulation_v1,4096,pattern_rolling_k2v2_s16_r128,final,v1,logit_max_abs_diff,2.47802734375,232e3b08d10919ca24932ad0a0135e46119ecfd5,0.03125,aime24:p6:s0:seed6042,3aaa4d1b0009ba297434f6ce9cc3b021533afdacc47013de66093911d7d70ffe
5.960464477539063e-08,matched_path_accumulation_v1,128,pattern_rolling_k2v2_s16_r128,final,v1,hidden_cosine_loss,1.6689300537109375e-06,232e3b08d10919ca24932ad0a0135e46119ecfd5,1.6093254089355469e-06,aime24:p6:s1:seed6043,bdc5380c721a7d62393b67524bb3065580c4b13dffda573ae8f1238fbd86cb01
9.281514212489128e-05,matched_path_accumulation_v1,128,pattern_rolling_k2v2_s16_r128,final,v1,hidden_relative_L2,0.0016542422818019986,232e3b08d10919ca24932ad0a0135e46119ecfd5,0.0015614271396771073,aime24:p6:s1:seed6043,bdc5380c721a7d62393b67524bb3065580c4b13dffda573ae8f1238fbd86cb01
9.281514212489128e-05,matched_path_accumulation_v1,128,pattern_rolling_k2v2_s16_r128,final,v1,attention_output_relative_L2,0.0016542422818019986,232e3b08d10919ca24932ad0a0135e46119ecfd5,0.0015614271396771073,aime24:p6:s1:seed6043,bdc5380c721a7d62393b67524bb3065580c4b13dffda573ae8f1238fbd86cb01
-1.4505003491649404e-05,matched_path_accumulation_v1,128,pattern_rolling_k2v2_s16_r128,final,v1,next_token_KL,6.9763773353770375e-06,232e3b08d10919ca24932ad0a0135e46119ecfd5,2.148138082702644e-05,aime24:p6:s1:seed6043,bdc5380c721a7d62393b67524bb3065580c4b13dffda573ae8f1238fbd86cb01
-3.641175226221094e-06,matched_path_accumulation_v1,128,pattern_rolling_k2v2_s16_r128,final,v1,next_token_JS,1.7676907191344071e-06,232e3b08d10919ca24932ad0a0135e46119ecfd5,5.408865945355501e-06,aime24:p6:s1:seed6043,bdc5380c721a7d62393b67524bb3065580c4b13dffda573ae8f1238fbd86cb01
0.0031102895736694336,matched_path_accumulation_v1,128,pattern_rolling_k2v2_s16_r128,final,v1,target_token_NLL_delta,-0.0005199313163757324,232e3b08d10919ca24932ad0a0135e46119ecfd5,-0.003630220890045166,aime24:p6:s1:seed6043,bdc5380c721a7d62393b67524bb3065580c4b13dffda573ae8f1238fbd86cb01
0.0,matched_path_accumulation_v1,128,pattern_rolling_k2v2_s16_r128,final,v1,top1_disagreement,0.0,232e3b08d10919ca24932ad0a0135e46119ecfd5,0.0,aime24:p6:s1:seed6043,bdc5380c721a7d62393b67524bb3065580c4b13dffda573ae8f1238fbd86cb01
0.001953125,matched_path_accumulation_v1,128,pattern_rolling_k2v2_s16_r128,final,v1,logit_max_abs_diff,0.017578125,232e3b08d10919ca24932ad0a0135e46119ecfd5,0.015625,aime24:p6:s1:seed6043,bdc5380c721a7d62393b67524bb3065580c4b13dffda573ae8f1238fbd86cb01
0.0014902353286743164,matched_path_accumulation_v1,512,pattern_rolling_k2v2_s16_r128,final,v1,hidden_cosine_loss,0.0014919042587280273,232e3b08d10919ca24932ad0a0135e46119ecfd5,1.6689300537109375e-06,aime24:p6:s1:seed6043,bdc5380c721a7d62393b67524bb3065580c4b13dffda573ae8f1238fbd86cb01
0.05300780420657247,matched_path_accumulation_v1,512,pattern_rolling_k2v2_s16_r128,final,v1,hidden_relative_L2,0.05473900958895683,232e3b08d10919ca24932ad0a0135e46119ecfd5,0.0017312053823843598,aime24:p6:s1:seed6043,bdc5380c721a7d62393b67524bb3065580c4b13dffda573ae8f1238fbd86cb01
0.05300780420657247,matched_path_accumulation_v1,512,pattern_rolling_k2v2_s16_r128,final,v1,attention_output_relative_L2,0.05473900958895683,232e3b08d10919ca24932ad0a0135e46119ecfd5,0.0017312053823843598,aime24:p6:s1:seed6043,bdc5380c721a7d62393b67524bb3065580c4b13dffda573ae8f1238fbd86cb01
0.0023076875440892763,matched_path_accumulation_v1,512,pattern_rolling_k2v2_s16_r128,final,v1,next_token_KL,0.00233569392003119,232e3b08d10919ca24932ad0a0135e46119ecfd5,2.8006375941913575e-05,aime24:p6:s1:seed6043,bdc5380c721a7d62393b67524bb3065580c4b13dffda573ae8f1238fbd86cb01
0.0005762753598901327,matched_path_accumulation_v1,512,pattern_rolling_k2v2_s16_r128,final,v1,next_token_JS,0.0005831861635670066,232e3b08d10919ca24932ad0a0135e46119ecfd5,6.910803676873911e-06,aime24:p6:s1:seed6043,bdc5380c721a7d62393b67524bb3065580c4b13dffda573ae8f1238fbd86cb01
-0.020530283451080322,matched_path_accumulation_v1,512,pattern_rolling_k2v2_s16_r128,final,v1,target_token_NLL_delta,-0.015100598335266113,232e3b08d10919ca24932ad0a0135e46119ecfd5,0.005429685115814209,aime24:p6:s1:seed6043,bdc5380c721a7d62393b67524bb3065580c4b13dffda573ae8f1238fbd86cb01
0.0,matched_path_accumulation_v1,512,pattern_rolling_k2v2_s16_r128,final,v1,top1_disagreement,0.0,232e3b08d10919ca24932ad0a0135e46119ecfd5,0.0,aime24:p6:s1:seed6043,bdc5380c721a7d62393b67524bb3065580c4b13dffda573ae8f1238fbd86cb01
0.69921875,matched_path_accumulation_v1,512,pattern_rolling_k2v2_s16_r128,final,v1,logit_max_abs_diff,0.71484375,232e3b08d10919ca24932ad0a0135e46119ecfd5,0.015625,aime24:p6:s1:seed6043,bdc5380c721a7d62393b67524bb3065580c4b13dffda573ae8f1238fbd86cb01
0.002636551856994629,matched_path_accumulation_v1,1024,pattern_rolling_k2v2_s16_r128,final,v1,hidden_cosine_loss,0.002638399600982666,232e3b08d10919ca24932ad0a0135e46119ecfd5,1.8477439880371094e-06,aime24:p6:s1:seed6043,bdc5380c721a7d62393b67524bb3065580c4b13dffda573ae8f1238fbd86cb01
0.07119392417371273,matched_path_accumulation_v1,1024,pattern_rolling_k2v2_s16_r128,final,v1,hidden_relative_L2,0.07292218506336212,232e3b08d10919ca24932ad0a0135e46119ecfd5,0.0017282608896493912,aime24:p6:s1:seed6043,bdc5380c721a7d62393b67524bb3065580c4b13dffda573ae8f1238fbd86cb01
0.07119392417371273,matched_path_accumulation_v1,1024,pattern_rolling_k2v2_s16_r128,final,v1,attention_output_relative_L2,0.07292218506336212,232e3b08d10919ca24932ad0a0135e46119ecfd5,0.0017282608896493912,aime24:p6:s1:seed6043,bdc5380c721a7d62393b67524bb3065580c4b13dffda573ae8f1238fbd86cb01
0.032863550660295004,matched_path_accumulation_v1,1024,pattern_rolling_k2v2_s16_r128,final,v1,next_token_KL,0.03287471830844879,232e3b08d10919ca24932ad0a0135e46119ecfd5,1.1167648153787013e-05,aime24:p6:s1:seed6043,bdc5380c721a7d62393b67524bb3065580c4b13dffda573ae8f1238fbd86cb01
0.008554767196983448,matched_path_accumulation_v1,1024,pattern_rolling_k2v2_s16_r128,final,v1,next_token_JS,0.008557630702853203,232e3b08d10919ca24932ad0a0135e46119ecfd5,2.86350586975459e-06,aime24:p6:s1:seed6043,bdc5380c721a7d62393b67524bb3065580c4b13dffda573ae8f1238fbd86cb01
-0.43512892723083496,matched_path_accumulation_v1,1024,pattern_rolling_k2v2_s16_r128,final,v1,target_token_NLL_delta,-0.4335203170776367,232e3b08d10919ca24932ad0a0135e46119ecfd5,0.0016086101531982422,aime24:p6:s1:seed6043,bdc5380c721a7d62393b67524bb3065580c4b13dffda573ae8f1238fbd86cb01
0.0,matched_path_accumulation_v1,1024,pattern_rolling_k2v2_s16_r128,final,v1,top1_disagreement,0.0,232e3b08d10919ca24932ad0a0135e46119ecfd5,0.0,aime24:p6:s1:seed6043,bdc5380c721a7d62393b67524bb3065580c4b13dffda573ae8f1238fbd86cb01
0.765625,matched_path_accumulation_v1,1024,pattern_rolling_k2v2_s16_r128,final,v1,logit_max_abs_diff,0.78125,232e3b08d10919ca24932ad0a0135e46119ecfd5,0.015625,aime24:p6:s1:seed6043,bdc5380c721a7d62393b67524bb3065580c4b13dffda573ae8f1238fbd86cb01
0.012528479099273682,matched_path_accumulation_v1,2048,pattern_rolling_k2v2_s16_r128,final,v1,hidden_cosine_loss,0.012534379959106445,232e3b08d10919ca24932ad0a0135e46119ecfd5,5.900859832763672e-06,aime24:p6:s1:seed6043,bdc5380c721a7d62393b67524bb3065580c4b13dffda573ae8f1238fbd86cb01
0.16062433482147753,matched_path_accumulation_v1,2048,pattern_rolling_k2v2_s16_r128,final,v1,hidden_relative_L2,0.1641315370798111,232e3b08d10919ca24932ad0a0135e46119ecfd5,0.003507202258333564,aime24:p6:s1:seed6043,bdc5380c721a7d62393b67524bb3065580c4b13dffda573ae8f1238fbd86cb01
0.16062433482147753,matched_path_accumulation_v1,2048,pattern_rolling_k2v2_s16_r128,final,v1,attention_output_relative_L2,0.1641315370798111,232e3b08d10919ca24932ad0a0135e46119ecfd5,0.003507202258333564,aime24:p6:s1:seed6043,bdc5380c721a7d62393b67524bb3065580c4b13dffda573ae8f1238fbd86cb01
2.327257469403321e-06,matched_path_accumulation_v1,2048,pattern_rolling_k2v2_s16_r128,final,v1,next_token_KL,2.404336100880755e-06,232e3b08d10919ca24932ad0a0135e46119ecfd5,7.70786314774341e-08,aime24:p6:s1:seed6043,bdc5380c721a7d62393b67524bb3065580c4b13dffda573ae8f1238fbd86cb01
6.836022468093006e-07,matched_path_accumulation_v1,2048,pattern_rolling_k2v2_s16_r128,final,v1,next_token_JS,6.838041031187458e-07,232e3b08d10919ca24932ad0a0135e46119ecfd5,2.0185630944524746e-10,aime24:p6:s1:seed6043,bdc5380c721a7d62393b67524bb3065580c4b13dffda573ae8f1238fbd86cb01
5.960420821793377e-06,matched_path_accumulation_v1,2048,pattern_rolling_k2v2_s16_r128,final,v1,target_token_NLL_delta,5.960420821793377e-06,232e3b08d10919ca24932ad0a0135e46119ecfd5,0.0,aime24:p6:s1:seed6043,bdc5380c721a7d62393b67524bb3065580c4b13dffda573ae8f1238fbd86cb01
0.0,matched_path_accumulation_v1,2048,pattern_rolling_k2v2_s16_r128,final,v1,top1_disagreement,0.0,232e3b08d10919ca24932ad0a0135e46119ecfd5,0.0,aime24:p6:s1:seed6043,bdc5380c721a7d62393b67524bb3065580c4b13dffda573ae8f1238fbd86cb01
2.3046875,matched_path_accumulation_v1,2048,pattern_rolling_k2v2_s16_r128,final,v1,logit_max_abs_diff,2.3515625,232e3b08d10919ca24932ad0a0135e46119ecfd5,0.046875,aime24:p6:s1:seed6043,bdc5380c721a7d62393b67524bb3065580c4b13dffda573ae8f1238fbd86cb01
0.017471373081207275,matched_path_accumulation_v1,4096,pattern_rolling_k2v2_s16_r128,final,v1,hidden_cosine_loss,0.017473936080932617,232e3b08d10919ca24932ad0a0135e46119ecfd5,2.562999725341797e-06,aime24:p6:s1:seed6043,bdc5380c721a7d62393b67524bb3065580c4b13dffda573ae8f1238fbd86cb01
0.18656351580284536,matched_path_accumulation_v1,4096,pattern_rolling_k2v2_s16_r128,final,v1,hidden_relative_L2,0.18864162266254425,232e3b08d10919ca24932ad0a0135e46119ecfd5,0.0020781068596988916,aime24:p6:s1:seed6043,bdc5380c721a7d62393b67524bb3065580c4b13dffda573ae8f1238fbd86cb01
0.18656351580284536,matched_path_accumulation_v1,4096,pattern_rolling_k2v2_s16_r128,final,v1,attention_output_relative_L2,0.18864162266254425,232e3b08d10919ca24932ad0a0135e46119ecfd5,0.0020781068596988916,aime24:p6:s1:seed6043,bdc5380c721a7d62393b67524bb3065580c4b13dffda573ae8f1238fbd86cb01
0.00011337666553856707,matched_path_accumulation_v1,4096,pattern_rolling_k2v2_s16_r128,final,v1,next_token_KL,0.00011340222408762202,232e3b08d10919ca24932ad0a0135e46119ecfd5,2.5558549054949253e-08,aime24:p6:s1:seed6043,bdc5380c721a7d62393b67524bb3065580c4b13dffda573ae8f1238fbd86cb01
3.0267856509613722e-05,matched_path_accumulation_v1,4096,pattern_rolling_k2v2_s16_r128,final,v1,next_token_JS,3.0269709895947017e-05,232e3b08d10919ca24932ad0a0135e46119ecfd5,1.853386333294793e-09,aime24:p6:s1:seed6043,bdc5380c721a7d62393b67524bb3065580c4b13dffda573ae8f1238fbd86cb01
0.0007732049562036991,matched_path_accumulation_v1,4096,pattern_rolling_k2v2_s16_r128,final,v1,target_token_NLL_delta,0.0007735611870884895,232e3b08d10919ca24932ad0a0135e46119ecfd5,3.5623088479042053e-07,aime24:p6:s1:seed6043,bdc5380c721a7d62393b67524bb3065580c4b13dffda573ae8f1238fbd86cb01
0.0,matched_path_accumulation_v1,4096,pattern_rolling_k2v2_s16_r128,final,v1,top1_disagreement,0.0,232e3b08d10919ca24932ad0a0135e46119ecfd5,0.0,aime24:p6:s1:seed6043,bdc5380c721a7d62393b67524bb3065580c4b13dffda573ae8f1238fbd86cb01
1.30859375,matched_path_accumulation_v1,4096,pattern_rolling_k2v2_s16_r128,final,v1,logit_max_abs_diff,1.328125,232e3b08d10919ca24932ad0a0135e46119ecfd5,0.01953125,aime24:p6:s1:seed6043,bdc5380c721a7d62393b67524bb3065580c4b13dffda573ae8f1238fbd86cb01
0.005020499229431152,matched_path_accumulation_v1,128,pattern_rolling_k2v2_s16_r128,final,v1,hidden_cosine_loss,0.005023300647735596,232e3b08d10919ca24932ad0a0135e46119ecfd5,2.8014183044433594e-06,aime24:p0:s0:seed42,7a50b9d97068ffc8a93d794fcdf6bac89e37ed85dd38b6abbdbbe8fb4c9a8f8a
0.09819888044148684,matched_path_accumulation_v1,128,pattern_rolling_k2v2_s16_r128,final,v1,hidden_relative_L2,0.10040263086557388,232e3b08d10919ca24932ad0a0135e46119ecfd5,0.0022037504240870476,aime24:p0:s0:seed42,7a50b9d97068ffc8a93d794fcdf6bac89e37ed85dd38b6abbdbbe8fb4c9a8f8a
0.09819888044148684,matched_path_accumulation_v1,128,pattern_rolling_k2v2_s16_r128,final,v1,attention_output_relative_L2,0.10040263086557388,232e3b08d10919ca24932ad0a0135e46119ecfd5,0.0022037504240870476,aime24:p0:s0:seed42,7a50b9d97068ffc8a93d794fcdf6bac89e37ed85dd38b6abbdbbe8fb4c9a8f8a
0.032976728691892276,matched_path_accumulation_v1,128,pattern_rolling_k2v2_s16_r128,final,v1,next_token_KL,0.0329778753221035,232e3b08d10919ca24932ad0a0135e46119ecfd5,1.1466302112239646e-06,aime24:p0:s0:seed42,7a50b9d97068ffc8a93d794fcdf6bac89e37ed85dd38b6abbdbbe8fb4c9a8f8a
0.008423316057530883,matched_path_accumulation_v1,128,pattern_rolling_k2v2_s16_r128,final,v1,next_token_JS,0.008423632010817528,232e3b08d10919ca24932ad0a0135e46119ecfd5,3.1595328664479894e-07,aime24:p0:s0:seed42,7a50b9d97068ffc8a93d794fcdf6bac89e37ed85dd38b6abbdbbe8fb4c9a8f8a
0.21379351615905762,matched_path_accumulation_v1,128,pattern_rolling_k2v2_s16_r128,final,v1,target_token_NLL_delta,0.2136697769165039,232e3b08d10919ca24932ad0a0135e46119ecfd5,-0.00012373924255371094,aime24:p0:s0:seed42,7a50b9d97068ffc8a93d794fcdf6bac89e37ed85dd38b6abbdbbe8fb4c9a8f8a
0.0,matched_path_accumulation_v1,128,pattern_rolling_k2v2_s16_r128,final,v1,top1_disagreement,0.0,232e3b08d10919ca24932ad0a0135e46119ecfd5,0.0,aime24:p0:s0:seed42,7a50b9d97068ffc8a93d794fcdf6bac89e37ed85dd38b6abbdbbe8fb4c9a8f8a
1.25,matched_path_accumulation_v1,128,pattern_rolling_k2v2_s16_r128,final,v1,logit_max_abs_diff,1.2734375,232e3b08d10919ca24932ad0a0135e46119ecfd5,0.0234375,aime24:p0:s0:seed42,7a50b9d97068ffc8a93d794fcdf6bac89e37ed85dd38b6abbdbbe8fb4c9a8f8a
0.0018454790115356445,matched_path_accumulation_v1,512,pattern_rolling_k2v2_s16_r128,final,v1,hidden_cosine_loss,0.001847386360168457,232e3b08d10919ca24932ad0a0135e46119ecfd5,1.9073486328125e-06,aime24:p0:s0:seed42,7a50b9d97068ffc8a93d794fcdf6bac89e37ed85dd38b6abbdbbe8fb4c9a8f8a
0.0588638138724491,matched_path_accumulation_v1,512,pattern_rolling_k2v2_s16_r128,final,v1,hidden_relative_L2,0.060753002762794495,232e3b08d10919ca24932ad0a0135e46119ecfd5,0.0018891888903453946,aime24:p0:s0:seed42,7a50b9d97068ffc8a93d794fcdf6bac89e37ed85dd38b6abbdbbe8fb4c9a8f8a
0.0588638138724491,matched_path_accumulation_v1,512,pattern_rolling_k2v2_s16_r128,final,v1,attention_output_relative_L2,0.060753002762794495,232e3b08d10919ca24932ad0a0135e46119ecfd5,0.0018891888903453946,aime24:p0:s0:seed42,7a50b9d97068ffc8a93d794fcdf6bac89e37ed85dd38b6abbdbbe8fb4c9a8f8a
5.735229358094784e-07,matched_path_accumulation_v1,512,pattern_rolling_k2v2_s16_r128,final,v1,next_token_KL,5.824680329169496e-07,232e3b08d10919ca24932ad0a0135e46119ecfd5,8.945097107471156e-09,aime24:p0:s0:seed42,7a50b9d97068ffc8a93d794fcdf6bac89e37ed85dd38b6abbdbbe8fb4c9a8f8a
1.0784085446857716e-07,matched_path_accumulation_v1,512,pattern_rolling_k2v2_s16_r128,final,v1,next_token_JS,1.377039211547526e-07,232e3b08d10919ca24932ad0a0135e46119ecfd5,2.9863066686175443e-08,aime24:p0:s0:seed42,7a50b9d97068ffc8a93d794fcdf6bac89e37ed85dd38b6abbdbbe8fb4c9a8f8a
-4.648405592888594e-06,matched_path_accumulation_v1,512,pattern_rolling_k2v2_s16_r128,final,v1,target_token_NLL_delta,-3.2181269489228725e-06,232e3b08d10919ca24932ad0a0135e46119ecfd5,1.4302786439657211e-06,aime24:p0:s0:seed42,7a50b9d97068ffc8a93d794fcdf6bac89e37ed85dd38b6abbdbbe8fb4c9a8f8a
0.0,matched_path_accumulation_v1,512,pattern_rolling_k2v2_s16_r128,final,v1,top1_disagreement,0.0,232e3b08d10919ca24932ad0a0135e46119ecfd5,0.0,aime24:p0:s0:seed42,7a50b9d97068ffc8a93d794fcdf6bac89e37ed85dd38b6abbdbbe8fb4c9a8f8a
0.54248046875,matched_path_accumulation_v1,512,pattern_rolling_k2v2_s16_r128,final,v1,logit_max_abs_diff,0.55859375,232e3b08d10919ca24932ad0a0135e46119ecfd5,0.01611328125,aime24:p0:s0:seed42,7a50b9d97068ffc8a93d794fcdf6bac89e37ed85dd38b6abbdbbe8fb4c9a8f8a
0.029083669185638428,matched_path_accumulation_v1,1024,pattern_rolling_k2v2_s16_r128,final,v1,hidden_cosine_loss,0.029086589813232422,232e3b08d10919ca24932ad0a0135e46119ecfd5,2.9206275939941406e-06,aime24:p0:s0:seed42,7a50b9d97068ffc8a93d794fcdf6bac89e37ed85dd38b6abbdbbe8fb4c9a8f8a
0.23832452041096985,matched_path_accumulation_v1,1024,pattern_rolling_k2v2_s16_r128,final,v1,hidden_relative_L2,0.24064747989177704,232e3b08d10919ca24932ad0a0135e46119ecfd5,0.002322959480807185,aime24:p0:s0:seed42,7a50b9d97068ffc8a93d794fcdf6bac89e37ed85dd38b6abbdbbe8fb4c9a8f8a
0.23832452041096985,matched_path_accumulation_v1,1024,pattern_rolling_k2v2_s16_r128,final,v1,attention_output_relative_L2,0.24064747989177704,232e3b08d10919ca24932ad0a0135e46119ecfd5,0.002322959480807185,aime24:p0:s0:seed42,7a50b9d97068ffc8a93d794fcdf6bac89e37ed85dd38b6abbdbbe8fb4c9a8f8a
0.0049533041984801685,matched_path_accumulation_v1,1024,pattern_rolling_k2v2_s16_r128,final,v1,next_token_KL,0.004953443538397551,232e3b08d10919ca24932ad0a0135e46119ecfd5,1.393399173821308e-07,aime24:p0:s0:seed42,7a50b9d97068ffc8a93d794fcdf6bac89e37ed85dd38b6abbdbbe8fb4c9a8f8a
0.001552102948227052,matched_path_accumulation_v1,1024,pattern_rolling_k2v2_s16_r128,final,v1,next_token_JS,0.0015521036693826318,232e3b08d10919ca24932ad0a0135e46119ecfd5,7.21155579697097e-10,aime24:p0:s0:seed42,7a50b9d97068ffc8a93d794fcdf6bac89e37ed85dd38b6abbdbbe8fb4c9a8f8a
0.007197353639639914,matched_path_accumulation_v1,1024,pattern_rolling_k2v2_s16_r128,final,v1,target_token_NLL_delta,0.007180563639849424,232e3b08d10919ca24932ad0a0135e46119ecfd5,-1.6789999790489674e-05,aime24:p0:s0:seed42,7a50b9d97068ffc8a93d794fcdf6bac89e37ed85dd38b6abbdbbe8fb4c9a8f8a
0.0,matched_path_accumulation_v1,1024,pattern_rolling_k2v2_s16_r128,final,v1,top1_disagreement,0.0,232e3b08d10919ca24932ad0a0135e46119ecfd5,0.0,aime24:p0:s0:seed42,7a50b9d97068ffc8a93d794fcdf6bac89e37ed85dd38b6abbdbbe8fb4c9a8f8a
3.41015625,matched_path_accumulation_v1,1024,pattern_rolling_k2v2_s16_r128,final,v1,logit_max_abs_diff,3.4296875,232e3b08d10919ca24932ad0a0135e46119ecfd5,0.01953125,aime24:p0:s0:seed42,7a50b9d97068ffc8a93d794fcdf6bac89e37ed85dd38b6abbdbbe8fb4c9a8f8a
0.004086196422576904,matched_path_accumulation_v1,2048,pattern_rolling_k2v2_s16_r128,final,v1,hidden_cosine_loss,0.0040909647941589355,232e3b08d10919ca24932ad0a0135e46119ecfd5,4.76837158203125e-06,aime24:p0:s0:seed42,7a50b9d97068ffc8a93d794fcdf6bac89e37ed85dd38b6abbdbbe8fb4c9a8f8a
0.08771331212483346,matched_path_accumulation_v1,2048,pattern_rolling_k2v2_s16_r128,final,v1,hidden_relative_L2,0.09075339138507843,232e3b08d10919ca24932ad0a0135e46119ecfd5,0.0030400792602449656,aime24:p0:s0:seed42,7a50b9d97068ffc8a93d794fcdf6bac89e37ed85dd38b6abbdbbe8fb4c9a8f8a
0.08771331212483346,matched_path_accumulation_v1,2048,pattern_rolling_k2v2_s16_r128,final,v1,attention_output_relative_L2,0.09075339138507843,232e3b08d10919ca24932ad0a0135e46119ecfd5,0.0030400792602449656,aime24:p0:s0:seed42,7a50b9d97068ffc8a93d794fcdf6bac89e37ed85dd38b6abbdbbe8fb4c9a8f8a
3.516702520300896e-07,matched_path_accumulation_v1,2048,pattern_rolling_k2v2_s16_r128,final,v1,next_token_KL,4.1015940155375574e-07,232e3b08d10919ca24932ad0a0135e46119ecfd5,5.848914952366613e-08,aime24:p0:s0:seed42,7a50b9d97068ffc8a93d794fcdf6bac89e37ed85dd38b6abbdbbe8fb4c9a8f8a
1.1694098578374224e-07,matched_path_accumulation_v1,2048,pattern_rolling_k2v2_s16_r128,final,v1,next_token_JS,1.1742459093966318e-07,232e3b08d10919ca24932ad0a0135e46119ecfd5,4.836051559209409e-10,aime24:p0:s0:seed42,7a50b9d97068ffc8a93d794fcdf6bac89e37ed85dd38b6abbdbbe8fb4c9a8f8a
3.4570239222375676e-06,matched_path_accumulation_v1,2048,pattern_rolling_k2v2_s16_r128,final,v1,target_token_NLL_delta,3.33781645167619e-06,232e3b08d10919ca24932ad0a0135e46119ecfd5,-1.192074705613777e-07,aime24:p0:s0:seed42,7a50b9d97068ffc8a93d794fcdf6bac89e37ed85dd38b6abbdbbe8fb4c9a8f8a
0.0,matched_path_accumulation_v1,2048,pattern_rolling_k2v2_s16_r128,final,v1,top1_disagreement,0.0,232e3b08d10919ca24932ad0a0135e46119ecfd5,0.0,aime24:p0:s0:seed42,7a50b9d97068ffc8a93d794fcdf6bac89e37ed85dd38b6abbdbbe8fb4c9a8f8a
0.880859375,matched_path_accumulation_v1,2048,pattern_rolling_k2v2_s16_r128,final,v1,logit_max_abs_diff,0.912109375,232e3b08d10919ca24932ad0a0135e46119ecfd5,0.03125,aime24:p0:s0:seed42,7a50b9d97068ffc8a93d794fcdf6bac89e37ed85dd38b6abbdbbe8fb4c9a8f8a
0.023692071437835693,matched_path_accumulation_v1,4096,pattern_rolling_k2v2_s16_r128,final,v1,hidden_cosine_loss,0.023694396018981934,232e3b08d10919ca24932ad0a0135e46119ecfd5,2.3245811462402344e-06,aime24:p0:s0:seed42,7a50b9d97068ffc8a93d794fcdf6bac89e37ed85dd38b6abbdbbe8fb4c9a8f8a
0.21989320730790496,matched_path_accumulation_v1,4096,pattern_rolling_k2v2_s16_r128,final,v1,hidden_relative_L2,0.22185349464416504,232e3b08d10919ca24932ad0a0135e46119ecfd5,0.0019602873362600803,aime24:p0:s0:seed42,7a50b9d97068ffc8a93d794fcdf6bac89e37ed85dd38b6abbdbbe8fb4c9a8f8a
0.21989320730790496,matched_path_accumulation_v1,4096,pattern_rolling_k2v2_s16_r128,final,v1,attention_output_relative_L2,0.22185349464416504,232e3b08d10919ca24932ad0a0135e46119ecfd5,0.0019602873362600803,aime24:p0:s0:seed42,7a50b9d97068ffc8a93d794fcdf6bac89e37ed85dd38b6abbdbbe8fb4c9a8f8a
1.6990257341031878e-06,matched_path_accumulation_v1,4096,pattern_rolling_k2v2_s16_r128,final,v1,next_token_KL,1.7006537973429658e-06,232e3b08d10919ca24932ad0a0135e46119ecfd5,1.6280632397780437e-09,aime24:p0:s0:seed42,7a50b9d97068ffc8a93d794fcdf6bac89e37ed85dd38b6abbdbbe8fb4c9a8f8a
4.913885414126185e-07,matched_path_accumulation_v1,4096,pattern_rolling_k2v2_s16_r128,final,v1,next_token_JS,5.008373591408599e-07,232e3b08d10919ca24932ad0a0135e46119ecfd5,9.448817728241465e-09,aime24:p0:s0:seed42,7a50b9d97068ffc8a93d794fcdf6bac89e37ed85dd38b6abbdbbe8fb4c9a8f8a
-1.239665289176628e-05,matched_path_accumulation_v1,4096,pattern_rolling_k2v2_s16_r128,final,v1,target_token_NLL_delta,-1.239665289176628e-05,232e3b08d10919ca24932ad0a0135e46119ecfd5,0.0,aime24:p0:s0:seed42,7a50b9d97068ffc8a93d794fcdf6bac89e37ed85dd38b6abbdbbe8fb4c9a8f8a
0.0,matched_path_accumulation_v1,4096,pattern_rolling_k2v2_s16_r128,final,v1,top1_disagreement,0.0,232e3b08d10919ca24932ad0a0135e46119ecfd5,0.0,aime24:p0:s0:seed42,7a50b9d97068ffc8a93d794fcdf6bac89e37ed85dd38b6abbdbbe8fb4c9a8f8a
2.26953125,matched_path_accumulation_v1,4096,pattern_rolling_k2v2_s16_r128,final,v1,logit_max_abs_diff,2.28515625,232e3b08d10919ca24932ad0a0135e46119ecfd5,0.015625,aime24:p0:s0:seed42,7a50b9d97068ffc8a93d794fcdf6bac89e37ed85dd38b6abbdbbe8fb4c9a8f8a
5.960464477539063e-08,matched_path_accumulation_v1,128,pattern_rolling_k2v2_s16_r128,final,v1,hidden_cosine_loss,2.9802322387695312e-06,232e3b08d10919ca24932ad0a0135e46119ecfd5,2.9206275939941406e-06,aime24:p11:s1:seed11043,437efafa63f236f96af74b80dfc1ee0897d780c1db5b68f052079544eea26327
7.84541480243206e-05,matched_path_accumulation_v1,128,pattern_rolling_k2v2_s16_r128,final,v1,hidden_relative_L2,0.00236625992693007,232e3b08d10919ca24932ad0a0135e46119ecfd5,0.0022878057789057493,aime24:p11:s1:seed11043,437efafa63f236f96af74b80dfc1ee0897d780c1db5b68f052079544eea26327
7.84541480243206e-05,matched_path_accumulation_v1,128,pattern_rolling_k2v2_s16_r128,final,v1,attention_output_relative_L2,0.00236625992693007,232e3b08d10919ca24932ad0a0135e46119ecfd5,0.0022878057789057493,aime24:p11:s1:seed11043,437efafa63f236f96af74b80dfc1ee0897d780c1db5b68f052079544eea26327
1.1833166354335845e-05,matched_path_accumulation_v1,128,pattern_rolling_k2v2_s16_r128,final,v1,next_token_KL,3.0301956940093078e-05,232e3b08d10919ca24932ad0a0135e46119ecfd5,1.8468790585757233e-05,aime24:p11:s1:seed11043,437efafa63f236f96af74b80dfc1ee0897d780c1db5b68f052079544eea26327
2.8898402888444252e-06,matched_path_accumulation_v1,128,pattern_rolling_k2v2_s16_r128,final,v1,next_token_JS,7.504525910917437e-06,232e3b08d10919ca24932ad0a0135e46119ecfd5,4.6146856220730115e-06,aime24:p11:s1:seed11043,437efafa63f236f96af74b80dfc1ee0897d780c1db5b68f052079544eea26327
0.006652355194091797,matched_path_accumulation_v1,128,pattern_rolling_k2v2_s16_r128,final,v1,target_token_NLL_delta,0.008647918701171875,232e3b08d10919ca24932ad0a0135e46119ecfd5,0.001995563507080078,aime24:p11:s1:seed11043,437efafa63f236f96af74b80dfc1ee0897d780c1db5b68f052079544eea26327
0.0,matched_path_accumulation_v1,128,pattern_rolling_k2v2_s16_r128,final,v1,top1_disagreement,0.0,232e3b08d10919ca24932ad0a0135e46119ecfd5,0.0,aime24:p11:s1:seed11043,437efafa63f236f96af74b80dfc1ee0897d780c1db5b68f052079544eea26327
0.0009765625,matched_path_accumulation_v1,128,pattern_rolling_k2v2_s16_r128,final,v1,logit_max_abs_diff,0.0244140625,232e3b08d10919ca24932ad0a0135e46119ecfd5,0.0234375,aime24:p11:s1:seed11043,437efafa63f236f96af74b80dfc1ee0897d780c1db5b68f052079544eea26327
0.005645155906677246,matched_path_accumulation_v1,512,pattern_rolling_k2v2_s16_r128,final,v1,hidden_cosine_loss,0.005648493766784668,232e3b08d10919ca24932ad0a0135e46119ecfd5,3.337860107421875e-06,aime24:p11:s1:seed11043,437efafa63f236f96af74b80dfc1ee0897d780c1db5b68f052079544eea26327
0.1044548109639436,matched_path_accumulation_v1,512,pattern_rolling_k2v2_s16_r128,final,v1,hidden_relative_L2,0.10691376030445099,232e3b08d10919ca24932ad0a0135e46119ecfd5,0.002458949340507388,aime24:p11:s1:seed11043,437efafa63f236f96af74b80dfc1ee0897d780c1db5b68f052079544eea26327
0.1044548109639436,matched_path_accumulation_v1,512,pattern_rolling_k2v2_s16_r128,final,v1,attention_output_relative_L2,0.10691376030445099,232e3b08d10919ca24932ad0a0135e46119ecfd5,0.002458949340507388,aime24:p11:s1:seed11043,437efafa63f236f96af74b80dfc1ee0897d780c1db5b68f052079544eea26327
0.011019686789040861,matched_path_accumulation_v1,512,pattern_rolling_k2v2_s16_r128,final,v1,next_token_KL,0.011025880463421345,232e3b08d10919ca24932ad0a0135e46119ecfd5,6.1936743804835714e-06,aime24:p11:s1:seed11043,437efafa63f236f96af74b80dfc1ee0897d780c1db5b68f052079544eea26327
0.002899860050092684,matched_path_accumulation_v1,512,pattern_rolling_k2v2_s16_r128,final,v1,next_token_JS,0.002901423256844282,232e3b08d10919ca24932ad0a0135e46119ecfd5,1.5632067515980452e-06,aime24:p11:s1:seed11043,437efafa63f236f96af74b80dfc1ee0897d780c1db5b68f052079544eea26327
0.06046783924102783,matched_path_accumulation_v1,512,pattern_rolling_k2v2_s16_r128,final,v1,target_token_NLL_delta,0.0612981915473938,232e3b08d10919ca24932ad0a0135e46119ecfd5,0.0008303523063659668,aime24:p11:s1:seed11043,437efafa63f236f96af74b80dfc1ee0897d780c1db5b68f052079544eea26327
0.0,matched_path_accumulation_v1,512,pattern_rolling_k2v2_s16_r128,final,v1,top1_disagreement,0.0,232e3b08d10919ca24932ad0a0135e46119ecfd5,0.0,aime24:p11:s1:seed11043,437efafa63f236f96af74b80dfc1ee0897d780c1db5b68f052079544eea26327
0.98828125,matched_path_accumulation_v1,512,pattern_rolling_k2v2_s16_r128,final,v1,logit_max_abs_diff,1.01171875,232e3b08d10919ca24932ad0a0135e46119ecfd5,0.0234375,aime24:p11:s1:seed11043,437efafa63f236f96af74b80dfc1ee0897d780c1db5b68f052079544eea26327
0.007326841354370117,matched_path_accumulation_v1,1024,pattern_rolling_k2v2_s16_r128,final,v1,hidden_cosine_loss,0.00732874870300293,232e3b08d10919ca24932ad0a0135e46119ecfd5,1.9073486328125e-06,aime24:p11:s1:seed11043,437efafa63f236f96af74b80dfc1ee0897d780c1db5b68f052079544eea26327
0.11936802580021322,matched_path_accumulation_v1,1024,pattern_rolling_k2v2_s16_r128,final,v1,hidden_relative_L2,0.12114354968070984,232e3b08d10919ca24932ad0a0135e46119ecfd5,0.0017755238804966211,aime24:p11:s1:seed11043,437efafa63f236f96af74b80dfc1ee0897d780c1db5b68f052079544eea26327
0.11936802580021322,matched_path_accumulation_v1,1024,pattern_rolling_k2v2_s16_r128,final,v1,attention_output_relative_L2,0.12114354968070984,232e3b08d10919ca24932ad0a0135e46119ecfd5,0.0017755238804966211,aime24:p11:s1:seed11043,437efafa63f236f96af74b80dfc1ee0897d780c1db5b68f052079544eea26327
0.05401194185219538,matched_path_accumulation_v1,1024,pattern_rolling_k2v2_s16_r128,final,v1,next_token_KL,0.054015398025512695,232e3b08d10919ca24932ad0a0135e46119ecfd5,3.4561733173177345e-06,aime24:p11:s1:seed11043,437efafa63f236f96af74b80dfc1ee0897d780c1db5b68f052079544eea26327
0.011917156148172126,matched_path_accumulation_v1,1024,pattern_rolling_k2v2_s16_r128,final,v1,next_token_JS,0.011917999014258385,232e3b08d10919ca24932ad0a0135e46119ecfd5,8.428660862591641e-07,aime24:p11:s1:seed11043,437efafa63f236f96af74b80dfc1ee0897d780c1db5b68f052079544eea26327
0.12596654891967773,matched_path_accumulation_v1,1024,pattern_rolling_k2v2_s16_r128,final,v1,target_token_NLL_delta,0.1256546974182129,232e3b08d10919ca24932ad0a0135e46119ecfd5,-0.00031185150146484375,aime24:p11:s1:seed11043,437efafa63f236f96af74b80dfc1ee0897d780c1db5b68f052079544eea26327
0.0,matched_path_accumulation_v1,1024,pattern_rolling_k2v2_s16_r128,final,v1,top1_disagreement,0.0,232e3b08d10919ca24932ad0a0135e46119ecfd5,0.0,aime24:p11:s1:seed11043,437efafa63f236f96af74b80dfc1ee0897d780c1db5b68f052079544eea26327
1.52734375,matched_path_accumulation_v1,1024,pattern_rolling_k2v2_s16_r128,final,v1,logit_max_abs_diff,1.546875,232e3b08d10919ca24932ad0a0135e46119ecfd5,0.01953125,aime24:p11:s1:seed11043,437efafa63f236f96af74b80dfc1ee0897d780c1db5b68f052079544eea26327
0.03826028108596802,matched_path_accumulation_v1,2048,pattern_rolling_k2v2_s16_r128,final,v1,hidden_cosine_loss,0.03826254606246948,232e3b08d10919ca24932ad0a0135e46119ecfd5,2.2649765014648438e-06,aime24:p11:s1:seed11043,437efafa63f236f96af74b80dfc1ee0897d780c1db5b68f052079544eea26327
0.27531822863966227,matched_path_accumulation_v1,2048,pattern_rolling_k2v2_s16_r128,final,v1,hidden_relative_L2,0.2773275673389435,232e3b08d10919ca24932ad0a0135e46119ecfd5,0.0020093386992812157,aime24:p11:s1:seed11043,437efafa63f236f96af74b80dfc1ee0897d780c1db5b68f052079544eea26327
0.27531822863966227,matched_path_accumulation_v1,2048,pattern_rolling_k2v2_s16_r128,final,v1,attention_output_relative_L2,0.2773275673389435,232e3b08d10919ca24932ad0a0135e46119ecfd5,0.0020093386992812157,aime24:p11:s1:seed11043,437efafa63f236f96af74b80dfc1ee0897d780c1db5b68f052079544eea26327
0.02666184191184584,matched_path_accumulation_v1,2048,pattern_rolling_k2v2_s16_r128,final,v1,next_token_KL,0.02667631022632122,232e3b08d10919ca24932ad0a0135e46119ecfd5,1.4468314475379884e-05,aime24:p11:s1:seed11043,437efafa63f236f96af74b80dfc1ee0897d780c1db5b68f052079544eea26327
0.005977811951197509,matched_path_accumulation_v1,2048,pattern_rolling_k2v2_s16_r128,final,v1,next_token_JS,0.00598148675635457,232e3b08d10919ca24932ad0a0135e46119ecfd5,3.6748051570612006e-06,aime24:p11:s1:seed11043,437efafa63f236f96af74b80dfc1ee0897d780c1db5b68f052079544eea26327
-0.07581586390733719,matched_path_accumulation_v1,2048,pattern_rolling_k2v2_s16_r128,final,v1,target_token_NLL_delta,-0.07366522401571274,232e3b08d10919ca24932ad0a0135e46119ecfd5,0.0021506398916244507,aime24:p11:s1:seed11043,437efafa63f236f96af74b80dfc1ee0897d780c1db5b68f052079544eea26327
0.0,matched_path_accumulation_v1,2048,pattern_rolling_k2v2_s16_r128,final,v1,top1_disagreement,0.0,232e3b08d10919ca24932ad0a0135e46119ecfd5,0.0,aime24:p11:s1:seed11043,437efafa63f236f96af74b80dfc1ee0897d780c1db5b68f052079544eea26327
2.9140625,matched_path_accumulation_v1,2048,pattern_rolling_k2v2_s16_r128,final,v1,logit_max_abs_diff,2.9375,232e3b08d10919ca24932ad0a0135e46119ecfd5,0.0234375,aime24:p11:s1:seed11043,437efafa63f236f96af74b80dfc1ee0897d780c1db5b68f052079544eea26327
0.002756655216217041,matched_path_accumulation_v1,4096,pattern_rolling_k2v2_s16_r128,final,v1,hidden_cosine_loss,0.0027587413787841797,232e3b08d10919ca24932ad0a0135e46119ecfd5,2.086162567138672e-06,aime24:p11:s1:seed11043,437efafa63f236f96af74b80dfc1ee0897d780c1db5b68f052079544eea26327
0.07226347201503813,matched_path_accumulation_v1,4096,pattern_rolling_k2v2_s16_r128,final,v1,hidden_relative_L2,0.07423612475395203,232e3b08d10919ca24932ad0a0135e46119ecfd5,0.0019726527389138937,aime24:p11:s1:seed11043,437efafa63f236f96af74b80dfc1ee0897d780c1db5b68f052079544eea26327
0.07226347201503813,matched_path_accumulation_v1,4096,pattern_rolling_k2v2_s16_r128,final,v1,attention_output_relative_L2,0.07423612475395203,232e3b08d10919ca24932ad0a0135e46119ecfd5,0.0019726527389138937,aime24:p11:s1:seed11043,437efafa63f236f96af74b80dfc1ee0897d780c1db5b68f052079544eea26327
4.882731408084595e-08,matched_path_accumulation_v1,4096,pattern_rolling_k2v2_s16_r128,final,v1,next_token_KL,4.9566935445000126e-08,232e3b08d10919ca24932ad0a0135e46119ecfd5,7.396213641541749e-10,aime24:p11:s1:seed11043,437efafa63f236f96af74b80dfc1ee0897d780c1db5b68f052079544eea26327
2.7579445671666036e-09,matched_path_accumulation_v1,4096,pattern_rolling_k2v2_s16_r128,final,v1,next_token_JS,2.7593447526896853e-09,232e3b08d10919ca24932ad0a0135e46119ecfd5,1.4001855230816318e-12,aime24:p11:s1:seed11043,437efafa63f236f96af74b80dfc1ee0897d780c1db5b68f052079544eea26327
0.0,matched_path_accumulation_v1,4096,pattern_rolling_k2v2_s16_r128,final,v1,target_token_NLL_delta,0.0,232e3b08d10919ca24932ad0a0135e46119ecfd5,0.0,aime24:p11:s1:seed11043,437efafa63f236f96af74b80dfc1ee0897d780c1db5b68f052079544eea26327
0.0,matched_path_accumulation_v1,4096,pattern_rolling_k2v2_s16_r128,final,v1,top1_disagreement,0.0,232e3b08d10919ca24932ad0a0135e46119ecfd5,0.0,aime24:p11:s1:seed11043,437efafa63f236f96af74b80dfc1ee0897d780c1db5b68f052079544eea26327
0.623046875,matched_path_accumulation_v1,4096,pattern_rolling_k2v2_s16_r128,final,v1,logit_max_abs_diff,0.640625,232e3b08d10919ca24932ad0a0135e46119ecfd5,0.017578125,aime24:p11:s1:seed11043,437efafa63f236f96af74b80dfc1ee0897d780c1db5b68f052079544eea26327
-1.0132789611816406e-06,matched_path_accumulation_v1,128,pattern_rolling_k2v2_s16_r128,final,v1,hidden_cosine_loss,3.0994415283203125e-06,232e3b08d10919ca24932ad0a0135e46119ecfd5,4.112720489501953e-06,aime24:p15:s0:seed15042,822cea1aaf72daad98cf9ddb629a4d3a79650451920bd62395ce83a00ac9a58b
-0.0003571808338165283,matched_path_accumulation_v1,128,pattern_rolling_k2v2_s16_r128,final,v1,hidden_relative_L2,0.002400727244094014,232e3b08d10919ca24932ad0a0135e46119ecfd5,0.0027579080779105425,aime24:p15:s0:seed15042,822cea1aaf72daad98cf9ddb629a4d3a79650451920bd62395ce83a00ac9a58b
-0.0003571808338165283,matched_path_accumulation_v1,128,pattern_rolling_k2v2_s16_r128,final,v1,attention_output_relative_L2,0.002400727244094014,232e3b08d10919ca24932ad0a0135e46119ecfd5,0.0027579080779105425,aime24:p15:s0:seed15042,822cea1aaf72daad98cf9ddb629a4d3a79650451920bd62395ce83a00ac9a58b
2.5249983082176186e-07,matched_path_accumulation_v1,128,pattern_rolling_k2v2_s16_r128,final,v1,next_token_KL,2.213214884250192e-06,232e3b08d10919ca24932ad0a0135e46119ecfd5,1.96071505342843e-06,aime24:p15:s0:seed15042,822cea1aaf72daad98cf9ddb629a4d3a79650451920bd62395ce83a00ac9a58b
-3.661398295662366e-09,matched_path_accumulation_v1,128,pattern_rolling_k2v2_s16_r128,final,v1,next_token_JS,5.270518386168987e-07,232e3b08d10919ca24932ad0a0135e46119ecfd5,5.307132369125611e-07,aime24:p15:s0:seed15042,822cea1aaf72daad98cf9ddb629a4d3a79650451920bd62395ce83a00ac9a58b
-0.0005489960312843323,matched_path_accumulation_v1,128,pattern_rolling_k2v2_s16_r128,final,v1,target_token_NLL_delta,-0.0002741459757089615,232e3b08d10919ca24932ad0a0135e46119ecfd5,0.0002748500555753708,aime24:p15:s0:seed15042,822cea1aaf72daad98cf9ddb629a4d3a79650451920bd62395ce83a00ac9a58b
0.0,matched_path_accumulation_v1,128,pattern_rolling_k2v2_s16_r128,final,v1,top1_disagreement,0.0,232e3b08d10919ca24932ad0a0135e46119ecfd5,0.0,aime24:p15:s0:seed15042,822cea1aaf72daad98cf9ddb629a4d3a79650451920bd62395ce83a00ac9a58b
-0.0107421875,matched_path_accumulation_v1,128,pattern_rolling_k2v2_s16_r128,final,v1,logit_max_abs_diff,0.01953125,232e3b08d10919ca24932ad0a0135e46119ecfd5,0.0302734375,aime24:p15:s0:seed15042,822cea1aaf72daad98cf9ddb629a4d3a79650451920bd62395ce83a00ac9a58b
0.02882760763168335,matched_path_accumulation_v1,512,pattern_rolling_k2v2_s16_r128,final,v1,hidden_cosine_loss,0.02882939577102661,232e3b08d10919ca24932ad0a0135e46119ecfd5,1.7881393432617188e-06,aime24:p15:s0:seed15042,822cea1aaf72daad98cf9ddb629a4d3a79650451920bd62395ce83a00ac9a58b
0.2413773776497692,matched_path_accumulation_v1,512,pattern_rolling_k2v2_s16_r128,final,v1,hidden_relative_L2,0.2430904060602188,232e3b08d10919ca24932ad0a0135e46119ecfd5,0.001713028410449624,aime24:p15:s0:seed15042,822cea1aaf72daad98cf9ddb629a4d3a79650451920bd62395ce83a00ac9a58b
0.2413773776497692,matched_path_accumulation_v1,512,pattern_rolling_k2v2_s16_r128,final,v1,attention_output_relative_L2,0.2430904060602188,232e3b08d10919ca24932ad0a0135e46119ecfd5,0.001713028410449624,aime24:p15:s0:seed15042,822cea1aaf72daad98cf9ddb629a4d3a79650451920bd62395ce83a00ac9a58b
0.02312587495823948,matched_path_accumulation_v1,512,pattern_rolling_k2v2_s16_r128,final,v1,next_token_KL,0.023126015439629555,232e3b08d10919ca24932ad0a0135e46119ecfd5,1.404813900762747e-07,aime24:p15:s0:seed15042,822cea1aaf72daad98cf9ddb629a4d3a79650451920bd62395ce83a00ac9a58b
0.00703470129519701,matched_path_accumulation_v1,512,pattern_rolling_k2v2_s16_r128,final,v1,next_token_JS,0.00703470129519701,232e3b08d10919ca24932ad0a0135e46119ecfd5,0.0,aime24:p15:s0:seed15042,822cea1aaf72daad98cf9ddb629a4d3a79650451920bd62395ce83a00ac9a58b
0.04383901692926884,matched_path_accumulation_v1,512,pattern_rolling_k2v2_s16_r128,final,v1,target_token_NLL_delta,0.04383866861462593,232e3b08d10919ca24932ad0a0135e46119ecfd5,-3.4831464290618896e-07,aime24:p15:s0:seed15042,822cea1aaf72daad98cf9ddb629a4d3a79650451920bd62395ce83a00ac9a58b
0.0,matched_path_accumulation_v1,512,pattern_rolling_k2v2_s16_r128,final,v1,top1_disagreement,0.0,232e3b08d10919ca24932ad0a0135e46119ecfd5,0.0,aime24:p15:s0:seed15042,822cea1aaf72daad98cf9ddb629a4d3a79650451920bd62395ce83a00ac9a58b
3.6806640625,matched_path_accumulation_v1,512,pattern_rolling_k2v2_s16_r128,final,v1,logit_max_abs_diff,3.6962890625,232e3b08d10919ca24932ad0a0135e46119ecfd5,0.015625,aime24:p15:s0:seed15042,822cea1aaf72daad98cf9ddb629a4d3a79650451920bd62395ce83a00ac9a58b
0.007894575595855713,matched_path_accumulation_v1,1024,pattern_rolling_k2v2_s16_r128,final,v1,hidden_cosine_loss,0.0078965425491333,232e3b08d10919ca24932ad0a0135e46119ecfd5,1.9669532775878906e-06,aime24:p15:s0:seed15042,822cea1aaf72daad98cf9ddb629a4d3a79650451920bd62395ce83a00ac9a58b
0.12369883933570236,matched_path_accumulation_v1,1024,pattern_rolling_k2v2_s16_r128,final,v1,hidden_relative_L2,0.12545329332351685,232e3b08d10919ca24932ad0a0135e46119ecfd5,0.001754453987814486,aime24:p15:s0:seed15042,822cea1aaf72daad98cf9ddb629a4d3a79650451920bd62395ce83a00ac9a58b
0.12369883933570236,matched_path_accumulation_v1,1024,pattern_rolling_k2v2_s16_r128,final,v1,attention_output_relative_L2,0.12545329332351685,232e3b08d10919ca24932ad0a0135e46119ecfd5,0.001754453987814486,aime24:p15:s0:seed15042,822cea1aaf72daad98cf9ddb629a4d3a79650451920bd62395ce83a00ac9a58b
0.0007757369857159802,matched_path_accumulation_v1,1024,pattern_rolling_k2v2_s16_r128,final,v1,next_token_KL,0.0007758297142572701,232e3b08d10919ca24932ad0a0135e46119ecfd5,9.272854128994368e-08,aime24:p15:s0:seed15042,822cea1aaf72daad98cf9ddb629a4d3a79650451920bd62395ce83a00ac9a58b
0.00019156055176239306,matched_path_accumulation_v1,1024,pattern_rolling_k2v2_s16_r128,final,v1,next_token_JS,0.00019156128109898418,232e3b08d10919ca24932ad0a0135e46119ecfd5,7.293365911209548e-10,aime24:p15:s0:seed15042,822cea1aaf72daad98cf9ddb629a4d3a79650451920bd62395ce83a00ac9a58b
-0.008057177066802979,matched_path_accumulation_v1,1024,pattern_rolling_k2v2_s16_r128,final,v1,target_token_NLL_delta,-0.008060581982135773,232e3b08d10919ca24932ad0a0135e46119ecfd5,-3.4049153327941895e-06,aime24:p15:s0:seed15042,822cea1aaf72daad98cf9ddb629a4d3a79650451920bd62395ce83a00ac9a58b
0.0,matched_path_accumulation_v1,1024,pattern_rolling_k2v2_s16_r128,final,v1,top1_disagreement,0.0,232e3b08d10919ca24932ad0a0135e46119ecfd5,0.0,aime24:p15:s0:seed15042,822cea1aaf72daad98cf9ddb629a4d3a79650451920bd62395ce83a00ac9a58b
1.34375,matched_path_accumulation_v1,1024,pattern_rolling_k2v2_s16_r128,final,v1,logit_max_abs_diff,1.359375,232e3b08d10919ca24932ad0a0135e46119ecfd5,0.015625,aime24:p15:s0:seed15042,822cea1aaf72daad98cf9ddb629a4d3a79650451920bd62395ce83a00ac9a58b
0.005752921104431152,matched_path_accumulation_v1,2048,pattern_rolling_k2v2_s16_r128,final,v1,hidden_cosine_loss,0.00575411319732666,232e3b08d10919ca24932ad0a0135e46119ecfd5,1.1920928955078125e-06,aime24:p15:s0:seed15042,822cea1aaf72daad98cf9ddb629a4d3a79650451920bd62395ce83a00ac9a58b
0.10610159393399954,matched_path_accumulation_v1,2048,pattern_rolling_k2v2_s16_r128,final,v1,hidden_relative_L2,0.1073901504278183,232e3b08d10919ca24932ad0a0135e46119ecfd5,0.00128855649381876,aime24:p15:s0:seed15042,822cea1aaf72daad98cf9ddb629a4d3a79650451920bd62395ce83a00ac9a58b
0.10610159393399954,matched_path_accumulation_v1,2048,pattern_rolling_k2v2_s16_r128,final,v1,attention_output_relative_L2,0.1073901504278183,232e3b08d10919ca24932ad0a0135e46119ecfd5,0.00128855649381876,aime24:p15:s0:seed15042,822cea1aaf72daad98cf9ddb629a4d3a79650451920bd62395ce83a00ac9a58b
0.006103400606662035,matched_path_accumulation_v1,2048,pattern_rolling_k2v2_s16_r128,final,v1,next_token_KL,0.006103400606662035,232e3b08d10919ca24932ad0a0135e46119ecfd5,0.0,aime24:p15:s0:seed15042,822cea1aaf72daad98cf9ddb629a4d3a79650451920bd62395ce83a00ac9a58b
0.0016083040866092801,matched_path_accumulation_v1,2048,pattern_rolling_k2v2_s16_r128,final,v1,next_token_JS,0.0016083356458693743,232e3b08d10919ca24932ad0a0135e46119ecfd5,3.155926009412724e-08,aime24:p15:s0:seed15042,822cea1aaf72daad98cf9ddb629a4d3a79650451920bd62395ce83a00ac9a58b
0.07276332378387451,matched_path_accumulation_v1,2048,pattern_rolling_k2v2_s16_r128,final,v1,target_token_NLL_delta,0.07276862859725952,232e3b08d10919ca24932ad0a0135e46119ecfd5,5.304813385009766e-06,aime24:p15:s0:seed15042,822cea1aaf72daad98cf9ddb629a4d3a79650451920bd62395ce83a00ac9a58b
0.0,matched_path_accumulation_v1,2048,pattern_rolling_k2v2_s16_r128,final,v1,top1_disagreement,0.0,232e3b08d10919ca24932ad0a0135e46119ecfd5,0.0,aime24:p15:s0:seed15042,822cea1aaf72daad98cf9ddb629a4d3a79650451920bd62395ce83a00ac9a58b
1.166015625,matched_path_accumulation_v1,2048,pattern_rolling_k2v2_s16_r128,final,v1,logit_max_abs_diff,1.177734375,232e3b08d10919ca24932ad0a0135e46119ecfd5,0.01171875,aime24:p15:s0:seed15042,822cea1aaf72daad98cf9ddb629a4d3a79650451920bd62395ce83a00ac9a58b
0.023343026638031006,matched_path_accumulation_v1,4096,pattern_rolling_k2v2_s16_r128,final,v1,hidden_cosine_loss,0.02334761619567871,232e3b08d10919ca24932ad0a0135e46119ecfd5,4.589557647705078e-06,aime24:p15:s0:seed15042,822cea1aaf72daad98cf9ddb629a4d3a79650451920bd62395ce83a00ac9a58b
0.2220342478249222,matched_path_accumulation_v1,4096,pattern_rolling_k2v2_s16_r128,final,v1,hidden_relative_L2,0.2249264121055603,232e3b08d10919ca24932ad0a0135e46119ecfd5,0.0028921642806380987,aime24:p15:s0:seed15042,822cea1aaf72daad98cf9ddb629a4d3a79650451920bd62395ce83a00ac9a58b
0.2220342478249222,matched_path_accumulation_v1,4096,pattern_rolling_k2v2_s16_r128,final,v1,attention_output_relative_L2,0.2249264121055603,232e3b08d10919ca24932ad0a0135e46119ecfd5,0.0028921642806380987,aime24:p15:s0:seed15042,822cea1aaf72daad98cf9ddb629a4d3a79650451920bd62395ce83a00ac9a58b
0.00011106312012998387,matched_path_accumulation_v1,4096,pattern_rolling_k2v2_s16_r128,final,v1,next_token_KL,0.00011106312012998387,232e3b08d10919ca24932ad0a0135e46119ecfd5,0.0,aime24:p15:s0:seed15042,822cea1aaf72daad98cf9ddb629a4d3a79650451920bd62395ce83a00ac9a58b
3.093697887379676e-05,matched_path_accumulation_v1,4096,pattern_rolling_k2v2_s16_r128,final,v1,next_token_JS,3.093697887379676e-05,232e3b08d10919ca24932ad0a0135e46119ecfd5,0.0,aime24:p15:s0:seed15042,822cea1aaf72daad98cf9ddb629a4d3a79650451920bd62395ce83a00ac9a58b
0.00036420742981135845,matched_path_accumulation_v1,4096,pattern_rolling_k2v2_s16_r128,final,v1,target_token_NLL_delta,0.0003676631022244692,232e3b08d10919ca24932ad0a0135e46119ecfd5,3.455672413110733e-06,aime24:p15:s0:seed15042,822cea1aaf72daad98cf9ddb629a4d3a79650451920bd62395ce83a00ac9a58b
0.0,matched_path_accumulation_v1,4096,pattern_rolling_k2v2_s16_r128,final,v1,top1_disagreement,0.0,232e3b08d10919ca24932ad0a0135e46119ecfd5,0.0,aime24:p15:s0:seed15042,822cea1aaf72daad98cf9ddb629a4d3a79650451920bd62395ce83a00ac9a58b
1.73583984375,matched_path_accumulation_v1,4096,pattern_rolling_k2v2_s16_r128,final,v1,logit_max_abs_diff,1.76025390625,232e3b08d10919ca24932ad0a0135e46119ecfd5,0.0244140625,aime24:p15:s0:seed15042,822cea1aaf72daad98cf9ddb629a4d3a79650451920bd62395ce83a00ac9a58b
-1.0728836059570312e-06,matched_path_accumulation_v1,128,pattern_rolling_k2v2_s16_r128,final,v1,hidden_cosine_loss,3.0994415283203125e-06,232e3b08d10919ca24932ad0a0135e46119ecfd5,4.172325134277344e-06,aime24:p17:s0:seed17042,69e6e42dc75e6e4dd872f1d902c29c4269171195229da34733e720e66cc0cbb3
-0.00044818222522735596,matched_path_accumulation_v1,128,pattern_rolling_k2v2_s16_r128,final,v1,hidden_relative_L2,0.0023232295643538237,232e3b08d10919ca24932ad0a0135e46119ecfd5,0.0027714117895811796,aime24:p17:s0:seed17042,69e6e42dc75e6e4dd872f1d902c29c4269171195229da34733e720e66cc0cbb3
-0.00044818222522735596,matched_path_accumulation_v1,128,pattern_rolling_k2v2_s16_r128,final,v1,attention_output_relative_L2,0.0023232295643538237,232e3b08d10919ca24932ad0a0135e46119ecfd5,0.0027714117895811796,aime24:p17:s0:seed17042,69e6e42dc75e6e4dd872f1d902c29c4269171195229da34733e720e66cc0cbb3
7.324277248699218e-06,matched_path_accumulation_v1,128,pattern_rolling_k2v2_s16_r128,final,v1,next_token_KL,5.1472361519699916e-05,232e3b08d10919ca24932ad0a0135e46119ecfd5,4.41480842710007e-05,aime24:p17:s0:seed17042,69e6e42dc75e6e4dd872f1d902c29c4269171195229da34733e720e66cc0cbb3
1.7059537640307099e-06,matched_path_accumulation_v1,128,pattern_rolling_k2v2_s16_r128,final,v1,next_token_JS,1.2875289030489512e-05,232e3b08d10919ca24932ad0a0135e46119ecfd5,1.1169335266458802e-05,aime24:p17:s0:seed17042,69e6e42dc75e6e4dd872f1d902c29c4269171195229da34733e720e66cc0cbb3
-0.0066089630126953125,matched_path_accumulation_v1,128,pattern_rolling_k2v2_s16_r128,final,v1,target_token_NLL_delta,-0.004187107086181641,232e3b08d10919ca24932ad0a0135e46119ecfd5,0.002421855926513672,aime24:p17:s0:seed17042,69e6e42dc75e6e4dd872f1d902c29c4269171195229da34733e720e66cc0cbb3
0.0,matched_path_accumulation_v1,128,pattern_rolling_k2v2_s16_r128,final,v1,top1_disagreement,0.0,232e3b08d10919ca24932ad0a0135e46119ecfd5,0.0,aime24:p17:s0:seed17042,69e6e42dc75e6e4dd872f1d902c29c4269171195229da34733e720e66cc0cbb3
-0.0078125,matched_path_accumulation_v1,128,pattern_rolling_k2v2_s16_r128,final,v1,logit_max_abs_diff,0.0234375,232e3b08d10919ca24932ad0a0135e46119ecfd5,0.03125,aime24:p17:s0:seed17042,69e6e42dc75e6e4dd872f1d902c29c4269171195229da34733e720e66cc0cbb3
0.005316197872161865,matched_path_accumulation_v1,512,pattern_rolling_k2v2_s16_r128,final,v1,hidden_cosine_loss,0.005319535732269287,232e3b08d10919ca24932ad0a0135e46119ecfd5,3.337860107421875e-06,aime24:p17:s0:seed17042,69e6e42dc75e6e4dd872f1d902c29c4269171195229da34733e720e66cc0cbb3
0.10088392137549818,matched_path_accumulation_v1,512,pattern_rolling_k2v2_s16_r128,final,v1,hidden_relative_L2,0.10343160480260849,232e3b08d10919ca24932ad0a0135e46119ecfd5,0.0025476834271103144,aime24:p17:s0:seed17042,69e6e42dc75e6e4dd872f1d902c29c4269171195229da34733e720e66cc0cbb3
0.10088392137549818,matched_path_accumulation_v1,512,pattern_rolling_k2v2_s16_r128,final,v1,attention_output_relative_L2,0.10343160480260849,232e3b08d10919ca24932ad0a0135e46119ecfd5,0.0025476834271103144,aime24:p17:s0:seed17042,69e6e42dc75e6e4dd872f1d902c29c4269171195229da34733e720e66cc0cbb3
0.008151018764692708,matched_path_accumulation_v1,512,pattern_rolling_k2v2_s16_r128,final,v1,next_token_KL,0.008158319629728794,232e3b08d10919ca24932ad0a0135e46119ecfd5,7.300865036086179e-06,aime24:p17:s0:seed17042,69e6e42dc75e6e4dd872f1d902c29c4269171195229da34733e720e66cc0cbb3
0.0018588497613336585,matched_path_accumulation_v1,512,pattern_rolling_k2v2_s16_r128,final,v1,next_token_JS,0.001860658172518015,232e3b08d10919ca24932ad0a0135e46119ecfd5,1.8084111843563733e-06,aime24:p17:s0:seed17042,69e6e42dc75e6e4dd872f1d902c29c4269171195229da34733e720e66cc0cbb3
-0.027206312865018845,matched_path_accumulation_v1,512,pattern_rolling_k2v2_s16_r128,final,v1,target_token_NLL_delta,-0.02820921316742897,232e3b08d10919ca24932ad0a0135e46119ecfd5,-0.0010029003024101257,aime24:p17:s0:seed17042,69e6e42dc75e6e4dd872f1d902c29c4269171195229da34733e720e66cc0cbb3
0.0,matched_path_accumulation_v1,512,pattern_rolling_k2v2_s16_r128,final,v1,top1_disagreement,0.0,232e3b08d10919ca24932ad0a0135e46119ecfd5,0.0,aime24:p17:s0:seed17042,69e6e42dc75e6e4dd872f1d902c29c4269171195229da34733e720e66cc0cbb3
0.83203125,matched_path_accumulation_v1,512,pattern_rolling_k2v2_s16_r128,final,v1,logit_max_abs_diff,0.8515625,232e3b08d10919ca24932ad0a0135e46119ecfd5,0.01953125,aime24:p17:s0:seed17042,69e6e42dc75e6e4dd872f1d902c29c4269171195229da34733e720e66cc0cbb3
0.01524055004119873,matched_path_accumulation_v1,1024,pattern_rolling_k2v2_s16_r128,final,v1,hidden_cosine_loss,0.015242695808410645,232e3b08d10919ca24932ad0a0135e46119ecfd5,2.1457672119140625e-06,aime24:p17:s0:seed17042,69e6e42dc75e6e4dd872f1d902c29c4269171195229da34733e720e66cc0cbb3
0.1740762423723936,matched_path_accumulation_v1,1024,pattern_rolling_k2v2_s16_r128,final,v1,hidden_relative_L2,0.17606312036514282,232e3b08d10919ca24932ad0a0135e46119ecfd5,0.001986877992749214,aime24:p17:s0:seed17042,69e6e42dc75e6e4dd872f1d902c29c4269171195229da34733e720e66cc0cbb3
0.1740762423723936,matched_path_accumulation_v1,1024,pattern_rolling_k2v2_s16_r128,final,v1,attention_output_relative_L2,0.17606312036514282,232e3b08d10919ca24932ad0a0135e46119ecfd5,0.001986877992749214,aime24:p17:s0:seed17042,69e6e42dc75e6e4dd872f1d902c29c4269171195229da34733e720e66cc0cbb3
5.020713729209092e-07,matched_path_accumulation_v1,1024,pattern_rolling_k2v2_s16_r128,final,v1,next_token_KL,5.020713729209092e-07,232e3b08d10919ca24932ad0a0135e46119ecfd5,0.0,aime24:p17:s0:seed17042,69e6e42dc75e6e4dd872f1d902c29c4269171195229da34733e720e66cc0cbb3
1.5105373485369e-07,matched_path_accumulation_v1,1024,pattern_rolling_k2v2_s16_r128,final,v1,next_token_JS,1.5124857100090594e-07,232e3b08d10919ca24932ad0a0135e46119ecfd5,1.9483614721593767e-10,aime24:p17:s0:seed17042,69e6e42dc75e6e4dd872f1d902c29c4269171195229da34733e720e66cc0cbb3
7.152511898311786e-07,matched_path_accumulation_v1,1024,pattern_rolling_k2v2_s16_r128,final,v1,target_token_NLL_delta,5.960428097750992e-07,232e3b08d10919ca24932ad0a0135e46119ecfd5,-1.1920838005607948e-07,aime24:p17:s0:seed17042,69e6e42dc75e6e4dd872f1d902c29c4269171195229da34733e720e66cc0cbb3
0.0,matched_path_accumulation_v1,1024,pattern_rolling_k2v2_s16_r128,final,v1,top1_disagreement,0.0,232e3b08d10919ca24932ad0a0135e46119ecfd5,0.0,aime24:p17:s0:seed17042,69e6e42dc75e6e4dd872f1d902c29c4269171195229da34733e720e66cc0cbb3
1.458984375,matched_path_accumulation_v1,1024,pattern_rolling_k2v2_s16_r128,final,v1,logit_max_abs_diff,1.474609375,232e3b08d10919ca24932ad0a0135e46119ecfd5,0.015625,aime24:p17:s0:seed17042,69e6e42dc75e6e4dd872f1d902c29c4269171195229da34733e720e66cc0cbb3
0.007476389408111572,matched_path_accumulation_v1,2048,pattern_rolling_k2v2_s16_r128,final,v1,hidden_cosine_loss,0.0074797868728637695,232e3b08d10919ca24932ad0a0135e46119ecfd5,3.3974647521972656e-06,aime24:p17:s0:seed17042,69e6e42dc75e6e4dd872f1d902c29c4269171195229da34733e720e66cc0cbb3
0.12067527580074966,matched_path_accumulation_v1,2048,pattern_rolling_k2v2_s16_r128,final,v1,hidden_relative_L2,0.12315963208675385,232e3b08d10919ca24932ad0a0135e46119ecfd5,0.0024843562860041857,aime24:p17:s0:seed17042,69e6e42dc75e6e4dd872f1d902c29c4269171195229da34733e720e66cc0cbb3
0.12067527580074966,matched_path_accumulation_v1,2048,pattern_rolling_k2v2_s16_r128,final,v1,attention_output_relative_L2,0.12315963208675385,232e3b08d10919ca24932ad0a0135e46119ecfd5,0.0024843562860041857,aime24:p17:s0:seed17042,69e6e42dc75e6e4dd872f1d902c29c4269171195229da34733e720e66cc0cbb3
2.4809601200104225e-06,matched_path_accumulation_v1,2048,pattern_rolling_k2v2_s16_r128,final,v1,next_token_KL,2.4809601200104225e-06,232e3b08d10919ca24932ad0a0135e46119ecfd5,0.0,aime24:p17:s0:seed17042,69e6e42dc75e6e4dd872f1d902c29c4269171195229da34733e720e66cc0cbb3
7.121342733285019e-07,matched_path_accumulation_v1,2048,pattern_rolling_k2v2_s16_r128,final,v1,next_token_JS,7.335361260629725e-07,232e3b08d10919ca24932ad0a0135e46119ecfd5,2.1401852734470594e-08,aime24:p17:s0:seed17042,69e6e42dc75e6e4dd872f1d902c29c4269171195229da34733e720e66cc0cbb3
1.8355640349909663e-05,matched_path_accumulation_v1,2048,pattern_rolling_k2v2_s16_r128,final,v1,target_token_NLL_delta,2.026274160016328e-05,232e3b08d10919ca24932ad0a0135e46119ecfd5,1.9071012502536178e-06,aime24:p17:s0:seed17042,69e6e42dc75e6e4dd872f1d902c29c4269171195229da34733e720e66cc0cbb3
0.0,matched_path_accumulation_v1,2048,pattern_rolling_k2v2_s16_r128,final,v1,top1_disagreement,0.0,232e3b08d10919ca24932ad0a0135e46119ecfd5,0.0,aime24:p17:s0:seed17042,69e6e42dc75e6e4dd872f1d902c29c4269171195229da34733e720e66cc0cbb3
1.0546875,matched_path_accumulation_v1,2048,pattern_rolling_k2v2_s16_r128,final,v1,logit_max_abs_diff,1.078125,232e3b08d10919ca24932ad0a0135e46119ecfd5,0.0234375,aime24:p17:s0:seed17042,69e6e42dc75e6e4dd872f1d902c29c4269171195229da34733e720e66cc0cbb3
0.0048593878746032715,matched_path_accumulation_v1,4096,pattern_rolling_k2v2_s16_r128,final,v1,hidden_cosine_loss,0.004862010478973389,232e3b08d10919ca24932ad0a0135e46119ecfd5,2.6226043701171875e-06,aime24:p17:s0:seed17042,69e6e42dc75e6e4dd872f1d902c29c4269171195229da34733e720e66cc0cbb3
0.09645544760860503,matched_path_accumulation_v1,4096,pattern_rolling_k2v2_s16_r128,final,v1,hidden_relative_L2,0.09865833818912506,232e3b08d10919ca24932ad0a0135e46119ecfd5,0.002202890580520034,aime24:p17:s0:seed17042,69e6e42dc75e6e4dd872f1d902c29c4269171195229da34733e720e66cc0cbb3
0.09645544760860503,matched_path_accumulation_v1,4096,pattern_rolling_k2v2_s16_r128,final,v1,attention_output_relative_L2,0.09865833818912506,232e3b08d10919ca24932ad0a0135e46119ecfd5,0.002202890580520034,aime24:p17:s0:seed17042,69e6e42dc75e6e4dd872f1d902c29c4269171195229da34733e720e66cc0cbb3
4.671355018359691e-07,matched_path_accumulation_v1,4096,pattern_rolling_k2v2_s16_r128,final,v1,next_token_KL,4.836352331949456e-07,232e3b08d10919ca24932ad0a0135e46119ecfd5,1.6499731358976533e-08,aime24:p17:s0:seed17042,69e6e42dc75e6e4dd872f1d902c29c4269171195229da34733e720e66cc0cbb3
1.3126988829270658e-07,matched_path_accumulation_v1,4096,pattern_rolling_k2v2_s16_r128,final,v1,next_token_JS,1.3132364529155893e-07,232e3b08d10919ca24932ad0a0135e46119ecfd5,5.375699885235008e-11,aime24:p17:s0:seed17042,69e6e42dc75e6e4dd872f1d902c29c4269171195229da34733e720e66cc0cbb3
1.9073372641287278e-06,matched_path_accumulation_v1,4096,pattern_rolling_k2v2_s16_r128,final,v1,target_token_NLL_delta,1.9073372641287278e-06,232e3b08d10919ca24932ad0a0135e46119ecfd5,0.0,aime24:p17:s0:seed17042,69e6e42dc75e6e4dd872f1d902c29c4269171195229da34733e720e66cc0cbb3
0.0,matched_path_accumulation_v1,4096,pattern_rolling_k2v2_s16_r128,final,v1,top1_disagreement,0.0,232e3b08d10919ca24932ad0a0135e46119ecfd5,0.0,aime24:p17:s0:seed17042,69e6e42dc75e6e4dd872f1d902c29c4269171195229da34733e720e66cc0cbb3
0.9404296875,matched_path_accumulation_v1,4096,pattern_rolling_k2v2_s16_r128,final,v1,logit_max_abs_diff,0.9638671875,232e3b08d10919ca24932ad0a0135e46119ecfd5,0.0234375,aime24:p17:s0:seed17042,69e6e42dc75e6e4dd872f1d902c29c4269171195229da34733e720e66cc0cbb3
-1.1920928955078125e-07,matched_path_accumulation_v1,128,patternkv_paper,final,v1,hidden_cosine_loss,2.205371856689453e-06,232e3b08d10919ca24932ad0a0135e46119ecfd5,2.3245811462402344e-06,aime24:p12:s0:seed12042,7754635042ebef112c4b83e17b7500a20db8f14bba0fb44fd8575864e04baa05
1.2018019333481789e-05,matched_path_accumulation_v1,128,patternkv_paper,final,v1,hidden_relative_L2,0.0020886568818241358,232e3b08d10919ca24932ad0a0135e46119ecfd5,0.002076638862490654,aime24:p12:s0:seed12042,7754635042ebef112c4b83e17b7500a20db8f14bba0fb44fd8575864e04baa05
1.2018019333481789e-05,matched_path_accumulation_v1,128,patternkv_paper,final,v1,attention_output_relative_L2,0.0020886568818241358,232e3b08d10919ca24932ad0a0135e46119ecfd5,0.002076638862490654,aime24:p12:s0:seed12042,7754635042ebef112c4b83e17b7500a20db8f14bba0fb44fd8575864e04baa05
1.662789905765294e-08,matched_path_accumulation_v1,128,patternkv_paper,final,v1,next_token_KL,1.662789905765294e-08,232e3b08d10919ca24932ad0a0135e46119ecfd5,0.0,aime24:p12:s0:seed12042,7754635042ebef112c4b83e17b7500a20db8f14bba0fb44fd8575864e04baa05
-1.3964607248340144e-10,matched_path_accumulation_v1,128,patternkv_paper,final,v1,next_token_JS,9.671596856719589e-11,232e3b08d10919ca24932ad0a0135e46119ecfd5,2.3636204105059733e-10,aime24:p12:s0:seed12042,7754635042ebef112c4b83e17b7500a20db8f14bba0fb44fd8575864e04baa05
1.1920838005607948e-07,matched_path_accumulation_v1,128,patternkv_paper,final,v1,target_token_NLL_delta,0.0,232e3b08d10919ca24932ad0a0135e46119ecfd5,-1.1920838005607948e-07,aime24:p12:s0:seed12042,7754635042ebef112c4b83e17b7500a20db8f14bba0fb44fd8575864e04baa05
0.0,matched_path_accumulation_v1,128,patternkv_paper,final,v1,top1_disagreement,0.0,232e3b08d10919ca24932ad0a0135e46119ecfd5,0.0,aime24:p12:s0:seed12042,7754635042ebef112c4b83e17b7500a20db8f14bba0fb44fd8575864e04baa05
-0.00390625,matched_path_accumulation_v1,128,patternkv_paper,final,v1,logit_max_abs_diff,0.01953125,232e3b08d10919ca24932ad0a0135e46119ecfd5,0.0234375,aime24:p12:s0:seed12042,7754635042ebef112c4b83e17b7500a20db8f14bba0fb44fd8575864e04baa05
0.14149290323257446,matched_path_accumulation_v1,512,patternkv_paper,final,v1,hidden_cosine_loss,0.1414957046508789,232e3b08d10919ca24932ad0a0135e46119ecfd5,2.8014183044433594e-06,aime24:p12:s0:seed12042,7754635042ebef112c4b83e17b7500a20db8f14bba0fb44fd8575864e04baa05
0.5178095721639693,matched_path_accumulation_v1,512,patternkv_paper,final,v1,hidden_relative_L2,0.5201375484466553,232e3b08d10919ca24932ad0a0135e46119ecfd5,0.002327976282685995,aime24:p12:s0:seed12042,7754635042ebef112c4b83e17b7500a20db8f14bba0fb44fd8575864e04baa05
0.5178095721639693,matched_path_accumulation_v1,512,patternkv_paper,final,v1,attention_output_relative_L2,0.5201375484466553,232e3b08d10919ca24932ad0a0135e46119ecfd5,0.002327976282685995,aime24:p12:s0:seed12042,7754635042ebef112c4b83e17b7500a20db8f14bba0fb44fd8575864e04baa05
0.0017494868171183953,matched_path_accumulation_v1,512,patternkv_paper,final,v1,next_token_KL,0.0017498532542958856,232e3b08d10919ca24932ad0a0135e46119ecfd5,3.6643717749029747e-07,aime24:p12:s0:seed12042,7754635042ebef112c4b83e17b7500a20db8f14bba0fb44fd8575864e04baa05
0.0005175962996339933,matched_path_accumulation_v1,512,patternkv_paper,final,v1,next_token_JS,0.0005176387494429946,232e3b08d10919ca24932ad0a0135e46119ecfd5,4.2449809001254835e-08,aime24:p12:s0:seed12042,7754635042ebef112c4b83e17b7500a20db8f14bba0fb44fd8575864e04baa05
0.003435596707277,matched_path_accumulation_v1,512,patternkv_paper,final,v1,target_token_NLL_delta,0.0034566684626042843,232e3b08d10919ca24932ad0a0135e46119ecfd5,2.1071755327284336e-05,aime24:p12:s0:seed12042,7754635042ebef112c4b83e17b7500a20db8f14bba0fb44fd8575864e04baa05
0.0,matched_path_accumulation_v1,512,patternkv_paper,final,v1,top1_disagreement,0.0,232e3b08d10919ca24932ad0a0135e46119ecfd5,0.0,aime24:p12:s0:seed12042,7754635042ebef112c4b83e17b7500a20db8f14bba0fb44fd8575864e04baa05
5.1416015625,matched_path_accumulation_v1,512,patternkv_paper,final,v1,logit_max_abs_diff,5.1630859375,232e3b08d10919ca24932ad0a0135e46119ecfd5,0.021484375,aime24:p12:s0:seed12042,7754635042ebef112c4b83e17b7500a20db8f14bba0fb44fd8575864e04baa05
0.06487852334976196,matched_path_accumulation_v1,1024,patternkv_paper,final,v1,hidden_cosine_loss,0.06488072872161865,232e3b08d10919ca24932ad0a0135e46119ecfd5,2.205371856689453e-06,aime24:p12:s0:seed12042,7754635042ebef112c4b83e17b7500a20db8f14bba0fb44fd8575864e04baa05
0.36368407611735165,matched_path_accumulation_v1,1024,patternkv_paper,final,v1,hidden_relative_L2,0.36571890115737915,232e3b08d10919ca24932ad0a0135e46119ecfd5,0.002034825040027499,aime24:p12:s0:seed12042,7754635042ebef112c4b83e17b7500a20db8f14bba0fb44fd8575864e04baa05
0.36368407611735165,matched_path_accumulation_v1,1024,patternkv_paper,final,v1,attention_output_relative_L2,0.36571890115737915,232e3b08d10919ca24932ad0a0135e46119ecfd5,0.002034825040027499,aime24:p12:s0:seed12042,7754635042ebef112c4b83e17b7500a20db8f14bba0fb44fd8575864e04baa05
0.0013797700816553515,matched_path_accumulation_v1,1024,patternkv_paper,final,v1,next_token_KL,0.0013797857100144029,232e3b08d10919ca24932ad0a0135e46119ecfd5,1.5628359051333973e-08,aime24:p12:s0:seed12042,7754635042ebef112c4b83e17b7500a20db8f14bba0fb44fd8575864e04baa05
0.00037756344800143893,matched_path_accumulation_v1,1024,patternkv_paper,final,v1,next_token_JS,0.0003776024095714092,232e3b08d10919ca24932ad0a0135e46119ecfd5,3.8961569970297205e-08,aime24:p12:s0:seed12042,7754635042ebef112c4b83e17b7500a20db8f14bba0fb44fd8575864e04baa05
0.0019605858251452446,matched_path_accumulation_v1,1024,patternkv_paper,final,v1,target_token_NLL_delta,0.001953946426510811,232e3b08d10919ca24932ad0a0135e46119ecfd5,-6.639398634433746e-06,aime24:p12:s0:seed12042,7754635042ebef112c4b83e17b7500a20db8f14bba0fb44fd8575864e04baa05
0.0,matched_path_accumulation_v1,1024,patternkv_paper,final,v1,top1_disagreement,0.0,232e3b08d10919ca24932ad0a0135e46119ecfd5,0.0,aime24:p12:s0:seed12042,7754635042ebef112c4b83e17b7500a20db8f14bba0fb44fd8575864e04baa05
3.55859375,matched_path_accumulation_v1,1024,patternkv_paper,final,v1,logit_max_abs_diff,3.58203125,232e3b08d10919ca24932ad0a0135e46119ecfd5,0.0234375,aime24:p12:s0:seed12042,7754635042ebef112c4b83e17b7500a20db8f14bba0fb44fd8575864e04baa05
0.05135577917098999,matched_path_accumulation_v1,2048,patternkv_paper,final,v1,hidden_cosine_loss,0.0513576865196228,232e3b08d10919ca24932ad0a0135e46119ecfd5,1.9073486328125e-06,aime24:p12:s0:seed12042,7754635042ebef112c4b83e17b7500a20db8f14bba0fb44fd8575864e04baa05
0.31924033095128834,matched_path_accumulation_v1,2048,patternkv_paper,final,v1,hidden_relative_L2,0.320986807346344,232e3b08d10919ca24932ad0a0135e46119ecfd5,0.0017464763950556517,aime24:p12:s0:seed12042,7754635042ebef112c4b83e17b7500a20db8f14bba0fb44fd8575864e04baa05
0.31924033095128834,matched_path_accumulation_v1,2048,patternkv_paper,final,v1,attention_output_relative_L2,0.320986807346344,232e3b08d10919ca24932ad0a0135e46119ecfd5,0.0017464763950556517,aime24:p12:s0:seed12042,7754635042ebef112c4b83e17b7500a20db8f14bba0fb44fd8575864e04baa05
0.05093632788921276,matched_path_accumulation_v1,2048,patternkv_paper,final,v1,next_token_KL,0.05093633756041527,232e3b08d10919ca24932ad0a0135e46119ecfd5,9.671202505501242e-09,aime24:p12:s0:seed12042,7754635042ebef112c4b83e17b7500a20db8f14bba0fb44fd8575864e04baa05
0.012513302898987888,matched_path_accumulation_v1,2048,patternkv_paper,final,v1,next_token_JS,0.012513342313468456,232e3b08d10919ca24932ad0a0135e46119ecfd5,3.941448056821173e-08,aime24:p12:s0:seed12042,7754635042ebef112c4b83e17b7500a20db8f14bba0fb44fd8575864e04baa05
-0.2795256972312927,matched_path_accumulation_v1,2048,patternkv_paper,final,v1,target_token_NLL_delta,-0.27952510118484497,232e3b08d10919ca24932ad0a0135e46119ecfd5,5.960464477539062e-07,aime24:p12:s0:seed12042,7754635042ebef112c4b83e17b7500a20db8f14bba0fb44fd8575864e04baa05
0.0,matched_path_accumulation_v1,2048,patternkv_paper,final,v1,top1_disagreement,0.0,232e3b08d10919ca24932ad0a0135e46119ecfd5,0.0,aime24:p12:s0:seed12042,7754635042ebef112c4b83e17b7500a20db8f14bba0fb44fd8575864e04baa05
3.43359375,matched_path_accumulation_v1,2048,patternkv_paper,final,v1,logit_max_abs_diff,3.453125,232e3b08d10919ca24932ad0a0135e46119ecfd5,0.01953125,aime24:p12:s0:seed12042,7754635042ebef112c4b83e17b7500a20db8f14bba0fb44fd8575864e04baa05
0.09845870733261108,matched_path_accumulation_v1,4096,patternkv_paper,final,v1,hidden_cosine_loss,0.09846043586730957,232e3b08d10919ca24932ad0a0135e46119ecfd5,1.7285346984863281e-06,aime24:p12:s0:seed12042,7754635042ebef112c4b83e17b7500a20db8f14bba0fb44fd8575864e04baa05
0.44101465435232967,matched_path_accumulation_v1,4096,patternkv_paper,final,v1,hidden_relative_L2,0.44275566935539246,232e3b08d10919ca24932ad0a0135e46119ecfd5,0.0017410150030627847,aime24:p12:s0:seed12042,7754635042ebef112c4b83e17b7500a20db8f14bba0fb44fd8575864e04baa05
0.44101465435232967,matched_path_accumulation_v1,4096,patternkv_paper,final,v1,attention_output_relative_L2,0.44275566935539246,232e3b08d10919ca24932ad0a0135e46119ecfd5,0.0017410150030627847,aime24:p12:s0:seed12042,7754635042ebef112c4b83e17b7500a20db8f14bba0fb44fd8575864e04baa05
0.3567916536831035,matched_path_accumulation_v1,4096,patternkv_paper,final,v1,next_token_KL,0.3567931354045868,232e3b08d10919ca24932ad0a0135e46119ecfd5,1.4817214832874015e-06,aime24:p12:s0:seed12042,7754635042ebef112c4b83e17b7500a20db8f14bba0fb44fd8575864e04baa05
0.10486852187017348,matched_path_accumulation_v1,4096,patternkv_paper,final,v1,next_token_JS,0.1048688143491745,232e3b08d10919ca24932ad0a0135e46119ecfd5,2.924790010183642e-07,aime24:p12:s0:seed12042,7754635042ebef112c4b83e17b7500a20db8f14bba0fb44fd8575864e04baa05
0.502028115093708,matched_path_accumulation_v1,4096,patternkv_paper,final,v1,target_token_NLL_delta,0.5019490122795105,232e3b08d10919ca24932ad0a0135e46119ecfd5,-7.910281419754028e-05,aime24:p12:s0:seed12042,7754635042ebef112c4b83e17b7500a20db8f14bba0fb44fd8575864e04baa05
0.0,matched_path_accumulation_v1,4096,patternkv_paper,final,v1,top1_disagreement,0.0,232e3b08d10919ca24932ad0a0135e46119ecfd5,0.0,aime24:p12:s0:seed12042,7754635042ebef112c4b83e17b7500a20db8f14bba0fb44fd8575864e04baa05
5.521484375,matched_path_accumulation_v1,4096,patternkv_paper,final,v1,logit_max_abs_diff,5.5380859375,232e3b08d10919ca24932ad0a0135e46119ecfd5,0.0166015625,aime24:p12:s0:seed12042,7754635042ebef112c4b83e17b7500a20db8f14bba0fb44fd8575864e04baa05
1.7881393432617188e-07,matched_path_accumulation_v1,128,patternkv_paper,final,v1,hidden_cosine_loss,1.7881393432617188e-06,232e3b08d10919ca24932ad0a0135e46119ecfd5,1.6093254089355469e-06,aime24:p14:s0:seed14042,985f71725748f372cf08d2f249fcbd5c6d3dac5efa97289e418dbb154a727e3d
9.17213037610054e-06,matched_path_accumulation_v1,128,patternkv_paper,final,v1,hidden_relative_L2,0.0017732562264427543,232e3b08d10919ca24932ad0a0135e46119ecfd5,0.0017640840960666537,aime24:p14:s0:seed14042,985f71725748f372cf08d2f249fcbd5c6d3dac5efa97289e418dbb154a727e3d
9.17213037610054e-06,matched_path_accumulation_v1,128,patternkv_paper,final,v1,attention_output_relative_L2,0.0017732562264427543,232e3b08d10919ca24932ad0a0135e46119ecfd5,0.0017640840960666537,aime24:p14:s0:seed14042,985f71725748f372cf08d2f249fcbd5c6d3dac5efa97289e418dbb154a727e3d
1.7929282591921947e-07,matched_path_accumulation_v1,128,patternkv_paper,final,v1,next_token_KL,1.7929282591921947e-07,232e3b08d10919ca24932ad0a0135e46119ecfd5,0.0,aime24:p14:s0:seed14042,985f71725748f372cf08d2f249fcbd5c6d3dac5efa97289e418dbb154a727e3d
8.485270086566743e-08,matched_path_accumulation_v1,128,patternkv_paper,final,v1,next_token_JS,8.485270086566743e-08,232e3b08d10919ca24932ad0a0135e46119ecfd5,0.0,aime24:p14:s0:seed14042,985f71725748f372cf08d2f249fcbd5c6d3dac5efa97289e418dbb154a727e3d
2.0193634554743767e-05,matched_path_accumulation_v1,128,patternkv_paper,final,v1,target_token_NLL_delta,2.1500280126929283e-05,232e3b08d10919ca24932ad0a0135e46119ecfd5,1.3066455721855164e-06,aime24:p14:s0:seed14042,985f71725748f372cf08d2f249fcbd5c6d3dac5efa97289e418dbb154a727e3d
0.0,matched_path_accumulation_v1,128,patternkv_paper,final,v1,top1_disagreement,0.0,232e3b08d10919ca24932ad0a0135e46119ecfd5,0.0,aime24:p14:s0:seed14042,985f71725748f372cf08d2f249fcbd5c6d3dac5efa97289e418dbb154a727e3d
0.00390625,matched_path_accumulation_v1,128,patternkv_paper,final,v1,logit_max_abs_diff,0.01953125,232e3b08d10919ca24932ad0a0135e46119ecfd5,0.015625,aime24:p14:s0:seed14042,985f71725748f372cf08d2f249fcbd5c6d3dac5efa97289e418dbb154a727e3d
0.07048529386520386,matched_path_accumulation_v1,512,patternkv_paper,final,v1,hidden_cosine_loss,0.07048791646957397,232e3b08d10919ca24932ad0a0135e46119ecfd5,2.6226043701171875e-06,aime24:p14:s0:seed14042,985f71725748f372cf08d2f249fcbd5c6d3dac5efa97289e418dbb154a727e3d
0.37829625117592514,matched_path_accumulation_v1,512,patternkv_paper,final,v1,hidden_relative_L2,0.3804387152194977,232e3b08d10919ca24932ad0a0135e46119ecfd5,0.002142464043572545,aime24:p14:s0:seed14042,985f71725748f372cf08d2f249fcbd5c6d3dac5efa97289e418dbb154a727e3d
0.37829625117592514,matched_path_accumulation_v1,512,patternkv_paper,final,v1,attention_output_relative_L2,0.3804387152194977,232e3b08d10919ca24932ad0a0135e46119ecfd5,0.002142464043572545,aime24:p14:s0:seed14042,985f71725748f372cf08d2f249fcbd5c6d3dac5efa97289e418dbb154a727e3d
0.020693064479473833,matched_path_accumulation_v1,512,patternkv_paper,final,v1,next_token_KL,0.02069772779941559,232e3b08d10919ca24932ad0a0135e46119ecfd5,4.663319941755617e-06,aime24:p14:s0:seed14042,985f71725748f372cf08d2f249fcbd5c6d3dac5efa97289e418dbb154a727e3d
0.0062110738674618915,matched_path_accumulation_v1,512,patternkv_paper,final,v1,next_token_JS,0.006212261505424976,232e3b08d10919ca24932ad0a0135e46119ecfd5,1.1876379630848533e-06,aime24:p14:s0:seed14042,985f71725748f372cf08d2f249fcbd5c6d3dac5efa97289e418dbb154a727e3d
0.046606771647930145,matched_path_accumulation_v1,512,patternkv_paper,final,v1,target_token_NLL_delta,0.04603467881679535,232e3b08d10919ca24932ad0a0135e46119ecfd5,-0.0005720928311347961,aime24:p14:s0:seed14042,985f71725748f372cf08d2f249fcbd5c6d3dac5efa97289e418dbb154a727e3d
0.0,matched_path_accumulation_v1,512,patternkv_paper,final,v1,top1_disagreement,0.0,232e3b08d10919ca24932ad0a0135e46119ecfd5,0.0,aime24:p14:s0:seed14042,985f71725748f372cf08d2f249fcbd5c6d3dac5efa97289e418dbb154a727e3d
2.98046875,matched_path_accumulation_v1,512,patternkv_paper,final,v1,logit_max_abs_diff,2.998046875,232e3b08d10919ca24932ad0a0135e46119ecfd5,0.017578125,aime24:p14:s0:seed14042,985f71725748f372cf08d2f249fcbd5c6d3dac5efa97289e418dbb154a727e3d
0.08241236209869385,matched_path_accumulation_v1,1024,patternkv_paper,final,v1,hidden_cosine_loss,0.08241569995880127,232e3b08d10919ca24932ad0a0135e46119ecfd5,3.337860107421875e-06,aime24:p14:s0:seed14042,985f71725748f372cf08d2f249fcbd5c6d3dac5efa97289e418dbb154a727e3d
0.39794913097284734,matched_path_accumulation_v1,1024,patternkv_paper,final,v1,hidden_relative_L2,0.40042003989219666,232e3b08d10919ca24932ad0a0135e46119ecfd5,0.0024709089193493128,aime24:p14:s0:seed14042,985f71725748f372cf08d2f249fcbd5c6d3dac5efa97289e418dbb154a727e3d
0.39794913097284734,matched_path_accumulation_v1,1024,patternkv_paper,final,v1,attention_output_relative_L2,0.40042003989219666,232e3b08d10919ca24932ad0a0135e46119ecfd5,0.0024709089193493128,aime24:p14:s0:seed14042,985f71725748f372cf08d2f249fcbd5c6d3dac5efa97289e418dbb154a727e3d
1.4120554749919023e-06,matched_path_accumulation_v1,1024,patternkv_paper,final,v1,next_token_KL,1.4148236004984938e-06,232e3b08d10919ca24932ad0a0135e46119ecfd5,2.7681255065914456e-09,aime24:p14:s0:seed14042,985f71725748f372cf08d2f249fcbd5c6d3dac5efa97289e418dbb154a727e3d
3.5395649827796305e-07,matched_path_accumulation_v1,1024,patternkv_paper,final,v1,next_token_JS,3.5409181009526947e-07,232e3b08d10919ca24932ad0a0135e46119ecfd5,1.3531181730641606e-10,aime24:p14:s0:seed14042,985f71725748f372cf08d2f249fcbd5c6d3dac5efa97289e418dbb154a727e3d
-1.907328623929061e-06,matched_path_accumulation_v1,1024,patternkv_paper,final,v1,target_token_NLL_delta,-1.907328623929061e-06,232e3b08d10919ca24932ad0a0135e46119ecfd5,0.0,aime24:p14:s0:seed14042,985f71725748f372cf08d2f249fcbd5c6d3dac5efa97289e418dbb154a727e3d
0.0,matched_path_accumulation_v1,1024,patternkv_paper,final,v1,top1_disagreement,0.0,232e3b08d10919ca24932ad0a0135e46119ecfd5,0.0,aime24:p14:s0:seed14042,985f71725748f372cf08d2f249fcbd5c6d3dac5efa97289e418dbb154a727e3d
3.086181640625,matched_path_accumulation_v1,1024,patternkv_paper,final,v1,logit_max_abs_diff,3.105712890625,232e3b08d10919ca24932ad0a0135e46119ecfd5,0.01953125,aime24:p14:s0:seed14042,985f71725748f372cf08d2f249fcbd5c6d3dac5efa97289e418dbb154a727e3d
0.06292033195495605,matched_path_accumulation_v1,2048,patternkv_paper,final,v1,hidden_cosine_loss,0.06292486190795898,232e3b08d10919ca24932ad0a0135e46119ecfd5,4.5299530029296875e-06,aime24:p14:s0:seed14042,985f71725748f372cf08d2f249fcbd5c6d3dac5efa97289e418dbb154a727e3d
0.3625497149769217,matched_path_accumulation_v1,2048,patternkv_paper,final,v1,hidden_relative_L2,0.36537715792655945,232e3b08d10919ca24932ad0a0135e46119ecfd5,0.0028274429496377707,aime24:p14:s0:seed14042,985f71725748f372cf08d2f249fcbd5c6d3dac5efa97289e418dbb154a727e3d
0.3625497149769217,matched_path_accumulation_v1,2048,patternkv_paper,final,v1,attention_output_relative_L2,0.36537715792655945,232e3b08d10919ca24932ad0a0135e46119ecfd5,0.0028274429496377707,aime24:p14:s0:seed14042,985f71725748f372cf08d2f249fcbd5c6d3dac5efa97289e418dbb154a727e3d
0.08454011359231117,matched_path_accumulation_v1,2048,patternkv_paper,final,v1,next_token_KL,0.08454223722219467,232e3b08d10919ca24932ad0a0135e46119ecfd5,2.123629883499234e-06,aime24:p14:s0:seed14042,985f71725748f372cf08d2f249fcbd5c6d3dac5efa97289e418dbb154a727e3d
0.02451882256116278,matched_path_accumulation_v1,2048,patternkv_paper,final,v1,next_token_JS,0.024519309401512146,232e3b08d10919ca24932ad0a0135e46119ecfd5,4.868403493674123e-07,aime24:p14:s0:seed14042,985f71725748f372cf08d2f249fcbd5c6d3dac5efa97289e418dbb154a727e3d
-0.06205904483795166,matched_path_accumulation_v1,2048,patternkv_paper,final,v1,target_token_NLL_delta,-0.06207275390625,232e3b08d10919ca24932ad0a0135e46119ecfd5,-1.3709068298339844e-05,aime24:p14:s0:seed14042,985f71725748f372cf08d2f249fcbd5c6d3dac5efa97289e418dbb154a727e3d
0.0,matched_path_accumulation_v1,2048,patternkv_paper,final,v1,top1_disagreement,0.0,232e3b08d10919ca24932ad0a0135e46119ecfd5,0.0,aime24:p14:s0:seed14042,985f71725748f372cf08d2f249fcbd5c6d3dac5efa97289e418dbb154a727e3d
3.35791015625,matched_path_accumulation_v1,2048,patternkv_paper,final,v1,logit_max_abs_diff,3.40478515625,232e3b08d10919ca24932ad0a0135e46119ecfd5,0.046875,aime24:p14:s0:seed14042,985f71725748f372cf08d2f249fcbd5c6d3dac5efa97289e418dbb154a727e3d
0.04830747842788696,matched_path_accumulation_v1,4096,patternkv_paper,final,v1,hidden_cosine_loss,0.04830867052078247,232e3b08d10919ca24932ad0a0135e46119ecfd5,1.1920928955078125e-06,aime24:p14:s0:seed14042,985f71725748f372cf08d2f249fcbd5c6d3dac5efa97289e418dbb154a727e3d
0.31550997484009713,matched_path_accumulation_v1,4096,patternkv_paper,final,v1,hidden_relative_L2,0.31695085763931274,232e3b08d10919ca24932ad0a0135e46119ecfd5,0.0014408827992156148,aime24:p14:s0:seed14042,985f71725748f372cf08d2f249fcbd5c6d3dac5efa97289e418dbb154a727e3d
0.31550997484009713,matched_path_accumulation_v1,4096,patternkv_paper,final,v1,attention_output_relative_L2,0.31695085763931274,232e3b08d10919ca24932ad0a0135e46119ecfd5,0.0014408827992156148,aime24:p14:s0:seed14042,985f71725748f372cf08d2f249fcbd5c6d3dac5efa97289e418dbb154a727e3d
0.25647038375518605,matched_path_accumulation_v1,4096,patternkv_paper,final,v1,next_token_KL,0.25648102164268494,232e3b08d10919ca24932ad0a0135e46119ecfd5,1.0637887498887721e-05,aime24:p14:s0:seed14042,985f71725748f372cf08d2f249fcbd5c6d3dac5efa97289e418dbb154a727e3d
0.05856642098387965,matched_path_accumulation_v1,4096,patternkv_paper,final,v1,next_token_JS,0.05856902152299881,232e3b08d10919ca24932ad0a0135e46119ecfd5,2.6005391191574745e-06,aime24:p14:s0:seed14042,985f71725748f372cf08d2f249fcbd5c6d3dac5efa97289e418dbb154a727e3d
-0.6803016662597656,matched_path_accumulation_v1,4096,patternkv_paper,final,v1,target_token_NLL_delta,-0.6803468465805054,232e3b08d10919ca24932ad0a0135e46119ecfd5,-4.5180320739746094e-05,aime24:p14:s0:seed14042,985f71725748f372cf08d2f249fcbd5c6d3dac5efa97289e418dbb154a727e3d
1.0,matched_path_accumulation_v1,4096,patternkv_paper,final,v1,top1_disagreement,1.0,232e3b08d10919ca24932ad0a0135e46119ecfd5,0.0,aime24:p14:s0:seed14042,985f71725748f372cf08d2f249fcbd5c6d3dac5efa97289e418dbb154a727e3d
4.125,matched_path_accumulation_v1,4096,patternkv_paper,final,v1,logit_max_abs_diff,4.140625,232e3b08d10919ca24932ad0a0135e46119ecfd5,0.015625,aime24:p14:s0:seed14042,985f71725748f372cf08d2f249fcbd5c6d3dac5efa97289e418dbb154a727e3d
2.980232238769531e-07,matched_path_accumulation_v1,128,patternkv_paper,final,v1,hidden_cosine_loss,1.9669532775878906e-06,232e3b08d10919ca24932ad0a0135e46119ecfd5,1.6689300537109375e-06,aime24:p15:s1:seed15043,b3071fe4e912d14e31a543908143a991dbe648bfe13ea6a3db80285f3da15dab
-7.450697012245655e-06,matched_path_accumulation_v1,128,patternkv_paper,final,v1,hidden_relative_L2,0.0017232559621334076,232e3b08d10919ca24932ad0a0135e46119ecfd5,0.0017307066591456532,aime24:p15:s1:seed15043,b3071fe4e912d14e31a543908143a991dbe648bfe13ea6a3db80285f3da15dab
-7.450697012245655e-06,matched_path_accumulation_v1,128,patternkv_paper,final,v1,attention_output_relative_L2,0.0017232559621334076,232e3b08d10919ca24932ad0a0135e46119ecfd5,0.0017307066591456532,aime24:p15:s1:seed15043,b3071fe4e912d14e31a543908143a991dbe648bfe13ea6a3db80285f3da15dab
1.6154389754774456e-05,matched_path_accumulation_v1,128,patternkv_paper,final,v1,next_token_KL,1.6758171113906428e-05,232e3b08d10919ca24932ad0a0135e46119ecfd5,6.037813591319718e-07,aime24:p15:s1:seed15043,b3071fe4e912d14e31a543908143a991dbe648bfe13ea6a3db80285f3da15dab
4.011736436382307e-06,matched_path_accumulation_v1,128,patternkv_paper,final,v1,next_token_JS,4.157417606620584e-06,232e3b08d10919ca24932ad0a0135e46119ecfd5,1.4568117023827654e-07,aime24:p15:s1:seed15043,b3071fe4e912d14e31a543908143a991dbe648bfe13ea6a3db80285f3da15dab
-0.0024959146976470947,matched_path_accumulation_v1,128,patternkv_paper,final,v1,target_token_NLL_delta,-0.0025550127029418945,232e3b08d10919ca24932ad0a0135e46119ecfd5,-5.9098005294799805e-05,aime24:p15:s1:seed15043,b3071fe4e912d14e31a543908143a991dbe648bfe13ea6a3db80285f3da15dab
0.0,matched_path_accumulation_v1,128,patternkv_paper,final,v1,top1_disagreement,0.0,232e3b08d10919ca24932ad0a0135e46119ecfd5,0.0,aime24:p15:s1:seed15043,b3071fe4e912d14e31a543908143a991dbe648bfe13ea6a3db80285f3da15dab
0.0078125,matched_path_accumulation_v1,128,patternkv_paper,final,v1,logit_max_abs_diff,0.0234375,232e3b08d10919ca24932ad0a0135e46119ecfd5,0.015625,aime24:p15:s1:seed15043,b3071fe4e912d14e31a543908143a991dbe648bfe13ea6a3db80285f3da15dab
0.1335378885269165,matched_path_accumulation_v1,512,patternkv_paper,final,v1,hidden_cosine_loss,0.13354051113128662,232e3b08d10919ca24932ad0a0135e46119ecfd5,2.6226043701171875e-06,aime24:p15:s1:seed15043,b3071fe4e912d14e31a543908143a991dbe648bfe13ea6a3db80285f3da15dab
0.5613233784679323,matched_path_accumulation_v1,512,patternkv_paper,final,v1,hidden_relative_L2,0.5634257793426514,232e3b08d10919ca24932ad0a0135e46119ecfd5,0.0021024008747190237,aime24:p15:s1:seed15043,b3071fe4e912d14e31a543908143a991dbe648bfe13ea6a3db80285f3da15dab
0.5613233784679323,matched_path_accumulation_v1,512,patternkv_paper,final,v1,attention_output_relative_L2,0.5634257793426514,232e3b08d10919ca24932ad0a0135e46119ecfd5,0.0021024008747190237,aime24:p15:s1:seed15043,b3071fe4e912d14e31a543908143a991dbe648bfe13ea6a3db80285f3da15dab
0.043731733692808916,matched_path_accumulation_v1,512,patternkv_paper,final,v1,next_token_KL,0.043731965124607086,232e3b08d10919ca24932ad0a0135e46119ecfd5,2.3143179816997872e-07,aime24:p15:s1:seed15043,b3071fe4e912d14e31a543908143a991dbe648bfe13ea6a3db80285f3da15dab
0.014868048584776972,matched_path_accumulation_v1,512,patternkv_paper,final,v1,next_token_JS,0.01486810203641653,232e3b08d10919ca24932ad0a0135e46119ecfd5,5.34516395589435e-08,aime24:p15:s1:seed15043,b3071fe4e912d14e31a543908143a991dbe648bfe13ea6a3db80285f3da15dab
0.04537889757193625,matched_path_accumulation_v1,512,patternkv_paper,final,v1,target_token_NLL_delta,0.04538986086845398,232e3b08d10919ca24932ad0a0135e46119ecfd5,1.096329651772976e-05,aime24:p15:s1:seed15043,b3071fe4e912d14e31a543908143a991dbe648bfe13ea6a3db80285f3da15dab
0.0,matched_path_accumulation_v1,512,patternkv_paper,final,v1,top1_disagreement,0.0,232e3b08d10919ca24932ad0a0135e46119ecfd5,0.0,aime24:p15:s1:seed15043,b3071fe4e912d14e31a543908143a991dbe648bfe13ea6a3db80285f3da15dab
4.537109375,matched_path_accumulation_v1,512,patternkv_paper,final,v1,logit_max_abs_diff,4.552734375,232e3b08d10919ca24932ad0a0135e46119ecfd5,0.015625,aime24:p15:s1:seed15043,b3071fe4e912d14e31a543908143a991dbe648bfe13ea6a3db80285f3da15dab
0.14093554019927979,matched_path_accumulation_v1,1024,patternkv_paper,final,v1,hidden_cosine_loss,0.1409381628036499,232e3b08d10919ca24932ad0a0135e46119ecfd5,2.6226043701171875e-06,aime24:p15:s1:seed15043,b3071fe4e912d14e31a543908143a991dbe648bfe13ea6a3db80285f3da15dab
0.5421129511669278,matched_path_accumulation_v1,1024,patternkv_paper,final,v1,hidden_relative_L2,0.5443893074989319,232e3b08d10919ca24932ad0a0135e46119ecfd5,0.0022763563320040703,aime24:p15:s1:seed15043,b3071fe4e912d14e31a543908143a991dbe648bfe13ea6a3db80285f3da15dab
0.5421129511669278,matched_path_accumulation_v1,1024,patternkv_paper,final,v1,attention_output_relative_L2,0.5443893074989319,232e3b08d10919ca24932ad0a0135e46119ecfd5,0.0022763563320040703,aime24:p15:s1:seed15043,b3071fe4e912d14e31a543908143a991dbe648bfe13ea6a3db80285f3da15dab
2.3210049432620394e-05,matched_path_accumulation_v1,1024,patternkv_paper,final,v1,next_token_KL,2.3237713321577758e-05,232e3b08d10919ca24932ad0a0135e46119ecfd5,2.766388895736327e-08,aime24:p15:s1:seed15043,b3071fe4e912d14e31a543908143a991dbe648bfe13ea6a3db80285f3da15dab
6.22631084645775e-06,matched_path_accumulation_v1,1024,patternkv_paper,final,v1,next_token_JS,6.22850075160386e-06,232e3b08d10919ca24932ad0a0135e46119ecfd5,2.1899051461105046e-09,aime24:p15:s1:seed15043,b3071fe4e912d14e31a543908143a991dbe648bfe13ea6a3db80285f3da15dab
3.21850529871881e-06,matched_path_accumulation_v1,1024,patternkv_paper,final,v1,target_token_NLL_delta,3.4569129638839513e-06,232e3b08d10919ca24932ad0a0135e46119ecfd5,2.3840766516514122e-07,aime24:p15:s1:seed15043,b3071fe4e912d14e31a543908143a991dbe648bfe13ea6a3db80285f3da15dab
0.0,matched_path_accumulation_v1,1024,patternkv_paper,final,v1,top1_disagreement,0.0,232e3b08d10919ca24932ad0a0135e46119ecfd5,0.0,aime24:p15:s1:seed15043,b3071fe4e912d14e31a543908143a991dbe648bfe13ea6a3db80285f3da15dab
4.69287109375,matched_path_accumulation_v1,1024,patternkv_paper,final,v1,logit_max_abs_diff,4.71240234375,232e3b08d10919ca24932ad0a0135e46119ecfd5,0.01953125,aime24:p15:s1:seed15043,b3071fe4e912d14e31a543908143a991dbe648bfe13ea6a3db80285f3da15dab
0.10535377264022827,matched_path_accumulation_v1,2048,patternkv_paper,final,v1,hidden_cosine_loss,0.10535752773284912,232e3b08d10919ca24932ad0a0135e46119ecfd5,3.7550926208496094e-06,aime24:p15:s1:seed15043,b3071fe4e912d14e31a543908143a991dbe648bfe13ea6a3db80285f3da15dab
0.48209383292123675,matched_path_accumulation_v1,2048,patternkv_paper,final,v1,hidden_relative_L2,0.48474204540252686,232e3b08d10919ca24932ad0a0135e46119ecfd5,0.002648212481290102,aime24:p15:s1:seed15043,b3071fe4e912d14e31a543908143a991dbe648bfe13ea6a3db80285f3da15dab
0.48209383292123675,matched_path_accumulation_v1,2048,patternkv_paper,final,v1,attention_output_relative_L2,0.48474204540252686,232e3b08d10919ca24932ad0a0135e46119ecfd5,0.002648212481290102,aime24:p15:s1:seed15043,b3071fe4e912d14e31a543908143a991dbe648bfe13ea6a3db80285f3da15dab
0.0024496521800756454,matched_path_accumulation_v1,2048,patternkv_paper,final,v1,next_token_KL,0.0024496521800756454,232e3b08d10919ca24932ad0a0135e46119ecfd5,0.0,aime24:p15:s1:seed15043,b3071fe4e912d14e31a543908143a991dbe648bfe13ea6a3db80285f3da15dab
0.0008154626198653148,matched_path_accumulation_v1,2048,patternkv_paper,final,v1,next_token_JS,0.0008154744864441454,232e3b08d10919ca24932ad0a0135e46119ecfd5,1.18665788306771e-08,aime24:p15:s1:seed15043,b3071fe4e912d14e31a543908143a991dbe648bfe13ea6a3db80285f3da15dab
0.0028574730386026204,matched_path_accumulation_v1,2048,patternkv_paper,final,v1,target_token_NLL_delta,0.0028583072125911713,232e3b08d10919ca24932ad0a0135e46119ecfd5,8.341739885509014e-07,aime24:p15:s1:seed15043,b3071fe4e912d14e31a543908143a991dbe648bfe13ea6a3db80285f3da15dab
0.0,matched_path_accumulation_v1,2048,patternkv_paper,final,v1,top1_disagreement,0.0,232e3b08d10919ca24932ad0a0135e46119ecfd5,0.0,aime24:p15:s1:seed15043,b3071fe4e912d14e31a543908143a991dbe648bfe13ea6a3db80285f3da15dab
3.953125,matched_path_accumulation_v1,2048,patternkv_paper,final,v1,logit_max_abs_diff,3.9765625,232e3b08d10919ca24932ad0a0135e46119ecfd5,0.0234375,aime24:p15:s1:seed15043,b3071fe4e912d14e31a543908143a991dbe648bfe13ea6a3db80285f3da15dab
0.12668240070343018,matched_path_accumulation_v1,4096,patternkv_paper,final,v1,hidden_cosine_loss,0.12668681144714355,232e3b08d10919ca24932ad0a0135e46119ecfd5,4.410743713378906e-06,aime24:p15:s1:seed15043,b3071fe4e912d14e31a543908143a991dbe648bfe13ea6a3db80285f3da15dab
0.5056430283002555,matched_path_accumulation_v1,4096,patternkv_paper,final,v1,hidden_relative_L2,0.5084472298622131,232e3b08d10919ca24932ad0a0135e46119ecfd5,0.0028042015619575977,aime24:p15:s1:seed15043,b3071fe4e912d14e31a543908143a991dbe648bfe13ea6a3db80285f3da15dab
0.5056430283002555,matched_path_accumulation_v1,4096,patternkv_paper,final,v1,attention_output_relative_L2,0.5084472298622131,232e3b08d10919ca24932ad0a0135e46119ecfd5,0.0028042015619575977,aime24:p15:s1:seed15043,b3071fe4e912d14e31a543908143a991dbe648bfe13ea6a3db80285f3da15dab
0.0015351080801337957,matched_path_accumulation_v1,4096,patternkv_paper,final,v1,next_token_KL,0.0015351080801337957,232e3b08d10919ca24932ad0a0135e46119ecfd5,0.0,aime24:p15:s1:seed15043,b3071fe4e912d14e31a543908143a991dbe648bfe13ea6a3db80285f3da15dab
0.000527469990191598,matched_path_accumulation_v1,4096,patternkv_paper,final,v1,next_token_JS,0.0005274709546938539,232e3b08d10919ca24932ad0a0135e46119ecfd5,9.64502255840216e-10,aime24:p15:s1:seed15043,b3071fe4e912d14e31a543908143a991dbe648bfe13ea6a3db80285f3da15dab
0.0015847950671741273,matched_path_accumulation_v1,4096,patternkv_paper,final,v1,target_token_NLL_delta,0.0015845566522330046,232e3b08d10919ca24932ad0a0135e46119ecfd5,-2.384149411227554e-07,aime24:p15:s1:seed15043,b3071fe4e912d14e31a543908143a991dbe648bfe13ea6a3db80285f3da15dab
0.0,matched_path_accumulation_v1,4096,patternkv_paper,final,v1,top1_disagreement,0.0,232e3b08d10919ca24932ad0a0135e46119ecfd5,0.0,aime24:p15:s1:seed15043,b3071fe4e912d14e31a543908143a991dbe648bfe13ea6a3db80285f3da15dab
6.62890625,matched_path_accumulation_v1,4096,patternkv_paper,final,v1,logit_max_abs_diff,6.66015625,232e3b08d10919ca24932ad0a0135e46119ecfd5,0.03125,aime24:p15:s1:seed15043,b3071fe4e912d14e31a543908143a991dbe648bfe13ea6a3db80285f3da15dab
-5.960464477539063e-08,matched_path_accumulation_v1,128,patternkv_paper,final,v1,hidden_cosine_loss,1.9669532775878906e-06,232e3b08d10919ca24932ad0a0135e46119ecfd5,2.0265579223632812e-06,aime24:p16:s0:seed16042,13d42346d3a27cdf52c682506b670e839c9c66befad1065501f233b0a1d0cc02
-3.60304256901145e-05,matched_path_accumulation_v1,128,patternkv_paper,final,v1,hidden_relative_L2,0.0019080545753240585,232e3b08d10919ca24932ad0a0135e46119ecfd5,0.001944085001014173,aime24:p16:s0:seed16042,13d42346d3a27cdf52c682506b670e839c9c66befad1065501f233b0a1d0cc02
-3.60304256901145e-05,matched_path_accumulation_v1,128,patternkv_paper,final,v1,attention_output_relative_L2,0.0019080545753240585,232e3b08d10919ca24932ad0a0135e46119ecfd5,0.001944085001014173,aime24:p16:s0:seed16042,13d42346d3a27cdf52c682506b670e839c9c66befad1065501f233b0a1d0cc02
2.047054437070983e-08,matched_path_accumulation_v1,128,patternkv_paper,final,v1,next_token_KL,4.8068105940046735e-08,232e3b08d10919ca24932ad0a0135e46119ecfd5,2.7597561569336904e-08,aime24:p16:s0:seed16042,13d42346d3a27cdf52c682506b670e839c9c66befad1065501f233b0a1d0cc02
5.2810200656949746e-11,matched_path_accumulation_v1,128,patternkv_paper,final,v1,next_token_JS,1.0375611481094893e-10,232e3b08d10919ca24932ad0a0135e46119ecfd5,5.0945914153999183e-11,aime24:p16:s0:seed16042,13d42346d3a27cdf52c682506b670e839c9c66befad1065501f233b0a1d0cc02
0.0,matched_path_accumulation_v1,128,patternkv_paper,final,v1,target_token_NLL_delta,0.0,232e3b08d10919ca24932ad0a0135e46119ecfd5,0.0,aime24:p16:s0:seed16042,13d42346d3a27cdf52c682506b670e839c9c66befad1065501f233b0a1d0cc02
0.0,matched_path_accumulation_v1,128,patternkv_paper,final,v1,top1_disagreement,0.0,232e3b08d10919ca24932ad0a0135e46119ecfd5,0.0,aime24:p16:s0:seed16042,13d42346d3a27cdf52c682506b670e839c9c66befad1065501f233b0a1d0cc02
-0.0078125,matched_path_accumulation_v1,128,patternkv_paper,final,v1,logit_max_abs_diff,0.015625,232e3b08d10919ca24932ad0a0135e46119ecfd5,0.0234375,aime24:p16:s0:seed16042,13d42346d3a27cdf52c682506b670e839c9c66befad1065501f233b0a1d0cc02
0.035575926303863525,matched_path_accumulation_v1,512,patternkv_paper,final,v1,hidden_cosine_loss,0.035577476024627686,232e3b08d10919ca24932ad0a0135e46119ecfd5,1.5497207641601562e-06,aime24:p16:s0:seed16042,13d42346d3a27cdf52c682506b670e839c9c66befad1065501f233b0a1d0cc02
0.2643987216288224,matched_path_accumulation_v1,512,patternkv_paper,final,v1,hidden_relative_L2,0.2660609483718872,232e3b08d10919ca24932ad0a0135e46119ecfd5,0.0016622267430648208,aime24:p16:s0:seed16042,13d42346d3a27cdf52c682506b670e839c9c66befad1065501f233b0a1d0cc02
0.2643987216288224,matched_path_accumulation_v1,512,patternkv_paper,final,v1,attention_output_relative_L2,0.2660609483718872,232e3b08d10919ca24932ad0a0135e46119ecfd5,0.0016622267430648208,aime24:p16:s0:seed16042,13d42346d3a27cdf52c682506b670e839c9c66befad1065501f233b0a1d0cc02
0.001331607423026071,matched_path_accumulation_v1,512,patternkv_paper,final,v1,next_token_KL,0.001333777792751789,232e3b08d10919ca24932ad0a0135e46119ecfd5,2.1703697257180465e-06,aime24:p16:s0:seed16042,13d42346d3a27cdf52c682506b670e839c9c66befad1065501f233b0a1d0cc02
0.00036462334156794896,matched_path_accumulation_v1,512,patternkv_paper,final,v1,next_token_JS,0.0003651430015452206,232e3b08d10919ca24932ad0a0135e46119ecfd5,5.196599772716581e-07,aime24:p16:s0:seed16042,13d42346d3a27cdf52c682506b670e839c9c66befad1065501f233b0a1d0cc02
0.0064269304275512695,matched_path_accumulation_v1,512,patternkv_paper,final,v1,target_token_NLL_delta,0.006692912429571152,232e3b08d10919ca24932ad0a0135e46119ecfd5,0.0002659820020198822,aime24:p16:s0:seed16042,13d42346d3a27cdf52c682506b670e839c9c66befad1065501f233b0a1d0cc02
0.0,matched_path_accumulation_v1,512,patternkv_paper,final,v1,top1_disagreement,0.0,232e3b08d10919ca24932ad0a0135e46119ecfd5,0.0,aime24:p16:s0:seed16042,13d42346d3a27cdf52c682506b670e839c9c66befad1065501f233b0a1d0cc02
2.3125,matched_path_accumulation_v1,512,patternkv_paper,final,v1,logit_max_abs_diff,2.3359375,232e3b08d10919ca24932ad0a0135e46119ecfd5,0.0234375,aime24:p16:s0:seed16042,13d42346d3a27cdf52c682506b670e839c9c66befad1065501f233b0a1d0cc02
0.05259716510772705,matched_path_accumulation_v1,1024,patternkv_paper,final,v1,hidden_cosine_loss,0.05259907245635986,232e3b08d10919ca24932ad0a0135e46119ecfd5,1.9073486328125e-06,aime24:p16:s0:seed16042,13d42346d3a27cdf52c682506b670e839c9c66befad1065501f233b0a1d0cc02
0.31930781237315387,matched_path_accumulation_v1,1024,patternkv_paper,final,v1,hidden_relative_L2,0.32105669379234314,232e3b08d10919ca24932ad0a0135e46119ecfd5,0.0017488814191892743,aime24:p16:s0:seed16042,13d42346d3a27cdf52c682506b670e839c9c66befad1065501f233b0a1d0cc02
0.31930781237315387,matched_path_accumulation_v1,1024,patternkv_paper,final,v1,attention_output_relative_L2,0.32105669379234314,232e3b08d10919ca24932ad0a0135e46119ecfd5,0.0017488814191892743,aime24:p16:s0:seed16042,13d42346d3a27cdf52c682506b670e839c9c66befad1065501f233b0a1d0cc02
0.01984763050222682,matched_path_accumulation_v1,1024,patternkv_paper,final,v1,next_token_KL,0.019861606881022453,232e3b08d10919ca24932ad0a0135e46119ecfd5,1.3976378795632627e-05,aime24:p16:s0:seed16042,13d42346d3a27cdf52c682506b670e839c9c66befad1065501f233b0a1d0cc02
0.004312079144710879,matched_path_accumulation_v1,1024,patternkv_paper,final,v1,next_token_JS,0.004315563943237066,232e3b08d10919ca24932ad0a0135e46119ecfd5,3.48479852618766e-06,aime24:p16:s0:seed16042,13d42346d3a27cdf52c682506b670e839c9c66befad1065501f233b0a1d0cc02
-0.05493094027042389,matched_path_accumulation_v1,1024,patternkv_paper,final,v1,target_token_NLL_delta,-0.05285976827144623,232e3b08d10919ca24932ad0a0135e46119ecfd5,0.002071171998977661,aime24:p16:s0:seed16042,13d42346d3a27cdf52c682506b670e839c9c66befad1065501f233b0a1d0cc02
0.0,matched_path_accumulation_v1,1024,patternkv_paper,final,v1,top1_disagreement,0.0,232e3b08d10919ca24932ad0a0135e46119ecfd5,0.0,aime24:p16:s0:seed16042,13d42346d3a27cdf52c682506b670e839c9c66befad1065501f233b0a1d0cc02
3.0947265625,matched_path_accumulation_v1,1024,patternkv_paper,final,v1,logit_max_abs_diff,3.111328125,232e3b08d10919ca24932ad0a0135e46119ecfd5,0.0166015625,aime24:p16:s0:seed16042,13d42346d3a27cdf52c682506b670e839c9c66befad1065501f233b0a1d0cc02
0.1019139289855957,matched_path_accumulation_v1,2048,patternkv_paper,final,v1,hidden_cosine_loss,0.10191726684570312,232e3b08d10919ca24932ad0a0135e46119ecfd5,3.337860107421875e-06,aime24:p16:s0:seed16042,13d42346d3a27cdf52c682506b670e839c9c66befad1065501f233b0a1d0cc02
0.45478709205053747,matched_path_accumulation_v1,2048,patternkv_paper,final,v1,hidden_relative_L2,0.45733729004859924,232e3b08d10919ca24932ad0a0135e46119ecfd5,0.002550197998061776,aime24:p16:s0:seed16042,13d42346d3a27cdf52c682506b670e839c9c66befad1065501f233b0a1d0cc02
0.45478709205053747,matched_path_accumulation_v1,2048,patternkv_paper,final,v1,attention_output_relative_L2,0.45733729004859924,232e3b08d10919ca24932ad0a0135e46119ecfd5,0.002550197998061776,aime24:p16:s0:seed16042,13d42346d3a27cdf52c682506b670e839c9c66befad1065501f233b0a1d0cc02
0.017927051023804097,matched_path_accumulation_v1,2048,patternkv_paper,final,v1,next_token_KL,0.01792716234922409,232e3b08d10919ca24932ad0a0135e46119ecfd5,1.1132541999359091e-07,aime24:p16:s0:seed16042,13d42346d3a27cdf52c682506b670e839c9c66befad1065501f233b0a1d0cc02
0.00599067285656929,matched_path_accumulation_v1,2048,patternkv_paper,final,v1,next_token_JS,0.00599067285656929,232e3b08d10919ca24932ad0a0135e46119ecfd5,0.0,aime24:p16:s0:seed16042,13d42346d3a27cdf52c682506b670e839c9c66befad1065501f233b0a1d0cc02
0.02006169268861413,matched_path_accumulation_v1,2048,patternkv_paper,final,v1,target_token_NLL_delta,0.020062407478690147,232e3b08d10919ca24932ad0a0135e46119ecfd5,7.147900760173798e-07,aime24:p16:s0:seed16042,13d42346d3a27cdf52c682506b670e839c9c66befad1065501f233b0a1d0cc02
0.0,matched_path_accumulation_v1,2048,patternkv_paper,final,v1,top1_disagreement,0.0,232e3b08d10919ca24932ad0a0135e46119ecfd5,0.0,aime24:p16:s0:seed16042,13d42346d3a27cdf52c682506b670e839c9c66befad1065501f233b0a1d0cc02
4.978515625,matched_path_accumulation_v1,2048,patternkv_paper,final,v1,logit_max_abs_diff,5.015625,232e3b08d10919ca24932ad0a0135e46119ecfd5,0.037109375,aime24:p16:s0:seed16042,13d42346d3a27cdf52c682506b670e839c9c66befad1065501f233b0a1d0cc02
0.07831758260726929,matched_path_accumulation_v1,4096,patternkv_paper,final,v1,hidden_cosine_loss,0.07832026481628418,232e3b08d10919ca24932ad0a0135e46119ecfd5,2.682209014892578e-06,aime24:p16:s0:seed16042,13d42346d3a27cdf52c682506b670e839c9c66befad1065501f233b0a1d0cc02
0.40203300886787474,matched_path_accumulation_v1,4096,patternkv_paper,final,v1,hidden_relative_L2,0.40421295166015625,232e3b08d10919ca24932ad0a0135e46119ecfd5,0.0021799427922815084,aime24:p16:s0:seed16042,13d42346d3a27cdf52c682506b670e839c9c66befad1065501f233b0a1d0cc02
0.40203300886787474,matched_path_accumulation_v1,4096,patternkv_paper,final,v1,attention_output_relative_L2,0.40421295166015625,232e3b08d10919ca24932ad0a0135e46119ecfd5,0.0021799427922815084,aime24:p16:s0:seed16042,13d42346d3a27cdf52c682506b670e839c9c66befad1065501f233b0a1d0cc02
0.01031374343546787,matched_path_accumulation_v1,4096,patternkv_paper,final,v1,next_token_KL,0.010313805192708969,232e3b08d10919ca24932ad0a0135e46119ecfd5,6.17572410988032e-08,aime24:p16:s0:seed16042,13d42346d3a27cdf52c682506b670e839c9c66befad1065501f233b0a1d0cc02
0.003306908532977104,matched_path_accumulation_v1,4096,patternkv_paper,final,v1,next_token_JS,0.003306908532977104,232e3b08d10919ca24932ad0a0135e46119ecfd5,0.0,aime24:p16:s0:seed16042,13d42346d3a27cdf52c682506b670e839c9c66befad1065501f233b0a1d0cc02
0.014987364411354065,matched_path_accumulation_v1,4096,patternkv_paper,final,v1,target_token_NLL_delta,0.014983683824539185,232e3b08d10919ca24932ad0a0135e46119ecfd5,-3.680586814880371e-06,aime24:p16:s0:seed16042,13d42346d3a27cdf52c682506b670e839c9c66befad1065501f233b0a1d0cc02
0.0,matched_path_accumulation_v1,4096,patternkv_paper,final,v1,top1_disagreement,0.0,232e3b08d10919ca24932ad0a0135e46119ecfd5,0.0,aime24:p16:s0:seed16042,13d42346d3a27cdf52c682506b670e839c9c66befad1065501f233b0a1d0cc02
3.69921875,matched_path_accumulation_v1,4096,patternkv_paper,final,v1,logit_max_abs_diff,3.71875,232e3b08d10919ca24932ad0a0135e46119ecfd5,0.01953125,aime24:p16:s0:seed16042,13d42346d3a27cdf52c682506b670e839c9c66befad1065501f233b0a1d0cc02
-2.384185791015625e-07,matched_path_accumulation_v1,128,patternkv_paper,final,v1,hidden_cosine_loss,2.0265579223632812e-06,232e3b08d10919ca24932ad0a0135e46119ecfd5,2.2649765014648438e-06,aime24:p11:s0:seed11042,489c942f86b4d5ae23c611c59e5f243cac4e99bd6697b73b14def62ea82f3970
-7.192918565124273e-05,matched_path_accumulation_v1,128,patternkv_paper,final,v1,hidden_relative_L2,0.0019481676863506436,232e3b08d10919ca24932ad0a0135e46119ecfd5,0.0020200968720018864,aime24:p11:s0:seed11042,489c942f86b4d5ae23c611c59e5f243cac4e99bd6697b73b14def62ea82f3970
-7.192918565124273e-05,matched_path_accumulation_v1,128,patternkv_paper,final,v1,attention_output_relative_L2,0.0019481676863506436,232e3b08d10919ca24932ad0a0135e46119ecfd5,0.0020200968720018864,aime24:p11:s0:seed11042,489c942f86b4d5ae23c611c59e5f243cac4e99bd6697b73b14def62ea82f3970
-2.5990084395743906e-07,matched_path_accumulation_v1,128,patternkv_paper,final,v1,next_token_KL,1.75874556589406e-05,232e3b08d10919ca24932ad0a0135e46119ecfd5,1.7847356502898037e-05,aime24:p11:s0:seed11042,489c942f86b4d5ae23c611c59e5f243cac4e99bd6697b73b14def62ea82f3970
-4.9994923756457865e-09,matched_path_accumulation_v1,128,patternkv_paper,final,v1,next_token_JS,4.405348590807989e-06,232e3b08d10919ca24932ad0a0135e46119ecfd5,4.410348083183635e-06,aime24:p11:s0:seed11042,489c942f86b4d5ae23c611c59e5f243cac4e99bd6697b73b14def62ea82f3970
0.00547395646572113,matched_path_accumulation_v1,128,patternkv_paper,final,v1,target_token_NLL_delta,0.002737477421760559,232e3b08d10919ca24932ad0a0135e46119ecfd5,-0.0027364790439605713,aime24:p11:s0:seed11042,489c942f86b4d5ae23c611c59e5f243cac4e99bd6697b73b14def62ea82f3970
0.0,matched_path_accumulation_v1,128,patternkv_paper,final,v1,top1_disagreement,0.0,232e3b08d10919ca24932ad0a0135e46119ecfd5,0.0,aime24:p11:s0:seed11042,489c942f86b4d5ae23c611c59e5f243cac4e99bd6697b73b14def62ea82f3970
0.001953125,matched_path_accumulation_v1,128,patternkv_paper,final,v1,logit_max_abs_diff,0.01953125,232e3b08d10919ca24932ad0a0135e46119ecfd5,0.017578125,aime24:p11:s0:seed11042,489c942f86b4d5ae23c611c59e5f243cac4e99bd6697b73b14def62ea82f3970
0.04076874256134033,matched_path_accumulation_v1,512,patternkv_paper,final,v1,hidden_cosine_loss,0.040770769119262695,232e3b08d10919ca24932ad0a0135e46119ecfd5,2.0265579223632812e-06,aime24:p11:s0:seed11042,489c942f86b4d5ae23c611c59e5f243cac4e99bd6697b73b14def62ea82f3970
0.28426153352484107,matched_path_accumulation_v1,512,patternkv_paper,final,v1,hidden_relative_L2,0.28609195351600647,232e3b08d10919ca24932ad0a0135e46119ecfd5,0.0018304199911653996,aime24:p11:s0:seed11042,489c942f86b4d5ae23c611c59e5f243cac4e99bd6697b73b14def62ea82f3970
0.28426153352484107,matched_path_accumulation_v1,512,patternkv_paper,final,v1,attention_output_relative_L2,0.28609195351600647,232e3b08d10919ca24932ad0a0135e46119ecfd5,0.0018304199911653996,aime24:p11:s0:seed11042,489c942f86b4d5ae23c611c59e5f243cac4e99bd6697b73b14def62ea82f3970
0.14383292726415675,matched_path_accumulation_v1,512,patternkv_paper,final,v1,next_token_KL,0.14385250210762024,232e3b08d10919ca24932ad0a0135e46119ecfd5,1.9574843463487923e-05,aime24:p11:s0:seed11042,489c942f86b4d5ae23c611c59e5f243cac4e99bd6697b73b14def62ea82f3970
0.03789597508512088,matched_path_accumulation_v1,512,patternkv_paper,final,v1,next_token_JS,0.0379008874297142,232e3b08d10919ca24932ad0a0135e46119ecfd5,4.9123445933219045e-06,aime24:p11:s0:seed11042,489c942f86b4d5ae23c611c59e5f243cac4e99bd6697b73b14def62ea82f3970
0.2087460458278656,matched_path_accumulation_v1,512,patternkv_paper,final,v1,target_token_NLL_delta,0.2118905782699585,232e3b08d10919ca24932ad0a0135e46119ecfd5,0.0031445324420928955,aime24:p11:s0:seed11042,489c942f86b4d5ae23c611c59e5f243cac4e99bd6697b73b14def62ea82f3970
0.0,matched_path_accumulation_v1,512,patternkv_paper,final,v1,top1_disagreement,0.0,232e3b08d10919ca24932ad0a0135e46119ecfd5,0.0,aime24:p11:s0:seed11042,489c942f86b4d5ae23c611c59e5f243cac4e99bd6697b73b14def62ea82f3970
2.93359375,matched_path_accumulation_v1,512,patternkv_paper,final,v1,logit_max_abs_diff,2.953125,232e3b08d10919ca24932ad0a0135e46119ecfd5,0.01953125,aime24:p11:s0:seed11042,489c942f86b4d5ae23c611c59e5f243cac4e99bd6697b73b14def62ea82f3970
0.07483023405075073,matched_path_accumulation_v1,1024,patternkv_paper,final,v1,hidden_cosine_loss,0.07483232021331787,232e3b08d10919ca24932ad0a0135e46119ecfd5,2.086162567138672e-06,aime24:p11:s0:seed11042,489c942f86b4d5ae23c611c59e5f243cac4e99bd6697b73b14def62ea82f3970
0.3785776688018814,matched_path_accumulation_v1,1024,patternkv_paper,final,v1,hidden_relative_L2,0.38044315576553345,232e3b08d10919ca24932ad0a0135e46119ecfd5,0.0018654869636520743,aime24:p11:s0:seed11042,489c942f86b4d5ae23c611c59e5f243cac4e99bd6697b73b14def62ea82f3970
0.3785776688018814,matched_path_accumulation_v1,1024,patternkv_paper,final,v1,attention_output_relative_L2,0.38044315576553345,232e3b08d10919ca24932ad0a0135e46119ecfd5,0.0018654869636520743,aime24:p11:s0:seed11042,489c942f86b4d5ae23c611c59e5f243cac4e99bd6697b73b14def62ea82f3970
0.000624457432422787,matched_path_accumulation_v1,1024,patternkv_paper,final,v1,next_token_KL,0.000624457432422787,232e3b08d10919ca24932ad0a0135e46119ecfd5,0.0,aime24:p11:s0:seed11042,489c942f86b4d5ae23c611c59e5f243cac4e99bd6697b73b14def62ea82f3970
0.00019043061227286273,matched_path_accumulation_v1,1024,patternkv_paper,final,v1,next_token_JS,0.00019043766951654106,232e3b08d10919ca24932ad0a0135e46119ecfd5,7.05724367833227e-09,aime24:p11:s0:seed11042,489c942f86b4d5ae23c611c59e5f243cac4e99bd6697b73b14def62ea82f3970
0.001199531543534249,matched_path_accumulation_v1,1024,patternkv_paper,final,v1,target_token_NLL_delta,0.0011994123924523592,232e3b08d10919ca24932ad0a0135e46119ecfd5,-1.1915108188986778e-07,aime24:p11:s0:seed11042,489c942f86b4d5ae23c611c59e5f243cac4e99bd6697b73b14def62ea82f3970
0.0,matched_path_accumulation_v1,1024,patternkv_paper,final,v1,top1_disagreement,0.0,232e3b08d10919ca24932ad0a0135e46119ecfd5,0.0,aime24:p11:s0:seed11042,489c942f86b4d5ae23c611c59e5f243cac4e99bd6697b73b14def62ea82f3970
4.5,matched_path_accumulation_v1,1024,patternkv_paper,final,v1,logit_max_abs_diff,4.515625,232e3b08d10919ca24932ad0a0135e46119ecfd5,0.015625,aime24:p11:s0:seed11042,489c942f86b4d5ae23c611c59e5f243cac4e99bd6697b73b14def62ea82f3970
0.07914340496063232,matched_path_accumulation_v1,2048,patternkv_paper,final,v1,hidden_cosine_loss,0.07914578914642334,232e3b08d10919ca24932ad0a0135e46119ecfd5,2.384185791015625e-06,aime24:p11:s0:seed11042,489c942f86b4d5ae23c611c59e5f243cac4e99bd6697b73b14def62ea82f3970
0.40308258100412786,matched_path_accumulation_v1,2048,patternkv_paper,final,v1,hidden_relative_L2,0.4051496684551239,232e3b08d10919ca24932ad0a0135e46119ecfd5,0.0020670874509960413,aime24:p11:s0:seed11042,489c942f86b4d5ae23c611c59e5f243cac4e99bd6697b73b14def62ea82f3970
0.40308258100412786,matched_path_accumulation_v1,2048,patternkv_paper,final,v1,attention_output_relative_L2,0.4051496684551239,232e3b08d10919ca24932ad0a0135e46119ecfd5,0.0020670874509960413,aime24:p11:s0:seed11042,489c942f86b4d5ae23c611c59e5f243cac4e99bd6697b73b14def62ea82f3970
0.10666105896234512,matched_path_accumulation_v1,2048,patternkv_paper,final,v1,next_token_KL,0.10666105896234512,232e3b08d10919ca24932ad0a0135e46119ecfd5,0.0,aime24:p11:s0:seed11042,489c942f86b4d5ae23c611c59e5f243cac4e99bd6697b73b14def62ea82f3970
0.029741015285253525,matched_path_accumulation_v1,2048,patternkv_paper,final,v1,next_token_JS,0.029741015285253525,232e3b08d10919ca24932ad0a0135e46119ecfd5,0.0,aime24:p11:s0:seed11042,489c942f86b4d5ae23c611c59e5f243cac4e99bd6697b73b14def62ea82f3970
0.2582145780324936,matched_path_accumulation_v1,2048,patternkv_paper,final,v1,target_token_NLL_delta,0.25821468234062195,232e3b08d10919ca24932ad0a0135e46119ecfd5,1.043081283569336e-07,aime24:p11:s0:seed11042,489c942f86b4d5ae23c611c59e5f243cac4e99bd6697b73b14def62ea82f3970
0.0,matched_path_accumulation_v1,2048,patternkv_paper,final,v1,top1_disagreement,0.0,232e3b08d10919ca24932ad0a0135e46119ecfd5,0.0,aime24:p11:s0:seed11042,489c942f86b4d5ae23c611c59e5f243cac4e99bd6697b73b14def62ea82f3970
4.6796875,matched_path_accumulation_v1,2048,patternkv_paper,final,v1,logit_max_abs_diff,4.703125,232e3b08d10919ca24932ad0a0135e46119ecfd5,0.0234375,aime24:p11:s0:seed11042,489c942f86b4d5ae23c611c59e5f243cac4e99bd6697b73b14def62ea82f3970
0.10250931978225708,matched_path_accumulation_v1,4096,patternkv_paper,final,v1,hidden_cosine_loss,0.10251182317733765,232e3b08d10919ca24932ad0a0135e46119ecfd5,2.5033950805664062e-06,aime24:p11:s0:seed11042,489c942f86b4d5ae23c611c59e5f243cac4e99bd6697b73b14def62ea82f3970
0.453181111253798,matched_path_accumulation_v1,4096,patternkv_paper,final,v1,hidden_relative_L2,0.4553073048591614,232e3b08d10919ca24932ad0a0135e46119ecfd5,0.002126193605363369,aime24:p11:s0:seed11042,489c942f86b4d5ae23c611c59e5f243cac4e99bd6697b73b14def62ea82f3970
0.453181111253798,matched_path_accumulation_v1,4096,patternkv_paper,final,v1,attention_output_relative_L2,0.4553073048591614,232e3b08d10919ca24932ad0a0135e46119ecfd5,0.002126193605363369,aime24:p11:s0:seed11042,489c942f86b4d5ae23c611c59e5f243cac4e99bd6697b73b14def62ea82f3970
0.49446325452845485,matched_path_accumulation_v1,4096,patternkv_paper,final,v1,next_token_KL,0.49447759985923767,232e3b08d10919ca24932ad0a0135e46119ecfd5,1.4345330782816745e-05,aime24:p11:s0:seed11042,489c942f86b4d5ae23c611c59e5f243cac4e99bd6697b73b14def62ea82f3970
0.12669435687757868,matched_path_accumulation_v1,4096,patternkv_paper,final,v1,next_token_JS,0.12669792771339417,232e3b08d10919ca24932ad0a0135e46119ecfd5,3.5708358154806774e-06,aime24:p11:s0:seed11042,489c942f86b4d5ae23c611c59e5f243cac4e99bd6697b73b14def62ea82f3970
0.8776539266109467,matched_path_accumulation_v1,4096,patternkv_paper,final,v1,target_token_NLL_delta,0.8755677938461304,232e3b08d10919ca24932ad0a0135e46119ecfd5,-0.002086132764816284,aime24:p11:s0:seed11042,489c942f86b4d5ae23c611c59e5f243cac4e99bd6697b73b14def62ea82f3970
0.0,matched_path_accumulation_v1,4096,patternkv_paper,final,v1,top1_disagreement,0.0,232e3b08d10919ca24932ad0a0135e46119ecfd5,0.0,aime24:p11:s0:seed11042,489c942f86b4d5ae23c611c59e5f243cac4e99bd6697b73b14def62ea82f3970
7.59375,matched_path_accumulation_v1,4096,patternkv_paper,final,v1,logit_max_abs_diff,7.6171875,232e3b08d10919ca24932ad0a0135e46119ecfd5,0.0234375,aime24:p11:s0:seed11042,489c942f86b4d5ae23c611c59e5f243cac4e99bd6697b73b14def62ea82f3970
-3.5762786865234375e-07,matched_path_accumulation_v1,128,patternkv_paper,final,v1,hidden_cosine_loss,1.7285346984863281e-06,232e3b08d10919ca24932ad0a0135e46119ecfd5,2.086162567138672e-06,aime24:p12:s1:seed12043,ca87cac4db8eb8d9ae8695bf4f4fad1775a3bf9b28fe340c3d7c22f6212eb615
-0.00017193879466503859,matched_path_accumulation_v1,128,patternkv_paper,final,v1,hidden_relative_L2,0.0017006801208481193,232e3b08d10919ca24932ad0a0135e46119ecfd5,0.0018726189155131578,aime24:p12:s1:seed12043,ca87cac4db8eb8d9ae8695bf4f4fad1775a3bf9b28fe340c3d7c22f6212eb615
-0.00017193879466503859,matched_path_accumulation_v1,128,patternkv_paper,final,v1,attention_output_relative_L2,0.0017006801208481193,232e3b08d10919ca24932ad0a0135e46119ecfd5,0.0018726189155131578,aime24:p12:s1:seed12043,ca87cac4db8eb8d9ae8695bf4f4fad1775a3bf9b28fe340c3d7c22f6212eb615
4.186140176898334e-05,matched_path_accumulation_v1,128,patternkv_paper,final,v1,next_token_KL,7.193683995865285e-05,232e3b08d10919ca24932ad0a0135e46119ecfd5,3.0075438189669512e-05,aime24:p12:s1:seed12043,ca87cac4db8eb8d9ae8695bf4f4fad1775a3bf9b28fe340c3d7c22f6212eb615
1.0419254977023229e-05,matched_path_accumulation_v1,128,patternkv_paper,final,v1,next_token_JS,1.7973252397496253e-05,232e3b08d10919ca24932ad0a0135e46119ecfd5,7.553997420473024e-06,aime24:p12:s1:seed12043,ca87cac4db8eb8d9ae8695bf4f4fad1775a3bf9b28fe340c3d7c22f6212eb615
-0.0040493011474609375,matched_path_accumulation_v1,128,patternkv_paper,final,v1,target_token_NLL_delta,0.0046890974044799805,232e3b08d10919ca24932ad0a0135e46119ecfd5,0.008738398551940918,aime24:p12:s1:seed12043,ca87cac4db8eb8d9ae8695bf4f4fad1775a3bf9b28fe340c3d7c22f6212eb615
0.0,matched_path_accumulation_v1,128,patternkv_paper,final,v1,top1_disagreement,0.0,232e3b08d10919ca24932ad0a0135e46119ecfd5,0.0,aime24:p12:s1:seed12043,ca87cac4db8eb8d9ae8695bf4f4fad1775a3bf9b28fe340c3d7c22f6212eb615
-0.015625,matched_path_accumulation_v1,128,patternkv_paper,final,v1,logit_max_abs_diff,0.015625,232e3b08d10919ca24932ad0a0135e46119ecfd5,0.03125,aime24:p12:s1:seed12043,ca87cac4db8eb8d9ae8695bf4f4fad1775a3bf9b28fe340c3d7c22f6212eb615
0.10708028078079224,matched_path_accumulation_v1,512,patternkv_paper,final,v1,hidden_cosine_loss,0.10708427429199219,232e3b08d10919ca24932ad0a0135e46119ecfd5,3.993511199951172e-06,aime24:p12:s1:seed12043,ca87cac4db8eb8d9ae8695bf4f4fad1775a3bf9b28fe340c3d7c22f6212eb615
0.4665491650812328,matched_path_accumulation_v1,512,patternkv_paper,final,v1,hidden_relative_L2,0.4693147540092468,232e3b08d10919ca24932ad0a0135e46119ecfd5,0.00276558892801404,aime24:p12:s1:seed12043,ca87cac4db8eb8d9ae8695bf4f4fad1775a3bf9b28fe340c3d7c22f6212eb615
0.4665491650812328,matched_path_accumulation_v1,512,patternkv_paper,final,v1,attention_output_relative_L2,0.4693147540092468,232e3b08d10919ca24932ad0a0135e46119ecfd5,0.00276558892801404,aime24:p12:s1:seed12043,ca87cac4db8eb8d9ae8695bf4f4fad1775a3bf9b28fe340c3d7c22f6212eb615
0.017008188544878067,matched_path_accumulation_v1,512,patternkv_paper,final,v1,next_token_KL,0.017011495307087898,232e3b08d10919ca24932ad0a0135e46119ecfd5,3.306762209831504e-06,aime24:p12:s1:seed12043,ca87cac4db8eb8d9ae8695bf4f4fad1775a3bf9b28fe340c3d7c22f6212eb615
0.00325204214908581,matched_path_accumulation_v1,512,patternkv_paper,final,v1,next_token_JS,0.0032528615556657314,232e3b08d10919ca24932ad0a0135e46119ecfd5,8.194065799216332e-07,aime24:p12:s1:seed12043,ca87cac4db8eb8d9ae8695bf4f4fad1775a3bf9b28fe340c3d7c22f6212eb615
-0.015565037727355957,matched_path_accumulation_v1,512,patternkv_paper,final,v1,target_token_NLL_delta,-0.01598682999610901,232e3b08d10919ca24932ad0a0135e46119ecfd5,-0.00042179226875305176,aime24:p12:s1:seed12043,ca87cac4db8eb8d9ae8695bf4f4fad1775a3bf9b28fe340c3d7c22f6212eb615
0.0,matched_path_accumulation_v1,512,patternkv_paper,final,v1,top1_disagreement,0.0,232e3b08d10919ca24932ad0a0135e46119ecfd5,0.0,aime24:p12:s1:seed12043,ca87cac4db8eb8d9ae8695bf4f4fad1775a3bf9b28fe340c3d7c22f6212eb615
3.841796875,matched_path_accumulation_v1,512,patternkv_paper,final,v1,logit_max_abs_diff,3.865234375,232e3b08d10919ca24932ad0a0135e46119ecfd5,0.0234375,aime24:p12:s1:seed12043,ca87cac4db8eb8d9ae8695bf4f4fad1775a3bf9b28fe340c3d7c22f6212eb615
0.04257690906524658,matched_path_accumulation_v1,1024,patternkv_paper,final,v1,hidden_cosine_loss,0.04257845878601074,232e3b08d10919ca24932ad0a0135e46119ecfd5,1.5497207641601562e-06,aime24:p12:s1:seed12043,ca87cac4db8eb8d9ae8695bf4f4fad1775a3bf9b28fe340c3d7c22f6212eb615
0.291306794853881,matched_path_accumulation_v1,1024,patternkv_paper,final,v1,hidden_relative_L2,0.2927681803703308,232e3b08d10919ca24932ad0a0135e46119ecfd5,0.001461385516449809,aime24:p12:s1:seed12043,ca87cac4db8eb8d9ae8695bf4f4fad1775a3bf9b28fe340c3d7c22f6212eb615
0.291306794853881,matched_path_accumulation_v1,1024,patternkv_paper,final,v1,attention_output_relative_L2,0.2927681803703308,232e3b08d10919ca24932ad0a0135e46119ecfd5,0.001461385516449809,aime24:p12:s1:seed12043,ca87cac4db8eb8d9ae8695bf4f4fad1775a3bf9b28fe340c3d7c22f6212eb615
0.04062826820927512,matched_path_accumulation_v1,1024,patternkv_paper,final,v1,next_token_KL,0.04063519462943077,232e3b08d10919ca24932ad0a0135e46119ecfd5,6.926420155650703e-06,aime24:p12:s1:seed12043,ca87cac4db8eb8d9ae8695bf4f4fad1775a3bf9b28fe340c3d7c22f6212eb615
0.011536137782741207,matched_path_accumulation_v1,1024,patternkv_paper,final,v1,next_token_JS,0.01153787225484848,232e3b08d10919ca24932ad0a0135e46119ecfd5,1.7344721072731772e-06,aime24:p12:s1:seed12043,ca87cac4db8eb8d9ae8695bf4f4fad1775a3bf9b28fe340c3d7c22f6212eb615
0.09497193992137909,matched_path_accumulation_v1,1024,patternkv_paper,final,v1,target_token_NLL_delta,0.09585017710924149,232e3b08d10919ca24932ad0a0135e46119ecfd5,0.0008782371878623962,aime24:p12:s1:seed12043,ca87cac4db8eb8d9ae8695bf4f4fad1775a3bf9b28fe340c3d7c22f6212eb615
0.0,matched_path_accumulation_v1,1024,patternkv_paper,final,v1,top1_disagreement,0.0,232e3b08d10919ca24932ad0a0135e46119ecfd5,0.0,aime24:p12:s1:seed12043,ca87cac4db8eb8d9ae8695bf4f4fad1775a3bf9b28fe340c3d7c22f6212eb615
4.03515625,matched_path_accumulation_v1,1024,patternkv_paper,final,v1,logit_max_abs_diff,4.05078125,232e3b08d10919ca24932ad0a0135e46119ecfd5,0.015625,aime24:p12:s1:seed12043,ca87cac4db8eb8d9ae8695bf4f4fad1775a3bf9b28fe340c3d7c22f6212eb615
0.023140430450439453,matched_path_accumulation_v1,2048,patternkv_paper,final,v1,hidden_cosine_loss,0.02314138412475586,232e3b08d10919ca24932ad0a0135e46119ecfd5,9.5367431640625e-07,aime24:p12:s1:seed12043,ca87cac4db8eb8d9ae8695bf4f4fad1775a3bf9b28fe340c3d7c22f6212eb615
0.21650224667973816,matched_path_accumulation_v1,2048,patternkv_paper,final,v1,hidden_relative_L2,0.21774545311927795,232e3b08d10919ca24932ad0a0135e46119ecfd5,0.0012432064395397902,aime24:p12:s1:seed12043,ca87cac4db8eb8d9ae8695bf4f4fad1775a3bf9b28fe340c3d7c22f6212eb615
0.21650224667973816,matched_path_accumulation_v1,2048,patternkv_paper,final,v1,attention_output_relative_L2,0.21774545311927795,232e3b08d10919ca24932ad0a0135e46119ecfd5,0.0012432064395397902,aime24:p12:s1:seed12043,ca87cac4db8eb8d9ae8695bf4f4fad1775a3bf9b28fe340c3d7c22f6212eb615
0.04067790896118595,matched_path_accumulation_v1,2048,patternkv_paper,final,v1,next_token_KL,0.04067862406373024,232e3b08d10919ca24932ad0a0135e46119ecfd5,7.151025442908576e-07,aime24:p12:s1:seed12043,ca87cac4db8eb8d9ae8695bf4f4fad1775a3bf9b28fe340c3d7c22f6212eb615
0.010138712920515047,matched_path_accumulation_v1,2048,patternkv_paper,final,v1,next_token_JS,0.010138817131519318,232e3b08d10919ca24932ad0a0135e46119ecfd5,1.0421100427038255e-07,aime24:p12:s1:seed12043,ca87cac4db8eb8d9ae8695bf4f4fad1775a3bf9b28fe340c3d7c22f6212eb615
0.44733715057373047,matched_path_accumulation_v1,2048,patternkv_paper,final,v1,target_token_NLL_delta,0.4473975896835327,232e3b08d10919ca24932ad0a0135e46119ecfd5,6.0439109802246094e-05,aime24:p12:s1:seed12043,ca87cac4db8eb8d9ae8695bf4f4fad1775a3bf9b28fe340c3d7c22f6212eb615
0.0,matched_path_accumulation_v1,2048,patternkv_paper,final,v1,top1_disagreement,0.0,232e3b08d10919ca24932ad0a0135e46119ecfd5,0.0,aime24:p12:s1:seed12043,ca87cac4db8eb8d9ae8695bf4f4fad1775a3bf9b28fe340c3d7c22f6212eb615
2.53515625,matched_path_accumulation_v1,2048,patternkv_paper,final,v1,logit_max_abs_diff,2.55078125,232e3b08d10919ca24932ad0a0135e46119ecfd5,0.015625,aime24:p12:s1:seed12043,ca87cac4db8eb8d9ae8695bf4f4fad1775a3bf9b28fe340c3d7c22f6212eb615
0.07374954223632812,matched_path_accumulation_v1,4096,patternkv_paper,final,v1,hidden_cosine_loss,0.07375133037567139,232e3b08d10919ca24932ad0a0135e46119ecfd5,1.7881393432617188e-06,aime24:p12:s1:seed12043,ca87cac4db8eb8d9ae8695bf4f4fad1775a3bf9b28fe340c3d7c22f6212eb615
0.3904881203779951,matched_path_accumulation_v1,4096,patternkv_paper,final,v1,hidden_relative_L2,0.392294704914093,232e3b08d10919ca24932ad0a0135e46119ecfd5,0.0018065845360979438,aime24:p12:s1:seed12043,ca87cac4db8eb8d9ae8695bf4f4fad1775a3bf9b28fe340c3d7c22f6212eb615
0.3904881203779951,matched_path_accumulation_v1,4096,patternkv_paper,final,v1,attention_output_relative_L2,0.392294704914093,232e3b08d10919ca24932ad0a0135e46119ecfd5,0.0018065845360979438,aime24:p12:s1:seed12043,ca87cac4db8eb8d9ae8695bf4f4fad1775a3bf9b28fe340c3d7c22f6212eb615
0.10395224389100122,matched_path_accumulation_v1,4096,patternkv_paper,final,v1,next_token_KL,0.10395313054323196,232e3b08d10919ca24932ad0a0135e46119ecfd5,8.866522307471314e-07,aime24:p12:s1:seed12043,ca87cac4db8eb8d9ae8695bf4f4fad1775a3bf9b28fe340c3d7c22f6212eb615
0.030103593168547604,matched_path_accumulation_v1,4096,patternkv_paper,final,v1,next_token_JS,0.03010384738445282,232e3b08d10919ca24932ad0a0135e46119ecfd5,2.542159052154602e-07,aime24:p12:s1:seed12043,ca87cac4db8eb8d9ae8695bf4f4fad1775a3bf9b28fe340c3d7c22f6212eb615
0.24985510110855103,matched_path_accumulation_v1,4096,patternkv_paper,final,v1,target_token_NLL_delta,0.24990487098693848,232e3b08d10919ca24932ad0a0135e46119ecfd5,4.976987838745117e-05,aime24:p12:s1:seed12043,ca87cac4db8eb8d9ae8695bf4f4fad1775a3bf9b28fe340c3d7c22f6212eb615
0.0,matched_path_accumulation_v1,4096,patternkv_paper,final,v1,top1_disagreement,0.0,232e3b08d10919ca24932ad0a0135e46119ecfd5,0.0,aime24:p12:s1:seed12043,ca87cac4db8eb8d9ae8695bf4f4fad1775a3bf9b28fe340c3d7c22f6212eb615
3.3662109375,matched_path_accumulation_v1,4096,patternkv_paper,final,v1,logit_max_abs_diff,3.384765625,232e3b08d10919ca24932ad0a0135e46119ecfd5,0.0185546875,aime24:p12:s1:seed12043,ca87cac4db8eb8d9ae8695bf4f4fad1775a3bf9b28fe340c3d7c22f6212eb615
-2.384185791015625e-07,matched_path_accumulation_v1,128,patternkv_paper,final,v1,hidden_cosine_loss,2.0265579223632812e-06,232e3b08d10919ca24932ad0a0135e46119ecfd5,2.2649765014648438e-06,aime24:p6:s0:seed6042,3aaa4d1b0009ba297434f6ce9cc3b021533afdacc47013de66093911d7d70ffe
-0.00013321847654879093,matched_path_accumulation_v1,128,patternkv_paper,final,v1,hidden_relative_L2,0.001938515342772007,232e3b08d10919ca24932ad0a0135e46119ecfd5,0.002071733819320798,aime24:p6:s0:seed6042,3aaa4d1b0009ba297434f6ce9cc3b021533afdacc47013de66093911d7d70ffe
-0.00013321847654879093,matched_path_accumulation_v1,128,patternkv_paper,final,v1,attention_output_relative_L2,0.001938515342772007,232e3b08d10919ca24932ad0a0135e46119ecfd5,0.002071733819320798,aime24:p6:s0:seed6042,3aaa4d1b0009ba297434f6ce9cc3b021533afdacc47013de66093911d7d70ffe
-2.9520893605194942e-05,matched_path_accumulation_v1,128,patternkv_paper,final,v1,next_token_KL,3.6458206409406557e-07,232e3b08d10919ca24932ad0a0135e46119ecfd5,2.9885475669289008e-05,aime24:p6:s0:seed6042,3aaa4d1b0009ba297434f6ce9cc3b021533afdacc47013de66093911d7d70ffe
-7.516671981733225e-06,matched_path_accumulation_v1,128,patternkv_paper,final,v1,next_token_JS,4.278968290805096e-08,232e3b08d10919ca24932ad0a0135e46119ecfd5,7.559461664641276e-06,aime24:p6:s0:seed6042,3aaa4d1b0009ba297434f6ce9cc3b021533afdacc47013de66093911d7d70ffe
-0.006798744201660156,matched_path_accumulation_v1,128,patternkv_paper,final,v1,target_token_NLL_delta,-1.1265277862548828e-05,232e3b08d10919ca24932ad0a0135e46119ecfd5,0.006787478923797607,aime24:p6:s0:seed6042,3aaa4d1b0009ba297434f6ce9cc3b021533afdacc47013de66093911d7d70ffe
0.0,matched_path_accumulation_v1,128,patternkv_paper,final,v1,top1_disagreement,0.0,232e3b08d10919ca24932ad0a0135e46119ecfd5,0.0,aime24:p6:s0:seed6042,3aaa4d1b0009ba297434f6ce9cc3b021533afdacc47013de66093911d7d70ffe
-0.00390625,matched_path_accumulation_v1,128,patternkv_paper,final,v1,logit_max_abs_diff,0.0166015625,232e3b08d10919ca24932ad0a0135e46119ecfd5,0.0205078125,aime24:p6:s0:seed6042,3aaa4d1b0009ba297434f6ce9cc3b021533afdacc47013de66093911d7d70ffe
0.09434086084365845,matched_path_accumulation_v1,512,patternkv_paper,final,v1,hidden_cosine_loss,0.0943446159362793,232e3b08d10919ca24932ad0a0135e46119ecfd5,3.7550926208496094e-06,aime24:p6:s0:seed6042,3aaa4d1b0009ba297434f6ce9cc3b021533afdacc47013de66093911d7d70ffe
0.43616821826435626,matched_path_accumulation_v1,512,patternkv_paper,final,v1,hidden_relative_L2,0.4387645721435547,232e3b08d10919ca24932ad0a0135e46119ecfd5,0.002596353879198432,aime24:p6:s0:seed6042,3aaa4d1b0009ba297434f6ce9cc3b021533afdacc47013de66093911d7d70ffe
0.43616821826435626,matched_path_accumulation_v1,512,patternkv_paper,final,v1,attention_output_relative_L2,0.4387645721435547,232e3b08d10919ca24932ad0a0135e46119ecfd5,0.002596353879198432,aime24:p6:s0:seed6042,3aaa4d1b0009ba297434f6ce9cc3b021533afdacc47013de66093911d7d70ffe
0.001435112302504038,matched_path_accumulation_v1,512,patternkv_paper,final,v1,next_token_KL,0.0014351361896842718,232e3b08d10919ca24932ad0a0135e46119ecfd5,2.3887180233828076e-08,aime24:p6:s0:seed6042,3aaa4d1b0009ba297434f6ce9cc3b021533afdacc47013de66093911d7d70ffe
0.0004595309146679938,matched_path_accumulation_v1,512,patternkv_paper,final,v1,next_token_JS,0.0004595309146679938,232e3b08d10919ca24932ad0a0135e46119ecfd5,0.0,aime24:p6:s0:seed6042,3aaa4d1b0009ba297434f6ce9cc3b021533afdacc47013de66093911d7d70ffe
0.0018974224803969264,matched_path_accumulation_v1,512,patternkv_paper,final,v1,target_token_NLL_delta,0.0018974224803969264,232e3b08d10919ca24932ad0a0135e46119ecfd5,0.0,aime24:p6:s0:seed6042,3aaa4d1b0009ba297434f6ce9cc3b021533afdacc47013de66093911d7d70ffe
0.0,matched_path_accumulation_v1,512,patternkv_paper,final,v1,top1_disagreement,0.0,232e3b08d10919ca24932ad0a0135e46119ecfd5,0.0,aime24:p6:s0:seed6042,3aaa4d1b0009ba297434f6ce9cc3b021533afdacc47013de66093911d7d70ffe
3.19189453125,matched_path_accumulation_v1,512,patternkv_paper,final,v1,logit_max_abs_diff,3.21142578125,232e3b08d10919ca24932ad0a0135e46119ecfd5,0.01953125,aime24:p6:s0:seed6042,3aaa4d1b0009ba297434f6ce9cc3b021533afdacc47013de66093911d7d70ffe
0.04137152433395386,matched_path_accumulation_v1,1024,patternkv_paper,final,v1,hidden_cosine_loss,0.04137367010116577,232e3b08d10919ca24932ad0a0135e46119ecfd5,2.1457672119140625e-06,aime24:p6:s0:seed6042,3aaa4d1b0009ba297434f6ce9cc3b021533afdacc47013de66093911d7d70ffe
0.28442182834260166,matched_path_accumulation_v1,1024,patternkv_paper,final,v1,hidden_relative_L2,0.28631365299224854,232e3b08d10919ca24932ad0a0135e46119ecfd5,0.0018918246496468782,aime24:p6:s0:seed6042,3aaa4d1b0009ba297434f6ce9cc3b021533afdacc47013de66093911d7d70ffe
0.28442182834260166,matched_path_accumulation_v1,1024,patternkv_paper,final,v1,attention_output_relative_L2,0.28631365299224854,232e3b08d10919ca24932ad0a0135e46119ecfd5,0.0018918246496468782,aime24:p6:s0:seed6042,3aaa4d1b0009ba297434f6ce9cc3b021533afdacc47013de66093911d7d70ffe
0.002829601196296494,matched_path_accumulation_v1,1024,patternkv_paper,final,v1,next_token_KL,0.0028296317905187607,232e3b08d10919ca24932ad0a0135e46119ecfd5,3.0594222266699944e-08,aime24:p6:s0:seed6042,3aaa4d1b0009ba297434f6ce9cc3b021533afdacc47013de66093911d7d70ffe
0.0008878988371758822,matched_path_accumulation_v1,1024,patternkv_paper,final,v1,next_token_JS,0.0008879061206243932,232e3b08d10919ca24932ad0a0135e46119ecfd5,7.283448510975177e-09,aime24:p6:s0:seed6042,3aaa4d1b0009ba297434f6ce9cc3b021533afdacc47013de66093911d7d70ffe
0.0036301761865615845,matched_path_accumulation_v1,1024,patternkv_paper,final,v1,target_token_NLL_delta,0.003626421093940735,232e3b08d10919ca24932ad0a0135e46119ecfd5,-3.7550926208496094e-06,aime24:p6:s0:seed6042,3aaa4d1b0009ba297434f6ce9cc3b021533afdacc47013de66093911d7d70ffe
0.0,matched_path_accumulation_v1,1024,patternkv_paper,final,v1,top1_disagreement,0.0,232e3b08d10919ca24932ad0a0135e46119ecfd5,0.0,aime24:p6:s0:seed6042,3aaa4d1b0009ba297434f6ce9cc3b021533afdacc47013de66093911d7d70ffe
3.39453125,matched_path_accumulation_v1,1024,patternkv_paper,final,v1,logit_max_abs_diff,3.4140625,232e3b08d10919ca24932ad0a0135e46119ecfd5,0.01953125,aime24:p6:s0:seed6042,3aaa4d1b0009ba297434f6ce9cc3b021533afdacc47013de66093911d7d70ffe
0.0542258620262146,matched_path_accumulation_v1,2048,patternkv_paper,final,v1,hidden_cosine_loss,0.054228246212005615,232e3b08d10919ca24932ad0a0135e46119ecfd5,2.384185791015625e-06,aime24:p6:s0:seed6042,3aaa4d1b0009ba297434f6ce9cc3b021533afdacc47013de66093911d7d70ffe
0.3233822549227625,matched_path_accumulation_v1,2048,patternkv_paper,final,v1,hidden_relative_L2,0.3254294991493225,232e3b08d10919ca24932ad0a0135e46119ecfd5,0.0020472442265599966,aime24:p6:s0:seed6042,3aaa4d1b0009ba297434f6ce9cc3b021533afdacc47013de66093911d7d70ffe
0.3233822549227625,matched_path_accumulation_v1,2048,patternkv_paper,final,v1,attention_output_relative_L2,0.3254294991493225,232e3b08d10919ca24932ad0a0135e46119ecfd5,0.0020472442265599966,aime24:p6:s0:seed6042,3aaa4d1b0009ba297434f6ce9cc3b021533afdacc47013de66093911d7d70ffe
0.0006457509006736473,matched_path_accumulation_v1,2048,patternkv_paper,final,v1,next_token_KL,0.0006459394353441894,232e3b08d10919ca24932ad0a0135e46119ecfd5,1.885346705421398e-07,aime24:p6:s0:seed6042,3aaa4d1b0009ba297434f6ce9cc3b021533afdacc47013de66093911d7d70ffe
0.00018319593054627603,matched_path_accumulation_v1,2048,patternkv_paper,final,v1,next_token_JS,0.00018326393910683692,232e3b08d10919ca24932ad0a0135e46119ecfd5,6.800856056088378e-08,aime24:p6:s0:seed6042,3aaa4d1b0009ba297434f6ce9cc3b021533afdacc47013de66093911d7d70ffe
0.0017482260009273887,matched_path_accumulation_v1,2048,patternkv_paper,final,v1,target_token_NLL_delta,0.0017282249173149467,232e3b08d10919ca24932ad0a0135e46119ecfd5,-2.0001083612442017e-05,aime24:p6:s0:seed6042,3aaa4d1b0009ba297434f6ce9cc3b021533afdacc47013de66093911d7d70ffe
0.0,matched_path_accumulation_v1,2048,patternkv_paper,final,v1,top1_disagreement,0.0,232e3b08d10919ca24932ad0a0135e46119ecfd5,0.0,aime24:p6:s0:seed6042,3aaa4d1b0009ba297434f6ce9cc3b021533afdacc47013de66093911d7d70ffe
3.12890625,matched_path_accumulation_v1,2048,patternkv_paper,final,v1,logit_max_abs_diff,3.14453125,232e3b08d10919ca24932ad0a0135e46119ecfd5,0.015625,aime24:p6:s0:seed6042,3aaa4d1b0009ba297434f6ce9cc3b021533afdacc47013de66093911d7d70ffe
0.0880705714225769,matched_path_accumulation_v1,4096,patternkv_paper,final,v1,hidden_cosine_loss,0.08807438611984253,232e3b08d10919ca24932ad0a0135e46119ecfd5,3.814697265625e-06,aime24:p6:s0:seed6042,3aaa4d1b0009ba297434f6ce9cc3b021533afdacc47013de66093911d7d70ffe
0.44197611534036696,matched_path_accumulation_v1,4096,patternkv_paper,final,v1,hidden_relative_L2,0.4446210563182831,232e3b08d10919ca24932ad0a0135e46119ecfd5,0.0026449409779161215,aime24:p6:s0:seed6042,3aaa4d1b0009ba297434f6ce9cc3b021533afdacc47013de66093911d7d70ffe
0.44197611534036696,matched_path_accumulation_v1,4096,patternkv_paper,final,v1,attention_output_relative_L2,0.4446210563182831,232e3b08d10919ca24932ad0a0135e46119ecfd5,0.0026449409779161215,aime24:p6:s0:seed6042,3aaa4d1b0009ba297434f6ce9cc3b021533afdacc47013de66093911d7d70ffe
0.0035222063306719065,matched_path_accumulation_v1,4096,patternkv_paper,final,v1,next_token_KL,0.0035222063306719065,232e3b08d10919ca24932ad0a0135e46119ecfd5,0.0,aime24:p6:s0:seed6042,3aaa4d1b0009ba297434f6ce9cc3b021533afdacc47013de66093911d7d70ffe
0.0011988943918392891,matched_path_accumulation_v1,4096,patternkv_paper,final,v1,next_token_JS,0.0011988987680524588,232e3b08d10919ca24932ad0a0135e46119ecfd5,4.376213169621224e-09,aime24:p6:s0:seed6042,3aaa4d1b0009ba297434f6ce9cc3b021533afdacc47013de66093911d7d70ffe
0.003729439777089283,matched_path_accumulation_v1,4096,patternkv_paper,final,v1,target_token_NLL_delta,0.00372896296903491,232e3b08d10919ca24932ad0a0135e46119ecfd5,-4.7680805437266827e-07,aime24:p6:s0:seed6042,3aaa4d1b0009ba297434f6ce9cc3b021533afdacc47013de66093911d7d70ffe
0.0,matched_path_accumulation_v1,4096,patternkv_paper,final,v1,top1_disagreement,0.0,232e3b08d10919ca24932ad0a0135e46119ecfd5,0.0,aime24:p6:s0:seed6042,3aaa4d1b0009ba297434f6ce9cc3b021533afdacc47013de66093911d7d70ffe
6.203125,matched_path_accumulation_v1,4096,patternkv_paper,final,v1,logit_max_abs_diff,6.234375,232e3b08d10919ca24932ad0a0135e46119ecfd5,0.03125,aime24:p6:s0:seed6042,3aaa4d1b0009ba297434f6ce9cc3b021533afdacc47013de66093911d7d70ffe
1.7881393432617188e-07,matched_path_accumulation_v1,128,patternkv_paper,final,v1,hidden_cosine_loss,1.7881393432617188e-06,232e3b08d10919ca24932ad0a0135e46119ecfd5,1.6093254089355469e-06,aime24:p6:s1:seed6043,bdc5380c721a7d62393b67524bb3065580c4b13dffda573ae8f1238fbd86cb01
7.913250010460615e-05,matched_path_accumulation_v1,128,patternkv_paper,final,v1,hidden_relative_L2,0.0016405596397817135,232e3b08d10919ca24932ad0a0135e46119ecfd5,0.0015614271396771073,aime24:p6:s1:seed6043,bdc5380c721a7d62393b67524bb3065580c4b13dffda573ae8f1238fbd86cb01
7.913250010460615e-05,matched_path_accumulation_v1,128,patternkv_paper,final,v1,attention_output_relative_L2,0.0016405596397817135,232e3b08d10919ca24932ad0a0135e46119ecfd5,0.0015614271396771073,aime24:p6:s1:seed6043,bdc5380c721a7d62393b67524bb3065580c4b13dffda573ae8f1238fbd86cb01
-1.3816976206726395e-05,matched_path_accumulation_v1,128,patternkv_paper,final,v1,next_token_KL,7.664404620300047e-06,232e3b08d10919ca24932ad0a0135e46119ecfd5,2.148138082702644e-05,aime24:p6:s1:seed6043,bdc5380c721a7d62393b67524bb3065580c4b13dffda573ae8f1238fbd86cb01
-3.462773747742176e-06,matched_path_accumulation_v1,128,patternkv_paper,final,v1,next_token_JS,1.946092197613325e-06,232e3b08d10919ca24932ad0a0135e46119ecfd5,5.408865945355501e-06,aime24:p6:s1:seed6043,bdc5380c721a7d62393b67524bb3065580c4b13dffda573ae8f1238fbd86cb01
0.0032184720039367676,matched_path_accumulation_v1,128,patternkv_paper,final,v1,target_token_NLL_delta,-0.00041174888610839844,232e3b08d10919ca24932ad0a0135e46119ecfd5,-0.003630220890045166,aime24:p6:s1:seed6043,bdc5380c721a7d62393b67524bb3065580c4b13dffda573ae8f1238fbd86cb01
0.0,matched_path_accumulation_v1,128,patternkv_paper,final,v1,top1_disagreement,0.0,232e3b08d10919ca24932ad0a0135e46119ecfd5,0.0,aime24:p6:s1:seed6043,bdc5380c721a7d62393b67524bb3065580c4b13dffda573ae8f1238fbd86cb01
0.0078125,matched_path_accumulation_v1,128,patternkv_paper,final,v1,logit_max_abs_diff,0.0234375,232e3b08d10919ca24932ad0a0135e46119ecfd5,0.015625,aime24:p6:s1:seed6043,bdc5380c721a7d62393b67524bb3065580c4b13dffda573ae8f1238fbd86cb01
0.03916287422180176,matched_path_accumulation_v1,512,patternkv_paper,final,v1,hidden_cosine_loss,0.03916454315185547,232e3b08d10919ca24932ad0a0135e46119ecfd5,1.6689300537109375e-06,aime24:p6:s1:seed6043,bdc5380c721a7d62393b67524bb3065580c4b13dffda573ae8f1238fbd86cb01
0.27823583444114774,matched_path_accumulation_v1,512,patternkv_paper,final,v1,hidden_relative_L2,0.2799670398235321,232e3b08d10919ca24932ad0a0135e46119ecfd5,0.0017312053823843598,aime24:p6:s1:seed6043,bdc5380c721a7d62393b67524bb3065580c4b13dffda573ae8f1238fbd86cb01
0.27823583444114774,matched_path_accumulation_v1,512,patternkv_paper,final,v1,attention_output_relative_L2,0.2799670398235321,232e3b08d10919ca24932ad0a0135e46119ecfd5,0.0017312053823843598,aime24:p6:s1:seed6043,bdc5380c721a7d62393b67524bb3065580c4b13dffda573ae8f1238fbd86cb01
0.09414467996248277,matched_path_accumulation_v1,512,patternkv_paper,final,v1,next_token_KL,0.09417268633842468,232e3b08d10919ca24932ad0a0135e46119ecfd5,2.8006375941913575e-05,aime24:p6:s1:seed6043,bdc5380c721a7d62393b67524bb3065580c4b13dffda573ae8f1238fbd86cb01
0.02633980250084278,matched_path_accumulation_v1,512,patternkv_paper,final,v1,next_token_JS,0.026346713304519653,232e3b08d10919ca24932ad0a0135e46119ecfd5,6.910803676873911e-06,aime24:p6:s1:seed6043,bdc5380c721a7d62393b67524bb3065580c4b13dffda573ae8f1238fbd86cb01
0.2860363721847534,matched_path_accumulation_v1,512,patternkv_paper,final,v1,target_token_NLL_delta,0.2914660573005676,232e3b08d10919ca24932ad0a0135e46119ecfd5,0.005429685115814209,aime24:p6:s1:seed6043,bdc5380c721a7d62393b67524bb3065580c4b13dffda573ae8f1238fbd86cb01
0.0,matched_path_accumulation_v1,512,patternkv_paper,final,v1,top1_disagreement,0.0,232e3b08d10919ca24932ad0a0135e46119ecfd5,0.0,aime24:p6:s1:seed6043,bdc5380c721a7d62393b67524bb3065580c4b13dffda573ae8f1238fbd86cb01
3.03125,matched_path_accumulation_v1,512,patternkv_paper,final,v1,logit_max_abs_diff,3.046875,232e3b08d10919ca24932ad0a0135e46119ecfd5,0.015625,aime24:p6:s1:seed6043,bdc5380c721a7d62393b67524bb3065580c4b13dffda573ae8f1238fbd86cb01
0.04449063539505005,matched_path_accumulation_v1,1024,patternkv_paper,final,v1,hidden_cosine_loss,0.044492483139038086,232e3b08d10919ca24932ad0a0135e46119ecfd5,1.8477439880371094e-06,aime24:p6:s1:seed6043,bdc5380c721a7d62393b67524bb3065580c4b13dffda573ae8f1238fbd86cb01
0.29360211454331875,matched_path_accumulation_v1,1024,patternkv_paper,final,v1,hidden_relative_L2,0.29533037543296814,232e3b08d10919ca24932ad0a0135e46119ecfd5,0.0017282608896493912,aime24:p6:s1:seed6043,bdc5380c721a7d62393b67524bb3065580c4b13dffda573ae8f1238fbd86cb01
0.29360211454331875,matched_path_accumulation_v1,1024,patternkv_paper,final,v1,attention_output_relative_L2,0.29533037543296814,232e3b08d10919ca24932ad0a0135e46119ecfd5,0.0017282608896493912,aime24:p6:s1:seed6043,bdc5380c721a7d62393b67524bb3065580c4b13dffda573ae8f1238fbd86cb01
0.01842422115532827,matched_path_accumulation_v1,1024,patternkv_paper,final,v1,next_token_KL,0.018435388803482056,232e3b08d10919ca24932ad0a0135e46119ecfd5,1.1167648153787013e-05,aime24:p6:s1:seed6043,bdc5380c721a7d62393b67524bb3065580c4b13dffda573ae8f1238fbd86cb01
0.005129474526256672,matched_path_accumulation_v1,1024,patternkv_paper,final,v1,next_token_JS,0.005132338032126427,232e3b08d10919ca24932ad0a0135e46119ecfd5,2.86350586975459e-06,aime24:p6:s1:seed6043,bdc5380c721a7d62393b67524bb3065580c4b13dffda573ae8f1238fbd86cb01
-0.21334338188171387,matched_path_accumulation_v1,1024,patternkv_paper,final,v1,target_token_NLL_delta,-0.21173477172851562,232e3b08d10919ca24932ad0a0135e46119ecfd5,0.0016086101531982422,aime24:p6:s1:seed6043,bdc5380c721a7d62393b67524bb3065580c4b13dffda573ae8f1238fbd86cb01
0.0,matched_path_accumulation_v1,1024,patternkv_paper,final,v1,top1_disagreement,0.0,232e3b08d10919ca24932ad0a0135e46119ecfd5,0.0,aime24:p6:s1:seed6043,bdc5380c721a7d62393b67524bb3065580c4b13dffda573ae8f1238fbd86cb01
2.63671875,matched_path_accumulation_v1,1024,patternkv_paper,final,v1,logit_max_abs_diff,2.65234375,232e3b08d10919ca24932ad0a0135e46119ecfd5,0.015625,aime24:p6:s1:seed6043,bdc5380c721a7d62393b67524bb3065580c4b13dffda573ae8f1238fbd86cb01
0.0706830620765686,matched_path_accumulation_v1,2048,patternkv_paper,final,v1,hidden_cosine_loss,0.07068896293640137,232e3b08d10919ca24932ad0a0135e46119ecfd5,5.900859832763672e-06,aime24:p6:s1:seed6043,bdc5380c721a7d62393b67524bb3065580c4b13dffda573ae8f1238fbd86cb01
0.39219873608089983,matched_path_accumulation_v1,2048,patternkv_paper,final,v1,hidden_relative_L2,0.3957059383392334,232e3b08d10919ca24932ad0a0135e46119ecfd5,0.003507202258333564,aime24:p6:s1:seed6043,bdc5380c721a7d62393b67524bb3065580c4b13dffda573ae8f1238fbd86cb01
0.39219873608089983,matched_path_accumulation_v1,2048,patternkv_paper,final,v1,attention_output_relative_L2,0.3957059383392334,232e3b08d10919ca24932ad0a0135e46119ecfd5,0.003507202258333564,aime24:p6:s1:seed6043,bdc5380c721a7d62393b67524bb3065580c4b13dffda573ae8f1238fbd86cb01
1.3977661623698623e-06,matched_path_accumulation_v1,2048,patternkv_paper,final,v1,next_token_KL,1.4748447938472964e-06,232e3b08d10919ca24932ad0a0135e46119ecfd5,7.70786314774341e-08,aime24:p6:s1:seed6043,bdc5380c721a7d62393b67524bb3065580c4b13dffda573ae8f1238fbd86cb01
4.539396574188004e-07,matched_path_accumulation_v1,2048,patternkv_paper,final,v1,next_token_JS,4.5414151372824563e-07,232e3b08d10919ca24932ad0a0135e46119ecfd5,2.0185630944524746e-10,aime24:p6:s1:seed6043,bdc5380c721a7d62393b67524bb3065580c4b13dffda573ae8f1238fbd86cb01
2.9802149583701976e-06,matched_path_accumulation_v1,2048,patternkv_paper,final,v1,target_token_NLL_delta,2.9802149583701976e-06,232e3b08d10919ca24932ad0a0135e46119ecfd5,0.0,aime24:p6:s1:seed6043,bdc5380c721a7d62393b67524bb3065580c4b13dffda573ae8f1238fbd86cb01
0.0,matched_path_accumulation_v1,2048,patternkv_paper,final,v1,top1_disagreement,0.0,232e3b08d10919ca24932ad0a0135e46119ecfd5,0.0,aime24:p6:s1:seed6043,bdc5380c721a7d62393b67524bb3065580c4b13dffda573ae8f1238fbd86cb01
3.79296875,matched_path_accumulation_v1,2048,patternkv_paper,final,v1,logit_max_abs_diff,3.83984375,232e3b08d10919ca24932ad0a0135e46119ecfd5,0.046875,aime24:p6:s1:seed6043,bdc5380c721a7d62393b67524bb3065580c4b13dffda573ae8f1238fbd86cb01
0.0910300612449646,matched_path_accumulation_v1,4096,patternkv_paper,final,v1,hidden_cosine_loss,0.09103262424468994,232e3b08d10919ca24932ad0a0135e46119ecfd5,2.562999725341797e-06,aime24:p6:s1:seed6043,bdc5380c721a7d62393b67524bb3065580c4b13dffda573ae8f1238fbd86cb01
0.42044080211780965,matched_path_accumulation_v1,4096,patternkv_paper,final,v1,hidden_relative_L2,0.42251890897750854,232e3b08d10919ca24932ad0a0135e46119ecfd5,0.0020781068596988916,aime24:p6:s1:seed6043,bdc5380c721a7d62393b67524bb3065580c4b13dffda573ae8f1238fbd86cb01
0.42044080211780965,matched_path_accumulation_v1,4096,patternkv_paper,final,v1,attention_output_relative_L2,0.42251890897750854,232e3b08d10919ca24932ad0a0135e46119ecfd5,0.0020781068596988916,aime24:p6:s1:seed6043,bdc5380c721a7d62393b67524bb3065580c4b13dffda573ae8f1238fbd86cb01
0.0003497740782023584,matched_path_accumulation_v1,4096,patternkv_paper,final,v1,next_token_KL,0.00034979963675141335,232e3b08d10919ca24932ad0a0135e46119ecfd5,2.5558549054949253e-08,aime24:p6:s1:seed6043,bdc5380c721a7d62393b67524bb3065580c4b13dffda573ae8f1238fbd86cb01
7.434012712126403e-05,matched_path_accumulation_v1,4096,patternkv_paper,final,v1,next_token_JS,7.434198050759733e-05,232e3b08d10919ca24932ad0a0135e46119ecfd5,1.853386333294793e-09,aime24:p6:s1:seed6043,bdc5380c721a7d62393b67524bb3065580c4b13dffda573ae8f1238fbd86cb01
-1.686462201178074e-05,matched_path_accumulation_v1,4096,patternkv_paper,final,v1,target_token_NLL_delta,-1.6508391126990318e-05,232e3b08d10919ca24932ad0a0135e46119ecfd5,3.5623088479042053e-07,aime24:p6:s1:seed6043,bdc5380c721a7d62393b67524bb3065580c4b13dffda573ae8f1238fbd86cb01
0.0,matched_path_accumulation_v1,4096,patternkv_paper,final,v1,top1_disagreement,0.0,232e3b08d10919ca24932ad0a0135e46119ecfd5,0.0,aime24:p6:s1:seed6043,bdc5380c721a7d62393b67524bb3065580c4b13dffda573ae8f1238fbd86cb01
3.7265625,matched_path_accumulation_v1,4096,patternkv_paper,final,v1,logit_max_abs_diff,3.74609375,232e3b08d10919ca24932ad0a0135e46119ecfd5,0.01953125,aime24:p6:s1:seed6043,bdc5380c721a7d62393b67524bb3065580c4b13dffda573ae8f1238fbd86cb01
0.05125164985656738,matched_path_accumulation_v1,128,patternkv_paper,final,v1,hidden_cosine_loss,0.051254451274871826,232e3b08d10919ca24932ad0a0135e46119ecfd5,2.8014183044433594e-06,aime24:p0:s0:seed42,7a50b9d97068ffc8a93d794fcdf6bac89e37ed85dd38b6abbdbbe8fb4c9a8f8a
0.31861857790499926,matched_path_accumulation_v1,128,patternkv_paper,final,v1,hidden_relative_L2,0.3208223283290863,232e3b08d10919ca24932ad0a0135e46119ecfd5,0.0022037504240870476,aime24:p0:s0:seed42,7a50b9d97068ffc8a93d794fcdf6bac89e37ed85dd38b6abbdbbe8fb4c9a8f8a
0.31861857790499926,matched_path_accumulation_v1,128,patternkv_paper,final,v1,attention_output_relative_L2,0.3208223283290863,232e3b08d10919ca24932ad0a0135e46119ecfd5,0.0022037504240870476,aime24:p0:s0:seed42,7a50b9d97068ffc8a93d794fcdf6bac89e37ed85dd38b6abbdbbe8fb4c9a8f8a
0.36947809235675777,matched_path_accumulation_v1,128,patternkv_paper,final,v1,next_token_KL,0.369479238986969,232e3b08d10919ca24932ad0a0135e46119ecfd5,1.1466302112239646e-06,aime24:p0:s0:seed42,7a50b9d97068ffc8a93d794fcdf6bac89e37ed85dd38b6abbdbbe8fb4c9a8f8a
0.0965956866254487,matched_path_accumulation_v1,128,patternkv_paper,final,v1,next_token_JS,0.09659600257873535,232e3b08d10919ca24932ad0a0135e46119ecfd5,3.1595328664479894e-07,aime24:p0:s0:seed42,7a50b9d97068ffc8a93d794fcdf6bac89e37ed85dd38b6abbdbbe8fb4c9a8f8a
0.6553051471710205,matched_path_accumulation_v1,128,patternkv_paper,final,v1,target_token_NLL_delta,0.6551814079284668,232e3b08d10919ca24932ad0a0135e46119ecfd5,-0.00012373924255371094,aime24:p0:s0:seed42,7a50b9d97068ffc8a93d794fcdf6bac89e37ed85dd38b6abbdbbe8fb4c9a8f8a
1.0,matched_path_accumulation_v1,128,patternkv_paper,final,v1,top1_disagreement,1.0,232e3b08d10919ca24932ad0a0135e46119ecfd5,0.0,aime24:p0:s0:seed42,7a50b9d97068ffc8a93d794fcdf6bac89e37ed85dd38b6abbdbbe8fb4c9a8f8a
3.9169921875,matched_path_accumulation_v1,128,patternkv_paper,final,v1,logit_max_abs_diff,3.9404296875,232e3b08d10919ca24932ad0a0135e46119ecfd5,0.0234375,aime24:p0:s0:seed42,7a50b9d97068ffc8a93d794fcdf6bac89e37ed85dd38b6abbdbbe8fb4c9a8f8a
0.03009343147277832,matched_path_accumulation_v1,512,patternkv_paper,final,v1,hidden_cosine_loss,0.030095338821411133,232e3b08d10919ca24932ad0a0135e46119ecfd5,1.9073486328125e-06,aime24:p0:s0:seed42,7a50b9d97068ffc8a93d794fcdf6bac89e37ed85dd38b6abbdbbe8fb4c9a8f8a
0.24283968925010413,matched_path_accumulation_v1,512,patternkv_paper,final,v1,hidden_relative_L2,0.24472887814044952,232e3b08d10919ca24932ad0a0135e46119ecfd5,0.0018891888903453946,aime24:p0:s0:seed42,7a50b9d97068ffc8a93d794fcdf6bac89e37ed85dd38b6abbdbbe8fb4c9a8f8a
0.24283968925010413,matched_path_accumulation_v1,512,patternkv_paper,final,v1,attention_output_relative_L2,0.24472887814044952,232e3b08d10919ca24932ad0a0135e46119ecfd5,0.0018891888903453946,aime24:p0:s0:seed42,7a50b9d97068ffc8a93d794fcdf6bac89e37ed85dd38b6abbdbbe8fb4c9a8f8a
3.4022607689365714e-05,matched_path_accumulation_v1,512,patternkv_paper,final,v1,next_token_KL,3.4031552786473185e-05,232e3b08d10919ca24932ad0a0135e46119ecfd5,8.945097107471156e-09,aime24:p0:s0:seed42,7a50b9d97068ffc8a93d794fcdf6bac89e37ed85dd38b6abbdbbe8fb4c9a8f8a
9.57475113949613e-06,matched_path_accumulation_v1,512,patternkv_paper,final,v1,next_token_JS,9.604614206182305e-06,232e3b08d10919ca24932ad0a0135e46119ecfd5,2.9863066686175443e-08,aime24:p0:s0:seed42,7a50b9d97068ffc8a93d794fcdf6bac89e37ed85dd38b6abbdbbe8fb4c9a8f8a
0.00011405792611185461,matched_path_accumulation_v1,512,patternkv_paper,final,v1,target_token_NLL_delta,0.00011548820475582033,232e3b08d10919ca24932ad0a0135e46119ecfd5,1.4302786439657211e-06,aime24:p0:s0:seed42,7a50b9d97068ffc8a93d794fcdf6bac89e37ed85dd38b6abbdbbe8fb4c9a8f8a
0.0,matched_path_accumulation_v1,512,patternkv_paper,final,v1,top1_disagreement,0.0,232e3b08d10919ca24932ad0a0135e46119ecfd5,0.0,aime24:p0:s0:seed42,7a50b9d97068ffc8a93d794fcdf6bac89e37ed85dd38b6abbdbbe8fb4c9a8f8a
2.14306640625,matched_path_accumulation_v1,512,patternkv_paper,final,v1,logit_max_abs_diff,2.1591796875,232e3b08d10919ca24932ad0a0135e46119ecfd5,0.01611328125,aime24:p0:s0:seed42,7a50b9d97068ffc8a93d794fcdf6bac89e37ed85dd38b6abbdbbe8fb4c9a8f8a
0.0811382532119751,matched_path_accumulation_v1,1024,patternkv_paper,final,v1,hidden_cosine_loss,0.08114117383956909,232e3b08d10919ca24932ad0a0135e46119ecfd5,2.9206275939941406e-06,aime24:p0:s0:seed42,7a50b9d97068ffc8a93d794fcdf6bac89e37ed85dd38b6abbdbbe8fb4c9a8f8a
0.4127171461004764,matched_path_accumulation_v1,1024,patternkv_paper,final,v1,hidden_relative_L2,0.41504010558128357,232e3b08d10919ca24932ad0a0135e46119ecfd5,0.002322959480807185,aime24:p0:s0:seed42,7a50b9d97068ffc8a93d794fcdf6bac89e37ed85dd38b6abbdbbe8fb4c9a8f8a
0.4127171461004764,matched_path_accumulation_v1,1024,patternkv_paper,final,v1,attention_output_relative_L2,0.41504010558128357,232e3b08d10919ca24932ad0a0135e46119ecfd5,0.002322959480807185,aime24:p0:s0:seed42,7a50b9d97068ffc8a93d794fcdf6bac89e37ed85dd38b6abbdbbe8fb4c9a8f8a
0.033396026478058616,matched_path_accumulation_v1,1024,patternkv_paper,final,v1,next_token_KL,0.033396165817976,232e3b08d10919ca24932ad0a0135e46119ecfd5,1.393399173821308e-07,aime24:p0:s0:seed42,7a50b9d97068ffc8a93d794fcdf6bac89e37ed85dd38b6abbdbbe8fb4c9a8f8a
0.011115023145140235,matched_path_accumulation_v1,1024,patternkv_paper,final,v1,next_token_JS,0.011115023866295815,232e3b08d10919ca24932ad0a0135e46119ecfd5,7.21155579697097e-10,aime24:p0:s0:seed42,7a50b9d97068ffc8a93d794fcdf6bac89e37ed85dd38b6abbdbbe8fb4c9a8f8a
0.03735032689291984,matched_path_accumulation_v1,1024,patternkv_paper,final,v1,target_token_NLL_delta,0.03733353689312935,232e3b08d10919ca24932ad0a0135e46119ecfd5,-1.6789999790489674e-05,aime24:p0:s0:seed42,7a50b9d97068ffc8a93d794fcdf6bac89e37ed85dd38b6abbdbbe8fb4c9a8f8a
0.0,matched_path_accumulation_v1,1024,patternkv_paper,final,v1,top1_disagreement,0.0,232e3b08d10919ca24932ad0a0135e46119ecfd5,0.0,aime24:p0:s0:seed42,7a50b9d97068ffc8a93d794fcdf6bac89e37ed85dd38b6abbdbbe8fb4c9a8f8a
3.82421875,matched_path_accumulation_v1,1024,patternkv_paper,final,v1,logit_max_abs_diff,3.84375,232e3b08d10919ca24932ad0a0135e46119ecfd5,0.01953125,aime24:p0:s0:seed42,7a50b9d97068ffc8a93d794fcdf6bac89e37ed85dd38b6abbdbbe8fb4c9a8f8a
0.0717197060585022,matched_path_accumulation_v1,2048,patternkv_paper,final,v1,hidden_cosine_loss,0.07172447443008423,232e3b08d10919ca24932ad0a0135e46119ecfd5,4.76837158203125e-06,aime24:p0:s0:seed42,7a50b9d97068ffc8a93d794fcdf6bac89e37ed85dd38b6abbdbbe8fb4c9a8f8a
0.3771863242145628,matched_path_accumulation_v1,2048,patternkv_paper,final,v1,hidden_relative_L2,0.38022640347480774,232e3b08d10919ca24932ad0a0135e46119ecfd5,0.0030400792602449656,aime24:p0:s0:seed42,7a50b9d97068ffc8a93d794fcdf6bac89e37ed85dd38b6abbdbbe8fb4c9a8f8a
0.3771863242145628,matched_path_accumulation_v1,2048,patternkv_paper,final,v1,attention_output_relative_L2,0.38022640347480774,232e3b08d10919ca24932ad0a0135e46119ecfd5,0.0030400792602449656,aime24:p0:s0:seed42,7a50b9d97068ffc8a93d794fcdf6bac89e37ed85dd38b6abbdbbe8fb4c9a8f8a
1.7269377394768526e-06,matched_path_accumulation_v1,2048,patternkv_paper,final,v1,next_token_KL,1.7854268890005187e-06,232e3b08d10919ca24932ad0a0135e46119ecfd5,5.848914952366613e-08,aime24:p0:s0:seed42,7a50b9d97068ffc8a93d794fcdf6bac89e37ed85dd38b6abbdbbe8fb4c9a8f8a
5.103834910258342e-07,matched_path_accumulation_v1,2048,patternkv_paper,final,v1,next_token_JS,5.108670961817552e-07,232e3b08d10919ca24932ad0a0135e46119ecfd5,4.836051559209409e-10,aime24:p0:s0:seed42,7a50b9d97068ffc8a93d794fcdf6bac89e37ed85dd38b6abbdbbe8fb4c9a8f8a
-1.1920838005607948e-07,matched_path_accumulation_v1,2048,patternkv_paper,final,v1,target_token_NLL_delta,-2.3841585061745718e-07,232e3b08d10919ca24932ad0a0135e46119ecfd5,-1.192074705613777e-07,aime24:p0:s0:seed42,7a50b9d97068ffc8a93d794fcdf6bac89e37ed85dd38b6abbdbbe8fb4c9a8f8a
0.0,matched_path_accumulation_v1,2048,patternkv_paper,final,v1,top1_disagreement,0.0,232e3b08d10919ca24932ad0a0135e46119ecfd5,0.0,aime24:p0:s0:seed42,7a50b9d97068ffc8a93d794fcdf6bac89e37ed85dd38b6abbdbbe8fb4c9a8f8a
3.2578125,matched_path_accumulation_v1,2048,patternkv_paper,final,v1,logit_max_abs_diff,3.2890625,232e3b08d10919ca24932ad0a0135e46119ecfd5,0.03125,aime24:p0:s0:seed42,7a50b9d97068ffc8a93d794fcdf6bac89e37ed85dd38b6abbdbbe8fb4c9a8f8a
0.07021385431289673,matched_path_accumulation_v1,4096,patternkv_paper,final,v1,hidden_cosine_loss,0.07021617889404297,232e3b08d10919ca24932ad0a0135e46119ecfd5,2.3245811462402344e-06,aime24:p0:s0:seed42,7a50b9d97068ffc8a93d794fcdf6bac89e37ed85dd38b6abbdbbe8fb4c9a8f8a
0.38894410943612456,matched_path_accumulation_v1,4096,patternkv_paper,final,v1,hidden_relative_L2,0.39090439677238464,232e3b08d10919ca24932ad0a0135e46119ecfd5,0.0019602873362600803,aime24:p0:s0:seed42,7a50b9d97068ffc8a93d794fcdf6bac89e37ed85dd38b6abbdbbe8fb4c9a8f8a
0.38894410943612456,matched_path_accumulation_v1,4096,patternkv_paper,final,v1,attention_output_relative_L2,0.39090439677238464,232e3b08d10919ca24932ad0a0135e46119ecfd5,0.0019602873362600803,aime24:p0:s0:seed42,7a50b9d97068ffc8a93d794fcdf6bac89e37ed85dd38b6abbdbbe8fb4c9a8f8a
0.002282076051347337,matched_path_accumulation_v1,4096,patternkv_paper,final,v1,next_token_KL,0.002282077679410577,232e3b08d10919ca24932ad0a0135e46119ecfd5,1.6280632397780437e-09,aime24:p0:s0:seed42,7a50b9d97068ffc8a93d794fcdf6bac89e37ed85dd38b6abbdbbe8fb4c9a8f8a
0.0007593671715904193,matched_path_accumulation_v1,4096,patternkv_paper,final,v1,next_token_JS,0.0007593766204081476,232e3b08d10919ca24932ad0a0135e46119ecfd5,9.448817728241465e-09,aime24:p0:s0:seed42,7a50b9d97068ffc8a93d794fcdf6bac89e37ed85dd38b6abbdbbe8fb4c9a8f8a
0.0026012067683041096,matched_path_accumulation_v1,4096,patternkv_paper,final,v1,target_token_NLL_delta,0.0026012067683041096,232e3b08d10919ca24932ad0a0135e46119ecfd5,0.0,aime24:p0:s0:seed42,7a50b9d97068ffc8a93d794fcdf6bac89e37ed85dd38b6abbdbbe8fb4c9a8f8a
0.0,matched_path_accumulation_v1,4096,patternkv_paper,final,v1,top1_disagreement,0.0,232e3b08d10919ca24932ad0a0135e46119ecfd5,0.0,aime24:p0:s0:seed42,7a50b9d97068ffc8a93d794fcdf6bac89e37ed85dd38b6abbdbbe8fb4c9a8f8a
3.921875,matched_path_accumulation_v1,4096,patternkv_paper,final,v1,logit_max_abs_diff,3.9375,232e3b08d10919ca24932ad0a0135e46119ecfd5,0.015625,aime24:p0:s0:seed42,7a50b9d97068ffc8a93d794fcdf6bac89e37ed85dd38b6abbdbbe8fb4c9a8f8a
0.0,matched_path_accumulation_v1,128,patternkv_paper,final,v1,hidden_cosine_loss,2.9206275939941406e-06,232e3b08d10919ca24932ad0a0135e46119ecfd5,2.9206275939941406e-06,aime24:p11:s1:seed11043,437efafa63f236f96af74b80dfc1ee0897d780c1db5b68f052079544eea26327
-3.3460091799497604e-06,matched_path_accumulation_v1,128,patternkv_paper,final,v1,hidden_relative_L2,0.0022844597697257996,232e3b08d10919ca24932ad0a0135e46119ecfd5,0.0022878057789057493,aime24:p11:s1:seed11043,437efafa63f236f96af74b80dfc1ee0897d780c1db5b68f052079544eea26327
-3.3460091799497604e-06,matched_path_accumulation_v1,128,patternkv_paper,final,v1,attention_output_relative_L2,0.0022844597697257996,232e3b08d10919ca24932ad0a0135e46119ecfd5,0.0022878057789057493,aime24:p11:s1:seed11043,437efafa63f236f96af74b80dfc1ee0897d780c1db5b68f052079544eea26327
-2.4497348931618035e-06,matched_path_accumulation_v1,128,patternkv_paper,final,v1,next_token_KL,1.601905569259543e-05,232e3b08d10919ca24932ad0a0135e46119ecfd5,1.8468790585757233e-05,aime24:p11:s1:seed11043,437efafa63f236f96af74b80dfc1ee0897d780c1db5b68f052079544eea26327
-6.310233402473386e-07,matched_path_accumulation_v1,128,patternkv_paper,final,v1,next_token_JS,3.983662281825673e-06,232e3b08d10919ca24932ad0a0135e46119ecfd5,4.6146856220730115e-06,aime24:p11:s1:seed11043,437efafa63f236f96af74b80dfc1ee0897d780c1db5b68f052079544eea26327
-0.004419684410095215,matched_path_accumulation_v1,128,patternkv_paper,final,v1,target_token_NLL_delta,-0.0024241209030151367,232e3b08d10919ca24932ad0a0135e46119ecfd5,0.001995563507080078,aime24:p11:s1:seed11043,437efafa63f236f96af74b80dfc1ee0897d780c1db5b68f052079544eea26327
0.0,matched_path_accumulation_v1,128,patternkv_paper,final,v1,top1_disagreement,0.0,232e3b08d10919ca24932ad0a0135e46119ecfd5,0.0,aime24:p11:s1:seed11043,437efafa63f236f96af74b80dfc1ee0897d780c1db5b68f052079544eea26327
0.0,matched_path_accumulation_v1,128,patternkv_paper,final,v1,logit_max_abs_diff,0.0234375,232e3b08d10919ca24932ad0a0135e46119ecfd5,0.0234375,aime24:p11:s1:seed11043,437efafa63f236f96af74b80dfc1ee0897d780c1db5b68f052079544eea26327
0.1254432201385498,matched_path_accumulation_v1,512,patternkv_paper,final,v1,hidden_cosine_loss,0.12544655799865723,232e3b08d10919ca24932ad0a0135e46119ecfd5,3.337860107421875e-06,aime24:p11:s1:seed11043,437efafa63f236f96af74b80dfc1ee0897d780c1db5b68f052079544eea26327
0.5136908099520952,matched_path_accumulation_v1,512,patternkv_paper,final,v1,hidden_relative_L2,0.5161497592926025,232e3b08d10919ca24932ad0a0135e46119ecfd5,0.002458949340507388,aime24:p11:s1:seed11043,437efafa63f236f96af74b80dfc1ee0897d780c1db5b68f052079544eea26327
0.5136908099520952,matched_path_accumulation_v1,512,patternkv_paper,final,v1,attention_output_relative_L2,0.5161497592926025,232e3b08d10919ca24932ad0a0135e46119ecfd5,0.002458949340507388,aime24:p11:s1:seed11043,437efafa63f236f96af74b80dfc1ee0897d780c1db5b68f052079544eea26327
0.2777435533635071,matched_path_accumulation_v1,512,patternkv_paper,final,v1,next_token_KL,0.2777497470378876,232e3b08d10919ca24932ad0a0135e46119ecfd5,6.1936743804835714e-06,aime24:p11:s1:seed11043,437efafa63f236f96af74b80dfc1ee0897d780c1db5b68f052079544eea26327
0.06111475221769069,matched_path_accumulation_v1,512,patternkv_paper,final,v1,next_token_JS,0.06111631542444229,232e3b08d10919ca24932ad0a0135e46119ecfd5,1.5632067515980452e-06,aime24:p11:s1:seed11043,437efafa63f236f96af74b80dfc1ee0897d780c1db5b68f052079544eea26327
-0.010324537754058838,matched_path_accumulation_v1,512,patternkv_paper,final,v1,target_token_NLL_delta,-0.009494185447692871,232e3b08d10919ca24932ad0a0135e46119ecfd5,0.0008303523063659668,aime24:p11:s1:seed11043,437efafa63f236f96af74b80dfc1ee0897d780c1db5b68f052079544eea26327
0.0,matched_path_accumulation_v1,512,patternkv_paper,final,v1,top1_disagreement,0.0,232e3b08d10919ca24932ad0a0135e46119ecfd5,0.0,aime24:p11:s1:seed11043,437efafa63f236f96af74b80dfc1ee0897d780c1db5b68f052079544eea26327
4.4375,matched_path_accumulation_v1,512,patternkv_paper,final,v1,logit_max_abs_diff,4.4609375,232e3b08d10919ca24932ad0a0135e46119ecfd5,0.0234375,aime24:p11:s1:seed11043,437efafa63f236f96af74b80dfc1ee0897d780c1db5b68f052079544eea26327
0.05232369899749756,matched_path_accumulation_v1,1024,patternkv_paper,final,v1,hidden_cosine_loss,0.05232560634613037,232e3b08d10919ca24932ad0a0135e46119ecfd5,1.9073486328125e-06,aime24:p11:s1:seed11043,437efafa63f236f96af74b80dfc1ee0897d780c1db5b68f052079544eea26327
0.3226039798464626,matched_path_accumulation_v1,1024,patternkv_paper,final,v1,hidden_relative_L2,0.32437950372695923,232e3b08d10919ca24932ad0a0135e46119ecfd5,0.0017755238804966211,aime24:p11:s1:seed11043,437efafa63f236f96af74b80dfc1ee0897d780c1db5b68f052079544eea26327
0.3226039798464626,matched_path_accumulation_v1,1024,patternkv_paper,final,v1,attention_output_relative_L2,0.32437950372695923,232e3b08d10919ca24932ad0a0135e46119ecfd5,0.0017755238804966211,aime24:p11:s1:seed11043,437efafa63f236f96af74b80dfc1ee0897d780c1db5b68f052079544eea26327
0.11747968286476862,matched_path_accumulation_v1,1024,patternkv_paper,final,v1,next_token_KL,0.11748313903808594,232e3b08d10919ca24932ad0a0135e46119ecfd5,3.4561733173177345e-06,aime24:p11:s1:seed11043,437efafa63f236f96af74b80dfc1ee0897d780c1db5b68f052079544eea26327
0.028611096534348235,matched_path_accumulation_v1,1024,patternkv_paper,final,v1,next_token_JS,0.028611939400434494,232e3b08d10919ca24932ad0a0135e46119ecfd5,8.428660862591641e-07,aime24:p11:s1:seed11043,437efafa63f236f96af74b80dfc1ee0897d780c1db5b68f052079544eea26327
0.8010010719299316,matched_path_accumulation_v1,1024,patternkv_paper,final,v1,target_token_NLL_delta,0.8006892204284668,232e3b08d10919ca24932ad0a0135e46119ecfd5,-0.00031185150146484375,aime24:p11:s1:seed11043,437efafa63f236f96af74b80dfc1ee0897d780c1db5b68f052079544eea26327
0.0,matched_path_accumulation_v1,1024,patternkv_paper,final,v1,top1_disagreement,0.0,232e3b08d10919ca24932ad0a0135e46119ecfd5,0.0,aime24:p11:s1:seed11043,437efafa63f236f96af74b80dfc1ee0897d780c1db5b68f052079544eea26327
3.08984375,matched_path_accumulation_v1,1024,patternkv_paper,final,v1,logit_max_abs_diff,3.109375,232e3b08d10919ca24932ad0a0135e46119ecfd5,0.01953125,aime24:p11:s1:seed11043,437efafa63f236f96af74b80dfc1ee0897d780c1db5b68f052079544eea26327
0.05730795860290527,matched_path_accumulation_v1,2048,patternkv_paper,final,v1,hidden_cosine_loss,0.05731022357940674,232e3b08d10919ca24932ad0a0135e46119ecfd5,2.2649765014648438e-06,aime24:p11:s1:seed11043,437efafa63f236f96af74b80dfc1ee0897d780c1db5b68f052079544eea26327
0.3431136244907975,matched_path_accumulation_v1,2048,patternkv_paper,final,v1,hidden_relative_L2,0.34512296319007874,232e3b08d10919ca24932ad0a0135e46119ecfd5,0.0020093386992812157,aime24:p11:s1:seed11043,437efafa63f236f96af74b80dfc1ee0897d780c1db5b68f052079544eea26327
0.3431136244907975,matched_path_accumulation_v1,2048,patternkv_paper,final,v1,attention_output_relative_L2,0.34512296319007874,232e3b08d10919ca24932ad0a0135e46119ecfd5,0.0020093386992812157,aime24:p11:s1:seed11043,437efafa63f236f96af74b80dfc1ee0897d780c1db5b68f052079544eea26327
0.031560991672449745,matched_path_accumulation_v1,2048,patternkv_paper,final,v1,next_token_KL,0.031575459986925125,232e3b08d10919ca24932ad0a0135e46119ecfd5,1.4468314475379884e-05,aime24:p11:s1:seed11043,437efafa63f236f96af74b80dfc1ee0897d780c1db5b68f052079544eea26327
0.008417849622674112,matched_path_accumulation_v1,2048,patternkv_paper,final,v1,next_token_JS,0.008421524427831173,232e3b08d10919ca24932ad0a0135e46119ecfd5,3.6748051570612006e-06,aime24:p11:s1:seed11043,437efafa63f236f96af74b80dfc1ee0897d780c1db5b68f052079544eea26327
0.12144608795642853,matched_path_accumulation_v1,2048,patternkv_paper,final,v1,target_token_NLL_delta,0.12359672784805298,232e3b08d10919ca24932ad0a0135e46119ecfd5,0.0021506398916244507,aime24:p11:s1:seed11043,437efafa63f236f96af74b80dfc1ee0897d780c1db5b68f052079544eea26327
0.0,matched_path_accumulation_v1,2048,patternkv_paper,final,v1,top1_disagreement,0.0,232e3b08d10919ca24932ad0a0135e46119ecfd5,0.0,aime24:p11:s1:seed11043,437efafa63f236f96af74b80dfc1ee0897d780c1db5b68f052079544eea26327
2.92919921875,matched_path_accumulation_v1,2048,patternkv_paper,final,v1,logit_max_abs_diff,2.95263671875,232e3b08d10919ca24932ad0a0135e46119ecfd5,0.0234375,aime24:p11:s1:seed11043,437efafa63f236f96af74b80dfc1ee0897d780c1db5b68f052079544eea26327
0.04640108346939087,matched_path_accumulation_v1,4096,patternkv_paper,final,v1,hidden_cosine_loss,0.04640316963195801,232e3b08d10919ca24932ad0a0135e46119ecfd5,2.086162567138672e-06,aime24:p11:s1:seed11043,437efafa63f236f96af74b80dfc1ee0897d780c1db5b68f052079544eea26327
0.31107272976078093,matched_path_accumulation_v1,4096,patternkv_paper,final,v1,hidden_relative_L2,0.3130453824996948,232e3b08d10919ca24932ad0a0135e46119ecfd5,0.0019726527389138937,aime24:p11:s1:seed11043,437efafa63f236f96af74b80dfc1ee0897d780c1db5b68f052079544eea26327
0.31107272976078093,matched_path_accumulation_v1,4096,patternkv_paper,final,v1,attention_output_relative_L2,0.3130453824996948,232e3b08d10919ca24932ad0a0135e46119ecfd5,0.0019726527389138937,aime24:p11:s1:seed11043,437efafa63f236f96af74b80dfc1ee0897d780c1db5b68f052079544eea26327
2.368539324115737e-06,matched_path_accumulation_v1,4096,patternkv_paper,final,v1,next_token_KL,2.3692789454798913e-06,232e3b08d10919ca24932ad0a0135e46119ecfd5,7.396213641541749e-10,aime24:p11:s1:seed11043,437efafa63f236f96af74b80dfc1ee0897d780c1db5b68f052079544eea26327
7.586495694156259e-07,matched_path_accumulation_v1,4096,patternkv_paper,final,v1,next_token_JS,7.58650969601149e-07,232e3b08d10919ca24932ad0a0135e46119ecfd5,1.4001855230816318e-12,aime24:p11:s1:seed11043,437efafa63f236f96af74b80dfc1ee0897d780c1db5b68f052079544eea26327
2.622600959512056e-06,matched_path_accumulation_v1,4096,patternkv_paper,final,v1,target_token_NLL_delta,2.622600959512056e-06,232e3b08d10919ca24932ad0a0135e46119ecfd5,0.0,aime24:p11:s1:seed11043,437efafa63f236f96af74b80dfc1ee0897d780c1db5b68f052079544eea26327
0.0,matched_path_accumulation_v1,4096,patternkv_paper,final,v1,top1_disagreement,0.0,232e3b08d10919ca24932ad0a0135e46119ecfd5,0.0,aime24:p11:s1:seed11043,437efafa63f236f96af74b80dfc1ee0897d780c1db5b68f052079544eea26327
3.181640625,matched_path_accumulation_v1,4096,patternkv_paper,final,v1,logit_max_abs_diff,3.19921875,232e3b08d10919ca24932ad0a0135e46119ecfd5,0.017578125,aime24:p11:s1:seed11043,437efafa63f236f96af74b80dfc1ee0897d780c1db5b68f052079544eea26327
-1.1324882507324219e-06,matched_path_accumulation_v1,128,patternkv_paper,final,v1,hidden_cosine_loss,2.9802322387695312e-06,232e3b08d10919ca24932ad0a0135e46119ecfd5,4.112720489501953e-06,aime24:p15:s0:seed15042,822cea1aaf72daad98cf9ddb629a4d3a79650451920bd62395ce83a00ac9a58b
-0.0004252176731824875,matched_path_accumulation_v1,128,patternkv_paper,final,v1,hidden_relative_L2,0.002332690404728055,232e3b08d10919ca24932ad0a0135e46119ecfd5,0.0027579080779105425,aime24:p15:s0:seed15042,822cea1aaf72daad98cf9ddb629a4d3a79650451920bd62395ce83a00ac9a58b
-0.0004252176731824875,matched_path_accumulation_v1,128,patternkv_paper,final,v1,attention_output_relative_L2,0.002332690404728055,232e3b08d10919ca24932ad0a0135e46119ecfd5,0.0027579080779105425,aime24:p15:s0:seed15042,822cea1aaf72daad98cf9ddb629a4d3a79650451920bd62395ce83a00ac9a58b
-1.96071505342843e-06,matched_path_accumulation_v1,128,patternkv_paper,final,v1,next_token_KL,0.0,232e3b08d10919ca24932ad0a0135e46119ecfd5,1.96071505342843e-06,aime24:p15:s0:seed15042,822cea1aaf72daad98cf9ddb629a4d3a79650451920bd62395ce83a00ac9a58b
-5.207478741553473e-07,matched_path_accumulation_v1,128,patternkv_paper,final,v1,next_token_JS,9.965362757213825e-09,232e3b08d10919ca24932ad0a0135e46119ecfd5,5.307132369125611e-07,aime24:p15:s0:seed15042,822cea1aaf72daad98cf9ddb629a4d3a79650451920bd62395ce83a00ac9a58b
-0.00027379579842090607,matched_path_accumulation_v1,128,patternkv_paper,final,v1,target_token_NLL_delta,1.0542571544647217e-06,232e3b08d10919ca24932ad0a0135e46119ecfd5,0.0002748500555753708,aime24:p15:s0:seed15042,822cea1aaf72daad98cf9ddb629a4d3a79650451920bd62395ce83a00ac9a58b
0.0,matched_path_accumulation_v1,128,patternkv_paper,final,v1,top1_disagreement,0.0,232e3b08d10919ca24932ad0a0135e46119ecfd5,0.0,aime24:p15:s0:seed15042,822cea1aaf72daad98cf9ddb629a4d3a79650451920bd62395ce83a00ac9a58b
-0.0107421875,matched_path_accumulation_v1,128,patternkv_paper,final,v1,logit_max_abs_diff,0.01953125,232e3b08d10919ca24932ad0a0135e46119ecfd5,0.0302734375,aime24:p15:s0:seed15042,822cea1aaf72daad98cf9ddb629a4d3a79650451920bd62395ce83a00ac9a58b
0.032876670360565186,matched_path_accumulation_v1,512,patternkv_paper,final,v1,hidden_cosine_loss,0.03287845849990845,232e3b08d10919ca24932ad0a0135e46119ecfd5,1.7881393432617188e-06,aime24:p15:s0:seed15042,822cea1aaf72daad98cf9ddb629a4d3a79650451920bd62395ce83a00ac9a58b
0.25411973311565816,matched_path_accumulation_v1,512,patternkv_paper,final,v1,hidden_relative_L2,0.2558327615261078,232e3b08d10919ca24932ad0a0135e46119ecfd5,0.001713028410449624,aime24:p15:s0:seed15042,822cea1aaf72daad98cf9ddb629a4d3a79650451920bd62395ce83a00ac9a58b
0.25411973311565816,matched_path_accumulation_v1,512,patternkv_paper,final,v1,attention_output_relative_L2,0.2558327615261078,232e3b08d10919ca24932ad0a0135e46119ecfd5,0.001713028410449624,aime24:p15:s0:seed15042,822cea1aaf72daad98cf9ddb629a4d3a79650451920bd62395ce83a00ac9a58b
0.027668154946766776,matched_path_accumulation_v1,512,patternkv_paper,final,v1,next_token_KL,0.027668295428156853,232e3b08d10919ca24932ad0a0135e46119ecfd5,1.404813900762747e-07,aime24:p15:s0:seed15042,822cea1aaf72daad98cf9ddb629a4d3a79650451920bd62395ce83a00ac9a58b
0.00859773438423872,matched_path_accumulation_v1,512,patternkv_paper,final,v1,next_token_JS,0.00859773438423872,232e3b08d10919ca24932ad0a0135e46119ecfd5,0.0,aime24:p15:s0:seed15042,822cea1aaf72daad98cf9ddb629a4d3a79650451920bd62395ce83a00ac9a58b
0.03988158889114857,matched_path_accumulation_v1,512,patternkv_paper,final,v1,target_token_NLL_delta,0.03988124057650566,232e3b08d10919ca24932ad0a0135e46119ecfd5,-3.4831464290618896e-07,aime24:p15:s0:seed15042,822cea1aaf72daad98cf9ddb629a4d3a79650451920bd62395ce83a00ac9a58b
0.0,matched_path_accumulation_v1,512,patternkv_paper,final,v1,top1_disagreement,0.0,232e3b08d10919ca24932ad0a0135e46119ecfd5,0.0,aime24:p15:s0:seed15042,822cea1aaf72daad98cf9ddb629a4d3a79650451920bd62395ce83a00ac9a58b
3.546875,matched_path_accumulation_v1,512,patternkv_paper,final,v1,logit_max_abs_diff,3.5625,232e3b08d10919ca24932ad0a0135e46119ecfd5,0.015625,aime24:p15:s0:seed15042,822cea1aaf72daad98cf9ddb629a4d3a79650451920bd62395ce83a00ac9a58b
0.0511130690574646,matched_path_accumulation_v1,1024,patternkv_paper,final,v1,hidden_cosine_loss,0.05111503601074219,232e3b08d10919ca24932ad0a0135e46119ecfd5,1.9669532775878906e-06,aime24:p15:s0:seed15042,822cea1aaf72daad98cf9ddb629a4d3a79650451920bd62395ce83a00ac9a58b
0.3202055779984221,matched_path_accumulation_v1,1024,patternkv_paper,final,v1,hidden_relative_L2,0.3219600319862366,232e3b08d10919ca24932ad0a0135e46119ecfd5,0.001754453987814486,aime24:p15:s0:seed15042,822cea1aaf72daad98cf9ddb629a4d3a79650451920bd62395ce83a00ac9a58b
0.3202055779984221,matched_path_accumulation_v1,1024,patternkv_paper,final,v1,attention_output_relative_L2,0.3219600319862366,232e3b08d10919ca24932ad0a0135e46119ecfd5,0.001754453987814486,aime24:p15:s0:seed15042,822cea1aaf72daad98cf9ddb629a4d3a79650451920bd62395ce83a00ac9a58b
0.010643450947000588,matched_path_accumulation_v1,1024,patternkv_paper,final,v1,next_token_KL,0.010643543675541878,232e3b08d10919ca24932ad0a0135e46119ecfd5,9.272854128994368e-08,aime24:p15:s0:seed15042,822cea1aaf72daad98cf9ddb629a4d3a79650451920bd62395ce83a00ac9a58b
0.0028960753389455363,matched_path_accumulation_v1,1024,patternkv_paper,final,v1,next_token_JS,0.0028960760682821274,232e3b08d10919ca24932ad0a0135e46119ecfd5,7.293365911209548e-10,aime24:p15:s0:seed15042,822cea1aaf72daad98cf9ddb629a4d3a79650451920bd62395ce83a00ac9a58b
0.04652496427297592,matched_path_accumulation_v1,1024,patternkv_paper,final,v1,target_token_NLL_delta,0.04652155935764313,232e3b08d10919ca24932ad0a0135e46119ecfd5,-3.4049153327941895e-06,aime24:p15:s0:seed15042,822cea1aaf72daad98cf9ddb629a4d3a79650451920bd62395ce83a00ac9a58b
0.0,matched_path_accumulation_v1,1024,patternkv_paper,final,v1,top1_disagreement,0.0,232e3b08d10919ca24932ad0a0135e46119ecfd5,0.0,aime24:p15:s0:seed15042,822cea1aaf72daad98cf9ddb629a4d3a79650451920bd62395ce83a00ac9a58b
3.8203125,matched_path_accumulation_v1,1024,patternkv_paper,final,v1,logit_max_abs_diff,3.8359375,232e3b08d10919ca24932ad0a0135e46119ecfd5,0.015625,aime24:p15:s0:seed15042,822cea1aaf72daad98cf9ddb629a4d3a79650451920bd62395ce83a00ac9a58b
0.028737306594848633,matched_path_accumulation_v1,2048,patternkv_paper,final,v1,hidden_cosine_loss,0.02873849868774414,232e3b08d10919ca24932ad0a0135e46119ecfd5,1.1920928955078125e-06,aime24:p15:s0:seed15042,822cea1aaf72daad98cf9ddb629a4d3a79650451920bd62395ce83a00ac9a58b
0.23833889421075583,matched_path_accumulation_v1,2048,patternkv_paper,final,v1,hidden_relative_L2,0.23962745070457458,232e3b08d10919ca24932ad0a0135e46119ecfd5,0.00128855649381876,aime24:p15:s0:seed15042,822cea1aaf72daad98cf9ddb629a4d3a79650451920bd62395ce83a00ac9a58b
0.23833889421075583,matched_path_accumulation_v1,2048,patternkv_paper,final,v1,attention_output_relative_L2,0.23962745070457458,232e3b08d10919ca24932ad0a0135e46119ecfd5,0.00128855649381876,aime24:p15:s0:seed15042,822cea1aaf72daad98cf9ddb629a4d3a79650451920bd62395ce83a00ac9a58b
0.18833929300308228,matched_path_accumulation_v1,2048,patternkv_paper,final,v1,next_token_KL,0.18833929300308228,232e3b08d10919ca24932ad0a0135e46119ecfd5,0.0,aime24:p15:s0:seed15042,822cea1aaf72daad98cf9ddb629a4d3a79650451920bd62395ce83a00ac9a58b
0.04567200514814118,matched_path_accumulation_v1,2048,patternkv_paper,final,v1,next_token_JS,0.045672036707401276,232e3b08d10919ca24932ad0a0135e46119ecfd5,3.155926009412724e-08,aime24:p15:s0:seed15042,822cea1aaf72daad98cf9ddb629a4d3a79650451920bd62395ce83a00ac9a58b
0.7198062539100647,matched_path_accumulation_v1,2048,patternkv_paper,final,v1,target_token_NLL_delta,0.7198115587234497,232e3b08d10919ca24932ad0a0135e46119ecfd5,5.304813385009766e-06,aime24:p15:s0:seed15042,822cea1aaf72daad98cf9ddb629a4d3a79650451920bd62395ce83a00ac9a58b
1.0,matched_path_accumulation_v1,2048,patternkv_paper,final,v1,top1_disagreement,1.0,232e3b08d10919ca24932ad0a0135e46119ecfd5,0.0,aime24:p15:s0:seed15042,822cea1aaf72daad98cf9ddb629a4d3a79650451920bd62395ce83a00ac9a58b
3.361328125,matched_path_accumulation_v1,2048,patternkv_paper,final,v1,logit_max_abs_diff,3.373046875,232e3b08d10919ca24932ad0a0135e46119ecfd5,0.01171875,aime24:p15:s0:seed15042,822cea1aaf72daad98cf9ddb629a4d3a79650451920bd62395ce83a00ac9a58b
0.115975022315979,matched_path_accumulation_v1,4096,patternkv_paper,final,v1,hidden_cosine_loss,0.11597961187362671,232e3b08d10919ca24932ad0a0135e46119ecfd5,4.589557647705078e-06,aime24:p15:s0:seed15042,822cea1aaf72daad98cf9ddb629a4d3a79650451920bd62395ce83a00ac9a58b
0.48789721936918795,matched_path_accumulation_v1,4096,patternkv_paper,final,v1,hidden_relative_L2,0.49078938364982605,232e3b08d10919ca24932ad0a0135e46119ecfd5,0.0028921642806380987,aime24:p15:s0:seed15042,822cea1aaf72daad98cf9ddb629a4d3a79650451920bd62395ce83a00ac9a58b
0.48789721936918795,matched_path_accumulation_v1,4096,patternkv_paper,final,v1,attention_output_relative_L2,0.49078938364982605,232e3b08d10919ca24932ad0a0135e46119ecfd5,0.0028921642806380987,aime24:p15:s0:seed15042,822cea1aaf72daad98cf9ddb629a4d3a79650451920bd62395ce83a00ac9a58b
0.0002408533910056576,matched_path_accumulation_v1,4096,patternkv_paper,final,v1,next_token_KL,0.0002408533910056576,232e3b08d10919ca24932ad0a0135e46119ecfd5,0.0,aime24:p15:s0:seed15042,822cea1aaf72daad98cf9ddb629a4d3a79650451920bd62395ce83a00ac9a58b
6.928884249646217e-05,matched_path_accumulation_v1,4096,patternkv_paper,final,v1,next_token_JS,6.928884249646217e-05,232e3b08d10919ca24932ad0a0135e46119ecfd5,0.0,aime24:p15:s0:seed15042,822cea1aaf72daad98cf9ddb629a4d3a79650451920bd62395ce83a00ac9a58b
0.0005566821782849729,matched_path_accumulation_v1,4096,patternkv_paper,final,v1,target_token_NLL_delta,0.0005601378506980836,232e3b08d10919ca24932ad0a0135e46119ecfd5,3.455672413110733e-06,aime24:p15:s0:seed15042,822cea1aaf72daad98cf9ddb629a4d3a79650451920bd62395ce83a00ac9a58b
0.0,matched_path_accumulation_v1,4096,patternkv_paper,final,v1,top1_disagreement,0.0,232e3b08d10919ca24932ad0a0135e46119ecfd5,0.0,aime24:p15:s0:seed15042,822cea1aaf72daad98cf9ddb629a4d3a79650451920bd62395ce83a00ac9a58b
5.4501953125,matched_path_accumulation_v1,4096,patternkv_paper,final,v1,logit_max_abs_diff,5.474609375,232e3b08d10919ca24932ad0a0135e46119ecfd5,0.0244140625,aime24:p15:s0:seed15042,822cea1aaf72daad98cf9ddb629a4d3a79650451920bd62395ce83a00ac9a58b
-1.3113021850585938e-06,matched_path_accumulation_v1,128,patternkv_paper,final,v1,hidden_cosine_loss,2.86102294921875e-06,232e3b08d10919ca24932ad0a0135e46119ecfd5,4.172325134277344e-06,aime24:p17:s0:seed17042,69e6e42dc75e6e4dd872f1d902c29c4269171195229da34733e720e66cc0cbb3
-0.0005424560513347387,matched_path_accumulation_v1,128,patternkv_paper,final,v1,hidden_relative_L2,0.002228955738246441,232e3b08d10919ca24932ad0a0135e46119ecfd5,0.0027714117895811796,aime24:p17:s0:seed17042,69e6e42dc75e6e4dd872f1d902c29c4269171195229da34733e720e66cc0cbb3
-0.0005424560513347387,matched_path_accumulation_v1,128,patternkv_paper,final,v1,attention_output_relative_L2,0.002228955738246441,232e3b08d10919ca24932ad0a0135e46119ecfd5,0.0027714117895811796,aime24:p17:s0:seed17042,69e6e42dc75e6e4dd872f1d902c29c4269171195229da34733e720e66cc0cbb3
-3.3615758184168953e-05,matched_path_accumulation_v1,128,patternkv_paper,final,v1,next_token_KL,1.0532326086831745e-05,232e3b08d10919ca24932ad0a0135e46119ecfd5,4.41480842710007e-05,aime24:p17:s0:seed17042,69e6e42dc75e6e4dd872f1d902c29c4269171195229da34733e720e66cc0cbb3
-8.532351102985558e-06,matched_path_accumulation_v1,128,patternkv_paper,final,v1,next_token_JS,2.636984163473244e-06,232e3b08d10919ca24932ad0a0135e46119ecfd5,1.1169335266458802e-05,aime24:p17:s0:seed17042,69e6e42dc75e6e4dd872f1d902c29c4269171195229da34733e720e66cc0cbb3
-0.01656055450439453,matched_path_accumulation_v1,128,patternkv_paper,final,v1,target_token_NLL_delta,-0.01413869857788086,232e3b08d10919ca24932ad0a0135e46119ecfd5,0.002421855926513672,aime24:p17:s0:seed17042,69e6e42dc75e6e4dd872f1d902c29c4269171195229da34733e720e66cc0cbb3
0.0,matched_path_accumulation_v1,128,patternkv_paper,final,v1,top1_disagreement,0.0,232e3b08d10919ca24932ad0a0135e46119ecfd5,0.0,aime24:p17:s0:seed17042,69e6e42dc75e6e4dd872f1d902c29c4269171195229da34733e720e66cc0cbb3
-0.005859375,matched_path_accumulation_v1,128,patternkv_paper,final,v1,logit_max_abs_diff,0.025390625,232e3b08d10919ca24932ad0a0135e46119ecfd5,0.03125,aime24:p17:s0:seed17042,69e6e42dc75e6e4dd872f1d902c29c4269171195229da34733e720e66cc0cbb3
0.12989377975463867,matched_path_accumulation_v1,512,patternkv_paper,final,v1,hidden_cosine_loss,0.1298971176147461,232e3b08d10919ca24932ad0a0135e46119ecfd5,3.337860107421875e-06,aime24:p17:s0:seed17042,69e6e42dc75e6e4dd872f1d902c29c4269171195229da34733e720e66cc0cbb3
0.5301037409808487,matched_path_accumulation_v1,512,patternkv_paper,final,v1,hidden_relative_L2,0.532651424407959,232e3b08d10919ca24932ad0a0135e46119ecfd5,0.0025476834271103144,aime24:p17:s0:seed17042,69e6e42dc75e6e4dd872f1d902c29c4269171195229da34733e720e66cc0cbb3
0.5301037409808487,matched_path_accumulation_v1,512,patternkv_paper,final,v1,attention_output_relative_L2,0.532651424407959,232e3b08d10919ca24932ad0a0135e46119ecfd5,0.0025476834271103144,aime24:p17:s0:seed17042,69e6e42dc75e6e4dd872f1d902c29c4269171195229da34733e720e66cc0cbb3
1.3180802769547881,matched_path_accumulation_v1,512,patternkv_paper,final,v1,next_token_KL,1.3180875778198242,232e3b08d10919ca24932ad0a0135e46119ecfd5,7.300865036086179e-06,aime24:p17:s0:seed17042,69e6e42dc75e6e4dd872f1d902c29c4269171195229da34733e720e66cc0cbb3
0.32072464584678073,matched_path_accumulation_v1,512,patternkv_paper,final,v1,next_token_JS,0.3207264542579651,232e3b08d10919ca24932ad0a0135e46119ecfd5,1.8084111843563733e-06,aime24:p17:s0:seed17042,69e6e42dc75e6e4dd872f1d902c29c4269171195229da34733e720e66cc0cbb3
1.5847769901156425,matched_path_accumulation_v1,512,patternkv_paper,final,v1,target_token_NLL_delta,1.5837740898132324,232e3b08d10919ca24932ad0a0135e46119ecfd5,-0.0010029003024101257,aime24:p17:s0:seed17042,69e6e42dc75e6e4dd872f1d902c29c4269171195229da34733e720e66cc0cbb3
1.0,matched_path_accumulation_v1,512,patternkv_paper,final,v1,top1_disagreement,1.0,232e3b08d10919ca24932ad0a0135e46119ecfd5,0.0,aime24:p17:s0:seed17042,69e6e42dc75e6e4dd872f1d902c29c4269171195229da34733e720e66cc0cbb3
3.916015625,matched_path_accumulation_v1,512,patternkv_paper,final,v1,logit_max_abs_diff,3.935546875,232e3b08d10919ca24932ad0a0135e46119ecfd5,0.01953125,aime24:p17:s0:seed17042,69e6e42dc75e6e4dd872f1d902c29c4269171195229da34733e720e66cc0cbb3
0.07982265949249268,matched_path_accumulation_v1,1024,patternkv_paper,final,v1,hidden_cosine_loss,0.07982480525970459,232e3b08d10919ca24932ad0a0135e46119ecfd5,2.1457672119140625e-06,aime24:p17:s0:seed17042,69e6e42dc75e6e4dd872f1d902c29c4269171195229da34733e720e66cc0cbb3
0.414650185033679,matched_path_accumulation_v1,1024,patternkv_paper,final,v1,hidden_relative_L2,0.4166370630264282,232e3b08d10919ca24932ad0a0135e46119ecfd5,0.001986877992749214,aime24:p17:s0:seed17042,69e6e42dc75e6e4dd872f1d902c29c4269171195229da34733e720e66cc0cbb3
0.414650185033679,matched_path_accumulation_v1,1024,patternkv_paper,final,v1,attention_output_relative_L2,0.4166370630264282,232e3b08d10919ca24932ad0a0135e46119ecfd5,0.001986877992749214,aime24:p17:s0:seed17042,69e6e42dc75e6e4dd872f1d902c29c4269171195229da34733e720e66cc0cbb3
3.939213274861686e-05,matched_path_accumulation_v1,1024,patternkv_paper,final,v1,next_token_KL,3.939213274861686e-05,232e3b08d10919ca24932ad0a0135e46119ecfd5,0.0,aime24:p17:s0:seed17042,69e6e42dc75e6e4dd872f1d902c29c4269171195229da34733e720e66cc0cbb3
1.2658997343706346e-05,matched_path_accumulation_v1,1024,patternkv_paper,final,v1,next_token_JS,1.2659192179853562e-05,232e3b08d10919ca24932ad0a0135e46119ecfd5,1.9483614721593767e-10,aime24:p17:s0:seed17042,69e6e42dc75e6e4dd872f1d902c29c4269171195229da34733e720e66cc0cbb3
5.221200899541145e-05,matched_path_accumulation_v1,1024,patternkv_paper,final,v1,target_token_NLL_delta,5.209280061535537e-05,232e3b08d10919ca24932ad0a0135e46119ecfd5,-1.1920838005607948e-07,aime24:p17:s0:seed17042,69e6e42dc75e6e4dd872f1d902c29c4269171195229da34733e720e66cc0cbb3
0.0,matched_path_accumulation_v1,1024,patternkv_paper,final,v1,top1_disagreement,0.0,232e3b08d10919ca24932ad0a0135e46119ecfd5,0.0,aime24:p17:s0:seed17042,69e6e42dc75e6e4dd872f1d902c29c4269171195229da34733e720e66cc0cbb3
5.109375,matched_path_accumulation_v1,1024,patternkv_paper,final,v1,logit_max_abs_diff,5.125,232e3b08d10919ca24932ad0a0135e46119ecfd5,0.015625,aime24:p17:s0:seed17042,69e6e42dc75e6e4dd872f1d902c29c4269171195229da34733e720e66cc0cbb3
0.09484285116195679,matched_path_accumulation_v1,2048,patternkv_paper,final,v1,hidden_cosine_loss,0.09484624862670898,232e3b08d10919ca24932ad0a0135e46119ecfd5,3.3974647521972656e-06,aime24:p17:s0:seed17042,69e6e42dc75e6e4dd872f1d902c29c4269171195229da34733e720e66cc0cbb3
0.4378881405573338,matched_path_accumulation_v1,2048,patternkv_paper,final,v1,hidden_relative_L2,0.440372496843338,232e3b08d10919ca24932ad0a0135e46119ecfd5,0.0024843562860041857,aime24:p17:s0:seed17042,69e6e42dc75e6e4dd872f1d902c29c4269171195229da34733e720e66cc0cbb3
0.4378881405573338,matched_path_accumulation_v1,2048,patternkv_paper,final,v1,attention_output_relative_L2,0.440372496843338,232e3b08d10919ca24932ad0a0135e46119ecfd5,0.0024843562860041857,aime24:p17:s0:seed17042,69e6e42dc75e6e4dd872f1d902c29c4269171195229da34733e720e66cc0cbb3
0.00026355875888839364,matched_path_accumulation_v1,2048,patternkv_paper,final,v1,next_token_KL,0.00026355875888839364,232e3b08d10919ca24932ad0a0135e46119ecfd5,0.0,aime24:p17:s0:seed17042,69e6e42dc75e6e4dd872f1d902c29c4269171195229da34733e720e66cc0cbb3
8.277030102732397e-05,matched_path_accumulation_v1,2048,patternkv_paper,final,v1,next_token_JS,8.279170288005844e-05,232e3b08d10919ca24932ad0a0135e46119ecfd5,2.1401852734470594e-08,aime24:p17:s0:seed17042,69e6e42dc75e6e4dd872f1d902c29c4269171195229da34733e720e66cc0cbb3
0.0004244773444952443,matched_path_accumulation_v1,2048,patternkv_paper,final,v1,target_token_NLL_delta,0.00042638444574549794,232e3b08d10919ca24932ad0a0135e46119ecfd5,1.9071012502536178e-06,aime24:p17:s0:seed17042,69e6e42dc75e6e4dd872f1d902c29c4269171195229da34733e720e66cc0cbb3
0.0,matched_path_accumulation_v1,2048,patternkv_paper,final,v1,top1_disagreement,0.0,232e3b08d10919ca24932ad0a0135e46119ecfd5,0.0,aime24:p17:s0:seed17042,69e6e42dc75e6e4dd872f1d902c29c4269171195229da34733e720e66cc0cbb3
3.732421875,matched_path_accumulation_v1,2048,patternkv_paper,final,v1,logit_max_abs_diff,3.755859375,232e3b08d10919ca24932ad0a0135e46119ecfd5,0.0234375,aime24:p17:s0:seed17042,69e6e42dc75e6e4dd872f1d902c29c4269171195229da34733e720e66cc0cbb3
0.08141434192657471,matched_path_accumulation_v1,4096,patternkv_paper,final,v1,hidden_cosine_loss,0.08141696453094482,232e3b08d10919ca24932ad0a0135e46119ecfd5,2.6226043701171875e-06,aime24:p17:s0:seed17042,69e6e42dc75e6e4dd872f1d902c29c4269171195229da34733e720e66cc0cbb3
0.43813888006843626,matched_path_accumulation_v1,4096,patternkv_paper,final,v1,hidden_relative_L2,0.4403417706489563,232e3b08d10919ca24932ad0a0135e46119ecfd5,0.002202890580520034,aime24:p17:s0:seed17042,69e6e42dc75e6e4dd872f1d902c29c4269171195229da34733e720e66cc0cbb3
0.43813888006843626,matched_path_accumulation_v1,4096,patternkv_paper,final,v1,attention_output_relative_L2,0.4403417706489563,232e3b08d10919ca24932ad0a0135e46119ecfd5,0.002202890580520034,aime24:p17:s0:seed17042,69e6e42dc75e6e4dd872f1d902c29c4269171195229da34733e720e66cc0cbb3
0.00018892511648438415,matched_path_accumulation_v1,4096,patternkv_paper,final,v1,next_token_KL,0.00018894161621574312,232e3b08d10919ca24932ad0a0135e46119ecfd5,1.6499731358976533e-08,aime24:p17:s0:seed17042,69e6e42dc75e6e4dd872f1d902c29c4269171195229da34733e720e66cc0cbb3
6.351462515663542e-05,matched_path_accumulation_v1,4096,patternkv_paper,final,v1,next_token_JS,6.351467891363427e-05,232e3b08d10919ca24932ad0a0135e46119ecfd5,5.375699885235008e-11,aime24:p17:s0:seed17042,69e6e42dc75e6e4dd872f1d902c29c4269171195229da34733e720e66cc0cbb3
0.00020775914890691638,matched_path_accumulation_v1,4096,patternkv_paper,final,v1,target_token_NLL_delta,0.00020775914890691638,232e3b08d10919ca24932ad0a0135e46119ecfd5,0.0,aime24:p17:s0:seed17042,69e6e42dc75e6e4dd872f1d902c29c4269171195229da34733e720e66cc0cbb3
0.0,matched_path_accumulation_v1,4096,patternkv_paper,final,v1,top1_disagreement,0.0,232e3b08d10919ca24932ad0a0135e46119ecfd5,0.0,aime24:p17:s0:seed17042,69e6e42dc75e6e4dd872f1d902c29c4269171195229da34733e720e66cc0cbb3
5.82421875,matched_path_accumulation_v1,4096,patternkv_paper,final,v1,logit_max_abs_diff,5.84765625,232e3b08d10919ca24932ad0a0135e46119ecfd5,0.0234375,aime24:p17:s0:seed17042,69e6e42dc75e6e4dd872f1d902c29c4269171195229da34733e720e66cc0cbb3
