absolute_sequence_position,checkpoint,finite,metric_name,metric_value,prompt_token_count,source_commit,task_key,trajectory_sha256
192,128,true,next_token_KL,-1.4501259215649043e-07,64,232e3b08d10919ca24932ad0a0135e46119ecfd5,aime24:p12:s0:seed12042,7754635042ebef112c4b83e17b7500a20db8f14bba0fb44fd8575864e04baa05
192,128,true,next_token_JS,2.8194691026328655e-10,64,232e3b08d10919ca24932ad0a0135e46119ecfd5,aime24:p12:s0:seed12042,7754635042ebef112c4b83e17b7500a20db8f14bba0fb44fd8575864e04baa05
192,128,true,logit_max_abs_diff,0.01953125,64,232e3b08d10919ca24932ad0a0135e46119ecfd5,aime24:p12:s0:seed12042,7754635042ebef112c4b83e17b7500a20db8f14bba0fb44fd8575864e04baa05
192,128,true,logit_mean_abs_diff,0.0029374174773693085,64,232e3b08d10919ca24932ad0a0135e46119ecfd5,aime24:p12:s0:seed12042,7754635042ebef112c4b83e17b7500a20db8f14bba0fb44fd8575864e04baa05
192,128,true,top1_agreement,True,64,232e3b08d10919ca24932ad0a0135e46119ecfd5,aime24:p12:s0:seed12042,7754635042ebef112c4b83e17b7500a20db8f14bba0fb44fd8575864e04baa05
192,128,true,top1_disagreement,0.0,64,232e3b08d10919ca24932ad0a0135e46119ecfd5,aime24:p12:s0:seed12042,7754635042ebef112c4b83e17b7500a20db8f14bba0fb44fd8575864e04baa05
192,128,true,target_token_NLL_delta,-2.3841676011215895e-07,64,232e3b08d10919ca24932ad0a0135e46119ecfd5,aime24:p12:s0:seed12042,7754635042ebef112c4b83e17b7500a20db8f14bba0fb44fd8575864e04baa05
192,128,true,hidden_relative_L2,0.0020770307164639235,64,232e3b08d10919ca24932ad0a0135e46119ecfd5,aime24:p12:s0:seed12042,7754635042ebef112c4b83e17b7500a20db8f14bba0fb44fd8575864e04baa05
192,128,true,hidden_MAE,0.003241304773837328,64,232e3b08d10919ca24932ad0a0135e46119ecfd5,aime24:p12:s0:seed12042,7754635042ebef112c4b83e17b7500a20db8f14bba0fb44fd8575864e04baa05
192,128,true,hidden_cosine,0.9999977946281433,64,232e3b08d10919ca24932ad0a0135e46119ecfd5,aime24:p12:s0:seed12042,7754635042ebef112c4b83e17b7500a20db8f14bba0fb44fd8575864e04baa05
192,128,true,hidden_cosine_loss,2.205371856689453e-06,64,232e3b08d10919ca24932ad0a0135e46119ecfd5,aime24:p12:s0:seed12042,7754635042ebef112c4b83e17b7500a20db8f14bba0fb44fd8575864e04baa05
192,128,true,attention_output_relative_L2,0.0020770307164639235,64,232e3b08d10919ca24932ad0a0135e46119ecfd5,aime24:p12:s0:seed12042,7754635042ebef112c4b83e17b7500a20db8f14bba0fb44fd8575864e04baa05
192,128,true,attention_output_MAE,0.003241304773837328,64,232e3b08d10919ca24932ad0a0135e46119ecfd5,aime24:p12:s0:seed12042,7754635042ebef112c4b83e17b7500a20db8f14bba0fb44fd8575864e04baa05
192,128,true,post_WO_relative_L2,0.0020770307164639235,64,232e3b08d10919ca24932ad0a0135e46119ecfd5,aime24:p12:s0:seed12042,7754635042ebef112c4b83e17b7500a20db8f14bba0fb44fd8575864e04baa05
192,128,true,raw_next_token_KL,-1.4501259215649043e-07,64,232e3b08d10919ca24932ad0a0135e46119ecfd5,aime24:p12:s0:seed12042,7754635042ebef112c4b83e17b7500a20db8f14bba0fb44fd8575864e04baa05
192,128,true,raw_next_token_JS,2.8194691026328655e-10,64,232e3b08d10919ca24932ad0a0135e46119ecfd5,aime24:p12:s0:seed12042,7754635042ebef112c4b83e17b7500a20db8f14bba0fb44fd8575864e04baa05
192,128,true,clamped_next_token_KL,0.0,64,232e3b08d10919ca24932ad0a0135e46119ecfd5,aime24:p12:s0:seed12042,7754635042ebef112c4b83e17b7500a20db8f14bba0fb44fd8575864e04baa05
192,128,true,clamped_next_token_JS,2.8194691026328655e-10,64,232e3b08d10919ca24932ad0a0135e46119ecfd5,aime24:p12:s0:seed12042,7754635042ebef112c4b83e17b7500a20db8f14bba0fb44fd8575864e04baa05
576,512,true,next_token_KL,2.4548293708903657e-07,64,232e3b08d10919ca24932ad0a0135e46119ecfd5,aime24:p12:s0:seed12042,7754635042ebef112c4b83e17b7500a20db8f14bba0fb44fd8575864e04baa05
576,512,true,next_token_JS,4.233798023278723e-08,64,232e3b08d10919ca24932ad0a0135e46119ecfd5,aime24:p12:s0:seed12042,7754635042ebef112c4b83e17b7500a20db8f14bba0fb44fd8575864e04baa05
576,512,true,logit_max_abs_diff,0.0234375,64,232e3b08d10919ca24932ad0a0135e46119ecfd5,aime24:p12:s0:seed12042,7754635042ebef112c4b83e17b7500a20db8f14bba0fb44fd8575864e04baa05
576,512,true,logit_mean_abs_diff,0.003479019505903125,64,232e3b08d10919ca24932ad0a0135e46119ecfd5,aime24:p12:s0:seed12042,7754635042ebef112c4b83e17b7500a20db8f14bba0fb44fd8575864e04baa05
576,512,true,top1_agreement,True,64,232e3b08d10919ca24932ad0a0135e46119ecfd5,aime24:p12:s0:seed12042,7754635042ebef112c4b83e17b7500a20db8f14bba0fb44fd8575864e04baa05
576,512,true,top1_disagreement,0.0,64,232e3b08d10919ca24932ad0a0135e46119ecfd5,aime24:p12:s0:seed12042,7754635042ebef112c4b83e17b7500a20db8f14bba0fb44fd8575864e04baa05
576,512,true,target_token_NLL_delta,2.095277886837721e-05,64,232e3b08d10919ca24932ad0a0135e46119ecfd5,aime24:p12:s0:seed12042,7754635042ebef112c4b83e17b7500a20db8f14bba0fb44fd8575864e04baa05
576,512,true,hidden_relative_L2,0.0025696412194520235,64,232e3b08d10919ca24932ad0a0135e46119ecfd5,aime24:p12:s0:seed12042,7754635042ebef112c4b83e17b7500a20db8f14bba0fb44fd8575864e04baa05
576,512,true,hidden_MAE,0.0040167635306715965,64,232e3b08d10919ca24932ad0a0135e46119ecfd5,aime24:p12:s0:seed12042,7754635042ebef112c4b83e17b7500a20db8f14bba0fb44fd8575864e04baa05
576,512,true,hidden_cosine,0.999996542930603,64,232e3b08d10919ca24932ad0a0135e46119ecfd5,aime24:p12:s0:seed12042,7754635042ebef112c4b83e17b7500a20db8f14bba0fb44fd8575864e04baa05
576,512,true,hidden_cosine_loss,3.4570693969726562e-06,64,232e3b08d10919ca24932ad0a0135e46119ecfd5,aime24:p12:s0:seed12042,7754635042ebef112c4b83e17b7500a20db8f14bba0fb44fd8575864e04baa05
576,512,true,attention_output_relative_L2,0.0025696412194520235,64,232e3b08d10919ca24932ad0a0135e46119ecfd5,aime24:p12:s0:seed12042,7754635042ebef112c4b83e17b7500a20db8f14bba0fb44fd8575864e04baa05
576,512,true,attention_output_MAE,0.0040167635306715965,64,232e3b08d10919ca24932ad0a0135e46119ecfd5,aime24:p12:s0:seed12042,7754635042ebef112c4b83e17b7500a20db8f14bba0fb44fd8575864e04baa05
576,512,true,post_WO_relative_L2,0.0025696412194520235,64,232e3b08d10919ca24932ad0a0135e46119ecfd5,aime24:p12:s0:seed12042,7754635042ebef112c4b83e17b7500a20db8f14bba0fb44fd8575864e04baa05
576,512,true,raw_next_token_KL,2.4548293708903657e-07,64,232e3b08d10919ca24932ad0a0135e46119ecfd5,aime24:p12:s0:seed12042,7754635042ebef112c4b83e17b7500a20db8f14bba0fb44fd8575864e04baa05
576,512,true,raw_next_token_JS,4.233798023278723e-08,64,232e3b08d10919ca24932ad0a0135e46119ecfd5,aime24:p12:s0:seed12042,7754635042ebef112c4b83e17b7500a20db8f14bba0fb44fd8575864e04baa05
576,512,true,clamped_next_token_KL,2.4548293708903657e-07,64,232e3b08d10919ca24932ad0a0135e46119ecfd5,aime24:p12:s0:seed12042,7754635042ebef112c4b83e17b7500a20db8f14bba0fb44fd8575864e04baa05
576,512,true,clamped_next_token_JS,4.233798023278723e-08,64,232e3b08d10919ca24932ad0a0135e46119ecfd5,aime24:p12:s0:seed12042,7754635042ebef112c4b83e17b7500a20db8f14bba0fb44fd8575864e04baa05
1088,1024,true,next_token_KL,1.152589064190579e-07,64,232e3b08d10919ca24932ad0a0135e46119ecfd5,aime24:p12:s0:seed12042,7754635042ebef112c4b83e17b7500a20db8f14bba0fb44fd8575864e04baa05
1088,1024,true,next_token_JS,2.623112749233769e-08,64,232e3b08d10919ca24932ad0a0135e46119ecfd5,aime24:p12:s0:seed12042,7754635042ebef112c4b83e17b7500a20db8f14bba0fb44fd8575864e04baa05
1088,1024,true,logit_max_abs_diff,0.0234375,64,232e3b08d10919ca24932ad0a0135e46119ecfd5,aime24:p12:s0:seed12042,7754635042ebef112c4b83e17b7500a20db8f14bba0fb44fd8575864e04baa05
1088,1024,true,logit_mean_abs_diff,0.002885254565626383,64,232e3b08d10919ca24932ad0a0135e46119ecfd5,aime24:p12:s0:seed12042,7754635042ebef112c4b83e17b7500a20db8f14bba0fb44fd8575864e04baa05
1088,1024,true,top1_agreement,True,64,232e3b08d10919ca24932ad0a0135e46119ecfd5,aime24:p12:s0:seed12042,7754635042ebef112c4b83e17b7500a20db8f14bba0fb44fd8575864e04baa05
1088,1024,true,top1_disagreement,0.0,64,232e3b08d10919ca24932ad0a0135e46119ecfd5,aime24:p12:s0:seed12042,7754635042ebef112c4b83e17b7500a20db8f14bba0fb44fd8575864e04baa05
1088,1024,true,target_token_NLL_delta,1.0907184332609177e-05,64,232e3b08d10919ca24932ad0a0135e46119ecfd5,aime24:p12:s0:seed12042,7754635042ebef112c4b83e17b7500a20db8f14bba0fb44fd8575864e04baa05
1088,1024,true,hidden_relative_L2,0.0019256205996498466,64,232e3b08d10919ca24932ad0a0135e46119ecfd5,aime24:p12:s0:seed12042,7754635042ebef112c4b83e17b7500a20db8f14bba0fb44fd8575864e04baa05
1088,1024,true,hidden_MAE,0.0030850323382765055,64,232e3b08d10919ca24932ad0a0135e46119ecfd5,aime24:p12:s0:seed12042,7754635042ebef112c4b83e17b7500a20db8f14bba0fb44fd8575864e04baa05
1088,1024,true,hidden_cosine,0.9999979734420776,64,232e3b08d10919ca24932ad0a0135e46119ecfd5,aime24:p12:s0:seed12042,7754635042ebef112c4b83e17b7500a20db8f14bba0fb44fd8575864e04baa05
1088,1024,true,hidden_cosine_loss,2.0265579223632812e-06,64,232e3b08d10919ca24932ad0a0135e46119ecfd5,aime24:p12:s0:seed12042,7754635042ebef112c4b83e17b7500a20db8f14bba0fb44fd8575864e04baa05
1088,1024,true,attention_output_relative_L2,0.0019256205996498466,64,232e3b08d10919ca24932ad0a0135e46119ecfd5,aime24:p12:s0:seed12042,7754635042ebef112c4b83e17b7500a20db8f14bba0fb44fd8575864e04baa05
1088,1024,true,attention_output_MAE,0.0030850323382765055,64,232e3b08d10919ca24932ad0a0135e46119ecfd5,aime24:p12:s0:seed12042,7754635042ebef112c4b83e17b7500a20db8f14bba0fb44fd8575864e04baa05
1088,1024,true,post_WO_relative_L2,0.0019256205996498466,64,232e3b08d10919ca24932ad0a0135e46119ecfd5,aime24:p12:s0:seed12042,7754635042ebef112c4b83e17b7500a20db8f14bba0fb44fd8575864e04baa05
1088,1024,true,raw_next_token_KL,1.152589064190579e-07,64,232e3b08d10919ca24932ad0a0135e46119ecfd5,aime24:p12:s0:seed12042,7754635042ebef112c4b83e17b7500a20db8f14bba0fb44fd8575864e04baa05
1088,1024,true,raw_next_token_JS,2.623112749233769e-08,64,232e3b08d10919ca24932ad0a0135e46119ecfd5,aime24:p12:s0:seed12042,7754635042ebef112c4b83e17b7500a20db8f14bba0fb44fd8575864e04baa05
1088,1024,true,clamped_next_token_KL,1.152589064190579e-07,64,232e3b08d10919ca24932ad0a0135e46119ecfd5,aime24:p12:s0:seed12042,7754635042ebef112c4b83e17b7500a20db8f14bba0fb44fd8575864e04baa05
1088,1024,true,clamped_next_token_JS,2.623112749233769e-08,64,232e3b08d10919ca24932ad0a0135e46119ecfd5,aime24:p12:s0:seed12042,7754635042ebef112c4b83e17b7500a20db8f14bba0fb44fd8575864e04baa05
2112,2048,true,next_token_KL,5.6650932833690604e-08,64,232e3b08d10919ca24932ad0a0135e46119ecfd5,aime24:p12:s0:seed12042,7754635042ebef112c4b83e17b7500a20db8f14bba0fb44fd8575864e04baa05
2112,2048,true,next_token_JS,3.265955328402015e-08,64,232e3b08d10919ca24932ad0a0135e46119ecfd5,aime24:p12:s0:seed12042,7754635042ebef112c4b83e17b7500a20db8f14bba0fb44fd8575864e04baa05
2112,2048,true,logit_max_abs_diff,0.0234375,64,232e3b08d10919ca24932ad0a0135e46119ecfd5,aime24:p12:s0:seed12042,7754635042ebef112c4b83e17b7500a20db8f14bba0fb44fd8575864e04baa05
2112,2048,true,logit_mean_abs_diff,0.002789656398817897,64,232e3b08d10919ca24932ad0a0135e46119ecfd5,aime24:p12:s0:seed12042,7754635042ebef112c4b83e17b7500a20db8f14bba0fb44fd8575864e04baa05
2112,2048,true,top1_agreement,True,64,232e3b08d10919ca24932ad0a0135e46119ecfd5,aime24:p12:s0:seed12042,7754635042ebef112c4b83e17b7500a20db8f14bba0fb44fd8575864e04baa05
2112,2048,true,top1_disagreement,0.0,64,232e3b08d10919ca24932ad0a0135e46119ecfd5,aime24:p12:s0:seed12042,7754635042ebef112c4b83e17b7500a20db8f14bba0fb44fd8575864e04baa05
2112,2048,true,target_token_NLL_delta,-7.748603820800781e-07,64,232e3b08d10919ca24932ad0a0135e46119ecfd5,aime24:p12:s0:seed12042,7754635042ebef112c4b83e17b7500a20db8f14bba0fb44fd8575864e04baa05
2112,2048,true,hidden_relative_L2,0.0019518049666658044,64,232e3b08d10919ca24932ad0a0135e46119ecfd5,aime24:p12:s0:seed12042,7754635042ebef112c4b83e17b7500a20db8f14bba0fb44fd8575864e04baa05
2112,2048,true,hidden_MAE,0.0030117931310087442,64,232e3b08d10919ca24932ad0a0135e46119ecfd5,aime24:p12:s0:seed12042,7754635042ebef112c4b83e17b7500a20db8f14bba0fb44fd8575864e04baa05
2112,2048,true,hidden_cosine,0.999997615814209,64,232e3b08d10919ca24932ad0a0135e46119ecfd5,aime24:p12:s0:seed12042,7754635042ebef112c4b83e17b7500a20db8f14bba0fb44fd8575864e04baa05
2112,2048,true,hidden_cosine_loss,2.384185791015625e-06,64,232e3b08d10919ca24932ad0a0135e46119ecfd5,aime24:p12:s0:seed12042,7754635042ebef112c4b83e17b7500a20db8f14bba0fb44fd8575864e04baa05
2112,2048,true,attention_output_relative_L2,0.0019518049666658044,64,232e3b08d10919ca24932ad0a0135e46119ecfd5,aime24:p12:s0:seed12042,7754635042ebef112c4b83e17b7500a20db8f14bba0fb44fd8575864e04baa05
2112,2048,true,attention_output_MAE,0.0030117931310087442,64,232e3b08d10919ca24932ad0a0135e46119ecfd5,aime24:p12:s0:seed12042,7754635042ebef112c4b83e17b7500a20db8f14bba0fb44fd8575864e04baa05
2112,2048,true,post_WO_relative_L2,0.0019518049666658044,64,232e3b08d10919ca24932ad0a0135e46119ecfd5,aime24:p12:s0:seed12042,7754635042ebef112c4b83e17b7500a20db8f14bba0fb44fd8575864e04baa05
2112,2048,true,raw_next_token_KL,5.6650932833690604e-08,64,232e3b08d10919ca24932ad0a0135e46119ecfd5,aime24:p12:s0:seed12042,7754635042ebef112c4b83e17b7500a20db8f14bba0fb44fd8575864e04baa05
2112,2048,true,raw_next_token_JS,3.265955328402015e-08,64,232e3b08d10919ca24932ad0a0135e46119ecfd5,aime24:p12:s0:seed12042,7754635042ebef112c4b83e17b7500a20db8f14bba0fb44fd8575864e04baa05
2112,2048,true,clamped_next_token_KL,5.6650932833690604e-08,64,232e3b08d10919ca24932ad0a0135e46119ecfd5,aime24:p12:s0:seed12042,7754635042ebef112c4b83e17b7500a20db8f14bba0fb44fd8575864e04baa05
2112,2048,true,clamped_next_token_JS,3.265955328402015e-08,64,232e3b08d10919ca24932ad0a0135e46119ecfd5,aime24:p12:s0:seed12042,7754635042ebef112c4b83e17b7500a20db8f14bba0fb44fd8575864e04baa05
4160,4096,true,next_token_KL,1.4050589243197464e-06,64,232e3b08d10919ca24932ad0a0135e46119ecfd5,aime24:p12:s0:seed12042,7754635042ebef112c4b83e17b7500a20db8f14bba0fb44fd8575864e04baa05
4160,4096,true,next_token_JS,2.9868846240788116e-07,64,232e3b08d10919ca24932ad0a0135e46119ecfd5,aime24:p12:s0:seed12042,7754635042ebef112c4b83e17b7500a20db8f14bba0fb44fd8575864e04baa05
4160,4096,true,logit_max_abs_diff,0.0234375,64,232e3b08d10919ca24932ad0a0135e46119ecfd5,aime24:p12:s0:seed12042,7754635042ebef112c4b83e17b7500a20db8f14bba0fb44fd8575864e04baa05
4160,4096,true,logit_mean_abs_diff,0.0029669601935893297,64,232e3b08d10919ca24932ad0a0135e46119ecfd5,aime24:p12:s0:seed12042,7754635042ebef112c4b83e17b7500a20db8f14bba0fb44fd8575864e04baa05
4160,4096,true,top1_agreement,True,64,232e3b08d10919ca24932ad0a0135e46119ecfd5,aime24:p12:s0:seed12042,7754635042ebef112c4b83e17b7500a20db8f14bba0fb44fd8575864e04baa05
4160,4096,true,top1_disagreement,0.0,64,232e3b08d10919ca24932ad0a0135e46119ecfd5,aime24:p12:s0:seed12042,7754635042ebef112c4b83e17b7500a20db8f14bba0fb44fd8575864e04baa05
4160,4096,true,target_token_NLL_delta,0.00013447552919387817,64,232e3b08d10919ca24932ad0a0135e46119ecfd5,aime24:p12:s0:seed12042,7754635042ebef112c4b83e17b7500a20db8f14bba0fb44fd8575864e04baa05
4160,4096,true,hidden_relative_L2,0.00188410934060812,64,232e3b08d10919ca24932ad0a0135e46119ecfd5,aime24:p12:s0:seed12042,7754635042ebef112c4b83e17b7500a20db8f14bba0fb44fd8575864e04baa05
4160,4096,true,hidden_MAE,0.0028510051779448986,64,232e3b08d10919ca24932ad0a0135e46119ecfd5,aime24:p12:s0:seed12042,7754635042ebef112c4b83e17b7500a20db8f14bba0fb44fd8575864e04baa05
4160,4096,true,hidden_cosine,0.9999979138374329,64,232e3b08d10919ca24932ad0a0135e46119ecfd5,aime24:p12:s0:seed12042,7754635042ebef112c4b83e17b7500a20db8f14bba0fb44fd8575864e04baa05
4160,4096,true,hidden_cosine_loss,2.086162567138672e-06,64,232e3b08d10919ca24932ad0a0135e46119ecfd5,aime24:p12:s0:seed12042,7754635042ebef112c4b83e17b7500a20db8f14bba0fb44fd8575864e04baa05
4160,4096,true,attention_output_relative_L2,0.00188410934060812,64,232e3b08d10919ca24932ad0a0135e46119ecfd5,aime24:p12:s0:seed12042,7754635042ebef112c4b83e17b7500a20db8f14bba0fb44fd8575864e04baa05
4160,4096,true,attention_output_MAE,0.0028510051779448986,64,232e3b08d10919ca24932ad0a0135e46119ecfd5,aime24:p12:s0:seed12042,7754635042ebef112c4b83e17b7500a20db8f14bba0fb44fd8575864e04baa05
4160,4096,true,post_WO_relative_L2,0.00188410934060812,64,232e3b08d10919ca24932ad0a0135e46119ecfd5,aime24:p12:s0:seed12042,7754635042ebef112c4b83e17b7500a20db8f14bba0fb44fd8575864e04baa05
4160,4096,true,raw_next_token_KL,1.4050589243197464e-06,64,232e3b08d10919ca24932ad0a0135e46119ecfd5,aime24:p12:s0:seed12042,7754635042ebef112c4b83e17b7500a20db8f14bba0fb44fd8575864e04baa05
4160,4096,true,raw_next_token_JS,2.9868846240788116e-07,64,232e3b08d10919ca24932ad0a0135e46119ecfd5,aime24:p12:s0:seed12042,7754635042ebef112c4b83e17b7500a20db8f14bba0fb44fd8575864e04baa05
4160,4096,true,clamped_next_token_KL,1.4050589243197464e-06,64,232e3b08d10919ca24932ad0a0135e46119ecfd5,aime24:p12:s0:seed12042,7754635042ebef112c4b83e17b7500a20db8f14bba0fb44fd8575864e04baa05
4160,4096,true,clamped_next_token_JS,2.9868846240788116e-07,64,232e3b08d10919ca24932ad0a0135e46119ecfd5,aime24:p12:s0:seed12042,7754635042ebef112c4b83e17b7500a20db8f14bba0fb44fd8575864e04baa05
232,128,true,next_token_KL,-3.755901545332563e-08,104,232e3b08d10919ca24932ad0a0135e46119ecfd5,aime24:p14:s0:seed14042,985f71725748f372cf08d2f249fcbd5c6d3dac5efa97289e418dbb154a727e3d
232,128,true,next_token_JS,2.542379462511235e-08,104,232e3b08d10919ca24932ad0a0135e46119ecfd5,aime24:p14:s0:seed14042,985f71725748f372cf08d2f249fcbd5c6d3dac5efa97289e418dbb154a727e3d
232,128,true,logit_max_abs_diff,0.015625,104,232e3b08d10919ca24932ad0a0135e46119ecfd5,aime24:p14:s0:seed14042,985f71725748f372cf08d2f249fcbd5c6d3dac5efa97289e418dbb154a727e3d
232,128,true,logit_mean_abs_diff,0.002415640512481332,104,232e3b08d10919ca24932ad0a0135e46119ecfd5,aime24:p14:s0:seed14042,985f71725748f372cf08d2f249fcbd5c6d3dac5efa97289e418dbb154a727e3d
232,128,true,top1_agreement,True,104,232e3b08d10919ca24932ad0a0135e46119ecfd5,aime24:p14:s0:seed14042,985f71725748f372cf08d2f249fcbd5c6d3dac5efa97289e418dbb154a727e3d
232,128,true,top1_disagreement,0.0,104,232e3b08d10919ca24932ad0a0135e46119ecfd5,aime24:p14:s0:seed14042,985f71725748f372cf08d2f249fcbd5c6d3dac5efa97289e418dbb154a727e3d
232,128,true,target_token_NLL_delta,0.0,104,232e3b08d10919ca24932ad0a0135e46119ecfd5,aime24:p14:s0:seed14042,985f71725748f372cf08d2f249fcbd5c6d3dac5efa97289e418dbb154a727e3d
232,128,true,hidden_relative_L2,0.0017730087274685502,104,232e3b08d10919ca24932ad0a0135e46119ecfd5,aime24:p14:s0:seed14042,985f71725748f372cf08d2f249fcbd5c6d3dac5efa97289e418dbb154a727e3d
232,128,true,hidden_MAE,0.0027840735856443644,104,232e3b08d10919ca24932ad0a0135e46119ecfd5,aime24:p14:s0:seed14042,985f71725748f372cf08d2f249fcbd5c6d3dac5efa97289e418dbb154a727e3d
232,128,true,hidden_cosine,0.9999983310699463,104,232e3b08d10919ca24932ad0a0135e46119ecfd5,aime24:p14:s0:seed14042,985f71725748f372cf08d2f249fcbd5c6d3dac5efa97289e418dbb154a727e3d
232,128,true,hidden_cosine_loss,1.6689300537109375e-06,104,232e3b08d10919ca24932ad0a0135e46119ecfd5,aime24:p14:s0:seed14042,985f71725748f372cf08d2f249fcbd5c6d3dac5efa97289e418dbb154a727e3d
232,128,true,attention_output_relative_L2,0.0017730087274685502,104,232e3b08d10919ca24932ad0a0135e46119ecfd5,aime24:p14:s0:seed14042,985f71725748f372cf08d2f249fcbd5c6d3dac5efa97289e418dbb154a727e3d
232,128,true,attention_output_MAE,0.0027840735856443644,104,232e3b08d10919ca24932ad0a0135e46119ecfd5,aime24:p14:s0:seed14042,985f71725748f372cf08d2f249fcbd5c6d3dac5efa97289e418dbb154a727e3d
232,128,true,post_WO_relative_L2,0.0017730087274685502,104,232e3b08d10919ca24932ad0a0135e46119ecfd5,aime24:p14:s0:seed14042,985f71725748f372cf08d2f249fcbd5c6d3dac5efa97289e418dbb154a727e3d
232,128,true,raw_next_token_KL,-3.755901545332563e-08,104,232e3b08d10919ca24932ad0a0135e46119ecfd5,aime24:p14:s0:seed14042,985f71725748f372cf08d2f249fcbd5c6d3dac5efa97289e418dbb154a727e3d
232,128,true,raw_next_token_JS,2.542379462511235e-08,104,232e3b08d10919ca24932ad0a0135e46119ecfd5,aime24:p14:s0:seed14042,985f71725748f372cf08d2f249fcbd5c6d3dac5efa97289e418dbb154a727e3d
232,128,true,clamped_next_token_KL,0.0,104,232e3b08d10919ca24932ad0a0135e46119ecfd5,aime24:p14:s0:seed14042,985f71725748f372cf08d2f249fcbd5c6d3dac5efa97289e418dbb154a727e3d
232,128,true,clamped_next_token_JS,2.542379462511235e-08,104,232e3b08d10919ca24932ad0a0135e46119ecfd5,aime24:p14:s0:seed14042,985f71725748f372cf08d2f249fcbd5c6d3dac5efa97289e418dbb154a727e3d
616,512,true,next_token_KL,5.104943738842849e-06,104,232e3b08d10919ca24932ad0a0135e46119ecfd5,aime24:p14:s0:seed14042,985f71725748f372cf08d2f249fcbd5c6d3dac5efa97289e418dbb154a727e3d
616,512,true,next_token_JS,1.2836948144467897e-06,104,232e3b08d10919ca24932ad0a0135e46119ecfd5,aime24:p14:s0:seed14042,985f71725748f372cf08d2f249fcbd5c6d3dac5efa97289e418dbb154a727e3d
616,512,true,logit_max_abs_diff,0.01953125,104,232e3b08d10919ca24932ad0a0135e46119ecfd5,aime24:p14:s0:seed14042,985f71725748f372cf08d2f249fcbd5c6d3dac5efa97289e418dbb154a727e3d
616,512,true,logit_mean_abs_diff,0.002914502052590251,104,232e3b08d10919ca24932ad0a0135e46119ecfd5,aime24:p14:s0:seed14042,985f71725748f372cf08d2f249fcbd5c6d3dac5efa97289e418dbb154a727e3d
616,512,true,top1_agreement,True,104,232e3b08d10919ca24932ad0a0135e46119ecfd5,aime24:p14:s0:seed14042,985f71725748f372cf08d2f249fcbd5c6d3dac5efa97289e418dbb154a727e3d
616,512,true,top1_disagreement,0.0,104,232e3b08d10919ca24932ad0a0135e46119ecfd5,aime24:p14:s0:seed14042,985f71725748f372cf08d2f249fcbd5c6d3dac5efa97289e418dbb154a727e3d
616,512,true,target_token_NLL_delta,-0.0006781816482543945,104,232e3b08d10919ca24932ad0a0135e46119ecfd5,aime24:p14:s0:seed14042,985f71725748f372cf08d2f249fcbd5c6d3dac5efa97289e418dbb154a727e3d
616,512,true,hidden_relative_L2,0.0022304130252450705,104,232e3b08d10919ca24932ad0a0135e46119ecfd5,aime24:p14:s0:seed14042,985f71725748f372cf08d2f249fcbd5c6d3dac5efa97289e418dbb154a727e3d
616,512,true,hidden_MAE,0.0033729334827512503,104,232e3b08d10919ca24932ad0a0135e46119ecfd5,aime24:p14:s0:seed14042,985f71725748f372cf08d2f249fcbd5c6d3dac5efa97289e418dbb154a727e3d
616,512,true,hidden_cosine,0.9999971389770508,104,232e3b08d10919ca24932ad0a0135e46119ecfd5,aime24:p14:s0:seed14042,985f71725748f372cf08d2f249fcbd5c6d3dac5efa97289e418dbb154a727e3d
616,512,true,hidden_cosine_loss,2.86102294921875e-06,104,232e3b08d10919ca24932ad0a0135e46119ecfd5,aime24:p14:s0:seed14042,985f71725748f372cf08d2f249fcbd5c6d3dac5efa97289e418dbb154a727e3d
616,512,true,attention_output_relative_L2,0.0022304130252450705,104,232e3b08d10919ca24932ad0a0135e46119ecfd5,aime24:p14:s0:seed14042,985f71725748f372cf08d2f249fcbd5c6d3dac5efa97289e418dbb154a727e3d
616,512,true,attention_output_MAE,0.0033729334827512503,104,232e3b08d10919ca24932ad0a0135e46119ecfd5,aime24:p14:s0:seed14042,985f71725748f372cf08d2f249fcbd5c6d3dac5efa97289e418dbb154a727e3d
616,512,true,post_WO_relative_L2,0.0022304130252450705,104,232e3b08d10919ca24932ad0a0135e46119ecfd5,aime24:p14:s0:seed14042,985f71725748f372cf08d2f249fcbd5c6d3dac5efa97289e418dbb154a727e3d
616,512,true,raw_next_token_KL,5.104943738842849e-06,104,232e3b08d10919ca24932ad0a0135e46119ecfd5,aime24:p14:s0:seed14042,985f71725748f372cf08d2f249fcbd5c6d3dac5efa97289e418dbb154a727e3d
616,512,true,raw_next_token_JS,1.2836948144467897e-06,104,232e3b08d10919ca24932ad0a0135e46119ecfd5,aime24:p14:s0:seed14042,985f71725748f372cf08d2f249fcbd5c6d3dac5efa97289e418dbb154a727e3d
616,512,true,clamped_next_token_KL,5.104943738842849e-06,104,232e3b08d10919ca24932ad0a0135e46119ecfd5,aime24:p14:s0:seed14042,985f71725748f372cf08d2f249fcbd5c6d3dac5efa97289e418dbb154a727e3d
616,512,true,clamped_next_token_JS,1.2836948144467897e-06,104,232e3b08d10919ca24932ad0a0135e46119ecfd5,aime24:p14:s0:seed14042,985f71725748f372cf08d2f249fcbd5c6d3dac5efa97289e418dbb154a727e3d
1128,1024,true,next_token_KL,-2.754185857156699e-08,104,232e3b08d10919ca24932ad0a0135e46119ecfd5,aime24:p14:s0:seed14042,985f71725748f372cf08d2f249fcbd5c6d3dac5efa97289e418dbb154a727e3d
1128,1024,true,next_token_JS,4.139955045445731e-10,104,232e3b08d10919ca24932ad0a0135e46119ecfd5,aime24:p14:s0:seed14042,985f71725748f372cf08d2f249fcbd5c6d3dac5efa97289e418dbb154a727e3d
1128,1024,true,logit_max_abs_diff,0.01953125,104,232e3b08d10919ca24932ad0a0135e46119ecfd5,aime24:p14:s0:seed14042,985f71725748f372cf08d2f249fcbd5c6d3dac5efa97289e418dbb154a727e3d
1128,1024,true,logit_mean_abs_diff,0.0031224756967276335,104,232e3b08d10919ca24932ad0a0135e46119ecfd5,aime24:p14:s0:seed14042,985f71725748f372cf08d2f249fcbd5c6d3dac5efa97289e418dbb154a727e3d
1128,1024,true,top1_agreement,True,104,232e3b08d10919ca24932ad0a0135e46119ecfd5,aime24:p14:s0:seed14042,985f71725748f372cf08d2f249fcbd5c6d3dac5efa97289e418dbb154a727e3d
1128,1024,true,top1_disagreement,0.0,104,232e3b08d10919ca24932ad0a0135e46119ecfd5,aime24:p14:s0:seed14042,985f71725748f372cf08d2f249fcbd5c6d3dac5efa97289e418dbb154a727e3d
1128,1024,true,target_token_NLL_delta,1.192074705613777e-07,104,232e3b08d10919ca24932ad0a0135e46119ecfd5,aime24:p14:s0:seed14042,985f71725748f372cf08d2f249fcbd5c6d3dac5efa97289e418dbb154a727e3d
1128,1024,true,hidden_relative_L2,0.0025944013614207506,104,232e3b08d10919ca24932ad0a0135e46119ecfd5,aime24:p14:s0:seed14042,985f71725748f372cf08d2f249fcbd5c6d3dac5efa97289e418dbb154a727e3d
1128,1024,true,hidden_MAE,0.0035705105401575565,104,232e3b08d10919ca24932ad0a0135e46119ecfd5,aime24:p14:s0:seed14042,985f71725748f372cf08d2f249fcbd5c6d3dac5efa97289e418dbb154a727e3d
1128,1024,true,hidden_cosine,0.999996542930603,104,232e3b08d10919ca24932ad0a0135e46119ecfd5,aime24:p14:s0:seed14042,985f71725748f372cf08d2f249fcbd5c6d3dac5efa97289e418dbb154a727e3d
1128,1024,true,hidden_cosine_loss,3.4570693969726562e-06,104,232e3b08d10919ca24932ad0a0135e46119ecfd5,aime24:p14:s0:seed14042,985f71725748f372cf08d2f249fcbd5c6d3dac5efa97289e418dbb154a727e3d
1128,1024,true,attention_output_relative_L2,0.0025944013614207506,104,232e3b08d10919ca24932ad0a0135e46119ecfd5,aime24:p14:s0:seed14042,985f71725748f372cf08d2f249fcbd5c6d3dac5efa97289e418dbb154a727e3d
1128,1024,true,attention_output_MAE,0.0035705105401575565,104,232e3b08d10919ca24932ad0a0135e46119ecfd5,aime24:p14:s0:seed14042,985f71725748f372cf08d2f249fcbd5c6d3dac5efa97289e418dbb154a727e3d
1128,1024,true,post_WO_relative_L2,0.0025944013614207506,104,232e3b08d10919ca24932ad0a0135e46119ecfd5,aime24:p14:s0:seed14042,985f71725748f372cf08d2f249fcbd5c6d3dac5efa97289e418dbb154a727e3d
1128,1024,true,raw_next_token_KL,-2.754185857156699e-08,104,232e3b08d10919ca24932ad0a0135e46119ecfd5,aime24:p14:s0:seed14042,985f71725748f372cf08d2f249fcbd5c6d3dac5efa97289e418dbb154a727e3d
1128,1024,true,raw_next_token_JS,4.139955045445731e-10,104,232e3b08d10919ca24932ad0a0135e46119ecfd5,aime24:p14:s0:seed14042,985f71725748f372cf08d2f249fcbd5c6d3dac5efa97289e418dbb154a727e3d
1128,1024,true,clamped_next_token_KL,0.0,104,232e3b08d10919ca24932ad0a0135e46119ecfd5,aime24:p14:s0:seed14042,985f71725748f372cf08d2f249fcbd5c6d3dac5efa97289e418dbb154a727e3d
1128,1024,true,clamped_next_token_JS,4.139955045445731e-10,104,232e3b08d10919ca24932ad0a0135e46119ecfd5,aime24:p14:s0:seed14042,985f71725748f372cf08d2f249fcbd5c6d3dac5efa97289e418dbb154a727e3d
2152,2048,true,next_token_KL,2.4296570700244047e-05,104,232e3b08d10919ca24932ad0a0135e46119ecfd5,aime24:p14:s0:seed14042,985f71725748f372cf08d2f249fcbd5c6d3dac5efa97289e418dbb154a727e3d
2152,2048,true,next_token_JS,6.084607775846962e-06,104,232e3b08d10919ca24932ad0a0135e46119ecfd5,aime24:p14:s0:seed14042,985f71725748f372cf08d2f249fcbd5c6d3dac5efa97289e418dbb154a727e3d
2152,2048,true,logit_max_abs_diff,0.015625,104,232e3b08d10919ca24932ad0a0135e46119ecfd5,aime24:p14:s0:seed14042,985f71725748f372cf08d2f249fcbd5c6d3dac5efa97289e418dbb154a727e3d
2152,2048,true,logit_mean_abs_diff,0.0025113248266279697,104,232e3b08d10919ca24932ad0a0135e46119ecfd5,aime24:p14:s0:seed14042,985f71725748f372cf08d2f249fcbd5c6d3dac5efa97289e418dbb154a727e3d
2152,2048,true,top1_agreement,True,104,232e3b08d10919ca24932ad0a0135e46119ecfd5,aime24:p14:s0:seed14042,985f71725748f372cf08d2f249fcbd5c6d3dac5efa97289e418dbb154a727e3d
2152,2048,true,top1_disagreement,0.0,104,232e3b08d10919ca24932ad0a0135e46119ecfd5,aime24:p14:s0:seed14042,985f71725748f372cf08d2f249fcbd5c6d3dac5efa97289e418dbb154a727e3d
2152,2048,true,target_token_NLL_delta,-0.011949658393859863,104,232e3b08d10919ca24932ad0a0135e46119ecfd5,aime24:p14:s0:seed14042,985f71725748f372cf08d2f249fcbd5c6d3dac5efa97289e418dbb154a727e3d
2152,2048,true,hidden_relative_L2,0.0016829933738335967,104,232e3b08d10919ca24932ad0a0135e46119ecfd5,aime24:p14:s0:seed14042,985f71725748f372cf08d2f249fcbd5c6d3dac5efa97289e418dbb154a727e3d
2152,2048,true,hidden_MAE,0.0028409273363649845,104,232e3b08d10919ca24932ad0a0135e46119ecfd5,aime24:p14:s0:seed14042,985f71725748f372cf08d2f249fcbd5c6d3dac5efa97289e418dbb154a727e3d
2152,2048,true,hidden_cosine,0.9999980926513672,104,232e3b08d10919ca24932ad0a0135e46119ecfd5,aime24:p14:s0:seed14042,985f71725748f372cf08d2f249fcbd5c6d3dac5efa97289e418dbb154a727e3d
2152,2048,true,hidden_cosine_loss,1.9073486328125e-06,104,232e3b08d10919ca24932ad0a0135e46119ecfd5,aime24:p14:s0:seed14042,985f71725748f372cf08d2f249fcbd5c6d3dac5efa97289e418dbb154a727e3d
2152,2048,true,attention_output_relative_L2,0.0016829933738335967,104,232e3b08d10919ca24932ad0a0135e46119ecfd5,aime24:p14:s0:seed14042,985f71725748f372cf08d2f249fcbd5c6d3dac5efa97289e418dbb154a727e3d
2152,2048,true,attention_output_MAE,0.0028409273363649845,104,232e3b08d10919ca24932ad0a0135e46119ecfd5,aime24:p14:s0:seed14042,985f71725748f372cf08d2f249fcbd5c6d3dac5efa97289e418dbb154a727e3d
2152,2048,true,post_WO_relative_L2,0.0016829933738335967,104,232e3b08d10919ca24932ad0a0135e46119ecfd5,aime24:p14:s0:seed14042,985f71725748f372cf08d2f249fcbd5c6d3dac5efa97289e418dbb154a727e3d
2152,2048,true,raw_next_token_KL,2.4296570700244047e-05,104,232e3b08d10919ca24932ad0a0135e46119ecfd5,aime24:p14:s0:seed14042,985f71725748f372cf08d2f249fcbd5c6d3dac5efa97289e418dbb154a727e3d
2152,2048,true,raw_next_token_JS,6.084607775846962e-06,104,232e3b08d10919ca24932ad0a0135e46119ecfd5,aime24:p14:s0:seed14042,985f71725748f372cf08d2f249fcbd5c6d3dac5efa97289e418dbb154a727e3d
2152,2048,true,clamped_next_token_KL,2.4296570700244047e-05,104,232e3b08d10919ca24932ad0a0135e46119ecfd5,aime24:p14:s0:seed14042,985f71725748f372cf08d2f249fcbd5c6d3dac5efa97289e418dbb154a727e3d
2152,2048,true,clamped_next_token_JS,6.084607775846962e-06,104,232e3b08d10919ca24932ad0a0135e46119ecfd5,aime24:p14:s0:seed14042,985f71725748f372cf08d2f249fcbd5c6d3dac5efa97289e418dbb154a727e3d
4200,4096,true,next_token_KL,1.3687912542081904e-05,104,232e3b08d10919ca24932ad0a0135e46119ecfd5,aime24:p14:s0:seed14042,985f71725748f372cf08d2f249fcbd5c6d3dac5efa97289e418dbb154a727e3d
4200,4096,true,next_token_JS,3.4233239603054244e-06,104,232e3b08d10919ca24932ad0a0135e46119ecfd5,aime24:p14:s0:seed14042,985f71725748f372cf08d2f249fcbd5c6d3dac5efa97289e418dbb154a727e3d
4200,4096,true,logit_max_abs_diff,0.015625,104,232e3b08d10919ca24932ad0a0135e46119ecfd5,aime24:p14:s0:seed14042,985f71725748f372cf08d2f249fcbd5c6d3dac5efa97289e418dbb154a727e3d
4200,4096,true,logit_mean_abs_diff,0.0025395622942596674,104,232e3b08d10919ca24932ad0a0135e46119ecfd5,aime24:p14:s0:seed14042,985f71725748f372cf08d2f249fcbd5c6d3dac5efa97289e418dbb154a727e3d
4200,4096,true,top1_agreement,True,104,232e3b08d10919ca24932ad0a0135e46119ecfd5,aime24:p14:s0:seed14042,985f71725748f372cf08d2f249fcbd5c6d3dac5efa97289e418dbb154a727e3d
4200,4096,true,top1_disagreement,0.0,104,232e3b08d10919ca24932ad0a0135e46119ecfd5,aime24:p14:s0:seed14042,985f71725748f372cf08d2f249fcbd5c6d3dac5efa97289e418dbb154a727e3d
4200,4096,true,target_token_NLL_delta,0.0002568960189819336,104,232e3b08d10919ca24932ad0a0135e46119ecfd5,aime24:p14:s0:seed14042,985f71725748f372cf08d2f249fcbd5c6d3dac5efa97289e418dbb154a727e3d
4200,4096,true,hidden_relative_L2,0.0015305515844374895,104,232e3b08d10919ca24932ad0a0135e46119ecfd5,aime24:p14:s0:seed14042,985f71725748f372cf08d2f249fcbd5c6d3dac5efa97289e418dbb154a727e3d
4200,4096,true,hidden_MAE,0.0025004642084240913,104,232e3b08d10919ca24932ad0a0135e46119ecfd5,aime24:p14:s0:seed14042,985f71725748f372cf08d2f249fcbd5c6d3dac5efa97289e418dbb154a727e3d
4200,4096,true,hidden_cosine,0.9999985694885254,104,232e3b08d10919ca24932ad0a0135e46119ecfd5,aime24:p14:s0:seed14042,985f71725748f372cf08d2f249fcbd5c6d3dac5efa97289e418dbb154a727e3d
4200,4096,true,hidden_cosine_loss,1.430511474609375e-06,104,232e3b08d10919ca24932ad0a0135e46119ecfd5,aime24:p14:s0:seed14042,985f71725748f372cf08d2f249fcbd5c6d3dac5efa97289e418dbb154a727e3d
4200,4096,true,attention_output_relative_L2,0.0015305515844374895,104,232e3b08d10919ca24932ad0a0135e46119ecfd5,aime24:p14:s0:seed14042,985f71725748f372cf08d2f249fcbd5c6d3dac5efa97289e418dbb154a727e3d
4200,4096,true,attention_output_MAE,0.0025004642084240913,104,232e3b08d10919ca24932ad0a0135e46119ecfd5,aime24:p14:s0:seed14042,985f71725748f372cf08d2f249fcbd5c6d3dac5efa97289e418dbb154a727e3d
4200,4096,true,post_WO_relative_L2,0.0015305515844374895,104,232e3b08d10919ca24932ad0a0135e46119ecfd5,aime24:p14:s0:seed14042,985f71725748f372cf08d2f249fcbd5c6d3dac5efa97289e418dbb154a727e3d
4200,4096,true,raw_next_token_KL,1.3687912542081904e-05,104,232e3b08d10919ca24932ad0a0135e46119ecfd5,aime24:p14:s0:seed14042,985f71725748f372cf08d2f249fcbd5c6d3dac5efa97289e418dbb154a727e3d
4200,4096,true,raw_next_token_JS,3.4233239603054244e-06,104,232e3b08d10919ca24932ad0a0135e46119ecfd5,aime24:p14:s0:seed14042,985f71725748f372cf08d2f249fcbd5c6d3dac5efa97289e418dbb154a727e3d
4200,4096,true,clamped_next_token_KL,1.3687912542081904e-05,104,232e3b08d10919ca24932ad0a0135e46119ecfd5,aime24:p14:s0:seed14042,985f71725748f372cf08d2f249fcbd5c6d3dac5efa97289e418dbb154a727e3d
4200,4096,true,clamped_next_token_JS,3.4233239603054244e-06,104,232e3b08d10919ca24932ad0a0135e46119ecfd5,aime24:p14:s0:seed14042,985f71725748f372cf08d2f249fcbd5c6d3dac5efa97289e418dbb154a727e3d
248,128,true,next_token_KL,1.8878992705140263e-05,120,232e3b08d10919ca24932ad0a0135e46119ecfd5,aime24:p15:s1:seed15043,b3071fe4e912d14e31a543908143a991dbe648bfe13ea6a3db80285f3da15dab
248,128,true,next_token_JS,4.795070708496496e-06,120,232e3b08d10919ca24932ad0a0135e46119ecfd5,aime24:p15:s1:seed15043,b3071fe4e912d14e31a543908143a991dbe648bfe13ea6a3db80285f3da15dab
248,128,true,logit_max_abs_diff,0.015625,120,232e3b08d10919ca24932ad0a0135e46119ecfd5,aime24:p15:s1:seed15043,b3071fe4e912d14e31a543908143a991dbe648bfe13ea6a3db80285f3da15dab
248,128,true,logit_mean_abs_diff,0.002453557448461652,120,232e3b08d10919ca24932ad0a0135e46119ecfd5,aime24:p15:s1:seed15043,b3071fe4e912d14e31a543908143a991dbe648bfe13ea6a3db80285f3da15dab
248,128,true,top1_agreement,True,120,232e3b08d10919ca24932ad0a0135e46119ecfd5,aime24:p15:s1:seed15043,b3071fe4e912d14e31a543908143a991dbe648bfe13ea6a3db80285f3da15dab
248,128,true,top1_disagreement,0.0,120,232e3b08d10919ca24932ad0a0135e46119ecfd5,aime24:p15:s1:seed15043,b3071fe4e912d14e31a543908143a991dbe648bfe13ea6a3db80285f3da15dab
248,128,true,target_token_NLL_delta,0.0026763975620269775,120,232e3b08d10919ca24932ad0a0135e46119ecfd5,aime24:p15:s1:seed15043,b3071fe4e912d14e31a543908143a991dbe648bfe13ea6a3db80285f3da15dab
248,128,true,hidden_relative_L2,0.00175051752012223,120,232e3b08d10919ca24932ad0a0135e46119ecfd5,aime24:p15:s1:seed15043,b3071fe4e912d14e31a543908143a991dbe648bfe13ea6a3db80285f3da15dab
248,128,true,hidden_MAE,0.0027611679397523403,120,232e3b08d10919ca24932ad0a0135e46119ecfd5,aime24:p15:s1:seed15043,b3071fe4e912d14e31a543908143a991dbe648bfe13ea6a3db80285f3da15dab
248,128,true,hidden_cosine,0.999998152256012,120,232e3b08d10919ca24932ad0a0135e46119ecfd5,aime24:p15:s1:seed15043,b3071fe4e912d14e31a543908143a991dbe648bfe13ea6a3db80285f3da15dab
248,128,true,hidden_cosine_loss,1.8477439880371094e-06,120,232e3b08d10919ca24932ad0a0135e46119ecfd5,aime24:p15:s1:seed15043,b3071fe4e912d14e31a543908143a991dbe648bfe13ea6a3db80285f3da15dab
248,128,true,attention_output_relative_L2,0.00175051752012223,120,232e3b08d10919ca24932ad0a0135e46119ecfd5,aime24:p15:s1:seed15043,b3071fe4e912d14e31a543908143a991dbe648bfe13ea6a3db80285f3da15dab
248,128,true,attention_output_MAE,0.0027611679397523403,120,232e3b08d10919ca24932ad0a0135e46119ecfd5,aime24:p15:s1:seed15043,b3071fe4e912d14e31a543908143a991dbe648bfe13ea6a3db80285f3da15dab
248,128,true,post_WO_relative_L2,0.00175051752012223,120,232e3b08d10919ca24932ad0a0135e46119ecfd5,aime24:p15:s1:seed15043,b3071fe4e912d14e31a543908143a991dbe648bfe13ea6a3db80285f3da15dab
248,128,true,raw_next_token_KL,1.8878992705140263e-05,120,232e3b08d10919ca24932ad0a0135e46119ecfd5,aime24:p15:s1:seed15043,b3071fe4e912d14e31a543908143a991dbe648bfe13ea6a3db80285f3da15dab
248,128,true,raw_next_token_JS,4.795070708496496e-06,120,232e3b08d10919ca24932ad0a0135e46119ecfd5,aime24:p15:s1:seed15043,b3071fe4e912d14e31a543908143a991dbe648bfe13ea6a3db80285f3da15dab
248,128,true,clamped_next_token_KL,1.8878992705140263e-05,120,232e3b08d10919ca24932ad0a0135e46119ecfd5,aime24:p15:s1:seed15043,b3071fe4e912d14e31a543908143a991dbe648bfe13ea6a3db80285f3da15dab
248,128,true,clamped_next_token_JS,4.795070708496496e-06,120,232e3b08d10919ca24932ad0a0135e46119ecfd5,aime24:p15:s1:seed15043,b3071fe4e912d14e31a543908143a991dbe648bfe13ea6a3db80285f3da15dab
632,512,true,next_token_KL,1.8352326947024267e-07,120,232e3b08d10919ca24932ad0a0135e46119ecfd5,aime24:p15:s1:seed15043,b3071fe4e912d14e31a543908143a991dbe648bfe13ea6a3db80285f3da15dab
632,512,true,next_token_JS,7.62689111866166e-09,120,232e3b08d10919ca24932ad0a0135e46119ecfd5,aime24:p15:s1:seed15043,b3071fe4e912d14e31a543908143a991dbe648bfe13ea6a3db80285f3da15dab
632,512,true,logit_max_abs_diff,0.01953125,120,232e3b08d10919ca24932ad0a0135e46119ecfd5,aime24:p15:s1:seed15043,b3071fe4e912d14e31a543908143a991dbe648bfe13ea6a3db80285f3da15dab
632,512,true,logit_mean_abs_diff,0.0030189109966158867,120,232e3b08d10919ca24932ad0a0135e46119ecfd5,aime24:p15:s1:seed15043,b3071fe4e912d14e31a543908143a991dbe648bfe13ea6a3db80285f3da15dab
632,512,true,top1_agreement,True,120,232e3b08d10919ca24932ad0a0135e46119ecfd5,aime24:p15:s1:seed15043,b3071fe4e912d14e31a543908143a991dbe648bfe13ea6a3db80285f3da15dab
632,512,true,top1_disagreement,0.0,120,232e3b08d10919ca24932ad0a0135e46119ecfd5,aime24:p15:s1:seed15043,b3071fe4e912d14e31a543908143a991dbe648bfe13ea6a3db80285f3da15dab
632,512,true,target_token_NLL_delta,2.383312676101923e-07,120,232e3b08d10919ca24932ad0a0135e46119ecfd5,aime24:p15:s1:seed15043,b3071fe4e912d14e31a543908143a991dbe648bfe13ea6a3db80285f3da15dab
632,512,true,hidden_relative_L2,0.0024958793073892593,120,232e3b08d10919ca24932ad0a0135e46119ecfd5,aime24:p15:s1:seed15043,b3071fe4e912d14e31a543908143a991dbe648bfe13ea6a3db80285f3da15dab
632,512,true,hidden_MAE,0.0032004450913518667,120,232e3b08d10919ca24932ad0a0135e46119ecfd5,aime24:p15:s1:seed15043,b3071fe4e912d14e31a543908143a991dbe648bfe13ea6a3db80285f3da15dab
632,512,true,hidden_cosine,0.999996542930603,120,232e3b08d10919ca24932ad0a0135e46119ecfd5,aime24:p15:s1:seed15043,b3071fe4e912d14e31a543908143a991dbe648bfe13ea6a3db80285f3da15dab
632,512,true,hidden_cosine_loss,3.4570693969726562e-06,120,232e3b08d10919ca24932ad0a0135e46119ecfd5,aime24:p15:s1:seed15043,b3071fe4e912d14e31a543908143a991dbe648bfe13ea6a3db80285f3da15dab
632,512,true,attention_output_relative_L2,0.0024958793073892593,120,232e3b08d10919ca24932ad0a0135e46119ecfd5,aime24:p15:s1:seed15043,b3071fe4e912d14e31a543908143a991dbe648bfe13ea6a3db80285f3da15dab
632,512,true,attention_output_MAE,0.0032004450913518667,120,232e3b08d10919ca24932ad0a0135e46119ecfd5,aime24:p15:s1:seed15043,b3071fe4e912d14e31a543908143a991dbe648bfe13ea6a3db80285f3da15dab
632,512,true,post_WO_relative_L2,0.0024958793073892593,120,232e3b08d10919ca24932ad0a0135e46119ecfd5,aime24:p15:s1:seed15043,b3071fe4e912d14e31a543908143a991dbe648bfe13ea6a3db80285f3da15dab
632,512,true,raw_next_token_KL,1.8352326947024267e-07,120,232e3b08d10919ca24932ad0a0135e46119ecfd5,aime24:p15:s1:seed15043,b3071fe4e912d14e31a543908143a991dbe648bfe13ea6a3db80285f3da15dab
632,512,true,raw_next_token_JS,7.62689111866166e-09,120,232e3b08d10919ca24932ad0a0135e46119ecfd5,aime24:p15:s1:seed15043,b3071fe4e912d14e31a543908143a991dbe648bfe13ea6a3db80285f3da15dab
632,512,true,clamped_next_token_KL,1.8352326947024267e-07,120,232e3b08d10919ca24932ad0a0135e46119ecfd5,aime24:p15:s1:seed15043,b3071fe4e912d14e31a543908143a991dbe648bfe13ea6a3db80285f3da15dab
632,512,true,clamped_next_token_JS,7.62689111866166e-09,120,232e3b08d10919ca24932ad0a0135e46119ecfd5,aime24:p15:s1:seed15043,b3071fe4e912d14e31a543908143a991dbe648bfe13ea6a3db80285f3da15dab
1144,1024,true,next_token_KL,-7.11540906195296e-08,120,232e3b08d10919ca24932ad0a0135e46119ecfd5,aime24:p15:s1:seed15043,b3071fe4e912d14e31a543908143a991dbe648bfe13ea6a3db80285f3da15dab
1144,1024,true,next_token_JS,2.141874233529961e-09,120,232e3b08d10919ca24932ad0a0135e46119ecfd5,aime24:p15:s1:seed15043,b3071fe4e912d14e31a543908143a991dbe648bfe13ea6a3db80285f3da15dab
1144,1024,true,logit_max_abs_diff,0.021484375,120,232e3b08d10919ca24932ad0a0135e46119ecfd5,aime24:p15:s1:seed15043,b3071fe4e912d14e31a543908143a991dbe648bfe13ea6a3db80285f3da15dab
1144,1024,true,logit_mean_abs_diff,0.003474369179457426,120,232e3b08d10919ca24932ad0a0135e46119ecfd5,aime24:p15:s1:seed15043,b3071fe4e912d14e31a543908143a991dbe648bfe13ea6a3db80285f3da15dab
1144,1024,true,top1_agreement,True,120,232e3b08d10919ca24932ad0a0135e46119ecfd5,aime24:p15:s1:seed15043,b3071fe4e912d14e31a543908143a991dbe648bfe13ea6a3db80285f3da15dab
1144,1024,true,top1_disagreement,0.0,120,232e3b08d10919ca24932ad0a0135e46119ecfd5,aime24:p15:s1:seed15043,b3071fe4e912d14e31a543908143a991dbe648bfe13ea6a3db80285f3da15dab
1144,1024,true,target_token_NLL_delta,1.1920201359316707e-07,120,232e3b08d10919ca24932ad0a0135e46119ecfd5,aime24:p15:s1:seed15043,b3071fe4e912d14e31a543908143a991dbe648bfe13ea6a3db80285f3da15dab
1144,1024,true,hidden_relative_L2,0.0023145321756601334,120,232e3b08d10919ca24932ad0a0135e46119ecfd5,aime24:p15:s1:seed15043,b3071fe4e912d14e31a543908143a991dbe648bfe13ea6a3db80285f3da15dab
1144,1024,true,hidden_MAE,0.003628011792898178,120,232e3b08d10919ca24932ad0a0135e46119ecfd5,aime24:p15:s1:seed15043,b3071fe4e912d14e31a543908143a991dbe648bfe13ea6a3db80285f3da15dab
1144,1024,true,hidden_cosine,0.9999971985816956,120,232e3b08d10919ca24932ad0a0135e46119ecfd5,aime24:p15:s1:seed15043,b3071fe4e912d14e31a543908143a991dbe648bfe13ea6a3db80285f3da15dab
1144,1024,true,hidden_cosine_loss,2.8014183044433594e-06,120,232e3b08d10919ca24932ad0a0135e46119ecfd5,aime24:p15:s1:seed15043,b3071fe4e912d14e31a543908143a991dbe648bfe13ea6a3db80285f3da15dab
1144,1024,true,attention_output_relative_L2,0.0023145321756601334,120,232e3b08d10919ca24932ad0a0135e46119ecfd5,aime24:p15:s1:seed15043,b3071fe4e912d14e31a543908143a991dbe648bfe13ea6a3db80285f3da15dab
1144,1024,true,attention_output_MAE,0.003628011792898178,120,232e3b08d10919ca24932ad0a0135e46119ecfd5,aime24:p15:s1:seed15043,b3071fe4e912d14e31a543908143a991dbe648bfe13ea6a3db80285f3da15dab
1144,1024,true,post_WO_relative_L2,0.0023145321756601334,120,232e3b08d10919ca24932ad0a0135e46119ecfd5,aime24:p15:s1:seed15043,b3071fe4e912d14e31a543908143a991dbe648bfe13ea6a3db80285f3da15dab
1144,1024,true,raw_next_token_KL,-7.11540906195296e-08,120,232e3b08d10919ca24932ad0a0135e46119ecfd5,aime24:p15:s1:seed15043,b3071fe4e912d14e31a543908143a991dbe648bfe13ea6a3db80285f3da15dab
1144,1024,true,raw_next_token_JS,2.141874233529961e-09,120,232e3b08d10919ca24932ad0a0135e46119ecfd5,aime24:p15:s1:seed15043,b3071fe4e912d14e31a543908143a991dbe648bfe13ea6a3db80285f3da15dab
1144,1024,true,clamped_next_token_KL,0.0,120,232e3b08d10919ca24932ad0a0135e46119ecfd5,aime24:p15:s1:seed15043,b3071fe4e912d14e31a543908143a991dbe648bfe13ea6a3db80285f3da15dab
1144,1024,true,clamped_next_token_JS,2.141874233529961e-09,120,232e3b08d10919ca24932ad0a0135e46119ecfd5,aime24:p15:s1:seed15043,b3071fe4e912d14e31a543908143a991dbe648bfe13ea6a3db80285f3da15dab
2168,2048,true,next_token_KL,-6.493679904906458e-08,120,232e3b08d10919ca24932ad0a0135e46119ecfd5,aime24:p15:s1:seed15043,b3071fe4e912d14e31a543908143a991dbe648bfe13ea6a3db80285f3da15dab
2168,2048,true,next_token_JS,2.3901307599771826e-08,120,232e3b08d10919ca24932ad0a0135e46119ecfd5,aime24:p15:s1:seed15043,b3071fe4e912d14e31a543908143a991dbe648bfe13ea6a3db80285f3da15dab
2168,2048,true,logit_max_abs_diff,0.03125,120,232e3b08d10919ca24932ad0a0135e46119ecfd5,aime24:p15:s1:seed15043,b3071fe4e912d14e31a543908143a991dbe648bfe13ea6a3db80285f3da15dab
2168,2048,true,logit_mean_abs_diff,0.004003007896244526,120,232e3b08d10919ca24932ad0a0135e46119ecfd5,aime24:p15:s1:seed15043,b3071fe4e912d14e31a543908143a991dbe648bfe13ea6a3db80285f3da15dab
2168,2048,true,top1_agreement,True,120,232e3b08d10919ca24932ad0a0135e46119ecfd5,aime24:p15:s1:seed15043,b3071fe4e912d14e31a543908143a991dbe648bfe13ea6a3db80285f3da15dab
2168,2048,true,top1_disagreement,0.0,120,232e3b08d10919ca24932ad0a0135e46119ecfd5,aime24:p15:s1:seed15043,b3071fe4e912d14e31a543908143a991dbe648bfe13ea6a3db80285f3da15dab
2168,2048,true,target_token_NLL_delta,-5.481677362695336e-06,120,232e3b08d10919ca24932ad0a0135e46119ecfd5,aime24:p15:s1:seed15043,b3071fe4e912d14e31a543908143a991dbe648bfe13ea6a3db80285f3da15dab
2168,2048,true,hidden_relative_L2,0.002692307811230421,120,232e3b08d10919ca24932ad0a0135e46119ecfd5,aime24:p15:s1:seed15043,b3071fe4e912d14e31a543908143a991dbe648bfe13ea6a3db80285f3da15dab
2168,2048,true,hidden_MAE,0.004190259613096714,120,232e3b08d10919ca24932ad0a0135e46119ecfd5,aime24:p15:s1:seed15043,b3071fe4e912d14e31a543908143a991dbe648bfe13ea6a3db80285f3da15dab
2168,2048,true,hidden_cosine,0.9999960660934448,120,232e3b08d10919ca24932ad0a0135e46119ecfd5,aime24:p15:s1:seed15043,b3071fe4e912d14e31a543908143a991dbe648bfe13ea6a3db80285f3da15dab
2168,2048,true,hidden_cosine_loss,3.933906555175781e-06,120,232e3b08d10919ca24932ad0a0135e46119ecfd5,aime24:p15:s1:seed15043,b3071fe4e912d14e31a543908143a991dbe648bfe13ea6a3db80285f3da15dab
2168,2048,true,attention_output_relative_L2,0.002692307811230421,120,232e3b08d10919ca24932ad0a0135e46119ecfd5,aime24:p15:s1:seed15043,b3071fe4e912d14e31a543908143a991dbe648bfe13ea6a3db80285f3da15dab
2168,2048,true,attention_output_MAE,0.004190259613096714,120,232e3b08d10919ca24932ad0a0135e46119ecfd5,aime24:p15:s1:seed15043,b3071fe4e912d14e31a543908143a991dbe648bfe13ea6a3db80285f3da15dab
2168,2048,true,post_WO_relative_L2,0.002692307811230421,120,232e3b08d10919ca24932ad0a0135e46119ecfd5,aime24:p15:s1:seed15043,b3071fe4e912d14e31a543908143a991dbe648bfe13ea6a3db80285f3da15dab
2168,2048,true,raw_next_token_KL,-6.493679904906458e-08,120,232e3b08d10919ca24932ad0a0135e46119ecfd5,aime24:p15:s1:seed15043,b3071fe4e912d14e31a543908143a991dbe648bfe13ea6a3db80285f3da15dab
2168,2048,true,raw_next_token_JS,2.3901307599771826e-08,120,232e3b08d10919ca24932ad0a0135e46119ecfd5,aime24:p15:s1:seed15043,b3071fe4e912d14e31a543908143a991dbe648bfe13ea6a3db80285f3da15dab
2168,2048,true,clamped_next_token_KL,0.0,120,232e3b08d10919ca24932ad0a0135e46119ecfd5,aime24:p15:s1:seed15043,b3071fe4e912d14e31a543908143a991dbe648bfe13ea6a3db80285f3da15dab
2168,2048,true,clamped_next_token_JS,2.3901307599771826e-08,120,232e3b08d10919ca24932ad0a0135e46119ecfd5,aime24:p15:s1:seed15043,b3071fe4e912d14e31a543908143a991dbe648bfe13ea6a3db80285f3da15dab
4216,4096,true,next_token_KL,-3.500138179290957e-09,120,232e3b08d10919ca24932ad0a0135e46119ecfd5,aime24:p15:s1:seed15043,b3071fe4e912d14e31a543908143a991dbe648bfe13ea6a3db80285f3da15dab
4216,4096,true,next_token_JS,3.5361402694888966e-10,120,232e3b08d10919ca24932ad0a0135e46119ecfd5,aime24:p15:s1:seed15043,b3071fe4e912d14e31a543908143a991dbe648bfe13ea6a3db80285f3da15dab
4216,4096,true,logit_max_abs_diff,0.02392578125,120,232e3b08d10919ca24932ad0a0135e46119ecfd5,aime24:p15:s1:seed15043,b3071fe4e912d14e31a543908143a991dbe648bfe13ea6a3db80285f3da15dab
4216,4096,true,logit_mean_abs_diff,0.003348622703924775,120,232e3b08d10919ca24932ad0a0135e46119ecfd5,aime24:p15:s1:seed15043,b3071fe4e912d14e31a543908143a991dbe648bfe13ea6a3db80285f3da15dab
4216,4096,true,top1_agreement,True,120,232e3b08d10919ca24932ad0a0135e46119ecfd5,aime24:p15:s1:seed15043,b3071fe4e912d14e31a543908143a991dbe648bfe13ea6a3db80285f3da15dab
4216,4096,true,top1_disagreement,0.0,120,232e3b08d10919ca24932ad0a0135e46119ecfd5,aime24:p15:s1:seed15043,b3071fe4e912d14e31a543908143a991dbe648bfe13ea6a3db80285f3da15dab
4216,4096,true,target_token_NLL_delta,0.0,120,232e3b08d10919ca24932ad0a0135e46119ecfd5,aime24:p15:s1:seed15043,b3071fe4e912d14e31a543908143a991dbe648bfe13ea6a3db80285f3da15dab
4216,4096,true,hidden_relative_L2,0.0028452822007238865,120,232e3b08d10919ca24932ad0a0135e46119ecfd5,aime24:p15:s1:seed15043,b3071fe4e912d14e31a543908143a991dbe648bfe13ea6a3db80285f3da15dab
4216,4096,true,hidden_MAE,0.0038291793316602707,120,232e3b08d10919ca24932ad0a0135e46119ecfd5,aime24:p15:s1:seed15043,b3071fe4e912d14e31a543908143a991dbe648bfe13ea6a3db80285f3da15dab
4216,4096,true,hidden_cosine,0.9999956488609314,120,232e3b08d10919ca24932ad0a0135e46119ecfd5,aime24:p15:s1:seed15043,b3071fe4e912d14e31a543908143a991dbe648bfe13ea6a3db80285f3da15dab
4216,4096,true,hidden_cosine_loss,4.351139068603516e-06,120,232e3b08d10919ca24932ad0a0135e46119ecfd5,aime24:p15:s1:seed15043,b3071fe4e912d14e31a543908143a991dbe648bfe13ea6a3db80285f3da15dab
4216,4096,true,attention_output_relative_L2,0.0028452822007238865,120,232e3b08d10919ca24932ad0a0135e46119ecfd5,aime24:p15:s1:seed15043,b3071fe4e912d14e31a543908143a991dbe648bfe13ea6a3db80285f3da15dab
4216,4096,true,attention_output_MAE,0.0038291793316602707,120,232e3b08d10919ca24932ad0a0135e46119ecfd5,aime24:p15:s1:seed15043,b3071fe4e912d14e31a543908143a991dbe648bfe13ea6a3db80285f3da15dab
4216,4096,true,post_WO_relative_L2,0.0028452822007238865,120,232e3b08d10919ca24932ad0a0135e46119ecfd5,aime24:p15:s1:seed15043,b3071fe4e912d14e31a543908143a991dbe648bfe13ea6a3db80285f3da15dab
4216,4096,true,raw_next_token_KL,-3.500138179290957e-09,120,232e3b08d10919ca24932ad0a0135e46119ecfd5,aime24:p15:s1:seed15043,b3071fe4e912d14e31a543908143a991dbe648bfe13ea6a3db80285f3da15dab
4216,4096,true,raw_next_token_JS,3.5361402694888966e-10,120,232e3b08d10919ca24932ad0a0135e46119ecfd5,aime24:p15:s1:seed15043,b3071fe4e912d14e31a543908143a991dbe648bfe13ea6a3db80285f3da15dab
4216,4096,true,clamped_next_token_KL,0.0,120,232e3b08d10919ca24932ad0a0135e46119ecfd5,aime24:p15:s1:seed15043,b3071fe4e912d14e31a543908143a991dbe648bfe13ea6a3db80285f3da15dab
4216,4096,true,clamped_next_token_JS,3.5361402694888966e-10,120,232e3b08d10919ca24932ad0a0135e46119ecfd5,aime24:p15:s1:seed15043,b3071fe4e912d14e31a543908143a991dbe648bfe13ea6a3db80285f3da15dab
202,128,true,next_token_KL,-2.3138216675988588e-08,74,232e3b08d10919ca24932ad0a0135e46119ecfd5,aime24:p16:s0:seed16042,13d42346d3a27cdf52c682506b670e839c9c66befad1065501f233b0a1d0cc02
202,128,true,next_token_JS,4.4423575928931314e-11,74,232e3b08d10919ca24932ad0a0135e46119ecfd5,aime24:p16:s0:seed16042,13d42346d3a27cdf52c682506b670e839c9c66befad1065501f233b0a1d0cc02
202,128,true,logit_max_abs_diff,0.015625,74,232e3b08d10919ca24932ad0a0135e46119ecfd5,aime24:p16:s0:seed16042,13d42346d3a27cdf52c682506b670e839c9c66befad1065501f233b0a1d0cc02
202,128,true,logit_mean_abs_diff,0.0026459479704499245,74,232e3b08d10919ca24932ad0a0135e46119ecfd5,aime24:p16:s0:seed16042,13d42346d3a27cdf52c682506b670e839c9c66befad1065501f233b0a1d0cc02
202,128,true,top1_agreement,True,74,232e3b08d10919ca24932ad0a0135e46119ecfd5,aime24:p16:s0:seed16042,13d42346d3a27cdf52c682506b670e839c9c66befad1065501f233b0a1d0cc02
202,128,true,top1_disagreement,0.0,74,232e3b08d10919ca24932ad0a0135e46119ecfd5,aime24:p16:s0:seed16042,13d42346d3a27cdf52c682506b670e839c9c66befad1065501f233b0a1d0cc02
202,128,true,target_token_NLL_delta,0.0,74,232e3b08d10919ca24932ad0a0135e46119ecfd5,aime24:p16:s0:seed16042,13d42346d3a27cdf52c682506b670e839c9c66befad1065501f233b0a1d0cc02
202,128,true,hidden_relative_L2,0.001987231196835637,74,232e3b08d10919ca24932ad0a0135e46119ecfd5,aime24:p16:s0:seed16042,13d42346d3a27cdf52c682506b670e839c9c66befad1065501f233b0a1d0cc02
202,128,true,hidden_MAE,0.002882537432014942,74,232e3b08d10919ca24932ad0a0135e46119ecfd5,aime24:p16:s0:seed16042,13d42346d3a27cdf52c682506b670e839c9c66befad1065501f233b0a1d0cc02
202,128,true,hidden_cosine,0.9999977946281433,74,232e3b08d10919ca24932ad0a0135e46119ecfd5,aime24:p16:s0:seed16042,13d42346d3a27cdf52c682506b670e839c9c66befad1065501f233b0a1d0cc02
202,128,true,hidden_cosine_loss,2.205371856689453e-06,74,232e3b08d10919ca24932ad0a0135e46119ecfd5,aime24:p16:s0:seed16042,13d42346d3a27cdf52c682506b670e839c9c66befad1065501f233b0a1d0cc02
202,128,true,attention_output_relative_L2,0.001987231196835637,74,232e3b08d10919ca24932ad0a0135e46119ecfd5,aime24:p16:s0:seed16042,13d42346d3a27cdf52c682506b670e839c9c66befad1065501f233b0a1d0cc02
202,128,true,attention_output_MAE,0.002882537432014942,74,232e3b08d10919ca24932ad0a0135e46119ecfd5,aime24:p16:s0:seed16042,13d42346d3a27cdf52c682506b670e839c9c66befad1065501f233b0a1d0cc02
202,128,true,post_WO_relative_L2,0.001987231196835637,74,232e3b08d10919ca24932ad0a0135e46119ecfd5,aime24:p16:s0:seed16042,13d42346d3a27cdf52c682506b670e839c9c66befad1065501f233b0a1d0cc02
202,128,true,raw_next_token_KL,-2.3138216675988588e-08,74,232e3b08d10919ca24932ad0a0135e46119ecfd5,aime24:p16:s0:seed16042,13d42346d3a27cdf52c682506b670e839c9c66befad1065501f233b0a1d0cc02
202,128,true,raw_next_token_JS,4.4423575928931314e-11,74,232e3b08d10919ca24932ad0a0135e46119ecfd5,aime24:p16:s0:seed16042,13d42346d3a27cdf52c682506b670e839c9c66befad1065501f233b0a1d0cc02
202,128,true,clamped_next_token_KL,0.0,74,232e3b08d10919ca24932ad0a0135e46119ecfd5,aime24:p16:s0:seed16042,13d42346d3a27cdf52c682506b670e839c9c66befad1065501f233b0a1d0cc02
202,128,true,clamped_next_token_JS,4.4423575928931314e-11,74,232e3b08d10919ca24932ad0a0135e46119ecfd5,aime24:p16:s0:seed16042,13d42346d3a27cdf52c682506b670e839c9c66befad1065501f233b0a1d0cc02
586,512,true,next_token_KL,-7.66852252809258e-08,74,232e3b08d10919ca24932ad0a0135e46119ecfd5,aime24:p16:s0:seed16042,13d42346d3a27cdf52c682506b670e839c9c66befad1065501f233b0a1d0cc02
586,512,true,next_token_JS,1.3331432846541702e-08,74,232e3b08d10919ca24932ad0a0135e46119ecfd5,aime24:p16:s0:seed16042,13d42346d3a27cdf52c682506b670e839c9c66befad1065501f233b0a1d0cc02
586,512,true,logit_max_abs_diff,0.0234375,74,232e3b08d10919ca24932ad0a0135e46119ecfd5,aime24:p16:s0:seed16042,13d42346d3a27cdf52c682506b670e839c9c66befad1065501f233b0a1d0cc02
586,512,true,logit_mean_abs_diff,0.003914826549589634,74,232e3b08d10919ca24932ad0a0135e46119ecfd5,aime24:p16:s0:seed16042,13d42346d3a27cdf52c682506b670e839c9c66befad1065501f233b0a1d0cc02
586,512,true,top1_agreement,True,74,232e3b08d10919ca24932ad0a0135e46119ecfd5,aime24:p16:s0:seed16042,13d42346d3a27cdf52c682506b670e839c9c66befad1065501f233b0a1d0cc02
586,512,true,top1_disagreement,0.0,74,232e3b08d10919ca24932ad0a0135e46119ecfd5,aime24:p16:s0:seed16042,13d42346d3a27cdf52c682506b670e839c9c66befad1065501f233b0a1d0cc02
586,512,true,target_token_NLL_delta,-5.848705768585205e-07,74,232e3b08d10919ca24932ad0a0135e46119ecfd5,aime24:p16:s0:seed16042,13d42346d3a27cdf52c682506b670e839c9c66befad1065501f233b0a1d0cc02
586,512,true,hidden_relative_L2,0.001903423690237105,74,232e3b08d10919ca24932ad0a0135e46119ecfd5,aime24:p16:s0:seed16042,13d42346d3a27cdf52c682506b670e839c9c66befad1065501f233b0a1d0cc02
586,512,true,hidden_MAE,0.0027057393454015255,74,232e3b08d10919ca24932ad0a0135e46119ecfd5,aime24:p16:s0:seed16042,13d42346d3a27cdf52c682506b670e839c9c66befad1065501f233b0a1d0cc02
586,512,true,hidden_cosine,0.9999982118606567,74,232e3b08d10919ca24932ad0a0135e46119ecfd5,aime24:p16:s0:seed16042,13d42346d3a27cdf52c682506b670e839c9c66befad1065501f233b0a1d0cc02
586,512,true,hidden_cosine_loss,1.7881393432617188e-06,74,232e3b08d10919ca24932ad0a0135e46119ecfd5,aime24:p16:s0:seed16042,13d42346d3a27cdf52c682506b670e839c9c66befad1065501f233b0a1d0cc02
586,512,true,attention_output_relative_L2,0.001903423690237105,74,232e3b08d10919ca24932ad0a0135e46119ecfd5,aime24:p16:s0:seed16042,13d42346d3a27cdf52c682506b670e839c9c66befad1065501f233b0a1d0cc02
586,512,true,attention_output_MAE,0.0027057393454015255,74,232e3b08d10919ca24932ad0a0135e46119ecfd5,aime24:p16:s0:seed16042,13d42346d3a27cdf52c682506b670e839c9c66befad1065501f233b0a1d0cc02
586,512,true,post_WO_relative_L2,0.001903423690237105,74,232e3b08d10919ca24932ad0a0135e46119ecfd5,aime24:p16:s0:seed16042,13d42346d3a27cdf52c682506b670e839c9c66befad1065501f233b0a1d0cc02
586,512,true,raw_next_token_KL,-7.66852252809258e-08,74,232e3b08d10919ca24932ad0a0135e46119ecfd5,aime24:p16:s0:seed16042,13d42346d3a27cdf52c682506b670e839c9c66befad1065501f233b0a1d0cc02
586,512,true,raw_next_token_JS,1.3331432846541702e-08,74,232e3b08d10919ca24932ad0a0135e46119ecfd5,aime24:p16:s0:seed16042,13d42346d3a27cdf52c682506b670e839c9c66befad1065501f233b0a1d0cc02
586,512,true,clamped_next_token_KL,0.0,74,232e3b08d10919ca24932ad0a0135e46119ecfd5,aime24:p16:s0:seed16042,13d42346d3a27cdf52c682506b670e839c9c66befad1065501f233b0a1d0cc02
586,512,true,clamped_next_token_JS,1.3331432846541702e-08,74,232e3b08d10919ca24932ad0a0135e46119ecfd5,aime24:p16:s0:seed16042,13d42346d3a27cdf52c682506b670e839c9c66befad1065501f233b0a1d0cc02
1098,1024,true,next_token_KL,1.3939274140284397e-05,74,232e3b08d10919ca24932ad0a0135e46119ecfd5,aime24:p16:s0:seed16042,13d42346d3a27cdf52c682506b670e839c9c66befad1065501f233b0a1d0cc02
1098,1024,true,next_token_JS,3.5517577998689376e-06,74,232e3b08d10919ca24932ad0a0135e46119ecfd5,aime24:p16:s0:seed16042,13d42346d3a27cdf52c682506b670e839c9c66befad1065501f233b0a1d0cc02
1098,1024,true,logit_max_abs_diff,0.015625,74,232e3b08d10919ca24932ad0a0135e46119ecfd5,aime24:p16:s0:seed16042,13d42346d3a27cdf52c682506b670e839c9c66befad1065501f233b0a1d0cc02
1098,1024,true,logit_mean_abs_diff,0.002421981655061245,74,232e3b08d10919ca24932ad0a0135e46119ecfd5,aime24:p16:s0:seed16042,13d42346d3a27cdf52c682506b670e839c9c66befad1065501f233b0a1d0cc02
1098,1024,true,top1_agreement,True,74,232e3b08d10919ca24932ad0a0135e46119ecfd5,aime24:p16:s0:seed16042,13d42346d3a27cdf52c682506b670e839c9c66befad1065501f233b0a1d0cc02
1098,1024,true,top1_disagreement,0.0,74,232e3b08d10919ca24932ad0a0135e46119ecfd5,aime24:p16:s0:seed16042,13d42346d3a27cdf52c682506b670e839c9c66befad1065501f233b0a1d0cc02
1098,1024,true,target_token_NLL_delta,0.002071365714073181,74,232e3b08d10919ca24932ad0a0135e46119ecfd5,aime24:p16:s0:seed16042,13d42346d3a27cdf52c682506b670e839c9c66befad1065501f233b0a1d0cc02
1098,1024,true,hidden_relative_L2,0.0018161693587899208,74,232e3b08d10919ca24932ad0a0135e46119ecfd5,aime24:p16:s0:seed16042,13d42346d3a27cdf52c682506b670e839c9c66befad1065501f233b0a1d0cc02
1098,1024,true,hidden_MAE,0.0026512974873185158,74,232e3b08d10919ca24932ad0a0135e46119ecfd5,aime24:p16:s0:seed16042,13d42346d3a27cdf52c682506b670e839c9c66befad1065501f233b0a1d0cc02
1098,1024,true,hidden_cosine,0.9999979734420776,74,232e3b08d10919ca24932ad0a0135e46119ecfd5,aime24:p16:s0:seed16042,13d42346d3a27cdf52c682506b670e839c9c66befad1065501f233b0a1d0cc02
1098,1024,true,hidden_cosine_loss,2.0265579223632812e-06,74,232e3b08d10919ca24932ad0a0135e46119ecfd5,aime24:p16:s0:seed16042,13d42346d3a27cdf52c682506b670e839c9c66befad1065501f233b0a1d0cc02
1098,1024,true,attention_output_relative_L2,0.0018161693587899208,74,232e3b08d10919ca24932ad0a0135e46119ecfd5,aime24:p16:s0:seed16042,13d42346d3a27cdf52c682506b670e839c9c66befad1065501f233b0a1d0cc02
1098,1024,true,attention_output_MAE,0.0026512974873185158,74,232e3b08d10919ca24932ad0a0135e46119ecfd5,aime24:p16:s0:seed16042,13d42346d3a27cdf52c682506b670e839c9c66befad1065501f233b0a1d0cc02
1098,1024,true,post_WO_relative_L2,0.0018161693587899208,74,232e3b08d10919ca24932ad0a0135e46119ecfd5,aime24:p16:s0:seed16042,13d42346d3a27cdf52c682506b670e839c9c66befad1065501f233b0a1d0cc02
1098,1024,true,raw_next_token_KL,1.3939274140284397e-05,74,232e3b08d10919ca24932ad0a0135e46119ecfd5,aime24:p16:s0:seed16042,13d42346d3a27cdf52c682506b670e839c9c66befad1065501f233b0a1d0cc02
1098,1024,true,raw_next_token_JS,3.5517577998689376e-06,74,232e3b08d10919ca24932ad0a0135e46119ecfd5,aime24:p16:s0:seed16042,13d42346d3a27cdf52c682506b670e839c9c66befad1065501f233b0a1d0cc02
1098,1024,true,clamped_next_token_KL,1.3939274140284397e-05,74,232e3b08d10919ca24932ad0a0135e46119ecfd5,aime24:p16:s0:seed16042,13d42346d3a27cdf52c682506b670e839c9c66befad1065501f233b0a1d0cc02
1098,1024,true,clamped_next_token_JS,3.5517577998689376e-06,74,232e3b08d10919ca24932ad0a0135e46119ecfd5,aime24:p16:s0:seed16042,13d42346d3a27cdf52c682506b670e839c9c66befad1065501f233b0a1d0cc02
2122,2048,true,next_token_KL,-5.031446193015654e-08,74,232e3b08d10919ca24932ad0a0135e46119ecfd5,aime24:p16:s0:seed16042,13d42346d3a27cdf52c682506b670e839c9c66befad1065501f233b0a1d0cc02
2122,2048,true,next_token_JS,-1.7049295308879664e-10,74,232e3b08d10919ca24932ad0a0135e46119ecfd5,aime24:p16:s0:seed16042,13d42346d3a27cdf52c682506b670e839c9c66befad1065501f233b0a1d0cc02
2122,2048,true,logit_max_abs_diff,0.03125,74,232e3b08d10919ca24932ad0a0135e46119ecfd5,aime24:p16:s0:seed16042,13d42346d3a27cdf52c682506b670e839c9c66befad1065501f233b0a1d0cc02
2122,2048,true,logit_mean_abs_diff,0.0036098069977015257,74,232e3b08d10919ca24932ad0a0135e46119ecfd5,aime24:p16:s0:seed16042,13d42346d3a27cdf52c682506b670e839c9c66befad1065501f233b0a1d0cc02
2122,2048,true,top1_agreement,True,74,232e3b08d10919ca24932ad0a0135e46119ecfd5,aime24:p16:s0:seed16042,13d42346d3a27cdf52c682506b670e839c9c66befad1065501f233b0a1d0cc02
2122,2048,true,top1_disagreement,0.0,74,232e3b08d10919ca24932ad0a0135e46119ecfd5,aime24:p16:s0:seed16042,13d42346d3a27cdf52c682506b670e839c9c66befad1065501f233b0a1d0cc02
2122,2048,true,target_token_NLL_delta,-4.050321877002716e-06,74,232e3b08d10919ca24932ad0a0135e46119ecfd5,aime24:p16:s0:seed16042,13d42346d3a27cdf52c682506b670e839c9c66befad1065501f233b0a1d0cc02
2122,2048,true,hidden_relative_L2,0.0026502932887524366,74,232e3b08d10919ca24932ad0a0135e46119ecfd5,aime24:p16:s0:seed16042,13d42346d3a27cdf52c682506b670e839c9c66befad1065501f233b0a1d0cc02
2122,2048,true,hidden_MAE,0.004199783317744732,74,232e3b08d10919ca24932ad0a0135e46119ecfd5,aime24:p16:s0:seed16042,13d42346d3a27cdf52c682506b670e839c9c66befad1065501f233b0a1d0cc02
2122,2048,true,hidden_cosine,0.9999963045120239,74,232e3b08d10919ca24932ad0a0135e46119ecfd5,aime24:p16:s0:seed16042,13d42346d3a27cdf52c682506b670e839c9c66befad1065501f233b0a1d0cc02
2122,2048,true,hidden_cosine_loss,3.6954879760742188e-06,74,232e3b08d10919ca24932ad0a0135e46119ecfd5,aime24:p16:s0:seed16042,13d42346d3a27cdf52c682506b670e839c9c66befad1065501f233b0a1d0cc02
2122,2048,true,attention_output_relative_L2,0.0026502932887524366,74,232e3b08d10919ca24932ad0a0135e46119ecfd5,aime24:p16:s0:seed16042,13d42346d3a27cdf52c682506b670e839c9c66befad1065501f233b0a1d0cc02
2122,2048,true,attention_output_MAE,0.004199783317744732,74,232e3b08d10919ca24932ad0a0135e46119ecfd5,aime24:p16:s0:seed16042,13d42346d3a27cdf52c682506b670e839c9c66befad1065501f233b0a1d0cc02
2122,2048,true,post_WO_relative_L2,0.0026502932887524366,74,232e3b08d10919ca24932ad0a0135e46119ecfd5,aime24:p16:s0:seed16042,13d42346d3a27cdf52c682506b670e839c9c66befad1065501f233b0a1d0cc02
2122,2048,true,raw_next_token_KL,-5.031446193015654e-08,74,232e3b08d10919ca24932ad0a0135e46119ecfd5,aime24:p16:s0:seed16042,13d42346d3a27cdf52c682506b670e839c9c66befad1065501f233b0a1d0cc02
2122,2048,true,raw_next_token_JS,-1.7049295308879664e-10,74,232e3b08d10919ca24932ad0a0135e46119ecfd5,aime24:p16:s0:seed16042,13d42346d3a27cdf52c682506b670e839c9c66befad1065501f233b0a1d0cc02
2122,2048,true,clamped_next_token_KL,0.0,74,232e3b08d10919ca24932ad0a0135e46119ecfd5,aime24:p16:s0:seed16042,13d42346d3a27cdf52c682506b670e839c9c66befad1065501f233b0a1d0cc02
2122,2048,true,clamped_next_token_JS,0.0,74,232e3b08d10919ca24932ad0a0135e46119ecfd5,aime24:p16:s0:seed16042,13d42346d3a27cdf52c682506b670e839c9c66befad1065501f233b0a1d0cc02
4170,4096,true,next_token_KL,1.0173690867532059e-07,74,232e3b08d10919ca24932ad0a0135e46119ecfd5,aime24:p16:s0:seed16042,13d42346d3a27cdf52c682506b670e839c9c66befad1065501f233b0a1d0cc02
4170,4096,true,next_token_JS,-3.16237702691069e-08,74,232e3b08d10919ca24932ad0a0135e46119ecfd5,aime24:p16:s0:seed16042,13d42346d3a27cdf52c682506b670e839c9c66befad1065501f233b0a1d0cc02
4170,4096,true,logit_max_abs_diff,0.01708984375,74,232e3b08d10919ca24932ad0a0135e46119ecfd5,aime24:p16:s0:seed16042,13d42346d3a27cdf52c682506b670e839c9c66befad1065501f233b0a1d0cc02
4170,4096,true,logit_mean_abs_diff,0.002722275210544467,74,232e3b08d10919ca24932ad0a0135e46119ecfd5,aime24:p16:s0:seed16042,13d42346d3a27cdf52c682506b670e839c9c66befad1065501f233b0a1d0cc02
4170,4096,true,top1_agreement,True,74,232e3b08d10919ca24932ad0a0135e46119ecfd5,aime24:p16:s0:seed16042,13d42346d3a27cdf52c682506b670e839c9c66befad1065501f233b0a1d0cc02
4170,4096,true,top1_disagreement,0.0,74,232e3b08d10919ca24932ad0a0135e46119ecfd5,aime24:p16:s0:seed16042,13d42346d3a27cdf52c682506b670e839c9c66befad1065501f233b0a1d0cc02
4170,4096,true,target_token_NLL_delta,-3.680586814880371e-06,74,232e3b08d10919ca24932ad0a0135e46119ecfd5,aime24:p16:s0:seed16042,13d42346d3a27cdf52c682506b670e839c9c66befad1065501f233b0a1d0cc02
4170,4096,true,hidden_relative_L2,0.0021883081644773483,74,232e3b08d10919ca24932ad0a0135e46119ecfd5,aime24:p16:s0:seed16042,13d42346d3a27cdf52c682506b670e839c9c66befad1065501f233b0a1d0cc02
4170,4096,true,hidden_MAE,0.003025721525773406,74,232e3b08d10919ca24932ad0a0135e46119ecfd5,aime24:p16:s0:seed16042,13d42346d3a27cdf52c682506b670e839c9c66befad1065501f233b0a1d0cc02
4170,4096,true,hidden_cosine,0.9999975562095642,74,232e3b08d10919ca24932ad0a0135e46119ecfd5,aime24:p16:s0:seed16042,13d42346d3a27cdf52c682506b670e839c9c66befad1065501f233b0a1d0cc02
4170,4096,true,hidden_cosine_loss,2.4437904357910156e-06,74,232e3b08d10919ca24932ad0a0135e46119ecfd5,aime24:p16:s0:seed16042,13d42346d3a27cdf52c682506b670e839c9c66befad1065501f233b0a1d0cc02
4170,4096,true,attention_output_relative_L2,0.0021883081644773483,74,232e3b08d10919ca24932ad0a0135e46119ecfd5,aime24:p16:s0:seed16042,13d42346d3a27cdf52c682506b670e839c9c66befad1065501f233b0a1d0cc02
4170,4096,true,attention_output_MAE,0.003025721525773406,74,232e3b08d10919ca24932ad0a0135e46119ecfd5,aime24:p16:s0:seed16042,13d42346d3a27cdf52c682506b670e839c9c66befad1065501f233b0a1d0cc02
4170,4096,true,post_WO_relative_L2,0.0021883081644773483,74,232e3b08d10919ca24932ad0a0135e46119ecfd5,aime24:p16:s0:seed16042,13d42346d3a27cdf52c682506b670e839c9c66befad1065501f233b0a1d0cc02
4170,4096,true,raw_next_token_KL,1.0173690867532059e-07,74,232e3b08d10919ca24932ad0a0135e46119ecfd5,aime24:p16:s0:seed16042,13d42346d3a27cdf52c682506b670e839c9c66befad1065501f233b0a1d0cc02
4170,4096,true,raw_next_token_JS,-3.16237702691069e-08,74,232e3b08d10919ca24932ad0a0135e46119ecfd5,aime24:p16:s0:seed16042,13d42346d3a27cdf52c682506b670e839c9c66befad1065501f233b0a1d0cc02
4170,4096,true,clamped_next_token_KL,1.0173690867532059e-07,74,232e3b08d10919ca24932ad0a0135e46119ecfd5,aime24:p16:s0:seed16042,13d42346d3a27cdf52c682506b670e839c9c66befad1065501f233b0a1d0cc02
4170,4096,true,clamped_next_token_JS,0.0,74,232e3b08d10919ca24932ad0a0135e46119ecfd5,aime24:p16:s0:seed16042,13d42346d3a27cdf52c682506b670e839c9c66befad1065501f233b0a1d0cc02
203,128,true,next_token_KL,1.770077142282389e-05,75,232e3b08d10919ca24932ad0a0135e46119ecfd5,aime24:p11:s0:seed11042,489c942f86b4d5ae23c611c59e5f243cac4e99bd6697b73b14def62ea82f3970
203,128,true,next_token_JS,4.405148501973599e-06,75,232e3b08d10919ca24932ad0a0135e46119ecfd5,aime24:p11:s0:seed11042,489c942f86b4d5ae23c611c59e5f243cac4e99bd6697b73b14def62ea82f3970
203,128,true,logit_max_abs_diff,0.02734375,75,232e3b08d10919ca24932ad0a0135e46119ecfd5,aime24:p11:s0:seed11042,489c942f86b4d5ae23c611c59e5f243cac4e99bd6697b73b14def62ea82f3970
203,128,true,logit_mean_abs_diff,0.004602084401994944,75,232e3b08d10919ca24932ad0a0135e46119ecfd5,aime24:p11:s0:seed11042,489c942f86b4d5ae23c611c59e5f243cac4e99bd6697b73b14def62ea82f3970
203,128,true,top1_agreement,True,75,232e3b08d10919ca24932ad0a0135e46119ecfd5,aime24:p11:s0:seed11042,489c942f86b4d5ae23c611c59e5f243cac4e99bd6697b73b14def62ea82f3970
203,128,true,top1_disagreement,0.0,75,232e3b08d10919ca24932ad0a0135e46119ecfd5,aime24:p11:s0:seed11042,489c942f86b4d5ae23c611c59e5f243cac4e99bd6697b73b14def62ea82f3970
203,128,true,target_token_NLL_delta,-0.002737477421760559,75,232e3b08d10919ca24932ad0a0135e46119ecfd5,aime24:p11:s0:seed11042,489c942f86b4d5ae23c611c59e5f243cac4e99bd6697b73b14def62ea82f3970
203,128,true,hidden_relative_L2,0.0020413249731063843,75,232e3b08d10919ca24932ad0a0135e46119ecfd5,aime24:p11:s0:seed11042,489c942f86b4d5ae23c611c59e5f243cac4e99bd6697b73b14def62ea82f3970
203,128,true,hidden_MAE,0.002984053920954466,75,232e3b08d10919ca24932ad0a0135e46119ecfd5,aime24:p11:s0:seed11042,489c942f86b4d5ae23c611c59e5f243cac4e99bd6697b73b14def62ea82f3970
203,128,true,hidden_cosine,0.9999978542327881,75,232e3b08d10919ca24932ad0a0135e46119ecfd5,aime24:p11:s0:seed11042,489c942f86b4d5ae23c611c59e5f243cac4e99bd6697b73b14def62ea82f3970
203,128,true,hidden_cosine_loss,2.1457672119140625e-06,75,232e3b08d10919ca24932ad0a0135e46119ecfd5,aime24:p11:s0:seed11042,489c942f86b4d5ae23c611c59e5f243cac4e99bd6697b73b14def62ea82f3970
203,128,true,attention_output_relative_L2,0.0020413249731063843,75,232e3b08d10919ca24932ad0a0135e46119ecfd5,aime24:p11:s0:seed11042,489c942f86b4d5ae23c611c59e5f243cac4e99bd6697b73b14def62ea82f3970
203,128,true,attention_output_MAE,0.002984053920954466,75,232e3b08d10919ca24932ad0a0135e46119ecfd5,aime24:p11:s0:seed11042,489c942f86b4d5ae23c611c59e5f243cac4e99bd6697b73b14def62ea82f3970
203,128,true,post_WO_relative_L2,0.0020413249731063843,75,232e3b08d10919ca24932ad0a0135e46119ecfd5,aime24:p11:s0:seed11042,489c942f86b4d5ae23c611c59e5f243cac4e99bd6697b73b14def62ea82f3970
203,128,true,raw_next_token_KL,1.770077142282389e-05,75,232e3b08d10919ca24932ad0a0135e46119ecfd5,aime24:p11:s0:seed11042,489c942f86b4d5ae23c611c59e5f243cac4e99bd6697b73b14def62ea82f3970
203,128,true,raw_next_token_JS,4.405148501973599e-06,75,232e3b08d10919ca24932ad0a0135e46119ecfd5,aime24:p11:s0:seed11042,489c942f86b4d5ae23c611c59e5f243cac4e99bd6697b73b14def62ea82f3970
203,128,true,clamped_next_token_KL,1.770077142282389e-05,75,232e3b08d10919ca24932ad0a0135e46119ecfd5,aime24:p11:s0:seed11042,489c942f86b4d5ae23c611c59e5f243cac4e99bd6697b73b14def62ea82f3970
203,128,true,clamped_next_token_JS,4.405148501973599e-06,75,232e3b08d10919ca24932ad0a0135e46119ecfd5,aime24:p11:s0:seed11042,489c942f86b4d5ae23c611c59e5f243cac4e99bd6697b73b14def62ea82f3970
587,512,true,next_token_KL,1.1471660400275141e-05,75,232e3b08d10919ca24932ad0a0135e46119ecfd5,aime24:p11:s0:seed11042,489c942f86b4d5ae23c611c59e5f243cac4e99bd6697b73b14def62ea82f3970
587,512,true,next_token_JS,2.8989588827244006e-06,75,232e3b08d10919ca24932ad0a0135e46119ecfd5,aime24:p11:s0:seed11042,489c942f86b4d5ae23c611c59e5f243cac4e99bd6697b73b14def62ea82f3970
587,512,true,logit_max_abs_diff,0.0234375,75,232e3b08d10919ca24932ad0a0135e46119ecfd5,aime24:p11:s0:seed11042,489c942f86b4d5ae23c611c59e5f243cac4e99bd6697b73b14def62ea82f3970
587,512,true,logit_mean_abs_diff,0.0031952704302966595,75,232e3b08d10919ca24932ad0a0135e46119ecfd5,aime24:p11:s0:seed11042,489c942f86b4d5ae23c611c59e5f243cac4e99bd6697b73b14def62ea82f3970
587,512,true,top1_agreement,True,75,232e3b08d10919ca24932ad0a0135e46119ecfd5,aime24:p11:s0:seed11042,489c942f86b4d5ae23c611c59e5f243cac4e99bd6697b73b14def62ea82f3970
587,512,true,top1_disagreement,0.0,75,232e3b08d10919ca24932ad0a0135e46119ecfd5,aime24:p11:s0:seed11042,489c942f86b4d5ae23c611c59e5f243cac4e99bd6697b73b14def62ea82f3970
587,512,true,target_token_NLL_delta,0.001580357551574707,75,232e3b08d10919ca24932ad0a0135e46119ecfd5,aime24:p11:s0:seed11042,489c942f86b4d5ae23c611c59e5f243cac4e99bd6697b73b14def62ea82f3970
587,512,true,hidden_relative_L2,0.001906423713080585,75,232e3b08d10919ca24932ad0a0135e46119ecfd5,aime24:p11:s0:seed11042,489c942f86b4d5ae23c611c59e5f243cac4e99bd6697b73b14def62ea82f3970
587,512,true,hidden_MAE,0.0030711761210113764,75,232e3b08d10919ca24932ad0a0135e46119ecfd5,aime24:p11:s0:seed11042,489c942f86b4d5ae23c611c59e5f243cac4e99bd6697b73b14def62ea82f3970
587,512,true,hidden_cosine,0.9999978542327881,75,232e3b08d10919ca24932ad0a0135e46119ecfd5,aime24:p11:s0:seed11042,489c942f86b4d5ae23c611c59e5f243cac4e99bd6697b73b14def62ea82f3970
587,512,true,hidden_cosine_loss,2.1457672119140625e-06,75,232e3b08d10919ca24932ad0a0135e46119ecfd5,aime24:p11:s0:seed11042,489c942f86b4d5ae23c611c59e5f243cac4e99bd6697b73b14def62ea82f3970
587,512,true,attention_output_relative_L2,0.001906423713080585,75,232e3b08d10919ca24932ad0a0135e46119ecfd5,aime24:p11:s0:seed11042,489c942f86b4d5ae23c611c59e5f243cac4e99bd6697b73b14def62ea82f3970
587,512,true,attention_output_MAE,0.0030711761210113764,75,232e3b08d10919ca24932ad0a0135e46119ecfd5,aime24:p11:s0:seed11042,489c942f86b4d5ae23c611c59e5f243cac4e99bd6697b73b14def62ea82f3970
587,512,true,post_WO_relative_L2,0.001906423713080585,75,232e3b08d10919ca24932ad0a0135e46119ecfd5,aime24:p11:s0:seed11042,489c942f86b4d5ae23c611c59e5f243cac4e99bd6697b73b14def62ea82f3970
587,512,true,raw_next_token_KL,1.1471660400275141e-05,75,232e3b08d10919ca24932ad0a0135e46119ecfd5,aime24:p11:s0:seed11042,489c942f86b4d5ae23c611c59e5f243cac4e99bd6697b73b14def62ea82f3970
587,512,true,raw_next_token_JS,2.8989588827244006e-06,75,232e3b08d10919ca24932ad0a0135e46119ecfd5,aime24:p11:s0:seed11042,489c942f86b4d5ae23c611c59e5f243cac4e99bd6697b73b14def62ea82f3970
587,512,true,clamped_next_token_KL,1.1471660400275141e-05,75,232e3b08d10919ca24932ad0a0135e46119ecfd5,aime24:p11:s0:seed11042,489c942f86b4d5ae23c611c59e5f243cac4e99bd6697b73b14def62ea82f3970
587,512,true,clamped_next_token_JS,2.8989588827244006e-06,75,232e3b08d10919ca24932ad0a0135e46119ecfd5,aime24:p11:s0:seed11042,489c942f86b4d5ae23c611c59e5f243cac4e99bd6697b73b14def62ea82f3970
1099,1024,true,next_token_KL,-1.2668174953489597e-08,75,232e3b08d10919ca24932ad0a0135e46119ecfd5,aime24:p11:s0:seed11042,489c942f86b4d5ae23c611c59e5f243cac4e99bd6697b73b14def62ea82f3970
1099,1024,true,next_token_JS,7.112379574181205e-09,75,232e3b08d10919ca24932ad0a0135e46119ecfd5,aime24:p11:s0:seed11042,489c942f86b4d5ae23c611c59e5f243cac4e99bd6697b73b14def62ea82f3970
1099,1024,true,logit_max_abs_diff,0.015625,75,232e3b08d10919ca24932ad0a0135e46119ecfd5,aime24:p11:s0:seed11042,489c942f86b4d5ae23c611c59e5f243cac4e99bd6697b73b14def62ea82f3970
1099,1024,true,logit_mean_abs_diff,0.00219549797475338,75,232e3b08d10919ca24932ad0a0135e46119ecfd5,aime24:p11:s0:seed11042,489c942f86b4d5ae23c611c59e5f243cac4e99bd6697b73b14def62ea82f3970
1099,1024,true,top1_agreement,True,75,232e3b08d10919ca24932ad0a0135e46119ecfd5,aime24:p11:s0:seed11042,489c942f86b4d5ae23c611c59e5f243cac4e99bd6697b73b14def62ea82f3970
1099,1024,true,top1_disagreement,0.0,75,232e3b08d10919ca24932ad0a0135e46119ecfd5,aime24:p11:s0:seed11042,489c942f86b4d5ae23c611c59e5f243cac4e99bd6697b73b14def62ea82f3970
1099,1024,true,target_token_NLL_delta,0.0,75,232e3b08d10919ca24932ad0a0135e46119ecfd5,aime24:p11:s0:seed11042,489c942f86b4d5ae23c611c59e5f243cac4e99bd6697b73b14def62ea82f3970
1099,1024,true,hidden_relative_L2,0.0018688174895942211,75,232e3b08d10919ca24932ad0a0135e46119ecfd5,aime24:p11:s0:seed11042,489c942f86b4d5ae23c611c59e5f243cac4e99bd6697b73b14def62ea82f3970
1099,1024,true,hidden_MAE,0.0023462476674467325,75,232e3b08d10919ca24932ad0a0135e46119ecfd5,aime24:p11:s0:seed11042,489c942f86b4d5ae23c611c59e5f243cac4e99bd6697b73b14def62ea82f3970
1099,1024,true,hidden_cosine,0.9999979138374329,75,232e3b08d10919ca24932ad0a0135e46119ecfd5,aime24:p11:s0:seed11042,489c942f86b4d5ae23c611c59e5f243cac4e99bd6697b73b14def62ea82f3970
1099,1024,true,hidden_cosine_loss,2.086162567138672e-06,75,232e3b08d10919ca24932ad0a0135e46119ecfd5,aime24:p11:s0:seed11042,489c942f86b4d5ae23c611c59e5f243cac4e99bd6697b73b14def62ea82f3970
1099,1024,true,attention_output_relative_L2,0.0018688174895942211,75,232e3b08d10919ca24932ad0a0135e46119ecfd5,aime24:p11:s0:seed11042,489c942f86b4d5ae23c611c59e5f243cac4e99bd6697b73b14def62ea82f3970
1099,1024,true,attention_output_MAE,0.0023462476674467325,75,232e3b08d10919ca24932ad0a0135e46119ecfd5,aime24:p11:s0:seed11042,489c942f86b4d5ae23c611c59e5f243cac4e99bd6697b73b14def62ea82f3970
1099,1024,true,post_WO_relative_L2,0.0018688174895942211,75,232e3b08d10919ca24932ad0a0135e46119ecfd5,aime24:p11:s0:seed11042,489c942f86b4d5ae23c611c59e5f243cac4e99bd6697b73b14def62ea82f3970
1099,1024,true,raw_next_token_KL,-1.2668174953489597e-08,75,232e3b08d10919ca24932ad0a0135e46119ecfd5,aime24:p11:s0:seed11042,489c942f86b4d5ae23c611c59e5f243cac4e99bd6697b73b14def62ea82f3970
1099,1024,true,raw_next_token_JS,7.112379574181205e-09,75,232e3b08d10919ca24932ad0a0135e46119ecfd5,aime24:p11:s0:seed11042,489c942f86b4d5ae23c611c59e5f243cac4e99bd6697b73b14def62ea82f3970
1099,1024,true,clamped_next_token_KL,0.0,75,232e3b08d10919ca24932ad0a0135e46119ecfd5,aime24:p11:s0:seed11042,489c942f86b4d5ae23c611c59e5f243cac4e99bd6697b73b14def62ea82f3970
1099,1024,true,clamped_next_token_JS,7.112379574181205e-09,75,232e3b08d10919ca24932ad0a0135e46119ecfd5,aime24:p11:s0:seed11042,489c942f86b4d5ae23c611c59e5f243cac4e99bd6697b73b14def62ea82f3970
2123,2048,true,next_token_KL,4.339854697832379e-08,75,232e3b08d10919ca24932ad0a0135e46119ecfd5,aime24:p11:s0:seed11042,489c942f86b4d5ae23c611c59e5f243cac4e99bd6697b73b14def62ea82f3970
2123,2048,true,next_token_JS,1.5377729312149313e-08,75,232e3b08d10919ca24932ad0a0135e46119ecfd5,aime24:p11:s0:seed11042,489c942f86b4d5ae23c611c59e5f243cac4e99bd6697b73b14def62ea82f3970
2123,2048,true,logit_max_abs_diff,0.02734375,75,232e3b08d10919ca24932ad0a0135e46119ecfd5,aime24:p11:s0:seed11042,489c942f86b4d5ae23c611c59e5f243cac4e99bd6697b73b14def62ea82f3970
2123,2048,true,logit_mean_abs_diff,0.003210887312889099,75,232e3b08d10919ca24932ad0a0135e46119ecfd5,aime24:p11:s0:seed11042,489c942f86b4d5ae23c611c59e5f243cac4e99bd6697b73b14def62ea82f3970
2123,2048,true,top1_agreement,True,75,232e3b08d10919ca24932ad0a0135e46119ecfd5,aime24:p11:s0:seed11042,489c942f86b4d5ae23c611c59e5f243cac4e99bd6697b73b14def62ea82f3970
2123,2048,true,top1_disagreement,0.0,75,232e3b08d10919ca24932ad0a0135e46119ecfd5,aime24:p11:s0:seed11042,489c942f86b4d5ae23c611c59e5f243cac4e99bd6697b73b14def62ea82f3970
2123,2048,true,target_token_NLL_delta,-9.238719940185547e-07,75,232e3b08d10919ca24932ad0a0135e46119ecfd5,aime24:p11:s0:seed11042,489c942f86b4d5ae23c611c59e5f243cac4e99bd6697b73b14def62ea82f3970
2123,2048,true,hidden_relative_L2,0.0021674043964594603,75,232e3b08d10919ca24932ad0a0135e46119ecfd5,aime24:p11:s0:seed11042,489c942f86b4d5ae23c611c59e5f243cac4e99bd6697b73b14def62ea82f3970
2123,2048,true,hidden_MAE,0.0031221501994878054,75,232e3b08d10919ca24932ad0a0135e46119ecfd5,aime24:p11:s0:seed11042,489c942f86b4d5ae23c611c59e5f243cac4e99bd6697b73b14def62ea82f3970
2123,2048,true,hidden_cosine,0.9999973773956299,75,232e3b08d10919ca24932ad0a0135e46119ecfd5,aime24:p11:s0:seed11042,489c942f86b4d5ae23c611c59e5f243cac4e99bd6697b73b14def62ea82f3970
2123,2048,true,hidden_cosine_loss,2.6226043701171875e-06,75,232e3b08d10919ca24932ad0a0135e46119ecfd5,aime24:p11:s0:seed11042,489c942f86b4d5ae23c611c59e5f243cac4e99bd6697b73b14def62ea82f3970
2123,2048,true,attention_output_relative_L2,0.0021674043964594603,75,232e3b08d10919ca24932ad0a0135e46119ecfd5,aime24:p11:s0:seed11042,489c942f86b4d5ae23c611c59e5f243cac4e99bd6697b73b14def62ea82f3970
2123,2048,true,attention_output_MAE,0.0031221501994878054,75,232e3b08d10919ca24932ad0a0135e46119ecfd5,aime24:p11:s0:seed11042,489c942f86b4d5ae23c611c59e5f243cac4e99bd6697b73b14def62ea82f3970
2123,2048,true,post_WO_relative_L2,0.0021674043964594603,75,232e3b08d10919ca24932ad0a0135e46119ecfd5,aime24:p11:s0:seed11042,489c942f86b4d5ae23c611c59e5f243cac4e99bd6697b73b14def62ea82f3970
2123,2048,true,raw_next_token_KL,4.339854697832379e-08,75,232e3b08d10919ca24932ad0a0135e46119ecfd5,aime24:p11:s0:seed11042,489c942f86b4d5ae23c611c59e5f243cac4e99bd6697b73b14def62ea82f3970
2123,2048,true,raw_next_token_JS,1.5377729312149313e-08,75,232e3b08d10919ca24932ad0a0135e46119ecfd5,aime24:p11:s0:seed11042,489c942f86b4d5ae23c611c59e5f243cac4e99bd6697b73b14def62ea82f3970
2123,2048,true,clamped_next_token_KL,4.339854697832379e-08,75,232e3b08d10919ca24932ad0a0135e46119ecfd5,aime24:p11:s0:seed11042,489c942f86b4d5ae23c611c59e5f243cac4e99bd6697b73b14def62ea82f3970
2123,2048,true,clamped_next_token_JS,1.5377729312149313e-08,75,232e3b08d10919ca24932ad0a0135e46119ecfd5,aime24:p11:s0:seed11042,489c942f86b4d5ae23c611c59e5f243cac4e99bd6697b73b14def62ea82f3970
4171,4096,true,next_token_KL,1.385954692523228e-05,75,232e3b08d10919ca24932ad0a0135e46119ecfd5,aime24:p11:s0:seed11042,489c942f86b4d5ae23c611c59e5f243cac4e99bd6697b73b14def62ea82f3970
4171,4096,true,next_token_JS,3.4427082482579863e-06,75,232e3b08d10919ca24932ad0a0135e46119ecfd5,aime24:p11:s0:seed11042,489c942f86b4d5ae23c611c59e5f243cac4e99bd6697b73b14def62ea82f3970
4171,4096,true,logit_max_abs_diff,0.0234375,75,232e3b08d10919ca24932ad0a0135e46119ecfd5,aime24:p11:s0:seed11042,489c942f86b4d5ae23c611c59e5f243cac4e99bd6697b73b14def62ea82f3970
4171,4096,true,logit_mean_abs_diff,0.0034176427870988846,75,232e3b08d10919ca24932ad0a0135e46119ecfd5,aime24:p11:s0:seed11042,489c942f86b4d5ae23c611c59e5f243cac4e99bd6697b73b14def62ea82f3970
4171,4096,true,top1_agreement,True,75,232e3b08d10919ca24932ad0a0135e46119ecfd5,aime24:p11:s0:seed11042,489c942f86b4d5ae23c611c59e5f243cac4e99bd6697b73b14def62ea82f3970
4171,4096,true,top1_disagreement,0.0,75,232e3b08d10919ca24932ad0a0135e46119ecfd5,aime24:p11:s0:seed11042,489c942f86b4d5ae23c611c59e5f243cac4e99bd6697b73b14def62ea82f3970
4171,4096,true,target_token_NLL_delta,-0.001972705125808716,75,232e3b08d10919ca24932ad0a0135e46119ecfd5,aime24:p11:s0:seed11042,489c942f86b4d5ae23c611c59e5f243cac4e99bd6697b73b14def62ea82f3970
4171,4096,true,hidden_relative_L2,0.002189431805163622,75,232e3b08d10919ca24932ad0a0135e46119ecfd5,aime24:p11:s0:seed11042,489c942f86b4d5ae23c611c59e5f243cac4e99bd6697b73b14def62ea82f3970
4171,4096,true,hidden_MAE,0.0037096813321113586,75,232e3b08d10919ca24932ad0a0135e46119ecfd5,aime24:p11:s0:seed11042,489c942f86b4d5ae23c611c59e5f243cac4e99bd6697b73b14def62ea82f3970
4171,4096,true,hidden_cosine,0.9999974370002747,75,232e3b08d10919ca24932ad0a0135e46119ecfd5,aime24:p11:s0:seed11042,489c942f86b4d5ae23c611c59e5f243cac4e99bd6697b73b14def62ea82f3970
4171,4096,true,hidden_cosine_loss,2.562999725341797e-06,75,232e3b08d10919ca24932ad0a0135e46119ecfd5,aime24:p11:s0:seed11042,489c942f86b4d5ae23c611c59e5f243cac4e99bd6697b73b14def62ea82f3970
4171,4096,true,attention_output_relative_L2,0.002189431805163622,75,232e3b08d10919ca24932ad0a0135e46119ecfd5,aime24:p11:s0:seed11042,489c942f86b4d5ae23c611c59e5f243cac4e99bd6697b73b14def62ea82f3970
4171,4096,true,attention_output_MAE,0.0037096813321113586,75,232e3b08d10919ca24932ad0a0135e46119ecfd5,aime24:p11:s0:seed11042,489c942f86b4d5ae23c611c59e5f243cac4e99bd6697b73b14def62ea82f3970
4171,4096,true,post_WO_relative_L2,0.002189431805163622,75,232e3b08d10919ca24932ad0a0135e46119ecfd5,aime24:p11:s0:seed11042,489c942f86b4d5ae23c611c59e5f243cac4e99bd6697b73b14def62ea82f3970
4171,4096,true,raw_next_token_KL,1.385954692523228e-05,75,232e3b08d10919ca24932ad0a0135e46119ecfd5,aime24:p11:s0:seed11042,489c942f86b4d5ae23c611c59e5f243cac4e99bd6697b73b14def62ea82f3970
4171,4096,true,raw_next_token_JS,3.4427082482579863e-06,75,232e3b08d10919ca24932ad0a0135e46119ecfd5,aime24:p11:s0:seed11042,489c942f86b4d5ae23c611c59e5f243cac4e99bd6697b73b14def62ea82f3970
4171,4096,true,clamped_next_token_KL,1.385954692523228e-05,75,232e3b08d10919ca24932ad0a0135e46119ecfd5,aime24:p11:s0:seed11042,489c942f86b4d5ae23c611c59e5f243cac4e99bd6697b73b14def62ea82f3970
4171,4096,true,clamped_next_token_JS,3.4427082482579863e-06,75,232e3b08d10919ca24932ad0a0135e46119ecfd5,aime24:p11:s0:seed11042,489c942f86b4d5ae23c611c59e5f243cac4e99bd6697b73b14def62ea82f3970
192,128,true,next_token_KL,9.578105846230756e-07,64,232e3b08d10919ca24932ad0a0135e46119ecfd5,aime24:p12:s1:seed12043,ca87cac4db8eb8d9ae8695bf4f4fad1775a3bf9b28fe340c3d7c22f6212eb615
192,128,true,next_token_JS,2.737868101121421e-07,64,232e3b08d10919ca24932ad0a0135e46119ecfd5,aime24:p12:s1:seed12043,ca87cac4db8eb8d9ae8695bf4f4fad1775a3bf9b28fe340c3d7c22f6212eb615
192,128,true,logit_max_abs_diff,0.017333984375,64,232e3b08d10919ca24932ad0a0135e46119ecfd5,aime24:p12:s1:seed12043,ca87cac4db8eb8d9ae8695bf4f4fad1775a3bf9b28fe340c3d7c22f6212eb615
192,128,true,logit_mean_abs_diff,0.002444662619382143,64,232e3b08d10919ca24932ad0a0135e46119ecfd5,aime24:p12:s1:seed12043,ca87cac4db8eb8d9ae8695bf4f4fad1775a3bf9b28fe340c3d7c22f6212eb615
192,128,true,top1_agreement,True,64,232e3b08d10919ca24932ad0a0135e46119ecfd5,aime24:p12:s1:seed12043,ca87cac4db8eb8d9ae8695bf4f4fad1775a3bf9b28fe340c3d7c22f6212eb615
192,128,true,top1_disagreement,0.0,64,232e3b08d10919ca24932ad0a0135e46119ecfd5,aime24:p12:s1:seed12043,ca87cac4db8eb8d9ae8695bf4f4fad1775a3bf9b28fe340c3d7c22f6212eb615
192,128,true,target_token_NLL_delta,-0.0001361370086669922,64,232e3b08d10919ca24932ad0a0135e46119ecfd5,aime24:p12:s1:seed12043,ca87cac4db8eb8d9ae8695bf4f4fad1775a3bf9b28fe340c3d7c22f6212eb615
192,128,true,hidden_relative_L2,0.0017382275545969605,64,232e3b08d10919ca24932ad0a0135e46119ecfd5,aime24:p12:s1:seed12043,ca87cac4db8eb8d9ae8695bf4f4fad1775a3bf9b28fe340c3d7c22f6212eb615
192,128,true,hidden_MAE,0.0027133680414408445,64,232e3b08d10919ca24932ad0a0135e46119ecfd5,aime24:p12:s1:seed12043,ca87cac4db8eb8d9ae8695bf4f4fad1775a3bf9b28fe340c3d7c22f6212eb615
192,128,true,hidden_cosine,0.9999980926513672,64,232e3b08d10919ca24932ad0a0135e46119ecfd5,aime24:p12:s1:seed12043,ca87cac4db8eb8d9ae8695bf4f4fad1775a3bf9b28fe340c3d7c22f6212eb615
192,128,true,hidden_cosine_loss,1.9073486328125e-06,64,232e3b08d10919ca24932ad0a0135e46119ecfd5,aime24:p12:s1:seed12043,ca87cac4db8eb8d9ae8695bf4f4fad1775a3bf9b28fe340c3d7c22f6212eb615
192,128,true,attention_output_relative_L2,0.0017382275545969605,64,232e3b08d10919ca24932ad0a0135e46119ecfd5,aime24:p12:s1:seed12043,ca87cac4db8eb8d9ae8695bf4f4fad1775a3bf9b28fe340c3d7c22f6212eb615
192,128,true,attention_output_MAE,0.0027133680414408445,64,232e3b08d10919ca24932ad0a0135e46119ecfd5,aime24:p12:s1:seed12043,ca87cac4db8eb8d9ae8695bf4f4fad1775a3bf9b28fe340c3d7c22f6212eb615
192,128,true,post_WO_relative_L2,0.0017382275545969605,64,232e3b08d10919ca24932ad0a0135e46119ecfd5,aime24:p12:s1:seed12043,ca87cac4db8eb8d9ae8695bf4f4fad1775a3bf9b28fe340c3d7c22f6212eb615
192,128,true,raw_next_token_KL,9.578105846230756e-07,64,232e3b08d10919ca24932ad0a0135e46119ecfd5,aime24:p12:s1:seed12043,ca87cac4db8eb8d9ae8695bf4f4fad1775a3bf9b28fe340c3d7c22f6212eb615
192,128,true,raw_next_token_JS,2.737868101121421e-07,64,232e3b08d10919ca24932ad0a0135e46119ecfd5,aime24:p12:s1:seed12043,ca87cac4db8eb8d9ae8695bf4f4fad1775a3bf9b28fe340c3d7c22f6212eb615
192,128,true,clamped_next_token_KL,9.578105846230756e-07,64,232e3b08d10919ca24932ad0a0135e46119ecfd5,aime24:p12:s1:seed12043,ca87cac4db8eb8d9ae8695bf4f4fad1775a3bf9b28fe340c3d7c22f6212eb615
192,128,true,clamped_next_token_JS,2.737868101121421e-07,64,232e3b08d10919ca24932ad0a0135e46119ecfd5,aime24:p12:s1:seed12043,ca87cac4db8eb8d9ae8695bf4f4fad1775a3bf9b28fe340c3d7c22f6212eb615
576,512,true,next_token_KL,2.292692443006672e-05,64,232e3b08d10919ca24932ad0a0135e46119ecfd5,aime24:p12:s1:seed12043,ca87cac4db8eb8d9ae8695bf4f4fad1775a3bf9b28fe340c3d7c22f6212eb615
576,512,true,next_token_JS,5.693091225111857e-06,64,232e3b08d10919ca24932ad0a0135e46119ecfd5,aime24:p12:s1:seed12043,ca87cac4db8eb8d9ae8695bf4f4fad1775a3bf9b28fe340c3d7c22f6212eb615
576,512,true,logit_max_abs_diff,0.021484375,64,232e3b08d10919ca24932ad0a0135e46119ecfd5,aime24:p12:s1:seed12043,ca87cac4db8eb8d9ae8695bf4f4fad1775a3bf9b28fe340c3d7c22f6212eb615
576,512,true,logit_mean_abs_diff,0.003486375091597438,64,232e3b08d10919ca24932ad0a0135e46119ecfd5,aime24:p12:s1:seed12043,ca87cac4db8eb8d9ae8695bf4f4fad1775a3bf9b28fe340c3d7c22f6212eb615
576,512,true,top1_agreement,True,64,232e3b08d10919ca24932ad0a0135e46119ecfd5,aime24:p12:s1:seed12043,ca87cac4db8eb8d9ae8695bf4f4fad1775a3bf9b28fe340c3d7c22f6212eb615
576,512,true,top1_disagreement,0.0,64,232e3b08d10919ca24932ad0a0135e46119ecfd5,aime24:p12:s1:seed12043,ca87cac4db8eb8d9ae8695bf4f4fad1775a3bf9b28fe340c3d7c22f6212eb615
576,512,true,target_token_NLL_delta,0.003888726234436035,64,232e3b08d10919ca24932ad0a0135e46119ecfd5,aime24:p12:s1:seed12043,ca87cac4db8eb8d9ae8695bf4f4fad1775a3bf9b28fe340c3d7c22f6212eb615
576,512,true,hidden_relative_L2,0.0027414835058152676,64,232e3b08d10919ca24932ad0a0135e46119ecfd5,aime24:p12:s1:seed12043,ca87cac4db8eb8d9ae8695bf4f4fad1775a3bf9b28fe340c3d7c22f6212eb615
576,512,true,hidden_MAE,0.004032510798424482,64,232e3b08d10919ca24932ad0a0135e46119ecfd5,aime24:p12:s1:seed12043,ca87cac4db8eb8d9ae8695bf4f4fad1775a3bf9b28fe340c3d7c22f6212eb615
576,512,true,hidden_cosine,0.9999960660934448,64,232e3b08d10919ca24932ad0a0135e46119ecfd5,aime24:p12:s1:seed12043,ca87cac4db8eb8d9ae8695bf4f4fad1775a3bf9b28fe340c3d7c22f6212eb615
576,512,true,hidden_cosine_loss,3.933906555175781e-06,64,232e3b08d10919ca24932ad0a0135e46119ecfd5,aime24:p12:s1:seed12043,ca87cac4db8eb8d9ae8695bf4f4fad1775a3bf9b28fe340c3d7c22f6212eb615
576,512,true,attention_output_relative_L2,0.0027414835058152676,64,232e3b08d10919ca24932ad0a0135e46119ecfd5,aime24:p12:s1:seed12043,ca87cac4db8eb8d9ae8695bf4f4fad1775a3bf9b28fe340c3d7c22f6212eb615
576,512,true,attention_output_MAE,0.004032510798424482,64,232e3b08d10919ca24932ad0a0135e46119ecfd5,aime24:p12:s1:seed12043,ca87cac4db8eb8d9ae8695bf4f4fad1775a3bf9b28fe340c3d7c22f6212eb615
576,512,true,post_WO_relative_L2,0.0027414835058152676,64,232e3b08d10919ca24932ad0a0135e46119ecfd5,aime24:p12:s1:seed12043,ca87cac4db8eb8d9ae8695bf4f4fad1775a3bf9b28fe340c3d7c22f6212eb615
576,512,true,raw_next_token_KL,2.292692443006672e-05,64,232e3b08d10919ca24932ad0a0135e46119ecfd5,aime24:p12:s1:seed12043,ca87cac4db8eb8d9ae8695bf4f4fad1775a3bf9b28fe340c3d7c22f6212eb615
576,512,true,raw_next_token_JS,5.693091225111857e-06,64,232e3b08d10919ca24932ad0a0135e46119ecfd5,aime24:p12:s1:seed12043,ca87cac4db8eb8d9ae8695bf4f4fad1775a3bf9b28fe340c3d7c22f6212eb615
576,512,true,clamped_next_token_KL,2.292692443006672e-05,64,232e3b08d10919ca24932ad0a0135e46119ecfd5,aime24:p12:s1:seed12043,ca87cac4db8eb8d9ae8695bf4f4fad1775a3bf9b28fe340c3d7c22f6212eb615
576,512,true,clamped_next_token_JS,5.693091225111857e-06,64,232e3b08d10919ca24932ad0a0135e46119ecfd5,aime24:p12:s1:seed12043,ca87cac4db8eb8d9ae8695bf4f4fad1775a3bf9b28fe340c3d7c22f6212eb615
1088,1024,true,next_token_KL,6.533537998620886e-06,64,232e3b08d10919ca24932ad0a0135e46119ecfd5,aime24:p12:s1:seed12043,ca87cac4db8eb8d9ae8695bf4f4fad1775a3bf9b28fe340c3d7c22f6212eb615
1088,1024,true,next_token_JS,1.5662808436900377e-06,64,232e3b08d10919ca24932ad0a0135e46119ecfd5,aime24:p12:s1:seed12043,ca87cac4db8eb8d9ae8695bf4f4fad1775a3bf9b28fe340c3d7c22f6212eb615
1088,1024,true,logit_max_abs_diff,0.015625,64,232e3b08d10919ca24932ad0a0135e46119ecfd5,aime24:p12:s1:seed12043,ca87cac4db8eb8d9ae8695bf4f4fad1775a3bf9b28fe340c3d7c22f6212eb615
1088,1024,true,logit_mean_abs_diff,0.0020898468792438507,64,232e3b08d10919ca24932ad0a0135e46119ecfd5,aime24:p12:s1:seed12043,ca87cac4db8eb8d9ae8695bf4f4fad1775a3bf9b28fe340c3d7c22f6212eb615
1088,1024,true,top1_agreement,True,64,232e3b08d10919ca24932ad0a0135e46119ecfd5,aime24:p12:s1:seed12043,ca87cac4db8eb8d9ae8695bf4f4fad1775a3bf9b28fe340c3d7c22f6212eb615
1088,1024,true,top1_disagreement,0.0,64,232e3b08d10919ca24932ad0a0135e46119ecfd5,aime24:p12:s1:seed12043,ca87cac4db8eb8d9ae8695bf4f4fad1775a3bf9b28fe340c3d7c22f6212eb615
1088,1024,true,target_token_NLL_delta,0.0008494965732097626,64,232e3b08d10919ca24932ad0a0135e46119ecfd5,aime24:p12:s1:seed12043,ca87cac4db8eb8d9ae8695bf4f4fad1775a3bf9b28fe340c3d7c22f6212eb615
1088,1024,true,hidden_relative_L2,0.0015397871611639857,64,232e3b08d10919ca24932ad0a0135e46119ecfd5,aime24:p12:s1:seed12043,ca87cac4db8eb8d9ae8695bf4f4fad1775a3bf9b28fe340c3d7c22f6212eb615
1088,1024,true,hidden_MAE,0.001961448462679982,64,232e3b08d10919ca24932ad0a0135e46119ecfd5,aime24:p12:s1:seed12043,ca87cac4db8eb8d9ae8695bf4f4fad1775a3bf9b28fe340c3d7c22f6212eb615
1088,1024,true,hidden_cosine,0.9999984502792358,64,232e3b08d10919ca24932ad0a0135e46119ecfd5,aime24:p12:s1:seed12043,ca87cac4db8eb8d9ae8695bf4f4fad1775a3bf9b28fe340c3d7c22f6212eb615
1088,1024,true,hidden_cosine_loss,1.5497207641601562e-06,64,232e3b08d10919ca24932ad0a0135e46119ecfd5,aime24:p12:s1:seed12043,ca87cac4db8eb8d9ae8695bf4f4fad1775a3bf9b28fe340c3d7c22f6212eb615
1088,1024,true,attention_output_relative_L2,0.0015397871611639857,64,232e3b08d10919ca24932ad0a0135e46119ecfd5,aime24:p12:s1:seed12043,ca87cac4db8eb8d9ae8695bf4f4fad1775a3bf9b28fe340c3d7c22f6212eb615
1088,1024,true,attention_output_MAE,0.001961448462679982,64,232e3b08d10919ca24932ad0a0135e46119ecfd5,aime24:p12:s1:seed12043,ca87cac4db8eb8d9ae8695bf4f4fad1775a3bf9b28fe340c3d7c22f6212eb615
1088,1024,true,post_WO_relative_L2,0.0015397871611639857,64,232e3b08d10919ca24932ad0a0135e46119ecfd5,aime24:p12:s1:seed12043,ca87cac4db8eb8d9ae8695bf4f4fad1775a3bf9b28fe340c3d7c22f6212eb615
1088,1024,true,raw_next_token_KL,6.533537998620886e-06,64,232e3b08d10919ca24932ad0a0135e46119ecfd5,aime24:p12:s1:seed12043,ca87cac4db8eb8d9ae8695bf4f4fad1775a3bf9b28fe340c3d7c22f6212eb615
1088,1024,true,raw_next_token_JS,1.5662808436900377e-06,64,232e3b08d10919ca24932ad0a0135e46119ecfd5,aime24:p12:s1:seed12043,ca87cac4db8eb8d9ae8695bf4f4fad1775a3bf9b28fe340c3d7c22f6212eb615
1088,1024,true,clamped_next_token_KL,6.533537998620886e-06,64,232e3b08d10919ca24932ad0a0135e46119ecfd5,aime24:p12:s1:seed12043,ca87cac4db8eb8d9ae8695bf4f4fad1775a3bf9b28fe340c3d7c22f6212eb615
1088,1024,true,clamped_next_token_JS,1.5662808436900377e-06,64,232e3b08d10919ca24932ad0a0135e46119ecfd5,aime24:p12:s1:seed12043,ca87cac4db8eb8d9ae8695bf4f4fad1775a3bf9b28fe340c3d7c22f6212eb615
2112,2048,true,next_token_KL,1.789752786862664e-05,64,232e3b08d10919ca24932ad0a0135e46119ecfd5,aime24:p12:s1:seed12043,ca87cac4db8eb8d9ae8695bf4f4fad1775a3bf9b28fe340c3d7c22f6212eb615
2112,2048,true,next_token_JS,4.426604391483124e-06,64,232e3b08d10919ca24932ad0a0135e46119ecfd5,aime24:p12:s1:seed12043,ca87cac4db8eb8d9ae8695bf4f4fad1775a3bf9b28fe340c3d7c22f6212eb615
2112,2048,true,logit_max_abs_diff,0.015625,64,232e3b08d10919ca24932ad0a0135e46119ecfd5,aime24:p12:s1:seed12043,ca87cac4db8eb8d9ae8695bf4f4fad1775a3bf9b28fe340c3d7c22f6212eb615
2112,2048,true,logit_mean_abs_diff,0.0018200812628492713,64,232e3b08d10919ca24932ad0a0135e46119ecfd5,aime24:p12:s1:seed12043,ca87cac4db8eb8d9ae8695bf4f4fad1775a3bf9b28fe340c3d7c22f6212eb615
2112,2048,true,top1_agreement,True,64,232e3b08d10919ca24932ad0a0135e46119ecfd5,aime24:p12:s1:seed12043,ca87cac4db8eb8d9ae8695bf4f4fad1775a3bf9b28fe340c3d7c22f6212eb615
2112,2048,true,top1_disagreement,0.0,64,232e3b08d10919ca24932ad0a0135e46119ecfd5,aime24:p12:s1:seed12043,ca87cac4db8eb8d9ae8695bf4f4fad1775a3bf9b28fe340c3d7c22f6212eb615
2112,2048,true,target_token_NLL_delta,0.0028058290481567383,64,232e3b08d10919ca24932ad0a0135e46119ecfd5,aime24:p12:s1:seed12043,ca87cac4db8eb8d9ae8695bf4f4fad1775a3bf9b28fe340c3d7c22f6212eb615
2112,2048,true,hidden_relative_L2,0.0013395807472988963,64,232e3b08d10919ca24932ad0a0135e46119ecfd5,aime24:p12:s1:seed12043,ca87cac4db8eb8d9ae8695bf4f4fad1775a3bf9b28fe340c3d7c22f6212eb615
2112,2048,true,hidden_MAE,0.001972977304831147,64,232e3b08d10919ca24932ad0a0135e46119ecfd5,aime24:p12:s1:seed12043,ca87cac4db8eb8d9ae8695bf4f4fad1775a3bf9b28fe340c3d7c22f6212eb615
2112,2048,true,hidden_cosine,0.999998927116394,64,232e3b08d10919ca24932ad0a0135e46119ecfd5,aime24:p12:s1:seed12043,ca87cac4db8eb8d9ae8695bf4f4fad1775a3bf9b28fe340c3d7c22f6212eb615
2112,2048,true,hidden_cosine_loss,1.0728836059570312e-06,64,232e3b08d10919ca24932ad0a0135e46119ecfd5,aime24:p12:s1:seed12043,ca87cac4db8eb8d9ae8695bf4f4fad1775a3bf9b28fe340c3d7c22f6212eb615
2112,2048,true,attention_output_relative_L2,0.0013395807472988963,64,232e3b08d10919ca24932ad0a0135e46119ecfd5,aime24:p12:s1:seed12043,ca87cac4db8eb8d9ae8695bf4f4fad1775a3bf9b28fe340c3d7c22f6212eb615
2112,2048,true,attention_output_MAE,0.001972977304831147,64,232e3b08d10919ca24932ad0a0135e46119ecfd5,aime24:p12:s1:seed12043,ca87cac4db8eb8d9ae8695bf4f4fad1775a3bf9b28fe340c3d7c22f6212eb615
2112,2048,true,post_WO_relative_L2,0.0013395807472988963,64,232e3b08d10919ca24932ad0a0135e46119ecfd5,aime24:p12:s1:seed12043,ca87cac4db8eb8d9ae8695bf4f4fad1775a3bf9b28fe340c3d7c22f6212eb615
2112,2048,true,raw_next_token_KL,1.789752786862664e-05,64,232e3b08d10919ca24932ad0a0135e46119ecfd5,aime24:p12:s1:seed12043,ca87cac4db8eb8d9ae8695bf4f4fad1775a3bf9b28fe340c3d7c22f6212eb615
2112,2048,true,raw_next_token_JS,4.426604391483124e-06,64,232e3b08d10919ca24932ad0a0135e46119ecfd5,aime24:p12:s1:seed12043,ca87cac4db8eb8d9ae8695bf4f4fad1775a3bf9b28fe340c3d7c22f6212eb615
2112,2048,true,clamped_next_token_KL,1.789752786862664e-05,64,232e3b08d10919ca24932ad0a0135e46119ecfd5,aime24:p12:s1:seed12043,ca87cac4db8eb8d9ae8695bf4f4fad1775a3bf9b28fe340c3d7c22f6212eb615
2112,2048,true,clamped_next_token_JS,4.426604391483124e-06,64,232e3b08d10919ca24932ad0a0135e46119ecfd5,aime24:p12:s1:seed12043,ca87cac4db8eb8d9ae8695bf4f4fad1775a3bf9b28fe340c3d7c22f6212eb615
4160,4096,true,next_token_KL,2.494548971299082e-05,64,232e3b08d10919ca24932ad0a0135e46119ecfd5,aime24:p12:s1:seed12043,ca87cac4db8eb8d9ae8695bf4f4fad1775a3bf9b28fe340c3d7c22f6212eb615
4160,4096,true,next_token_JS,6.131962436484173e-06,64,232e3b08d10919ca24932ad0a0135e46119ecfd5,aime24:p12:s1:seed12043,ca87cac4db8eb8d9ae8695bf4f4fad1775a3bf9b28fe340c3d7c22f6212eb615
4160,4096,true,logit_max_abs_diff,0.01953125,64,232e3b08d10919ca24932ad0a0135e46119ecfd5,aime24:p12:s1:seed12043,ca87cac4db8eb8d9ae8695bf4f4fad1775a3bf9b28fe340c3d7c22f6212eb615
4160,4096,true,logit_mean_abs_diff,0.0026356340385973454,64,232e3b08d10919ca24932ad0a0135e46119ecfd5,aime24:p12:s1:seed12043,ca87cac4db8eb8d9ae8695bf4f4fad1775a3bf9b28fe340c3d7c22f6212eb615
4160,4096,true,top1_agreement,True,64,232e3b08d10919ca24932ad0a0135e46119ecfd5,aime24:p12:s1:seed12043,ca87cac4db8eb8d9ae8695bf4f4fad1775a3bf9b28fe340c3d7c22f6212eb615
4160,4096,true,top1_disagreement,0.0,64,232e3b08d10919ca24932ad0a0135e46119ecfd5,aime24:p12:s1:seed12043,ca87cac4db8eb8d9ae8695bf4f4fad1775a3bf9b28fe340c3d7c22f6212eb615
4160,4096,true,target_token_NLL_delta,-0.004392564296722412,64,232e3b08d10919ca24932ad0a0135e46119ecfd5,aime24:p12:s1:seed12043,ca87cac4db8eb8d9ae8695bf4f4fad1775a3bf9b28fe340c3d7c22f6212eb615
4160,4096,true,hidden_relative_L2,0.0018038962734863162,64,232e3b08d10919ca24932ad0a0135e46119ecfd5,aime24:p12:s1:seed12043,ca87cac4db8eb8d9ae8695bf4f4fad1775a3bf9b28fe340c3d7c22f6212eb615
4160,4096,true,hidden_MAE,0.0030524861067533493,64,232e3b08d10919ca24932ad0a0135e46119ecfd5,aime24:p12:s1:seed12043,ca87cac4db8eb8d9ae8695bf4f4fad1775a3bf9b28fe340c3d7c22f6212eb615
4160,4096,true,hidden_cosine,0.999998152256012,64,232e3b08d10919ca24932ad0a0135e46119ecfd5,aime24:p12:s1:seed12043,ca87cac4db8eb8d9ae8695bf4f4fad1775a3bf9b28fe340c3d7c22f6212eb615
4160,4096,true,hidden_cosine_loss,1.8477439880371094e-06,64,232e3b08d10919ca24932ad0a0135e46119ecfd5,aime24:p12:s1:seed12043,ca87cac4db8eb8d9ae8695bf4f4fad1775a3bf9b28fe340c3d7c22f6212eb615
4160,4096,true,attention_output_relative_L2,0.0018038962734863162,64,232e3b08d10919ca24932ad0a0135e46119ecfd5,aime24:p12:s1:seed12043,ca87cac4db8eb8d9ae8695bf4f4fad1775a3bf9b28fe340c3d7c22f6212eb615
4160,4096,true,attention_output_MAE,0.0030524861067533493,64,232e3b08d10919ca24932ad0a0135e46119ecfd5,aime24:p12:s1:seed12043,ca87cac4db8eb8d9ae8695bf4f4fad1775a3bf9b28fe340c3d7c22f6212eb615
4160,4096,true,post_WO_relative_L2,0.0018038962734863162,64,232e3b08d10919ca24932ad0a0135e46119ecfd5,aime24:p12:s1:seed12043,ca87cac4db8eb8d9ae8695bf4f4fad1775a3bf9b28fe340c3d7c22f6212eb615
4160,4096,true,raw_next_token_KL,2.494548971299082e-05,64,232e3b08d10919ca24932ad0a0135e46119ecfd5,aime24:p12:s1:seed12043,ca87cac4db8eb8d9ae8695bf4f4fad1775a3bf9b28fe340c3d7c22f6212eb615
4160,4096,true,raw_next_token_JS,6.131962436484173e-06,64,232e3b08d10919ca24932ad0a0135e46119ecfd5,aime24:p12:s1:seed12043,ca87cac4db8eb8d9ae8695bf4f4fad1775a3bf9b28fe340c3d7c22f6212eb615
4160,4096,true,clamped_next_token_KL,2.494548971299082e-05,64,232e3b08d10919ca24932ad0a0135e46119ecfd5,aime24:p12:s1:seed12043,ca87cac4db8eb8d9ae8695bf4f4fad1775a3bf9b28fe340c3d7c22f6212eb615
4160,4096,true,clamped_next_token_JS,6.131962436484173e-06,64,232e3b08d10919ca24932ad0a0135e46119ecfd5,aime24:p12:s1:seed12043,ca87cac4db8eb8d9ae8695bf4f4fad1775a3bf9b28fe340c3d7c22f6212eb615
245,128,true,next_token_KL,2.2414252498492715e-07,117,232e3b08d10919ca24932ad0a0135e46119ecfd5,aime24:p6:s0:seed6042,3aaa4d1b0009ba297434f6ce9cc3b021533afdacc47013de66093911d7d70ffe
245,128,true,next_token_JS,1.1064934568594254e-07,117,232e3b08d10919ca24932ad0a0135e46119ecfd5,aime24:p6:s0:seed6042,3aaa4d1b0009ba297434f6ce9cc3b021533afdacc47013de66093911d7d70ffe
245,128,true,logit_max_abs_diff,0.01953125,117,232e3b08d10919ca24932ad0a0135e46119ecfd5,aime24:p6:s0:seed6042,3aaa4d1b0009ba297434f6ce9cc3b021533afdacc47013de66093911d7d70ffe
245,128,true,logit_mean_abs_diff,0.002829873003065586,117,232e3b08d10919ca24932ad0a0135e46119ecfd5,aime24:p6:s0:seed6042,3aaa4d1b0009ba297434f6ce9cc3b021533afdacc47013de66093911d7d70ffe
245,128,true,top1_agreement,True,117,232e3b08d10919ca24932ad0a0135e46119ecfd5,aime24:p6:s0:seed6042,3aaa4d1b0009ba297434f6ce9cc3b021533afdacc47013de66093911d7d70ffe
245,128,true,top1_disagreement,0.0,117,232e3b08d10919ca24932ad0a0135e46119ecfd5,aime24:p6:s0:seed6042,3aaa4d1b0009ba297434f6ce9cc3b021533afdacc47013de66093911d7d70ffe
245,128,true,target_token_NLL_delta,-5.167722702026367e-05,117,232e3b08d10919ca24932ad0a0135e46119ecfd5,aime24:p6:s0:seed6042,3aaa4d1b0009ba297434f6ce9cc3b021533afdacc47013de66093911d7d70ffe
245,128,true,hidden_relative_L2,0.002076705452054739,117,232e3b08d10919ca24932ad0a0135e46119ecfd5,aime24:p6:s0:seed6042,3aaa4d1b0009ba297434f6ce9cc3b021533afdacc47013de66093911d7d70ffe
245,128,true,hidden_MAE,0.0032430842984467745,117,232e3b08d10919ca24932ad0a0135e46119ecfd5,aime24:p6:s0:seed6042,3aaa4d1b0009ba297434f6ce9cc3b021533afdacc47013de66093911d7d70ffe
245,128,true,hidden_cosine,0.9999977946281433,117,232e3b08d10919ca24932ad0a0135e46119ecfd5,aime24:p6:s0:seed6042,3aaa4d1b0009ba297434f6ce9cc3b021533afdacc47013de66093911d7d70ffe
245,128,true,hidden_cosine_loss,2.205371856689453e-06,117,232e3b08d10919ca24932ad0a0135e46119ecfd5,aime24:p6:s0:seed6042,3aaa4d1b0009ba297434f6ce9cc3b021533afdacc47013de66093911d7d70ffe
245,128,true,attention_output_relative_L2,0.002076705452054739,117,232e3b08d10919ca24932ad0a0135e46119ecfd5,aime24:p6:s0:seed6042,3aaa4d1b0009ba297434f6ce9cc3b021533afdacc47013de66093911d7d70ffe
245,128,true,attention_output_MAE,0.0032430842984467745,117,232e3b08d10919ca24932ad0a0135e46119ecfd5,aime24:p6:s0:seed6042,3aaa4d1b0009ba297434f6ce9cc3b021533afdacc47013de66093911d7d70ffe
245,128,true,post_WO_relative_L2,0.002076705452054739,117,232e3b08d10919ca24932ad0a0135e46119ecfd5,aime24:p6:s0:seed6042,3aaa4d1b0009ba297434f6ce9cc3b021533afdacc47013de66093911d7d70ffe
245,128,true,raw_next_token_KL,2.2414252498492715e-07,117,232e3b08d10919ca24932ad0a0135e46119ecfd5,aime24:p6:s0:seed6042,3aaa4d1b0009ba297434f6ce9cc3b021533afdacc47013de66093911d7d70ffe
245,128,true,raw_next_token_JS,1.1064934568594254e-07,117,232e3b08d10919ca24932ad0a0135e46119ecfd5,aime24:p6:s0:seed6042,3aaa4d1b0009ba297434f6ce9cc3b021533afdacc47013de66093911d7d70ffe
245,128,true,clamped_next_token_KL,2.2414252498492715e-07,117,232e3b08d10919ca24932ad0a0135e46119ecfd5,aime24:p6:s0:seed6042,3aaa4d1b0009ba297434f6ce9cc3b021533afdacc47013de66093911d7d70ffe
245,128,true,clamped_next_token_JS,1.1064934568594254e-07,117,232e3b08d10919ca24932ad0a0135e46119ecfd5,aime24:p6:s0:seed6042,3aaa4d1b0009ba297434f6ce9cc3b021533afdacc47013de66093911d7d70ffe
629,512,true,next_token_KL,2.219776540357543e-08,117,232e3b08d10919ca24932ad0a0135e46119ecfd5,aime24:p6:s0:seed6042,3aaa4d1b0009ba297434f6ce9cc3b021533afdacc47013de66093911d7d70ffe
629,512,true,next_token_JS,-2.032541601693083e-08,117,232e3b08d10919ca24932ad0a0135e46119ecfd5,aime24:p6:s0:seed6042,3aaa4d1b0009ba297434f6ce9cc3b021533afdacc47013de66093911d7d70ffe
629,512,true,logit_max_abs_diff,0.021484375,117,232e3b08d10919ca24932ad0a0135e46119ecfd5,aime24:p6:s0:seed6042,3aaa4d1b0009ba297434f6ce9cc3b021533afdacc47013de66093911d7d70ffe
629,512,true,logit_mean_abs_diff,0.003393531544134021,117,232e3b08d10919ca24932ad0a0135e46119ecfd5,aime24:p6:s0:seed6042,3aaa4d1b0009ba297434f6ce9cc3b021533afdacc47013de66093911d7d70ffe
629,512,true,top1_agreement,True,117,232e3b08d10919ca24932ad0a0135e46119ecfd5,aime24:p6:s0:seed6042,3aaa4d1b0009ba297434f6ce9cc3b021533afdacc47013de66093911d7d70ffe
629,512,true,top1_disagreement,0.0,117,232e3b08d10919ca24932ad0a0135e46119ecfd5,aime24:p6:s0:seed6042,3aaa4d1b0009ba297434f6ce9cc3b021533afdacc47013de66093911d7d70ffe
629,512,true,target_token_NLL_delta,0.0,117,232e3b08d10919ca24932ad0a0135e46119ecfd5,aime24:p6:s0:seed6042,3aaa4d1b0009ba297434f6ce9cc3b021533afdacc47013de66093911d7d70ffe
629,512,true,hidden_relative_L2,0.0027182702906429768,117,232e3b08d10919ca24932ad0a0135e46119ecfd5,aime24:p6:s0:seed6042,3aaa4d1b0009ba297434f6ce9cc3b021533afdacc47013de66093911d7d70ffe
629,512,true,hidden_MAE,0.003948169760406017,117,232e3b08d10919ca24932ad0a0135e46119ecfd5,aime24:p6:s0:seed6042,3aaa4d1b0009ba297434f6ce9cc3b021533afdacc47013de66093911d7d70ffe
629,512,true,hidden_cosine,0.9999959468841553,117,232e3b08d10919ca24932ad0a0135e46119ecfd5,aime24:p6:s0:seed6042,3aaa4d1b0009ba297434f6ce9cc3b021533afdacc47013de66093911d7d70ffe
629,512,true,hidden_cosine_loss,4.0531158447265625e-06,117,232e3b08d10919ca24932ad0a0135e46119ecfd5,aime24:p6:s0:seed6042,3aaa4d1b0009ba297434f6ce9cc3b021533afdacc47013de66093911d7d70ffe
629,512,true,attention_output_relative_L2,0.0027182702906429768,117,232e3b08d10919ca24932ad0a0135e46119ecfd5,aime24:p6:s0:seed6042,3aaa4d1b0009ba297434f6ce9cc3b021533afdacc47013de66093911d7d70ffe
629,512,true,attention_output_MAE,0.003948169760406017,117,232e3b08d10919ca24932ad0a0135e46119ecfd5,aime24:p6:s0:seed6042,3aaa4d1b0009ba297434f6ce9cc3b021533afdacc47013de66093911d7d70ffe
629,512,true,post_WO_relative_L2,0.0027182702906429768,117,232e3b08d10919ca24932ad0a0135e46119ecfd5,aime24:p6:s0:seed6042,3aaa4d1b0009ba297434f6ce9cc3b021533afdacc47013de66093911d7d70ffe
629,512,true,raw_next_token_KL,2.219776540357543e-08,117,232e3b08d10919ca24932ad0a0135e46119ecfd5,aime24:p6:s0:seed6042,3aaa4d1b0009ba297434f6ce9cc3b021533afdacc47013de66093911d7d70ffe
629,512,true,raw_next_token_JS,-2.032541601693083e-08,117,232e3b08d10919ca24932ad0a0135e46119ecfd5,aime24:p6:s0:seed6042,3aaa4d1b0009ba297434f6ce9cc3b021533afdacc47013de66093911d7d70ffe
629,512,true,clamped_next_token_KL,2.219776540357543e-08,117,232e3b08d10919ca24932ad0a0135e46119ecfd5,aime24:p6:s0:seed6042,3aaa4d1b0009ba297434f6ce9cc3b021533afdacc47013de66093911d7d70ffe
629,512,true,clamped_next_token_JS,0.0,117,232e3b08d10919ca24932ad0a0135e46119ecfd5,aime24:p6:s0:seed6042,3aaa4d1b0009ba297434f6ce9cc3b021533afdacc47013de66093911d7d70ffe
1141,1024,true,next_token_KL,1.9012937002571562e-07,117,232e3b08d10919ca24932ad0a0135e46119ecfd5,aime24:p6:s0:seed6042,3aaa4d1b0009ba297434f6ce9cc3b021533afdacc47013de66093911d7d70ffe
1141,1024,true,next_token_JS,-2.6963316912542723e-08,117,232e3b08d10919ca24932ad0a0135e46119ecfd5,aime24:p6:s0:seed6042,3aaa4d1b0009ba297434f6ce9cc3b021533afdacc47013de66093911d7d70ffe
1141,1024,true,logit_max_abs_diff,0.017578125,117,232e3b08d10919ca24932ad0a0135e46119ecfd5,aime24:p6:s0:seed6042,3aaa4d1b0009ba297434f6ce9cc3b021533afdacc47013de66093911d7d70ffe
1141,1024,true,logit_mean_abs_diff,0.003157659200951457,117,232e3b08d10919ca24932ad0a0135e46119ecfd5,aime24:p6:s0:seed6042,3aaa4d1b0009ba297434f6ce9cc3b021533afdacc47013de66093911d7d70ffe
1141,1024,true,top1_agreement,True,117,232e3b08d10919ca24932ad0a0135e46119ecfd5,aime24:p6:s0:seed6042,3aaa4d1b0009ba297434f6ce9cc3b021533afdacc47013de66093911d7d70ffe
1141,1024,true,top1_disagreement,0.0,117,232e3b08d10919ca24932ad0a0135e46119ecfd5,aime24:p6:s0:seed6042,3aaa4d1b0009ba297434f6ce9cc3b021533afdacc47013de66093911d7d70ffe
1141,1024,true,target_token_NLL_delta,7.972121238708496e-07,117,232e3b08d10919ca24932ad0a0135e46119ecfd5,aime24:p6:s0:seed6042,3aaa4d1b0009ba297434f6ce9cc3b021533afdacc47013de66093911d7d70ffe
1141,1024,true,hidden_relative_L2,0.002007722621783614,117,232e3b08d10919ca24932ad0a0135e46119ecfd5,aime24:p6:s0:seed6042,3aaa4d1b0009ba297434f6ce9cc3b021533afdacc47013de66093911d7d70ffe
1141,1024,true,hidden_MAE,0.0030102101154625416,117,232e3b08d10919ca24932ad0a0135e46119ecfd5,aime24:p6:s0:seed6042,3aaa4d1b0009ba297434f6ce9cc3b021533afdacc47013de66093911d7d70ffe
1141,1024,true,hidden_cosine,0.9999977946281433,117,232e3b08d10919ca24932ad0a0135e46119ecfd5,aime24:p6:s0:seed6042,3aaa4d1b0009ba297434f6ce9cc3b021533afdacc47013de66093911d7d70ffe
1141,1024,true,hidden_cosine_loss,2.205371856689453e-06,117,232e3b08d10919ca24932ad0a0135e46119ecfd5,aime24:p6:s0:seed6042,3aaa4d1b0009ba297434f6ce9cc3b021533afdacc47013de66093911d7d70ffe
1141,1024,true,attention_output_relative_L2,0.002007722621783614,117,232e3b08d10919ca24932ad0a0135e46119ecfd5,aime24:p6:s0:seed6042,3aaa4d1b0009ba297434f6ce9cc3b021533afdacc47013de66093911d7d70ffe
1141,1024,true,attention_output_MAE,0.0030102101154625416,117,232e3b08d10919ca24932ad0a0135e46119ecfd5,aime24:p6:s0:seed6042,3aaa4d1b0009ba297434f6ce9cc3b021533afdacc47013de66093911d7d70ffe
1141,1024,true,post_WO_relative_L2,0.002007722621783614,117,232e3b08d10919ca24932ad0a0135e46119ecfd5,aime24:p6:s0:seed6042,3aaa4d1b0009ba297434f6ce9cc3b021533afdacc47013de66093911d7d70ffe
1141,1024,true,raw_next_token_KL,1.9012937002571562e-07,117,232e3b08d10919ca24932ad0a0135e46119ecfd5,aime24:p6:s0:seed6042,3aaa4d1b0009ba297434f6ce9cc3b021533afdacc47013de66093911d7d70ffe
1141,1024,true,raw_next_token_JS,-2.6963316912542723e-08,117,232e3b08d10919ca24932ad0a0135e46119ecfd5,aime24:p6:s0:seed6042,3aaa4d1b0009ba297434f6ce9cc3b021533afdacc47013de66093911d7d70ffe
1141,1024,true,clamped_next_token_KL,1.9012937002571562e-07,117,232e3b08d10919ca24932ad0a0135e46119ecfd5,aime24:p6:s0:seed6042,3aaa4d1b0009ba297434f6ce9cc3b021533afdacc47013de66093911d7d70ffe
1141,1024,true,clamped_next_token_JS,0.0,117,232e3b08d10919ca24932ad0a0135e46119ecfd5,aime24:p6:s0:seed6042,3aaa4d1b0009ba297434f6ce9cc3b021533afdacc47013de66093911d7d70ffe
2165,2048,true,next_token_KL,3.279972959902011e-09,117,232e3b08d10919ca24932ad0a0135e46119ecfd5,aime24:p6:s0:seed6042,3aaa4d1b0009ba297434f6ce9cc3b021533afdacc47013de66093911d7d70ffe
2165,2048,true,next_token_JS,-4.722904289877761e-09,117,232e3b08d10919ca24932ad0a0135e46119ecfd5,aime24:p6:s0:seed6042,3aaa4d1b0009ba297434f6ce9cc3b021533afdacc47013de66093911d7d70ffe
2165,2048,true,logit_max_abs_diff,0.01611328125,117,232e3b08d10919ca24932ad0a0135e46119ecfd5,aime24:p6:s0:seed6042,3aaa4d1b0009ba297434f6ce9cc3b021533afdacc47013de66093911d7d70ffe
2165,2048,true,logit_mean_abs_diff,0.002569647738710046,117,232e3b08d10919ca24932ad0a0135e46119ecfd5,aime24:p6:s0:seed6042,3aaa4d1b0009ba297434f6ce9cc3b021533afdacc47013de66093911d7d70ffe
2165,2048,true,top1_agreement,True,117,232e3b08d10919ca24932ad0a0135e46119ecfd5,aime24:p6:s0:seed6042,3aaa4d1b0009ba297434f6ce9cc3b021533afdacc47013de66093911d7d70ffe
2165,2048,true,top1_disagreement,0.0,117,232e3b08d10919ca24932ad0a0135e46119ecfd5,aime24:p6:s0:seed6042,3aaa4d1b0009ba297434f6ce9cc3b021533afdacc47013de66093911d7d70ffe
2165,2048,true,target_token_NLL_delta,-1.1909287422895432e-07,117,232e3b08d10919ca24932ad0a0135e46119ecfd5,aime24:p6:s0:seed6042,3aaa4d1b0009ba297434f6ce9cc3b021533afdacc47013de66093911d7d70ffe
2165,2048,true,hidden_relative_L2,0.002100819954648614,117,232e3b08d10919ca24932ad0a0135e46119ecfd5,aime24:p6:s0:seed6042,3aaa4d1b0009ba297434f6ce9cc3b021533afdacc47013de66093911d7d70ffe
2165,2048,true,hidden_MAE,0.0029044318944215775,117,232e3b08d10919ca24932ad0a0135e46119ecfd5,aime24:p6:s0:seed6042,3aaa4d1b0009ba297434f6ce9cc3b021533afdacc47013de66093911d7d70ffe
2165,2048,true,hidden_cosine,0.9999974370002747,117,232e3b08d10919ca24932ad0a0135e46119ecfd5,aime24:p6:s0:seed6042,3aaa4d1b0009ba297434f6ce9cc3b021533afdacc47013de66093911d7d70ffe
2165,2048,true,hidden_cosine_loss,2.562999725341797e-06,117,232e3b08d10919ca24932ad0a0135e46119ecfd5,aime24:p6:s0:seed6042,3aaa4d1b0009ba297434f6ce9cc3b021533afdacc47013de66093911d7d70ffe
2165,2048,true,attention_output_relative_L2,0.002100819954648614,117,232e3b08d10919ca24932ad0a0135e46119ecfd5,aime24:p6:s0:seed6042,3aaa4d1b0009ba297434f6ce9cc3b021533afdacc47013de66093911d7d70ffe
2165,2048,true,attention_output_MAE,0.0029044318944215775,117,232e3b08d10919ca24932ad0a0135e46119ecfd5,aime24:p6:s0:seed6042,3aaa4d1b0009ba297434f6ce9cc3b021533afdacc47013de66093911d7d70ffe
2165,2048,true,post_WO_relative_L2,0.002100819954648614,117,232e3b08d10919ca24932ad0a0135e46119ecfd5,aime24:p6:s0:seed6042,3aaa4d1b0009ba297434f6ce9cc3b021533afdacc47013de66093911d7d70ffe
2165,2048,true,raw_next_token_KL,3.279972959902011e-09,117,232e3b08d10919ca24932ad0a0135e46119ecfd5,aime24:p6:s0:seed6042,3aaa4d1b0009ba297434f6ce9cc3b021533afdacc47013de66093911d7d70ffe
2165,2048,true,raw_next_token_JS,-4.722904289877761e-09,117,232e3b08d10919ca24932ad0a0135e46119ecfd5,aime24:p6:s0:seed6042,3aaa4d1b0009ba297434f6ce9cc3b021533afdacc47013de66093911d7d70ffe
2165,2048,true,clamped_next_token_KL,3.279972959902011e-09,117,232e3b08d10919ca24932ad0a0135e46119ecfd5,aime24:p6:s0:seed6042,3aaa4d1b0009ba297434f6ce9cc3b021533afdacc47013de66093911d7d70ffe
2165,2048,true,clamped_next_token_JS,0.0,117,232e3b08d10919ca24932ad0a0135e46119ecfd5,aime24:p6:s0:seed6042,3aaa4d1b0009ba297434f6ce9cc3b021533afdacc47013de66093911d7d70ffe
4213,4096,true,next_token_KL,7.632380061295407e-08,117,232e3b08d10919ca24932ad0a0135e46119ecfd5,aime24:p6:s0:seed6042,3aaa4d1b0009ba297434f6ce9cc3b021533afdacc47013de66093911d7d70ffe
4213,4096,true,next_token_JS,3.5779788021272907e-09,117,232e3b08d10919ca24932ad0a0135e46119ecfd5,aime24:p6:s0:seed6042,3aaa4d1b0009ba297434f6ce9cc3b021533afdacc47013de66093911d7d70ffe
4213,4096,true,logit_max_abs_diff,0.03125,117,232e3b08d10919ca24932ad0a0135e46119ecfd5,aime24:p6:s0:seed6042,3aaa4d1b0009ba297434f6ce9cc3b021533afdacc47013de66093911d7d70ffe
4213,4096,true,logit_mean_abs_diff,0.0028906697407364845,117,232e3b08d10919ca24932ad0a0135e46119ecfd5,aime24:p6:s0:seed6042,3aaa4d1b0009ba297434f6ce9cc3b021533afdacc47013de66093911d7d70ffe
4213,4096,true,top1_agreement,True,117,232e3b08d10919ca24932ad0a0135e46119ecfd5,aime24:p6:s0:seed6042,3aaa4d1b0009ba297434f6ce9cc3b021533afdacc47013de66093911d7d70ffe
4213,4096,true,top1_disagreement,0.0,117,232e3b08d10919ca24932ad0a0135e46119ecfd5,aime24:p6:s0:seed6042,3aaa4d1b0009ba297434f6ce9cc3b021533afdacc47013de66093911d7d70ffe
4213,4096,true,target_token_NLL_delta,0.0,117,232e3b08d10919ca24932ad0a0135e46119ecfd5,aime24:p6:s0:seed6042,3aaa4d1b0009ba297434f6ce9cc3b021533afdacc47013de66093911d7d70ffe
4213,4096,true,hidden_relative_L2,0.002290270756930113,117,232e3b08d10919ca24932ad0a0135e46119ecfd5,aime24:p6:s0:seed6042,3aaa4d1b0009ba297434f6ce9cc3b021533afdacc47013de66093911d7d70ffe
4213,4096,true,hidden_MAE,0.0032220310531556606,117,232e3b08d10919ca24932ad0a0135e46119ecfd5,aime24:p6:s0:seed6042,3aaa4d1b0009ba297434f6ce9cc3b021533afdacc47013de66093911d7d70ffe
4213,4096,true,hidden_cosine,0.999997079372406,117,232e3b08d10919ca24932ad0a0135e46119ecfd5,aime24:p6:s0:seed6042,3aaa4d1b0009ba297434f6ce9cc3b021533afdacc47013de66093911d7d70ffe
4213,4096,true,hidden_cosine_loss,2.9206275939941406e-06,117,232e3b08d10919ca24932ad0a0135e46119ecfd5,aime24:p6:s0:seed6042,3aaa4d1b0009ba297434f6ce9cc3b021533afdacc47013de66093911d7d70ffe
4213,4096,true,attention_output_relative_L2,0.002290270756930113,117,232e3b08d10919ca24932ad0a0135e46119ecfd5,aime24:p6:s0:seed6042,3aaa4d1b0009ba297434f6ce9cc3b021533afdacc47013de66093911d7d70ffe
4213,4096,true,attention_output_MAE,0.0032220310531556606,117,232e3b08d10919ca24932ad0a0135e46119ecfd5,aime24:p6:s0:seed6042,3aaa4d1b0009ba297434f6ce9cc3b021533afdacc47013de66093911d7d70ffe
4213,4096,true,post_WO_relative_L2,0.002290270756930113,117,232e3b08d10919ca24932ad0a0135e46119ecfd5,aime24:p6:s0:seed6042,3aaa4d1b0009ba297434f6ce9cc3b021533afdacc47013de66093911d7d70ffe
4213,4096,true,raw_next_token_KL,7.632380061295407e-08,117,232e3b08d10919ca24932ad0a0135e46119ecfd5,aime24:p6:s0:seed6042,3aaa4d1b0009ba297434f6ce9cc3b021533afdacc47013de66093911d7d70ffe
4213,4096,true,raw_next_token_JS,3.5779788021272907e-09,117,232e3b08d10919ca24932ad0a0135e46119ecfd5,aime24:p6:s0:seed6042,3aaa4d1b0009ba297434f6ce9cc3b021533afdacc47013de66093911d7d70ffe
4213,4096,true,clamped_next_token_KL,7.632380061295407e-08,117,232e3b08d10919ca24932ad0a0135e46119ecfd5,aime24:p6:s0:seed6042,3aaa4d1b0009ba297434f6ce9cc3b021533afdacc47013de66093911d7d70ffe
4213,4096,true,clamped_next_token_JS,3.5779788021272907e-09,117,232e3b08d10919ca24932ad0a0135e46119ecfd5,aime24:p6:s0:seed6042,3aaa4d1b0009ba297434f6ce9cc3b021533afdacc47013de66093911d7d70ffe
245,128,true,next_token_KL,2.016280996031128e-05,117,232e3b08d10919ca24932ad0a0135e46119ecfd5,aime24:p6:s1:seed6043,bdc5380c721a7d62393b67524bb3065580c4b13dffda573ae8f1238fbd86cb01
245,128,true,next_token_JS,5.001499630452599e-06,117,232e3b08d10919ca24932ad0a0135e46119ecfd5,aime24:p6:s1:seed6043,bdc5380c721a7d62393b67524bb3065580c4b13dffda573ae8f1238fbd86cb01
245,128,true,logit_max_abs_diff,0.017578125,117,232e3b08d10919ca24932ad0a0135e46119ecfd5,aime24:p6:s1:seed6043,bdc5380c721a7d62393b67524bb3065580c4b13dffda573ae8f1238fbd86cb01
245,128,true,logit_mean_abs_diff,0.0026723623741418123,117,232e3b08d10919ca24932ad0a0135e46119ecfd5,aime24:p6:s1:seed6043,bdc5380c721a7d62393b67524bb3065580c4b13dffda573ae8f1238fbd86cb01
245,128,true,top1_agreement,True,117,232e3b08d10919ca24932ad0a0135e46119ecfd5,aime24:p6:s1:seed6043,bdc5380c721a7d62393b67524bb3065580c4b13dffda573ae8f1238fbd86cb01
245,128,true,top1_disagreement,0.0,117,232e3b08d10919ca24932ad0a0135e46119ecfd5,aime24:p6:s1:seed6043,bdc5380c721a7d62393b67524bb3065580c4b13dffda573ae8f1238fbd86cb01
245,128,true,target_token_NLL_delta,-0.0031595826148986816,117,232e3b08d10919ca24932ad0a0135e46119ecfd5,aime24:p6:s1:seed6043,bdc5380c721a7d62393b67524bb3065580c4b13dffda573ae8f1238fbd86cb01
245,128,true,hidden_relative_L2,0.0017306782538071275,117,232e3b08d10919ca24932ad0a0135e46119ecfd5,aime24:p6:s1:seed6043,bdc5380c721a7d62393b67524bb3065580c4b13dffda573ae8f1238fbd86cb01
245,128,true,hidden_MAE,0.0028243272099643946,117,232e3b08d10919ca24932ad0a0135e46119ecfd5,aime24:p6:s1:seed6043,bdc5380c721a7d62393b67524bb3065580c4b13dffda573ae8f1238fbd86cb01
245,128,true,hidden_cosine,0.9999980926513672,117,232e3b08d10919ca24932ad0a0135e46119ecfd5,aime24:p6:s1:seed6043,bdc5380c721a7d62393b67524bb3065580c4b13dffda573ae8f1238fbd86cb01
245,128,true,hidden_cosine_loss,1.9073486328125e-06,117,232e3b08d10919ca24932ad0a0135e46119ecfd5,aime24:p6:s1:seed6043,bdc5380c721a7d62393b67524bb3065580c4b13dffda573ae8f1238fbd86cb01
245,128,true,attention_output_relative_L2,0.0017306782538071275,117,232e3b08d10919ca24932ad0a0135e46119ecfd5,aime24:p6:s1:seed6043,bdc5380c721a7d62393b67524bb3065580c4b13dffda573ae8f1238fbd86cb01
245,128,true,attention_output_MAE,0.0028243272099643946,117,232e3b08d10919ca24932ad0a0135e46119ecfd5,aime24:p6:s1:seed6043,bdc5380c721a7d62393b67524bb3065580c4b13dffda573ae8f1238fbd86cb01
245,128,true,post_WO_relative_L2,0.0017306782538071275,117,232e3b08d10919ca24932ad0a0135e46119ecfd5,aime24:p6:s1:seed6043,bdc5380c721a7d62393b67524bb3065580c4b13dffda573ae8f1238fbd86cb01
245,128,true,raw_next_token_KL,2.016280996031128e-05,117,232e3b08d10919ca24932ad0a0135e46119ecfd5,aime24:p6:s1:seed6043,bdc5380c721a7d62393b67524bb3065580c4b13dffda573ae8f1238fbd86cb01
245,128,true,raw_next_token_JS,5.001499630452599e-06,117,232e3b08d10919ca24932ad0a0135e46119ecfd5,aime24:p6:s1:seed6043,bdc5380c721a7d62393b67524bb3065580c4b13dffda573ae8f1238fbd86cb01
245,128,true,clamped_next_token_KL,2.016280996031128e-05,117,232e3b08d10919ca24932ad0a0135e46119ecfd5,aime24:p6:s1:seed6043,bdc5380c721a7d62393b67524bb3065580c4b13dffda573ae8f1238fbd86cb01
245,128,true,clamped_next_token_JS,5.001499630452599e-06,117,232e3b08d10919ca24932ad0a0135e46119ecfd5,aime24:p6:s1:seed6043,bdc5380c721a7d62393b67524bb3065580c4b13dffda573ae8f1238fbd86cb01
629,512,true,next_token_KL,2.849797238013707e-05,117,232e3b08d10919ca24932ad0a0135e46119ecfd5,aime24:p6:s1:seed6043,bdc5380c721a7d62393b67524bb3065580c4b13dffda573ae8f1238fbd86cb01
629,512,true,next_token_JS,7.066770194796845e-06,117,232e3b08d10919ca24932ad0a0135e46119ecfd5,aime24:p6:s1:seed6043,bdc5380c721a7d62393b67524bb3065580c4b13dffda573ae8f1238fbd86cb01
629,512,true,logit_max_abs_diff,0.01953125,117,232e3b08d10919ca24932ad0a0135e46119ecfd5,aime24:p6:s1:seed6043,bdc5380c721a7d62393b67524bb3065580c4b13dffda573ae8f1238fbd86cb01
629,512,true,logit_mean_abs_diff,0.002738657407462597,117,232e3b08d10919ca24932ad0a0135e46119ecfd5,aime24:p6:s1:seed6043,bdc5380c721a7d62393b67524bb3065580c4b13dffda573ae8f1238fbd86cb01
629,512,true,top1_agreement,True,117,232e3b08d10919ca24932ad0a0135e46119ecfd5,aime24:p6:s1:seed6043,bdc5380c721a7d62393b67524bb3065580c4b13dffda573ae8f1238fbd86cb01
629,512,true,top1_disagreement,0.0,117,232e3b08d10919ca24932ad0a0135e46119ecfd5,aime24:p6:s1:seed6043,bdc5380c721a7d62393b67524bb3065580c4b13dffda573ae8f1238fbd86cb01
629,512,true,target_token_NLL_delta,0.0056081414222717285,117,232e3b08d10919ca24932ad0a0135e46119ecfd5,aime24:p6:s1:seed6043,bdc5380c721a7d62393b67524bb3065580c4b13dffda573ae8f1238fbd86cb01
629,512,true,hidden_relative_L2,0.0018760153325274587,117,232e3b08d10919ca24932ad0a0135e46119ecfd5,aime24:p6:s1:seed6043,bdc5380c721a7d62393b67524bb3065580c4b13dffda573ae8f1238fbd86cb01
629,512,true,hidden_MAE,0.003096874337643385,117,232e3b08d10919ca24932ad0a0135e46119ecfd5,aime24:p6:s1:seed6043,bdc5380c721a7d62393b67524bb3065580c4b13dffda573ae8f1238fbd86cb01
629,512,true,hidden_cosine,0.9999980330467224,117,232e3b08d10919ca24932ad0a0135e46119ecfd5,aime24:p6:s1:seed6043,bdc5380c721a7d62393b67524bb3065580c4b13dffda573ae8f1238fbd86cb01
629,512,true,hidden_cosine_loss,1.9669532775878906e-06,117,232e3b08d10919ca24932ad0a0135e46119ecfd5,aime24:p6:s1:seed6043,bdc5380c721a7d62393b67524bb3065580c4b13dffda573ae8f1238fbd86cb01
629,512,true,attention_output_relative_L2,0.0018760153325274587,117,232e3b08d10919ca24932ad0a0135e46119ecfd5,aime24:p6:s1:seed6043,bdc5380c721a7d62393b67524bb3065580c4b13dffda573ae8f1238fbd86cb01
629,512,true,attention_output_MAE,0.003096874337643385,117,232e3b08d10919ca24932ad0a0135e46119ecfd5,aime24:p6:s1:seed6043,bdc5380c721a7d62393b67524bb3065580c4b13dffda573ae8f1238fbd86cb01
629,512,true,post_WO_relative_L2,0.0018760153325274587,117,232e3b08d10919ca24932ad0a0135e46119ecfd5,aime24:p6:s1:seed6043,bdc5380c721a7d62393b67524bb3065580c4b13dffda573ae8f1238fbd86cb01
629,512,true,raw_next_token_KL,2.849797238013707e-05,117,232e3b08d10919ca24932ad0a0135e46119ecfd5,aime24:p6:s1:seed6043,bdc5380c721a7d62393b67524bb3065580c4b13dffda573ae8f1238fbd86cb01
629,512,true,raw_next_token_JS,7.066770194796845e-06,117,232e3b08d10919ca24932ad0a0135e46119ecfd5,aime24:p6:s1:seed6043,bdc5380c721a7d62393b67524bb3065580c4b13dffda573ae8f1238fbd86cb01
629,512,true,clamped_next_token_KL,2.849797238013707e-05,117,232e3b08d10919ca24932ad0a0135e46119ecfd5,aime24:p6:s1:seed6043,bdc5380c721a7d62393b67524bb3065580c4b13dffda573ae8f1238fbd86cb01
629,512,true,clamped_next_token_JS,7.066770194796845e-06,117,232e3b08d10919ca24932ad0a0135e46119ecfd5,aime24:p6:s1:seed6043,bdc5380c721a7d62393b67524bb3065580c4b13dffda573ae8f1238fbd86cb01
1141,1024,true,next_token_KL,1.1181494301126804e-05,117,232e3b08d10919ca24932ad0a0135e46119ecfd5,aime24:p6:s1:seed6043,bdc5380c721a7d62393b67524bb3065580c4b13dffda573ae8f1238fbd86cb01
1141,1024,true,next_token_JS,2.773007281575701e-06,117,232e3b08d10919ca24932ad0a0135e46119ecfd5,aime24:p6:s1:seed6043,bdc5380c721a7d62393b67524bb3065580c4b13dffda573ae8f1238fbd86cb01
1141,1024,true,logit_max_abs_diff,0.015625,117,232e3b08d10919ca24932ad0a0135e46119ecfd5,aime24:p6:s1:seed6043,bdc5380c721a7d62393b67524bb3065580c4b13dffda573ae8f1238fbd86cb01
1141,1024,true,logit_mean_abs_diff,0.0022673511411994696,117,232e3b08d10919ca24932ad0a0135e46119ecfd5,aime24:p6:s1:seed6043,bdc5380c721a7d62393b67524bb3065580c4b13dffda573ae8f1238fbd86cb01
1141,1024,true,top1_agreement,True,117,232e3b08d10919ca24932ad0a0135e46119ecfd5,aime24:p6:s1:seed6043,bdc5380c721a7d62393b67524bb3065580c4b13dffda573ae8f1238fbd86cb01
1141,1024,true,top1_disagreement,0.0,117,232e3b08d10919ca24932ad0a0135e46119ecfd5,aime24:p6:s1:seed6043,bdc5380c721a7d62393b67524bb3065580c4b13dffda573ae8f1238fbd86cb01
1141,1024,true,target_token_NLL_delta,0.0016140937805175781,117,232e3b08d10919ca24932ad0a0135e46119ecfd5,aime24:p6:s1:seed6043,bdc5380c721a7d62393b67524bb3065580c4b13dffda573ae8f1238fbd86cb01
1141,1024,true,hidden_relative_L2,0.0017565167509019375,117,232e3b08d10919ca24932ad0a0135e46119ecfd5,aime24:p6:s1:seed6043,bdc5380c721a7d62393b67524bb3065580c4b13dffda573ae8f1238fbd86cb01
1141,1024,true,hidden_MAE,0.0025327850598841906,117,232e3b08d10919ca24932ad0a0135e46119ecfd5,aime24:p6:s1:seed6043,bdc5380c721a7d62393b67524bb3065580c4b13dffda573ae8f1238fbd86cb01
1141,1024,true,hidden_cosine,0.9999980926513672,117,232e3b08d10919ca24932ad0a0135e46119ecfd5,aime24:p6:s1:seed6043,bdc5380c721a7d62393b67524bb3065580c4b13dffda573ae8f1238fbd86cb01
1141,1024,true,hidden_cosine_loss,1.9073486328125e-06,117,232e3b08d10919ca24932ad0a0135e46119ecfd5,aime24:p6:s1:seed6043,bdc5380c721a7d62393b67524bb3065580c4b13dffda573ae8f1238fbd86cb01
1141,1024,true,attention_output_relative_L2,0.0017565167509019375,117,232e3b08d10919ca24932ad0a0135e46119ecfd5,aime24:p6:s1:seed6043,bdc5380c721a7d62393b67524bb3065580c4b13dffda573ae8f1238fbd86cb01
1141,1024,true,attention_output_MAE,0.0025327850598841906,117,232e3b08d10919ca24932ad0a0135e46119ecfd5,aime24:p6:s1:seed6043,bdc5380c721a7d62393b67524bb3065580c4b13dffda573ae8f1238fbd86cb01
1141,1024,true,post_WO_relative_L2,0.0017565167509019375,117,232e3b08d10919ca24932ad0a0135e46119ecfd5,aime24:p6:s1:seed6043,bdc5380c721a7d62393b67524bb3065580c4b13dffda573ae8f1238fbd86cb01
1141,1024,true,raw_next_token_KL,1.1181494301126804e-05,117,232e3b08d10919ca24932ad0a0135e46119ecfd5,aime24:p6:s1:seed6043,bdc5380c721a7d62393b67524bb3065580c4b13dffda573ae8f1238fbd86cb01
1141,1024,true,raw_next_token_JS,2.773007281575701e-06,117,232e3b08d10919ca24932ad0a0135e46119ecfd5,aime24:p6:s1:seed6043,bdc5380c721a7d62393b67524bb3065580c4b13dffda573ae8f1238fbd86cb01
1141,1024,true,clamped_next_token_KL,1.1181494301126804e-05,117,232e3b08d10919ca24932ad0a0135e46119ecfd5,aime24:p6:s1:seed6043,bdc5380c721a7d62393b67524bb3065580c4b13dffda573ae8f1238fbd86cb01
1141,1024,true,clamped_next_token_JS,2.773007281575701e-06,117,232e3b08d10919ca24932ad0a0135e46119ecfd5,aime24:p6:s1:seed6043,bdc5380c721a7d62393b67524bb3065580c4b13dffda573ae8f1238fbd86cb01
2165,2048,true,next_token_KL,9.681532020522354e-08,117,232e3b08d10919ca24932ad0a0135e46119ecfd5,aime24:p6:s1:seed6043,bdc5380c721a7d62393b67524bb3065580c4b13dffda573ae8f1238fbd86cb01
2165,2048,true,next_token_JS,1.3277698940328264e-09,117,232e3b08d10919ca24932ad0a0135e46119ecfd5,aime24:p6:s1:seed6043,bdc5380c721a7d62393b67524bb3065580c4b13dffda573ae8f1238fbd86cb01
2165,2048,true,logit_max_abs_diff,0.078125,117,232e3b08d10919ca24932ad0a0135e46119ecfd5,aime24:p6:s1:seed6043,bdc5380c721a7d62393b67524bb3065580c4b13dffda573ae8f1238fbd86cb01
2165,2048,true,logit_mean_abs_diff,0.013169381767511368,117,232e3b08d10919ca24932ad0a0135e46119ecfd5,aime24:p6:s1:seed6043,bdc5380c721a7d62393b67524bb3065580c4b13dffda573ae8f1238fbd86cb01
2165,2048,true,top1_agreement,True,117,232e3b08d10919ca24932ad0a0135e46119ecfd5,aime24:p6:s1:seed6043,bdc5380c721a7d62393b67524bb3065580c4b13dffda573ae8f1238fbd86cb01
2165,2048,true,top1_disagreement,0.0,117,232e3b08d10919ca24932ad0a0135e46119ecfd5,aime24:p6:s1:seed6043,bdc5380c721a7d62393b67524bb3065580c4b13dffda573ae8f1238fbd86cb01
2165,2048,true,target_token_NLL_delta,-1.1920883480343036e-07,117,232e3b08d10919ca24932ad0a0135e46119ecfd5,aime24:p6:s1:seed6043,bdc5380c721a7d62393b67524bb3065580c4b13dffda573ae8f1238fbd86cb01
2165,2048,true,hidden_relative_L2,0.004808769561350346,117,232e3b08d10919ca24932ad0a0135e46119ecfd5,aime24:p6:s1:seed6043,bdc5380c721a7d62393b67524bb3065580c4b13dffda573ae8f1238fbd86cb01
2165,2048,true,hidden_MAE,0.00725769205018878,117,232e3b08d10919ca24932ad0a0135e46119ecfd5,aime24:p6:s1:seed6043,bdc5380c721a7d62393b67524bb3065580c4b13dffda573ae8f1238fbd86cb01
2165,2048,true,hidden_cosine,0.99998939037323,117,232e3b08d10919ca24932ad0a0135e46119ecfd5,aime24:p6:s1:seed6043,bdc5380c721a7d62393b67524bb3065580c4b13dffda573ae8f1238fbd86cb01
2165,2048,true,hidden_cosine_loss,1.0609626770019531e-05,117,232e3b08d10919ca24932ad0a0135e46119ecfd5,aime24:p6:s1:seed6043,bdc5380c721a7d62393b67524bb3065580c4b13dffda573ae8f1238fbd86cb01
2165,2048,true,attention_output_relative_L2,0.004808769561350346,117,232e3b08d10919ca24932ad0a0135e46119ecfd5,aime24:p6:s1:seed6043,bdc5380c721a7d62393b67524bb3065580c4b13dffda573ae8f1238fbd86cb01
2165,2048,true,attention_output_MAE,0.00725769205018878,117,232e3b08d10919ca24932ad0a0135e46119ecfd5,aime24:p6:s1:seed6043,bdc5380c721a7d62393b67524bb3065580c4b13dffda573ae8f1238fbd86cb01
2165,2048,true,post_WO_relative_L2,0.004808769561350346,117,232e3b08d10919ca24932ad0a0135e46119ecfd5,aime24:p6:s1:seed6043,bdc5380c721a7d62393b67524bb3065580c4b13dffda573ae8f1238fbd86cb01
2165,2048,true,raw_next_token_KL,9.681532020522354e-08,117,232e3b08d10919ca24932ad0a0135e46119ecfd5,aime24:p6:s1:seed6043,bdc5380c721a7d62393b67524bb3065580c4b13dffda573ae8f1238fbd86cb01
2165,2048,true,raw_next_token_JS,1.3277698940328264e-09,117,232e3b08d10919ca24932ad0a0135e46119ecfd5,aime24:p6:s1:seed6043,bdc5380c721a7d62393b67524bb3065580c4b13dffda573ae8f1238fbd86cb01
2165,2048,true,clamped_next_token_KL,9.681532020522354e-08,117,232e3b08d10919ca24932ad0a0135e46119ecfd5,aime24:p6:s1:seed6043,bdc5380c721a7d62393b67524bb3065580c4b13dffda573ae8f1238fbd86cb01
2165,2048,true,clamped_next_token_JS,1.3277698940328264e-09,117,232e3b08d10919ca24932ad0a0135e46119ecfd5,aime24:p6:s1:seed6043,bdc5380c721a7d62393b67524bb3065580c4b13dffda573ae8f1238fbd86cb01
4213,4096,true,next_token_KL,4.2147024714722647e-07,117,232e3b08d10919ca24932ad0a0135e46119ecfd5,aime24:p6:s1:seed6043,bdc5380c721a7d62393b67524bb3065580c4b13dffda573ae8f1238fbd86cb01
4213,4096,true,next_token_JS,9.10648054741614e-08,117,232e3b08d10919ca24932ad0a0135e46119ecfd5,aime24:p6:s1:seed6043,bdc5380c721a7d62393b67524bb3065580c4b13dffda573ae8f1238fbd86cb01
4213,4096,true,logit_max_abs_diff,0.0166015625,117,232e3b08d10919ca24932ad0a0135e46119ecfd5,aime24:p6:s1:seed6043,bdc5380c721a7d62393b67524bb3065580c4b13dffda573ae8f1238fbd86cb01
4213,4096,true,logit_mean_abs_diff,0.002317236503586173,117,232e3b08d10919ca24932ad0a0135e46119ecfd5,aime24:p6:s1:seed6043,bdc5380c721a7d62393b67524bb3065580c4b13dffda573ae8f1238fbd86cb01
4213,4096,true,top1_agreement,True,117,232e3b08d10919ca24932ad0a0135e46119ecfd5,aime24:p6:s1:seed6043,bdc5380c721a7d62393b67524bb3065580c4b13dffda573ae8f1238fbd86cb01
4213,4096,true,top1_disagreement,0.0,117,232e3b08d10919ca24932ad0a0135e46119ecfd5,aime24:p6:s1:seed6043,bdc5380c721a7d62393b67524bb3065580c4b13dffda573ae8f1238fbd86cb01
4213,4096,true,target_token_NLL_delta,-4.857289604842663e-05,117,232e3b08d10919ca24932ad0a0135e46119ecfd5,aime24:p6:s1:seed6043,bdc5380c721a7d62393b67524bb3065580c4b13dffda573ae8f1238fbd86cb01
4213,4096,true,hidden_relative_L2,0.0021712640300393105,117,232e3b08d10919ca24932ad0a0135e46119ecfd5,aime24:p6:s1:seed6043,bdc5380c721a7d62393b67524bb3065580c4b13dffda573ae8f1238fbd86cb01
4213,4096,true,hidden_MAE,0.002654844429343939,117,232e3b08d10919ca24932ad0a0135e46119ecfd5,aime24:p6:s1:seed6043,bdc5380c721a7d62393b67524bb3065580c4b13dffda573ae8f1238fbd86cb01
4213,4096,true,hidden_cosine,0.9999973177909851,117,232e3b08d10919ca24932ad0a0135e46119ecfd5,aime24:p6:s1:seed6043,bdc5380c721a7d62393b67524bb3065580c4b13dffda573ae8f1238fbd86cb01
4213,4096,true,hidden_cosine_loss,2.682209014892578e-06,117,232e3b08d10919ca24932ad0a0135e46119ecfd5,aime24:p6:s1:seed6043,bdc5380c721a7d62393b67524bb3065580c4b13dffda573ae8f1238fbd86cb01
4213,4096,true,attention_output_relative_L2,0.0021712640300393105,117,232e3b08d10919ca24932ad0a0135e46119ecfd5,aime24:p6:s1:seed6043,bdc5380c721a7d62393b67524bb3065580c4b13dffda573ae8f1238fbd86cb01
4213,4096,true,attention_output_MAE,0.002654844429343939,117,232e3b08d10919ca24932ad0a0135e46119ecfd5,aime24:p6:s1:seed6043,bdc5380c721a7d62393b67524bb3065580c4b13dffda573ae8f1238fbd86cb01
4213,4096,true,post_WO_relative_L2,0.0021712640300393105,117,232e3b08d10919ca24932ad0a0135e46119ecfd5,aime24:p6:s1:seed6043,bdc5380c721a7d62393b67524bb3065580c4b13dffda573ae8f1238fbd86cb01
4213,4096,true,raw_next_token_KL,4.2147024714722647e-07,117,232e3b08d10919ca24932ad0a0135e46119ecfd5,aime24:p6:s1:seed6043,bdc5380c721a7d62393b67524bb3065580c4b13dffda573ae8f1238fbd86cb01
4213,4096,true,raw_next_token_JS,9.10648054741614e-08,117,232e3b08d10919ca24932ad0a0135e46119ecfd5,aime24:p6:s1:seed6043,bdc5380c721a7d62393b67524bb3065580c4b13dffda573ae8f1238fbd86cb01
4213,4096,true,clamped_next_token_KL,4.2147024714722647e-07,117,232e3b08d10919ca24932ad0a0135e46119ecfd5,aime24:p6:s1:seed6043,bdc5380c721a7d62393b67524bb3065580c4b13dffda573ae8f1238fbd86cb01
4213,4096,true,clamped_next_token_JS,9.10648054741614e-08,117,232e3b08d10919ca24932ad0a0135e46119ecfd5,aime24:p6:s1:seed6043,bdc5380c721a7d62393b67524bb3065580c4b13dffda573ae8f1238fbd86cb01
282,128,true,next_token_KL,6.011124060023576e-05,154,232e3b08d10919ca24932ad0a0135e46119ecfd5,aime24:p0:s0:seed42,7a50b9d97068ffc8a93d794fcdf6bac89e37ed85dd38b6abbdbbe8fb4c9a8f8a
282,128,true,next_token_JS,1.5028690540930256e-05,154,232e3b08d10919ca24932ad0a0135e46119ecfd5,aime24:p0:s0:seed42,7a50b9d97068ffc8a93d794fcdf6bac89e37ed85dd38b6abbdbbe8fb4c9a8f8a
282,128,true,logit_max_abs_diff,0.03125,154,232e3b08d10919ca24932ad0a0135e46119ecfd5,aime24:p0:s0:seed42,7a50b9d97068ffc8a93d794fcdf6bac89e37ed85dd38b6abbdbbe8fb4c9a8f8a
282,128,true,logit_mean_abs_diff,0.003716196632012725,154,232e3b08d10919ca24932ad0a0135e46119ecfd5,aime24:p0:s0:seed42,7a50b9d97068ffc8a93d794fcdf6bac89e37ed85dd38b6abbdbbe8fb4c9a8f8a
282,128,true,top1_agreement,True,154,232e3b08d10919ca24932ad0a0135e46119ecfd5,aime24:p0:s0:seed42,7a50b9d97068ffc8a93d794fcdf6bac89e37ed85dd38b6abbdbbe8fb4c9a8f8a
282,128,true,top1_disagreement,0.0,154,232e3b08d10919ca24932ad0a0135e46119ecfd5,aime24:p0:s0:seed42,7a50b9d97068ffc8a93d794fcdf6bac89e37ed85dd38b6abbdbbe8fb4c9a8f8a
282,128,true,target_token_NLL_delta,-0.010652542114257812,154,232e3b08d10919ca24932ad0a0135e46119ecfd5,aime24:p0:s0:seed42,7a50b9d97068ffc8a93d794fcdf6bac89e37ed85dd38b6abbdbbe8fb4c9a8f8a
282,128,true,hidden_relative_L2,0.002500725444406271,154,232e3b08d10919ca24932ad0a0135e46119ecfd5,aime24:p0:s0:seed42,7a50b9d97068ffc8a93d794fcdf6bac89e37ed85dd38b6abbdbbe8fb4c9a8f8a
282,128,true,hidden_MAE,0.004359224811196327,154,232e3b08d10919ca24932ad0a0135e46119ecfd5,aime24:p0:s0:seed42,7a50b9d97068ffc8a93d794fcdf6bac89e37ed85dd38b6abbdbbe8fb4c9a8f8a
282,128,true,hidden_cosine,0.9999966621398926,154,232e3b08d10919ca24932ad0a0135e46119ecfd5,aime24:p0:s0:seed42,7a50b9d97068ffc8a93d794fcdf6bac89e37ed85dd38b6abbdbbe8fb4c9a8f8a
282,128,true,hidden_cosine_loss,3.337860107421875e-06,154,232e3b08d10919ca24932ad0a0135e46119ecfd5,aime24:p0:s0:seed42,7a50b9d97068ffc8a93d794fcdf6bac89e37ed85dd38b6abbdbbe8fb4c9a8f8a
282,128,true,attention_output_relative_L2,0.002500725444406271,154,232e3b08d10919ca24932ad0a0135e46119ecfd5,aime24:p0:s0:seed42,7a50b9d97068ffc8a93d794fcdf6bac89e37ed85dd38b6abbdbbe8fb4c9a8f8a
282,128,true,attention_output_MAE,0.004359224811196327,154,232e3b08d10919ca24932ad0a0135e46119ecfd5,aime24:p0:s0:seed42,7a50b9d97068ffc8a93d794fcdf6bac89e37ed85dd38b6abbdbbe8fb4c9a8f8a
282,128,true,post_WO_relative_L2,0.002500725444406271,154,232e3b08d10919ca24932ad0a0135e46119ecfd5,aime24:p0:s0:seed42,7a50b9d97068ffc8a93d794fcdf6bac89e37ed85dd38b6abbdbbe8fb4c9a8f8a
282,128,true,raw_next_token_KL,6.011124060023576e-05,154,232e3b08d10919ca24932ad0a0135e46119ecfd5,aime24:p0:s0:seed42,7a50b9d97068ffc8a93d794fcdf6bac89e37ed85dd38b6abbdbbe8fb4c9a8f8a
282,128,true,raw_next_token_JS,1.5028690540930256e-05,154,232e3b08d10919ca24932ad0a0135e46119ecfd5,aime24:p0:s0:seed42,7a50b9d97068ffc8a93d794fcdf6bac89e37ed85dd38b6abbdbbe8fb4c9a8f8a
282,128,true,clamped_next_token_KL,6.011124060023576e-05,154,232e3b08d10919ca24932ad0a0135e46119ecfd5,aime24:p0:s0:seed42,7a50b9d97068ffc8a93d794fcdf6bac89e37ed85dd38b6abbdbbe8fb4c9a8f8a
282,128,true,clamped_next_token_JS,1.5028690540930256e-05,154,232e3b08d10919ca24932ad0a0135e46119ecfd5,aime24:p0:s0:seed42,7a50b9d97068ffc8a93d794fcdf6bac89e37ed85dd38b6abbdbbe8fb4c9a8f8a
666,512,true,next_token_KL,-1.0530606431302658e-07,154,232e3b08d10919ca24932ad0a0135e46119ecfd5,aime24:p0:s0:seed42,7a50b9d97068ffc8a93d794fcdf6bac89e37ed85dd38b6abbdbbe8fb4c9a8f8a
666,512,true,next_token_JS,2.983597369166091e-08,154,232e3b08d10919ca24932ad0a0135e46119ecfd5,aime24:p0:s0:seed42,7a50b9d97068ffc8a93d794fcdf6bac89e37ed85dd38b6abbdbbe8fb4c9a8f8a
666,512,true,logit_max_abs_diff,0.017578125,154,232e3b08d10919ca24932ad0a0135e46119ecfd5,aime24:p0:s0:seed42,7a50b9d97068ffc8a93d794fcdf6bac89e37ed85dd38b6abbdbbe8fb4c9a8f8a
666,512,true,logit_mean_abs_diff,0.002626515692099929,154,232e3b08d10919ca24932ad0a0135e46119ecfd5,aime24:p0:s0:seed42,7a50b9d97068ffc8a93d794fcdf6bac89e37ed85dd38b6abbdbbe8fb4c9a8f8a
666,512,true,top1_agreement,True,154,232e3b08d10919ca24932ad0a0135e46119ecfd5,aime24:p0:s0:seed42,7a50b9d97068ffc8a93d794fcdf6bac89e37ed85dd38b6abbdbbe8fb4c9a8f8a
666,512,true,top1_disagreement,0.0,154,232e3b08d10919ca24932ad0a0135e46119ecfd5,aime24:p0:s0:seed42,7a50b9d97068ffc8a93d794fcdf6bac89e37ed85dd38b6abbdbbe8fb4c9a8f8a
666,512,true,target_token_NLL_delta,1.3110839063301682e-06,154,232e3b08d10919ca24932ad0a0135e46119ecfd5,aime24:p0:s0:seed42,7a50b9d97068ffc8a93d794fcdf6bac89e37ed85dd38b6abbdbbe8fb4c9a8f8a
666,512,true,hidden_relative_L2,0.0020036932546645403,154,232e3b08d10919ca24932ad0a0135e46119ecfd5,aime24:p0:s0:seed42,7a50b9d97068ffc8a93d794fcdf6bac89e37ed85dd38b6abbdbbe8fb4c9a8f8a
666,512,true,hidden_MAE,0.002911156043410301,154,232e3b08d10919ca24932ad0a0135e46119ecfd5,aime24:p0:s0:seed42,7a50b9d97068ffc8a93d794fcdf6bac89e37ed85dd38b6abbdbbe8fb4c9a8f8a
666,512,true,hidden_cosine,0.9999977350234985,154,232e3b08d10919ca24932ad0a0135e46119ecfd5,aime24:p0:s0:seed42,7a50b9d97068ffc8a93d794fcdf6bac89e37ed85dd38b6abbdbbe8fb4c9a8f8a
666,512,true,hidden_cosine_loss,2.2649765014648438e-06,154,232e3b08d10919ca24932ad0a0135e46119ecfd5,aime24:p0:s0:seed42,7a50b9d97068ffc8a93d794fcdf6bac89e37ed85dd38b6abbdbbe8fb4c9a8f8a
666,512,true,attention_output_relative_L2,0.0020036932546645403,154,232e3b08d10919ca24932ad0a0135e46119ecfd5,aime24:p0:s0:seed42,7a50b9d97068ffc8a93d794fcdf6bac89e37ed85dd38b6abbdbbe8fb4c9a8f8a
666,512,true,attention_output_MAE,0.002911156043410301,154,232e3b08d10919ca24932ad0a0135e46119ecfd5,aime24:p0:s0:seed42,7a50b9d97068ffc8a93d794fcdf6bac89e37ed85dd38b6abbdbbe8fb4c9a8f8a
666,512,true,post_WO_relative_L2,0.0020036932546645403,154,232e3b08d10919ca24932ad0a0135e46119ecfd5,aime24:p0:s0:seed42,7a50b9d97068ffc8a93d794fcdf6bac89e37ed85dd38b6abbdbbe8fb4c9a8f8a
666,512,true,raw_next_token_KL,-1.0530606431302658e-07,154,232e3b08d10919ca24932ad0a0135e46119ecfd5,aime24:p0:s0:seed42,7a50b9d97068ffc8a93d794fcdf6bac89e37ed85dd38b6abbdbbe8fb4c9a8f8a
666,512,true,raw_next_token_JS,2.983597369166091e-08,154,232e3b08d10919ca24932ad0a0135e46119ecfd5,aime24:p0:s0:seed42,7a50b9d97068ffc8a93d794fcdf6bac89e37ed85dd38b6abbdbbe8fb4c9a8f8a
666,512,true,clamped_next_token_KL,0.0,154,232e3b08d10919ca24932ad0a0135e46119ecfd5,aime24:p0:s0:seed42,7a50b9d97068ffc8a93d794fcdf6bac89e37ed85dd38b6abbdbbe8fb4c9a8f8a
666,512,true,clamped_next_token_JS,2.983597369166091e-08,154,232e3b08d10919ca24932ad0a0135e46119ecfd5,aime24:p0:s0:seed42,7a50b9d97068ffc8a93d794fcdf6bac89e37ed85dd38b6abbdbbe8fb4c9a8f8a
1178,1024,true,next_token_KL,-1.3867557413504983e-07,154,232e3b08d10919ca24932ad0a0135e46119ecfd5,aime24:p0:s0:seed42,7a50b9d97068ffc8a93d794fcdf6bac89e37ed85dd38b6abbdbbe8fb4c9a8f8a
1178,1024,true,next_token_JS,-1.3837574641684114e-08,154,232e3b08d10919ca24932ad0a0135e46119ecfd5,aime24:p0:s0:seed42,7a50b9d97068ffc8a93d794fcdf6bac89e37ed85dd38b6abbdbbe8fb4c9a8f8a
1178,1024,true,logit_max_abs_diff,0.01953125,154,232e3b08d10919ca24932ad0a0135e46119ecfd5,aime24:p0:s0:seed42,7a50b9d97068ffc8a93d794fcdf6bac89e37ed85dd38b6abbdbbe8fb4c9a8f8a
1178,1024,true,logit_mean_abs_diff,0.0030017453245818615,154,232e3b08d10919ca24932ad0a0135e46119ecfd5,aime24:p0:s0:seed42,7a50b9d97068ffc8a93d794fcdf6bac89e37ed85dd38b6abbdbbe8fb4c9a8f8a
1178,1024,true,top1_agreement,True,154,232e3b08d10919ca24932ad0a0135e46119ecfd5,aime24:p0:s0:seed42,7a50b9d97068ffc8a93d794fcdf6bac89e37ed85dd38b6abbdbbe8fb4c9a8f8a
1178,1024,true,top1_disagreement,0.0,154,232e3b08d10919ca24932ad0a0135e46119ecfd5,aime24:p0:s0:seed42,7a50b9d97068ffc8a93d794fcdf6bac89e37ed85dd38b6abbdbbe8fb4c9a8f8a
1178,1024,true,target_token_NLL_delta,-2.3818574845790863e-07,154,232e3b08d10919ca24932ad0a0135e46119ecfd5,aime24:p0:s0:seed42,7a50b9d97068ffc8a93d794fcdf6bac89e37ed85dd38b6abbdbbe8fb4c9a8f8a
1178,1024,true,hidden_relative_L2,0.0023364746011793613,154,232e3b08d10919ca24932ad0a0135e46119ecfd5,aime24:p0:s0:seed42,7a50b9d97068ffc8a93d794fcdf6bac89e37ed85dd38b6abbdbbe8fb4c9a8f8a
1178,1024,true,hidden_MAE,0.0034151170402765274,154,232e3b08d10919ca24932ad0a0135e46119ecfd5,aime24:p0:s0:seed42,7a50b9d97068ffc8a93d794fcdf6bac89e37ed85dd38b6abbdbbe8fb4c9a8f8a
1178,1024,true,hidden_cosine,0.999997079372406,154,232e3b08d10919ca24932ad0a0135e46119ecfd5,aime24:p0:s0:seed42,7a50b9d97068ffc8a93d794fcdf6bac89e37ed85dd38b6abbdbbe8fb4c9a8f8a
1178,1024,true,hidden_cosine_loss,2.9206275939941406e-06,154,232e3b08d10919ca24932ad0a0135e46119ecfd5,aime24:p0:s0:seed42,7a50b9d97068ffc8a93d794fcdf6bac89e37ed85dd38b6abbdbbe8fb4c9a8f8a
1178,1024,true,attention_output_relative_L2,0.0023364746011793613,154,232e3b08d10919ca24932ad0a0135e46119ecfd5,aime24:p0:s0:seed42,7a50b9d97068ffc8a93d794fcdf6bac89e37ed85dd38b6abbdbbe8fb4c9a8f8a
1178,1024,true,attention_output_MAE,0.0034151170402765274,154,232e3b08d10919ca24932ad0a0135e46119ecfd5,aime24:p0:s0:seed42,7a50b9d97068ffc8a93d794fcdf6bac89e37ed85dd38b6abbdbbe8fb4c9a8f8a
1178,1024,true,post_WO_relative_L2,0.0023364746011793613,154,232e3b08d10919ca24932ad0a0135e46119ecfd5,aime24:p0:s0:seed42,7a50b9d97068ffc8a93d794fcdf6bac89e37ed85dd38b6abbdbbe8fb4c9a8f8a
1178,1024,true,raw_next_token_KL,-1.3867557413504983e-07,154,232e3b08d10919ca24932ad0a0135e46119ecfd5,aime24:p0:s0:seed42,7a50b9d97068ffc8a93d794fcdf6bac89e37ed85dd38b6abbdbbe8fb4c9a8f8a
1178,1024,true,raw_next_token_JS,-1.3837574641684114e-08,154,232e3b08d10919ca24932ad0a0135e46119ecfd5,aime24:p0:s0:seed42,7a50b9d97068ffc8a93d794fcdf6bac89e37ed85dd38b6abbdbbe8fb4c9a8f8a
1178,1024,true,clamped_next_token_KL,0.0,154,232e3b08d10919ca24932ad0a0135e46119ecfd5,aime24:p0:s0:seed42,7a50b9d97068ffc8a93d794fcdf6bac89e37ed85dd38b6abbdbbe8fb4c9a8f8a
1178,1024,true,clamped_next_token_JS,0.0,154,232e3b08d10919ca24932ad0a0135e46119ecfd5,aime24:p0:s0:seed42,7a50b9d97068ffc8a93d794fcdf6bac89e37ed85dd38b6abbdbbe8fb4c9a8f8a
2202,2048,true,next_token_KL,6.113123163231649e-08,154,232e3b08d10919ca24932ad0a0135e46119ecfd5,aime24:p0:s0:seed42,7a50b9d97068ffc8a93d794fcdf6bac89e37ed85dd38b6abbdbbe8fb4c9a8f8a
2202,2048,true,next_token_JS,4.927178665070642e-10,154,232e3b08d10919ca24932ad0a0135e46119ecfd5,aime24:p0:s0:seed42,7a50b9d97068ffc8a93d794fcdf6bac89e37ed85dd38b6abbdbbe8fb4c9a8f8a
2202,2048,true,logit_max_abs_diff,0.03125,154,232e3b08d10919ca24932ad0a0135e46119ecfd5,aime24:p0:s0:seed42,7a50b9d97068ffc8a93d794fcdf6bac89e37ed85dd38b6abbdbbe8fb4c9a8f8a
2202,2048,true,logit_mean_abs_diff,0.004304833710193634,154,232e3b08d10919ca24932ad0a0135e46119ecfd5,aime24:p0:s0:seed42,7a50b9d97068ffc8a93d794fcdf6bac89e37ed85dd38b6abbdbbe8fb4c9a8f8a
2202,2048,true,top1_agreement,True,154,232e3b08d10919ca24932ad0a0135e46119ecfd5,aime24:p0:s0:seed42,7a50b9d97068ffc8a93d794fcdf6bac89e37ed85dd38b6abbdbbe8fb4c9a8f8a
2202,2048,true,top1_disagreement,0.0,154,232e3b08d10919ca24932ad0a0135e46119ecfd5,aime24:p0:s0:seed42,7a50b9d97068ffc8a93d794fcdf6bac89e37ed85dd38b6abbdbbe8fb4c9a8f8a
2202,2048,true,target_token_NLL_delta,-1.192074705613777e-07,154,232e3b08d10919ca24932ad0a0135e46119ecfd5,aime24:p0:s0:seed42,7a50b9d97068ffc8a93d794fcdf6bac89e37ed85dd38b6abbdbbe8fb4c9a8f8a
2202,2048,true,hidden_relative_L2,0.0029839721973985434,154,232e3b08d10919ca24932ad0a0135e46119ecfd5,aime24:p0:s0:seed42,7a50b9d97068ffc8a93d794fcdf6bac89e37ed85dd38b6abbdbbe8fb4c9a8f8a
2202,2048,true,hidden_MAE,0.005076173692941666,154,232e3b08d10919ca24932ad0a0135e46119ecfd5,aime24:p0:s0:seed42,7a50b9d97068ffc8a93d794fcdf6bac89e37ed85dd38b6abbdbbe8fb4c9a8f8a
2202,2048,true,hidden_cosine,0.9999954104423523,154,232e3b08d10919ca24932ad0a0135e46119ecfd5,aime24:p0:s0:seed42,7a50b9d97068ffc8a93d794fcdf6bac89e37ed85dd38b6abbdbbe8fb4c9a8f8a
2202,2048,true,hidden_cosine_loss,4.589557647705078e-06,154,232e3b08d10919ca24932ad0a0135e46119ecfd5,aime24:p0:s0:seed42,7a50b9d97068ffc8a93d794fcdf6bac89e37ed85dd38b6abbdbbe8fb4c9a8f8a
2202,2048,true,attention_output_relative_L2,0.0029839721973985434,154,232e3b08d10919ca24932ad0a0135e46119ecfd5,aime24:p0:s0:seed42,7a50b9d97068ffc8a93d794fcdf6bac89e37ed85dd38b6abbdbbe8fb4c9a8f8a
2202,2048,true,attention_output_MAE,0.005076173692941666,154,232e3b08d10919ca24932ad0a0135e46119ecfd5,aime24:p0:s0:seed42,7a50b9d97068ffc8a93d794fcdf6bac89e37ed85dd38b6abbdbbe8fb4c9a8f8a
2202,2048,true,post_WO_relative_L2,0.0029839721973985434,154,232e3b08d10919ca24932ad0a0135e46119ecfd5,aime24:p0:s0:seed42,7a50b9d97068ffc8a93d794fcdf6bac89e37ed85dd38b6abbdbbe8fb4c9a8f8a
2202,2048,true,raw_next_token_KL,6.113123163231649e-08,154,232e3b08d10919ca24932ad0a0135e46119ecfd5,aime24:p0:s0:seed42,7a50b9d97068ffc8a93d794fcdf6bac89e37ed85dd38b6abbdbbe8fb4c9a8f8a
2202,2048,true,raw_next_token_JS,4.927178665070642e-10,154,232e3b08d10919ca24932ad0a0135e46119ecfd5,aime24:p0:s0:seed42,7a50b9d97068ffc8a93d794fcdf6bac89e37ed85dd38b6abbdbbe8fb4c9a8f8a
2202,2048,true,clamped_next_token_KL,6.113123163231649e-08,154,232e3b08d10919ca24932ad0a0135e46119ecfd5,aime24:p0:s0:seed42,7a50b9d97068ffc8a93d794fcdf6bac89e37ed85dd38b6abbdbbe8fb4c9a8f8a
2202,2048,true,clamped_next_token_JS,4.927178665070642e-10,154,232e3b08d10919ca24932ad0a0135e46119ecfd5,aime24:p0:s0:seed42,7a50b9d97068ffc8a93d794fcdf6bac89e37ed85dd38b6abbdbbe8fb4c9a8f8a
4250,4096,true,next_token_KL,5.9362101012538915e-08,154,232e3b08d10919ca24932ad0a0135e46119ecfd5,aime24:p0:s0:seed42,7a50b9d97068ffc8a93d794fcdf6bac89e37ed85dd38b6abbdbbe8fb4c9a8f8a
4250,4096,true,next_token_JS,1.2231731183476313e-08,154,232e3b08d10919ca24932ad0a0135e46119ecfd5,aime24:p0:s0:seed42,7a50b9d97068ffc8a93d794fcdf6bac89e37ed85dd38b6abbdbbe8fb4c9a8f8a
4250,4096,true,logit_max_abs_diff,0.03125,154,232e3b08d10919ca24932ad0a0135e46119ecfd5,aime24:p0:s0:seed42,7a50b9d97068ffc8a93d794fcdf6bac89e37ed85dd38b6abbdbbe8fb4c9a8f8a
4250,4096,true,logit_mean_abs_diff,0.002861502580344677,154,232e3b08d10919ca24932ad0a0135e46119ecfd5,aime24:p0:s0:seed42,7a50b9d97068ffc8a93d794fcdf6bac89e37ed85dd38b6abbdbbe8fb4c9a8f8a
4250,4096,true,top1_agreement,True,154,232e3b08d10919ca24932ad0a0135e46119ecfd5,aime24:p0:s0:seed42,7a50b9d97068ffc8a93d794fcdf6bac89e37ed85dd38b6abbdbbe8fb4c9a8f8a
4250,4096,true,top1_disagreement,0.0,154,232e3b08d10919ca24932ad0a0135e46119ecfd5,aime24:p0:s0:seed42,7a50b9d97068ffc8a93d794fcdf6bac89e37ed85dd38b6abbdbbe8fb4c9a8f8a
4250,4096,true,target_token_NLL_delta,-1.4303732314147055e-06,154,232e3b08d10919ca24932ad0a0135e46119ecfd5,aime24:p0:s0:seed42,7a50b9d97068ffc8a93d794fcdf6bac89e37ed85dd38b6abbdbbe8fb4c9a8f8a
4250,4096,true,hidden_relative_L2,0.0022596847265958786,154,232e3b08d10919ca24932ad0a0135e46119ecfd5,aime24:p0:s0:seed42,7a50b9d97068ffc8a93d794fcdf6bac89e37ed85dd38b6abbdbbe8fb4c9a8f8a
4250,4096,true,hidden_MAE,0.0032344460487365723,154,232e3b08d10919ca24932ad0a0135e46119ecfd5,aime24:p0:s0:seed42,7a50b9d97068ffc8a93d794fcdf6bac89e37ed85dd38b6abbdbbe8fb4c9a8f8a
4250,4096,true,hidden_cosine,0.9999973773956299,154,232e3b08d10919ca24932ad0a0135e46119ecfd5,aime24:p0:s0:seed42,7a50b9d97068ffc8a93d794fcdf6bac89e37ed85dd38b6abbdbbe8fb4c9a8f8a
4250,4096,true,hidden_cosine_loss,2.6226043701171875e-06,154,232e3b08d10919ca24932ad0a0135e46119ecfd5,aime24:p0:s0:seed42,7a50b9d97068ffc8a93d794fcdf6bac89e37ed85dd38b6abbdbbe8fb4c9a8f8a
4250,4096,true,attention_output_relative_L2,0.0022596847265958786,154,232e3b08d10919ca24932ad0a0135e46119ecfd5,aime24:p0:s0:seed42,7a50b9d97068ffc8a93d794fcdf6bac89e37ed85dd38b6abbdbbe8fb4c9a8f8a
4250,4096,true,attention_output_MAE,0.0032344460487365723,154,232e3b08d10919ca24932ad0a0135e46119ecfd5,aime24:p0:s0:seed42,7a50b9d97068ffc8a93d794fcdf6bac89e37ed85dd38b6abbdbbe8fb4c9a8f8a
4250,4096,true,post_WO_relative_L2,0.0022596847265958786,154,232e3b08d10919ca24932ad0a0135e46119ecfd5,aime24:p0:s0:seed42,7a50b9d97068ffc8a93d794fcdf6bac89e37ed85dd38b6abbdbbe8fb4c9a8f8a
4250,4096,true,raw_next_token_KL,5.9362101012538915e-08,154,232e3b08d10919ca24932ad0a0135e46119ecfd5,aime24:p0:s0:seed42,7a50b9d97068ffc8a93d794fcdf6bac89e37ed85dd38b6abbdbbe8fb4c9a8f8a
4250,4096,true,raw_next_token_JS,1.2231731183476313e-08,154,232e3b08d10919ca24932ad0a0135e46119ecfd5,aime24:p0:s0:seed42,7a50b9d97068ffc8a93d794fcdf6bac89e37ed85dd38b6abbdbbe8fb4c9a8f8a
4250,4096,true,clamped_next_token_KL,5.9362101012538915e-08,154,232e3b08d10919ca24932ad0a0135e46119ecfd5,aime24:p0:s0:seed42,7a50b9d97068ffc8a93d794fcdf6bac89e37ed85dd38b6abbdbbe8fb4c9a8f8a
4250,4096,true,clamped_next_token_JS,1.2231731183476313e-08,154,232e3b08d10919ca24932ad0a0135e46119ecfd5,aime24:p0:s0:seed42,7a50b9d97068ffc8a93d794fcdf6bac89e37ed85dd38b6abbdbbe8fb4c9a8f8a
203,128,true,next_token_KL,1.8470540453563444e-05,75,232e3b08d10919ca24932ad0a0135e46119ecfd5,aime24:p11:s1:seed11043,437efafa63f236f96af74b80dfc1ee0897d780c1db5b68f052079544eea26327
203,128,true,next_token_JS,4.567622454487719e-06,75,232e3b08d10919ca24932ad0a0135e46119ecfd5,aime24:p11:s1:seed11043,437efafa63f236f96af74b80dfc1ee0897d780c1db5b68f052079544eea26327
203,128,true,logit_max_abs_diff,0.0224609375,75,232e3b08d10919ca24932ad0a0135e46119ecfd5,aime24:p11:s1:seed11043,437efafa63f236f96af74b80dfc1ee0897d780c1db5b68f052079544eea26327
203,128,true,logit_mean_abs_diff,0.003318590810522437,75,232e3b08d10919ca24932ad0a0135e46119ecfd5,aime24:p11:s1:seed11043,437efafa63f236f96af74b80dfc1ee0897d780c1db5b68f052079544eea26327
203,128,true,top1_agreement,True,75,232e3b08d10919ca24932ad0a0135e46119ecfd5,aime24:p11:s1:seed11043,437efafa63f236f96af74b80dfc1ee0897d780c1db5b68f052079544eea26327
203,128,true,top1_disagreement,0.0,75,232e3b08d10919ca24932ad0a0135e46119ecfd5,aime24:p11:s1:seed11043,437efafa63f236f96af74b80dfc1ee0897d780c1db5b68f052079544eea26327
203,128,true,target_token_NLL_delta,0.0019958019256591797,75,232e3b08d10919ca24932ad0a0135e46119ecfd5,aime24:p11:s1:seed11043,437efafa63f236f96af74b80dfc1ee0897d780c1db5b68f052079544eea26327
203,128,true,hidden_relative_L2,0.0022796562407165766,75,232e3b08d10919ca24932ad0a0135e46119ecfd5,aime24:p11:s1:seed11043,437efafa63f236f96af74b80dfc1ee0897d780c1db5b68f052079544eea26327
203,128,true,hidden_MAE,0.003868973348289728,75,232e3b08d10919ca24932ad0a0135e46119ecfd5,aime24:p11:s1:seed11043,437efafa63f236f96af74b80dfc1ee0897d780c1db5b68f052079544eea26327
203,128,true,hidden_cosine,0.9999971389770508,75,232e3b08d10919ca24932ad0a0135e46119ecfd5,aime24:p11:s1:seed11043,437efafa63f236f96af74b80dfc1ee0897d780c1db5b68f052079544eea26327
203,128,true,hidden_cosine_loss,2.86102294921875e-06,75,232e3b08d10919ca24932ad0a0135e46119ecfd5,aime24:p11:s1:seed11043,437efafa63f236f96af74b80dfc1ee0897d780c1db5b68f052079544eea26327
203,128,true,attention_output_relative_L2,0.0022796562407165766,75,232e3b08d10919ca24932ad0a0135e46119ecfd5,aime24:p11:s1:seed11043,437efafa63f236f96af74b80dfc1ee0897d780c1db5b68f052079544eea26327
203,128,true,attention_output_MAE,0.003868973348289728,75,232e3b08d10919ca24932ad0a0135e46119ecfd5,aime24:p11:s1:seed11043,437efafa63f236f96af74b80dfc1ee0897d780c1db5b68f052079544eea26327
203,128,true,post_WO_relative_L2,0.0022796562407165766,75,232e3b08d10919ca24932ad0a0135e46119ecfd5,aime24:p11:s1:seed11043,437efafa63f236f96af74b80dfc1ee0897d780c1db5b68f052079544eea26327
203,128,true,raw_next_token_KL,1.8470540453563444e-05,75,232e3b08d10919ca24932ad0a0135e46119ecfd5,aime24:p11:s1:seed11043,437efafa63f236f96af74b80dfc1ee0897d780c1db5b68f052079544eea26327
203,128,true,raw_next_token_JS,4.567622454487719e-06,75,232e3b08d10919ca24932ad0a0135e46119ecfd5,aime24:p11:s1:seed11043,437efafa63f236f96af74b80dfc1ee0897d780c1db5b68f052079544eea26327
203,128,true,clamped_next_token_KL,1.8470540453563444e-05,75,232e3b08d10919ca24932ad0a0135e46119ecfd5,aime24:p11:s1:seed11043,437efafa63f236f96af74b80dfc1ee0897d780c1db5b68f052079544eea26327
203,128,true,clamped_next_token_JS,4.567622454487719e-06,75,232e3b08d10919ca24932ad0a0135e46119ecfd5,aime24:p11:s1:seed11043,437efafa63f236f96af74b80dfc1ee0897d780c1db5b68f052079544eea26327
587,512,true,next_token_KL,6.093739557400113e-06,75,232e3b08d10919ca24932ad0a0135e46119ecfd5,aime24:p11:s1:seed11043,437efafa63f236f96af74b80dfc1ee0897d780c1db5b68f052079544eea26327
587,512,true,next_token_JS,1.4940803794161184e-06,75,232e3b08d10919ca24932ad0a0135e46119ecfd5,aime24:p11:s1:seed11043,437efafa63f236f96af74b80dfc1ee0897d780c1db5b68f052079544eea26327
587,512,true,logit_max_abs_diff,0.0234375,75,232e3b08d10919ca24932ad0a0135e46119ecfd5,aime24:p11:s1:seed11043,437efafa63f236f96af74b80dfc1ee0897d780c1db5b68f052079544eea26327
587,512,true,logit_mean_abs_diff,0.0037636286579072475,75,232e3b08d10919ca24932ad0a0135e46119ecfd5,aime24:p11:s1:seed11043,437efafa63f236f96af74b80dfc1ee0897d780c1db5b68f052079544eea26327
587,512,true,top1_agreement,True,75,232e3b08d10919ca24932ad0a0135e46119ecfd5,aime24:p11:s1:seed11043,437efafa63f236f96af74b80dfc1ee0897d780c1db5b68f052079544eea26327
587,512,true,top1_disagreement,0.0,75,232e3b08d10919ca24932ad0a0135e46119ecfd5,aime24:p11:s1:seed11043,437efafa63f236f96af74b80dfc1ee0897d780c1db5b68f052079544eea26327
587,512,true,target_token_NLL_delta,0.000828087329864502,75,232e3b08d10919ca24932ad0a0135e46119ecfd5,aime24:p11:s1:seed11043,437efafa63f236f96af74b80dfc1ee0897d780c1db5b68f052079544eea26327
587,512,true,hidden_relative_L2,0.0023587995674461126,75,232e3b08d10919ca24932ad0a0135e46119ecfd5,aime24:p11:s1:seed11043,437efafa63f236f96af74b80dfc1ee0897d780c1db5b68f052079544eea26327
587,512,true,hidden_MAE,0.003826836124062538,75,232e3b08d10919ca24932ad0a0135e46119ecfd5,aime24:p11:s1:seed11043,437efafa63f236f96af74b80dfc1ee0897d780c1db5b68f052079544eea26327
587,512,true,hidden_cosine,0.9999970197677612,75,232e3b08d10919ca24932ad0a0135e46119ecfd5,aime24:p11:s1:seed11043,437efafa63f236f96af74b80dfc1ee0897d780c1db5b68f052079544eea26327
587,512,true,hidden_cosine_loss,2.9802322387695312e-06,75,232e3b08d10919ca24932ad0a0135e46119ecfd5,aime24:p11:s1:seed11043,437efafa63f236f96af74b80dfc1ee0897d780c1db5b68f052079544eea26327
587,512,true,attention_output_relative_L2,0.0023587995674461126,75,232e3b08d10919ca24932ad0a0135e46119ecfd5,aime24:p11:s1:seed11043,437efafa63f236f96af74b80dfc1ee0897d780c1db5b68f052079544eea26327
587,512,true,attention_output_MAE,0.003826836124062538,75,232e3b08d10919ca24932ad0a0135e46119ecfd5,aime24:p11:s1:seed11043,437efafa63f236f96af74b80dfc1ee0897d780c1db5b68f052079544eea26327
587,512,true,post_WO_relative_L2,0.0023587995674461126,75,232e3b08d10919ca24932ad0a0135e46119ecfd5,aime24:p11:s1:seed11043,437efafa63f236f96af74b80dfc1ee0897d780c1db5b68f052079544eea26327
587,512,true,raw_next_token_KL,6.093739557400113e-06,75,232e3b08d10919ca24932ad0a0135e46119ecfd5,aime24:p11:s1:seed11043,437efafa63f236f96af74b80dfc1ee0897d780c1db5b68f052079544eea26327
587,512,true,raw_next_token_JS,1.4940803794161184e-06,75,232e3b08d10919ca24932ad0a0135e46119ecfd5,aime24:p11:s1:seed11043,437efafa63f236f96af74b80dfc1ee0897d780c1db5b68f052079544eea26327
587,512,true,clamped_next_token_KL,6.093739557400113e-06,75,232e3b08d10919ca24932ad0a0135e46119ecfd5,aime24:p11:s1:seed11043,437efafa63f236f96af74b80dfc1ee0897d780c1db5b68f052079544eea26327
587,512,true,clamped_next_token_JS,1.4940803794161184e-06,75,232e3b08d10919ca24932ad0a0135e46119ecfd5,aime24:p11:s1:seed11043,437efafa63f236f96af74b80dfc1ee0897d780c1db5b68f052079544eea26327
1099,1024,true,next_token_KL,7.434243798343232e-06,75,232e3b08d10919ca24932ad0a0135e46119ecfd5,aime24:p11:s1:seed11043,437efafa63f236f96af74b80dfc1ee0897d780c1db5b68f052079544eea26327
1099,1024,true,next_token_JS,1.8074154013447696e-06,75,232e3b08d10919ca24932ad0a0135e46119ecfd5,aime24:p11:s1:seed11043,437efafa63f236f96af74b80dfc1ee0897d780c1db5b68f052079544eea26327
1099,1024,true,logit_max_abs_diff,0.01953125,75,232e3b08d10919ca24932ad0a0135e46119ecfd5,aime24:p11:s1:seed11043,437efafa63f236f96af74b80dfc1ee0897d780c1db5b68f052079544eea26327
1099,1024,true,logit_mean_abs_diff,0.0032987925224006176,75,232e3b08d10919ca24932ad0a0135e46119ecfd5,aime24:p11:s1:seed11043,437efafa63f236f96af74b80dfc1ee0897d780c1db5b68f052079544eea26327
1099,1024,true,top1_agreement,True,75,232e3b08d10919ca24932ad0a0135e46119ecfd5,aime24:p11:s1:seed11043,437efafa63f236f96af74b80dfc1ee0897d780c1db5b68f052079544eea26327
1099,1024,true,top1_disagreement,0.0,75,232e3b08d10919ca24932ad0a0135e46119ecfd5,aime24:p11:s1:seed11043,437efafa63f236f96af74b80dfc1ee0897d780c1db5b68f052079544eea26327
1099,1024,true,target_token_NLL_delta,-0.0007269382476806641,75,232e3b08d10919ca24932ad0a0135e46119ecfd5,aime24:p11:s1:seed11043,437efafa63f236f96af74b80dfc1ee0897d780c1db5b68f052079544eea26327
1099,1024,true,hidden_relative_L2,0.001782478648237884,75,232e3b08d10919ca24932ad0a0135e46119ecfd5,aime24:p11:s1:seed11043,437efafa63f236f96af74b80dfc1ee0897d780c1db5b68f052079544eea26327
1099,1024,true,hidden_MAE,0.0028870459645986557,75,232e3b08d10919ca24932ad0a0135e46119ecfd5,aime24:p11:s1:seed11043,437efafa63f236f96af74b80dfc1ee0897d780c1db5b68f052079544eea26327
1099,1024,true,hidden_cosine,0.9999980330467224,75,232e3b08d10919ca24932ad0a0135e46119ecfd5,aime24:p11:s1:seed11043,437efafa63f236f96af74b80dfc1ee0897d780c1db5b68f052079544eea26327
1099,1024,true,hidden_cosine_loss,1.9669532775878906e-06,75,232e3b08d10919ca24932ad0a0135e46119ecfd5,aime24:p11:s1:seed11043,437efafa63f236f96af74b80dfc1ee0897d780c1db5b68f052079544eea26327
1099,1024,true,attention_output_relative_L2,0.001782478648237884,75,232e3b08d10919ca24932ad0a0135e46119ecfd5,aime24:p11:s1:seed11043,437efafa63f236f96af74b80dfc1ee0897d780c1db5b68f052079544eea26327
1099,1024,true,attention_output_MAE,0.0028870459645986557,75,232e3b08d10919ca24932ad0a0135e46119ecfd5,aime24:p11:s1:seed11043,437efafa63f236f96af74b80dfc1ee0897d780c1db5b68f052079544eea26327
1099,1024,true,post_WO_relative_L2,0.001782478648237884,75,232e3b08d10919ca24932ad0a0135e46119ecfd5,aime24:p11:s1:seed11043,437efafa63f236f96af74b80dfc1ee0897d780c1db5b68f052079544eea26327
1099,1024,true,raw_next_token_KL,7.434243798343232e-06,75,232e3b08d10919ca24932ad0a0135e46119ecfd5,aime24:p11:s1:seed11043,437efafa63f236f96af74b80dfc1ee0897d780c1db5b68f052079544eea26327
1099,1024,true,raw_next_token_JS,1.8074154013447696e-06,75,232e3b08d10919ca24932ad0a0135e46119ecfd5,aime24:p11:s1:seed11043,437efafa63f236f96af74b80dfc1ee0897d780c1db5b68f052079544eea26327
1099,1024,true,clamped_next_token_KL,7.434243798343232e-06,75,232e3b08d10919ca24932ad0a0135e46119ecfd5,aime24:p11:s1:seed11043,437efafa63f236f96af74b80dfc1ee0897d780c1db5b68f052079544eea26327
1099,1024,true,clamped_next_token_JS,1.8074154013447696e-06,75,232e3b08d10919ca24932ad0a0135e46119ecfd5,aime24:p11:s1:seed11043,437efafa63f236f96af74b80dfc1ee0897d780c1db5b68f052079544eea26327
2123,2048,true,next_token_KL,-4.819897014840535e-08,75,232e3b08d10919ca24932ad0a0135e46119ecfd5,aime24:p11:s1:seed11043,437efafa63f236f96af74b80dfc1ee0897d780c1db5b68f052079544eea26327
2123,2048,true,next_token_JS,2.8673703411641327e-08,75,232e3b08d10919ca24932ad0a0135e46119ecfd5,aime24:p11:s1:seed11043,437efafa63f236f96af74b80dfc1ee0897d780c1db5b68f052079544eea26327
2123,2048,true,logit_max_abs_diff,0.015625,75,232e3b08d10919ca24932ad0a0135e46119ecfd5,aime24:p11:s1:seed11043,437efafa63f236f96af74b80dfc1ee0897d780c1db5b68f052079544eea26327
2123,2048,true,logit_mean_abs_diff,0.002109317807480693,75,232e3b08d10919ca24932ad0a0135e46119ecfd5,aime24:p11:s1:seed11043,437efafa63f236f96af74b80dfc1ee0897d780c1db5b68f052079544eea26327
2123,2048,true,top1_agreement,True,75,232e3b08d10919ca24932ad0a0135e46119ecfd5,aime24:p11:s1:seed11043,437efafa63f236f96af74b80dfc1ee0897d780c1db5b68f052079544eea26327
2123,2048,true,top1_disagreement,0.0,75,232e3b08d10919ca24932ad0a0135e46119ecfd5,aime24:p11:s1:seed11043,437efafa63f236f96af74b80dfc1ee0897d780c1db5b68f052079544eea26327
2123,2048,true,target_token_NLL_delta,-8.195638656616211e-07,75,232e3b08d10919ca24932ad0a0135e46119ecfd5,aime24:p11:s1:seed11043,437efafa63f236f96af74b80dfc1ee0897d780c1db5b68f052079544eea26327
2123,2048,true,hidden_relative_L2,0.0021434961818158627,75,232e3b08d10919ca24932ad0a0135e46119ecfd5,aime24:p11:s1:seed11043,437efafa63f236f96af74b80dfc1ee0897d780c1db5b68f052079544eea26327
2123,2048,true,hidden_MAE,0.002074530813843012,75,232e3b08d10919ca24932ad0a0135e46119ecfd5,aime24:p11:s1:seed11043,437efafa63f236f96af74b80dfc1ee0897d780c1db5b68f052079544eea26327
2123,2048,true,hidden_cosine,0.9999974966049194,75,232e3b08d10919ca24932ad0a0135e46119ecfd5,aime24:p11:s1:seed11043,437efafa63f236f96af74b80dfc1ee0897d780c1db5b68f052079544eea26327
2123,2048,true,hidden_cosine_loss,2.5033950805664062e-06,75,232e3b08d10919ca24932ad0a0135e46119ecfd5,aime24:p11:s1:seed11043,437efafa63f236f96af74b80dfc1ee0897d780c1db5b68f052079544eea26327
2123,2048,true,attention_output_relative_L2,0.0021434961818158627,75,232e3b08d10919ca24932ad0a0135e46119ecfd5,aime24:p11:s1:seed11043,437efafa63f236f96af74b80dfc1ee0897d780c1db5b68f052079544eea26327
2123,2048,true,attention_output_MAE,0.002074530813843012,75,232e3b08d10919ca24932ad0a0135e46119ecfd5,aime24:p11:s1:seed11043,437efafa63f236f96af74b80dfc1ee0897d780c1db5b68f052079544eea26327
2123,2048,true,post_WO_relative_L2,0.0021434961818158627,75,232e3b08d10919ca24932ad0a0135e46119ecfd5,aime24:p11:s1:seed11043,437efafa63f236f96af74b80dfc1ee0897d780c1db5b68f052079544eea26327
2123,2048,true,raw_next_token_KL,-4.819897014840535e-08,75,232e3b08d10919ca24932ad0a0135e46119ecfd5,aime24:p11:s1:seed11043,437efafa63f236f96af74b80dfc1ee0897d780c1db5b68f052079544eea26327
2123,2048,true,raw_next_token_JS,2.8673703411641327e-08,75,232e3b08d10919ca24932ad0a0135e46119ecfd5,aime24:p11:s1:seed11043,437efafa63f236f96af74b80dfc1ee0897d780c1db5b68f052079544eea26327
2123,2048,true,clamped_next_token_KL,0.0,75,232e3b08d10919ca24932ad0a0135e46119ecfd5,aime24:p11:s1:seed11043,437efafa63f236f96af74b80dfc1ee0897d780c1db5b68f052079544eea26327
2123,2048,true,clamped_next_token_JS,2.8673703411641327e-08,75,232e3b08d10919ca24932ad0a0135e46119ecfd5,aime24:p11:s1:seed11043,437efafa63f236f96af74b80dfc1ee0897d780c1db5b68f052079544eea26327
4171,4096,true,next_token_KL,3.09849035318166e-09,75,232e3b08d10919ca24932ad0a0135e46119ecfd5,aime24:p11:s1:seed11043,437efafa63f236f96af74b80dfc1ee0897d780c1db5b68f052079544eea26327
4171,4096,true,next_token_JS,1.0827172491900683e-11,75,232e3b08d10919ca24932ad0a0135e46119ecfd5,aime24:p11:s1:seed11043,437efafa63f236f96af74b80dfc1ee0897d780c1db5b68f052079544eea26327
4171,4096,true,logit_max_abs_diff,0.03125,75,232e3b08d10919ca24932ad0a0135e46119ecfd5,aime24:p11:s1:seed11043,437efafa63f236f96af74b80dfc1ee0897d780c1db5b68f052079544eea26327
4171,4096,true,logit_mean_abs_diff,0.0031244116835296154,75,232e3b08d10919ca24932ad0a0135e46119ecfd5,aime24:p11:s1:seed11043,437efafa63f236f96af74b80dfc1ee0897d780c1db5b68f052079544eea26327
4171,4096,true,top1_agreement,True,75,232e3b08d10919ca24932ad0a0135e46119ecfd5,aime24:p11:s1:seed11043,437efafa63f236f96af74b80dfc1ee0897d780c1db5b68f052079544eea26327
4171,4096,true,top1_disagreement,0.0,75,232e3b08d10919ca24932ad0a0135e46119ecfd5,aime24:p11:s1:seed11043,437efafa63f236f96af74b80dfc1ee0897d780c1db5b68f052079544eea26327
4171,4096,true,target_token_NLL_delta,0.0,75,232e3b08d10919ca24932ad0a0135e46119ecfd5,aime24:p11:s1:seed11043,437efafa63f236f96af74b80dfc1ee0897d780c1db5b68f052079544eea26327
4171,4096,true,hidden_relative_L2,0.002173617947846651,75,232e3b08d10919ca24932ad0a0135e46119ecfd5,aime24:p11:s1:seed11043,437efafa63f236f96af74b80dfc1ee0897d780c1db5b68f052079544eea26327
4171,4096,true,hidden_MAE,0.0031851979438215494,75,232e3b08d10919ca24932ad0a0135e46119ecfd5,aime24:p11:s1:seed11043,437efafa63f236f96af74b80dfc1ee0897d780c1db5b68f052079544eea26327
4171,4096,true,hidden_cosine,0.9999975562095642,75,232e3b08d10919ca24932ad0a0135e46119ecfd5,aime24:p11:s1:seed11043,437efafa63f236f96af74b80dfc1ee0897d780c1db5b68f052079544eea26327
4171,4096,true,hidden_cosine_loss,2.4437904357910156e-06,75,232e3b08d10919ca24932ad0a0135e46119ecfd5,aime24:p11:s1:seed11043,437efafa63f236f96af74b80dfc1ee0897d780c1db5b68f052079544eea26327
4171,4096,true,attention_output_relative_L2,0.002173617947846651,75,232e3b08d10919ca24932ad0a0135e46119ecfd5,aime24:p11:s1:seed11043,437efafa63f236f96af74b80dfc1ee0897d780c1db5b68f052079544eea26327
4171,4096,true,attention_output_MAE,0.0031851979438215494,75,232e3b08d10919ca24932ad0a0135e46119ecfd5,aime24:p11:s1:seed11043,437efafa63f236f96af74b80dfc1ee0897d780c1db5b68f052079544eea26327
4171,4096,true,post_WO_relative_L2,0.002173617947846651,75,232e3b08d10919ca24932ad0a0135e46119ecfd5,aime24:p11:s1:seed11043,437efafa63f236f96af74b80dfc1ee0897d780c1db5b68f052079544eea26327
4171,4096,true,raw_next_token_KL,3.09849035318166e-09,75,232e3b08d10919ca24932ad0a0135e46119ecfd5,aime24:p11:s1:seed11043,437efafa63f236f96af74b80dfc1ee0897d780c1db5b68f052079544eea26327
4171,4096,true,raw_next_token_JS,1.0827172491900683e-11,75,232e3b08d10919ca24932ad0a0135e46119ecfd5,aime24:p11:s1:seed11043,437efafa63f236f96af74b80dfc1ee0897d780c1db5b68f052079544eea26327
4171,4096,true,clamped_next_token_KL,3.09849035318166e-09,75,232e3b08d10919ca24932ad0a0135e46119ecfd5,aime24:p11:s1:seed11043,437efafa63f236f96af74b80dfc1ee0897d780c1db5b68f052079544eea26327
4171,4096,true,clamped_next_token_JS,1.0827172491900683e-11,75,232e3b08d10919ca24932ad0a0135e46119ecfd5,aime24:p11:s1:seed11043,437efafa63f236f96af74b80dfc1ee0897d780c1db5b68f052079544eea26327
248,128,true,next_token_KL,2.0105312614759896e-06,120,232e3b08d10919ca24932ad0a0135e46119ecfd5,aime24:p15:s0:seed15042,822cea1aaf72daad98cf9ddb629a4d3a79650451920bd62395ce83a00ac9a58b
248,128,true,next_token_JS,5.18944943905808e-07,120,232e3b08d10919ca24932ad0a0135e46119ecfd5,aime24:p15:s0:seed15042,822cea1aaf72daad98cf9ddb629a4d3a79650451920bd62395ce83a00ac9a58b
248,128,true,logit_max_abs_diff,0.0234375,120,232e3b08d10919ca24932ad0a0135e46119ecfd5,aime24:p15:s0:seed15042,822cea1aaf72daad98cf9ddb629a4d3a79650451920bd62395ce83a00ac9a58b
248,128,true,logit_mean_abs_diff,0.0031357412226498127,120,232e3b08d10919ca24932ad0a0135e46119ecfd5,aime24:p15:s0:seed15042,822cea1aaf72daad98cf9ddb629a4d3a79650451920bd62395ce83a00ac9a58b
248,128,true,top1_agreement,True,120,232e3b08d10919ca24932ad0a0135e46119ecfd5,aime24:p15:s0:seed15042,822cea1aaf72daad98cf9ddb629a4d3a79650451920bd62395ce83a00ac9a58b
248,128,true,top1_disagreement,0.0,120,232e3b08d10919ca24932ad0a0135e46119ecfd5,aime24:p15:s0:seed15042,822cea1aaf72daad98cf9ddb629a4d3a79650451920bd62395ce83a00ac9a58b
248,128,true,target_token_NLL_delta,0.0002743806689977646,120,232e3b08d10919ca24932ad0a0135e46119ecfd5,aime24:p15:s0:seed15042,822cea1aaf72daad98cf9ddb629a4d3a79650451920bd62395ce83a00ac9a58b
248,128,true,hidden_relative_L2,0.002434586640447378,120,232e3b08d10919ca24932ad0a0135e46119ecfd5,aime24:p15:s0:seed15042,822cea1aaf72daad98cf9ddb629a4d3a79650451920bd62395ce83a00ac9a58b
248,128,true,hidden_MAE,0.0034027653746306896,120,232e3b08d10919ca24932ad0a0135e46119ecfd5,aime24:p15:s0:seed15042,822cea1aaf72daad98cf9ddb629a4d3a79650451920bd62395ce83a00ac9a58b
248,128,true,hidden_cosine,0.9999967813491821,120,232e3b08d10919ca24932ad0a0135e46119ecfd5,aime24:p15:s0:seed15042,822cea1aaf72daad98cf9ddb629a4d3a79650451920bd62395ce83a00ac9a58b
248,128,true,hidden_cosine_loss,3.2186508178710938e-06,120,232e3b08d10919ca24932ad0a0135e46119ecfd5,aime24:p15:s0:seed15042,822cea1aaf72daad98cf9ddb629a4d3a79650451920bd62395ce83a00ac9a58b
248,128,true,attention_output_relative_L2,0.002434586640447378,120,232e3b08d10919ca24932ad0a0135e46119ecfd5,aime24:p15:s0:seed15042,822cea1aaf72daad98cf9ddb629a4d3a79650451920bd62395ce83a00ac9a58b
248,128,true,attention_output_MAE,0.0034027653746306896,120,232e3b08d10919ca24932ad0a0135e46119ecfd5,aime24:p15:s0:seed15042,822cea1aaf72daad98cf9ddb629a4d3a79650451920bd62395ce83a00ac9a58b
248,128,true,post_WO_relative_L2,0.002434586640447378,120,232e3b08d10919ca24932ad0a0135e46119ecfd5,aime24:p15:s0:seed15042,822cea1aaf72daad98cf9ddb629a4d3a79650451920bd62395ce83a00ac9a58b
248,128,true,raw_next_token_KL,2.0105312614759896e-06,120,232e3b08d10919ca24932ad0a0135e46119ecfd5,aime24:p15:s0:seed15042,822cea1aaf72daad98cf9ddb629a4d3a79650451920bd62395ce83a00ac9a58b
248,128,true,raw_next_token_JS,5.18944943905808e-07,120,232e3b08d10919ca24932ad0a0135e46119ecfd5,aime24:p15:s0:seed15042,822cea1aaf72daad98cf9ddb629a4d3a79650451920bd62395ce83a00ac9a58b
248,128,true,clamped_next_token_KL,2.0105312614759896e-06,120,232e3b08d10919ca24932ad0a0135e46119ecfd5,aime24:p15:s0:seed15042,822cea1aaf72daad98cf9ddb629a4d3a79650451920bd62395ce83a00ac9a58b
248,128,true,clamped_next_token_JS,5.18944943905808e-07,120,232e3b08d10919ca24932ad0a0135e46119ecfd5,aime24:p15:s0:seed15042,822cea1aaf72daad98cf9ddb629a4d3a79650451920bd62395ce83a00ac9a58b
632,512,true,next_token_KL,2.9981727038830286e-06,120,232e3b08d10919ca24932ad0a0135e46119ecfd5,aime24:p15:s0:seed15042,822cea1aaf72daad98cf9ddb629a4d3a79650451920bd62395ce83a00ac9a58b
632,512,true,next_token_JS,7.608688292748411e-07,120,232e3b08d10919ca24932ad0a0135e46119ecfd5,aime24:p15:s0:seed15042,822cea1aaf72daad98cf9ddb629a4d3a79650451920bd62395ce83a00ac9a58b
632,512,true,logit_max_abs_diff,0.01953125,120,232e3b08d10919ca24932ad0a0135e46119ecfd5,aime24:p15:s0:seed15042,822cea1aaf72daad98cf9ddb629a4d3a79650451920bd62395ce83a00ac9a58b
632,512,true,logit_mean_abs_diff,0.0031502090860158205,120,232e3b08d10919ca24932ad0a0135e46119ecfd5,aime24:p15:s0:seed15042,822cea1aaf72daad98cf9ddb629a4d3a79650451920bd62395ce83a00ac9a58b
632,512,true,top1_agreement,True,120,232e3b08d10919ca24932ad0a0135e46119ecfd5,aime24:p15:s0:seed15042,822cea1aaf72daad98cf9ddb629a4d3a79650451920bd62395ce83a00ac9a58b
632,512,true,top1_disagreement,0.0,120,232e3b08d10919ca24932ad0a0135e46119ecfd5,aime24:p15:s0:seed15042,822cea1aaf72daad98cf9ddb629a4d3a79650451920bd62395ce83a00ac9a58b
632,512,true,target_token_NLL_delta,-0.00039785169064998627,120,232e3b08d10919ca24932ad0a0135e46119ecfd5,aime24:p15:s0:seed15042,822cea1aaf72daad98cf9ddb629a4d3a79650451920bd62395ce83a00ac9a58b
632,512,true,hidden_relative_L2,0.001967723947018385,120,232e3b08d10919ca24932ad0a0135e46119ecfd5,aime24:p15:s0:seed15042,822cea1aaf72daad98cf9ddb629a4d3a79650451920bd62395ce83a00ac9a58b
632,512,true,hidden_MAE,0.002969849854707718,120,232e3b08d10919ca24932ad0a0135e46119ecfd5,aime24:p15:s0:seed15042,822cea1aaf72daad98cf9ddb629a4d3a79650451920bd62395ce83a00ac9a58b
632,512,true,hidden_cosine,0.9999977946281433,120,232e3b08d10919ca24932ad0a0135e46119ecfd5,aime24:p15:s0:seed15042,822cea1aaf72daad98cf9ddb629a4d3a79650451920bd62395ce83a00ac9a58b
632,512,true,hidden_cosine_loss,2.205371856689453e-06,120,232e3b08d10919ca24932ad0a0135e46119ecfd5,aime24:p15:s0:seed15042,822cea1aaf72daad98cf9ddb629a4d3a79650451920bd62395ce83a00ac9a58b
632,512,true,attention_output_relative_L2,0.001967723947018385,120,232e3b08d10919ca24932ad0a0135e46119ecfd5,aime24:p15:s0:seed15042,822cea1aaf72daad98cf9ddb629a4d3a79650451920bd62395ce83a00ac9a58b
632,512,true,attention_output_MAE,0.002969849854707718,120,232e3b08d10919ca24932ad0a0135e46119ecfd5,aime24:p15:s0:seed15042,822cea1aaf72daad98cf9ddb629a4d3a79650451920bd62395ce83a00ac9a58b
632,512,true,post_WO_relative_L2,0.001967723947018385,120,232e3b08d10919ca24932ad0a0135e46119ecfd5,aime24:p15:s0:seed15042,822cea1aaf72daad98cf9ddb629a4d3a79650451920bd62395ce83a00ac9a58b
632,512,true,raw_next_token_KL,2.9981727038830286e-06,120,232e3b08d10919ca24932ad0a0135e46119ecfd5,aime24:p15:s0:seed15042,822cea1aaf72daad98cf9ddb629a4d3a79650451920bd62395ce83a00ac9a58b
632,512,true,raw_next_token_JS,7.608688292748411e-07,120,232e3b08d10919ca24932ad0a0135e46119ecfd5,aime24:p15:s0:seed15042,822cea1aaf72daad98cf9ddb629a4d3a79650451920bd62395ce83a00ac9a58b
632,512,true,clamped_next_token_KL,2.9981727038830286e-06,120,232e3b08d10919ca24932ad0a0135e46119ecfd5,aime24:p15:s0:seed15042,822cea1aaf72daad98cf9ddb629a4d3a79650451920bd62395ce83a00ac9a58b
632,512,true,clamped_next_token_JS,7.608688292748411e-07,120,232e3b08d10919ca24932ad0a0135e46119ecfd5,aime24:p15:s0:seed15042,822cea1aaf72daad98cf9ddb629a4d3a79650451920bd62395ce83a00ac9a58b
1144,1024,true,next_token_KL,3.7234238448036194e-07,120,232e3b08d10919ca24932ad0a0135e46119ecfd5,aime24:p15:s0:seed15042,822cea1aaf72daad98cf9ddb629a4d3a79650451920bd62395ce83a00ac9a58b
1144,1024,true,next_token_JS,5.350957010819002e-08,120,232e3b08d10919ca24932ad0a0135e46119ecfd5,aime24:p15:s0:seed15042,822cea1aaf72daad98cf9ddb629a4d3a79650451920bd62395ce83a00ac9a58b
1144,1024,true,logit_max_abs_diff,0.015625,120,232e3b08d10919ca24932ad0a0135e46119ecfd5,aime24:p15:s0:seed15042,822cea1aaf72daad98cf9ddb629a4d3a79650451920bd62395ce83a00ac9a58b
1144,1024,true,logit_mean_abs_diff,0.0023142225109040737,120,232e3b08d10919ca24932ad0a0135e46119ecfd5,aime24:p15:s0:seed15042,822cea1aaf72daad98cf9ddb629a4d3a79650451920bd62395ce83a00ac9a58b
1144,1024,true,top1_agreement,True,120,232e3b08d10919ca24932ad0a0135e46119ecfd5,aime24:p15:s0:seed15042,822cea1aaf72daad98cf9ddb629a4d3a79650451920bd62395ce83a00ac9a58b
1144,1024,true,top1_disagreement,0.0,120,232e3b08d10919ca24932ad0a0135e46119ecfd5,aime24:p15:s0:seed15042,822cea1aaf72daad98cf9ddb629a4d3a79650451920bd62395ce83a00ac9a58b
1144,1024,true,target_token_NLL_delta,-3.275275230407715e-05,120,232e3b08d10919ca24932ad0a0135e46119ecfd5,aime24:p15:s0:seed15042,822cea1aaf72daad98cf9ddb629a4d3a79650451920bd62395ce83a00ac9a58b
1144,1024,true,hidden_relative_L2,0.001799902063794434,120,232e3b08d10919ca24932ad0a0135e46119ecfd5,aime24:p15:s0:seed15042,822cea1aaf72daad98cf9ddb629a4d3a79650451920bd62395ce83a00ac9a58b
1144,1024,true,hidden_MAE,0.0026371674612164497,120,232e3b08d10919ca24932ad0a0135e46119ecfd5,aime24:p15:s0:seed15042,822cea1aaf72daad98cf9ddb629a4d3a79650451920bd62395ce83a00ac9a58b
1144,1024,true,hidden_cosine,0.9999979138374329,120,232e3b08d10919ca24932ad0a0135e46119ecfd5,aime24:p15:s0:seed15042,822cea1aaf72daad98cf9ddb629a4d3a79650451920bd62395ce83a00ac9a58b
1144,1024,true,hidden_cosine_loss,2.086162567138672e-06,120,232e3b08d10919ca24932ad0a0135e46119ecfd5,aime24:p15:s0:seed15042,822cea1aaf72daad98cf9ddb629a4d3a79650451920bd62395ce83a00ac9a58b
1144,1024,true,attention_output_relative_L2,0.001799902063794434,120,232e3b08d10919ca24932ad0a0135e46119ecfd5,aime24:p15:s0:seed15042,822cea1aaf72daad98cf9ddb629a4d3a79650451920bd62395ce83a00ac9a58b
1144,1024,true,attention_output_MAE,0.0026371674612164497,120,232e3b08d10919ca24932ad0a0135e46119ecfd5,aime24:p15:s0:seed15042,822cea1aaf72daad98cf9ddb629a4d3a79650451920bd62395ce83a00ac9a58b
1144,1024,true,post_WO_relative_L2,0.001799902063794434,120,232e3b08d10919ca24932ad0a0135e46119ecfd5,aime24:p15:s0:seed15042,822cea1aaf72daad98cf9ddb629a4d3a79650451920bd62395ce83a00ac9a58b
1144,1024,true,raw_next_token_KL,3.7234238448036194e-07,120,232e3b08d10919ca24932ad0a0135e46119ecfd5,aime24:p15:s0:seed15042,822cea1aaf72daad98cf9ddb629a4d3a79650451920bd62395ce83a00ac9a58b
1144,1024,true,raw_next_token_JS,5.350957010819002e-08,120,232e3b08d10919ca24932ad0a0135e46119ecfd5,aime24:p15:s0:seed15042,822cea1aaf72daad98cf9ddb629a4d3a79650451920bd62395ce83a00ac9a58b
1144,1024,true,clamped_next_token_KL,3.7234238448036194e-07,120,232e3b08d10919ca24932ad0a0135e46119ecfd5,aime24:p15:s0:seed15042,822cea1aaf72daad98cf9ddb629a4d3a79650451920bd62395ce83a00ac9a58b
1144,1024,true,clamped_next_token_JS,5.350957010819002e-08,120,232e3b08d10919ca24932ad0a0135e46119ecfd5,aime24:p15:s0:seed15042,822cea1aaf72daad98cf9ddb629a4d3a79650451920bd62395ce83a00ac9a58b
2168,2048,true,next_token_KL,2.673203880476649e-06,120,232e3b08d10919ca24932ad0a0135e46119ecfd5,aime24:p15:s0:seed15042,822cea1aaf72daad98cf9ddb629a4d3a79650451920bd62395ce83a00ac9a58b
2168,2048,true,next_token_JS,7.191654276539339e-07,120,232e3b08d10919ca24932ad0a0135e46119ecfd5,aime24:p15:s0:seed15042,822cea1aaf72daad98cf9ddb629a4d3a79650451920bd62395ce83a00ac9a58b
2168,2048,true,logit_max_abs_diff,0.015625,120,232e3b08d10919ca24932ad0a0135e46119ecfd5,aime24:p15:s0:seed15042,822cea1aaf72daad98cf9ddb629a4d3a79650451920bd62395ce83a00ac9a58b
2168,2048,true,logit_mean_abs_diff,0.001975839491933584,120,232e3b08d10919ca24932ad0a0135e46119ecfd5,aime24:p15:s0:seed15042,822cea1aaf72daad98cf9ddb629a4d3a79650451920bd62395ce83a00ac9a58b
2168,2048,true,top1_agreement,True,120,232e3b08d10919ca24932ad0a0135e46119ecfd5,aime24:p15:s0:seed15042,822cea1aaf72daad98cf9ddb629a4d3a79650451920bd62395ce83a00ac9a58b
2168,2048,true,top1_disagreement,0.0,120,232e3b08d10919ca24932ad0a0135e46119ecfd5,aime24:p15:s0:seed15042,822cea1aaf72daad98cf9ddb629a4d3a79650451920bd62395ce83a00ac9a58b
2168,2048,true,target_token_NLL_delta,-0.0003464818000793457,120,232e3b08d10919ca24932ad0a0135e46119ecfd5,aime24:p15:s0:seed15042,822cea1aaf72daad98cf9ddb629a4d3a79650451920bd62395ce83a00ac9a58b
2168,2048,true,hidden_relative_L2,0.0013342639431357384,120,232e3b08d10919ca24932ad0a0135e46119ecfd5,aime24:p15:s0:seed15042,822cea1aaf72daad98cf9ddb629a4d3a79650451920bd62395ce83a00ac9a58b
2168,2048,true,hidden_MAE,0.0018789388705044985,120,232e3b08d10919ca24932ad0a0135e46119ecfd5,aime24:p15:s0:seed15042,822cea1aaf72daad98cf9ddb629a4d3a79650451920bd62395ce83a00ac9a58b
2168,2048,true,hidden_cosine,0.9999987483024597,120,232e3b08d10919ca24932ad0a0135e46119ecfd5,aime24:p15:s0:seed15042,822cea1aaf72daad98cf9ddb629a4d3a79650451920bd62395ce83a00ac9a58b
2168,2048,true,hidden_cosine_loss,1.2516975402832031e-06,120,232e3b08d10919ca24932ad0a0135e46119ecfd5,aime24:p15:s0:seed15042,822cea1aaf72daad98cf9ddb629a4d3a79650451920bd62395ce83a00ac9a58b
2168,2048,true,attention_output_relative_L2,0.0013342639431357384,120,232e3b08d10919ca24932ad0a0135e46119ecfd5,aime24:p15:s0:seed15042,822cea1aaf72daad98cf9ddb629a4d3a79650451920bd62395ce83a00ac9a58b
2168,2048,true,attention_output_MAE,0.0018789388705044985,120,232e3b08d10919ca24932ad0a0135e46119ecfd5,aime24:p15:s0:seed15042,822cea1aaf72daad98cf9ddb629a4d3a79650451920bd62395ce83a00ac9a58b
2168,2048,true,post_WO_relative_L2,0.0013342639431357384,120,232e3b08d10919ca24932ad0a0135e46119ecfd5,aime24:p15:s0:seed15042,822cea1aaf72daad98cf9ddb629a4d3a79650451920bd62395ce83a00ac9a58b
2168,2048,true,raw_next_token_KL,2.673203880476649e-06,120,232e3b08d10919ca24932ad0a0135e46119ecfd5,aime24:p15:s0:seed15042,822cea1aaf72daad98cf9ddb629a4d3a79650451920bd62395ce83a00ac9a58b
2168,2048,true,raw_next_token_JS,7.191654276539339e-07,120,232e3b08d10919ca24932ad0a0135e46119ecfd5,aime24:p15:s0:seed15042,822cea1aaf72daad98cf9ddb629a4d3a79650451920bd62395ce83a00ac9a58b
2168,2048,true,clamped_next_token_KL,2.673203880476649e-06,120,232e3b08d10919ca24932ad0a0135e46119ecfd5,aime24:p15:s0:seed15042,822cea1aaf72daad98cf9ddb629a4d3a79650451920bd62395ce83a00ac9a58b
2168,2048,true,clamped_next_token_JS,7.191654276539339e-07,120,232e3b08d10919ca24932ad0a0135e46119ecfd5,aime24:p15:s0:seed15042,822cea1aaf72daad98cf9ddb629a4d3a79650451920bd62395ce83a00ac9a58b
4216,4096,true,next_token_KL,6.803463747928618e-08,120,232e3b08d10919ca24932ad0a0135e46119ecfd5,aime24:p15:s0:seed15042,822cea1aaf72daad98cf9ddb629a4d3a79650451920bd62395ce83a00ac9a58b
4216,4096,true,next_token_JS,-4.130957798054169e-09,120,232e3b08d10919ca24932ad0a0135e46119ecfd5,aime24:p15:s0:seed15042,822cea1aaf72daad98cf9ddb629a4d3a79650451920bd62395ce83a00ac9a58b
4216,4096,true,logit_max_abs_diff,0.029296875,120,232e3b08d10919ca24932ad0a0135e46119ecfd5,aime24:p15:s0:seed15042,822cea1aaf72daad98cf9ddb629a4d3a79650451920bd62395ce83a00ac9a58b
4216,4096,true,logit_mean_abs_diff,0.004235322121530771,120,232e3b08d10919ca24932ad0a0135e46119ecfd5,aime24:p15:s0:seed15042,822cea1aaf72daad98cf9ddb629a4d3a79650451920bd62395ce83a00ac9a58b
4216,4096,true,top1_agreement,True,120,232e3b08d10919ca24932ad0a0135e46119ecfd5,aime24:p15:s0:seed15042,822cea1aaf72daad98cf9ddb629a4d3a79650451920bd62395ce83a00ac9a58b
4216,4096,true,top1_disagreement,0.0,120,232e3b08d10919ca24932ad0a0135e46119ecfd5,aime24:p15:s0:seed15042,822cea1aaf72daad98cf9ddb629a4d3a79650451920bd62395ce83a00ac9a58b
4216,4096,true,target_token_NLL_delta,6.31556031294167e-06,120,232e3b08d10919ca24932ad0a0135e46119ecfd5,aime24:p15:s0:seed15042,822cea1aaf72daad98cf9ddb629a4d3a79650451920bd62395ce83a00ac9a58b
4216,4096,true,hidden_relative_L2,0.003068686928600073,120,232e3b08d10919ca24932ad0a0135e46119ecfd5,aime24:p15:s0:seed15042,822cea1aaf72daad98cf9ddb629a4d3a79650451920bd62395ce83a00ac9a58b
4216,4096,true,hidden_MAE,0.00454980693757534,120,232e3b08d10919ca24932ad0a0135e46119ecfd5,aime24:p15:s0:seed15042,822cea1aaf72daad98cf9ddb629a4d3a79650451920bd62395ce83a00ac9a58b
4216,4096,true,hidden_cosine,0.9999951124191284,120,232e3b08d10919ca24932ad0a0135e46119ecfd5,aime24:p15:s0:seed15042,822cea1aaf72daad98cf9ddb629a4d3a79650451920bd62395ce83a00ac9a58b
4216,4096,true,hidden_cosine_loss,4.887580871582031e-06,120,232e3b08d10919ca24932ad0a0135e46119ecfd5,aime24:p15:s0:seed15042,822cea1aaf72daad98cf9ddb629a4d3a79650451920bd62395ce83a00ac9a58b
4216,4096,true,attention_output_relative_L2,0.003068686928600073,120,232e3b08d10919ca24932ad0a0135e46119ecfd5,aime24:p15:s0:seed15042,822cea1aaf72daad98cf9ddb629a4d3a79650451920bd62395ce83a00ac9a58b
4216,4096,true,attention_output_MAE,0.00454980693757534,120,232e3b08d10919ca24932ad0a0135e46119ecfd5,aime24:p15:s0:seed15042,822cea1aaf72daad98cf9ddb629a4d3a79650451920bd62395ce83a00ac9a58b
4216,4096,true,post_WO_relative_L2,0.003068686928600073,120,232e3b08d10919ca24932ad0a0135e46119ecfd5,aime24:p15:s0:seed15042,822cea1aaf72daad98cf9ddb629a4d3a79650451920bd62395ce83a00ac9a58b
4216,4096,true,raw_next_token_KL,6.803463747928618e-08,120,232e3b08d10919ca24932ad0a0135e46119ecfd5,aime24:p15:s0:seed15042,822cea1aaf72daad98cf9ddb629a4d3a79650451920bd62395ce83a00ac9a58b
4216,4096,true,raw_next_token_JS,-4.130957798054169e-09,120,232e3b08d10919ca24932ad0a0135e46119ecfd5,aime24:p15:s0:seed15042,822cea1aaf72daad98cf9ddb629a4d3a79650451920bd62395ce83a00ac9a58b
4216,4096,true,clamped_next_token_KL,6.803463747928618e-08,120,232e3b08d10919ca24932ad0a0135e46119ecfd5,aime24:p15:s0:seed15042,822cea1aaf72daad98cf9ddb629a4d3a79650451920bd62395ce83a00ac9a58b
4216,4096,true,clamped_next_token_JS,0.0,120,232e3b08d10919ca24932ad0a0135e46119ecfd5,aime24:p15:s0:seed15042,822cea1aaf72daad98cf9ddb629a4d3a79650451920bd62395ce83a00ac9a58b
230,128,true,next_token_KL,6.346834561554715e-05,102,232e3b08d10919ca24932ad0a0135e46119ecfd5,aime24:p17:s0:seed17042,69e6e42dc75e6e4dd872f1d902c29c4269171195229da34733e720e66cc0cbb3
230,128,true,next_token_JS,1.596669972059317e-05,102,232e3b08d10919ca24932ad0a0135e46119ecfd5,aime24:p17:s0:seed17042,69e6e42dc75e6e4dd872f1d902c29c4269171195229da34733e720e66cc0cbb3
230,128,true,logit_max_abs_diff,0.027587890625,102,232e3b08d10919ca24932ad0a0135e46119ecfd5,aime24:p17:s0:seed17042,69e6e42dc75e6e4dd872f1d902c29c4269171195229da34733e720e66cc0cbb3
230,128,true,logit_mean_abs_diff,0.004379467573016882,102,232e3b08d10919ca24932ad0a0135e46119ecfd5,aime24:p17:s0:seed17042,69e6e42dc75e6e4dd872f1d902c29c4269171195229da34733e720e66cc0cbb3
230,128,true,top1_agreement,True,102,232e3b08d10919ca24932ad0a0135e46119ecfd5,aime24:p17:s0:seed17042,69e6e42dc75e6e4dd872f1d902c29c4269171195229da34733e720e66cc0cbb3
230,128,true,top1_disagreement,0.0,102,232e3b08d10919ca24932ad0a0135e46119ecfd5,aime24:p17:s0:seed17042,69e6e42dc75e6e4dd872f1d902c29c4269171195229da34733e720e66cc0cbb3
230,128,true,target_token_NLL_delta,0.01883840560913086,102,232e3b08d10919ca24932ad0a0135e46119ecfd5,aime24:p17:s0:seed17042,69e6e42dc75e6e4dd872f1d902c29c4269171195229da34733e720e66cc0cbb3
230,128,true,hidden_relative_L2,0.0027257332112640142,102,232e3b08d10919ca24932ad0a0135e46119ecfd5,aime24:p17:s0:seed17042,69e6e42dc75e6e4dd872f1d902c29c4269171195229da34733e720e66cc0cbb3
230,128,true,hidden_MAE,0.004845608025789261,102,232e3b08d10919ca24932ad0a0135e46119ecfd5,aime24:p17:s0:seed17042,69e6e42dc75e6e4dd872f1d902c29c4269171195229da34733e720e66cc0cbb3
230,128,true,hidden_cosine,0.9999958276748657,102,232e3b08d10919ca24932ad0a0135e46119ecfd5,aime24:p17:s0:seed17042,69e6e42dc75e6e4dd872f1d902c29c4269171195229da34733e720e66cc0cbb3
230,128,true,hidden_cosine_loss,4.172325134277344e-06,102,232e3b08d10919ca24932ad0a0135e46119ecfd5,aime24:p17:s0:seed17042,69e6e42dc75e6e4dd872f1d902c29c4269171195229da34733e720e66cc0cbb3
230,128,true,attention_output_relative_L2,0.0027257332112640142,102,232e3b08d10919ca24932ad0a0135e46119ecfd5,aime24:p17:s0:seed17042,69e6e42dc75e6e4dd872f1d902c29c4269171195229da34733e720e66cc0cbb3
230,128,true,attention_output_MAE,0.004845608025789261,102,232e3b08d10919ca24932ad0a0135e46119ecfd5,aime24:p17:s0:seed17042,69e6e42dc75e6e4dd872f1d902c29c4269171195229da34733e720e66cc0cbb3
230,128,true,post_WO_relative_L2,0.0027257332112640142,102,232e3b08d10919ca24932ad0a0135e46119ecfd5,aime24:p17:s0:seed17042,69e6e42dc75e6e4dd872f1d902c29c4269171195229da34733e720e66cc0cbb3
230,128,true,raw_next_token_KL,6.346834561554715e-05,102,232e3b08d10919ca24932ad0a0135e46119ecfd5,aime24:p17:s0:seed17042,69e6e42dc75e6e4dd872f1d902c29c4269171195229da34733e720e66cc0cbb3
230,128,true,raw_next_token_JS,1.596669972059317e-05,102,232e3b08d10919ca24932ad0a0135e46119ecfd5,aime24:p17:s0:seed17042,69e6e42dc75e6e4dd872f1d902c29c4269171195229da34733e720e66cc0cbb3
230,128,true,clamped_next_token_KL,6.346834561554715e-05,102,232e3b08d10919ca24932ad0a0135e46119ecfd5,aime24:p17:s0:seed17042,69e6e42dc75e6e4dd872f1d902c29c4269171195229da34733e720e66cc0cbb3
230,128,true,clamped_next_token_JS,1.596669972059317e-05,102,232e3b08d10919ca24932ad0a0135e46119ecfd5,aime24:p17:s0:seed17042,69e6e42dc75e6e4dd872f1d902c29c4269171195229da34733e720e66cc0cbb3
614,512,true,next_token_KL,8.310778454312384e-11,102,232e3b08d10919ca24932ad0a0135e46119ecfd5,aime24:p17:s0:seed17042,69e6e42dc75e6e4dd872f1d902c29c4269171195229da34733e720e66cc0cbb3
614,512,true,next_token_JS,-1.3936469756004044e-08,102,232e3b08d10919ca24932ad0a0135e46119ecfd5,aime24:p17:s0:seed17042,69e6e42dc75e6e4dd872f1d902c29c4269171195229da34733e720e66cc0cbb3
614,512,true,logit_max_abs_diff,0.017669677734375,102,232e3b08d10919ca24932ad0a0135e46119ecfd5,aime24:p17:s0:seed17042,69e6e42dc75e6e4dd872f1d902c29c4269171195229da34733e720e66cc0cbb3
614,512,true,logit_mean_abs_diff,0.0028949312400072813,102,232e3b08d10919ca24932ad0a0135e46119ecfd5,aime24:p17:s0:seed17042,69e6e42dc75e6e4dd872f1d902c29c4269171195229da34733e720e66cc0cbb3
614,512,true,top1_agreement,True,102,232e3b08d10919ca24932ad0a0135e46119ecfd5,aime24:p17:s0:seed17042,69e6e42dc75e6e4dd872f1d902c29c4269171195229da34733e720e66cc0cbb3
614,512,true,top1_disagreement,0.0,102,232e3b08d10919ca24932ad0a0135e46119ecfd5,aime24:p17:s0:seed17042,69e6e42dc75e6e4dd872f1d902c29c4269171195229da34733e720e66cc0cbb3
614,512,true,target_token_NLL_delta,0.0,102,232e3b08d10919ca24932ad0a0135e46119ecfd5,aime24:p17:s0:seed17042,69e6e42dc75e6e4dd872f1d902c29c4269171195229da34733e720e66cc0cbb3
614,512,true,hidden_relative_L2,0.0025104405358433723,102,232e3b08d10919ca24932ad0a0135e46119ecfd5,aime24:p17:s0:seed17042,69e6e42dc75e6e4dd872f1d902c29c4269171195229da34733e720e66cc0cbb3
614,512,true,hidden_MAE,0.0033062733709812164,102,232e3b08d10919ca24932ad0a0135e46119ecfd5,aime24:p17:s0:seed17042,69e6e42dc75e6e4dd872f1d902c29c4269171195229da34733e720e66cc0cbb3
614,512,true,hidden_cosine,0.9999966621398926,102,232e3b08d10919ca24932ad0a0135e46119ecfd5,aime24:p17:s0:seed17042,69e6e42dc75e6e4dd872f1d902c29c4269171195229da34733e720e66cc0cbb3
614,512,true,hidden_cosine_loss,3.337860107421875e-06,102,232e3b08d10919ca24932ad0a0135e46119ecfd5,aime24:p17:s0:seed17042,69e6e42dc75e6e4dd872f1d902c29c4269171195229da34733e720e66cc0cbb3
614,512,true,attention_output_relative_L2,0.0025104405358433723,102,232e3b08d10919ca24932ad0a0135e46119ecfd5,aime24:p17:s0:seed17042,69e6e42dc75e6e4dd872f1d902c29c4269171195229da34733e720e66cc0cbb3
614,512,true,attention_output_MAE,0.0033062733709812164,102,232e3b08d10919ca24932ad0a0135e46119ecfd5,aime24:p17:s0:seed17042,69e6e42dc75e6e4dd872f1d902c29c4269171195229da34733e720e66cc0cbb3
614,512,true,post_WO_relative_L2,0.0025104405358433723,102,232e3b08d10919ca24932ad0a0135e46119ecfd5,aime24:p17:s0:seed17042,69e6e42dc75e6e4dd872f1d902c29c4269171195229da34733e720e66cc0cbb3
614,512,true,raw_next_token_KL,8.310778454312384e-11,102,232e3b08d10919ca24932ad0a0135e46119ecfd5,aime24:p17:s0:seed17042,69e6e42dc75e6e4dd872f1d902c29c4269171195229da34733e720e66cc0cbb3
614,512,true,raw_next_token_JS,-1.3936469756004044e-08,102,232e3b08d10919ca24932ad0a0135e46119ecfd5,aime24:p17:s0:seed17042,69e6e42dc75e6e4dd872f1d902c29c4269171195229da34733e720e66cc0cbb3
614,512,true,clamped_next_token_KL,8.310778454312384e-11,102,232e3b08d10919ca24932ad0a0135e46119ecfd5,aime24:p17:s0:seed17042,69e6e42dc75e6e4dd872f1d902c29c4269171195229da34733e720e66cc0cbb3
614,512,true,clamped_next_token_JS,0.0,102,232e3b08d10919ca24932ad0a0135e46119ecfd5,aime24:p17:s0:seed17042,69e6e42dc75e6e4dd872f1d902c29c4269171195229da34733e720e66cc0cbb3
1126,1024,true,next_token_KL,-1.035010341321474e-10,102,232e3b08d10919ca24932ad0a0135e46119ecfd5,aime24:p17:s0:seed17042,69e6e42dc75e6e4dd872f1d902c29c4269171195229da34733e720e66cc0cbb3
1126,1024,true,next_token_JS,4.216321042305182e-11,102,232e3b08d10919ca24932ad0a0135e46119ecfd5,aime24:p17:s0:seed17042,69e6e42dc75e6e4dd872f1d902c29c4269171195229da34733e720e66cc0cbb3
1126,1024,true,logit_max_abs_diff,0.0117645263671875,102,232e3b08d10919ca24932ad0a0135e46119ecfd5,aime24:p17:s0:seed17042,69e6e42dc75e6e4dd872f1d902c29c4269171195229da34733e720e66cc0cbb3
1126,1024,true,logit_mean_abs_diff,0.0019429291132837534,102,232e3b08d10919ca24932ad0a0135e46119ecfd5,aime24:p17:s0:seed17042,69e6e42dc75e6e4dd872f1d902c29c4269171195229da34733e720e66cc0cbb3
1126,1024,true,top1_agreement,True,102,232e3b08d10919ca24932ad0a0135e46119ecfd5,aime24:p17:s0:seed17042,69e6e42dc75e6e4dd872f1d902c29c4269171195229da34733e720e66cc0cbb3
1126,1024,true,top1_disagreement,0.0,102,232e3b08d10919ca24932ad0a0135e46119ecfd5,aime24:p17:s0:seed17042,69e6e42dc75e6e4dd872f1d902c29c4269171195229da34733e720e66cc0cbb3
1126,1024,true,target_token_NLL_delta,0.0,102,232e3b08d10919ca24932ad0a0135e46119ecfd5,aime24:p17:s0:seed17042,69e6e42dc75e6e4dd872f1d902c29c4269171195229da34733e720e66cc0cbb3
1126,1024,true,hidden_relative_L2,0.0019076218595728278,102,232e3b08d10919ca24932ad0a0135e46119ecfd5,aime24:p17:s0:seed17042,69e6e42dc75e6e4dd872f1d902c29c4269171195229da34733e720e66cc0cbb3
1126,1024,true,hidden_MAE,0.001968851312994957,102,232e3b08d10919ca24932ad0a0135e46119ecfd5,aime24:p17:s0:seed17042,69e6e42dc75e6e4dd872f1d902c29c4269171195229da34733e720e66cc0cbb3
1126,1024,true,hidden_cosine,0.9999977946281433,102,232e3b08d10919ca24932ad0a0135e46119ecfd5,aime24:p17:s0:seed17042,69e6e42dc75e6e4dd872f1d902c29c4269171195229da34733e720e66cc0cbb3
1126,1024,true,hidden_cosine_loss,2.205371856689453e-06,102,232e3b08d10919ca24932ad0a0135e46119ecfd5,aime24:p17:s0:seed17042,69e6e42dc75e6e4dd872f1d902c29c4269171195229da34733e720e66cc0cbb3
1126,1024,true,attention_output_relative_L2,0.0019076218595728278,102,232e3b08d10919ca24932ad0a0135e46119ecfd5,aime24:p17:s0:seed17042,69e6e42dc75e6e4dd872f1d902c29c4269171195229da34733e720e66cc0cbb3
1126,1024,true,attention_output_MAE,0.001968851312994957,102,232e3b08d10919ca24932ad0a0135e46119ecfd5,aime24:p17:s0:seed17042,69e6e42dc75e6e4dd872f1d902c29c4269171195229da34733e720e66cc0cbb3
1126,1024,true,post_WO_relative_L2,0.0019076218595728278,102,232e3b08d10919ca24932ad0a0135e46119ecfd5,aime24:p17:s0:seed17042,69e6e42dc75e6e4dd872f1d902c29c4269171195229da34733e720e66cc0cbb3
1126,1024,true,raw_next_token_KL,-1.035010341321474e-10,102,232e3b08d10919ca24932ad0a0135e46119ecfd5,aime24:p17:s0:seed17042,69e6e42dc75e6e4dd872f1d902c29c4269171195229da34733e720e66cc0cbb3
1126,1024,true,raw_next_token_JS,4.216321042305182e-11,102,232e3b08d10919ca24932ad0a0135e46119ecfd5,aime24:p17:s0:seed17042,69e6e42dc75e6e4dd872f1d902c29c4269171195229da34733e720e66cc0cbb3
1126,1024,true,clamped_next_token_KL,0.0,102,232e3b08d10919ca24932ad0a0135e46119ecfd5,aime24:p17:s0:seed17042,69e6e42dc75e6e4dd872f1d902c29c4269171195229da34733e720e66cc0cbb3
1126,1024,true,clamped_next_token_JS,4.216321042305182e-11,102,232e3b08d10919ca24932ad0a0135e46119ecfd5,aime24:p17:s0:seed17042,69e6e42dc75e6e4dd872f1d902c29c4269171195229da34733e720e66cc0cbb3
2150,2048,true,next_token_KL,-7.358660525369487e-08,102,232e3b08d10919ca24932ad0a0135e46119ecfd5,aime24:p17:s0:seed17042,69e6e42dc75e6e4dd872f1d902c29c4269171195229da34733e720e66cc0cbb3
2150,2048,true,next_token_JS,1.7127891993595767e-08,102,232e3b08d10919ca24932ad0a0135e46119ecfd5,aime24:p17:s0:seed17042,69e6e42dc75e6e4dd872f1d902c29c4269171195229da34733e720e66cc0cbb3
2150,2048,true,logit_max_abs_diff,0.0234375,102,232e3b08d10919ca24932ad0a0135e46119ecfd5,aime24:p17:s0:seed17042,69e6e42dc75e6e4dd872f1d902c29c4269171195229da34733e720e66cc0cbb3
2150,2048,true,logit_mean_abs_diff,0.0027848544996231794,102,232e3b08d10919ca24932ad0a0135e46119ecfd5,aime24:p17:s0:seed17042,69e6e42dc75e6e4dd872f1d902c29c4269171195229da34733e720e66cc0cbb3
2150,2048,true,top1_agreement,True,102,232e3b08d10919ca24932ad0a0135e46119ecfd5,aime24:p17:s0:seed17042,69e6e42dc75e6e4dd872f1d902c29c4269171195229da34733e720e66cc0cbb3
2150,2048,true,top1_disagreement,0.0,102,232e3b08d10919ca24932ad0a0135e46119ecfd5,aime24:p17:s0:seed17042,69e6e42dc75e6e4dd872f1d902c29c4269171195229da34733e720e66cc0cbb3
2150,2048,true,target_token_NLL_delta,0.0,102,232e3b08d10919ca24932ad0a0135e46119ecfd5,aime24:p17:s0:seed17042,69e6e42dc75e6e4dd872f1d902c29c4269171195229da34733e720e66cc0cbb3
2150,2048,true,hidden_relative_L2,0.002622108906507492,102,232e3b08d10919ca24932ad0a0135e46119ecfd5,aime24:p17:s0:seed17042,69e6e42dc75e6e4dd872f1d902c29c4269171195229da34733e720e66cc0cbb3
2150,2048,true,hidden_MAE,0.0030643038917332888,102,232e3b08d10919ca24932ad0a0135e46119ecfd5,aime24:p17:s0:seed17042,69e6e42dc75e6e4dd872f1d902c29c4269171195229da34733e720e66cc0cbb3
2150,2048,true,hidden_cosine,0.9999963641166687,102,232e3b08d10919ca24932ad0a0135e46119ecfd5,aime24:p17:s0:seed17042,69e6e42dc75e6e4dd872f1d902c29c4269171195229da34733e720e66cc0cbb3
2150,2048,true,hidden_cosine_loss,3.635883331298828e-06,102,232e3b08d10919ca24932ad0a0135e46119ecfd5,aime24:p17:s0:seed17042,69e6e42dc75e6e4dd872f1d902c29c4269171195229da34733e720e66cc0cbb3
2150,2048,true,attention_output_relative_L2,0.002622108906507492,102,232e3b08d10919ca24932ad0a0135e46119ecfd5,aime24:p17:s0:seed17042,69e6e42dc75e6e4dd872f1d902c29c4269171195229da34733e720e66cc0cbb3
2150,2048,true,attention_output_MAE,0.0030643038917332888,102,232e3b08d10919ca24932ad0a0135e46119ecfd5,aime24:p17:s0:seed17042,69e6e42dc75e6e4dd872f1d902c29c4269171195229da34733e720e66cc0cbb3
2150,2048,true,post_WO_relative_L2,0.002622108906507492,102,232e3b08d10919ca24932ad0a0135e46119ecfd5,aime24:p17:s0:seed17042,69e6e42dc75e6e4dd872f1d902c29c4269171195229da34733e720e66cc0cbb3
2150,2048,true,raw_next_token_KL,-7.358660525369487e-08,102,232e3b08d10919ca24932ad0a0135e46119ecfd5,aime24:p17:s0:seed17042,69e6e42dc75e6e4dd872f1d902c29c4269171195229da34733e720e66cc0cbb3
2150,2048,true,raw_next_token_JS,1.7127891993595767e-08,102,232e3b08d10919ca24932ad0a0135e46119ecfd5,aime24:p17:s0:seed17042,69e6e42dc75e6e4dd872f1d902c29c4269171195229da34733e720e66cc0cbb3
2150,2048,true,clamped_next_token_KL,0.0,102,232e3b08d10919ca24932ad0a0135e46119ecfd5,aime24:p17:s0:seed17042,69e6e42dc75e6e4dd872f1d902c29c4269171195229da34733e720e66cc0cbb3
2150,2048,true,clamped_next_token_JS,1.7127891993595767e-08,102,232e3b08d10919ca24932ad0a0135e46119ecfd5,aime24:p17:s0:seed17042,69e6e42dc75e6e4dd872f1d902c29c4269171195229da34733e720e66cc0cbb3
4198,4096,true,next_token_KL,1.2121363468509117e-08,102,232e3b08d10919ca24932ad0a0135e46119ecfd5,aime24:p17:s0:seed17042,69e6e42dc75e6e4dd872f1d902c29c4269171195229da34733e720e66cc0cbb3
4198,4096,true,next_token_JS,5.304912065184908e-11,102,232e3b08d10919ca24932ad0a0135e46119ecfd5,aime24:p17:s0:seed17042,69e6e42dc75e6e4dd872f1d902c29c4269171195229da34733e720e66cc0cbb3
4198,4096,true,logit_max_abs_diff,0.0234375,102,232e3b08d10919ca24932ad0a0135e46119ecfd5,aime24:p17:s0:seed17042,69e6e42dc75e6e4dd872f1d902c29c4269171195229da34733e720e66cc0cbb3
4198,4096,true,logit_mean_abs_diff,0.0028811160009354353,102,232e3b08d10919ca24932ad0a0135e46119ecfd5,aime24:p17:s0:seed17042,69e6e42dc75e6e4dd872f1d902c29c4269171195229da34733e720e66cc0cbb3
4198,4096,true,top1_agreement,True,102,232e3b08d10919ca24932ad0a0135e46119ecfd5,aime24:p17:s0:seed17042,69e6e42dc75e6e4dd872f1d902c29c4269171195229da34733e720e66cc0cbb3
4198,4096,true,top1_disagreement,0.0,102,232e3b08d10919ca24932ad0a0135e46119ecfd5,aime24:p17:s0:seed17042,69e6e42dc75e6e4dd872f1d902c29c4269171195229da34733e720e66cc0cbb3
4198,4096,true,target_token_NLL_delta,0.0,102,232e3b08d10919ca24932ad0a0135e46119ecfd5,aime24:p17:s0:seed17042,69e6e42dc75e6e4dd872f1d902c29c4269171195229da34733e720e66cc0cbb3
4198,4096,true,hidden_relative_L2,0.002145888516679406,102,232e3b08d10919ca24932ad0a0135e46119ecfd5,aime24:p17:s0:seed17042,69e6e42dc75e6e4dd872f1d902c29c4269171195229da34733e720e66cc0cbb3
4198,4096,true,hidden_MAE,0.00328559847548604,102,232e3b08d10919ca24932ad0a0135e46119ecfd5,aime24:p17:s0:seed17042,69e6e42dc75e6e4dd872f1d902c29c4269171195229da34733e720e66cc0cbb3
4198,4096,true,hidden_cosine,0.9999974370002747,102,232e3b08d10919ca24932ad0a0135e46119ecfd5,aime24:p17:s0:seed17042,69e6e42dc75e6e4dd872f1d902c29c4269171195229da34733e720e66cc0cbb3
4198,4096,true,hidden_cosine_loss,2.562999725341797e-06,102,232e3b08d10919ca24932ad0a0135e46119ecfd5,aime24:p17:s0:seed17042,69e6e42dc75e6e4dd872f1d902c29c4269171195229da34733e720e66cc0cbb3
4198,4096,true,attention_output_relative_L2,0.002145888516679406,102,232e3b08d10919ca24932ad0a0135e46119ecfd5,aime24:p17:s0:seed17042,69e6e42dc75e6e4dd872f1d902c29c4269171195229da34733e720e66cc0cbb3
4198,4096,true,attention_output_MAE,0.00328559847548604,102,232e3b08d10919ca24932ad0a0135e46119ecfd5,aime24:p17:s0:seed17042,69e6e42dc75e6e4dd872f1d902c29c4269171195229da34733e720e66cc0cbb3
4198,4096,true,post_WO_relative_L2,0.002145888516679406,102,232e3b08d10919ca24932ad0a0135e46119ecfd5,aime24:p17:s0:seed17042,69e6e42dc75e6e4dd872f1d902c29c4269171195229da34733e720e66cc0cbb3
4198,4096,true,raw_next_token_KL,1.2121363468509117e-08,102,232e3b08d10919ca24932ad0a0135e46119ecfd5,aime24:p17:s0:seed17042,69e6e42dc75e6e4dd872f1d902c29c4269171195229da34733e720e66cc0cbb3
4198,4096,true,raw_next_token_JS,5.304912065184908e-11,102,232e3b08d10919ca24932ad0a0135e46119ecfd5,aime24:p17:s0:seed17042,69e6e42dc75e6e4dd872f1d902c29c4269171195229da34733e720e66cc0cbb3
4198,4096,true,clamped_next_token_KL,1.2121363468509117e-08,102,232e3b08d10919ca24932ad0a0135e46119ecfd5,aime24:p17:s0:seed17042,69e6e42dc75e6e4dd872f1d902c29c4269171195229da34733e720e66cc0cbb3
4198,4096,true,clamped_next_token_JS,5.304912065184908e-11,102,232e3b08d10919ca24932ad0a0135e46119ecfd5,aime24:p17:s0:seed17042,69e6e42dc75e6e4dd872f1d902c29c4269171195229da34733e720e66cc0cbb3
