absolute_sequence_position,accumulation_gap,accumulation_metric_schema_version,attention_mask_alignment,checkpoint,config,generated_checkpoint,match_alignment_valid,matched_path_valid,metric,position_id_alignment,prompt_token_count,pseudo_error,pseudo_fp16_source,pseudo_quant_source,pseudo_reference_mode,reference_next_token_id,rope_position_alignment,static_error,static_fp16_source,static_quant_source,static_reference_mode,task_key,trajectory_sha256
248,2.980232238769531e-07,matched_path_accumulation_v1,same causal history,128,pattern_rolling_k2v2_s0_r128,128,true,true,hidden_cosine_loss,true,120,1.9669532775878906e-06,FP16_pseudo,pattern_rolling_k2v2_s0_r128_pseudo,pseudo,578,true,1.6689300537109375e-06,FP16_static,pattern_rolling_k2v2_s0_r128_static,static,aime24:p15:s1:seed15043,b3071fe4e912d14e31a543908143a991dbe648bfe13ea6a3db80285f3da15dab
248,-7.450697012245655e-06,matched_path_accumulation_v1,same causal history,128,pattern_rolling_k2v2_s0_r128,128,true,true,hidden_relative_L2,true,120,0.0017232559621334076,FP16_pseudo,pattern_rolling_k2v2_s0_r128_pseudo,pseudo,578,true,0.0017307066591456532,FP16_static,pattern_rolling_k2v2_s0_r128_static,static,aime24:p15:s1:seed15043,b3071fe4e912d14e31a543908143a991dbe648bfe13ea6a3db80285f3da15dab
248,-7.450697012245655e-06,matched_path_accumulation_v1,same causal history,128,pattern_rolling_k2v2_s0_r128,128,true,true,attention_output_relative_L2,true,120,0.0017232559621334076,FP16_pseudo,pattern_rolling_k2v2_s0_r128_pseudo,pseudo,578,true,0.0017307066591456532,FP16_static,pattern_rolling_k2v2_s0_r128_static,static,aime24:p15:s1:seed15043,b3071fe4e912d14e31a543908143a991dbe648bfe13ea6a3db80285f3da15dab
248,1.6154389754774456e-05,matched_path_accumulation_v1,same causal history,128,pattern_rolling_k2v2_s0_r128,128,true,true,next_token_KL,true,120,1.6758171113906428e-05,FP16_pseudo,pattern_rolling_k2v2_s0_r128_pseudo,pseudo,578,true,6.037813591319718e-07,FP16_static,pattern_rolling_k2v2_s0_r128_static,static,aime24:p15:s1:seed15043,b3071fe4e912d14e31a543908143a991dbe648bfe13ea6a3db80285f3da15dab
248,4.011736436382307e-06,matched_path_accumulation_v1,same causal history,128,pattern_rolling_k2v2_s0_r128,128,true,true,next_token_JS,true,120,4.157417606620584e-06,FP16_pseudo,pattern_rolling_k2v2_s0_r128_pseudo,pseudo,578,true,1.4568117023827654e-07,FP16_static,pattern_rolling_k2v2_s0_r128_static,static,aime24:p15:s1:seed15043,b3071fe4e912d14e31a543908143a991dbe648bfe13ea6a3db80285f3da15dab
248,-0.0024959146976470947,matched_path_accumulation_v1,same causal history,128,pattern_rolling_k2v2_s0_r128,128,true,true,target_token_NLL_delta,true,120,-0.0025550127029418945,FP16_pseudo,pattern_rolling_k2v2_s0_r128_pseudo,pseudo,578,true,-5.9098005294799805e-05,FP16_static,pattern_rolling_k2v2_s0_r128_static,static,aime24:p15:s1:seed15043,b3071fe4e912d14e31a543908143a991dbe648bfe13ea6a3db80285f3da15dab
248,0.0,matched_path_accumulation_v1,same causal history,128,pattern_rolling_k2v2_s0_r128,128,true,true,top1_disagreement,true,120,0.0,FP16_pseudo,pattern_rolling_k2v2_s0_r128_pseudo,pseudo,578,true,0.0,FP16_static,pattern_rolling_k2v2_s0_r128_static,static,aime24:p15:s1:seed15043,b3071fe4e912d14e31a543908143a991dbe648bfe13ea6a3db80285f3da15dab
248,0.0078125,matched_path_accumulation_v1,same causal history,128,pattern_rolling_k2v2_s0_r128,128,true,true,logit_max_abs_diff,true,120,0.0234375,FP16_pseudo,pattern_rolling_k2v2_s0_r128_pseudo,pseudo,578,true,0.015625,FP16_static,pattern_rolling_k2v2_s0_r128_static,static,aime24:p15:s1:seed15043,b3071fe4e912d14e31a543908143a991dbe648bfe13ea6a3db80285f3da15dab
632,0.1335378885269165,matched_path_accumulation_v1,same causal history,512,pattern_rolling_k2v2_s0_r128,512,true,true,hidden_cosine_loss,true,120,0.13354051113128662,FP16_pseudo,pattern_rolling_k2v2_s0_r128_pseudo,pseudo,356,true,2.6226043701171875e-06,FP16_static,pattern_rolling_k2v2_s0_r128_static,static,aime24:p15:s1:seed15043,b3071fe4e912d14e31a543908143a991dbe648bfe13ea6a3db80285f3da15dab
632,0.5613233784679323,matched_path_accumulation_v1,same causal history,512,pattern_rolling_k2v2_s0_r128,512,true,true,hidden_relative_L2,true,120,0.5634257793426514,FP16_pseudo,pattern_rolling_k2v2_s0_r128_pseudo,pseudo,356,true,0.0021024008747190237,FP16_static,pattern_rolling_k2v2_s0_r128_static,static,aime24:p15:s1:seed15043,b3071fe4e912d14e31a543908143a991dbe648bfe13ea6a3db80285f3da15dab
632,0.5613233784679323,matched_path_accumulation_v1,same causal history,512,pattern_rolling_k2v2_s0_r128,512,true,true,attention_output_relative_L2,true,120,0.5634257793426514,FP16_pseudo,pattern_rolling_k2v2_s0_r128_pseudo,pseudo,356,true,0.0021024008747190237,FP16_static,pattern_rolling_k2v2_s0_r128_static,static,aime24:p15:s1:seed15043,b3071fe4e912d14e31a543908143a991dbe648bfe13ea6a3db80285f3da15dab
632,0.043731733692808916,matched_path_accumulation_v1,same causal history,512,pattern_rolling_k2v2_s0_r128,512,true,true,next_token_KL,true,120,0.043731965124607086,FP16_pseudo,pattern_rolling_k2v2_s0_r128_pseudo,pseudo,356,true,2.3143179816997872e-07,FP16_static,pattern_rolling_k2v2_s0_r128_static,static,aime24:p15:s1:seed15043,b3071fe4e912d14e31a543908143a991dbe648bfe13ea6a3db80285f3da15dab
632,0.014868048584776972,matched_path_accumulation_v1,same causal history,512,pattern_rolling_k2v2_s0_r128,512,true,true,next_token_JS,true,120,0.01486810203641653,FP16_pseudo,pattern_rolling_k2v2_s0_r128_pseudo,pseudo,356,true,5.34516395589435e-08,FP16_static,pattern_rolling_k2v2_s0_r128_static,static,aime24:p15:s1:seed15043,b3071fe4e912d14e31a543908143a991dbe648bfe13ea6a3db80285f3da15dab
632,0.04537889757193625,matched_path_accumulation_v1,same causal history,512,pattern_rolling_k2v2_s0_r128,512,true,true,target_token_NLL_delta,true,120,0.04538986086845398,FP16_pseudo,pattern_rolling_k2v2_s0_r128_pseudo,pseudo,356,true,1.096329651772976e-05,FP16_static,pattern_rolling_k2v2_s0_r128_static,static,aime24:p15:s1:seed15043,b3071fe4e912d14e31a543908143a991dbe648bfe13ea6a3db80285f3da15dab
632,0.0,matched_path_accumulation_v1,same causal history,512,pattern_rolling_k2v2_s0_r128,512,true,true,top1_disagreement,true,120,0.0,FP16_pseudo,pattern_rolling_k2v2_s0_r128_pseudo,pseudo,356,true,0.0,FP16_static,pattern_rolling_k2v2_s0_r128_static,static,aime24:p15:s1:seed15043,b3071fe4e912d14e31a543908143a991dbe648bfe13ea6a3db80285f3da15dab
632,4.537109375,matched_path_accumulation_v1,same causal history,512,pattern_rolling_k2v2_s0_r128,512,true,true,logit_max_abs_diff,true,120,4.552734375,FP16_pseudo,pattern_rolling_k2v2_s0_r128_pseudo,pseudo,356,true,0.015625,FP16_static,pattern_rolling_k2v2_s0_r128_static,static,aime24:p15:s1:seed15043,b3071fe4e912d14e31a543908143a991dbe648bfe13ea6a3db80285f3da15dab
1144,0.14093554019927979,matched_path_accumulation_v1,same causal history,1024,pattern_rolling_k2v2_s0_r128,1024,true,true,hidden_cosine_loss,true,120,0.1409381628036499,FP16_pseudo,pattern_rolling_k2v2_s0_r128_pseudo,pseudo,12264,true,2.6226043701171875e-06,FP16_static,pattern_rolling_k2v2_s0_r128_static,static,aime24:p15:s1:seed15043,b3071fe4e912d14e31a543908143a991dbe648bfe13ea6a3db80285f3da15dab
1144,0.5421129511669278,matched_path_accumulation_v1,same causal history,1024,pattern_rolling_k2v2_s0_r128,1024,true,true,hidden_relative_L2,true,120,0.5443893074989319,FP16_pseudo,pattern_rolling_k2v2_s0_r128_pseudo,pseudo,12264,true,0.0022763563320040703,FP16_static,pattern_rolling_k2v2_s0_r128_static,static,aime24:p15:s1:seed15043,b3071fe4e912d14e31a543908143a991dbe648bfe13ea6a3db80285f3da15dab
1144,0.5421129511669278,matched_path_accumulation_v1,same causal history,1024,pattern_rolling_k2v2_s0_r128,1024,true,true,attention_output_relative_L2,true,120,0.5443893074989319,FP16_pseudo,pattern_rolling_k2v2_s0_r128_pseudo,pseudo,12264,true,0.0022763563320040703,FP16_static,pattern_rolling_k2v2_s0_r128_static,static,aime24:p15:s1:seed15043,b3071fe4e912d14e31a543908143a991dbe648bfe13ea6a3db80285f3da15dab
1144,2.3210049432620394e-05,matched_path_accumulation_v1,same causal history,1024,pattern_rolling_k2v2_s0_r128,1024,true,true,next_token_KL,true,120,2.3237713321577758e-05,FP16_pseudo,pattern_rolling_k2v2_s0_r128_pseudo,pseudo,12264,true,2.766388895736327e-08,FP16_static,pattern_rolling_k2v2_s0_r128_static,static,aime24:p15:s1:seed15043,b3071fe4e912d14e31a543908143a991dbe648bfe13ea6a3db80285f3da15dab
1144,6.22631084645775e-06,matched_path_accumulation_v1,same causal history,1024,pattern_rolling_k2v2_s0_r128,1024,true,true,next_token_JS,true,120,6.22850075160386e-06,FP16_pseudo,pattern_rolling_k2v2_s0_r128_pseudo,pseudo,12264,true,2.1899051461105046e-09,FP16_static,pattern_rolling_k2v2_s0_r128_static,static,aime24:p15:s1:seed15043,b3071fe4e912d14e31a543908143a991dbe648bfe13ea6a3db80285f3da15dab
1144,3.21850529871881e-06,matched_path_accumulation_v1,same causal history,1024,pattern_rolling_k2v2_s0_r128,1024,true,true,target_token_NLL_delta,true,120,3.4569129638839513e-06,FP16_pseudo,pattern_rolling_k2v2_s0_r128_pseudo,pseudo,12264,true,2.3840766516514122e-07,FP16_static,pattern_rolling_k2v2_s0_r128_static,static,aime24:p15:s1:seed15043,b3071fe4e912d14e31a543908143a991dbe648bfe13ea6a3db80285f3da15dab
1144,0.0,matched_path_accumulation_v1,same causal history,1024,pattern_rolling_k2v2_s0_r128,1024,true,true,top1_disagreement,true,120,0.0,FP16_pseudo,pattern_rolling_k2v2_s0_r128_pseudo,pseudo,12264,true,0.0,FP16_static,pattern_rolling_k2v2_s0_r128_static,static,aime24:p15:s1:seed15043,b3071fe4e912d14e31a543908143a991dbe648bfe13ea6a3db80285f3da15dab
1144,4.69287109375,matched_path_accumulation_v1,same causal history,1024,pattern_rolling_k2v2_s0_r128,1024,true,true,logit_max_abs_diff,true,120,4.71240234375,FP16_pseudo,pattern_rolling_k2v2_s0_r128_pseudo,pseudo,12264,true,0.01953125,FP16_static,pattern_rolling_k2v2_s0_r128_static,static,aime24:p15:s1:seed15043,b3071fe4e912d14e31a543908143a991dbe648bfe13ea6a3db80285f3da15dab
230,-1.3113021850585938e-06,matched_path_accumulation_v1,same causal history,128,pattern_rolling_k2v2_s0_r128,128,true,true,hidden_cosine_loss,true,102,2.86102294921875e-06,FP16_pseudo,pattern_rolling_k2v2_s0_r128_pseudo,pseudo,1695,true,4.172325134277344e-06,FP16_static,pattern_rolling_k2v2_s0_r128_static,static,aime24:p17:s0:seed17042,69e6e42dc75e6e4dd872f1d902c29c4269171195229da34733e720e66cc0cbb3
230,-0.0005424560513347387,matched_path_accumulation_v1,same causal history,128,pattern_rolling_k2v2_s0_r128,128,true,true,hidden_relative_L2,true,102,0.002228955738246441,FP16_pseudo,pattern_rolling_k2v2_s0_r128_pseudo,pseudo,1695,true,0.0027714117895811796,FP16_static,pattern_rolling_k2v2_s0_r128_static,static,aime24:p17:s0:seed17042,69e6e42dc75e6e4dd872f1d902c29c4269171195229da34733e720e66cc0cbb3
230,-0.0005424560513347387,matched_path_accumulation_v1,same causal history,128,pattern_rolling_k2v2_s0_r128,128,true,true,attention_output_relative_L2,true,102,0.002228955738246441,FP16_pseudo,pattern_rolling_k2v2_s0_r128_pseudo,pseudo,1695,true,0.0027714117895811796,FP16_static,pattern_rolling_k2v2_s0_r128_static,static,aime24:p17:s0:seed17042,69e6e42dc75e6e4dd872f1d902c29c4269171195229da34733e720e66cc0cbb3
230,-3.3615758184168953e-05,matched_path_accumulation_v1,same causal history,128,pattern_rolling_k2v2_s0_r128,128,true,true,next_token_KL,true,102,1.0532326086831745e-05,FP16_pseudo,pattern_rolling_k2v2_s0_r128_pseudo,pseudo,1695,true,4.41480842710007e-05,FP16_static,pattern_rolling_k2v2_s0_r128_static,static,aime24:p17:s0:seed17042,69e6e42dc75e6e4dd872f1d902c29c4269171195229da34733e720e66cc0cbb3
230,-8.532351102985558e-06,matched_path_accumulation_v1,same causal history,128,pattern_rolling_k2v2_s0_r128,128,true,true,next_token_JS,true,102,2.636984163473244e-06,FP16_pseudo,pattern_rolling_k2v2_s0_r128_pseudo,pseudo,1695,true,1.1169335266458802e-05,FP16_static,pattern_rolling_k2v2_s0_r128_static,static,aime24:p17:s0:seed17042,69e6e42dc75e6e4dd872f1d902c29c4269171195229da34733e720e66cc0cbb3
230,-0.01656055450439453,matched_path_accumulation_v1,same causal history,128,pattern_rolling_k2v2_s0_r128,128,true,true,target_token_NLL_delta,true,102,-0.01413869857788086,FP16_pseudo,pattern_rolling_k2v2_s0_r128_pseudo,pseudo,1695,true,0.002421855926513672,FP16_static,pattern_rolling_k2v2_s0_r128_static,static,aime24:p17:s0:seed17042,69e6e42dc75e6e4dd872f1d902c29c4269171195229da34733e720e66cc0cbb3
230,0.0,matched_path_accumulation_v1,same causal history,128,pattern_rolling_k2v2_s0_r128,128,true,true,top1_disagreement,true,102,0.0,FP16_pseudo,pattern_rolling_k2v2_s0_r128_pseudo,pseudo,1695,true,0.0,FP16_static,pattern_rolling_k2v2_s0_r128_static,static,aime24:p17:s0:seed17042,69e6e42dc75e6e4dd872f1d902c29c4269171195229da34733e720e66cc0cbb3
230,-0.005859375,matched_path_accumulation_v1,same causal history,128,pattern_rolling_k2v2_s0_r128,128,true,true,logit_max_abs_diff,true,102,0.025390625,FP16_pseudo,pattern_rolling_k2v2_s0_r128_pseudo,pseudo,1695,true,0.03125,FP16_static,pattern_rolling_k2v2_s0_r128_static,static,aime24:p17:s0:seed17042,69e6e42dc75e6e4dd872f1d902c29c4269171195229da34733e720e66cc0cbb3
614,0.12989377975463867,matched_path_accumulation_v1,same causal history,512,pattern_rolling_k2v2_s0_r128,512,true,true,hidden_cosine_loss,true,102,0.1298971176147461,FP16_pseudo,pattern_rolling_k2v2_s0_r128_pseudo,pseudo,17,true,3.337860107421875e-06,FP16_static,pattern_rolling_k2v2_s0_r128_static,static,aime24:p17:s0:seed17042,69e6e42dc75e6e4dd872f1d902c29c4269171195229da34733e720e66cc0cbb3
614,0.5301037409808487,matched_path_accumulation_v1,same causal history,512,pattern_rolling_k2v2_s0_r128,512,true,true,hidden_relative_L2,true,102,0.532651424407959,FP16_pseudo,pattern_rolling_k2v2_s0_r128_pseudo,pseudo,17,true,0.0025476834271103144,FP16_static,pattern_rolling_k2v2_s0_r128_static,static,aime24:p17:s0:seed17042,69e6e42dc75e6e4dd872f1d902c29c4269171195229da34733e720e66cc0cbb3
614,0.5301037409808487,matched_path_accumulation_v1,same causal history,512,pattern_rolling_k2v2_s0_r128,512,true,true,attention_output_relative_L2,true,102,0.532651424407959,FP16_pseudo,pattern_rolling_k2v2_s0_r128_pseudo,pseudo,17,true,0.0025476834271103144,FP16_static,pattern_rolling_k2v2_s0_r128_static,static,aime24:p17:s0:seed17042,69e6e42dc75e6e4dd872f1d902c29c4269171195229da34733e720e66cc0cbb3
614,1.3180802769547881,matched_path_accumulation_v1,same causal history,512,pattern_rolling_k2v2_s0_r128,512,true,true,next_token_KL,true,102,1.3180875778198242,FP16_pseudo,pattern_rolling_k2v2_s0_r128_pseudo,pseudo,17,true,7.300865036086179e-06,FP16_static,pattern_rolling_k2v2_s0_r128_static,static,aime24:p17:s0:seed17042,69e6e42dc75e6e4dd872f1d902c29c4269171195229da34733e720e66cc0cbb3
614,0.32072464584678073,matched_path_accumulation_v1,same causal history,512,pattern_rolling_k2v2_s0_r128,512,true,true,next_token_JS,true,102,0.3207264542579651,FP16_pseudo,pattern_rolling_k2v2_s0_r128_pseudo,pseudo,17,true,1.8084111843563733e-06,FP16_static,pattern_rolling_k2v2_s0_r128_static,static,aime24:p17:s0:seed17042,69e6e42dc75e6e4dd872f1d902c29c4269171195229da34733e720e66cc0cbb3
614,1.5847769901156425,matched_path_accumulation_v1,same causal history,512,pattern_rolling_k2v2_s0_r128,512,true,true,target_token_NLL_delta,true,102,1.5837740898132324,FP16_pseudo,pattern_rolling_k2v2_s0_r128_pseudo,pseudo,17,true,-0.0010029003024101257,FP16_static,pattern_rolling_k2v2_s0_r128_static,static,aime24:p17:s0:seed17042,69e6e42dc75e6e4dd872f1d902c29c4269171195229da34733e720e66cc0cbb3
614,1.0,matched_path_accumulation_v1,same causal history,512,pattern_rolling_k2v2_s0_r128,512,true,true,top1_disagreement,true,102,1.0,FP16_pseudo,pattern_rolling_k2v2_s0_r128_pseudo,pseudo,17,true,0.0,FP16_static,pattern_rolling_k2v2_s0_r128_static,static,aime24:p17:s0:seed17042,69e6e42dc75e6e4dd872f1d902c29c4269171195229da34733e720e66cc0cbb3
614,3.916015625,matched_path_accumulation_v1,same causal history,512,pattern_rolling_k2v2_s0_r128,512,true,true,logit_max_abs_diff,true,102,3.935546875,FP16_pseudo,pattern_rolling_k2v2_s0_r128_pseudo,pseudo,17,true,0.01953125,FP16_static,pattern_rolling_k2v2_s0_r128_static,static,aime24:p17:s0:seed17042,69e6e42dc75e6e4dd872f1d902c29c4269171195229da34733e720e66cc0cbb3
1126,0.07982265949249268,matched_path_accumulation_v1,same causal history,1024,pattern_rolling_k2v2_s0_r128,1024,true,true,hidden_cosine_loss,true,102,0.07982480525970459,FP16_pseudo,pattern_rolling_k2v2_s0_r128_pseudo,pseudo,21,true,2.1457672119140625e-06,FP16_static,pattern_rolling_k2v2_s0_r128_static,static,aime24:p17:s0:seed17042,69e6e42dc75e6e4dd872f1d902c29c4269171195229da34733e720e66cc0cbb3
1126,0.414650185033679,matched_path_accumulation_v1,same causal history,1024,pattern_rolling_k2v2_s0_r128,1024,true,true,hidden_relative_L2,true,102,0.4166370630264282,FP16_pseudo,pattern_rolling_k2v2_s0_r128_pseudo,pseudo,21,true,0.001986877992749214,FP16_static,pattern_rolling_k2v2_s0_r128_static,static,aime24:p17:s0:seed17042,69e6e42dc75e6e4dd872f1d902c29c4269171195229da34733e720e66cc0cbb3
1126,0.414650185033679,matched_path_accumulation_v1,same causal history,1024,pattern_rolling_k2v2_s0_r128,1024,true,true,attention_output_relative_L2,true,102,0.4166370630264282,FP16_pseudo,pattern_rolling_k2v2_s0_r128_pseudo,pseudo,21,true,0.001986877992749214,FP16_static,pattern_rolling_k2v2_s0_r128_static,static,aime24:p17:s0:seed17042,69e6e42dc75e6e4dd872f1d902c29c4269171195229da34733e720e66cc0cbb3
1126,3.939213274861686e-05,matched_path_accumulation_v1,same causal history,1024,pattern_rolling_k2v2_s0_r128,1024,true,true,next_token_KL,true,102,3.939213274861686e-05,FP16_pseudo,pattern_rolling_k2v2_s0_r128_pseudo,pseudo,21,true,0.0,FP16_static,pattern_rolling_k2v2_s0_r128_static,static,aime24:p17:s0:seed17042,69e6e42dc75e6e4dd872f1d902c29c4269171195229da34733e720e66cc0cbb3
1126,1.2658997343706346e-05,matched_path_accumulation_v1,same causal history,1024,pattern_rolling_k2v2_s0_r128,1024,true,true,next_token_JS,true,102,1.2659192179853562e-05,FP16_pseudo,pattern_rolling_k2v2_s0_r128_pseudo,pseudo,21,true,1.9483614721593767e-10,FP16_static,pattern_rolling_k2v2_s0_r128_static,static,aime24:p17:s0:seed17042,69e6e42dc75e6e4dd872f1d902c29c4269171195229da34733e720e66cc0cbb3
1126,5.221200899541145e-05,matched_path_accumulation_v1,same causal history,1024,pattern_rolling_k2v2_s0_r128,1024,true,true,target_token_NLL_delta,true,102,5.209280061535537e-05,FP16_pseudo,pattern_rolling_k2v2_s0_r128_pseudo,pseudo,21,true,-1.1920838005607948e-07,FP16_static,pattern_rolling_k2v2_s0_r128_static,static,aime24:p17:s0:seed17042,69e6e42dc75e6e4dd872f1d902c29c4269171195229da34733e720e66cc0cbb3
1126,0.0,matched_path_accumulation_v1,same causal history,1024,pattern_rolling_k2v2_s0_r128,1024,true,true,top1_disagreement,true,102,0.0,FP16_pseudo,pattern_rolling_k2v2_s0_r128_pseudo,pseudo,21,true,0.0,FP16_static,pattern_rolling_k2v2_s0_r128_static,static,aime24:p17:s0:seed17042,69e6e42dc75e6e4dd872f1d902c29c4269171195229da34733e720e66cc0cbb3
1126,5.109375,matched_path_accumulation_v1,same causal history,1024,pattern_rolling_k2v2_s0_r128,1024,true,true,logit_max_abs_diff,true,102,5.125,FP16_pseudo,pattern_rolling_k2v2_s0_r128_pseudo,pseudo,21,true,0.015625,FP16_static,pattern_rolling_k2v2_s0_r128_static,static,aime24:p17:s0:seed17042,69e6e42dc75e6e4dd872f1d902c29c4269171195229da34733e720e66cc0cbb3
282,0.05125164985656738,matched_path_accumulation_v1,same causal history,128,pattern_rolling_k2v2_s0_r128,128,true,true,hidden_cosine_loss,true,154,0.051254451274871826,FP16_pseudo,pattern_rolling_k2v2_s0_r128_pseudo,pseudo,21701,true,2.8014183044433594e-06,FP16_static,pattern_rolling_k2v2_s0_r128_static,static,aime24:p0:s0:seed42,7a50b9d97068ffc8a93d794fcdf6bac89e37ed85dd38b6abbdbbe8fb4c9a8f8a
282,0.31861857790499926,matched_path_accumulation_v1,same causal history,128,pattern_rolling_k2v2_s0_r128,128,true,true,hidden_relative_L2,true,154,0.3208223283290863,FP16_pseudo,pattern_rolling_k2v2_s0_r128_pseudo,pseudo,21701,true,0.0022037504240870476,FP16_static,pattern_rolling_k2v2_s0_r128_static,static,aime24:p0:s0:seed42,7a50b9d97068ffc8a93d794fcdf6bac89e37ed85dd38b6abbdbbe8fb4c9a8f8a
282,0.31861857790499926,matched_path_accumulation_v1,same causal history,128,pattern_rolling_k2v2_s0_r128,128,true,true,attention_output_relative_L2,true,154,0.3208223283290863,FP16_pseudo,pattern_rolling_k2v2_s0_r128_pseudo,pseudo,21701,true,0.0022037504240870476,FP16_static,pattern_rolling_k2v2_s0_r128_static,static,aime24:p0:s0:seed42,7a50b9d97068ffc8a93d794fcdf6bac89e37ed85dd38b6abbdbbe8fb4c9a8f8a
282,0.36947809235675777,matched_path_accumulation_v1,same causal history,128,pattern_rolling_k2v2_s0_r128,128,true,true,next_token_KL,true,154,0.369479238986969,FP16_pseudo,pattern_rolling_k2v2_s0_r128_pseudo,pseudo,21701,true,1.1466302112239646e-06,FP16_static,pattern_rolling_k2v2_s0_r128_static,static,aime24:p0:s0:seed42,7a50b9d97068ffc8a93d794fcdf6bac89e37ed85dd38b6abbdbbe8fb4c9a8f8a
282,0.0965956866254487,matched_path_accumulation_v1,same causal history,128,pattern_rolling_k2v2_s0_r128,128,true,true,next_token_JS,true,154,0.09659600257873535,FP16_pseudo,pattern_rolling_k2v2_s0_r128_pseudo,pseudo,21701,true,3.1595328664479894e-07,FP16_static,pattern_rolling_k2v2_s0_r128_static,static,aime24:p0:s0:seed42,7a50b9d97068ffc8a93d794fcdf6bac89e37ed85dd38b6abbdbbe8fb4c9a8f8a
282,0.6553051471710205,matched_path_accumulation_v1,same causal history,128,pattern_rolling_k2v2_s0_r128,128,true,true,target_token_NLL_delta,true,154,0.6551814079284668,FP16_pseudo,pattern_rolling_k2v2_s0_r128_pseudo,pseudo,21701,true,-0.00012373924255371094,FP16_static,pattern_rolling_k2v2_s0_r128_static,static,aime24:p0:s0:seed42,7a50b9d97068ffc8a93d794fcdf6bac89e37ed85dd38b6abbdbbe8fb4c9a8f8a
282,1.0,matched_path_accumulation_v1,same causal history,128,pattern_rolling_k2v2_s0_r128,128,true,true,top1_disagreement,true,154,1.0,FP16_pseudo,pattern_rolling_k2v2_s0_r128_pseudo,pseudo,21701,true,0.0,FP16_static,pattern_rolling_k2v2_s0_r128_static,static,aime24:p0:s0:seed42,7a50b9d97068ffc8a93d794fcdf6bac89e37ed85dd38b6abbdbbe8fb4c9a8f8a
282,3.9169921875,matched_path_accumulation_v1,same causal history,128,pattern_rolling_k2v2_s0_r128,128,true,true,logit_max_abs_diff,true,154,3.9404296875,FP16_pseudo,pattern_rolling_k2v2_s0_r128_pseudo,pseudo,21701,true,0.0234375,FP16_static,pattern_rolling_k2v2_s0_r128_static,static,aime24:p0:s0:seed42,7a50b9d97068ffc8a93d794fcdf6bac89e37ed85dd38b6abbdbbe8fb4c9a8f8a
666,0.03009343147277832,matched_path_accumulation_v1,same causal history,512,pattern_rolling_k2v2_s0_r128,512,true,true,hidden_cosine_loss,true,154,0.030095338821411133,FP16_pseudo,pattern_rolling_k2v2_s0_r128_pseudo,pseudo,3878,true,1.9073486328125e-06,FP16_static,pattern_rolling_k2v2_s0_r128_static,static,aime24:p0:s0:seed42,7a50b9d97068ffc8a93d794fcdf6bac89e37ed85dd38b6abbdbbe8fb4c9a8f8a
666,0.24283968925010413,matched_path_accumulation_v1,same causal history,512,pattern_rolling_k2v2_s0_r128,512,true,true,hidden_relative_L2,true,154,0.24472887814044952,FP16_pseudo,pattern_rolling_k2v2_s0_r128_pseudo,pseudo,3878,true,0.0018891888903453946,FP16_static,pattern_rolling_k2v2_s0_r128_static,static,aime24:p0:s0:seed42,7a50b9d97068ffc8a93d794fcdf6bac89e37ed85dd38b6abbdbbe8fb4c9a8f8a
666,0.24283968925010413,matched_path_accumulation_v1,same causal history,512,pattern_rolling_k2v2_s0_r128,512,true,true,attention_output_relative_L2,true,154,0.24472887814044952,FP16_pseudo,pattern_rolling_k2v2_s0_r128_pseudo,pseudo,3878,true,0.0018891888903453946,FP16_static,pattern_rolling_k2v2_s0_r128_static,static,aime24:p0:s0:seed42,7a50b9d97068ffc8a93d794fcdf6bac89e37ed85dd38b6abbdbbe8fb4c9a8f8a
666,3.4022607689365714e-05,matched_path_accumulation_v1,same causal history,512,pattern_rolling_k2v2_s0_r128,512,true,true,next_token_KL,true,154,3.4031552786473185e-05,FP16_pseudo,pattern_rolling_k2v2_s0_r128_pseudo,pseudo,3878,true,8.945097107471156e-09,FP16_static,pattern_rolling_k2v2_s0_r128_static,static,aime24:p0:s0:seed42,7a50b9d97068ffc8a93d794fcdf6bac89e37ed85dd38b6abbdbbe8fb4c9a8f8a
666,9.57475113949613e-06,matched_path_accumulation_v1,same causal history,512,pattern_rolling_k2v2_s0_r128,512,true,true,next_token_JS,true,154,9.604614206182305e-06,FP16_pseudo,pattern_rolling_k2v2_s0_r128_pseudo,pseudo,3878,true,2.9863066686175443e-08,FP16_static,pattern_rolling_k2v2_s0_r128_static,static,aime24:p0:s0:seed42,7a50b9d97068ffc8a93d794fcdf6bac89e37ed85dd38b6abbdbbe8fb4c9a8f8a
666,0.00011405792611185461,matched_path_accumulation_v1,same causal history,512,pattern_rolling_k2v2_s0_r128,512,true,true,target_token_NLL_delta,true,154,0.00011548820475582033,FP16_pseudo,pattern_rolling_k2v2_s0_r128_pseudo,pseudo,3878,true,1.4302786439657211e-06,FP16_static,pattern_rolling_k2v2_s0_r128_static,static,aime24:p0:s0:seed42,7a50b9d97068ffc8a93d794fcdf6bac89e37ed85dd38b6abbdbbe8fb4c9a8f8a
666,0.0,matched_path_accumulation_v1,same causal history,512,pattern_rolling_k2v2_s0_r128,512,true,true,top1_disagreement,true,154,0.0,FP16_pseudo,pattern_rolling_k2v2_s0_r128_pseudo,pseudo,3878,true,0.0,FP16_static,pattern_rolling_k2v2_s0_r128_static,static,aime24:p0:s0:seed42,7a50b9d97068ffc8a93d794fcdf6bac89e37ed85dd38b6abbdbbe8fb4c9a8f8a
666,2.14306640625,matched_path_accumulation_v1,same causal history,512,pattern_rolling_k2v2_s0_r128,512,true,true,logit_max_abs_diff,true,154,2.1591796875,FP16_pseudo,pattern_rolling_k2v2_s0_r128_pseudo,pseudo,3878,true,0.01611328125,FP16_static,pattern_rolling_k2v2_s0_r128_static,static,aime24:p0:s0:seed42,7a50b9d97068ffc8a93d794fcdf6bac89e37ed85dd38b6abbdbbe8fb4c9a8f8a
1178,0.0811382532119751,matched_path_accumulation_v1,same causal history,1024,pattern_rolling_k2v2_s0_r128,1024,true,true,hidden_cosine_loss,true,154,0.08114117383956909,FP16_pseudo,pattern_rolling_k2v2_s0_r128_pseudo,pseudo,4520,true,2.9206275939941406e-06,FP16_static,pattern_rolling_k2v2_s0_r128_static,static,aime24:p0:s0:seed42,7a50b9d97068ffc8a93d794fcdf6bac89e37ed85dd38b6abbdbbe8fb4c9a8f8a
1178,0.4127171461004764,matched_path_accumulation_v1,same causal history,1024,pattern_rolling_k2v2_s0_r128,1024,true,true,hidden_relative_L2,true,154,0.41504010558128357,FP16_pseudo,pattern_rolling_k2v2_s0_r128_pseudo,pseudo,4520,true,0.002322959480807185,FP16_static,pattern_rolling_k2v2_s0_r128_static,static,aime24:p0:s0:seed42,7a50b9d97068ffc8a93d794fcdf6bac89e37ed85dd38b6abbdbbe8fb4c9a8f8a
1178,0.4127171461004764,matched_path_accumulation_v1,same causal history,1024,pattern_rolling_k2v2_s0_r128,1024,true,true,attention_output_relative_L2,true,154,0.41504010558128357,FP16_pseudo,pattern_rolling_k2v2_s0_r128_pseudo,pseudo,4520,true,0.002322959480807185,FP16_static,pattern_rolling_k2v2_s0_r128_static,static,aime24:p0:s0:seed42,7a50b9d97068ffc8a93d794fcdf6bac89e37ed85dd38b6abbdbbe8fb4c9a8f8a
1178,0.033396026478058616,matched_path_accumulation_v1,same causal history,1024,pattern_rolling_k2v2_s0_r128,1024,true,true,next_token_KL,true,154,0.033396165817976,FP16_pseudo,pattern_rolling_k2v2_s0_r128_pseudo,pseudo,4520,true,1.393399173821308e-07,FP16_static,pattern_rolling_k2v2_s0_r128_static,static,aime24:p0:s0:seed42,7a50b9d97068ffc8a93d794fcdf6bac89e37ed85dd38b6abbdbbe8fb4c9a8f8a
1178,0.011115023145140235,matched_path_accumulation_v1,same causal history,1024,pattern_rolling_k2v2_s0_r128,1024,true,true,next_token_JS,true,154,0.011115023866295815,FP16_pseudo,pattern_rolling_k2v2_s0_r128_pseudo,pseudo,4520,true,7.21155579697097e-10,FP16_static,pattern_rolling_k2v2_s0_r128_static,static,aime24:p0:s0:seed42,7a50b9d97068ffc8a93d794fcdf6bac89e37ed85dd38b6abbdbbe8fb4c9a8f8a
1178,0.03735032689291984,matched_path_accumulation_v1,same causal history,1024,pattern_rolling_k2v2_s0_r128,1024,true,true,target_token_NLL_delta,true,154,0.03733353689312935,FP16_pseudo,pattern_rolling_k2v2_s0_r128_pseudo,pseudo,4520,true,-1.6789999790489674e-05,FP16_static,pattern_rolling_k2v2_s0_r128_static,static,aime24:p0:s0:seed42,7a50b9d97068ffc8a93d794fcdf6bac89e37ed85dd38b6abbdbbe8fb4c9a8f8a
1178,0.0,matched_path_accumulation_v1,same causal history,1024,pattern_rolling_k2v2_s0_r128,1024,true,true,top1_disagreement,true,154,0.0,FP16_pseudo,pattern_rolling_k2v2_s0_r128_pseudo,pseudo,4520,true,0.0,FP16_static,pattern_rolling_k2v2_s0_r128_static,static,aime24:p0:s0:seed42,7a50b9d97068ffc8a93d794fcdf6bac89e37ed85dd38b6abbdbbe8fb4c9a8f8a
1178,3.82421875,matched_path_accumulation_v1,same causal history,1024,pattern_rolling_k2v2_s0_r128,1024,true,true,logit_max_abs_diff,true,154,3.84375,FP16_pseudo,pattern_rolling_k2v2_s0_r128_pseudo,pseudo,4520,true,0.01953125,FP16_static,pattern_rolling_k2v2_s0_r128_static,static,aime24:p0:s0:seed42,7a50b9d97068ffc8a93d794fcdf6bac89e37ed85dd38b6abbdbbe8fb4c9a8f8a
248,1.1920928955078125e-07,matched_path_accumulation_v1,same causal history,128,pattern_rolling_k2v2_s16_r128,128,true,true,hidden_cosine_loss,true,120,1.7881393432617188e-06,FP16_pseudo,pattern_rolling_k2v2_s16_r128_pseudo,pseudo,578,true,1.6689300537109375e-06,FP16_static,pattern_rolling_k2v2_s16_r128_static,static,aime24:p15:s1:seed15043,b3071fe4e912d14e31a543908143a991dbe648bfe13ea6a3db80285f3da15dab
248,1.7410493455827236e-05,matched_path_accumulation_v1,same causal history,128,pattern_rolling_k2v2_s16_r128,128,true,true,hidden_relative_L2,true,120,0.0017481171526014805,FP16_pseudo,pattern_rolling_k2v2_s16_r128_pseudo,pseudo,578,true,0.0017307066591456532,FP16_static,pattern_rolling_k2v2_s16_r128_static,static,aime24:p15:s1:seed15043,b3071fe4e912d14e31a543908143a991dbe648bfe13ea6a3db80285f3da15dab
248,1.7410493455827236e-05,matched_path_accumulation_v1,same causal history,128,pattern_rolling_k2v2_s16_r128,128,true,true,attention_output_relative_L2,true,120,0.0017481171526014805,FP16_pseudo,pattern_rolling_k2v2_s16_r128_pseudo,pseudo,578,true,0.0017307066591456532,FP16_static,pattern_rolling_k2v2_s16_r128_static,static,aime24:p15:s1:seed15043,b3071fe4e912d14e31a543908143a991dbe648bfe13ea6a3db80285f3da15dab
248,1.5931185544104665e-06,matched_path_accumulation_v1,same causal history,128,pattern_rolling_k2v2_s16_r128,128,true,true,next_token_KL,true,120,2.1968999135424383e-06,FP16_pseudo,pattern_rolling_k2v2_s16_r128_pseudo,pseudo,578,true,6.037813591319718e-07,FP16_static,pattern_rolling_k2v2_s16_r128_static,static,aime24:p15:s1:seed15043,b3071fe4e912d14e31a543908143a991dbe648bfe13ea6a3db80285f3da15dab
248,3.550578497879542e-07,matched_path_accumulation_v1,same causal history,128,pattern_rolling_k2v2_s16_r128,128,true,true,next_token_JS,true,120,5.007390200262307e-07,FP16_pseudo,pattern_rolling_k2v2_s16_r128_pseudo,pseudo,578,true,1.4568117023827654e-07,FP16_static,pattern_rolling_k2v2_s16_r128_static,static,aime24:p15:s1:seed15043,b3071fe4e912d14e31a543908143a991dbe648bfe13ea6a3db80285f3da15dab
248,7.981061935424805e-05,matched_path_accumulation_v1,same causal history,128,pattern_rolling_k2v2_s16_r128,128,true,true,target_token_NLL_delta,true,120,2.0712614059448242e-05,FP16_pseudo,pattern_rolling_k2v2_s16_r128_pseudo,pseudo,578,true,-5.9098005294799805e-05,FP16_static,pattern_rolling_k2v2_s16_r128_static,static,aime24:p15:s1:seed15043,b3071fe4e912d14e31a543908143a991dbe648bfe13ea6a3db80285f3da15dab
248,0.0,matched_path_accumulation_v1,same causal history,128,pattern_rolling_k2v2_s16_r128,128,true,true,top1_disagreement,true,120,0.0,FP16_pseudo,pattern_rolling_k2v2_s16_r128_pseudo,pseudo,578,true,0.0,FP16_static,pattern_rolling_k2v2_s16_r128_static,static,aime24:p15:s1:seed15043,b3071fe4e912d14e31a543908143a991dbe648bfe13ea6a3db80285f3da15dab
248,0.00244140625,matched_path_accumulation_v1,same causal history,128,pattern_rolling_k2v2_s16_r128,128,true,true,logit_max_abs_diff,true,120,0.01806640625,FP16_pseudo,pattern_rolling_k2v2_s16_r128_pseudo,pseudo,578,true,0.015625,FP16_static,pattern_rolling_k2v2_s16_r128_static,static,aime24:p15:s1:seed15043,b3071fe4e912d14e31a543908143a991dbe648bfe13ea6a3db80285f3da15dab
632,0.006160378456115723,matched_path_accumulation_v1,same causal history,512,pattern_rolling_k2v2_s16_r128,512,true,true,hidden_cosine_loss,true,120,0.00616300106048584,FP16_pseudo,pattern_rolling_k2v2_s16_r128_pseudo,pseudo,356,true,2.6226043701171875e-06,FP16_static,pattern_rolling_k2v2_s16_r128_static,static,aime24:p15:s1:seed15043,b3071fe4e912d14e31a543908143a991dbe648bfe13ea6a3db80285f3da15dab
632,0.10883220680989325,matched_path_accumulation_v1,same causal history,512,pattern_rolling_k2v2_s16_r128,512,true,true,hidden_relative_L2,true,120,0.11093460768461227,FP16_pseudo,pattern_rolling_k2v2_s16_r128_pseudo,pseudo,356,true,0.0021024008747190237,FP16_static,pattern_rolling_k2v2_s16_r128_static,static,aime24:p15:s1:seed15043,b3071fe4e912d14e31a543908143a991dbe648bfe13ea6a3db80285f3da15dab
632,0.10883220680989325,matched_path_accumulation_v1,same causal history,512,pattern_rolling_k2v2_s16_r128,512,true,true,attention_output_relative_L2,true,120,0.11093460768461227,FP16_pseudo,pattern_rolling_k2v2_s16_r128_pseudo,pseudo,356,true,0.0021024008747190237,FP16_static,pattern_rolling_k2v2_s16_r128_static,static,aime24:p15:s1:seed15043,b3071fe4e912d14e31a543908143a991dbe648bfe13ea6a3db80285f3da15dab
632,0.00012954867456471675,matched_path_accumulation_v1,same causal history,512,pattern_rolling_k2v2_s16_r128,512,true,true,next_token_KL,true,120,0.00012978010636288673,FP16_pseudo,pattern_rolling_k2v2_s16_r128_pseudo,pseudo,356,true,2.3143179816997872e-07,FP16_static,pattern_rolling_k2v2_s16_r128_static,static,aime24:p15:s1:seed15043,b3071fe4e912d14e31a543908143a991dbe648bfe13ea6a3db80285f3da15dab
632,3.615671930745634e-05,matched_path_accumulation_v1,same causal history,512,pattern_rolling_k2v2_s16_r128,512,true,true,next_token_JS,true,120,3.6210170947015285e-05,FP16_pseudo,pattern_rolling_k2v2_s16_r128_pseudo,pseudo,356,true,5.34516395589435e-08,FP16_static,pattern_rolling_k2v2_s16_r128_static,static,aime24:p15:s1:seed15043,b3071fe4e912d14e31a543908143a991dbe648bfe13ea6a3db80285f3da15dab
632,0.0003707743890117854,matched_path_accumulation_v1,same causal history,512,pattern_rolling_k2v2_s16_r128,512,true,true,target_token_NLL_delta,true,120,0.00038173768552951515,FP16_pseudo,pattern_rolling_k2v2_s16_r128_pseudo,pseudo,356,true,1.096329651772976e-05,FP16_static,pattern_rolling_k2v2_s16_r128_static,static,aime24:p15:s1:seed15043,b3071fe4e912d14e31a543908143a991dbe648bfe13ea6a3db80285f3da15dab
632,0.0,matched_path_accumulation_v1,same causal history,512,pattern_rolling_k2v2_s16_r128,512,true,true,top1_disagreement,true,120,0.0,FP16_pseudo,pattern_rolling_k2v2_s16_r128_pseudo,pseudo,356,true,0.0,FP16_static,pattern_rolling_k2v2_s16_r128_static,static,aime24:p15:s1:seed15043,b3071fe4e912d14e31a543908143a991dbe648bfe13ea6a3db80285f3da15dab
632,1.064453125,matched_path_accumulation_v1,same causal history,512,pattern_rolling_k2v2_s16_r128,512,true,true,logit_max_abs_diff,true,120,1.080078125,FP16_pseudo,pattern_rolling_k2v2_s16_r128_pseudo,pseudo,356,true,0.015625,FP16_static,pattern_rolling_k2v2_s16_r128_static,static,aime24:p15:s1:seed15043,b3071fe4e912d14e31a543908143a991dbe648bfe13ea6a3db80285f3da15dab
1144,0.03546154499053955,matched_path_accumulation_v1,same causal history,1024,pattern_rolling_k2v2_s16_r128,1024,true,true,hidden_cosine_loss,true,120,0.03546416759490967,FP16_pseudo,pattern_rolling_k2v2_s16_r128_pseudo,pseudo,12264,true,2.6226043701171875e-06,FP16_static,pattern_rolling_k2v2_s16_r128_static,static,aime24:p15:s1:seed15043,b3071fe4e912d14e31a543908143a991dbe648bfe13ea6a3db80285f3da15dab
1144,0.26990548241883516,matched_path_accumulation_v1,same causal history,1024,pattern_rolling_k2v2_s16_r128,1024,true,true,hidden_relative_L2,true,120,0.27218183875083923,FP16_pseudo,pattern_rolling_k2v2_s16_r128_pseudo,pseudo,12264,true,0.0022763563320040703,FP16_static,pattern_rolling_k2v2_s16_r128_static,static,aime24:p15:s1:seed15043,b3071fe4e912d14e31a543908143a991dbe648bfe13ea6a3db80285f3da15dab
1144,0.26990548241883516,matched_path_accumulation_v1,same causal history,1024,pattern_rolling_k2v2_s16_r128,1024,true,true,attention_output_relative_L2,true,120,0.27218183875083923,FP16_pseudo,pattern_rolling_k2v2_s16_r128_pseudo,pseudo,12264,true,0.0022763563320040703,FP16_static,pattern_rolling_k2v2_s16_r128_static,static,aime24:p15:s1:seed15043,b3071fe4e912d14e31a543908143a991dbe648bfe13ea6a3db80285f3da15dab
1144,7.0314901972068355e-06,matched_path_accumulation_v1,same causal history,1024,pattern_rolling_k2v2_s16_r128,1024,true,true,next_token_KL,true,120,7.059154086164199e-06,FP16_pseudo,pattern_rolling_k2v2_s16_r128_pseudo,pseudo,12264,true,2.766388895736327e-08,FP16_static,pattern_rolling_k2v2_s16_r128_static,static,aime24:p15:s1:seed15043,b3071fe4e912d14e31a543908143a991dbe648bfe13ea6a3db80285f3da15dab
1144,1.5948357248163347e-06,matched_path_accumulation_v1,same causal history,1024,pattern_rolling_k2v2_s16_r128,1024,true,true,next_token_JS,true,120,1.5970256299624452e-06,FP16_pseudo,pattern_rolling_k2v2_s16_r128_pseudo,pseudo,12264,true,2.1899051461105046e-09,FP16_static,pattern_rolling_k2v2_s16_r128_static,static,aime24:p15:s1:seed15043,b3071fe4e912d14e31a543908143a991dbe648bfe13ea6a3db80285f3da15dab
1144,-1.2516498827608302e-05,matched_path_accumulation_v1,same causal history,1024,pattern_rolling_k2v2_s16_r128,1024,true,true,target_token_NLL_delta,true,120,-1.2278091162443161e-05,FP16_pseudo,pattern_rolling_k2v2_s16_r128_pseudo,pseudo,12264,true,2.3840766516514122e-07,FP16_static,pattern_rolling_k2v2_s16_r128_static,static,aime24:p15:s1:seed15043,b3071fe4e912d14e31a543908143a991dbe648bfe13ea6a3db80285f3da15dab
1144,0.0,matched_path_accumulation_v1,same causal history,1024,pattern_rolling_k2v2_s16_r128,1024,true,true,top1_disagreement,true,120,0.0,FP16_pseudo,pattern_rolling_k2v2_s16_r128_pseudo,pseudo,12264,true,0.0,FP16_static,pattern_rolling_k2v2_s16_r128_static,static,aime24:p15:s1:seed15043,b3071fe4e912d14e31a543908143a991dbe648bfe13ea6a3db80285f3da15dab
1144,3.02734375,matched_path_accumulation_v1,same causal history,1024,pattern_rolling_k2v2_s16_r128,1024,true,true,logit_max_abs_diff,true,120,3.046875,FP16_pseudo,pattern_rolling_k2v2_s16_r128_pseudo,pseudo,12264,true,0.01953125,FP16_static,pattern_rolling_k2v2_s16_r128_static,static,aime24:p15:s1:seed15043,b3071fe4e912d14e31a543908143a991dbe648bfe13ea6a3db80285f3da15dab
230,-1.0728836059570312e-06,matched_path_accumulation_v1,same causal history,128,pattern_rolling_k2v2_s16_r128,128,true,true,hidden_cosine_loss,true,102,3.0994415283203125e-06,FP16_pseudo,pattern_rolling_k2v2_s16_r128_pseudo,pseudo,1695,true,4.172325134277344e-06,FP16_static,pattern_rolling_k2v2_s16_r128_static,static,aime24:p17:s0:seed17042,69e6e42dc75e6e4dd872f1d902c29c4269171195229da34733e720e66cc0cbb3
230,-0.00044818222522735596,matched_path_accumulation_v1,same causal history,128,pattern_rolling_k2v2_s16_r128,128,true,true,hidden_relative_L2,true,102,0.0023232295643538237,FP16_pseudo,pattern_rolling_k2v2_s16_r128_pseudo,pseudo,1695,true,0.0027714117895811796,FP16_static,pattern_rolling_k2v2_s16_r128_static,static,aime24:p17:s0:seed17042,69e6e42dc75e6e4dd872f1d902c29c4269171195229da34733e720e66cc0cbb3
230,-0.00044818222522735596,matched_path_accumulation_v1,same causal history,128,pattern_rolling_k2v2_s16_r128,128,true,true,attention_output_relative_L2,true,102,0.0023232295643538237,FP16_pseudo,pattern_rolling_k2v2_s16_r128_pseudo,pseudo,1695,true,0.0027714117895811796,FP16_static,pattern_rolling_k2v2_s16_r128_static,static,aime24:p17:s0:seed17042,69e6e42dc75e6e4dd872f1d902c29c4269171195229da34733e720e66cc0cbb3
230,7.324277248699218e-06,matched_path_accumulation_v1,same causal history,128,pattern_rolling_k2v2_s16_r128,128,true,true,next_token_KL,true,102,5.1472361519699916e-05,FP16_pseudo,pattern_rolling_k2v2_s16_r128_pseudo,pseudo,1695,true,4.41480842710007e-05,FP16_static,pattern_rolling_k2v2_s16_r128_static,static,aime24:p17:s0:seed17042,69e6e42dc75e6e4dd872f1d902c29c4269171195229da34733e720e66cc0cbb3
230,1.7059537640307099e-06,matched_path_accumulation_v1,same causal history,128,pattern_rolling_k2v2_s16_r128,128,true,true,next_token_JS,true,102,1.2875289030489512e-05,FP16_pseudo,pattern_rolling_k2v2_s16_r128_pseudo,pseudo,1695,true,1.1169335266458802e-05,FP16_static,pattern_rolling_k2v2_s16_r128_static,static,aime24:p17:s0:seed17042,69e6e42dc75e6e4dd872f1d902c29c4269171195229da34733e720e66cc0cbb3
230,-0.0066089630126953125,matched_path_accumulation_v1,same causal history,128,pattern_rolling_k2v2_s16_r128,128,true,true,target_token_NLL_delta,true,102,-0.004187107086181641,FP16_pseudo,pattern_rolling_k2v2_s16_r128_pseudo,pseudo,1695,true,0.002421855926513672,FP16_static,pattern_rolling_k2v2_s16_r128_static,static,aime24:p17:s0:seed17042,69e6e42dc75e6e4dd872f1d902c29c4269171195229da34733e720e66cc0cbb3
230,0.0,matched_path_accumulation_v1,same causal history,128,pattern_rolling_k2v2_s16_r128,128,true,true,top1_disagreement,true,102,0.0,FP16_pseudo,pattern_rolling_k2v2_s16_r128_pseudo,pseudo,1695,true,0.0,FP16_static,pattern_rolling_k2v2_s16_r128_static,static,aime24:p17:s0:seed17042,69e6e42dc75e6e4dd872f1d902c29c4269171195229da34733e720e66cc0cbb3
230,-0.0078125,matched_path_accumulation_v1,same causal history,128,pattern_rolling_k2v2_s16_r128,128,true,true,logit_max_abs_diff,true,102,0.0234375,FP16_pseudo,pattern_rolling_k2v2_s16_r128_pseudo,pseudo,1695,true,0.03125,FP16_static,pattern_rolling_k2v2_s16_r128_static,static,aime24:p17:s0:seed17042,69e6e42dc75e6e4dd872f1d902c29c4269171195229da34733e720e66cc0cbb3
614,0.005316197872161865,matched_path_accumulation_v1,same causal history,512,pattern_rolling_k2v2_s16_r128,512,true,true,hidden_cosine_loss,true,102,0.005319535732269287,FP16_pseudo,pattern_rolling_k2v2_s16_r128_pseudo,pseudo,17,true,3.337860107421875e-06,FP16_static,pattern_rolling_k2v2_s16_r128_static,static,aime24:p17:s0:seed17042,69e6e42dc75e6e4dd872f1d902c29c4269171195229da34733e720e66cc0cbb3
614,0.10088392137549818,matched_path_accumulation_v1,same causal history,512,pattern_rolling_k2v2_s16_r128,512,true,true,hidden_relative_L2,true,102,0.10343160480260849,FP16_pseudo,pattern_rolling_k2v2_s16_r128_pseudo,pseudo,17,true,0.0025476834271103144,FP16_static,pattern_rolling_k2v2_s16_r128_static,static,aime24:p17:s0:seed17042,69e6e42dc75e6e4dd872f1d902c29c4269171195229da34733e720e66cc0cbb3
614,0.10088392137549818,matched_path_accumulation_v1,same causal history,512,pattern_rolling_k2v2_s16_r128,512,true,true,attention_output_relative_L2,true,102,0.10343160480260849,FP16_pseudo,pattern_rolling_k2v2_s16_r128_pseudo,pseudo,17,true,0.0025476834271103144,FP16_static,pattern_rolling_k2v2_s16_r128_static,static,aime24:p17:s0:seed17042,69e6e42dc75e6e4dd872f1d902c29c4269171195229da34733e720e66cc0cbb3
614,0.008151018764692708,matched_path_accumulation_v1,same causal history,512,pattern_rolling_k2v2_s16_r128,512,true,true,next_token_KL,true,102,0.008158319629728794,FP16_pseudo,pattern_rolling_k2v2_s16_r128_pseudo,pseudo,17,true,7.300865036086179e-06,FP16_static,pattern_rolling_k2v2_s16_r128_static,static,aime24:p17:s0:seed17042,69e6e42dc75e6e4dd872f1d902c29c4269171195229da34733e720e66cc0cbb3
614,0.0018588497613336585,matched_path_accumulation_v1,same causal history,512,pattern_rolling_k2v2_s16_r128,512,true,true,next_token_JS,true,102,0.001860658172518015,FP16_pseudo,pattern_rolling_k2v2_s16_r128_pseudo,pseudo,17,true,1.8084111843563733e-06,FP16_static,pattern_rolling_k2v2_s16_r128_static,static,aime24:p17:s0:seed17042,69e6e42dc75e6e4dd872f1d902c29c4269171195229da34733e720e66cc0cbb3
614,-0.027206312865018845,matched_path_accumulation_v1,same causal history,512,pattern_rolling_k2v2_s16_r128,512,true,true,target_token_NLL_delta,true,102,-0.02820921316742897,FP16_pseudo,pattern_rolling_k2v2_s16_r128_pseudo,pseudo,17,true,-0.0010029003024101257,FP16_static,pattern_rolling_k2v2_s16_r128_static,static,aime24:p17:s0:seed17042,69e6e42dc75e6e4dd872f1d902c29c4269171195229da34733e720e66cc0cbb3
614,0.0,matched_path_accumulation_v1,same causal history,512,pattern_rolling_k2v2_s16_r128,512,true,true,top1_disagreement,true,102,0.0,FP16_pseudo,pattern_rolling_k2v2_s16_r128_pseudo,pseudo,17,true,0.0,FP16_static,pattern_rolling_k2v2_s16_r128_static,static,aime24:p17:s0:seed17042,69e6e42dc75e6e4dd872f1d902c29c4269171195229da34733e720e66cc0cbb3
614,0.83203125,matched_path_accumulation_v1,same causal history,512,pattern_rolling_k2v2_s16_r128,512,true,true,logit_max_abs_diff,true,102,0.8515625,FP16_pseudo,pattern_rolling_k2v2_s16_r128_pseudo,pseudo,17,true,0.01953125,FP16_static,pattern_rolling_k2v2_s16_r128_static,static,aime24:p17:s0:seed17042,69e6e42dc75e6e4dd872f1d902c29c4269171195229da34733e720e66cc0cbb3
1126,0.01524055004119873,matched_path_accumulation_v1,same causal history,1024,pattern_rolling_k2v2_s16_r128,1024,true,true,hidden_cosine_loss,true,102,0.015242695808410645,FP16_pseudo,pattern_rolling_k2v2_s16_r128_pseudo,pseudo,21,true,2.1457672119140625e-06,FP16_static,pattern_rolling_k2v2_s16_r128_static,static,aime24:p17:s0:seed17042,69e6e42dc75e6e4dd872f1d902c29c4269171195229da34733e720e66cc0cbb3
1126,0.1740762423723936,matched_path_accumulation_v1,same causal history,1024,pattern_rolling_k2v2_s16_r128,1024,true,true,hidden_relative_L2,true,102,0.17606312036514282,FP16_pseudo,pattern_rolling_k2v2_s16_r128_pseudo,pseudo,21,true,0.001986877992749214,FP16_static,pattern_rolling_k2v2_s16_r128_static,static,aime24:p17:s0:seed17042,69e6e42dc75e6e4dd872f1d902c29c4269171195229da34733e720e66cc0cbb3
1126,0.1740762423723936,matched_path_accumulation_v1,same causal history,1024,pattern_rolling_k2v2_s16_r128,1024,true,true,attention_output_relative_L2,true,102,0.17606312036514282,FP16_pseudo,pattern_rolling_k2v2_s16_r128_pseudo,pseudo,21,true,0.001986877992749214,FP16_static,pattern_rolling_k2v2_s16_r128_static,static,aime24:p17:s0:seed17042,69e6e42dc75e6e4dd872f1d902c29c4269171195229da34733e720e66cc0cbb3
1126,5.020713729209092e-07,matched_path_accumulation_v1,same causal history,1024,pattern_rolling_k2v2_s16_r128,1024,true,true,next_token_KL,true,102,5.020713729209092e-07,FP16_pseudo,pattern_rolling_k2v2_s16_r128_pseudo,pseudo,21,true,0.0,FP16_static,pattern_rolling_k2v2_s16_r128_static,static,aime24:p17:s0:seed17042,69e6e42dc75e6e4dd872f1d902c29c4269171195229da34733e720e66cc0cbb3
1126,1.5105373485369e-07,matched_path_accumulation_v1,same causal history,1024,pattern_rolling_k2v2_s16_r128,1024,true,true,next_token_JS,true,102,1.5124857100090594e-07,FP16_pseudo,pattern_rolling_k2v2_s16_r128_pseudo,pseudo,21,true,1.9483614721593767e-10,FP16_static,pattern_rolling_k2v2_s16_r128_static,static,aime24:p17:s0:seed17042,69e6e42dc75e6e4dd872f1d902c29c4269171195229da34733e720e66cc0cbb3
1126,7.152511898311786e-07,matched_path_accumulation_v1,same causal history,1024,pattern_rolling_k2v2_s16_r128,1024,true,true,target_token_NLL_delta,true,102,5.960428097750992e-07,FP16_pseudo,pattern_rolling_k2v2_s16_r128_pseudo,pseudo,21,true,-1.1920838005607948e-07,FP16_static,pattern_rolling_k2v2_s16_r128_static,static,aime24:p17:s0:seed17042,69e6e42dc75e6e4dd872f1d902c29c4269171195229da34733e720e66cc0cbb3
1126,0.0,matched_path_accumulation_v1,same causal history,1024,pattern_rolling_k2v2_s16_r128,1024,true,true,top1_disagreement,true,102,0.0,FP16_pseudo,pattern_rolling_k2v2_s16_r128_pseudo,pseudo,21,true,0.0,FP16_static,pattern_rolling_k2v2_s16_r128_static,static,aime24:p17:s0:seed17042,69e6e42dc75e6e4dd872f1d902c29c4269171195229da34733e720e66cc0cbb3
1126,1.458984375,matched_path_accumulation_v1,same causal history,1024,pattern_rolling_k2v2_s16_r128,1024,true,true,logit_max_abs_diff,true,102,1.474609375,FP16_pseudo,pattern_rolling_k2v2_s16_r128_pseudo,pseudo,21,true,0.015625,FP16_static,pattern_rolling_k2v2_s16_r128_static,static,aime24:p17:s0:seed17042,69e6e42dc75e6e4dd872f1d902c29c4269171195229da34733e720e66cc0cbb3
282,0.005020499229431152,matched_path_accumulation_v1,same causal history,128,pattern_rolling_k2v2_s16_r128,128,true,true,hidden_cosine_loss,true,154,0.005023300647735596,FP16_pseudo,pattern_rolling_k2v2_s16_r128_pseudo,pseudo,21701,true,2.8014183044433594e-06,FP16_static,pattern_rolling_k2v2_s16_r128_static,static,aime24:p0:s0:seed42,7a50b9d97068ffc8a93d794fcdf6bac89e37ed85dd38b6abbdbbe8fb4c9a8f8a
282,0.09819888044148684,matched_path_accumulation_v1,same causal history,128,pattern_rolling_k2v2_s16_r128,128,true,true,hidden_relative_L2,true,154,0.10040263086557388,FP16_pseudo,pattern_rolling_k2v2_s16_r128_pseudo,pseudo,21701,true,0.0022037504240870476,FP16_static,pattern_rolling_k2v2_s16_r128_static,static,aime24:p0:s0:seed42,7a50b9d97068ffc8a93d794fcdf6bac89e37ed85dd38b6abbdbbe8fb4c9a8f8a
282,0.09819888044148684,matched_path_accumulation_v1,same causal history,128,pattern_rolling_k2v2_s16_r128,128,true,true,attention_output_relative_L2,true,154,0.10040263086557388,FP16_pseudo,pattern_rolling_k2v2_s16_r128_pseudo,pseudo,21701,true,0.0022037504240870476,FP16_static,pattern_rolling_k2v2_s16_r128_static,static,aime24:p0:s0:seed42,7a50b9d97068ffc8a93d794fcdf6bac89e37ed85dd38b6abbdbbe8fb4c9a8f8a
282,0.032976728691892276,matched_path_accumulation_v1,same causal history,128,pattern_rolling_k2v2_s16_r128,128,true,true,next_token_KL,true,154,0.0329778753221035,FP16_pseudo,pattern_rolling_k2v2_s16_r128_pseudo,pseudo,21701,true,1.1466302112239646e-06,FP16_static,pattern_rolling_k2v2_s16_r128_static,static,aime24:p0:s0:seed42,7a50b9d97068ffc8a93d794fcdf6bac89e37ed85dd38b6abbdbbe8fb4c9a8f8a
282,0.008423316057530883,matched_path_accumulation_v1,same causal history,128,pattern_rolling_k2v2_s16_r128,128,true,true,next_token_JS,true,154,0.008423632010817528,FP16_pseudo,pattern_rolling_k2v2_s16_r128_pseudo,pseudo,21701,true,3.1595328664479894e-07,FP16_static,pattern_rolling_k2v2_s16_r128_static,static,aime24:p0:s0:seed42,7a50b9d97068ffc8a93d794fcdf6bac89e37ed85dd38b6abbdbbe8fb4c9a8f8a
282,0.21379351615905762,matched_path_accumulation_v1,same causal history,128,pattern_rolling_k2v2_s16_r128,128,true,true,target_token_NLL_delta,true,154,0.2136697769165039,FP16_pseudo,pattern_rolling_k2v2_s16_r128_pseudo,pseudo,21701,true,-0.00012373924255371094,FP16_static,pattern_rolling_k2v2_s16_r128_static,static,aime24:p0:s0:seed42,7a50b9d97068ffc8a93d794fcdf6bac89e37ed85dd38b6abbdbbe8fb4c9a8f8a
282,0.0,matched_path_accumulation_v1,same causal history,128,pattern_rolling_k2v2_s16_r128,128,true,true,top1_disagreement,true,154,0.0,FP16_pseudo,pattern_rolling_k2v2_s16_r128_pseudo,pseudo,21701,true,0.0,FP16_static,pattern_rolling_k2v2_s16_r128_static,static,aime24:p0:s0:seed42,7a50b9d97068ffc8a93d794fcdf6bac89e37ed85dd38b6abbdbbe8fb4c9a8f8a
282,1.25,matched_path_accumulation_v1,same causal history,128,pattern_rolling_k2v2_s16_r128,128,true,true,logit_max_abs_diff,true,154,1.2734375,FP16_pseudo,pattern_rolling_k2v2_s16_r128_pseudo,pseudo,21701,true,0.0234375,FP16_static,pattern_rolling_k2v2_s16_r128_static,static,aime24:p0:s0:seed42,7a50b9d97068ffc8a93d794fcdf6bac89e37ed85dd38b6abbdbbe8fb4c9a8f8a
666,0.0018454790115356445,matched_path_accumulation_v1,same causal history,512,pattern_rolling_k2v2_s16_r128,512,true,true,hidden_cosine_loss,true,154,0.001847386360168457,FP16_pseudo,pattern_rolling_k2v2_s16_r128_pseudo,pseudo,3878,true,1.9073486328125e-06,FP16_static,pattern_rolling_k2v2_s16_r128_static,static,aime24:p0:s0:seed42,7a50b9d97068ffc8a93d794fcdf6bac89e37ed85dd38b6abbdbbe8fb4c9a8f8a
666,0.0588638138724491,matched_path_accumulation_v1,same causal history,512,pattern_rolling_k2v2_s16_r128,512,true,true,hidden_relative_L2,true,154,0.060753002762794495,FP16_pseudo,pattern_rolling_k2v2_s16_r128_pseudo,pseudo,3878,true,0.0018891888903453946,FP16_static,pattern_rolling_k2v2_s16_r128_static,static,aime24:p0:s0:seed42,7a50b9d97068ffc8a93d794fcdf6bac89e37ed85dd38b6abbdbbe8fb4c9a8f8a
666,0.0588638138724491,matched_path_accumulation_v1,same causal history,512,pattern_rolling_k2v2_s16_r128,512,true,true,attention_output_relative_L2,true,154,0.060753002762794495,FP16_pseudo,pattern_rolling_k2v2_s16_r128_pseudo,pseudo,3878,true,0.0018891888903453946,FP16_static,pattern_rolling_k2v2_s16_r128_static,static,aime24:p0:s0:seed42,7a50b9d97068ffc8a93d794fcdf6bac89e37ed85dd38b6abbdbbe8fb4c9a8f8a
666,5.735229358094784e-07,matched_path_accumulation_v1,same causal history,512,pattern_rolling_k2v2_s16_r128,512,true,true,next_token_KL,true,154,5.824680329169496e-07,FP16_pseudo,pattern_rolling_k2v2_s16_r128_pseudo,pseudo,3878,true,8.945097107471156e-09,FP16_static,pattern_rolling_k2v2_s16_r128_static,static,aime24:p0:s0:seed42,7a50b9d97068ffc8a93d794fcdf6bac89e37ed85dd38b6abbdbbe8fb4c9a8f8a
666,1.0784085446857716e-07,matched_path_accumulation_v1,same causal history,512,pattern_rolling_k2v2_s16_r128,512,true,true,next_token_JS,true,154,1.377039211547526e-07,FP16_pseudo,pattern_rolling_k2v2_s16_r128_pseudo,pseudo,3878,true,2.9863066686175443e-08,FP16_static,pattern_rolling_k2v2_s16_r128_static,static,aime24:p0:s0:seed42,7a50b9d97068ffc8a93d794fcdf6bac89e37ed85dd38b6abbdbbe8fb4c9a8f8a
666,-4.648405592888594e-06,matched_path_accumulation_v1,same causal history,512,pattern_rolling_k2v2_s16_r128,512,true,true,target_token_NLL_delta,true,154,-3.2181269489228725e-06,FP16_pseudo,pattern_rolling_k2v2_s16_r128_pseudo,pseudo,3878,true,1.4302786439657211e-06,FP16_static,pattern_rolling_k2v2_s16_r128_static,static,aime24:p0:s0:seed42,7a50b9d97068ffc8a93d794fcdf6bac89e37ed85dd38b6abbdbbe8fb4c9a8f8a
666,0.0,matched_path_accumulation_v1,same causal history,512,pattern_rolling_k2v2_s16_r128,512,true,true,top1_disagreement,true,154,0.0,FP16_pseudo,pattern_rolling_k2v2_s16_r128_pseudo,pseudo,3878,true,0.0,FP16_static,pattern_rolling_k2v2_s16_r128_static,static,aime24:p0:s0:seed42,7a50b9d97068ffc8a93d794fcdf6bac89e37ed85dd38b6abbdbbe8fb4c9a8f8a
666,0.54248046875,matched_path_accumulation_v1,same causal history,512,pattern_rolling_k2v2_s16_r128,512,true,true,logit_max_abs_diff,true,154,0.55859375,FP16_pseudo,pattern_rolling_k2v2_s16_r128_pseudo,pseudo,3878,true,0.01611328125,FP16_static,pattern_rolling_k2v2_s16_r128_static,static,aime24:p0:s0:seed42,7a50b9d97068ffc8a93d794fcdf6bac89e37ed85dd38b6abbdbbe8fb4c9a8f8a
1178,0.029083669185638428,matched_path_accumulation_v1,same causal history,1024,pattern_rolling_k2v2_s16_r128,1024,true,true,hidden_cosine_loss,true,154,0.029086589813232422,FP16_pseudo,pattern_rolling_k2v2_s16_r128_pseudo,pseudo,4520,true,2.9206275939941406e-06,FP16_static,pattern_rolling_k2v2_s16_r128_static,static,aime24:p0:s0:seed42,7a50b9d97068ffc8a93d794fcdf6bac89e37ed85dd38b6abbdbbe8fb4c9a8f8a
1178,0.23832452041096985,matched_path_accumulation_v1,same causal history,1024,pattern_rolling_k2v2_s16_r128,1024,true,true,hidden_relative_L2,true,154,0.24064747989177704,FP16_pseudo,pattern_rolling_k2v2_s16_r128_pseudo,pseudo,4520,true,0.002322959480807185,FP16_static,pattern_rolling_k2v2_s16_r128_static,static,aime24:p0:s0:seed42,7a50b9d97068ffc8a93d794fcdf6bac89e37ed85dd38b6abbdbbe8fb4c9a8f8a
1178,0.23832452041096985,matched_path_accumulation_v1,same causal history,1024,pattern_rolling_k2v2_s16_r128,1024,true,true,attention_output_relative_L2,true,154,0.24064747989177704,FP16_pseudo,pattern_rolling_k2v2_s16_r128_pseudo,pseudo,4520,true,0.002322959480807185,FP16_static,pattern_rolling_k2v2_s16_r128_static,static,aime24:p0:s0:seed42,7a50b9d97068ffc8a93d794fcdf6bac89e37ed85dd38b6abbdbbe8fb4c9a8f8a
1178,0.0049533041984801685,matched_path_accumulation_v1,same causal history,1024,pattern_rolling_k2v2_s16_r128,1024,true,true,next_token_KL,true,154,0.004953443538397551,FP16_pseudo,pattern_rolling_k2v2_s16_r128_pseudo,pseudo,4520,true,1.393399173821308e-07,FP16_static,pattern_rolling_k2v2_s16_r128_static,static,aime24:p0:s0:seed42,7a50b9d97068ffc8a93d794fcdf6bac89e37ed85dd38b6abbdbbe8fb4c9a8f8a
1178,0.001552102948227052,matched_path_accumulation_v1,same causal history,1024,pattern_rolling_k2v2_s16_r128,1024,true,true,next_token_JS,true,154,0.0015521036693826318,FP16_pseudo,pattern_rolling_k2v2_s16_r128_pseudo,pseudo,4520,true,7.21155579697097e-10,FP16_static,pattern_rolling_k2v2_s16_r128_static,static,aime24:p0:s0:seed42,7a50b9d97068ffc8a93d794fcdf6bac89e37ed85dd38b6abbdbbe8fb4c9a8f8a
1178,0.007197353639639914,matched_path_accumulation_v1,same causal history,1024,pattern_rolling_k2v2_s16_r128,1024,true,true,target_token_NLL_delta,true,154,0.007180563639849424,FP16_pseudo,pattern_rolling_k2v2_s16_r128_pseudo,pseudo,4520,true,-1.6789999790489674e-05,FP16_static,pattern_rolling_k2v2_s16_r128_static,static,aime24:p0:s0:seed42,7a50b9d97068ffc8a93d794fcdf6bac89e37ed85dd38b6abbdbbe8fb4c9a8f8a
1178,0.0,matched_path_accumulation_v1,same causal history,1024,pattern_rolling_k2v2_s16_r128,1024,true,true,top1_disagreement,true,154,0.0,FP16_pseudo,pattern_rolling_k2v2_s16_r128_pseudo,pseudo,4520,true,0.0,FP16_static,pattern_rolling_k2v2_s16_r128_static,static,aime24:p0:s0:seed42,7a50b9d97068ffc8a93d794fcdf6bac89e37ed85dd38b6abbdbbe8fb4c9a8f8a
1178,3.41015625,matched_path_accumulation_v1,same causal history,1024,pattern_rolling_k2v2_s16_r128,1024,true,true,logit_max_abs_diff,true,154,3.4296875,FP16_pseudo,pattern_rolling_k2v2_s16_r128_pseudo,pseudo,4520,true,0.01953125,FP16_static,pattern_rolling_k2v2_s16_r128_static,static,aime24:p0:s0:seed42,7a50b9d97068ffc8a93d794fcdf6bac89e37ed85dd38b6abbdbbe8fb4c9a8f8a
248,2.980232238769531e-07,matched_path_accumulation_v1,same causal history,128,kivi_rolling_k2v2_s0_r128,128,true,true,hidden_cosine_loss,true,120,1.9669532775878906e-06,FP16_pseudo,kivi_rolling_k2v2_s0_r128_pseudo,pseudo,578,true,1.6689300537109375e-06,FP16_static,kivi_rolling_k2v2_s0_r128_static,static,aime24:p15:s1:seed15043,b3071fe4e912d14e31a543908143a991dbe648bfe13ea6a3db80285f3da15dab
248,-7.450697012245655e-06,matched_path_accumulation_v1,same causal history,128,kivi_rolling_k2v2_s0_r128,128,true,true,hidden_relative_L2,true,120,0.0017232559621334076,FP16_pseudo,kivi_rolling_k2v2_s0_r128_pseudo,pseudo,578,true,0.0017307066591456532,FP16_static,kivi_rolling_k2v2_s0_r128_static,static,aime24:p15:s1:seed15043,b3071fe4e912d14e31a543908143a991dbe648bfe13ea6a3db80285f3da15dab
248,-7.450697012245655e-06,matched_path_accumulation_v1,same causal history,128,kivi_rolling_k2v2_s0_r128,128,true,true,attention_output_relative_L2,true,120,0.0017232559621334076,FP16_pseudo,kivi_rolling_k2v2_s0_r128_pseudo,pseudo,578,true,0.0017307066591456532,FP16_static,kivi_rolling_k2v2_s0_r128_static,static,aime24:p15:s1:seed15043,b3071fe4e912d14e31a543908143a991dbe648bfe13ea6a3db80285f3da15dab
248,1.6154389754774456e-05,matched_path_accumulation_v1,same causal history,128,kivi_rolling_k2v2_s0_r128,128,true,true,next_token_KL,true,120,1.6758171113906428e-05,FP16_pseudo,kivi_rolling_k2v2_s0_r128_pseudo,pseudo,578,true,6.037813591319718e-07,FP16_static,kivi_rolling_k2v2_s0_r128_static,static,aime24:p15:s1:seed15043,b3071fe4e912d14e31a543908143a991dbe648bfe13ea6a3db80285f3da15dab
248,4.011736436382307e-06,matched_path_accumulation_v1,same causal history,128,kivi_rolling_k2v2_s0_r128,128,true,true,next_token_JS,true,120,4.157417606620584e-06,FP16_pseudo,kivi_rolling_k2v2_s0_r128_pseudo,pseudo,578,true,1.4568117023827654e-07,FP16_static,kivi_rolling_k2v2_s0_r128_static,static,aime24:p15:s1:seed15043,b3071fe4e912d14e31a543908143a991dbe648bfe13ea6a3db80285f3da15dab
248,-0.0024959146976470947,matched_path_accumulation_v1,same causal history,128,kivi_rolling_k2v2_s0_r128,128,true,true,target_token_NLL_delta,true,120,-0.0025550127029418945,FP16_pseudo,kivi_rolling_k2v2_s0_r128_pseudo,pseudo,578,true,-5.9098005294799805e-05,FP16_static,kivi_rolling_k2v2_s0_r128_static,static,aime24:p15:s1:seed15043,b3071fe4e912d14e31a543908143a991dbe648bfe13ea6a3db80285f3da15dab
248,0.0,matched_path_accumulation_v1,same causal history,128,kivi_rolling_k2v2_s0_r128,128,true,true,top1_disagreement,true,120,0.0,FP16_pseudo,kivi_rolling_k2v2_s0_r128_pseudo,pseudo,578,true,0.0,FP16_static,kivi_rolling_k2v2_s0_r128_static,static,aime24:p15:s1:seed15043,b3071fe4e912d14e31a543908143a991dbe648bfe13ea6a3db80285f3da15dab
248,0.0078125,matched_path_accumulation_v1,same causal history,128,kivi_rolling_k2v2_s0_r128,128,true,true,logit_max_abs_diff,true,120,0.0234375,FP16_pseudo,kivi_rolling_k2v2_s0_r128_pseudo,pseudo,578,true,0.015625,FP16_static,kivi_rolling_k2v2_s0_r128_static,static,aime24:p15:s1:seed15043,b3071fe4e912d14e31a543908143a991dbe648bfe13ea6a3db80285f3da15dab
632,0.14420568943023682,matched_path_accumulation_v1,same causal history,512,kivi_rolling_k2v2_s0_r128,512,true,true,hidden_cosine_loss,true,120,0.14420831203460693,FP16_pseudo,kivi_rolling_k2v2_s0_r128_pseudo,pseudo,356,true,2.6226043701171875e-06,FP16_static,kivi_rolling_k2v2_s0_r128_static,static,aime24:p15:s1:seed15043,b3071fe4e912d14e31a543908143a991dbe648bfe13ea6a3db80285f3da15dab
632,0.5454725960735232,matched_path_accumulation_v1,same causal history,512,kivi_rolling_k2v2_s0_r128,512,true,true,hidden_relative_L2,true,120,0.5475749969482422,FP16_pseudo,kivi_rolling_k2v2_s0_r128_pseudo,pseudo,356,true,0.0021024008747190237,FP16_static,kivi_rolling_k2v2_s0_r128_static,static,aime24:p15:s1:seed15043,b3071fe4e912d14e31a543908143a991dbe648bfe13ea6a3db80285f3da15dab
632,0.5454725960735232,matched_path_accumulation_v1,same causal history,512,kivi_rolling_k2v2_s0_r128,512,true,true,attention_output_relative_L2,true,120,0.5475749969482422,FP16_pseudo,kivi_rolling_k2v2_s0_r128_pseudo,pseudo,356,true,0.0021024008747190237,FP16_static,kivi_rolling_k2v2_s0_r128_static,static,aime24:p15:s1:seed15043,b3071fe4e912d14e31a543908143a991dbe648bfe13ea6a3db80285f3da15dab
632,0.002772608308120539,matched_path_accumulation_v1,same causal history,512,kivi_rolling_k2v2_s0_r128,512,true,true,next_token_KL,true,120,0.002772839739918709,FP16_pseudo,kivi_rolling_k2v2_s0_r128_pseudo,pseudo,356,true,2.3143179816997872e-07,FP16_static,kivi_rolling_k2v2_s0_r128_static,static,aime24:p15:s1:seed15043,b3071fe4e912d14e31a543908143a991dbe648bfe13ea6a3db80285f3da15dab
632,0.0008928520667730311,matched_path_accumulation_v1,same causal history,512,kivi_rolling_k2v2_s0_r128,512,true,true,next_token_JS,true,120,0.00089290551841259,FP16_pseudo,kivi_rolling_k2v2_s0_r128_pseudo,pseudo,356,true,5.34516395589435e-08,FP16_static,kivi_rolling_k2v2_s0_r128_static,static,aime24:p15:s1:seed15043,b3071fe4e912d14e31a543908143a991dbe648bfe13ea6a3db80285f3da15dab
632,0.003597207134589553,matched_path_accumulation_v1,same causal history,512,kivi_rolling_k2v2_s0_r128,512,true,true,target_token_NLL_delta,true,120,0.0036081704311072826,FP16_pseudo,kivi_rolling_k2v2_s0_r128_pseudo,pseudo,356,true,1.096329651772976e-05,FP16_static,kivi_rolling_k2v2_s0_r128_static,static,aime24:p15:s1:seed15043,b3071fe4e912d14e31a543908143a991dbe648bfe13ea6a3db80285f3da15dab
632,0.0,matched_path_accumulation_v1,same causal history,512,kivi_rolling_k2v2_s0_r128,512,true,true,top1_disagreement,true,120,0.0,FP16_pseudo,kivi_rolling_k2v2_s0_r128_pseudo,pseudo,356,true,0.0,FP16_static,kivi_rolling_k2v2_s0_r128_static,static,aime24:p15:s1:seed15043,b3071fe4e912d14e31a543908143a991dbe648bfe13ea6a3db80285f3da15dab
632,5.197265625,matched_path_accumulation_v1,same causal history,512,kivi_rolling_k2v2_s0_r128,512,true,true,logit_max_abs_diff,true,120,5.212890625,FP16_pseudo,kivi_rolling_k2v2_s0_r128_pseudo,pseudo,356,true,0.015625,FP16_static,kivi_rolling_k2v2_s0_r128_static,static,aime24:p15:s1:seed15043,b3071fe4e912d14e31a543908143a991dbe648bfe13ea6a3db80285f3da15dab
1144,0.1681467890739441,matched_path_accumulation_v1,same causal history,1024,kivi_rolling_k2v2_s0_r128,1024,true,true,hidden_cosine_loss,true,120,0.1681494116783142,FP16_pseudo,kivi_rolling_k2v2_s0_r128_pseudo,pseudo,12264,true,2.6226043701171875e-06,FP16_static,kivi_rolling_k2v2_s0_r128_static,static,aime24:p15:s1:seed15043,b3071fe4e912d14e31a543908143a991dbe648bfe13ea6a3db80285f3da15dab
1144,0.6338068889454007,matched_path_accumulation_v1,same causal history,1024,kivi_rolling_k2v2_s0_r128,1024,true,true,hidden_relative_L2,true,120,0.6360832452774048,FP16_pseudo,kivi_rolling_k2v2_s0_r128_pseudo,pseudo,12264,true,0.0022763563320040703,FP16_static,kivi_rolling_k2v2_s0_r128_static,static,aime24:p15:s1:seed15043,b3071fe4e912d14e31a543908143a991dbe648bfe13ea6a3db80285f3da15dab
1144,0.6338068889454007,matched_path_accumulation_v1,same causal history,1024,kivi_rolling_k2v2_s0_r128,1024,true,true,attention_output_relative_L2,true,120,0.6360832452774048,FP16_pseudo,kivi_rolling_k2v2_s0_r128_pseudo,pseudo,12264,true,0.0022763563320040703,FP16_static,kivi_rolling_k2v2_s0_r128_static,static,aime24:p15:s1:seed15043,b3071fe4e912d14e31a543908143a991dbe648bfe13ea6a3db80285f3da15dab
1144,2.8026667889591295e-05,matched_path_accumulation_v1,same causal history,1024,kivi_rolling_k2v2_s0_r128,1024,true,true,next_token_KL,true,120,2.8054331778548658e-05,FP16_pseudo,kivi_rolling_k2v2_s0_r128_pseudo,pseudo,12264,true,2.766388895736327e-08,FP16_static,kivi_rolling_k2v2_s0_r128_static,static,aime24:p15:s1:seed15043,b3071fe4e912d14e31a543908143a991dbe648bfe13ea6a3db80285f3da15dab
1144,8.42530987377188e-06,matched_path_accumulation_v1,same causal history,1024,kivi_rolling_k2v2_s0_r128,1024,true,true,next_token_JS,true,120,8.42749977891799e-06,FP16_pseudo,kivi_rolling_k2v2_s0_r128_pseudo,pseudo,12264,true,2.1899051461105046e-09,FP16_static,kivi_rolling_k2v2_s0_r128_static,static,aime24:p15:s1:seed15043,b3071fe4e912d14e31a543908143a991dbe648bfe13ea6a3db80285f3da15dab
1144,3.2303771149599925e-05,matched_path_accumulation_v1,same causal history,1024,kivi_rolling_k2v2_s0_r128,1024,true,true,target_token_NLL_delta,true,120,3.2542178814765066e-05,FP16_pseudo,kivi_rolling_k2v2_s0_r128_pseudo,pseudo,12264,true,2.3840766516514122e-07,FP16_static,kivi_rolling_k2v2_s0_r128_static,static,aime24:p15:s1:seed15043,b3071fe4e912d14e31a543908143a991dbe648bfe13ea6a3db80285f3da15dab
1144,0.0,matched_path_accumulation_v1,same causal history,1024,kivi_rolling_k2v2_s0_r128,1024,true,true,top1_disagreement,true,120,0.0,FP16_pseudo,kivi_rolling_k2v2_s0_r128_pseudo,pseudo,12264,true,0.0,FP16_static,kivi_rolling_k2v2_s0_r128_static,static,aime24:p15:s1:seed15043,b3071fe4e912d14e31a543908143a991dbe648bfe13ea6a3db80285f3da15dab
1144,5.208984375,matched_path_accumulation_v1,same causal history,1024,kivi_rolling_k2v2_s0_r128,1024,true,true,logit_max_abs_diff,true,120,5.228515625,FP16_pseudo,kivi_rolling_k2v2_s0_r128_pseudo,pseudo,12264,true,0.01953125,FP16_static,kivi_rolling_k2v2_s0_r128_static,static,aime24:p15:s1:seed15043,b3071fe4e912d14e31a543908143a991dbe648bfe13ea6a3db80285f3da15dab
230,-1.3113021850585938e-06,matched_path_accumulation_v1,same causal history,128,kivi_rolling_k2v2_s0_r128,128,true,true,hidden_cosine_loss,true,102,2.86102294921875e-06,FP16_pseudo,kivi_rolling_k2v2_s0_r128_pseudo,pseudo,1695,true,4.172325134277344e-06,FP16_static,kivi_rolling_k2v2_s0_r128_static,static,aime24:p17:s0:seed17042,69e6e42dc75e6e4dd872f1d902c29c4269171195229da34733e720e66cc0cbb3
230,-0.0005424560513347387,matched_path_accumulation_v1,same causal history,128,kivi_rolling_k2v2_s0_r128,128,true,true,hidden_relative_L2,true,102,0.002228955738246441,FP16_pseudo,kivi_rolling_k2v2_s0_r128_pseudo,pseudo,1695,true,0.0027714117895811796,FP16_static,kivi_rolling_k2v2_s0_r128_static,static,aime24:p17:s0:seed17042,69e6e42dc75e6e4dd872f1d902c29c4269171195229da34733e720e66cc0cbb3
230,-0.0005424560513347387,matched_path_accumulation_v1,same causal history,128,kivi_rolling_k2v2_s0_r128,128,true,true,attention_output_relative_L2,true,102,0.002228955738246441,FP16_pseudo,kivi_rolling_k2v2_s0_r128_pseudo,pseudo,1695,true,0.0027714117895811796,FP16_static,kivi_rolling_k2v2_s0_r128_static,static,aime24:p17:s0:seed17042,69e6e42dc75e6e4dd872f1d902c29c4269171195229da34733e720e66cc0cbb3
230,-3.3615758184168953e-05,matched_path_accumulation_v1,same causal history,128,kivi_rolling_k2v2_s0_r128,128,true,true,next_token_KL,true,102,1.0532326086831745e-05,FP16_pseudo,kivi_rolling_k2v2_s0_r128_pseudo,pseudo,1695,true,4.41480842710007e-05,FP16_static,kivi_rolling_k2v2_s0_r128_static,static,aime24:p17:s0:seed17042,69e6e42dc75e6e4dd872f1d902c29c4269171195229da34733e720e66cc0cbb3
230,-8.532351102985558e-06,matched_path_accumulation_v1,same causal history,128,kivi_rolling_k2v2_s0_r128,128,true,true,next_token_JS,true,102,2.636984163473244e-06,FP16_pseudo,kivi_rolling_k2v2_s0_r128_pseudo,pseudo,1695,true,1.1169335266458802e-05,FP16_static,kivi_rolling_k2v2_s0_r128_static,static,aime24:p17:s0:seed17042,69e6e42dc75e6e4dd872f1d902c29c4269171195229da34733e720e66cc0cbb3
230,-0.01656055450439453,matched_path_accumulation_v1,same causal history,128,kivi_rolling_k2v2_s0_r128,128,true,true,target_token_NLL_delta,true,102,-0.01413869857788086,FP16_pseudo,kivi_rolling_k2v2_s0_r128_pseudo,pseudo,1695,true,0.002421855926513672,FP16_static,kivi_rolling_k2v2_s0_r128_static,static,aime24:p17:s0:seed17042,69e6e42dc75e6e4dd872f1d902c29c4269171195229da34733e720e66cc0cbb3
230,0.0,matched_path_accumulation_v1,same causal history,128,kivi_rolling_k2v2_s0_r128,128,true,true,top1_disagreement,true,102,0.0,FP16_pseudo,kivi_rolling_k2v2_s0_r128_pseudo,pseudo,1695,true,0.0,FP16_static,kivi_rolling_k2v2_s0_r128_static,static,aime24:p17:s0:seed17042,69e6e42dc75e6e4dd872f1d902c29c4269171195229da34733e720e66cc0cbb3
230,-0.005859375,matched_path_accumulation_v1,same causal history,128,kivi_rolling_k2v2_s0_r128,128,true,true,logit_max_abs_diff,true,102,0.025390625,FP16_pseudo,kivi_rolling_k2v2_s0_r128_pseudo,pseudo,1695,true,0.03125,FP16_static,kivi_rolling_k2v2_s0_r128_static,static,aime24:p17:s0:seed17042,69e6e42dc75e6e4dd872f1d902c29c4269171195229da34733e720e66cc0cbb3
614,0.12754583358764648,matched_path_accumulation_v1,same causal history,512,kivi_rolling_k2v2_s0_r128,512,true,true,hidden_cosine_loss,true,102,0.1275491714477539,FP16_pseudo,kivi_rolling_k2v2_s0_r128_pseudo,pseudo,17,true,3.337860107421875e-06,FP16_static,kivi_rolling_k2v2_s0_r128_static,static,aime24:p17:s0:seed17042,69e6e42dc75e6e4dd872f1d902c29c4269171195229da34733e720e66cc0cbb3
614,0.5032145956065506,matched_path_accumulation_v1,same causal history,512,kivi_rolling_k2v2_s0_r128,512,true,true,hidden_relative_L2,true,102,0.5057622790336609,FP16_pseudo,kivi_rolling_k2v2_s0_r128_pseudo,pseudo,17,true,0.0025476834271103144,FP16_static,kivi_rolling_k2v2_s0_r128_static,static,aime24:p17:s0:seed17042,69e6e42dc75e6e4dd872f1d902c29c4269171195229da34733e720e66cc0cbb3
614,0.5032145956065506,matched_path_accumulation_v1,same causal history,512,kivi_rolling_k2v2_s0_r128,512,true,true,attention_output_relative_L2,true,102,0.5057622790336609,FP16_pseudo,kivi_rolling_k2v2_s0_r128_pseudo,pseudo,17,true,0.0025476834271103144,FP16_static,kivi_rolling_k2v2_s0_r128_static,static,aime24:p17:s0:seed17042,69e6e42dc75e6e4dd872f1d902c29c4269171195229da34733e720e66cc0cbb3
614,0.9882985658532562,matched_path_accumulation_v1,same causal history,512,kivi_rolling_k2v2_s0_r128,512,true,true,next_token_KL,true,102,0.9883058667182922,FP16_pseudo,kivi_rolling_k2v2_s0_r128_pseudo,pseudo,17,true,7.300865036086179e-06,FP16_static,kivi_rolling_k2v2_s0_r128_static,static,aime24:p17:s0:seed17042,69e6e42dc75e6e4dd872f1d902c29c4269171195229da34733e720e66cc0cbb3
614,0.2568916773733463,matched_path_accumulation_v1,same causal history,512,kivi_rolling_k2v2_s0_r128,512,true,true,next_token_JS,true,102,0.25689348578453064,FP16_pseudo,kivi_rolling_k2v2_s0_r128_pseudo,pseudo,17,true,1.8084111843563733e-06,FP16_static,kivi_rolling_k2v2_s0_r128_static,static,aime24:p17:s0:seed17042,69e6e42dc75e6e4dd872f1d902c29c4269171195229da34733e720e66cc0cbb3
614,1.2246892377734184,matched_path_accumulation_v1,same causal history,512,kivi_rolling_k2v2_s0_r128,512,true,true,target_token_NLL_delta,true,102,1.2236863374710083,FP16_pseudo,kivi_rolling_k2v2_s0_r128_pseudo,pseudo,17,true,-0.0010029003024101257,FP16_static,kivi_rolling_k2v2_s0_r128_static,static,aime24:p17:s0:seed17042,69e6e42dc75e6e4dd872f1d902c29c4269171195229da34733e720e66cc0cbb3
614,1.0,matched_path_accumulation_v1,same causal history,512,kivi_rolling_k2v2_s0_r128,512,true,true,top1_disagreement,true,102,1.0,FP16_pseudo,kivi_rolling_k2v2_s0_r128_pseudo,pseudo,17,true,0.0,FP16_static,kivi_rolling_k2v2_s0_r128_static,static,aime24:p17:s0:seed17042,69e6e42dc75e6e4dd872f1d902c29c4269171195229da34733e720e66cc0cbb3
614,4.580078125,matched_path_accumulation_v1,same causal history,512,kivi_rolling_k2v2_s0_r128,512,true,true,logit_max_abs_diff,true,102,4.599609375,FP16_pseudo,kivi_rolling_k2v2_s0_r128_pseudo,pseudo,17,true,0.01953125,FP16_static,kivi_rolling_k2v2_s0_r128_static,static,aime24:p17:s0:seed17042,69e6e42dc75e6e4dd872f1d902c29c4269171195229da34733e720e66cc0cbb3
1126,0.07890444993972778,matched_path_accumulation_v1,same causal history,1024,kivi_rolling_k2v2_s0_r128,1024,true,true,hidden_cosine_loss,true,102,0.0789065957069397,FP16_pseudo,kivi_rolling_k2v2_s0_r128_pseudo,pseudo,21,true,2.1457672119140625e-06,FP16_static,kivi_rolling_k2v2_s0_r128_static,static,aime24:p17:s0:seed17042,69e6e42dc75e6e4dd872f1d902c29c4269171195229da34733e720e66cc0cbb3
1126,0.40107653848826885,matched_path_accumulation_v1,same causal history,1024,kivi_rolling_k2v2_s0_r128,1024,true,true,hidden_relative_L2,true,102,0.40306341648101807,FP16_pseudo,kivi_rolling_k2v2_s0_r128_pseudo,pseudo,21,true,0.001986877992749214,FP16_static,kivi_rolling_k2v2_s0_r128_static,static,aime24:p17:s0:seed17042,69e6e42dc75e6e4dd872f1d902c29c4269171195229da34733e720e66cc0cbb3
1126,0.40107653848826885,matched_path_accumulation_v1,same causal history,1024,kivi_rolling_k2v2_s0_r128,1024,true,true,attention_output_relative_L2,true,102,0.40306341648101807,FP16_pseudo,kivi_rolling_k2v2_s0_r128_pseudo,pseudo,21,true,0.001986877992749214,FP16_static,kivi_rolling_k2v2_s0_r128_static,static,aime24:p17:s0:seed17042,69e6e42dc75e6e4dd872f1d902c29c4269171195229da34733e720e66cc0cbb3
1126,5.128965131007135e-05,matched_path_accumulation_v1,same causal history,1024,kivi_rolling_k2v2_s0_r128,1024,true,true,next_token_KL,true,102,5.128965131007135e-05,FP16_pseudo,kivi_rolling_k2v2_s0_r128_pseudo,pseudo,21,true,0.0,FP16_static,kivi_rolling_k2v2_s0_r128_static,static,aime24:p17:s0:seed17042,69e6e42dc75e6e4dd872f1d902c29c4269171195229da34733e720e66cc0cbb3
1126,1.6692572694765317e-05,matched_path_accumulation_v1,same causal history,1024,kivi_rolling_k2v2_s0_r128,1024,true,true,next_token_JS,true,102,1.6692767530912533e-05,FP16_pseudo,kivi_rolling_k2v2_s0_r128_pseudo,pseudo,21,true,1.9483614721593767e-10,FP16_static,kivi_rolling_k2v2_s0_r128_static,static,aime24:p17:s0:seed17042,69e6e42dc75e6e4dd872f1d902c29c4269171195229da34733e720e66cc0cbb3
1126,6.50857755317702e-05,matched_path_accumulation_v1,same causal history,1024,kivi_rolling_k2v2_s0_r128,1024,true,true,target_token_NLL_delta,true,102,6.496656715171412e-05,FP16_pseudo,kivi_rolling_k2v2_s0_r128_pseudo,pseudo,21,true,-1.1920838005607948e-07,FP16_static,kivi_rolling_k2v2_s0_r128_static,static,aime24:p17:s0:seed17042,69e6e42dc75e6e4dd872f1d902c29c4269171195229da34733e720e66cc0cbb3
1126,0.0,matched_path_accumulation_v1,same causal history,1024,kivi_rolling_k2v2_s0_r128,1024,true,true,top1_disagreement,true,102,0.0,FP16_pseudo,kivi_rolling_k2v2_s0_r128_pseudo,pseudo,21,true,0.0,FP16_static,kivi_rolling_k2v2_s0_r128_static,static,aime24:p17:s0:seed17042,69e6e42dc75e6e4dd872f1d902c29c4269171195229da34733e720e66cc0cbb3
1126,3.015625,matched_path_accumulation_v1,same causal history,1024,kivi_rolling_k2v2_s0_r128,1024,true,true,logit_max_abs_diff,true,102,3.03125,FP16_pseudo,kivi_rolling_k2v2_s0_r128_pseudo,pseudo,21,true,0.015625,FP16_static,kivi_rolling_k2v2_s0_r128_static,static,aime24:p17:s0:seed17042,69e6e42dc75e6e4dd872f1d902c29c4269171195229da34733e720e66cc0cbb3
282,0.0701904296875,matched_path_accumulation_v1,same causal history,128,kivi_rolling_k2v2_s0_r128,128,true,true,hidden_cosine_loss,true,154,0.07019323110580444,FP16_pseudo,kivi_rolling_k2v2_s0_r128_pseudo,pseudo,21701,true,2.8014183044433594e-06,FP16_static,kivi_rolling_k2v2_s0_r128_static,static,aime24:p0:s0:seed42,7a50b9d97068ffc8a93d794fcdf6bac89e37ed85dd38b6abbdbbe8fb4c9a8f8a
282,0.3699989141896367,matched_path_accumulation_v1,same causal history,128,kivi_rolling_k2v2_s0_r128,128,true,true,hidden_relative_L2,true,154,0.37220266461372375,FP16_pseudo,kivi_rolling_k2v2_s0_r128_pseudo,pseudo,21701,true,0.0022037504240870476,FP16_static,kivi_rolling_k2v2_s0_r128_static,static,aime24:p0:s0:seed42,7a50b9d97068ffc8a93d794fcdf6bac89e37ed85dd38b6abbdbbe8fb4c9a8f8a
282,0.3699989141896367,matched_path_accumulation_v1,same causal history,128,kivi_rolling_k2v2_s0_r128,128,true,true,attention_output_relative_L2,true,154,0.37220266461372375,FP16_pseudo,kivi_rolling_k2v2_s0_r128_pseudo,pseudo,21701,true,0.0022037504240870476,FP16_static,kivi_rolling_k2v2_s0_r128_static,static,aime24:p0:s0:seed42,7a50b9d97068ffc8a93d794fcdf6bac89e37ed85dd38b6abbdbbe8fb4c9a8f8a
282,1.0634407259665295,matched_path_accumulation_v1,same causal history,128,kivi_rolling_k2v2_s0_r128,128,true,true,next_token_KL,true,154,1.0634418725967407,FP16_pseudo,kivi_rolling_k2v2_s0_r128_pseudo,pseudo,21701,true,1.1466302112239646e-06,FP16_static,kivi_rolling_k2v2_s0_r128_static,static,aime24:p0:s0:seed42,7a50b9d97068ffc8a93d794fcdf6bac89e37ed85dd38b6abbdbbe8fb4c9a8f8a
282,0.23370034689804697,matched_path_accumulation_v1,same causal history,128,kivi_rolling_k2v2_s0_r128,128,true,true,next_token_JS,true,154,0.23370066285133362,FP16_pseudo,kivi_rolling_k2v2_s0_r128_pseudo,pseudo,21701,true,3.1595328664479894e-07,FP16_static,kivi_rolling_k2v2_s0_r128_static,static,aime24:p0:s0:seed42,7a50b9d97068ffc8a93d794fcdf6bac89e37ed85dd38b6abbdbbe8fb4c9a8f8a
282,1.926762342453003,matched_path_accumulation_v1,same causal history,128,kivi_rolling_k2v2_s0_r128,128,true,true,target_token_NLL_delta,true,154,1.9266386032104492,FP16_pseudo,kivi_rolling_k2v2_s0_r128_pseudo,pseudo,21701,true,-0.00012373924255371094,FP16_static,kivi_rolling_k2v2_s0_r128_static,static,aime24:p0:s0:seed42,7a50b9d97068ffc8a93d794fcdf6bac89e37ed85dd38b6abbdbbe8fb4c9a8f8a
282,1.0,matched_path_accumulation_v1,same causal history,128,kivi_rolling_k2v2_s0_r128,128,true,true,top1_disagreement,true,154,1.0,FP16_pseudo,kivi_rolling_k2v2_s0_r128_pseudo,pseudo,21701,true,0.0,FP16_static,kivi_rolling_k2v2_s0_r128_static,static,aime24:p0:s0:seed42,7a50b9d97068ffc8a93d794fcdf6bac89e37ed85dd38b6abbdbbe8fb4c9a8f8a
282,3.61328125,matched_path_accumulation_v1,same causal history,128,kivi_rolling_k2v2_s0_r128,128,true,true,logit_max_abs_diff,true,154,3.63671875,FP16_pseudo,kivi_rolling_k2v2_s0_r128_pseudo,pseudo,21701,true,0.0234375,FP16_static,kivi_rolling_k2v2_s0_r128_static,static,aime24:p0:s0:seed42,7a50b9d97068ffc8a93d794fcdf6bac89e37ed85dd38b6abbdbbe8fb4c9a8f8a
666,0.03778564929962158,matched_path_accumulation_v1,same causal history,512,kivi_rolling_k2v2_s0_r128,512,true,true,hidden_cosine_loss,true,154,0.037787556648254395,FP16_pseudo,kivi_rolling_k2v2_s0_r128_pseudo,pseudo,3878,true,1.9073486328125e-06,FP16_static,kivi_rolling_k2v2_s0_r128_static,static,aime24:p0:s0:seed42,7a50b9d97068ffc8a93d794fcdf6bac89e37ed85dd38b6abbdbbe8fb4c9a8f8a
666,0.27838102995883673,matched_path_accumulation_v1,same causal history,512,kivi_rolling_k2v2_s0_r128,512,true,true,hidden_relative_L2,true,154,0.28027021884918213,FP16_pseudo,kivi_rolling_k2v2_s0_r128_pseudo,pseudo,3878,true,0.0018891888903453946,FP16_static,kivi_rolling_k2v2_s0_r128_static,static,aime24:p0:s0:seed42,7a50b9d97068ffc8a93d794fcdf6bac89e37ed85dd38b6abbdbbe8fb4c9a8f8a
666,0.27838102995883673,matched_path_accumulation_v1,same causal history,512,kivi_rolling_k2v2_s0_r128,512,true,true,attention_output_relative_L2,true,154,0.28027021884918213,FP16_pseudo,kivi_rolling_k2v2_s0_r128_pseudo,pseudo,3878,true,0.0018891888903453946,FP16_static,kivi_rolling_k2v2_s0_r128_static,static,aime24:p0:s0:seed42,7a50b9d97068ffc8a93d794fcdf6bac89e37ed85dd38b6abbdbbe8fb4c9a8f8a
666,8.974111984727529e-05,matched_path_accumulation_v1,same causal history,512,kivi_rolling_k2v2_s0_r128,512,true,true,next_token_KL,true,154,8.975006494438276e-05,FP16_pseudo,kivi_rolling_k2v2_s0_r128_pseudo,pseudo,3878,true,8.945097107471156e-09,FP16_static,kivi_rolling_k2v2_s0_r128_static,static,aime24:p0:s0:seed42,7a50b9d97068ffc8a93d794fcdf6bac89e37ed85dd38b6abbdbbe8fb4c9a8f8a
666,2.7479186620382734e-05,matched_path_accumulation_v1,same causal history,512,kivi_rolling_k2v2_s0_r128,512,true,true,next_token_JS,true,154,2.750904968706891e-05,FP16_pseudo,kivi_rolling_k2v2_s0_r128_pseudo,pseudo,3878,true,2.9863066686175443e-08,FP16_static,kivi_rolling_k2v2_s0_r128_static,static,aime24:p0:s0:seed42,7a50b9d97068ffc8a93d794fcdf6bac89e37ed85dd38b6abbdbbe8fb4c9a8f8a
666,0.00015410025662276894,matched_path_accumulation_v1,same causal history,512,kivi_rolling_k2v2_s0_r128,512,true,true,target_token_NLL_delta,true,154,0.00015553053526673466,FP16_pseudo,kivi_rolling_k2v2_s0_r128_pseudo,pseudo,3878,true,1.4302786439657211e-06,FP16_static,kivi_rolling_k2v2_s0_r128_static,static,aime24:p0:s0:seed42,7a50b9d97068ffc8a93d794fcdf6bac89e37ed85dd38b6abbdbbe8fb4c9a8f8a
666,0.0,matched_path_accumulation_v1,same causal history,512,kivi_rolling_k2v2_s0_r128,512,true,true,top1_disagreement,true,154,0.0,FP16_pseudo,kivi_rolling_k2v2_s0_r128_pseudo,pseudo,3878,true,0.0,FP16_static,kivi_rolling_k2v2_s0_r128_static,static,aime24:p0:s0:seed42,7a50b9d97068ffc8a93d794fcdf6bac89e37ed85dd38b6abbdbbe8fb4c9a8f8a
666,2.31201171875,matched_path_accumulation_v1,same causal history,512,kivi_rolling_k2v2_s0_r128,512,true,true,logit_max_abs_diff,true,154,2.328125,FP16_pseudo,kivi_rolling_k2v2_s0_r128_pseudo,pseudo,3878,true,0.01611328125,FP16_static,kivi_rolling_k2v2_s0_r128_static,static,aime24:p0:s0:seed42,7a50b9d97068ffc8a93d794fcdf6bac89e37ed85dd38b6abbdbbe8fb4c9a8f8a
1178,0.13740861415863037,matched_path_accumulation_v1,same causal history,1024,kivi_rolling_k2v2_s0_r128,1024,true,true,hidden_cosine_loss,true,154,0.13741153478622437,FP16_pseudo,kivi_rolling_k2v2_s0_r128_pseudo,pseudo,4520,true,2.9206275939941406e-06,FP16_static,kivi_rolling_k2v2_s0_r128_static,static,aime24:p0:s0:seed42,7a50b9d97068ffc8a93d794fcdf6bac89e37ed85dd38b6abbdbbe8fb4c9a8f8a
1178,0.5321911696810275,matched_path_accumulation_v1,same causal history,1024,kivi_rolling_k2v2_s0_r128,1024,true,true,hidden_relative_L2,true,154,0.5345141291618347,FP16_pseudo,kivi_rolling_k2v2_s0_r128_pseudo,pseudo,4520,true,0.002322959480807185,FP16_static,kivi_rolling_k2v2_s0_r128_static,static,aime24:p0:s0:seed42,7a50b9d97068ffc8a93d794fcdf6bac89e37ed85dd38b6abbdbbe8fb4c9a8f8a
1178,0.5321911696810275,matched_path_accumulation_v1,same causal history,1024,kivi_rolling_k2v2_s0_r128,1024,true,true,attention_output_relative_L2,true,154,0.5345141291618347,FP16_pseudo,kivi_rolling_k2v2_s0_r128_pseudo,pseudo,4520,true,0.002322959480807185,FP16_static,kivi_rolling_k2v2_s0_r128_static,static,aime24:p0:s0:seed42,7a50b9d97068ffc8a93d794fcdf6bac89e37ed85dd38b6abbdbbe8fb4c9a8f8a
1178,0.11935557647133521,matched_path_accumulation_v1,same causal history,1024,kivi_rolling_k2v2_s0_r128,1024,true,true,next_token_KL,true,154,0.1193557158112526,FP16_pseudo,kivi_rolling_k2v2_s0_r128_pseudo,pseudo,4520,true,1.393399173821308e-07,FP16_static,kivi_rolling_k2v2_s0_r128_static,static,aime24:p0:s0:seed42,7a50b9d97068ffc8a93d794fcdf6bac89e37ed85dd38b6abbdbbe8fb4c9a8f8a
1178,0.04002867939478261,matched_path_accumulation_v1,same causal history,1024,kivi_rolling_k2v2_s0_r128,1024,true,true,next_token_JS,true,154,0.04002868011593819,FP16_pseudo,kivi_rolling_k2v2_s0_r128_pseudo,pseudo,4520,true,7.21155579697097e-10,FP16_static,kivi_rolling_k2v2_s0_r128_static,static,aime24:p0:s0:seed42,7a50b9d97068ffc8a93d794fcdf6bac89e37ed85dd38b6abbdbbe8fb4c9a8f8a
1178,0.12467295315582305,matched_path_accumulation_v1,same causal history,1024,kivi_rolling_k2v2_s0_r128,1024,true,true,target_token_NLL_delta,true,154,0.12465616315603256,FP16_pseudo,kivi_rolling_k2v2_s0_r128_pseudo,pseudo,4520,true,-1.6789999790489674e-05,FP16_static,kivi_rolling_k2v2_s0_r128_static,static,aime24:p0:s0:seed42,7a50b9d97068ffc8a93d794fcdf6bac89e37ed85dd38b6abbdbbe8fb4c9a8f8a
1178,0.0,matched_path_accumulation_v1,same causal history,1024,kivi_rolling_k2v2_s0_r128,1024,true,true,top1_disagreement,true,154,0.0,FP16_pseudo,kivi_rolling_k2v2_s0_r128_pseudo,pseudo,4520,true,0.0,FP16_static,kivi_rolling_k2v2_s0_r128_static,static,aime24:p0:s0:seed42,7a50b9d97068ffc8a93d794fcdf6bac89e37ed85dd38b6abbdbbe8fb4c9a8f8a
1178,6.32421875,matched_path_accumulation_v1,same causal history,1024,kivi_rolling_k2v2_s0_r128,1024,true,true,logit_max_abs_diff,true,154,6.34375,FP16_pseudo,kivi_rolling_k2v2_s0_r128_pseudo,pseudo,4520,true,0.01953125,FP16_static,kivi_rolling_k2v2_s0_r128_static,static,aime24:p0:s0:seed42,7a50b9d97068ffc8a93d794fcdf6bac89e37ed85dd38b6abbdbbe8fb4c9a8f8a
248,1.1920928955078125e-07,matched_path_accumulation_v1,same causal history,128,kivi_rolling_k2v2_s16_r128,128,true,true,hidden_cosine_loss,true,120,1.7881393432617188e-06,FP16_pseudo,kivi_rolling_k2v2_s16_r128_pseudo,pseudo,578,true,1.6689300537109375e-06,FP16_static,kivi_rolling_k2v2_s16_r128_static,static,aime24:p15:s1:seed15043,b3071fe4e912d14e31a543908143a991dbe648bfe13ea6a3db80285f3da15dab
248,1.7410493455827236e-05,matched_path_accumulation_v1,same causal history,128,kivi_rolling_k2v2_s16_r128,128,true,true,hidden_relative_L2,true,120,0.0017481171526014805,FP16_pseudo,kivi_rolling_k2v2_s16_r128_pseudo,pseudo,578,true,0.0017307066591456532,FP16_static,kivi_rolling_k2v2_s16_r128_static,static,aime24:p15:s1:seed15043,b3071fe4e912d14e31a543908143a991dbe648bfe13ea6a3db80285f3da15dab
248,1.7410493455827236e-05,matched_path_accumulation_v1,same causal history,128,kivi_rolling_k2v2_s16_r128,128,true,true,attention_output_relative_L2,true,120,0.0017481171526014805,FP16_pseudo,kivi_rolling_k2v2_s16_r128_pseudo,pseudo,578,true,0.0017307066591456532,FP16_static,kivi_rolling_k2v2_s16_r128_static,static,aime24:p15:s1:seed15043,b3071fe4e912d14e31a543908143a991dbe648bfe13ea6a3db80285f3da15dab
248,1.5931185544104665e-06,matched_path_accumulation_v1,same causal history,128,kivi_rolling_k2v2_s16_r128,128,true,true,next_token_KL,true,120,2.1968999135424383e-06,FP16_pseudo,kivi_rolling_k2v2_s16_r128_pseudo,pseudo,578,true,6.037813591319718e-07,FP16_static,kivi_rolling_k2v2_s16_r128_static,static,aime24:p15:s1:seed15043,b3071fe4e912d14e31a543908143a991dbe648bfe13ea6a3db80285f3da15dab
248,3.550578497879542e-07,matched_path_accumulation_v1,same causal history,128,kivi_rolling_k2v2_s16_r128,128,true,true,next_token_JS,true,120,5.007390200262307e-07,FP16_pseudo,kivi_rolling_k2v2_s16_r128_pseudo,pseudo,578,true,1.4568117023827654e-07,FP16_static,kivi_rolling_k2v2_s16_r128_static,static,aime24:p15:s1:seed15043,b3071fe4e912d14e31a543908143a991dbe648bfe13ea6a3db80285f3da15dab
248,7.981061935424805e-05,matched_path_accumulation_v1,same causal history,128,kivi_rolling_k2v2_s16_r128,128,true,true,target_token_NLL_delta,true,120,2.0712614059448242e-05,FP16_pseudo,kivi_rolling_k2v2_s16_r128_pseudo,pseudo,578,true,-5.9098005294799805e-05,FP16_static,kivi_rolling_k2v2_s16_r128_static,static,aime24:p15:s1:seed15043,b3071fe4e912d14e31a543908143a991dbe648bfe13ea6a3db80285f3da15dab
248,0.0,matched_path_accumulation_v1,same causal history,128,kivi_rolling_k2v2_s16_r128,128,true,true,top1_disagreement,true,120,0.0,FP16_pseudo,kivi_rolling_k2v2_s16_r128_pseudo,pseudo,578,true,0.0,FP16_static,kivi_rolling_k2v2_s16_r128_static,static,aime24:p15:s1:seed15043,b3071fe4e912d14e31a543908143a991dbe648bfe13ea6a3db80285f3da15dab
248,0.00244140625,matched_path_accumulation_v1,same causal history,128,kivi_rolling_k2v2_s16_r128,128,true,true,logit_max_abs_diff,true,120,0.01806640625,FP16_pseudo,kivi_rolling_k2v2_s16_r128_pseudo,pseudo,578,true,0.015625,FP16_static,kivi_rolling_k2v2_s16_r128_static,static,aime24:p15:s1:seed15043,b3071fe4e912d14e31a543908143a991dbe648bfe13ea6a3db80285f3da15dab
632,0.017709434032440186,matched_path_accumulation_v1,same causal history,512,kivi_rolling_k2v2_s16_r128,512,true,true,hidden_cosine_loss,true,120,0.017712056636810303,FP16_pseudo,kivi_rolling_k2v2_s16_r128_pseudo,pseudo,356,true,2.6226043701171875e-06,FP16_static,kivi_rolling_k2v2_s16_r128_static,static,aime24:p15:s1:seed15043,b3071fe4e912d14e31a543908143a991dbe648bfe13ea6a3db80285f3da15dab
632,0.1853529999498278,matched_path_accumulation_v1,same causal history,512,kivi_rolling_k2v2_s16_r128,512,true,true,hidden_relative_L2,true,120,0.18745540082454681,FP16_pseudo,kivi_rolling_k2v2_s16_r128_pseudo,pseudo,356,true,0.0021024008747190237,FP16_static,kivi_rolling_k2v2_s16_r128_static,static,aime24:p15:s1:seed15043,b3071fe4e912d14e31a543908143a991dbe648bfe13ea6a3db80285f3da15dab
632,0.1853529999498278,matched_path_accumulation_v1,same causal history,512,kivi_rolling_k2v2_s16_r128,512,true,true,attention_output_relative_L2,true,120,0.18745540082454681,FP16_pseudo,kivi_rolling_k2v2_s16_r128_pseudo,pseudo,356,true,0.0021024008747190237,FP16_static,kivi_rolling_k2v2_s16_r128_static,static,aime24:p15:s1:seed15043,b3071fe4e912d14e31a543908143a991dbe648bfe13ea6a3db80285f3da15dab
632,9.494259799680549e-06,matched_path_accumulation_v1,same causal history,512,kivi_rolling_k2v2_s16_r128,512,true,true,next_token_KL,true,120,9.725691597850528e-06,FP16_pseudo,kivi_rolling_k2v2_s16_r128_pseudo,pseudo,356,true,2.3143179816997872e-07,FP16_static,kivi_rolling_k2v2_s16_r128_static,static,aime24:p15:s1:seed15043,b3071fe4e912d14e31a543908143a991dbe648bfe13ea6a3db80285f3da15dab
632,2.5820202615989274e-06,matched_path_accumulation_v1,same causal history,512,kivi_rolling_k2v2_s16_r128,512,true,true,next_token_JS,true,120,2.635471901157871e-06,FP16_pseudo,kivi_rolling_k2v2_s16_r128_pseudo,pseudo,356,true,5.34516395589435e-08,FP16_static,kivi_rolling_k2v2_s16_r128_static,static,aime24:p15:s1:seed15043,b3071fe4e912d14e31a543908143a991dbe648bfe13ea6a3db80285f3da15dab
632,6.97094073984772e-05,matched_path_accumulation_v1,same causal history,512,kivi_rolling_k2v2_s16_r128,512,true,true,target_token_NLL_delta,true,120,8.067270391620696e-05,FP16_pseudo,kivi_rolling_k2v2_s16_r128_pseudo,pseudo,356,true,1.096329651772976e-05,FP16_static,kivi_rolling_k2v2_s16_r128_static,static,aime24:p15:s1:seed15043,b3071fe4e912d14e31a543908143a991dbe648bfe13ea6a3db80285f3da15dab
632,0.0,matched_path_accumulation_v1,same causal history,512,kivi_rolling_k2v2_s16_r128,512,true,true,top1_disagreement,true,120,0.0,FP16_pseudo,kivi_rolling_k2v2_s16_r128_pseudo,pseudo,356,true,0.0,FP16_static,kivi_rolling_k2v2_s16_r128_static,static,aime24:p15:s1:seed15043,b3071fe4e912d14e31a543908143a991dbe648bfe13ea6a3db80285f3da15dab
632,1.783203125,matched_path_accumulation_v1,same causal history,512,kivi_rolling_k2v2_s16_r128,512,true,true,logit_max_abs_diff,true,120,1.798828125,FP16_pseudo,kivi_rolling_k2v2_s16_r128_pseudo,pseudo,356,true,0.015625,FP16_static,kivi_rolling_k2v2_s16_r128_static,static,aime24:p15:s1:seed15043,b3071fe4e912d14e31a543908143a991dbe648bfe13ea6a3db80285f3da15dab
1144,0.023808956146240234,matched_path_accumulation_v1,same causal history,1024,kivi_rolling_k2v2_s16_r128,1024,true,true,hidden_cosine_loss,true,120,0.02381157875061035,FP16_pseudo,kivi_rolling_k2v2_s16_r128_pseudo,pseudo,12264,true,2.6226043701171875e-06,FP16_static,kivi_rolling_k2v2_s16_r128_static,static,aime24:p15:s1:seed15043,b3071fe4e912d14e31a543908143a991dbe648bfe13ea6a3db80285f3da15dab
1144,0.21573488879948854,matched_path_accumulation_v1,same causal history,1024,kivi_rolling_k2v2_s16_r128,1024,true,true,hidden_relative_L2,true,120,0.21801124513149261,FP16_pseudo,kivi_rolling_k2v2_s16_r128_pseudo,pseudo,12264,true,0.0022763563320040703,FP16_static,kivi_rolling_k2v2_s16_r128_static,static,aime24:p15:s1:seed15043,b3071fe4e912d14e31a543908143a991dbe648bfe13ea6a3db80285f3da15dab
1144,0.21573488879948854,matched_path_accumulation_v1,same causal history,1024,kivi_rolling_k2v2_s16_r128,1024,true,true,attention_output_relative_L2,true,120,0.21801124513149261,FP16_pseudo,kivi_rolling_k2v2_s16_r128_pseudo,pseudo,12264,true,0.0022763563320040703,FP16_static,kivi_rolling_k2v2_s16_r128_static,static,aime24:p15:s1:seed15043,b3071fe4e912d14e31a543908143a991dbe648bfe13ea6a3db80285f3da15dab
1144,3.587786506997759e-06,matched_path_accumulation_v1,same causal history,1024,kivi_rolling_k2v2_s16_r128,1024,true,true,next_token_KL,true,120,3.615450395955122e-06,FP16_pseudo,kivi_rolling_k2v2_s16_r128_pseudo,pseudo,12264,true,2.766388895736327e-08,FP16_static,kivi_rolling_k2v2_s16_r128_static,static,aime24:p15:s1:seed15043,b3071fe4e912d14e31a543908143a991dbe648bfe13ea6a3db80285f3da15dab
1144,1.0132854857403117e-06,matched_path_accumulation_v1,same causal history,1024,kivi_rolling_k2v2_s16_r128,1024,true,true,next_token_JS,true,120,1.0154753908864222e-06,FP16_pseudo,kivi_rolling_k2v2_s16_r128_pseudo,pseudo,12264,true,2.1899051461105046e-09,FP16_static,kivi_rolling_k2v2_s16_r128_static,static,aime24:p15:s1:seed15043,b3071fe4e912d14e31a543908143a991dbe648bfe13ea6a3db80285f3da15dab
1144,1.0251493222313002e-05,matched_path_accumulation_v1,same causal history,1024,kivi_rolling_k2v2_s16_r128,1024,true,true,target_token_NLL_delta,true,120,1.0489900887478143e-05,FP16_pseudo,kivi_rolling_k2v2_s16_r128_pseudo,pseudo,12264,true,2.3840766516514122e-07,FP16_static,kivi_rolling_k2v2_s16_r128_static,static,aime24:p15:s1:seed15043,b3071fe4e912d14e31a543908143a991dbe648bfe13ea6a3db80285f3da15dab
1144,0.0,matched_path_accumulation_v1,same causal history,1024,kivi_rolling_k2v2_s16_r128,1024,true,true,top1_disagreement,true,120,0.0,FP16_pseudo,kivi_rolling_k2v2_s16_r128_pseudo,pseudo,12264,true,0.0,FP16_static,kivi_rolling_k2v2_s16_r128_static,static,aime24:p15:s1:seed15043,b3071fe4e912d14e31a543908143a991dbe648bfe13ea6a3db80285f3da15dab
1144,2.326904296875,matched_path_accumulation_v1,same causal history,1024,kivi_rolling_k2v2_s16_r128,1024,true,true,logit_max_abs_diff,true,120,2.346435546875,FP16_pseudo,kivi_rolling_k2v2_s16_r128_pseudo,pseudo,12264,true,0.01953125,FP16_static,kivi_rolling_k2v2_s16_r128_static,static,aime24:p15:s1:seed15043,b3071fe4e912d14e31a543908143a991dbe648bfe13ea6a3db80285f3da15dab
230,-1.0728836059570312e-06,matched_path_accumulation_v1,same causal history,128,kivi_rolling_k2v2_s16_r128,128,true,true,hidden_cosine_loss,true,102,3.0994415283203125e-06,FP16_pseudo,kivi_rolling_k2v2_s16_r128_pseudo,pseudo,1695,true,4.172325134277344e-06,FP16_static,kivi_rolling_k2v2_s16_r128_static,static,aime24:p17:s0:seed17042,69e6e42dc75e6e4dd872f1d902c29c4269171195229da34733e720e66cc0cbb3
230,-0.00044818222522735596,matched_path_accumulation_v1,same causal history,128,kivi_rolling_k2v2_s16_r128,128,true,true,hidden_relative_L2,true,102,0.0023232295643538237,FP16_pseudo,kivi_rolling_k2v2_s16_r128_pseudo,pseudo,1695,true,0.0027714117895811796,FP16_static,kivi_rolling_k2v2_s16_r128_static,static,aime24:p17:s0:seed17042,69e6e42dc75e6e4dd872f1d902c29c4269171195229da34733e720e66cc0cbb3
230,-0.00044818222522735596,matched_path_accumulation_v1,same causal history,128,kivi_rolling_k2v2_s16_r128,128,true,true,attention_output_relative_L2,true,102,0.0023232295643538237,FP16_pseudo,kivi_rolling_k2v2_s16_r128_pseudo,pseudo,1695,true,0.0027714117895811796,FP16_static,kivi_rolling_k2v2_s16_r128_static,static,aime24:p17:s0:seed17042,69e6e42dc75e6e4dd872f1d902c29c4269171195229da34733e720e66cc0cbb3
230,7.324277248699218e-06,matched_path_accumulation_v1,same causal history,128,kivi_rolling_k2v2_s16_r128,128,true,true,next_token_KL,true,102,5.1472361519699916e-05,FP16_pseudo,kivi_rolling_k2v2_s16_r128_pseudo,pseudo,1695,true,4.41480842710007e-05,FP16_static,kivi_rolling_k2v2_s16_r128_static,static,aime24:p17:s0:seed17042,69e6e42dc75e6e4dd872f1d902c29c4269171195229da34733e720e66cc0cbb3
230,1.7059537640307099e-06,matched_path_accumulation_v1,same causal history,128,kivi_rolling_k2v2_s16_r128,128,true,true,next_token_JS,true,102,1.2875289030489512e-05,FP16_pseudo,kivi_rolling_k2v2_s16_r128_pseudo,pseudo,1695,true,1.1169335266458802e-05,FP16_static,kivi_rolling_k2v2_s16_r128_static,static,aime24:p17:s0:seed17042,69e6e42dc75e6e4dd872f1d902c29c4269171195229da34733e720e66cc0cbb3
230,-0.0066089630126953125,matched_path_accumulation_v1,same causal history,128,kivi_rolling_k2v2_s16_r128,128,true,true,target_token_NLL_delta,true,102,-0.004187107086181641,FP16_pseudo,kivi_rolling_k2v2_s16_r128_pseudo,pseudo,1695,true,0.002421855926513672,FP16_static,kivi_rolling_k2v2_s16_r128_static,static,aime24:p17:s0:seed17042,69e6e42dc75e6e4dd872f1d902c29c4269171195229da34733e720e66cc0cbb3
230,0.0,matched_path_accumulation_v1,same causal history,128,kivi_rolling_k2v2_s16_r128,128,true,true,top1_disagreement,true,102,0.0,FP16_pseudo,kivi_rolling_k2v2_s16_r128_pseudo,pseudo,1695,true,0.0,FP16_static,kivi_rolling_k2v2_s16_r128_static,static,aime24:p17:s0:seed17042,69e6e42dc75e6e4dd872f1d902c29c4269171195229da34733e720e66cc0cbb3
230,-0.0078125,matched_path_accumulation_v1,same causal history,128,kivi_rolling_k2v2_s16_r128,128,true,true,logit_max_abs_diff,true,102,0.0234375,FP16_pseudo,kivi_rolling_k2v2_s16_r128_pseudo,pseudo,1695,true,0.03125,FP16_static,kivi_rolling_k2v2_s16_r128_static,static,aime24:p17:s0:seed17042,69e6e42dc75e6e4dd872f1d902c29c4269171195229da34733e720e66cc0cbb3
614,0.008314311504364014,matched_path_accumulation_v1,same causal history,512,kivi_rolling_k2v2_s16_r128,512,true,true,hidden_cosine_loss,true,102,0.008317649364471436,FP16_pseudo,kivi_rolling_k2v2_s16_r128_pseudo,pseudo,17,true,3.337860107421875e-06,FP16_static,kivi_rolling_k2v2_s16_r128_static,static,aime24:p17:s0:seed17042,69e6e42dc75e6e4dd872f1d902c29c4269171195229da34733e720e66cc0cbb3
614,0.12640328495763242,matched_path_accumulation_v1,same causal history,512,kivi_rolling_k2v2_s16_r128,512,true,true,hidden_relative_L2,true,102,0.12895096838474274,FP16_pseudo,kivi_rolling_k2v2_s16_r128_pseudo,pseudo,17,true,0.0025476834271103144,FP16_static,kivi_rolling_k2v2_s16_r128_static,static,aime24:p17:s0:seed17042,69e6e42dc75e6e4dd872f1d902c29c4269171195229da34733e720e66cc0cbb3
614,0.12640328495763242,matched_path_accumulation_v1,same causal history,512,kivi_rolling_k2v2_s16_r128,512,true,true,attention_output_relative_L2,true,102,0.12895096838474274,FP16_pseudo,kivi_rolling_k2v2_s16_r128_pseudo,pseudo,17,true,0.0025476834271103144,FP16_static,kivi_rolling_k2v2_s16_r128_static,static,aime24:p17:s0:seed17042,69e6e42dc75e6e4dd872f1d902c29c4269171195229da34733e720e66cc0cbb3
614,0.03217749740542786,matched_path_accumulation_v1,same causal history,512,kivi_rolling_k2v2_s16_r128,512,true,true,next_token_KL,true,102,0.032184798270463943,FP16_pseudo,kivi_rolling_k2v2_s16_r128_pseudo,pseudo,17,true,7.300865036086179e-06,FP16_static,kivi_rolling_k2v2_s16_r128_static,static,aime24:p17:s0:seed17042,69e6e42dc75e6e4dd872f1d902c29c4269171195229da34733e720e66cc0cbb3
614,0.006446882833984091,matched_path_accumulation_v1,same causal history,512,kivi_rolling_k2v2_s16_r128,512,true,true,next_token_JS,true,102,0.0064486912451684475,FP16_pseudo,kivi_rolling_k2v2_s16_r128_pseudo,pseudo,17,true,1.8084111843563733e-06,FP16_static,kivi_rolling_k2v2_s16_r128_static,static,aime24:p17:s0:seed17042,69e6e42dc75e6e4dd872f1d902c29c4269171195229da34733e720e66cc0cbb3
614,-0.04560881480574608,matched_path_accumulation_v1,same causal history,512,kivi_rolling_k2v2_s16_r128,512,true,true,target_token_NLL_delta,true,102,-0.046611715108156204,FP16_pseudo,kivi_rolling_k2v2_s16_r128_pseudo,pseudo,17,true,-0.0010029003024101257,FP16_static,kivi_rolling_k2v2_s16_r128_static,static,aime24:p17:s0:seed17042,69e6e42dc75e6e4dd872f1d902c29c4269171195229da34733e720e66cc0cbb3
614,0.0,matched_path_accumulation_v1,same causal history,512,kivi_rolling_k2v2_s16_r128,512,true,true,top1_disagreement,true,102,0.0,FP16_pseudo,kivi_rolling_k2v2_s16_r128_pseudo,pseudo,17,true,0.0,FP16_static,kivi_rolling_k2v2_s16_r128_static,static,aime24:p17:s0:seed17042,69e6e42dc75e6e4dd872f1d902c29c4269171195229da34733e720e66cc0cbb3
614,1.3359375,matched_path_accumulation_v1,same causal history,512,kivi_rolling_k2v2_s16_r128,512,true,true,logit_max_abs_diff,true,102,1.35546875,FP16_pseudo,kivi_rolling_k2v2_s16_r128_pseudo,pseudo,17,true,0.01953125,FP16_static,kivi_rolling_k2v2_s16_r128_static,static,aime24:p17:s0:seed17042,69e6e42dc75e6e4dd872f1d902c29c4269171195229da34733e720e66cc0cbb3
1126,0.02397054433822632,matched_path_accumulation_v1,same causal history,1024,kivi_rolling_k2v2_s16_r128,1024,true,true,hidden_cosine_loss,true,102,0.023972690105438232,FP16_pseudo,kivi_rolling_k2v2_s16_r128_pseudo,pseudo,21,true,2.1457672119140625e-06,FP16_static,kivi_rolling_k2v2_s16_r128_static,static,aime24:p17:s0:seed17042,69e6e42dc75e6e4dd872f1d902c29c4269171195229da34733e720e66cc0cbb3
1126,0.21748480014503002,matched_path_accumulation_v1,same causal history,1024,kivi_rolling_k2v2_s16_r128,1024,true,true,hidden_relative_L2,true,102,0.21947167813777924,FP16_pseudo,kivi_rolling_k2v2_s16_r128_pseudo,pseudo,21,true,0.001986877992749214,FP16_static,kivi_rolling_k2v2_s16_r128_static,static,aime24:p17:s0:seed17042,69e6e42dc75e6e4dd872f1d902c29c4269171195229da34733e720e66cc0cbb3
1126,0.21748480014503002,matched_path_accumulation_v1,same causal history,1024,kivi_rolling_k2v2_s16_r128,1024,true,true,attention_output_relative_L2,true,102,0.21947167813777924,FP16_pseudo,kivi_rolling_k2v2_s16_r128_pseudo,pseudo,21,true,0.001986877992749214,FP16_static,kivi_rolling_k2v2_s16_r128_static,static,aime24:p17:s0:seed17042,69e6e42dc75e6e4dd872f1d902c29c4269171195229da34733e720e66cc0cbb3
1126,6.422696401386929e-07,matched_path_accumulation_v1,same causal history,1024,kivi_rolling_k2v2_s16_r128,1024,true,true,next_token_KL,true,102,6.422696401386929e-07,FP16_pseudo,kivi_rolling_k2v2_s16_r128_pseudo,pseudo,21,true,0.0,FP16_static,kivi_rolling_k2v2_s16_r128_static,static,aime24:p17:s0:seed17042,69e6e42dc75e6e4dd872f1d902c29c4269171195229da34733e720e66cc0cbb3
1126,1.2764167856005315e-07,matched_path_accumulation_v1,same causal history,1024,kivi_rolling_k2v2_s16_r128,1024,true,true,next_token_JS,true,102,1.278365147072691e-07,FP16_pseudo,kivi_rolling_k2v2_s16_r128_pseudo,pseudo,21,true,1.9483614721593767e-10,FP16_static,kivi_rolling_k2v2_s16_r128_static,static,aime24:p17:s0:seed17042,69e6e42dc75e6e4dd872f1d902c29c4269171195229da34733e720e66cc0cbb3
1126,-1.1920883480343036e-07,matched_path_accumulation_v1,same causal history,1024,kivi_rolling_k2v2_s16_r128,1024,true,true,target_token_NLL_delta,true,102,-2.3841721485950984e-07,FP16_pseudo,kivi_rolling_k2v2_s16_r128_pseudo,pseudo,21,true,-1.1920838005607948e-07,FP16_static,kivi_rolling_k2v2_s16_r128_static,static,aime24:p17:s0:seed17042,69e6e42dc75e6e4dd872f1d902c29c4269171195229da34733e720e66cc0cbb3
1126,0.0,matched_path_accumulation_v1,same causal history,1024,kivi_rolling_k2v2_s16_r128,1024,true,true,top1_disagreement,true,102,0.0,FP16_pseudo,kivi_rolling_k2v2_s16_r128_pseudo,pseudo,21,true,0.0,FP16_static,kivi_rolling_k2v2_s16_r128_static,static,aime24:p17:s0:seed17042,69e6e42dc75e6e4dd872f1d902c29c4269171195229da34733e720e66cc0cbb3
1126,1.7939453125,matched_path_accumulation_v1,same causal history,1024,kivi_rolling_k2v2_s16_r128,1024,true,true,logit_max_abs_diff,true,102,1.8095703125,FP16_pseudo,kivi_rolling_k2v2_s16_r128_pseudo,pseudo,21,true,0.015625,FP16_static,kivi_rolling_k2v2_s16_r128_static,static,aime24:p17:s0:seed17042,69e6e42dc75e6e4dd872f1d902c29c4269171195229da34733e720e66cc0cbb3
282,0.011757075786590576,matched_path_accumulation_v1,same causal history,128,kivi_rolling_k2v2_s16_r128,128,true,true,hidden_cosine_loss,true,154,0.01175987720489502,FP16_pseudo,kivi_rolling_k2v2_s16_r128_pseudo,pseudo,21701,true,2.8014183044433594e-06,FP16_static,kivi_rolling_k2v2_s16_r128_static,static,aime24:p0:s0:seed42,7a50b9d97068ffc8a93d794fcdf6bac89e37ed85dd38b6abbdbbe8fb4c9a8f8a
282,0.1510657938197255,matched_path_accumulation_v1,same causal history,128,kivi_rolling_k2v2_s16_r128,128,true,true,hidden_relative_L2,true,154,0.15326954424381256,FP16_pseudo,kivi_rolling_k2v2_s16_r128_pseudo,pseudo,21701,true,0.0022037504240870476,FP16_static,kivi_rolling_k2v2_s16_r128_static,static,aime24:p0:s0:seed42,7a50b9d97068ffc8a93d794fcdf6bac89e37ed85dd38b6abbdbbe8fb4c9a8f8a
282,0.1510657938197255,matched_path_accumulation_v1,same causal history,128,kivi_rolling_k2v2_s16_r128,128,true,true,attention_output_relative_L2,true,154,0.15326954424381256,FP16_pseudo,kivi_rolling_k2v2_s16_r128_pseudo,pseudo,21701,true,0.0022037504240870476,FP16_static,kivi_rolling_k2v2_s16_r128_static,static,aime24:p0:s0:seed42,7a50b9d97068ffc8a93d794fcdf6bac89e37ed85dd38b6abbdbbe8fb4c9a8f8a
282,0.1422623105488583,matched_path_accumulation_v1,same causal history,128,kivi_rolling_k2v2_s16_r128,128,true,true,next_token_KL,true,154,0.14226345717906952,FP16_pseudo,kivi_rolling_k2v2_s16_r128_pseudo,pseudo,21701,true,1.1466302112239646e-06,FP16_static,kivi_rolling_k2v2_s16_r128_static,static,aime24:p0:s0:seed42,7a50b9d97068ffc8a93d794fcdf6bac89e37ed85dd38b6abbdbbe8fb4c9a8f8a
282,0.034780905347076896,matched_path_accumulation_v1,same causal history,128,kivi_rolling_k2v2_s16_r128,128,true,true,next_token_JS,true,154,0.03478122130036354,FP16_pseudo,kivi_rolling_k2v2_s16_r128_pseudo,pseudo,21701,true,3.1595328664479894e-07,FP16_static,kivi_rolling_k2v2_s16_r128_static,static,aime24:p0:s0:seed42,7a50b9d97068ffc8a93d794fcdf6bac89e37ed85dd38b6abbdbbe8fb4c9a8f8a
282,0.899545431137085,matched_path_accumulation_v1,same causal history,128,kivi_rolling_k2v2_s16_r128,128,true,true,target_token_NLL_delta,true,154,0.8994216918945312,FP16_pseudo,kivi_rolling_k2v2_s16_r128_pseudo,pseudo,21701,true,-0.00012373924255371094,FP16_static,kivi_rolling_k2v2_s16_r128_static,static,aime24:p0:s0:seed42,7a50b9d97068ffc8a93d794fcdf6bac89e37ed85dd38b6abbdbbe8fb4c9a8f8a
282,0.0,matched_path_accumulation_v1,same causal history,128,kivi_rolling_k2v2_s16_r128,128,true,true,top1_disagreement,true,154,0.0,FP16_pseudo,kivi_rolling_k2v2_s16_r128_pseudo,pseudo,21701,true,0.0,FP16_static,kivi_rolling_k2v2_s16_r128_static,static,aime24:p0:s0:seed42,7a50b9d97068ffc8a93d794fcdf6bac89e37ed85dd38b6abbdbbe8fb4c9a8f8a
282,2.1953125,matched_path_accumulation_v1,same causal history,128,kivi_rolling_k2v2_s16_r128,128,true,true,logit_max_abs_diff,true,154,2.21875,FP16_pseudo,kivi_rolling_k2v2_s16_r128_pseudo,pseudo,21701,true,0.0234375,FP16_static,kivi_rolling_k2v2_s16_r128_static,static,aime24:p0:s0:seed42,7a50b9d97068ffc8a93d794fcdf6bac89e37ed85dd38b6abbdbbe8fb4c9a8f8a
666,0.0024297237396240234,matched_path_accumulation_v1,same causal history,512,kivi_rolling_k2v2_s16_r128,512,true,true,hidden_cosine_loss,true,154,0.002431631088256836,FP16_pseudo,kivi_rolling_k2v2_s16_r128_pseudo,pseudo,3878,true,1.9073486328125e-06,FP16_static,kivi_rolling_k2v2_s16_r128_static,static,aime24:p0:s0:seed42,7a50b9d97068ffc8a93d794fcdf6bac89e37ed85dd38b6abbdbbe8fb4c9a8f8a
666,0.06829101114999503,matched_path_accumulation_v1,same causal history,512,kivi_rolling_k2v2_s16_r128,512,true,true,hidden_relative_L2,true,154,0.07018020004034042,FP16_pseudo,kivi_rolling_k2v2_s16_r128_pseudo,pseudo,3878,true,0.0018891888903453946,FP16_static,kivi_rolling_k2v2_s16_r128_static,static,aime24:p0:s0:seed42,7a50b9d97068ffc8a93d794fcdf6bac89e37ed85dd38b6abbdbbe8fb4c9a8f8a
666,0.06829101114999503,matched_path_accumulation_v1,same causal history,512,kivi_rolling_k2v2_s16_r128,512,true,true,attention_output_relative_L2,true,154,0.07018020004034042,FP16_pseudo,kivi_rolling_k2v2_s16_r128_pseudo,pseudo,3878,true,0.0018891888903453946,FP16_static,kivi_rolling_k2v2_s16_r128_static,static,aime24:p0:s0:seed42,7a50b9d97068ffc8a93d794fcdf6bac89e37ed85dd38b6abbdbbe8fb4c9a8f8a
666,2.5766589821785146e-06,matched_path_accumulation_v1,same causal history,512,kivi_rolling_k2v2_s16_r128,512,true,true,next_token_KL,true,154,2.585604079285986e-06,FP16_pseudo,kivi_rolling_k2v2_s16_r128_pseudo,pseudo,3878,true,8.945097107471156e-09,FP16_static,kivi_rolling_k2v2_s16_r128_static,static,aime24:p0:s0:seed42,7a50b9d97068ffc8a93d794fcdf6bac89e37ed85dd38b6abbdbbe8fb4c9a8f8a
666,6.411224475755262e-07,matched_path_accumulation_v1,same causal history,512,kivi_rolling_k2v2_s16_r128,512,true,true,next_token_JS,true,154,6.709855142617016e-07,FP16_pseudo,kivi_rolling_k2v2_s16_r128_pseudo,pseudo,3878,true,2.9863066686175443e-08,FP16_static,kivi_rolling_k2v2_s16_r128_static,static,aime24:p0:s0:seed42,7a50b9d97068ffc8a93d794fcdf6bac89e37ed85dd38b6abbdbbe8fb4c9a8f8a
666,1.9070153939537704e-05,matched_path_accumulation_v1,same causal history,512,kivi_rolling_k2v2_s16_r128,512,true,true,target_token_NLL_delta,true,154,2.0500432583503425e-05,FP16_pseudo,kivi_rolling_k2v2_s16_r128_pseudo,pseudo,3878,true,1.4302786439657211e-06,FP16_static,kivi_rolling_k2v2_s16_r128_static,static,aime24:p0:s0:seed42,7a50b9d97068ffc8a93d794fcdf6bac89e37ed85dd38b6abbdbbe8fb4c9a8f8a
666,0.0,matched_path_accumulation_v1,same causal history,512,kivi_rolling_k2v2_s16_r128,512,true,true,top1_disagreement,true,154,0.0,FP16_pseudo,kivi_rolling_k2v2_s16_r128_pseudo,pseudo,3878,true,0.0,FP16_static,kivi_rolling_k2v2_s16_r128_static,static,aime24:p0:s0:seed42,7a50b9d97068ffc8a93d794fcdf6bac89e37ed85dd38b6abbdbbe8fb4c9a8f8a
666,0.71435546875,matched_path_accumulation_v1,same causal history,512,kivi_rolling_k2v2_s16_r128,512,true,true,logit_max_abs_diff,true,154,0.73046875,FP16_pseudo,kivi_rolling_k2v2_s16_r128_pseudo,pseudo,3878,true,0.01611328125,FP16_static,kivi_rolling_k2v2_s16_r128_static,static,aime24:p0:s0:seed42,7a50b9d97068ffc8a93d794fcdf6bac89e37ed85dd38b6abbdbbe8fb4c9a8f8a
1178,0.019083678722381592,matched_path_accumulation_v1,same causal history,1024,kivi_rolling_k2v2_s16_r128,1024,true,true,hidden_cosine_loss,true,154,0.019086599349975586,FP16_pseudo,kivi_rolling_k2v2_s16_r128_pseudo,pseudo,4520,true,2.9206275939941406e-06,FP16_static,kivi_rolling_k2v2_s16_r128_static,static,aime24:p0:s0:seed42,7a50b9d97068ffc8a93d794fcdf6bac89e37ed85dd38b6abbdbbe8fb4c9a8f8a
1178,0.1923019711393863,matched_path_accumulation_v1,same causal history,1024,kivi_rolling_k2v2_s16_r128,1024,true,true,hidden_relative_L2,true,154,0.19462493062019348,FP16_pseudo,kivi_rolling_k2v2_s16_r128_pseudo,pseudo,4520,true,0.002322959480807185,FP16_static,kivi_rolling_k2v2_s16_r128_static,static,aime24:p0:s0:seed42,7a50b9d97068ffc8a93d794fcdf6bac89e37ed85dd38b6abbdbbe8fb4c9a8f8a
1178,0.1923019711393863,matched_path_accumulation_v1,same causal history,1024,kivi_rolling_k2v2_s16_r128,1024,true,true,attention_output_relative_L2,true,154,0.19462493062019348,FP16_pseudo,kivi_rolling_k2v2_s16_r128_pseudo,pseudo,4520,true,0.002322959480807185,FP16_static,kivi_rolling_k2v2_s16_r128_static,static,aime24:p0:s0:seed42,7a50b9d97068ffc8a93d794fcdf6bac89e37ed85dd38b6abbdbbe8fb4c9a8f8a
1178,0.0017263698483844792,matched_path_accumulation_v1,same causal history,1024,kivi_rolling_k2v2_s16_r128,1024,true,true,next_token_KL,true,154,0.0017265091883018613,FP16_pseudo,kivi_rolling_k2v2_s16_r128_pseudo,pseudo,4520,true,1.393399173821308e-07,FP16_static,kivi_rolling_k2v2_s16_r128_static,static,aime24:p0:s0:seed42,7a50b9d97068ffc8a93d794fcdf6bac89e37ed85dd38b6abbdbbe8fb4c9a8f8a
1178,0.0005146000540490192,matched_path_accumulation_v1,same causal history,1024,kivi_rolling_k2v2_s16_r128,1024,true,true,next_token_JS,true,154,0.0005146007752045989,FP16_pseudo,kivi_rolling_k2v2_s16_r128_pseudo,pseudo,4520,true,7.21155579697097e-10,FP16_static,kivi_rolling_k2v2_s16_r128_static,static,aime24:p0:s0:seed42,7a50b9d97068ffc8a93d794fcdf6bac89e37ed85dd38b6abbdbbe8fb4c9a8f8a
1178,0.0032542418921366334,matched_path_accumulation_v1,same causal history,1024,kivi_rolling_k2v2_s16_r128,1024,true,true,target_token_NLL_delta,true,154,0.0032374518923461437,FP16_pseudo,kivi_rolling_k2v2_s16_r128_pseudo,pseudo,4520,true,-1.6789999790489674e-05,FP16_static,kivi_rolling_k2v2_s16_r128_static,static,aime24:p0:s0:seed42,7a50b9d97068ffc8a93d794fcdf6bac89e37ed85dd38b6abbdbbe8fb4c9a8f8a
1178,0.0,matched_path_accumulation_v1,same causal history,1024,kivi_rolling_k2v2_s16_r128,1024,true,true,top1_disagreement,true,154,0.0,FP16_pseudo,kivi_rolling_k2v2_s16_r128_pseudo,pseudo,4520,true,0.0,FP16_static,kivi_rolling_k2v2_s16_r128_static,static,aime24:p0:s0:seed42,7a50b9d97068ffc8a93d794fcdf6bac89e37ed85dd38b6abbdbbe8fb4c9a8f8a
1178,2.05078125,matched_path_accumulation_v1,same causal history,1024,kivi_rolling_k2v2_s16_r128,1024,true,true,logit_max_abs_diff,true,154,2.0703125,FP16_pseudo,kivi_rolling_k2v2_s16_r128_pseudo,pseudo,4520,true,0.01953125,FP16_static,kivi_rolling_k2v2_s16_r128_static,static,aime24:p0:s0:seed42,7a50b9d97068ffc8a93d794fcdf6bac89e37ed85dd38b6abbdbbe8fb4c9a8f8a
