batch_mode,request,step,layer,k_recon_rel_l2,k_recon_max_abs,k_recon_mean_abs,k_recon_cosine,v_recon_rel_l2,v_recon_max_abs,v_recon_mean_abs,v_recon_cosine,k_nan,k_inf,v_nan,v_inf
B2,A,0,0,0.0,0.0,0.0,0.9999915957450867,,,,,False,False,False,False
B2,A,0,1,0.012421040795743465,5.94140625,0.0007052562432363629,0.9999136328697205,,,,,False,False,False,False
B2,A,0,2,0.050760261714458466,4.40234375,0.011692123487591743,0.9987077713012695,,,,,False,False,False,False
B2,A,0,3,0.06792335957288742,4.2265625,0.02400664985179901,0.9976910948753357,,,,,False,False,False,False
B2,A,0,4,0.0202670656144619,3.443359375,0.0028422647155821323,0.9997919201850891,,,,,False,False,False,False
B2,A,0,5,0.021499549970030785,3.17578125,0.0031221499666571617,0.9997639060020447,,,,,False,False,False,False
B2,A,0,6,0.03783922642469406,3.83984375,0.009403182193636894,0.9992782473564148,,,,,False,False,False,False
B2,A,0,7,0.06294304132461548,3.41796875,0.021557258442044258,0.9980171918869019,,,,,False,False,False,False
B2,A,0,8,0.08331234008073807,3.375,0.03904835879802704,0.9965219497680664,,,,,False,False,False,False
B2,A,0,9,0.1058272197842598,4.93359375,0.054617345333099365,0.9943947792053223,,,,,False,False,False,False
B2,A,0,10,0.10403837263584137,2.8291015625,0.057565487921237946,0.9945835471153259,,,,,False,False,False,False
B2,A,0,11,0.10723697394132614,3.853515625,0.06097312271595001,0.9942407608032227,,,,,False,False,False,False
B2,A,0,12,0.10496551543474197,3.6171875,0.06040739268064499,0.9944918155670166,,,,,False,False,False,False
B2,A,0,13,0.12265824526548386,3.330078125,0.08658749610185623,0.9924776554107666,,,,,False,False,False,False
B2,A,0,14,0.11278676241636276,5.162109375,0.07472243160009384,0.9936404824256897,,,,,False,False,False,False
B2,A,0,15,0.11699432134628296,3.779296875,0.07735057920217514,0.9931531548500061,,,,,False,False,False,False
B2,A,0,16,0.11182481795549393,3.392578125,0.07215654850006104,0.9937466979026794,,,,,False,False,False,False
B2,A,0,17,0.10885351151227951,3.16015625,0.06397824734449387,0.9940733313560486,,,,,False,False,False,False
B2,A,0,18,0.1089160144329071,3.1328125,0.06559056043624878,0.9940656423568726,,,,,False,False,False,False
B2,A,0,19,0.119146928191185,3.1513671875,0.07642563432455063,0.9929003119468689,,,,,False,False,False,False
B2,A,0,20,0.10086178034543991,3.33251953125,0.05942714586853981,0.9949105978012085,,,,,False,False,False,False
B2,A,0,21,0.12615150213241577,4.2646484375,0.0856752023100853,0.9920388460159302,,,,,False,False,False,False
B2,A,0,22,0.08311820030212402,3.994140625,0.04037395119667053,0.9965465068817139,,,,,False,False,False,False
B2,A,0,23,0.10651490092277527,3.921875,0.06026560813188553,0.9943264126777649,,,,,False,False,False,False
B2,A,0,24,0.1121293157339096,3.798828125,0.06779605150222778,0.9937148094177246,,,,,False,False,False,False
B2,A,0,25,0.10795166343450546,4.716796875,0.05915675684809685,0.9941723942756653,,,,,False,False,False,False
B2,A,0,26,0.10010141134262085,3.77734375,0.0661681666970253,0.9949895739555359,,,,,False,False,False,False
B2,A,0,27,0.09847111999988556,3.4306640625,0.054144058376550674,0.995148777961731,,,,,False,False,False,False
B2,A,0,28,0.11606023460626602,5.078125,0.07646047323942184,0.9932641983032227,,,,,False,False,False,False
B2,A,0,29,0.11366184800863266,5.421875,0.07614483684301376,0.9935398101806641,,,,,False,False,False,False
B2,A,0,30,0.10299969464540482,4.052734375,0.06495483964681625,0.9946905374526978,,,,,False,False,False,False
B2,A,0,31,0.11925105005502701,4.50537109375,0.07311070710420609,0.9928862452507019,,,,,False,False,False,False
B2,A,1,0,1.1223328328924254e-05,0.00390625,2.7217132014811796e-07,0.9999917149543762,,,,,False,False,False,False
B2,A,1,1,0.012408535927534103,5.94140625,0.000704502104781568,0.9999140501022339,,,,,False,False,False,False
B2,A,1,2,0.05070304498076439,4.40234375,0.011670797131955624,0.9987107515335083,,,,,False,False,False,False
B2,A,1,3,0.06784959882497787,4.2265625,0.023967429995536804,0.9976959824562073,,,,,False,False,False,False
B2,A,1,4,0.020245952531695366,3.443359375,0.0028449196834117174,0.9997918009757996,,,,,False,False,False,False
B2,A,1,5,0.02147757261991501,3.17578125,0.0031247520819306374,0.9997643828392029,,,,,False,False,False,False
B2,A,1,6,0.03779980167746544,3.83984375,0.00939584244042635,0.9992797374725342,,,,,False,False,False,False
B2,A,1,7,0.0628824532032013,3.41796875,0.021527057513594627,0.998021125793457,,,,,False,False,False,False
B2,A,1,8,0.08323217928409576,3.375,0.03898809850215912,0.9965285658836365,,,,,False,False,False,False
B2,A,1,9,0.10572612285614014,4.93359375,0.05453796684741974,0.9944055676460266,,,,,False,False,False,False
B2,A,1,10,0.10392792522907257,2.8291015625,0.057489365339279175,0.9945951104164124,,,,,False,False,False,False
B2,A,1,11,0.10711120814085007,3.853515625,0.06089567393064499,0.9942542314529419,,,,,False,False,False,False
B2,A,1,12,0.1048424169421196,3.6171875,0.06032247096300125,0.9945048093795776,,,,,False,False,False,False
B2,A,1,13,0.12251488119363785,3.330078125,0.08645430207252502,0.9924951195716858,,,,,False,False,False,False
B2,A,1,14,0.11265929043292999,5.162109375,0.07461052387952805,0.9936546087265015,,,,,False,False,False,False
B2,A,1,15,0.11685162037611008,3.779296875,0.07724180817604065,0.9931696653366089,,,,,False,False,False,False
B2,A,1,16,0.11169204115867615,3.392578125,0.07205725461244583,0.9937616586685181,,,,,False,False,False,False
B2,A,1,17,0.10873096436262131,3.16015625,0.06389635056257248,0.9940866827964783,,,,,False,False,False,False
B2,A,1,18,0.10879173129796982,3.1328125,0.06550238281488419,0.9940791130065918,,,,,False,False,False,False
B2,A,1,19,0.11900126934051514,3.1513671875,0.07630779594182968,0.9929172396659851,,,,,False,False,False,False
B2,A,1,20,0.10074229538440704,3.33251953125,0.059346918016672134,0.994922399520874,,,,,False,False,False,False
B2,A,1,21,0.12599875032901764,4.2646484375,0.08555096387863159,0.9920580387115479,,,,,False,False,False,False
B2,A,1,22,0.08302100747823715,3.994140625,0.04033441096544266,0.9965544939041138,,,,,False,False,False,False
B2,A,1,23,0.10638522356748581,3.921875,0.060189105570316315,0.9943400025367737,,,,,False,False,False,False
B2,A,1,24,0.11199641227722168,3.798828125,0.06770196557044983,0.993729829788208,,,,,False,False,False,False
B2,A,1,25,0.10782474279403687,4.716796875,0.0590791329741478,0.9941862225532532,,,,,False,False,False,False
B2,A,1,26,0.09999341517686844,3.77734375,0.0660848394036293,0.9950008988380432,,,,,False,False,False,False
B2,A,1,27,0.09836569428443909,3.4306640625,0.0540839284658432,0.9951592683792114,,,,,False,False,False,False
B2,A,1,28,0.11594714224338531,5.078125,0.07634995132684708,0.9932770133018494,,,,,False,False,False,False
B2,A,1,29,0.11354763805866241,5.421875,0.07603798061609268,0.9935527443885803,,,,,False,False,False,False
B2,A,1,30,0.1028875932097435,4.052734375,0.06486515700817108,0.9947023391723633,,,,,False,False,False,False
B2,A,1,31,0.1191214770078659,4.50537109375,0.07300040870904922,0.992901623249054,,,,,False,False,False,False
B2,A,2,0,1.8498238205211237e-05,0.00390625,5.779201046607341e-07,0.9999919533729553,,,,,False,False,False,False
B2,A,2,1,0.01239618007093668,5.94140625,0.0007038924377411604,0.9999142289161682,,,,,False,False,False,False
B2,A,2,2,0.050654858350753784,4.40234375,0.011649713851511478,0.9987133145332336,,,,,False,False,False,False
B2,A,2,3,0.06778436154127121,4.2265625,0.0239412784576416,0.9977003335952759,,,,,False,False,False,False
B2,A,2,4,0.020226694643497467,3.443359375,0.0028568520210683346,0.9997923374176025,,,,,False,False,False,False
B2,A,2,5,0.021456927061080933,3.17578125,0.003136371960863471,0.9997649788856506,,,,,False,False,False,False
B2,A,2,6,0.03776244819164276,3.83984375,0.009397117421030998,0.9992811679840088,,,,,False,False,False,False
B2,A,2,7,0.06281428039073944,3.41796875,0.021534066647291183,0.9980253577232361,,,,,False,False,False,False
B2,A,2,8,0.08315848559141159,3.375,0.039019521325826645,0.9965345859527588,,,,,False,False,False,False
B2,A,2,9,0.10564154386520386,4.93359375,0.05460944026708603,0.9944143295288086,,,,,False,False,False,False
B2,A,2,10,0.10384467989206314,2.8291015625,0.05757017806172371,0.9946036338806152,,,,,False,False,False,False
B2,A,2,11,0.10704392194747925,3.853515625,0.06102129817008972,0.9942610859870911,,,,,False,False,False,False
B2,A,2,12,0.10476226359605789,3.6171875,0.06043388694524765,0.9945130348205566,,,,,False,False,False,False
B2,A,2,13,0.1223883256316185,3.330078125,0.08651399612426758,0.9925102591514587,,,,,False,False,False,False
B2,A,2,14,0.11255770176649094,5.162109375,0.0746808648109436,0.9936659932136536,,,,,False,False,False,False
B2,A,2,15,0.11672549694776535,3.779296875,0.07724716514348984,0.9931842684745789,,,,,False,False,False,False
B2,A,2,16,0.11156493425369263,3.392578125,0.0720454603433609,0.9937756657600403,,,,,False,False,False,False
B2,A,2,17,0.10861770063638687,3.16015625,0.06389597058296204,0.9940991401672363,,,,,False,False,False,False
B2,A,2,18,0.10867263376712799,3.1328125,0.06548678874969482,0.9940922260284424,,,,,False,False,False,False
B2,A,2,19,0.11886139214038849,3.1513671875,0.07624813169240952,0.9929341673851013,,,,,False,False,False,False
B2,A,2,20,0.10063149780035019,3.33251953125,0.05932484194636345,0.9949332475662231,,,,,False,False,False,False
B2,A,2,21,0.12585598230361938,4.2646484375,0.08547750860452652,0.9920761585235596,,,,,False,False,False,False
B2,A,2,22,0.08293244242668152,3.994140625,0.0403379388153553,0.9965618848800659,,,,,False,False,False,False
B2,A,2,23,0.10626259446144104,3.921875,0.06015665456652641,0.9943529963493347,,,,,False,False,False,False
B2,A,2,24,0.11186636984348297,3.798828125,0.06764761358499527,0.993744432926178,,,,,False,False,False,False
B2,A,2,25,0.10769941657781601,4.716796875,0.05903396010398865,0.9941997528076172,,,,,False,False,False,False
B2,A,2,26,0.09987006336450577,3.77734375,0.06602662056684494,0.9950130581855774,,,,,False,False,False,False
B2,A,2,27,0.09824442118406296,3.4306640625,0.05405507609248161,0.9951712489128113,,,,,False,False,False,False
B2,A,2,28,0.11578913778066635,5.078125,0.07627289742231369,0.9932954907417297,,,,,False,False,False,False
B2,A,2,29,0.1134021133184433,5.421875,0.07596311718225479,0.9935692548751831,,,,,False,False,False,False
B2,A,2,30,0.10275477170944214,4.052734375,0.06480930745601654,0.9947161674499512,,,,,False,False,False,False
B2,A,2,31,0.11898526549339294,4.50537109375,0.07292035222053528,0.9929175972938538,,,,,False,False,False,False
B2,A,16,0,5.443150075734593e-05,0.0078125,4.899859050055966e-06,0.9999924302101135,,,,,False,False,False,False
B2,A,16,1,0.014534557238221169,5.94140625,0.0009174739825539291,0.9998866319656372,,,,,False,False,False,False
B2,A,16,2,0.07545291632413864,4.40234375,0.024400975555181503,0.9971470236778259,,,,,False,False,False,False
B2,A,16,3,0.08102243393659592,4.2265625,0.03341929614543915,0.9967155456542969,,,,,False,False,False,False
B2,A,16,4,0.023174362257122993,3.443359375,0.0035305628553032875,0.9997276663780212,,,,,False,False,False,False
B2,A,16,5,0.04938986897468567,3.17578125,0.014177748933434486,0.9987738728523254,,,,,False,False,False,False
B2,A,16,6,0.03909699246287346,3.83984375,0.009956282563507557,0.999228298664093,,,,,False,False,False,False
B2,A,16,7,0.07377982884645462,4.099609375,0.029806630685925484,0.997276782989502,,,,,False,False,False,False
B2,A,16,8,0.10030381381511688,3.375,0.05604230985045433,0.9949607849121094,,,,,False,False,False,False
B2,A,16,9,0.12283699214458466,4.93359375,0.07396840304136276,0.9924532771110535,,,,,False,False,False,False
B2,A,16,10,0.13183459639549255,2.8515625,0.09238960593938828,0.9913058280944824,,,,,False,False,False,False
B2,A,16,11,0.13449539244174957,3.853515625,0.09288107603788376,0.9909432530403137,,,,,False,False,False,False
B2,A,16,12,0.12801779806613922,3.6171875,0.08840475231409073,0.9918081760406494,,,,,False,False,False,False
B2,A,16,13,0.14743134379386902,3.330078125,0.12512516975402832,0.9891365170478821,,,,,False,False,False,False
B2,A,16,14,0.13709113001823425,5.162109375,0.10861404240131378,0.9906014800071716,,,,,False,False,False,False
B2,A,16,15,0.1458016186952591,3.779296875,0.11925134062767029,0.9893583655357361,,,,,False,False,False,False
B2,A,16,16,0.1403426080942154,3.392578125,0.11427765339612961,0.9901511669158936,,,,,False,False,False,False
B2,A,16,17,0.1342523694038391,3.16015625,0.09539280831813812,0.9909839630126953,,,,,False,False,False,False
B2,A,16,18,0.14121243357658386,3.1328125,0.10694897919893265,0.9900311231613159,,,,,False,False,False,False
B2,A,16,19,0.14474612474441528,3.1513671875,0.11148593574762344,0.9895135760307312,,,,,False,False,False,False
B2,A,16,20,0.12330495566129684,3.33251953125,0.0863448828458786,0.99239182472229,,,,,False,False,False,False
B2,A,16,21,0.15717196464538574,4.2646484375,0.12860389053821564,0.9876437783241272,,,,,False,False,False,False
B2,A,16,22,0.11779610812664032,3.994140625,0.07369513809680939,0.9930614829063416,,,,,False,False,False,False
B2,A,16,23,0.13377037644386292,3.921875,0.09181910008192062,0.9910481572151184,,,,,False,False,False,False
B2,A,16,24,0.1374039202928543,3.798828125,0.09976530820131302,0.9905562400817871,,,,,False,False,False,False
B2,A,16,25,0.13788257539272308,4.716796875,0.09527420252561569,0.9904976487159729,,,,,False,False,False,False
B2,A,16,26,0.1214611679315567,3.77734375,0.09578759968280792,0.9926226735115051,,,,,False,False,False,False
B2,A,16,27,0.11814841628074646,3.466796875,0.07609397917985916,0.9930170178413391,,,,,False,False,False,False
B2,A,16,28,0.14595520496368408,5.078125,0.11450943350791931,0.9893407225608826,,,,,False,False,False,False
B2,A,16,29,0.14572352170944214,5.421875,0.12160084396600723,0.9893814921379089,,,,,False,False,False,False
B2,A,16,30,0.12831003963947296,4.052734375,0.09528788924217224,0.9917634725570679,,,,,False,False,False,False
B2,A,16,31,0.15683582425117493,4.50537109375,0.12184210866689682,0.9876953959465027,,,,,False,False,False,False
B2,A,127,0,0.00014039459347259253,0.0078125,3.231050504837185e-05,0.9999959468841553,,,,,False,False,False,False
B2,A,127,1,0.013200309127569199,5.94140625,0.0008322116918861866,0.9999065399169922,,,,,False,False,False,False
B2,A,127,2,0.06831509619951248,4.40234375,0.020320244133472443,0.9976654648780823,,,,,False,False,False,False
B2,A,127,3,0.07327038049697876,4.2265625,0.02815055474638939,0.9973150491714478,,,,,False,False,False,False
B2,A,127,4,0.020994121208786964,3.443359375,0.003547707572579384,0.9997814893722534,,,,,False,False,False,False
B2,A,127,5,0.04472485929727554,3.17578125,0.012456470169126987,0.9990017414093018,,,,,False,False,False,False
B2,A,127,6,0.035387858748435974,3.83984375,0.009119745343923569,0.9993688464164734,,,,,False,False,False,False
B2,A,127,7,0.06669764965772629,4.099609375,0.02610434964299202,0.997774064540863,,,,,False,False,False,False
B2,A,127,8,0.09022123366594315,3.375,0.048356793820858,0.9959264397621155,,,,,False,False,False,False
B2,A,127,9,0.11045324057340622,4.93359375,0.06420265138149261,0.9938972592353821,,,,,False,False,False,False
B2,A,127,10,0.11896952986717224,2.8515625,0.0799531415104866,0.9929232001304626,,,,,False,False,False,False
B2,A,127,11,0.12138744443655014,3.853515625,0.08119188994169235,0.9926294684410095,,,,,False,False,False,False
B2,A,127,12,0.11551510542631149,3.6171875,0.07728086411952972,0.9933322668075562,,,,,False,False,False,False
B2,A,127,13,0.13276998698711395,3.330078125,0.10947473347187042,0.9911920428276062,,,,,False,False,False,False
B2,A,127,14,0.12358127534389496,5.162109375,0.09566736221313477,0.9923641085624695,,,,,False,False,False,False
B2,A,127,15,0.13115358352661133,3.779296875,0.10429765284061432,0.9913934469223022,,,,,False,False,False,False
B2,A,127,16,0.126337930560112,3.392578125,0.09963825345039368,0.9920220375061035,,,,,False,False,False,False
B2,A,127,17,0.12155623733997345,3.16015625,0.08389019966125488,0.9926093816757202,,,,,False,False,False,False
B2,A,127,18,0.1273747980594635,3.1328125,0.09335078299045563,0.9918884634971619,,,,,False,False,False,False
B2,A,127,19,0.13014906644821167,3.1513671875,0.09669002890586853,0.9915236830711365,,,,,False,False,False,False
B2,A,127,20,0.11100339889526367,3.33251953125,0.0762447863817215,0.9938353896141052,,,,,False,False,False,False
B2,A,127,21,0.1413176953792572,4.2646484375,0.11175566911697388,0.9900126457214355,,,,,False,False,False,False
B2,A,127,22,0.10619525611400604,3.994140625,0.06637932360172272,0.9943658709526062,,,,,False,False,False,False
B2,A,127,23,0.12042631953954697,3.921875,0.08129992336034775,0.992745041847229,,,,,False,False,False,False
B2,A,127,24,0.12372017651796341,3.798828125,0.08760988712310791,0.9923478960990906,,,,,False,False,False,False
B2,A,127,25,0.12421121448278427,4.716796875,0.08390972763299942,0.9922926425933838,,,,,False,False,False,False
B2,A,127,26,0.10930624604225159,3.77734375,0.08484166115522385,0.994029700756073,,,,,False,False,False,False
B2,A,127,27,0.1066371351480484,3.466796875,0.06873507797718048,0.9943134784698486,,,,,False,False,False,False
B2,A,127,28,0.13123396039009094,5.078125,0.1004604771733284,0.9913885593414307,,,,,False,False,False,False
B2,A,127,29,0.13139504194259644,5.421875,0.10630249977111816,0.9913700222969055,,,,,False,False,False,False
B2,A,127,30,0.11554156243801117,4.052734375,0.08434846252202988,0.9933242201805115,,,,,False,False,False,False
B2,A,127,31,0.14176110923290253,4.50537109375,0.10536593943834305,0.9899517297744751,,,,,False,False,False,False
B2,A,128,0,0.0001408243115292862,0.0078125,3.249910150771029e-05,0.9999960064888,,,,,False,False,False,False
B2,A,128,1,0.013189936056733131,5.94140625,0.0008319453336298466,0.9999061226844788,,,,,False,False,False,False
B2,A,128,2,0.06826424598693848,4.40234375,0.02029024064540863,0.9976692795753479,,,,,False,False,False,False
B2,A,128,3,0.07321476936340332,4.2265625,0.02812235616147518,0.9973191618919373,,,,,False,False,False,False
B2,A,128,4,0.020978057757019997,3.443359375,0.0035560361575335264,0.9997819662094116,,,,,False,False,False,False
B2,A,128,5,0.04468831792473793,3.17578125,0.012449858710169792,0.9990033507347107,,,,,False,False,False,False
B2,A,128,6,0.03535947576165199,3.83984375,0.009117746725678444,0.9993700981140137,,,,,False,False,False,False
B2,A,128,7,0.06665605306625366,4.099609375,0.026161987334489822,0.9977767467498779,,,,,False,False,False,False
B2,A,128,8,0.09016158431768417,3.375,0.04837745055556297,0.9959319829940796,,,,,False,False,False,False
B2,A,128,9,0.11036939173936844,4.93359375,0.06420155614614487,0.9939063191413879,,,,,False,False,False,False
B2,A,128,10,0.1188695952296257,2.8515625,0.07991873472929001,0.9929350018501282,,,,,False,False,False,False
B2,A,128,11,0.12128201872110367,3.853515625,0.08115746080875397,0.9926420450210571,,,,,False,False,False,False
B2,A,128,12,0.11541716009378433,3.6171875,0.07723831385374069,0.9933435320854187,,,,,False,False,False,False
B2,A,128,13,0.13263362646102905,3.330078125,0.10939021408557892,0.9912104606628418,,,,,False,False,False,False
B2,A,128,14,0.1234610304236412,5.162109375,0.09559178352355957,0.9923788905143738,,,,,False,False,False,False
B2,A,128,15,0.13102586567401886,3.779296875,0.10419516265392303,0.9914100766181946,,,,,False,False,False,False
B2,A,128,16,0.126212477684021,3.392578125,0.09953610599040985,0.9920381903648376,,,,,False,False,False,False
B2,A,128,17,0.12144388258457184,3.16015625,0.08380992710590363,0.9926230311393738,,,,,False,False,False,False
B2,A,128,18,0.12725204229354858,3.1328125,0.09325212240219116,0.9919039011001587,,,,,False,False,False,False
B2,A,128,19,0.13002057373523712,3.1513671875,0.09657617658376694,0.9915407299995422,,,,,False,False,False,False
B2,A,128,20,0.1108979657292366,3.33251953125,0.07616659998893738,0.9938471913337708,,,,,False,False,False,False
B2,A,128,21,0.14118322730064392,4.2646484375,0.11162421852350235,0.9900317192077637,,,,,False,False,False,False
B2,A,128,22,0.10609546303749084,3.994140625,0.06632360070943832,0.9943763613700867,,,,,False,False,False,False
B2,A,128,23,0.12030839174985886,3.921875,0.08121778070926666,0.9927593469619751,,,,,False,False,False,False
B2,A,128,24,0.12359902262687683,3.798828125,0.08751588314771652,0.9923628568649292,,,,,False,False,False,False
B2,A,128,25,0.12409129738807678,4.716796875,0.0838194265961647,0.9923074245452881,,,,,False,False,False,False
B2,A,128,26,0.10919398069381714,3.77734375,0.08475158363580704,0.9940418601036072,,,,,False,False,False,False
B2,A,128,27,0.10652681440114975,3.466796875,0.06867270916700363,0.9943253993988037,,,,,False,False,False,False
B2,A,128,28,0.1310882866382599,5.078125,0.1003471165895462,0.9914076328277588,,,,,False,False,False,False
B2,A,128,29,0.13125699758529663,5.421875,0.10617804527282715,0.9913880825042725,,,,,False,False,False,False
B2,A,128,30,0.11541718989610672,4.052734375,0.08425579220056534,0.9933390021324158,,,,,False,False,False,False
B2,A,128,31,0.1416294425725937,4.50537109375,0.10523581504821777,0.9899705052375793,,,,,False,False,False,False
B2,A,129,0,0.00014109144103713334,0.0078125,3.26489498547744e-05,0.9999960064888,,,,,False,False,False,False
B2,A,129,1,0.013179730623960495,5.94140625,0.000831383338663727,0.9999063611030579,,,,,False,False,False,False
B2,A,129,2,0.06820838153362274,4.40234375,0.020260129123926163,0.9976730942726135,,,,,False,False,False,False
B2,A,129,3,0.0731518492102623,4.2265625,0.02808450721204281,0.9973238706588745,,,,,False,False,False,False
B2,A,129,4,0.020959675312042236,3.443359375,0.003556119743734598,0.9997822642326355,,,,,False,False,False,False
B2,A,129,5,0.044647980481386185,3.17578125,0.012437880970537663,0.9990050792694092,,,,,False,False,False,False
B2,A,129,6,0.035327259451150894,3.83984375,0.009110619314014912,0.9993712306022644,,,,,False,False,False,False
B2,A,129,7,0.06659990549087524,4.099609375,0.026184650138020515,0.9977803826332092,,,,,False,False,False,False
B2,A,129,8,0.09010516852140427,3.375,0.04839445650577545,0.9959372878074646,,,,,False,False,False,False
B2,A,129,9,0.11029558628797531,4.93359375,0.06420503556728363,0.9939144253730774,,,,,False,False,False,False
B2,A,129,10,0.11879625171422958,2.8515625,0.07991234958171844,0.9929438829421997,,,,,False,False,False,False
B2,A,129,11,0.12122856080532074,3.853515625,0.08116704225540161,0.992648720741272,,,,,False,False,False,False
B2,A,129,12,0.11535879224538803,3.6171875,0.07724177092313766,0.9933504462242126,,,,,False,False,False,False
B2,A,129,13,0.13256779313087463,3.330078125,0.10937812179327011,0.9912190437316895,,,,,False,False,False,False
B2,A,129,14,0.12341325730085373,5.162109375,0.09564873576164246,0.9923848509788513,,,,,False,False,False,False
B2,A,129,15,0.13096776604652405,3.779296875,0.10422766953706741,0.9914175868034363,,,,,False,False,False,False
B2,A,129,16,0.12615670263767242,3.392578125,0.09956444054841995,0.9920450448989868,,,,,False,False,False,False
B2,A,129,17,0.12139829248189926,3.16015625,0.08387377113103867,0.9926286935806274,,,,,False,False,False,False
B2,A,129,18,0.1271926462650299,3.1328125,0.09332011640071869,0.9919113516807556,,,,,False,False,False,False
B2,A,129,19,0.12994618713855743,3.1513671875,0.09663009643554688,0.9915500283241272,,,,,False,False,False,False
B2,A,129,20,0.11084728688001633,3.33251953125,0.07625400274991989,0.9938530325889587,,,,,False,False,False,False
B2,A,129,21,0.14111661911010742,4.2646484375,0.11170748621225357,0.9900410771369934,,,,,False,False,False,False
B2,A,129,22,0.10605716705322266,3.994140625,0.06643832474946976,0.9943803548812866,,,,,False,False,False,False
B2,A,129,23,0.12024538964033127,3.921875,0.08129831403493881,0.9927667379379272,,,,,False,False,False,False
B2,A,129,24,0.12352385371923447,3.798828125,0.08756870031356812,0.9923723936080933,,,,,False,False,False,False
B2,A,129,25,0.12401480972766876,4.716796875,0.08387188613414764,0.9923166036605835,,,,,False,False,False,False
B2,A,129,26,0.10913845151662827,3.77734375,0.08483176678419113,0.9940477013587952,,,,,False,False,False,False
B2,A,129,27,0.10646585375070572,3.466796875,0.06874384731054306,0.9943320751190186,,,,,False,False,False,False
B2,A,129,28,0.13100236654281616,5.078125,0.10038584470748901,0.9914188385009766,,,,,False,False,False,False
B2,A,129,29,0.13115671277046204,5.421875,0.10618328303098679,0.9914013147354126,,,,,False,False,False,False
B2,A,129,30,0.11533999443054199,4.052734375,0.08428005129098892,0.9933476448059082,,,,,False,False,False,False
B2,A,129,31,0.14151735603809357,4.50537109375,0.10518259555101395,0.9899863600730896,,,,,False,False,False,False
B2,A,255,0,0.0017521751578897238,1.4814453125,6.688685243716463e-05,1.0000051259994507,,,,,False,False,False,False
B2,A,255,1,0.014707202091813087,5.94140625,0.0009959598537534475,0.999886691570282,,,,,False,False,False,False
B2,A,255,2,0.07250873744487762,4.40234375,0.022768713533878326,0.9973737001419067,,,,,False,False,False,False
B2,A,255,3,0.07773017883300781,4.2265625,0.03193245083093643,0.9969789981842041,,,,,False,False,False,False
B2,A,255,4,0.03568808361887932,3.443359375,0.008452236652374268,0.9993703961372375,,,,,False,False,False,False
B2,A,255,5,0.06534498184919357,3.375,0.02448131889104843,0.9978688359260559,,,,,False,False,False,False
B2,A,255,6,0.034779295325279236,4.54296875,0.009264940395951271,0.9993988275527954,,,,,False,False,False,False
B2,A,255,7,0.07059735059738159,4.099609375,0.029984047636389732,0.9975107312202454,,,,,False,False,False,False
B2,A,255,8,0.09547198563814163,3.375,0.05581585317850113,0.9954455494880676,,,,,False,False,False,False
B2,A,255,9,0.11632584780454636,4.93359375,0.07351290434598923,0.9932355880737305,,,,,False,False,False,False
B2,A,255,10,0.1256546974182129,3.1044921875,0.09288734197616577,0.9921088814735413,,,,,False,False,False,False
B2,A,255,11,0.13062341511249542,3.853515625,0.0954456776380539,0.9914722442626953,,,,,False,False,False,False
B2,A,255,12,0.12008176743984222,3.6171875,0.08600664138793945,0.9927932024002075,,,,,False,False,False,False
B2,A,255,13,0.13919049501419067,3.330078125,0.12541957199573517,0.9903229475021362,,,,,False,False,False,False
B2,A,255,14,0.1300114095211029,5.162109375,0.10997331887483597,0.9915483593940735,,,,,False,False,False,False
B2,A,255,15,0.13443395495414734,3.779296875,0.11470243334770203,0.9909586310386658,,,,,False,False,False,False
B2,A,255,16,0.1289312243461609,3.392578125,0.1081843450665474,0.9916960597038269,,,,,False,False,False,False
B2,A,255,17,0.13130013644695282,3.19140625,0.09943944960832596,0.9913840889930725,,,,,False,False,False,False
B2,A,255,18,0.13455626368522644,3.1328125,0.10761308670043945,0.990947425365448,,,,,False,False,False,False
B2,A,255,19,0.13083845376968384,3.1513671875,0.1016244888305664,0.9914346933364868,,,,,False,False,False,False
B2,A,255,20,0.11153227835893631,3.33251953125,0.08011133968830109,0.9937831163406372,,,,,False,False,False,False
B2,A,255,21,0.1447683721780777,4.2646484375,0.12056613713502884,0.9895205497741699,,,,,False,False,False,False
B2,A,255,22,0.11186676472425461,3.994140625,0.07692192494869232,0.9937466979026794,,,,,False,False,False,False
B2,A,255,23,0.13175344467163086,3.921875,0.09837814420461655,0.9913230538368225,,,,,False,False,False,False
B2,A,255,24,0.1297309398651123,3.798828125,0.0997748076915741,0.9915902614593506,,,,,False,False,False,False
B2,A,255,25,0.13002413511276245,4.716796875,0.09466339647769928,0.991550087928772,,,,,False,False,False,False
B2,A,255,26,0.1136699914932251,3.77734375,0.09406959265470505,0.9935447573661804,,,,,False,False,False,False
B2,A,255,27,0.11825176328420639,3.56640625,0.08549971878528595,0.9930113554000854,,,,,False,False,False,False
B2,A,255,28,0.13866253197193146,5.078125,0.11442118138074875,0.9903870224952698,,,,,False,False,False,False
B2,A,255,29,0.14603453874588013,5.421875,0.13525637984275818,0.9893471002578735,,,,,False,False,False,False
B2,A,255,30,0.1251978576183319,4.052734375,0.0982634574174881,0.9921645522117615,,,,,False,False,False,False
B2,A,255,31,0.14842134714126587,4.50537109375,0.1184680163860321,0.988985538482666,,,,,False,False,False,False
B2,A,256,0,0.0017511526821181178,1.4814453125,6.705647683702409e-05,1.0000051259994507,,,,,False,False,False,False
B2,A,256,1,0.014697728678584099,5.94140625,0.0009952235268428922,0.9998870491981506,,,,,False,False,False,False
B2,A,256,2,0.07245626300573349,4.40234375,0.02274000085890293,0.9973776936531067,,,,,False,False,False,False
B2,A,256,3,0.07767685502767563,4.2265625,0.03189357742667198,0.9969830513000488,,,,,False,False,False,False
B2,A,256,4,0.03566201031208038,3.443359375,0.008444287814199924,0.9993712902069092,,,,,False,False,False,False
B2,A,256,5,0.06529922038316727,3.375,0.024453386664390564,0.9978719353675842,,,,,False,False,False,False
B2,A,256,6,0.03475534915924072,4.54296875,0.009258320555090904,0.9993995428085327,,,,,False,False,False,False
B2,A,256,7,0.0705481767654419,4.099609375,0.029951443895697594,0.997514009475708,,,,,False,False,False,False
B2,A,256,8,0.0953926220536232,3.375,0.05575045943260193,0.9954533576965332,,,,,False,False,False,False
B2,A,256,9,0.11621879786252975,4.93359375,0.07342974096536636,0.9932481646537781,,,,,False,False,False,False
B2,A,256,10,0.1255461573600769,3.1044921875,0.09278202801942825,0.9921225905418396,,,,,False,False,False,False
B2,A,256,11,0.1305103302001953,3.853515625,0.09533974528312683,0.9914871454238892,,,,,False,False,False,False
B2,A,256,12,0.1199810728430748,3.6171875,0.08591362833976746,0.9928052425384521,,,,,False,False,False,False
B2,A,256,13,0.13908040523529053,3.330078125,0.12529616057872772,0.9903378486633301,,,,,False,False,False,False
B2,A,256,14,0.12991508841514587,5.162109375,0.10985881835222244,0.9915610551834106,,,,,False,False,False,False
B2,A,256,15,0.13432809710502625,3.779296875,0.11458077281713486,0.9909729957580566,,,,,False,False,False,False
B2,A,256,16,0.12882833182811737,3.392578125,0.10806707292795181,0.9917090535163879,,,,,False,False,False,False
B2,A,256,17,0.13121147453784943,3.19140625,0.0993303433060646,0.9913957118988037,,,,,False,False,False,False
B2,A,256,18,0.13446199893951416,3.1328125,0.1074918583035469,0.9909602999687195,,,,,False,False,False,False
B2,A,256,19,0.13073529303073883,3.1513671875,0.10150865465402603,0.9914483428001404,,,,,False,False,False,False
B2,A,256,20,0.11144805699586868,3.33251953125,0.0800231471657753,0.9937925338745117,,,,,False,False,False,False
B2,A,256,21,0.144658163189888,4.2646484375,0.12042722851037979,0.9895365834236145,,,,,False,False,False,False
B2,A,256,22,0.1117817759513855,3.994140625,0.07683927565813065,0.9937563538551331,,,,,False,False,False,False
B2,A,256,23,0.13165032863616943,3.921875,0.09826795011758804,0.9913366436958313,,,,,False,False,False,False
B2,A,256,24,0.12963148951530457,3.798828125,0.09966129064559937,0.9916027188301086,,,,,False,False,False,False
B2,A,256,25,0.1299247294664383,4.716796875,0.09455540031194687,0.991563081741333,,,,,False,False,False,False
B2,A,256,26,0.11358422785997391,3.77734375,0.0939721092581749,0.9935543537139893,,,,,False,False,False,False
B2,A,256,27,0.1181657463312149,3.56640625,0.08541286736726761,0.993021547794342,,,,,False,False,False,False
B2,A,256,28,0.13856832683086395,5.078125,0.11429478973150253,0.9904001951217651,,,,,False,False,False,False
B2,A,256,29,0.14592908322811127,5.421875,0.135103240609169,0.9893624186515808,,,,,False,False,False,False
B2,A,256,30,0.12510725855827332,4.052734375,0.098162442445755,0.9921757578849792,,,,,False,False,False,False
B2,A,256,31,0.14831751585006714,4.50537109375,0.11833576112985611,0.9890011548995972,,,,,False,False,False,False
B2,A,257,0,0.001749985502101481,1.4814453125,6.715036579407752e-05,1.000004529953003,,,,,False,False,False,False
B2,A,257,1,0.014687316492199898,5.94140625,0.0009945760248228908,0.9998867511749268,,,,,False,False,False,False
B2,A,257,2,0.07240980118513107,4.40234375,0.022711681202054024,0.9973810911178589,,,,,False,False,False,False
B2,A,257,3,0.07762307673692703,4.2265625,0.03185606375336647,0.9969871044158936,,,,,False,False,False,False
B2,A,257,4,0.03563623130321503,3.443359375,0.008436773903667927,0.9993722438812256,,,,,False,False,False,False
B2,A,257,5,0.06525487452745438,3.375,0.024425549432635307,0.9978744983673096,,,,,False,False,False,False
B2,A,257,6,0.034730736166238785,4.54296875,0.009253337979316711,0.9994004964828491,,,,,False,False,False,False
B2,A,257,7,0.07049696892499924,4.099609375,0.029919059947133064,0.9975173473358154,,,,,False,False,False,False
B2,A,257,8,0.09531084448099136,3.375,0.05568680539727211,0.995461106300354,,,,,False,False,False,False
B2,A,257,9,0.11611068248748779,4.93359375,0.07334636151790619,0.9932609796524048,,,,,False,False,False,False
B2,A,257,10,0.12543874979019165,3.1044921875,0.09267441183328629,0.9921360015869141,,,,,False,False,False,False
B2,A,257,11,0.13039837777614594,3.853515625,0.09523187577724457,0.9915019869804382,,,,,False,False,False,False
B2,A,257,12,0.1198854073882103,3.6171875,0.08581560850143433,0.9928167462348938,,,,,False,False,False,False
B2,A,257,13,0.13897383213043213,3.330078125,0.12516221404075623,0.9903529286384583,,,,,False,False,False,False
B2,A,257,14,0.1298205554485321,5.162109375,0.10974007844924927,0.9915732145309448,,,,,False,False,False,False
B2,A,257,15,0.13422708213329315,3.779296875,0.11446613818407059,0.9909868240356445,,,,,False,False,False,False
B2,A,257,16,0.12873531877994537,3.392578125,0.1079544872045517,0.9917211532592773,,,,,False,False,False,False
B2,A,257,17,0.1311250776052475,3.19140625,0.0992220938205719,0.991407036781311,,,,,False,False,False,False
B2,A,257,18,0.13437113165855408,3.1328125,0.10737363994121552,0.9909724593162537,,,,,False,False,False,False
B2,A,257,19,0.13063523173332214,3.1513671875,0.10139712691307068,0.9914615750312805,,,,,False,False,False,False
B2,A,257,20,0.11136401444673538,3.33251953125,0.07994074374437332,0.993802011013031,,,,,False,False,False,False
B2,A,257,21,0.14455555379390717,4.2646484375,0.1202937513589859,0.9895513653755188,,,,,False,False,False,False
B2,A,257,22,0.11170138418674469,3.994140625,0.07676196098327637,0.9937654137611389,,,,,False,False,False,False
B2,A,257,23,0.1315511167049408,3.921875,0.09816267341375351,0.9913499355316162,,,,,False,False,False,False
B2,A,257,24,0.12953002750873566,3.798828125,0.0995534285902977,0.991615891456604,,,,,False,False,False,False
B2,A,257,25,0.12982650101184845,4.716796875,0.09445487707853317,0.9915761351585388,,,,,False,False,False,False
B2,A,257,26,0.11349382251501083,3.77734375,0.09387363493442535,0.9935646057128906,,,,,False,False,False,False
B2,A,257,27,0.11806825548410416,3.56640625,0.08532490581274033,0.993033230304718,,,,,False,False,False,False
B2,A,257,28,0.1384616643190384,5.078125,0.11417141556739807,0.9904152750968933,,,,,False,False,False,False
B2,A,257,29,0.1458139419555664,5.421875,0.1349506378173828,0.9893791079521179,,,,,False,False,False,False
B2,A,257,30,0.12500536441802979,4.052734375,0.09805760532617569,0.9921887516975403,,,,,False,False,False,False
B2,A,257,31,0.14820365607738495,4.50537109375,0.11820052564144135,0.9890179634094238,,,,,False,False,False,False
B2,B,0,0,0.0,0.0,0.0,0.9999987483024597,,,,,False,False,False,False
B2,B,0,1,0.04224393144249916,5.87109375,0.007112393155694008,0.9990996718406677,,,,,False,False,False,False
B2,B,0,2,0.05008428916335106,3.68096923828125,0.012331411242485046,0.9987449049949646,,,,,False,False,False,False
B2,B,0,3,0.06872554123401642,4.08984375,0.021722953766584396,0.9976357817649841,,,,,False,False,False,False
B2,B,0,4,0.04374443739652634,4.96484375,0.009713801555335522,0.999041736125946,,,,,False,False,False,False
B2,B,0,5,0.04613428935408592,3.3984375,0.011567340232431889,0.9989311695098877,,,,,False,False,False,False
B2,B,0,6,0.015554884448647499,3.5947265625,0.0021383902058005333,0.9998783469200134,,,,,False,False,False,False
B2,B,0,7,0.06582871079444885,4.1005859375,0.024673962965607643,0.9978322386741638,,,,,False,False,False,False
B2,B,0,8,0.07406120747327805,3.08349609375,0.031779274344444275,0.9972518682479858,,,,,False,False,False,False
B2,B,0,9,0.09348208457231522,5.01171875,0.04587516188621521,0.995628833770752,,,,,False,False,False,False
B2,B,0,10,0.09134209901094437,3.203125,0.04359855502843857,0.995823323726654,,,,,False,False,False,False
B2,B,0,11,0.10157064348459244,3.9970703125,0.055335965007543564,0.9948395490646362,,,,,False,False,False,False
B2,B,0,12,0.08713865280151367,3.75537109375,0.04613920673727989,0.9961974620819092,,,,,False,False,False,False
B2,B,0,13,0.09416808933019638,4.3125,0.05415141209959984,0.9955648183822632,,,,,False,False,False,False
B2,B,0,14,0.11560048162937164,5.1171875,0.07702085375785828,0.9933164119720459,,,,,False,False,False,False
B2,B,0,15,0.09532730281352997,3.0869140625,0.05201675742864609,0.995450496673584,,,,,False,False,False,False
B2,B,0,16,0.09380510449409485,3.341796875,0.05437131226062775,0.9955963492393494,,,,,False,False,False,False
B2,B,0,17,0.10143636912107468,3.806640625,0.05484987422823906,0.994852602481842,,,,,False,False,False,False
B2,B,0,18,0.08465564996004105,3.36572265625,0.04159983620047569,0.9964140057563782,,,,,False,False,False,False
B2,B,0,19,0.10651993006467819,3.0498046875,0.0626923069357872,0.9943254590034485,,,,,False,False,False,False
B2,B,0,20,0.10239209979772568,3.1298828125,0.062139589339494705,0.9947531819343567,,,,,False,False,False,False
B2,B,0,21,0.10889066010713577,4.32421875,0.060642242431640625,0.9940727353096008,,,,,False,False,False,False
B2,B,0,22,0.09271125495433807,3.65478515625,0.047249626368284225,0.9957000017166138,,,,,False,False,False,False
B2,B,0,23,0.1298331916332245,4.48046875,0.0882825031876564,0.9915706515312195,,,,,False,False,False,False
B2,B,0,24,0.11738763004541397,3.58642578125,0.07381017506122589,0.9931085109710693,,,,,False,False,False,False
B2,B,0,25,0.10793417692184448,4.734375,0.056488268077373505,0.9941731095314026,,,,,False,False,False,False
B2,B,0,26,0.08513309061527252,3.388671875,0.04769909754395485,0.9963766932487488,,,,,False,False,False,False
B2,B,0,27,0.09701641649007797,3.92578125,0.054115548729896545,0.9952922463417053,,,,,False,False,False,False
B2,B,0,28,0.12288197129964828,5.498046875,0.08039730787277222,0.9924499988555908,,,,,False,False,False,False
B2,B,0,29,0.1077539473772049,5.970703125,0.07045493274927139,0.9941934943199158,,,,,False,False,False,False
B2,B,0,30,0.10883630067110062,4.7646484375,0.06400658935308456,0.9940743446350098,,,,,False,False,False,False
B2,B,0,31,0.11422130465507507,4.8515625,0.06905508041381836,0.993476152420044,,,,,False,False,False,False
B2,B,1,0,1.3772383681498468e-05,0.00390625,3.159380241868348e-07,0.9999983906745911,,,,,False,False,False,False
B2,B,1,1,0.04219952970743179,5.87109375,0.007099169306457043,0.9991013407707214,,,,,False,False,False,False
B2,B,1,2,0.0500318668782711,3.68096923828125,0.01230903435498476,0.9987477660179138,,,,,False,False,False,False
B2,B,1,3,0.0686567947268486,4.08984375,0.02168319746851921,0.9976405501365662,,,,,False,False,False,False
B2,B,1,4,0.04370194673538208,4.96484375,0.009698893874883652,0.9990439414978027,,,,,False,False,False,False
B2,B,1,5,0.046088650822639465,3.3984375,0.011550169438123703,0.9989330768585205,,,,,False,False,False,False
B2,B,1,6,0.01553959771990776,3.5947265625,0.002148854546248913,0.9998784065246582,,,,,False,False,False,False
B2,B,1,7,0.06576662510633469,4.1005859375,0.024659834802150726,0.9978363513946533,,,,,False,False,False,False
B2,B,1,8,0.07399391382932663,3.08349609375,0.03174900263547897,0.9972572922706604,,,,,False,False,False,False
B2,B,1,9,0.09338532388210297,5.01171875,0.045817021280527115,0.9956380128860474,,,,,False,False,False,False
B2,B,1,10,0.09125486761331558,3.203125,0.04354425519704819,0.9958315491676331,,,,,False,False,False,False
B2,B,1,11,0.1014658734202385,3.9970703125,0.055264417082071304,0.994850218296051,,,,,False,False,False,False
B2,B,1,12,0.08706364780664444,3.75537109375,0.04608725756406784,0.9962040781974792,,,,,False,False,False,False
B2,B,1,13,0.09406434744596481,4.3125,0.05409349873661995,0.995574414730072,,,,,False,False,False,False
B2,B,1,14,0.11546151340007782,5.1171875,0.07691968232393265,0.99333256483078,,,,,False,False,False,False
B2,B,1,15,0.09522192180156708,3.0869140625,0.05196034908294678,0.9954606890678406,,,,,False,False,False,False
B2,B,1,16,0.09370186924934387,3.341796875,0.05431097000837326,0.9956060647964478,,,,,False,False,False,False
B2,B,1,17,0.10132645070552826,3.806640625,0.054783206433057785,0.9948639273643494,,,,,False,False,False,False
B2,B,1,18,0.08456186205148697,3.36572265625,0.04156089946627617,0.9964218735694885,,,,,False,False,False,False
B2,B,1,19,0.10640311241149902,3.0498046875,0.06260312348604202,0.994337797164917,,,,,False,False,False,False
B2,B,1,20,0.10228297114372253,3.1298828125,0.06205061078071594,0.9947645664215088,,,,,False,False,False,False
B2,B,1,21,0.10877205431461334,4.32421875,0.06055891886353493,0.9940856695175171,,,,,False,False,False,False
B2,B,1,22,0.09260354936122894,3.65478515625,0.04719021916389465,0.9957097172737122,,,,,False,False,False,False
B2,B,1,23,0.12968339025974274,4.48046875,0.08814667165279388,0.9915902018547058,,,,,False,False,False,False
B2,B,1,24,0.1172589436173439,3.58642578125,0.07370185852050781,0.993123471736908,,,,,False,False,False,False
B2,B,1,25,0.10781517624855042,4.734375,0.05641326680779457,0.9941859245300293,,,,,False,False,False,False
B2,B,1,26,0.08504166454076767,3.388671875,0.04763861745595932,0.9963846802711487,,,,,False,False,False,False
B2,B,1,27,0.09690908342599869,3.92578125,0.054047152400016785,0.9953025579452515,,,,,False,False,False,False
B2,B,1,28,0.12274043262004852,5.498046875,0.08027957379817963,0.9924671649932861,,,,,False,False,False,False
B2,B,1,29,0.10764147341251373,5.970703125,0.07036568969488144,0.994205892086029,,,,,False,False,False,False
B2,B,1,30,0.10871589183807373,4.7646484375,0.06393064558506012,0.9940876364707947,,,,,False,False,False,False
B2,B,1,31,0.11411360651254654,4.8515625,0.06897276639938354,0.9934883713722229,,,,,False,False,False,False
B2,B,2,0,2.0404735550982878e-05,0.0078125,6.120855005065096e-07,0.9999982714653015,,,,,False,False,False,False
B2,B,2,1,0.04215933755040169,5.87109375,0.007086216937750578,0.9991032481193542,,,,,False,False,False,False
B2,B,2,2,0.049980226904153824,3.68096923828125,0.0122868986800313,0.9987503290176392,,,,,False,False,False,False
B2,B,2,3,0.06858406960964203,4.08984375,0.0216437429189682,0.9976456165313721,,,,,False,False,False,False
B2,B,2,4,0.04365832358598709,4.96484375,0.009683087468147278,0.9990459084510803,,,,,False,False,False,False
B2,B,2,5,0.04604146257042885,3.3984375,0.011539488099515438,0.9989352822303772,,,,,False,False,False,False
B2,B,2,6,0.015523133799433708,3.5947265625,0.002159405965358019,0.9998787641525269,,,,,False,False,False,False
B2,B,2,7,0.06569262593984604,4.1005859375,0.024628691375255585,0.9978412389755249,,,,,False,False,False,False
B2,B,2,8,0.07390937954187393,3.08349609375,0.03170415014028549,0.99726402759552,,,,,False,False,False,False
B2,B,2,9,0.09328240901231766,5.01171875,0.04574590176343918,0.9956473708152771,,,,,False,False,False,False
B2,B,2,10,0.0911601334810257,3.203125,0.04348158836364746,0.995840311050415,,,,,False,False,False,False
B2,B,2,11,0.10135745257139206,3.9970703125,0.05518803372979164,0.9948610663414001,,,,,False,False,False,False
B2,B,2,12,0.08696754276752472,3.75537109375,0.04602404311299324,0.9962123036384583,,,,,False,False,False,False
B2,B,2,13,0.09395935386419296,4.3125,0.05401797592639923,0.9955843687057495,,,,,False,False,False,False
B2,B,2,14,0.11532873660326004,5.1171875,0.07679709792137146,0.993347704410553,,,,,False,False,False,False
B2,B,2,15,0.09511598944664001,3.0869140625,0.05188744515180588,0.9954708814620972,,,,,False,False,False,False
B2,B,2,16,0.09358984231948853,3.341796875,0.05423082038760185,0.9956163167953491,,,,,False,False,False,False
B2,B,2,17,0.10121053457260132,3.806640625,0.05470052361488342,0.9948757290840149,,,,,False,False,False,False
B2,B,2,18,0.08446431905031204,3.36572265625,0.04150281473994255,0.996429979801178,,,,,False,False,False,False
B2,B,2,19,0.1062772274017334,3.0498046875,0.06250140070915222,0.9943512082099915,,,,,False,False,False,False
B2,B,2,20,0.10216410458087921,3.1298828125,0.06195104122161865,0.994776725769043,,,,,False,False,False,False
B2,B,2,21,0.1086384579539299,4.32421875,0.060465194284915924,0.9941002130508423,,,,,False,False,False,False
B2,B,2,22,0.09248824417591095,3.65478515625,0.04712112247943878,0.9957202076911926,,,,,False,False,False,False
B2,B,2,23,0.12951527535915375,4.48046875,0.08799827098846436,0.991611897945404,,,,,False,False,False,False
B2,B,2,24,0.11711466312408447,3.58642578125,0.07358139753341675,0.9931402206420898,,,,,False,False,False,False
B2,B,2,25,0.10768566280603409,4.734375,0.05632699653506279,0.994199812412262,,,,,False,False,False,False
B2,B,2,26,0.08495113998651505,3.388671875,0.047569505870342255,0.9963926076889038,,,,,False,False,False,False
B2,B,2,27,0.09680352360010147,3.92578125,0.053964000195264816,0.9953131079673767,,,,,False,False,False,False
B2,B,2,28,0.12260822206735611,5.498046875,0.08014803379774094,0.9924833178520203,,,,,False,False,False,False
B2,B,2,29,0.10752177983522415,5.970703125,0.07025846093893051,0.9942187070846558,,,,,False,False,False,False
B2,B,2,30,0.10859349370002747,4.7646484375,0.06383206695318222,0.9941006302833557,,,,,False,False,False,False
B2,B,2,31,0.11399807780981064,4.8515625,0.06886386126279831,0.9935013651847839,,,,,False,False,False,False
B2,B,16,0,5.379385038395412e-05,0.0078125,4.540500867733499e-06,0.9999960660934448,,,,,False,False,False,False
B2,B,16,1,0.054745711386203766,5.87109375,0.01226350013166666,0.9984965324401855,,,,,False,False,False,False
B2,B,16,2,0.06845010071992874,3.68096923828125,0.021272113546729088,0.9976568222045898,,,,,False,False,False,False
B2,B,16,3,0.08682196587324142,4.08984375,0.03435458242893219,0.9962291121482849,,,,,False,False,False,False
B2,B,16,4,0.05950348079204559,4.96484375,0.017254304140806198,0.9982278347015381,,,,,False,False,False,False
B2,B,16,5,0.058373577892780304,3.4326171875,0.01788688637316227,0.9982869029045105,,,,,False,False,False,False
B2,B,16,6,0.026010172441601753,4.212890625,0.004234841093420982,0.9996610879898071,,,,,False,False,False,False
B2,B,16,7,0.07972057908773422,4.1005859375,0.03533216938376427,0.9968221187591553,,,,,False,False,False,False
B2,B,16,8,0.1006416529417038,3.14453125,0.05641181766986847,0.994930624961853,,,,,False,False,False,False
B2,B,16,9,0.12092146277427673,5.01171875,0.07789957523345947,0.9926882386207581,,,,,False,False,False,False
B2,B,16,10,0.12442830204963684,3.203125,0.0798412635922432,0.9922597408294678,,,,,False,False,False,False
B2,B,16,11,0.1310342252254486,3.9970703125,0.08938001096248627,0.9914110898971558,,,,,False,False,False,False
B2,B,16,12,0.11666575074195862,3.75537109375,0.08034742623567581,0.9931883215904236,,,,,False,False,False,False
B2,B,16,13,0.11558297276496887,4.3125,0.08079323172569275,0.9933211803436279,,,,,False,False,False,False
B2,B,16,14,0.1505192071199417,5.1171875,0.12946926057338715,0.9886700510978699,,,,,False,False,False,False
B2,B,16,15,0.12393304705619812,3.0869140625,0.08592008799314499,0.9923161268234253,,,,,False,False,False,False
B2,B,16,16,0.12406791746616364,3.341796875,0.0935637354850769,0.992297887802124,,,,,False,False,False,False
B2,B,16,17,0.1313832700252533,3.806640625,0.09092692285776138,0.9913685917854309,,,,,False,False,False,False
B2,B,16,18,0.1147221103310585,3.36572265625,0.07248206436634064,0.9934150576591492,,,,,False,False,False,False
B2,B,16,19,0.1429334282875061,3.0498046875,0.11065524071455002,0.9897876381874084,,,,,False,False,False,False
B2,B,16,20,0.1350242793560028,3.1298828125,0.10470736026763916,0.9908793568611145,,,,,False,False,False,False
B2,B,16,21,0.1550627201795578,4.32421875,0.11973770707845688,0.987978458404541,,,,,False,False,False,False
B2,B,16,22,0.11653024703264236,3.65478515625,0.07312849164009094,0.993207573890686,,,,,False,False,False,False
B2,B,16,23,0.15852214395999908,4.48046875,0.12994776666164398,0.9874300956726074,,,,,False,False,False,False
B2,B,16,24,0.15195344388484955,3.58642578125,0.12139834463596344,0.988452136516571,,,,,False,False,False,False
B2,B,16,25,0.14349383115768433,4.734375,0.09917498379945755,0.9897011518478394,,,,,False,False,False,False
B2,B,16,26,0.11530008167028427,3.458984375,0.08242247253656387,0.993356466293335,,,,,False,False,False,False
B2,B,16,27,0.13968993723392487,3.92578125,0.10495246201753616,0.9902374148368835,,,,,False,False,False,False
B2,B,16,28,0.15915195643901825,5.498046875,0.1314179003238678,0.98732990026474,,,,,False,False,False,False
B2,B,16,29,0.1361524909734726,5.970703125,0.10877127945423126,0.9907274842262268,,,,,False,False,False,False
B2,B,16,30,0.1421513855457306,4.7646484375,0.10458232462406158,0.9898881912231445,,,,,False,False,False,False
B2,B,16,31,0.1531265527009964,4.8515625,0.1173204556107521,0.988276481628418,,,,,False,False,False,False
B2,B,127,0,0.00013762414164375514,0.0078125,2.9524540877901018e-05,0.9999943375587463,,,,,False,False,False,False
B2,B,127,1,0.049868833273649216,5.87109375,0.01020423136651516,0.9987547397613525,,,,,False,False,False,False
B2,B,127,2,0.06296031177043915,3.68096923828125,0.017778871580958366,0.9980173707008362,,,,,False,False,False,False
B2,B,127,3,0.08027422428131104,4.08984375,0.028612826019525528,0.996776819229126,,,,,False,False,False,False
B2,B,127,4,0.05535076558589935,4.96484375,0.01453376654535532,0.9984738826751709,,,,,False,False,False,False
B2,B,127,5,0.05417745187878609,3.4326171875,0.01535846944898367,0.9985304474830627,,,,,False,False,False,False
B2,B,127,6,0.024250809103250504,4.212890625,0.004406104329973459,0.9997051954269409,,,,,False,False,False,False
B2,B,127,7,0.07388054579496384,4.1005859375,0.030156727880239487,0.9972738027572632,,,,,False,False,False,False
B2,B,127,8,0.09369458258152008,3.14453125,0.047775622457265854,0.9956133365631104,,,,,False,False,False,False
B2,B,127,9,0.1121453121304512,5.01171875,0.06578850746154785,0.9937160611152649,,,,,False,False,False,False
B2,B,127,10,0.1152230054140091,3.203125,0.06807601451873779,0.9933648705482483,,,,,False,False,False,False
B2,B,127,11,0.12163469195365906,3.9970703125,0.07697802037000656,0.9926029443740845,,,,,False,False,False,False
B2,B,127,12,0.10793208330869675,3.75537109375,0.06952613592147827,0.9941741824150085,,,,,False,False,False,False
B2,B,127,13,0.10809434205293655,4.3125,0.07054031640291214,0.9941610097885132,,,,,False,False,False,False
B2,B,127,14,0.1401004195213318,5.1171875,0.1110878735780716,0.9901875853538513,,,,,False,False,False,False
B2,B,127,15,0.11492520570755005,3.0869140625,0.07544709742069244,0.993397057056427,,,,,False,False,False,False
B2,B,127,16,0.11500579118728638,3.341796875,0.08119039237499237,0.9933854937553406,,,,,False,False,False,False
B2,B,127,17,0.12233004719018936,3.806640625,0.07881239801645279,0.9925223588943481,,,,,False,False,False,False
B2,B,127,18,0.10673461854457855,3.36572265625,0.06360502541065216,0.994304358959198,,,,,False,False,False,False
B2,B,127,19,0.13304056227207184,3.0498046875,0.09474940598011017,0.9911520481109619,,,,,False,False,False,False
B2,B,127,20,0.12609952688217163,3.1298828125,0.08988755941390991,0.9920507073402405,,,,,False,False,False,False
B2,B,127,21,0.1443907767534256,4.32421875,0.10247156769037247,0.9895805716514587,,,,,False,False,False,False
B2,B,127,22,0.10869067907333374,3.65478515625,0.0639011487364769,0.9940932393074036,,,,,False,False,False,False
B2,B,127,23,0.14795267581939697,4.48046875,0.11083114892244339,0.9890543818473816,,,,,False,False,False,False
B2,B,127,24,0.1420532613992691,3.58642578125,0.10359787940979004,0.9899124503135681,,,,,False,False,False,False
B2,B,127,25,0.1334124207496643,4.734375,0.08533167839050293,0.9911019802093506,,,,,False,False,False,False
B2,B,127,26,0.10819260030984879,3.458984375,0.07165047526359558,0.9941526055335999,,,,,False,False,False,False
B2,B,127,27,0.13066443800926208,3.92578125,0.09039485454559326,0.9914601445198059,,,,,False,False,False,False
B2,B,127,28,0.14883771538734436,5.498046875,0.1121542751789093,0.9889248609542847,,,,,False,False,False,False
B2,B,127,29,0.12659525871276855,5.970703125,0.09381670504808426,0.9919846653938293,,,,,False,False,False,False
B2,B,127,30,0.13312090933322906,4.7646484375,0.08976123481988907,0.991134762763977,,,,,False,False,False,False
B2,B,127,31,0.14270564913749695,4.8515625,0.09984958171844482,0.9898227453231812,,,,,False,False,False,False
B2,B,128,0,0.00013809307711198926,0.0078125,2.973977279907558e-05,0.9999943971633911,,,,,False,False,False,False
B2,B,128,1,0.04982690140604973,5.87109375,0.010188937187194824,0.9987568259239197,,,,,False,False,False,False
B2,B,128,2,0.06291667371988297,3.68096923828125,0.017752422019839287,0.9980202913284302,,,,,False,False,False,False
B2,B,128,3,0.0802314430475235,4.08984375,0.02856959030032158,0.9967801570892334,,,,,False,False,False,False
B2,B,128,4,0.055324677377939224,4.96484375,0.014512976631522179,0.998475193977356,,,,,False,False,False,False
B2,B,128,5,0.05414779484272003,3.4326171875,0.015339182689785957,0.9985319375991821,,,,,False,False,False,False
B2,B,128,6,0.024239029735326767,4.212890625,0.004403961356729269,0.9997054934501648,,,,,False,False,False,False
B2,B,128,7,0.07383644580841064,4.1005859375,0.03011433221399784,0.9972769021987915,,,,,False,False,False,False
B2,B,128,8,0.0936436727643013,3.14453125,0.04770511016249657,0.9956177473068237,,,,,False,False,False,False
B2,B,128,9,0.11208304017782211,5.01171875,0.06569020450115204,0.9937227368354797,,,,,False,False,False,False
B2,B,128,10,0.11516212671995163,3.203125,0.06798186898231506,0.9933720231056213,,,,,False,False,False,False
B2,B,128,11,0.12156406790018082,3.9970703125,0.07687804102897644,0.9926115870475769,,,,,False,False,False,False
B2,B,128,12,0.10786962509155273,3.75537109375,0.06943510472774506,0.9941810369491577,,,,,False,False,False,False
B2,B,128,13,0.10803871601819992,4.3125,0.0704512745141983,0.9941670894622803,,,,,False,False,False,False
B2,B,128,14,0.14001920819282532,5.1171875,0.11093521118164062,0.9901990294456482,,,,,False,False,False,False
B2,B,128,15,0.11485796421766281,3.0869140625,0.07534933090209961,0.9934051036834717,,,,,False,False,False,False
B2,B,128,16,0.11494182795286179,3.341796875,0.08108173310756683,0.993393063545227,,,,,False,False,False,False
B2,B,128,17,0.12226005643606186,3.806640625,0.07870849221944809,0.9925309419631958,,,,,False,False,False,False
B2,B,128,18,0.10666344314813614,3.36572265625,0.06352408230304718,0.9943121075630188,,,,,False,False,False,False
B2,B,128,19,0.13295745849609375,3.0498046875,0.09461808949708939,0.9911630749702454,,,,,False,False,False,False
B2,B,128,20,0.12602388858795166,3.1298828125,0.08976390212774277,0.9920601844787598,,,,,False,False,False,False
B2,B,128,21,0.14430883526802063,4.32421875,0.1023317202925682,0.9895924925804138,,,,,False,False,False,False
B2,B,128,22,0.10862008482217789,3.65478515625,0.06382270902395248,0.9941009879112244,,,,,False,False,False,False
B2,B,128,23,0.14786429703235626,4.48046875,0.1106804609298706,0.9890676140785217,,,,,False,False,False,False
B2,B,128,24,0.14196868240833282,3.58642578125,0.10345679521560669,0.9899245500564575,,,,,False,False,False,False
B2,B,128,25,0.13333238661289215,4.734375,0.08521847426891327,0.9911127686500549,,,,,False,False,False,False
B2,B,128,26,0.10814234614372253,3.458984375,0.07155819237232208,0.9941580295562744,,,,,False,False,False,False
B2,B,128,27,0.13060344755649567,3.92578125,0.0902760699391365,0.9914682507514954,,,,,False,False,False,False
B2,B,128,28,0.1487611085176468,5.498046875,0.11200104653835297,0.988936185836792,,,,,False,False,False,False
B2,B,128,29,0.1265314519405365,5.970703125,0.0936921164393425,0.9919928908348083,,,,,False,False,False,False
B2,B,128,30,0.13304924964904785,4.7646484375,0.08964040130376816,0.9911444187164307,,,,,False,False,False,False
B2,B,128,31,0.14263328909873962,4.8515625,0.09971103817224503,0.9898334741592407,,,,,False,False,False,False
B2,B,129,0,0.00013850984396412969,0.0078125,2.9869539503124543e-05,0.999994158744812,,,,,False,False,False,False
B2,B,129,1,0.049793269485235214,5.87109375,0.010173638351261616,0.9987583160400391,,,,,False,False,False,False
B2,B,129,2,0.06287939101457596,3.68096923828125,0.017726590856909752,0.998022735118866,,,,,False,False,False,False
B2,B,129,3,0.08018311113119125,4.08984375,0.02852715738117695,0.996783971786499,,,,,False,False,False,False
B2,B,129,4,0.055295053869485855,4.96484375,0.014493058435618877,0.9984769225120544,,,,,False,False,False,False
B2,B,129,5,0.05411508306860924,3.4326171875,0.0153190391138196,0.9985336065292358,,,,,False,False,False,False
B2,B,129,6,0.02422686107456684,4.212890625,0.004402864258736372,0.999705970287323,,,,,False,False,False,False
B2,B,129,7,0.07379118353128433,4.1005859375,0.030073300004005432,0.9972804188728333,,,,,False,False,False,False
B2,B,129,8,0.09359223395586014,3.14453125,0.047636304050683975,0.9956225156784058,,,,,False,False,False,False
B2,B,129,9,0.11202622950077057,5.01171875,0.06559418141841888,0.9937294125556946,,,,,False,False,False,False
B2,B,129,10,0.115094855427742,3.203125,0.06788655370473862,0.9933798313140869,,,,,False,False,False,False
B2,B,129,11,0.12148798257112503,3.9970703125,0.0767737403512001,0.9926210045814514,,,,,False,False,False,False
B2,B,129,12,0.10780466347932816,3.75537109375,0.0693434327840805,0.9941880702972412,,,,,False,False,False,False
B2,B,129,13,0.10798569768667221,4.3125,0.070362888276577,0.9941731691360474,,,,,False,False,False,False
B2,B,129,14,0.13994090259075165,5.1171875,0.11078441143035889,0.9902097582817078,,,,,False,False,False,False
B2,B,129,15,0.11478279531002045,3.0869140625,0.07525502890348434,0.9934138059616089,,,,,False,False,False,False
B2,B,129,16,0.11487238854169846,3.341796875,0.08097290247678757,0.9934011101722717,,,,,False,False,False,False
B2,B,129,17,0.12218720465898514,3.806640625,0.07860187441110611,0.9925398826599121,,,,,False,False,False,False
B2,B,129,18,0.10659163445234299,3.36572265625,0.06343907862901688,0.9943200945854187,,,,,False,False,False,False
B2,B,129,19,0.1328863948583603,3.0498046875,0.09448395669460297,0.9911724925041199,,,,,False,False,False,False
B2,B,129,20,0.12595237791538239,3.1298828125,0.0896371454000473,0.9920689463615417,,,,,False,False,False,False
B2,B,129,21,0.1442192941904068,4.32421875,0.10218629240989685,0.9896054863929749,,,,,False,False,False,False
B2,B,129,22,0.10855303704738617,3.65478515625,0.06373731046915054,0.994108259677887,,,,,False,False,False,False
B2,B,129,23,0.14776848256587982,4.48046875,0.11052179336547852,0.9890817403793335,,,,,False,False,False,False
B2,B,129,24,0.14188337326049805,3.58642578125,0.10330815613269806,0.9899367690086365,,,,,False,False,False,False
B2,B,129,25,0.13324978947639465,4.734375,0.0850992277264595,0.9911234378814697,,,,,False,False,False,False
B2,B,129,26,0.10807628184556961,3.458984375,0.07146002352237701,0.994165301322937,,,,,False,False,False,False
B2,B,129,27,0.13053466379642487,3.92578125,0.0901486873626709,0.9914771914482117,,,,,False,False,False,False
B2,B,129,28,0.14867523312568665,5.498046875,0.11183961480855942,0.9889488816261292,,,,,False,False,False,False
B2,B,129,29,0.12645401060581207,5.970703125,0.09356096386909485,0.9920026063919067,,,,,False,False,False,False
B2,B,129,30,0.13297684490680695,4.7646484375,0.089514821767807,0.9911540746688843,,,,,False,False,False,False
B2,B,129,31,0.1425575464963913,4.8515625,0.09956730902194977,0.989844024181366,,,,,False,False,False,False
B2,B,255,0,0.001510292524471879,1.30859375,6.362384738167748e-05,0.9999905228614807,,,,,False,False,False,False
B2,B,255,1,0.05306284874677658,5.87109375,0.011500260792672634,0.9985904693603516,,,,,False,False,False,False
B2,B,255,2,0.06764767318964005,4.23046875,0.01995103619992733,0.9977165460586548,,,,,False,False,False,False
B2,B,255,3,0.08579792082309723,4.08984375,0.031106697395443916,0.9963235259056091,,,,,False,False,False,False
B2,B,255,4,0.05982065945863724,4.96484375,0.016270199790596962,0.998220682144165,,,,,False,False,False,False
B2,B,255,5,0.05253437161445618,3.505859375,0.014027395285665989,0.9986222982406616,,,,,False,False,False,False
B2,B,255,6,0.0302123986184597,4.212890625,0.005779599770903587,0.9995438456535339,,,,,False,False,False,False
B2,B,255,7,0.078609399497509,4.1005859375,0.03261837735772133,0.9969183206558228,,,,,False,False,False,False
B2,B,255,8,0.09788364171981812,3.14453125,0.05066369101405144,0.9952154755592346,,,,,False,False,False,False
B2,B,255,9,0.12194797396659851,5.01171875,0.07572944462299347,0.9925694465637207,,,,,False,False,False,False
B2,B,255,10,0.1220170259475708,3.484375,0.07411638647317886,0.9925642013549805,,,,,False,False,False,False
B2,B,255,11,0.13550682365894318,3.9970703125,0.0906907320022583,0.9908306002616882,,,,,False,False,False,False
B2,B,255,12,0.11360885947942734,3.75537109375,0.07482317090034485,0.9935491681098938,,,,,False,False,False,False
B2,B,255,13,0.12360548973083496,4.3125,0.0862312987446785,0.9923679828643799,,,,,False,False,False,False
B2,B,255,14,0.15178905427455902,5.1171875,0.1257038414478302,0.9884824156761169,,,,,False,False,False,False
B2,B,255,15,0.12194456905126572,3.21484375,0.08263067156076431,0.9925703406333923,,,,,False,False,False,False
B2,B,255,16,0.1306678205728531,3.341796875,0.09968730807304382,0.9914688467979431,,,,,False,False,False,False
B2,B,255,17,0.13408957421779633,3.806640625,0.09164655208587646,0.9910222291946411,,,,,False,False,False,False
B2,B,255,18,0.12093660235404968,3.36572265625,0.07747124880552292,0.9926900267601013,,,,,False,False,False,False
B2,B,255,19,0.14702703058719635,3.13671875,0.1099054142832756,0.9891955852508545,,,,,False,False,False,False
B2,B,255,20,0.1384442150592804,3.134765625,0.10205221176147461,0.9904215931892395,,,,,False,False,False,False
B2,B,255,21,0.16017846763134003,4.32421875,0.1188514232635498,0.9871784448623657,,,,,False,False,False,False
B2,B,255,22,0.12490548193454742,3.65478515625,0.07884831726551056,0.992201566696167,,,,,False,False,False,False
B2,B,255,23,0.15775181353092194,4.48046875,0.11917819827795029,0.9875643253326416,,,,,False,False,False,False
B2,B,255,24,0.15537118911743164,3.58642578125,0.1181788370013237,0.9879372715950012,,,,,False,False,False,False
B2,B,255,25,0.1484285145998001,4.734375,0.0999603271484375,0.9889916777610779,,,,,False,False,False,False
B2,B,255,26,0.12254682928323746,3.458984375,0.08441802859306335,0.9924980401992798,,,,,False,False,False,False
B2,B,255,27,0.14235107600688934,3.92578125,0.10101145505905151,0.9898671507835388,,,,,False,False,False,False
B2,B,255,28,0.1634179949760437,5.498046875,0.12767431139945984,0.9866503477096558,,,,,False,False,False,False
B2,B,255,29,0.1424570083618164,5.970703125,0.11326786875724792,0.9898584485054016,,,,,False,False,False,False
B2,B,255,30,0.1483309268951416,4.7646484375,0.10327956080436707,0.9890020489692688,,,,,False,False,False,False
B2,B,255,31,0.15624354779720306,4.8515625,0.11400415003299713,0.9877997040748596,,,,,False,False,False,False
B2,B,256,0,0.0015092100948095322,1.30859375,6.373832729877904e-05,0.9999903440475464,,,,,False,False,False,False
B2,B,256,1,0.053028810769319534,5.87109375,0.011486079543828964,0.99859219789505,,,,,False,False,False,False
B2,B,256,2,0.06761130690574646,4.23046875,0.019926227629184723,0.9977190494537354,,,,,False,False,False,False
B2,B,256,3,0.08574796468019485,4.08984375,0.03106733411550522,0.9963278770446777,,,,,False,False,False,False
B2,B,256,4,0.05979060009121895,4.96484375,0.01625039055943489,0.9982225298881531,,,,,False,False,False,False
B2,B,256,5,0.052505526691675186,3.505859375,0.014011348597705364,0.9986236691474915,,,,,False,False,False,False
B2,B,256,6,0.03019784949719906,4.212890625,0.005774594843387604,0.9995442032814026,,,,,False,False,False,False
B2,B,256,7,0.07856384664773941,4.1005859375,0.032578859478235245,0.9969216585159302,,,,,False,False,False,False
B2,B,256,8,0.09783244878053665,3.14453125,0.050601135939359665,0.9952206611633301,,,,,False,False,False,False
B2,B,256,9,0.1218876838684082,5.01171875,0.07563456892967224,0.9925766587257385,,,,,False,False,False,False
B2,B,256,10,0.12195323407649994,3.484375,0.0740237757563591,0.9925717711448669,,,,,False,False,False,False
B2,B,256,11,0.13543426990509033,3.9970703125,0.0905773863196373,0.9908407926559448,,,,,False,False,False,False
B2,B,256,12,0.11353761702775955,3.75537109375,0.0747298002243042,0.993557333946228,,,,,False,False,False,False
B2,B,256,13,0.12355183809995651,4.3125,0.08612552285194397,0.9923745393753052,,,,,False,False,False,False
B2,B,256,14,0.15171673893928528,5.1171875,0.12554703652858734,0.9884933829307556,,,,,False,False,False,False
B2,B,256,15,0.12187738716602325,3.21484375,0.08253348618745804,0.9925784468650818,,,,,False,False,False,False
B2,B,256,16,0.13059955835342407,3.341796875,0.09956660121679306,0.9914778470993042,,,,,False,False,False,False
B2,B,256,17,0.13402657210826874,3.806640625,0.09153560549020767,0.9910305142402649,,,,,False,False,False,False
B2,B,256,18,0.12087900191545486,3.36572265625,0.07737797498703003,0.9926971793174744,,,,,False,False,False,False
B2,B,256,19,0.14695508778095245,3.13671875,0.10976960510015488,0.9892062544822693,,,,,False,False,False,False
B2,B,256,20,0.13838212192058563,3.134765625,0.1019272431731224,0.9904301166534424,,,,,False,False,False,False
B2,B,256,21,0.16010262072086334,4.32421875,0.11870510131120682,0.9871906042098999,,,,,False,False,False,False
B2,B,256,22,0.12484078854322433,3.65478515625,0.07875415682792664,0.9922096729278564,,,,,False,False,False,False
B2,B,256,23,0.1576678305864334,4.48046875,0.11903116852045059,0.9875776171684265,,,,,False,False,False,False
B2,B,256,24,0.15529032051563263,3.58642578125,0.11803271621465683,0.9879496693611145,,,,,False,False,False,False
B2,B,256,25,0.1483471691608429,4.734375,0.09983816742897034,0.9890035390853882,,,,,False,False,False,False
B2,B,256,26,0.1224883422255516,3.458984375,0.0843166634440422,0.9925053119659424,,,,,False,False,False,False
B2,B,256,27,0.14228196442127228,3.92578125,0.1008882150053978,0.9898769855499268,,,,,False,False,False,False
B2,B,256,28,0.16333386301994324,5.498046875,0.12751562893390656,0.9866642355918884,,,,,False,False,False,False
B2,B,256,29,0.14238505065441132,5.970703125,0.11312887072563171,0.9898688197135925,,,,,False,False,False,False
B2,B,256,30,0.14826355874538422,4.7646484375,0.10315210372209549,0.9890120625495911,,,,,False,False,False,False
B2,B,256,31,0.15616624057292938,4.8515625,0.11386201530694962,0.9878116250038147,,,,,False,False,False,False
B2,B,257,0,0.0015082613099366426,1.30859375,6.387254688888788e-05,0.999990701675415,,,,,False,False,False,False
B2,B,257,1,0.05299577862024307,5.87109375,0.011471652425825596,0.9985941052436829,,,,,False,False,False,False
B2,B,257,2,0.06757476925849915,4.23046875,0.019901838153600693,0.9977213740348816,,,,,False,False,False,False
B2,B,257,3,0.08569410443305969,4.08984375,0.031028196215629578,0.9963322877883911,,,,,False,False,False,False
B2,B,257,4,0.0597560852766037,4.96484375,0.01623140461742878,0.9982244968414307,,,,,False,False,False,False
B2,B,257,5,0.0524708591401577,3.505859375,0.013996349647641182,0.9986258149147034,,,,,False,False,False,False
B2,B,257,6,0.030180297791957855,4.212890625,0.0057696085423231125,0.9995449781417847,,,,,False,False,False,False
B2,B,257,7,0.07850544899702072,4.1005859375,0.03253932297229767,0.9969263672828674,,,,,False,False,False,False
B2,B,257,8,0.09776172786951065,3.14453125,0.050539519637823105,0.9952278137207031,,,,,False,False,False,False
B2,B,257,9,0.12180434167385101,5.01171875,0.07554036378860474,0.9925867915153503,,,,,False,False,False,False
B2,B,257,10,0.1218680739402771,3.484375,0.07393132150173187,0.9925820827484131,,,,,False,False,False,False
B2,B,257,11,0.13533546030521393,3.9970703125,0.09046448767185211,0.9908543229103088,,,,,False,False,False,False
B2,B,257,12,0.11345448344945908,3.75537109375,0.07464013248682022,0.9935671091079712,,,,,False,False,False,False
B2,B,257,13,0.12347386032342911,4.3125,0.08602465689182281,0.9923838973045349,,,,,False,False,False,False
B2,B,257,14,0.1516236960887909,5.1171875,0.12539531290531158,0.9885075092315674,,,,,False,False,False,False
B2,B,257,15,0.12179578840732574,3.21484375,0.08244114369153976,0.9925882816314697,,,,,False,False,False,False
B2,B,257,16,0.13051840662956238,3.341796875,0.09945295006036758,0.9914886355400085,,,,,False,False,False,False
B2,B,257,17,0.13393771648406982,3.806640625,0.09143203496932983,0.99104243516922,,,,,False,False,False,False
B2,B,257,18,0.12079492956399918,3.36572265625,0.07729221880435944,0.992707371711731,,,,,False,False,False,False
B2,B,257,19,0.1468730866909027,3.13671875,0.1096394956111908,0.9892182946205139,,,,,False,False,False,False
B2,B,257,20,0.13831137120723724,3.134765625,0.10180854797363281,0.990439772605896,,,,,False,False,False,False
B2,B,257,21,0.16001102328300476,4.32421875,0.11856605112552643,0.9872052073478699,,,,,False,False,False,False
B2,B,257,22,0.12476356327533722,3.65478515625,0.07866740226745605,0.9922192096710205,,,,,False,False,False,False
B2,B,257,23,0.15757185220718384,4.48046875,0.11889124661684036,0.9875929355621338,,,,,False,False,False,False
B2,B,257,24,0.15520215034484863,3.58642578125,0.11789263784885406,0.9879633784294128,,,,,False,False,False,False
B2,B,257,25,0.1482539176940918,4.734375,0.09972196817398071,0.9890174269676208,,,,,False,False,False,False
B2,B,257,26,0.12242354452610016,3.458984375,0.0842212438583374,0.9925130605697632,,,,,False,False,False,False
B2,B,257,27,0.14220701158046722,3.92578125,0.1007707491517067,0.9898877739906311,,,,,False,False,False,False
B2,B,257,28,0.16324925422668457,5.498046875,0.12736308574676514,0.9866780042648315,,,,,False,False,False,False
B2,B,257,29,0.14230984449386597,5.970703125,0.1129947081208229,0.9898794293403625,,,,,False,False,False,False
B2,B,257,30,0.14818701148033142,4.7646484375,0.103030726313591,0.9890234470367432,,,,,False,False,False,False
B2,B,257,31,0.15608055889606476,4.8515625,0.11372450739145279,0.9878251552581787,,,,,False,False,False,False
B4,A,0,0,0.0,0.0,0.0,0.9999915957450867,,,,,False,False,False,False
B4,A,0,1,0.047909002751111984,5.94140625,0.009005188941955566,0.9988434314727783,,,,,False,False,False,False
B4,A,0,2,0.0553983636200428,4.40234375,0.013675754889845848,0.9984612464904785,,,,,False,False,False,False
B4,A,0,3,0.04217939078807831,4.19921875,0.008574917912483215,0.999106228351593,,,,,False,False,False,False
B4,A,0,4,0.028721753507852554,3.443359375,0.005428440403193235,0.9995844960212708,,,,,False,False,False,False
B4,A,0,5,0.027086878195405006,3.17578125,0.004735833033919334,0.999627947807312,,,,,False,False,False,False
B4,A,0,6,0.01581426151096821,4.677734375,0.0020948390010744333,0.9998701810836792,,,,,False,False,False,False
B4,A,0,7,0.057556163519620895,3.96484375,0.018127646297216415,0.9983395338058472,,,,,False,False,False,False
B4,A,0,8,0.0848328098654747,3.3779296875,0.041185397654771805,0.9963967204093933,,,,,False,False,False,False
B4,A,0,9,0.09861338883638382,4.94140625,0.04764688014984131,0.9951328039169312,,,,,False,False,False,False
B4,A,0,10,0.1056901291012764,3.23583984375,0.061180517077445984,0.9944129586219788,,,,,False,False,False,False
B4,A,0,11,0.09889448434114456,3.62890625,0.05221223458647728,0.9951016306877136,,,,,False,False,False,False
B4,A,0,12,0.09878727793693542,3.818359375,0.05529862269759178,0.9951176047325134,,,,,False,False,False,False
B4,A,0,13,0.10599517077207565,3.44580078125,0.06584648042917252,0.9943830966949463,,,,,False,False,False,False
B4,A,0,14,0.11736398935317993,5.197265625,0.08238539844751358,0.9931179881095886,,,,,False,False,False,False
B4,A,0,15,0.11563260853290558,3.380859375,0.07460561394691467,0.9933062791824341,,,,,False,False,False,False
B4,A,0,16,0.08894427865743637,3.390625,0.04522695392370224,0.9960415363311768,,,,,False,False,False,False
B4,A,0,17,0.09426920115947723,3.18359375,0.0478709377348423,0.9955512881278992,,,,,False,False,False,False
B4,A,0,18,0.10431965440511703,3.13671875,0.061143435537815094,0.9945580363273621,,,,,False,False,False,False
B4,A,0,19,0.1103389710187912,3.103515625,0.06761892884969711,0.9939103722572327,,,,,False,False,False,False
B4,A,0,20,0.09514092653989792,3.2041015625,0.05423439294099808,0.9954699277877808,,,,,False,False,False,False
B4,A,0,21,0.1250164806842804,4.205078125,0.08400693535804749,0.9921789765357971,,,,,False,False,False,False
B4,A,0,22,0.100398488342762,4.00390625,0.057191379368305206,0.9949600696563721,,,,,False,False,False,False
B4,A,0,23,0.11029214411973953,3.9814453125,0.0627172440290451,0.9939159750938416,,,,,False,False,False,False
B4,A,0,24,0.09603986144065857,3.794921875,0.04915563017129898,0.9953879117965698,,,,,False,False,False,False
B4,A,0,25,0.10924794524908066,4.740234375,0.0616152323782444,0.9940330982208252,,,,,False,False,False,False
B4,A,0,26,0.09594417363405228,3.859375,0.060072850435972214,0.9953988790512085,,,,,False,False,False,False
B4,A,0,27,0.10722015053033829,3.6845703125,0.06563818454742432,0.9942494034767151,,,,,False,False,False,False
B4,A,0,28,0.088262639939785,5.01953125,0.04452625289559364,0.9961049556732178,,,,,False,False,False,False
B4,A,0,29,0.12222565710544586,5.59765625,0.08817948400974274,0.9925317168235779,,,,,False,False,False,False
B4,A,0,30,0.0964680165052414,3.974609375,0.056164585053920746,0.9953446388244629,,,,,False,False,False,False
B4,A,0,31,0.11455773562192917,4.70703125,0.06927774101495743,0.9934363961219788,,,,,False,False,False,False
B4,A,1,0,1.1223328328924254e-05,0.00390625,2.7217132014811796e-07,0.9999917149543762,,,,,False,False,False,False
B4,A,1,1,0.04786073416471481,5.94140625,0.008988391607999802,0.9988461136817932,,,,,False,False,False,False
B4,A,1,2,0.05533593147993088,4.40234375,0.013652710244059563,0.9984649419784546,,,,,False,False,False,False
B4,A,1,3,0.042133629322052,4.19921875,0.008564131334424019,0.9991082549095154,,,,,False,False,False,False
B4,A,1,4,0.028691459447145462,3.443359375,0.005422845017164946,0.9995850324630737,,,,,False,False,False,False
B4,A,1,5,0.027058864012360573,3.17578125,0.004731501452624798,0.9996286034584045,,,,,False,False,False,False
B4,A,1,6,0.01579795777797699,4.677734375,0.0020979365799576044,0.9998704791069031,,,,,False,False,False,False
B4,A,1,7,0.057500697672367096,3.96484375,0.018101254478096962,0.998342752456665,,,,,False,False,False,False
B4,A,1,8,0.08475108444690704,3.3779296875,0.04111909493803978,0.9964037537574768,,,,,False,False,False,False
B4,A,1,9,0.098518967628479,4.94140625,0.04757494851946831,0.9951419830322266,,,,,False,False,False,False
B4,A,1,10,0.10557732731103897,3.23583984375,0.06108852103352547,0.9944246411323547,,,,,False,False,False,False
B4,A,1,11,0.09877902269363403,3.62890625,0.05215316638350487,0.9951131343841553,,,,,False,False,False,False
B4,A,1,12,0.09867200255393982,3.818359375,0.055229585617780685,0.9951287508010864,,,,,False,False,False,False
B4,A,1,13,0.10587207227945328,3.44580078125,0.0657593384385109,0.9943959712982178,,,,,False,False,False,False
B4,A,1,14,0.11723153293132782,5.197265625,0.08226307481527328,0.9931333661079407,,,,,False,False,False,False
B4,A,1,15,0.11549139022827148,3.380859375,0.0744972750544548,0.9933224320411682,,,,,False,False,False,False
B4,A,1,16,0.0888390839099884,3.390625,0.04517599940299988,0.9960510730743408,,,,,False,False,False,False
B4,A,1,17,0.09416308999061584,3.18359375,0.047814175486564636,0.995561420917511,,,,,False,False,False,False
B4,A,1,18,0.10420015454292297,3.13671875,0.06105530261993408,0.9945701956748962,,,,,False,False,False,False
B4,A,1,19,0.11020395904779434,3.103515625,0.06751368194818497,0.9939249753952026,,,,,False,False,False,False
B4,A,1,20,0.0950278788805008,3.2041015625,0.05415662005543709,0.995480477809906,,,,,False,False,False,False
B4,A,1,21,0.12486469745635986,4.205078125,0.08387796580791473,0.9921979904174805,,,,,False,False,False,False
B4,A,1,22,0.10028009861707687,4.00390625,0.05711491405963898,0.9949716925621033,,,,,False,False,False,False
B4,A,1,23,0.11015738546848297,3.9814453125,0.06263096630573273,0.993930995464325,,,,,False,False,False,False
B4,A,1,24,0.0959261953830719,3.794921875,0.04909481108188629,0.995398998260498,,,,,False,False,False,False
B4,A,1,25,0.10911919176578522,4.740234375,0.06152737885713577,0.9940469861030579,,,,,False,False,False,False
B4,A,1,26,0.09584009647369385,3.859375,0.05999097228050232,0.9954091906547546,,,,,False,False,False,False
B4,A,1,27,0.10710436850786209,3.6845703125,0.06554421782493591,0.9942620396614075,,,,,False,False,False,False
B4,A,1,28,0.08817672729492188,5.01953125,0.044470448046922684,0.9961123466491699,,,,,False,False,False,False
B4,A,1,29,0.12210202217102051,5.59765625,0.08803852647542953,0.9925466775894165,,,,,False,False,False,False
B4,A,1,30,0.09636259824037552,3.974609375,0.05608348548412323,0.9953551292419434,,,,,False,False,False,False
B4,A,1,31,0.11443300545215607,4.70703125,0.06916999816894531,0.9934504628181458,,,,,False,False,False,False
B4,A,2,0,1.8498238205211237e-05,0.00390625,5.779201046607341e-07,0.9999919533729553,,,,,False,False,False,False
B4,A,2,1,0.047813039273023605,5.94140625,0.008971717208623886,0.9988482594490051,,,,,False,False,False,False
B4,A,2,2,0.05528334900736809,4.40234375,0.01362835057079792,0.9984679818153381,,,,,False,False,False,False
B4,A,2,3,0.042093753814697266,4.19921875,0.0085678081959486,0.9991098642349243,,,,,False,False,False,False
B4,A,2,4,0.02866310253739357,3.443359375,0.005429519340395927,0.9995861053466797,,,,,False,False,False,False
B4,A,2,5,0.027032122015953064,3.17578125,0.004739068448543549,0.9996292591094971,,,,,False,False,False,False
B4,A,2,6,0.01578397862613201,4.677734375,0.002113115508109331,0.9998707175254822,,,,,False,False,False,False
B4,A,2,7,0.05743616074323654,3.96484375,0.018095362931489944,0.9983468055725098,,,,,False,False,False,False
B4,A,2,8,0.08466976135969162,3.3779296875,0.041122276335954666,0.9964106678962708,,,,,False,False,False,False
B4,A,2,9,0.09843648225069046,4.94140625,0.047637466341257095,0.9951499700546265,,,,,False,False,False,False
B4,A,2,10,0.10547982901334763,3.23583984375,0.06112955883145332,0.9944350123405457,,,,,False,False,False,False
B4,A,2,11,0.0987079069018364,3.62890625,0.05225897207856178,0.9951197504997253,,,,,False,False,False,False
B4,A,2,12,0.09858351200819016,3.818359375,0.055307354778051376,0.9951374530792236,,,,,False,False,False,False
B4,A,2,13,0.1057572215795517,3.44580078125,0.06581296771764755,0.9944077730178833,,,,,False,False,False,False
B4,A,2,14,0.11710663139820099,5.197265625,0.08227109163999557,0.9931480288505554,,,,,False,False,False,False
B4,A,2,15,0.11535858362913132,3.380859375,0.0744757428765297,0.9933379888534546,,,,,False,False,False,False
B4,A,2,16,0.08873856067657471,3.390625,0.045192789286375046,0.9960598945617676,,,,,False,False,False,False
B4,A,2,17,0.09406328201293945,3.18359375,0.04782096669077873,0.9955708980560303,,,,,False,False,False,False
B4,A,2,18,0.10408251732587814,3.13671875,0.061027541756629944,0.9945826530456543,,,,,False,False,False,False
B4,A,2,19,0.11007275432348251,3.103515625,0.0674535408616066,0.9939396381378174,,,,,False,False,False,False
B4,A,2,20,0.09492074698209763,3.2041015625,0.05412573367357254,0.995490550994873,,,,,False,False,False,False
B4,A,2,21,0.1247209832072258,4.205078125,0.08378981053829193,0.9922157526016235,,,,,False,False,False,False
B4,A,2,22,0.10016699880361557,4.00390625,0.057068631052970886,0.9949833750724792,,,,,False,False,False,False
B4,A,2,23,0.11002704501152039,3.9814453125,0.06257492303848267,0.993945300579071,,,,,False,False,False,False
B4,A,2,24,0.09581386297941208,3.794921875,0.04905930906534195,0.9954097867012024,,,,,False,False,False,False
B4,A,2,25,0.10899022221565247,4.740234375,0.061462871730327606,0.9940609931945801,,,,,False,False,False,False
B4,A,2,26,0.09572061896324158,3.859375,0.059932831674814224,0.9954204559326172,,,,,False,False,False,False
B4,A,2,27,0.10696925222873688,3.6845703125,0.06547742336988449,0.9942765831947327,,,,,False,False,False,False
B4,A,2,28,0.08805737644433975,5.01953125,0.04444558545947075,0.9961228966712952,,,,,False,False,False,False
B4,A,2,29,0.12194371223449707,5.59765625,0.08792592585086823,0.9925661087036133,,,,,False,False,False,False
B4,A,2,30,0.0962376818060875,3.974609375,0.05603667348623276,0.9953673481941223,,,,,False,False,False,False
B4,A,2,31,0.11430099606513977,4.70703125,0.0690830871462822,0.9934655427932739,,,,,False,False,False,False
B4,A,16,0,5.443150075734593e-05,0.0078125,4.899859050055966e-06,0.9999924302101135,,,,,False,False,False,False
B4,A,16,1,0.06689092516899109,5.94140625,0.018377196043729782,0.9977549314498901,,,,,False,False,False,False
B4,A,16,2,0.07790128886699677,4.40234375,0.0258510559797287,0.9969587922096252,,,,,False,False,False,False
B4,A,16,3,0.06497781723737717,4.19921875,0.020161613821983337,0.9978861212730408,,,,,False,False,False,False
B4,A,16,4,0.04383639991283417,3.443359375,0.012484487146139145,0.9990352988243103,,,,,False,False,False,False
B4,A,16,5,0.03913286700844765,3.2705078125,0.009073889814317226,0.9992284774780273,,,,,False,False,False,False
B4,A,16,6,0.02045886032283306,4.677734375,0.0029110212344676256,0.9997838735580444,,,,,False,False,False,False
B4,A,16,7,0.06614255905151367,4.099609375,0.024605533108115196,0.997809886932373,,,,,False,False,False,False
B4,A,16,8,0.10487071424722672,3.3779296875,0.06246587634086609,0.9944944977760315,,,,,False,False,False,False
B4,A,16,9,0.11692291498184204,4.94140625,0.06774839013814926,0.9931615591049194,,,,,False,False,False,False
B4,A,16,10,0.13044984638690948,3.23583984375,0.09343624114990234,0.9914875030517578,,,,,False,False,False,False
B4,A,16,11,0.11879222095012665,3.62890625,0.0752449482679367,0.9929322004318237,,,,,False,False,False,False
B4,A,16,12,0.12543869018554688,3.818359375,0.08669822663068771,0.9921294450759888,,,,,False,False,False,False
B4,A,16,13,0.13469508290290833,3.44580078125,0.10518486797809601,0.9909332394599915,,,,,False,False,False,False
B4,A,16,14,0.14553119242191315,5.197265625,0.12393497675657272,0.9894165992736816,,,,,False,False,False,False
B4,A,16,15,0.1372671276330948,3.380859375,0.10472030937671661,0.9905666708946228,,,,,False,False,False,False
B4,A,16,16,0.11391649395227432,3.390625,0.07296330481767654,0.9935086369514465,,,,,False,False,False,False
B4,A,16,17,0.12410493195056915,3.19140625,0.08078224956989288,0.9922915697097778,,,,,False,False,False,False
B4,A,16,18,0.12848375737667084,3.13671875,0.09046939760446548,0.9917474389076233,,,,,False,False,False,False
B4,A,16,19,0.14056271314620972,3.103515625,0.10663385689258575,0.9901144504547119,,,,,False,False,False,False
B4,A,16,20,0.12173723429441452,3.2041015625,0.08532917499542236,0.9925803542137146,,,,,False,False,False,False
B4,A,16,21,0.15436531603336334,4.205078125,0.1244267001748085,0.9880793690681458,,,,,False,False,False,False
B4,A,16,22,0.13300548493862152,4.00390625,0.09541326761245728,0.9911553263664246,,,,,False,False,False,False
B4,A,16,23,0.1402568370103836,3.9814453125,0.09865538775920868,0.9901607036590576,,,,,False,False,False,False
B4,A,16,24,0.12170445919036865,3.794921875,0.07664722949266434,0.9925919771194458,,,,,False,False,False,False
B4,A,16,25,0.13881035149097443,4.740234375,0.09675972163677216,0.990368127822876,,,,,False,False,False,False
B4,A,16,26,0.1255592554807663,3.859375,0.09626943618059158,0.9921187162399292,,,,,False,False,False,False
B4,A,16,27,0.1370571404695511,3.6845703125,0.10110810399055481,0.9906119108200073,,,,,False,False,False,False
B4,A,16,28,0.12343771010637283,5.01953125,0.0803002268075943,0.9923807978630066,,,,,False,False,False,False
B4,A,16,29,0.15534566342830658,5.59765625,0.13799744844436646,0.9879328012466431,,,,,False,False,False,False
B4,A,16,30,0.12963438034057617,3.974609375,0.09383547306060791,0.9915984272956848,,,,,False,False,False,False
B4,A,16,31,0.14330331981182098,4.70703125,0.10480503737926483,0.9897293448448181,,,,,False,False,False,False
B4,A,127,0,0.00014039459347259253,0.0078125,3.231050504837185e-05,0.9999959468841553,,,,,False,False,False,False
B4,A,127,1,0.06074674054980278,5.94140625,0.015259399078786373,0.9981480240821838,,,,,False,False,False,False
B4,A,127,2,0.07054689526557922,4.40234375,0.02219563163816929,0.9975097179412842,,,,,False,False,False,False
B4,A,127,3,0.05877275392413139,4.19921875,0.017491012811660767,0.998272716999054,,,,,False,False,False,False
B4,A,127,4,0.03968774154782295,3.443359375,0.011127554811537266,0.9992137551307678,,,,,False,False,False,False
B4,A,127,5,0.03545710816979408,3.2705078125,0.008463145233690739,0.999372661113739,,,,,False,False,False,False
B4,A,127,6,0.018564188852906227,4.677734375,0.003438537009060383,0.9998223781585693,,,,,False,False,False,False
B4,A,127,7,0.059766869992017746,4.099609375,0.02153262495994568,0.9982115626335144,,,,,False,False,False,False
B4,A,127,8,0.09429174661636353,3.3779296875,0.05343063920736313,0.9955539107322693,,,,,False,False,False,False
B4,A,127,9,0.10513328015804291,4.94140625,0.05889524891972542,0.9944714903831482,,,,,False,False,False,False
B4,A,127,10,0.11770457029342651,3.23583984375,0.08065028488636017,0.9930728673934937,,,,,False,False,False,False
B4,A,127,11,0.10725367069244385,3.62890625,0.06639489531517029,0.9942451119422913,,,,,False,False,False,False
B4,A,127,12,0.11318810284137726,3.818359375,0.07589141279459,0.9935958385467529,,,,,False,False,False,False
B4,A,127,13,0.12137597799301147,3.44580078125,0.09299545735120773,0.9926409721374512,,,,,False,False,False,False
B4,A,127,14,0.13110677897930145,5.197265625,0.1081734374165535,0.991412341594696,,,,,False,False,False,False
B4,A,127,15,0.1234937533736229,3.380859375,0.09196849912405014,0.992369532585144,,,,,False,False,False,False
B4,A,127,16,0.10265875607728958,3.390625,0.06511569023132324,0.9947317242622375,,,,,False,False,False,False
B4,A,127,17,0.11233624815940857,3.19140625,0.07126569002866745,0.9936873912811279,,,,,False,False,False,False
B4,A,127,18,0.1158660501241684,3.13671875,0.07920205593109131,0.9932907223701477,,,,,False,False,False,False
B4,A,127,19,0.12628395855426788,3.103515625,0.09200063347816467,0.9920209050178528,,,,,False,False,False,False
B4,A,127,20,0.10946226119995117,3.2041015625,0.07467249035835266,0.9940038323402405,,,,,False,False,False,False
B4,A,127,21,0.1386655867099762,4.205078125,0.10741551965475082,0.9903848171234131,,,,,False,False,False,False
B4,A,127,22,0.11953878402709961,4.00390625,0.08344007283449173,0.9928592443466187,,,,,False,False,False,False
B4,A,127,23,0.1260005682706833,3.9814453125,0.08605115115642548,0.9920610189437866,,,,,False,False,False,False
B4,A,127,24,0.10946378856897354,3.794921875,0.0676388368010521,0.9940143823623657,,,,,False,False,False,False
B4,A,127,25,0.12479546666145325,4.740234375,0.08422163873910904,0.9922183156013489,,,,,False,False,False,False
B4,A,127,26,0.11265594512224197,3.859375,0.0842183530330658,0.9936556220054626,,,,,False,False,False,False
B4,A,127,27,0.1232154369354248,3.6845703125,0.08838647603988647,0.9924128651618958,,,,,False,False,False,False
B4,A,127,28,0.11085935682058334,5.01953125,0.07132066041231155,0.9938587546348572,,,,,False,False,False,False
B4,A,127,29,0.13973939418792725,5.59765625,0.11899663507938385,0.9902382493019104,,,,,False,False,False,False
B4,A,127,30,0.11648202687501907,3.974609375,0.0823550820350647,0.9932195544242859,,,,,False,False,False,False
B4,A,127,31,0.12945319712162018,4.70703125,0.0907294824719429,0.9916225075721741,,,,,False,False,False,False
B4,A,128,0,0.0001408243115292862,0.0078125,3.249910150771029e-05,0.9999960064888,,,,,False,False,False,False
B4,A,128,1,0.060698945075273514,5.94140625,0.01523654442280531,0.9981505274772644,,,,,False,False,False,False
B4,A,128,2,0.0704943984746933,4.40234375,0.022164711728692055,0.9975136518478394,,,,,False,False,False,False
B4,A,128,3,0.05872838944196701,4.19921875,0.017480317503213882,0.9982751607894897,,,,,False,False,False,False
B4,A,128,4,0.03965597227215767,3.443359375,0.01112404279410839,0.9992153644561768,,,,,False,False,False,False
B4,A,128,5,0.03542840853333473,3.2705078125,0.008463437668979168,0.9993736147880554,,,,,False,False,False,False
B4,A,128,6,0.01854996755719185,4.677734375,0.00344580365344882,0.9998226165771484,,,,,False,False,False,False
B4,A,128,7,0.05971235781908035,4.099609375,0.021510306745767593,0.998214602470398,,,,,False,False,False,False
B4,A,128,8,0.09421564638614655,3.3779296875,0.053364235907793045,0.9955611228942871,,,,,False,False,False,False
B4,A,128,9,0.10504163056612015,4.94140625,0.05883273482322693,0.9944813251495361,,,,,False,False,False,False
B4,A,128,10,0.11759789288043976,3.23583984375,0.08056613057851791,0.993085503578186,,,,,False,False,False,False
B4,A,128,11,0.10715576261281967,3.62890625,0.0663464143872261,0.994255542755127,,,,,False,False,False,False
B4,A,128,12,0.11308903247117996,3.818359375,0.0758242979645729,0.9936073422431946,,,,,False,False,False,False
B4,A,128,13,0.12124868482351303,3.44580078125,0.09291253983974457,0.9926567673683167,,,,,False,False,False,False
B4,A,128,14,0.13097676634788513,5.197265625,0.10805896669626236,0.9914294481277466,,,,,False,False,False,False
B4,A,128,15,0.12337332963943481,3.380859375,0.09188036620616913,0.9923842549324036,,,,,False,False,False,False
B4,A,128,16,0.10255683213472366,3.390625,0.06505776941776276,0.9947423338890076,,,,,False,False,False,False
B4,A,128,17,0.11223141849040985,3.19140625,0.07119299471378326,0.9936991333961487,,,,,False,False,False,False
B4,A,128,18,0.11575375497341156,3.13671875,0.07911454141139984,0.9933037757873535,,,,,False,False,False,False
B4,A,128,19,0.1261589229106903,3.103515625,0.09188847243785858,0.992036759853363,,,,,False,False,False,False
B4,A,128,20,0.10935768485069275,3.2041015625,0.07458913326263428,0.9940152764320374,,,,,False,False,False,False
B4,A,128,21,0.13853304088115692,4.205078125,0.10728074610233307,0.9904032945632935,,,,,False,False,False,False
B4,A,128,22,0.11942476034164429,4.00390625,0.08334289491176605,0.9928728342056274,,,,,False,False,False,False
B4,A,128,23,0.12587609887123108,3.9814453125,0.08594948053359985,0.992076575756073,,,,,False,False,False,False
B4,A,128,24,0.10935600847005844,3.794921875,0.06756291538476944,0.9940265417098999,,,,,False,False,False,False
B4,A,128,25,0.12467426806688309,4.740234375,0.08411943912506104,0.9922335147857666,,,,,False,False,False,False
B4,A,128,26,0.11253935843706131,3.859375,0.08411726355552673,0.9936689734458923,,,,,False,False,False,False
B4,A,128,27,0.12308651953935623,3.6845703125,0.08828023821115494,0.9924286603927612,,,,,False,False,False,False
B4,A,128,28,0.11073606461286545,5.01953125,0.07124157249927521,0.993872344493866,,,,,False,False,False,False
B4,A,128,29,0.13959196209907532,5.59765625,0.11884240061044693,0.9902589917182922,,,,,False,False,False,False
B4,A,128,30,0.11635622382164001,3.974609375,0.08225969970226288,0.9932345151901245,,,,,False,False,False,False
B4,A,128,31,0.12933295965194702,4.70703125,0.09061934798955917,0.9916380643844604,,,,,False,False,False,False
B4,A,129,0,0.00014109144103713334,0.0078125,3.26489498547744e-05,0.9999960064888,,,,,False,False,False,False
B4,A,129,1,0.06065194308757782,5.94140625,0.015213597565889359,0.9981534481048584,,,,,False,False,False,False
B4,A,129,2,0.07043689489364624,4.40234375,0.02214069664478302,0.9975175261497498,,,,,False,False,False,False
B4,A,129,3,0.058678045868873596,4.19921875,0.01746211387217045,0.9982784390449524,,,,,False,False,False,False
B4,A,129,4,0.039621107280254364,3.443359375,0.01111512165516615,0.9992166757583618,,,,,False,False,False,False
B4,A,129,5,0.035396695137023926,3.2705078125,0.00846061110496521,0.9993746876716614,,,,,False,False,False,False
B4,A,129,6,0.018533509224653244,4.677734375,0.0034498514141887426,0.9998229742050171,,,,,False,False,False,False
B4,A,129,7,0.0596543587744236,4.099609375,0.021485982462763786,0.9982181787490845,,,,,False,False,False,False
B4,A,129,8,0.09413803368806839,3.3779296875,0.053291965276002884,0.9955685138702393,,,,,False,False,False,False
B4,A,129,9,0.10495356470346451,4.94140625,0.05875920504331589,0.9944904446601868,,,,,False,False,False,False
B4,A,129,10,0.1175067350268364,3.23583984375,0.08046074956655502,0.9930962920188904,,,,,False,False,False,False
B4,A,129,11,0.10708869993686676,3.62890625,0.06627895683050156,0.9942629337310791,,,,,False,False,False,False
B4,A,129,12,0.11301689594984055,3.818359375,0.07575297355651855,0.9936158061027527,,,,,False,False,False,False
B4,A,129,13,0.12116602808237076,3.44580078125,0.09282787144184113,0.9926667213439941,,,,,False,False,False,False
B4,A,129,14,0.13089190423488617,5.197265625,0.10800307989120483,0.9914405941963196,,,,,False,False,False,False
B4,A,129,15,0.12329430878162384,3.380859375,0.0918484777212143,0.9923940300941467,,,,,False,False,False,False
B4,A,129,16,0.1024952083826065,3.390625,0.06504802405834198,0.9947487115859985,,,,,False,False,False,False
B4,A,129,17,0.11215651035308838,3.19140625,0.07116880267858505,0.9937075972557068,,,,,False,False,False,False
B4,A,129,18,0.11566687375307083,3.13671875,0.07907899469137192,0.9933139085769653,,,,,False,False,False,False
B4,A,129,19,0.12604951858520508,3.103515625,0.09181865304708481,0.9920507669448853,,,,,False,False,False,False
B4,A,129,20,0.10926704853773117,3.2041015625,0.07454008609056473,0.9940254092216492,,,,,False,False,False,False
B4,A,129,21,0.13841751217842102,4.205078125,0.10718221962451935,0.9904194474220276,,,,,False,False,False,False
B4,A,129,22,0.11932121217250824,4.00390625,0.08327534049749374,0.9928849935531616,,,,,False,False,False,False
B4,A,129,23,0.125766783952713,3.9814453125,0.08587638288736343,0.9920903444290161,,,,,False,False,False,False
B4,A,129,24,0.10926064848899841,3.794921875,0.06751272082328796,0.9940369129180908,,,,,False,False,False,False
B4,A,129,25,0.12456533312797546,4.740234375,0.08403955399990082,0.9922468066215515,,,,,False,False,False,False
B4,A,129,26,0.11244211345911026,3.859375,0.08403821289539337,0.9936803579330444,,,,,False,False,False,False
B4,A,129,27,0.1229778528213501,3.6845703125,0.08819401264190674,0.9924424290657043,,,,,False,False,False,False
B4,A,129,28,0.11063903570175171,5.01953125,0.0711827278137207,0.9938831925392151,,,,,False,False,False,False
B4,A,129,29,0.13946251571178436,5.59765625,0.11870747804641724,0.990277111530304,,,,,False,False,False,False
B4,A,129,30,0.11625455319881439,3.974609375,0.08217944949865341,0.99324631690979,,,,,False,False,False,False
B4,A,129,31,0.12922242283821106,4.70703125,0.09051317721605301,0.9916524887084961,,,,,False,False,False,False
B4,A,255,0,0.0017521751578897238,1.4814453125,6.688685243716463e-05,1.0000051259994507,,,,,False,False,False,False
B4,A,255,1,0.07038649916648865,5.94140625,0.020742500200867653,0.9975179433822632,,,,,False,False,False,False
B4,A,255,2,0.07509606331586838,4.40234375,0.025605397298932076,0.9971816539764404,,,,,False,False,False,False
B4,A,255,3,0.07207786291837692,4.19921875,0.027052702382206917,0.9974021911621094,,,,,False,False,False,False
B4,A,255,4,0.04372147470712662,3.443359375,0.01366095058619976,0.9990500211715698,,,,,False,False,False,False
B4,A,255,5,0.0400751531124115,3.64013671875,0.011222776025533676,0.9992035627365112,,,,,False,False,False,False
B4,A,255,6,0.02268070913851261,4.677734375,0.005123606417328119,0.9997470378875732,,,,,False,False,False,False
B4,A,255,7,0.06190997734665871,4.099609375,0.024130797013640404,0.9980878829956055,,,,,False,False,False,False
B4,A,255,8,0.09553474932909012,3.3779296875,0.05647207796573639,0.9954425692558289,,,,,False,False,False,False
B4,A,255,9,0.11145259439945221,4.94140625,0.06830846518278122,0.9937934279441833,,,,,False,False,False,False
B4,A,255,10,0.12002132087945938,3.23583984375,0.08767935633659363,0.9928030967712402,,,,,False,False,False,False
B4,A,255,11,0.11533144861459732,3.62890625,0.07788396626710892,0.9933505058288574,,,,,False,False,False,False
B4,A,255,12,0.12330900877714157,3.818359375,0.09148316830396652,0.9924030900001526,,,,,False,False,False,False
B4,A,255,13,0.131107896566391,3.44580078125,0.1122140884399414,0.9914148449897766,,,,,False,False,False,False
B4,A,255,14,0.14251947402954102,5.197265625,0.13081523776054382,0.9898505210876465,,,,,False,False,False,False
B4,A,255,15,0.12620405852794647,3.380859375,0.10158602148294449,0.9920352697372437,,,,,False,False,False,False
B4,A,255,16,0.11197961866855621,3.390625,0.08055103570222855,0.99373859167099,,,,,False,False,False,False
B4,A,255,17,0.12312887609004974,3.19140625,0.08676319569349289,0.9924246072769165,,,,,False,False,False,False
B4,A,255,18,0.12459036707878113,3.13671875,0.09449384361505508,0.9922473430633545,,,,,False,False,False,False
B4,A,255,19,0.13060124218463898,3.146484375,0.10167385637760162,0.9914732575416565,,,,,False,False,False,False
B4,A,255,20,0.11099638044834137,3.2041015625,0.07948984205722809,0.9938398599624634,,,,,False,False,False,False
B4,A,255,21,0.14807602763175964,4.205078125,0.12495093792676926,0.989038348197937,,,,,False,False,False,False
B4,A,255,22,0.12100691348314285,4.00390625,0.08898402750492096,0.9926838278770447,,,,,False,False,False,False
B4,A,255,23,0.1369781494140625,3.9814453125,0.10392998158931732,0.9906274080276489,,,,,False,False,False,False
B4,A,255,24,0.1183277890086174,3.794921875,0.08186715096235275,0.9930087327957153,,,,,False,False,False,False
B4,A,255,25,0.12971927225589752,4.740234375,0.0935470387339592,0.9915933012962341,,,,,False,False,False,False
B4,A,255,26,0.11444681882858276,3.859375,0.09087849408388138,0.9934597015380859,,,,,False,False,False,False
B4,A,255,27,0.13665415346622467,3.6845703125,0.1103636771440506,0.9906718134880066,,,,,False,False,False,False
B4,A,255,28,0.11724391579627991,5.01953125,0.08301670849323273,0.9931305646896362,,,,,False,False,False,False
B4,A,255,29,0.1472472846508026,5.59765625,0.13749012351036072,0.9891697764396667,,,,,False,False,False,False
B4,A,255,30,0.13031327724456787,3.974609375,0.10275760293006897,0.9915147423744202,,,,,False,False,False,False
B4,A,255,31,0.13506928086280823,4.70703125,0.10082875192165375,0.9908818006515503,,,,,False,False,False,False
B4,A,256,0,0.0017511526821181178,1.4814453125,6.705647683702409e-05,1.0000051259994507,,,,,False,False,False,False
B4,A,256,1,0.07034113258123398,5.94140625,0.02071603573858738,0.9975211024284363,,,,,False,False,False,False
B4,A,256,2,0.07504173368215561,4.40234375,0.02557470090687275,0.9971859455108643,,,,,False,False,False,False
B4,A,256,3,0.07202843576669693,4.19921875,0.02702105976641178,0.9974055886268616,,,,,False,False,False,False
B4,A,256,4,0.04368952661752701,3.443359375,0.013647180050611496,0.9990513324737549,,,,,False,False,False,False
B4,A,256,5,0.04004718363285065,3.64013671875,0.011213411577045918,0.9992043375968933,,,,,False,False,False,False
B4,A,256,6,0.0226652342826128,4.677734375,0.005123232025653124,0.9997472167015076,,,,,False,False,False,False
B4,A,256,7,0.0618668757379055,4.099609375,0.024106105789542198,0.9980903267860413,,,,,False,False,False,False
B4,A,256,8,0.09545532613992691,3.3779296875,0.05640554428100586,0.9954501390457153,,,,,False,False,False,False
B4,A,256,9,0.11135002970695496,4.94140625,0.06823176890611649,0.9938048720359802,,,,,False,False,False,False
B4,A,256,10,0.11991769075393677,3.23583984375,0.08758115768432617,0.9928154349327087,,,,,False,False,False,False
B4,A,256,11,0.11523178964853287,3.62890625,0.07780206948518753,0.9933619499206543,,,,,False,False,False,False
B4,A,256,12,0.12320572882890701,3.818359375,0.09138620644807816,0.9924158453941345,,,,,False,False,False,False
B4,A,256,13,0.13100428879261017,3.44580078125,0.11210527271032333,0.9914283752441406,,,,,False,False,False,False
B4,A,256,14,0.1424136757850647,5.197265625,0.13067270815372467,0.9898657202720642,,,,,False,False,False,False
B4,A,256,15,0.12610486149787903,3.380859375,0.10148176550865173,0.992047905921936,,,,,False,False,False,False
B4,A,256,16,0.1118905246257782,3.390625,0.08047037571668625,0.9937484860420227,,,,,False,False,False,False
B4,A,256,17,0.12304581701755524,3.19140625,0.08667144924402237,0.9924349188804626,,,,,False,False,False,False
B4,A,256,18,0.12450320273637772,3.13671875,0.09439069777727127,0.9922583699226379,,,,,False,False,False,False
B4,A,256,19,0.13049837946891785,3.146484375,0.10156051069498062,0.9914865493774414,,,,,False,False,False,False
B4,A,256,20,0.11091267317533493,3.2041015625,0.07940509170293808,0.9938492774963379,,,,,False,False,False,False
B4,A,256,21,0.14796337485313416,4.205078125,0.12480799108743668,0.9890549778938293,,,,,False,False,False,False
B4,A,256,22,0.12091508507728577,4.00390625,0.08888935297727585,0.992695152759552,,,,,False,False,False,False
B4,A,256,23,0.13687105476856232,3.9814453125,0.10381528735160828,0.9906421899795532,,,,,False,False,False,False
B4,A,256,24,0.11823730170726776,3.794921875,0.08177982270717621,0.9930192232131958,,,,,False,False,False,False
B4,A,256,25,0.12962022423744202,4.740234375,0.09344363957643509,0.9916062355041504,,,,,False,False,False,False
B4,A,256,26,0.11436047405004501,3.859375,0.09078425168991089,0.9934694766998291,,,,,False,False,False,False
B4,A,256,27,0.1365545094013214,3.6845703125,0.11024553328752518,0.9906855821609497,,,,,False,False,False,False
B4,A,256,28,0.11716441810131073,5.01953125,0.08293066173791885,0.9931398034095764,,,,,False,False,False,False
B4,A,256,29,0.1471409797668457,5.59765625,0.13733422756195068,0.9891855716705322,,,,,False,False,False,False
B4,A,256,30,0.13021905720233917,3.974609375,0.10265351086854935,0.9915270805358887,,,,,False,False,False,False
B4,A,256,31,0.13497480750083923,4.70703125,0.10071883350610733,0.9908947944641113,,,,,False,False,False,False
B4,A,257,0,0.001749985502101481,1.4814453125,6.715036579407752e-05,1.000004529953003,,,,,False,False,False,False
B4,A,257,1,0.07029127329587936,5.94140625,0.020689692348241806,0.9975242614746094,,,,,False,False,False,False
B4,A,257,2,0.07499366253614426,4.40234375,0.02554686926305294,0.9971896409988403,,,,,False,False,False,False
B4,A,257,3,0.07197859138250351,4.19921875,0.02699117735028267,0.9974090456962585,,,,,False,False,False,False
B4,A,257,4,0.043657951056957245,3.443359375,0.013633633963763714,0.9990527629852295,,,,,False,False,False,False
B4,A,257,5,0.040020059794187546,3.64013671875,0.01120371837168932,0.9992052316665649,,,,,False,False,False,False
B4,A,257,6,0.022649401798844337,4.677734375,0.005124482326209545,0.999747633934021,,,,,False,False,False,False
B4,A,257,7,0.06182204559445381,4.099609375,0.024082977324724197,0.9980929493904114,,,,,False,False,False,False
B4,A,257,8,0.0953734964132309,3.3779296875,0.056341152638196945,0.9954579472541809,,,,,False,False,False,False
B4,A,257,9,0.11124646663665771,4.94140625,0.06815481930971146,0.9938166737556458,,,,,False,False,False,False
B4,A,257,10,0.11981511116027832,3.23583984375,0.08748002350330353,0.9928277730941772,,,,,False,False,False,False
B4,A,257,11,0.11513301730155945,3.62890625,0.07771723717451096,0.9933732748031616,,,,,False,False,False,False
B4,A,257,12,0.12310756742954254,3.818359375,0.09128370881080627,0.9924280643463135,,,,,False,False,False,False
B4,A,257,13,0.13090410828590393,3.44580078125,0.11198879033327103,0.9914413690567017,,,,,False,False,False,False
B4,A,257,14,0.1423099786043167,5.197265625,0.13052807748317719,0.9898806214332581,,,,,False,False,False,False
B4,A,257,15,0.12601014971733093,3.380859375,0.1013839989900589,0.9920600652694702,,,,,False,False,False,False
B4,A,257,16,0.11181005090475082,3.390625,0.08039362728595734,0.9937573075294495,,,,,False,False,False,False
B4,A,257,17,0.12296494096517563,3.19140625,0.0865800753235817,0.992445170879364,,,,,False,False,False,False
B4,A,257,18,0.1244191899895668,3.13671875,0.09428951144218445,0.9922686219215393,,,,,False,False,False,False
B4,A,257,19,0.13039855659008026,3.146484375,0.10144879668951035,0.9914994239807129,,,,,False,False,False,False
B4,A,257,20,0.11082901805639267,3.2041015625,0.07932306081056595,0.9938585758209229,,,,,False,False,False,False
B4,A,257,21,0.1478583812713623,4.205078125,0.12466783076524734,0.9890705347061157,,,,,False,False,False,False
B4,A,257,22,0.1208280399441719,4.00390625,0.08879576623439789,0.9927055835723877,,,,,False,False,False,False
B4,A,257,23,0.13676786422729492,3.9814453125,0.1037016436457634,0.9906562566757202,,,,,False,False,False,False
B4,A,257,24,0.11814485490322113,3.794921875,0.08169463276863098,0.9930300116539001,,,,,False,False,False,False
B4,A,257,25,0.1295221447944641,4.740234375,0.0933426171541214,0.9916189312934875,,,,,False,False,False,False
B4,A,257,26,0.11426941305398941,3.859375,0.09068875014781952,0.9934796690940857,,,,,False,False,False,False
B4,A,257,27,0.13644173741340637,3.6845703125,0.11012604087591171,0.9907010197639465,,,,,False,False,False,False
B4,A,257,28,0.11707432568073273,5.01953125,0.08284585177898407,0.9931506514549255,,,,,False,False,False,False
B4,A,257,29,0.14702478051185608,5.59765625,0.13717730343341827,0.9892024397850037,,,,,False,False,False,False
B4,A,257,30,0.13011294603347778,3.974609375,0.10254232585430145,0.9915408492088318,,,,,False,False,False,False
B4,A,257,31,0.134871244430542,4.70703125,0.10060644149780273,0.9909089803695679,,,,,False,False,False,False
B4,B,0,0,0.0,0.0,0.0,0.9999987483024597,,,,,False,False,False,False
B4,B,0,1,0.02826221100986004,4.4501953125,0.0033442419953644276,0.9995927810668945,,,,,False,False,False,False
B4,B,0,2,0.031945113092660904,3.67706298828125,0.005748105701059103,0.99948650598526,,,,,False,False,False,False
B4,B,0,3,0.06542341411113739,4.54296875,0.019045792520046234,0.9978564977645874,,,,,False,False,False,False
B4,B,0,4,0.043883733451366425,4.96484375,0.009658010676503181,0.9990382790565491,,,,,False,False,False,False
B4,B,0,5,0.046234987676143646,3.39453125,0.011544587090611458,0.9989264011383057,,,,,False,False,False,False
B4,B,0,6,0.016340024769306183,4.1015625,0.0021588962990790606,0.9998659491539001,,,,,False,False,False,False
B4,B,0,7,0.0631752535700798,4.0986328125,0.023051494732499123,0.998002290725708,,,,,False,False,False,False
B4,B,0,8,0.06019018217921257,3.2548828125,0.020008742809295654,0.9981859922409058,,,,,False,False,False,False
B4,B,0,9,0.09392629563808441,5.0625,0.04597065597772598,0.9955858588218689,,,,,False,False,False,False
B4,B,0,10,0.06789123266935349,3.7451171875,0.025928335264325142,0.9976912140846252,,,,,False,False,False,False
B4,B,0,11,0.10868281871080399,3.2978515625,0.061274006962776184,0.9940922260284424,,,,,False,False,False,False
B4,B,0,12,0.08682156354188919,3.3671875,0.045812271535396576,0.9962265491485596,,,,,False,False,False,False
B4,B,0,13,0.08975677937269211,3.682861328125,0.049930866807699203,0.995970606803894,,,,,False,False,False,False
B4,B,0,14,0.11079378426074982,5.072265625,0.07357942312955856,0.9938604831695557,,,,,False,False,False,False
B4,B,0,15,0.09835834801197052,3.0888671875,0.05653169006109238,0.9951584935188293,,,,,False,False,False,False
B4,B,0,16,0.10247867554426193,3.2353515625,0.06458089500665665,0.994748592376709,,,,,False,False,False,False
B4,B,0,17,0.1056373119354248,3.9287109375,0.061144739389419556,0.9944154620170593,,,,,False,False,False,False
B4,B,0,18,0.10488386452198029,3.39599609375,0.05861946940422058,0.9944934248924255,,,,,False,False,False,False
B4,B,0,19,0.10825517028570175,2.962890625,0.06578397005796432,0.994141697883606,,,,,False,False,False,False
B4,B,0,20,0.11291356384754181,3.1240234375,0.07380335032939911,0.9936203360557556,,,,,False,False,False,False
B4,B,0,21,0.11066465079784393,4.3359375,0.06548590213060379,0.9938765168190002,,,,,False,False,False,False
B4,B,0,22,0.09571583569049835,3.6650390625,0.04953717812895775,0.9954160451889038,,,,,False,False,False,False
B4,B,0,23,0.1312515139579773,4.3740234375,0.08888539671897888,0.9913862943649292,,,,,False,False,False,False
B4,B,0,24,0.1067419946193695,3.4921875,0.06300485134124756,0.9943054914474487,,,,,False,False,False,False
B4,B,0,25,0.11157502979040146,4.60546875,0.061216071248054504,0.9937708973884583,,,,,False,False,False,False
B4,B,0,26,0.0859261006116867,3.5458984375,0.051373809576034546,0.9963105916976929,,,,,False,False,False,False
B4,B,0,27,0.08946017175912857,3.8857421875,0.046387817710638046,0.9959972500801086,,,,,False,False,False,False
B4,B,0,28,0.13891321420669556,5.7890625,0.1060791015625,0.9903601408004761,,,,,False,False,False,False
B4,B,0,29,0.10085855424404144,6.203125,0.06573668122291565,0.9949119091033936,,,,,False,False,False,False
B4,B,0,30,0.11582373082637787,4.7490234375,0.07134829461574554,0.9932883977890015,,,,,False,False,False,False
B4,B,0,31,0.10605578124523163,4.974609375,0.05749758705496788,0.9943730235099792,,,,,False,False,False,False
B4,B,1,0,1.3772383681498468e-05,0.00390625,3.159380241868348e-07,0.9999983906745911,,,,,False,False,False,False
B4,B,1,1,0.028232507407665253,4.4501953125,0.003338392823934555,0.9995933771133423,,,,,False,False,False,False
B4,B,1,2,0.03191168233752251,3.67706298828125,0.0057386597618460655,0.999487578868866,,,,,False,False,False,False
B4,B,1,3,0.0653579831123352,4.54296875,0.019011495634913445,0.9978606700897217,,,,,False,False,False,False
B4,B,1,4,0.043841104954481125,4.96484375,0.009642628952860832,0.9990403056144714,,,,,False,False,False,False
B4,B,1,5,0.046189263463020325,3.39453125,0.01152772642672062,0.9989285469055176,,,,,False,False,False,False
B4,B,1,6,0.016323832795023918,4.1015625,0.0021692223381251097,0.9998661279678345,,,,,False,False,False,False
B4,B,1,7,0.06311433017253876,4.0986328125,0.023023532703518867,0.9980059862136841,,,,,False,False,False,False
B4,B,1,8,0.06013514846563339,3.2548828125,0.019991865381598473,0.9981896877288818,,,,,False,False,False,False
B4,B,1,9,0.09382876008749008,5.0625,0.0459090955555439,0.9955954551696777,,,,,False,False,False,False
B4,B,1,10,0.06782707571983337,3.7451171875,0.02590889111161232,0.997695803642273,,,,,False,False,False,False
B4,B,1,11,0.10857092589139938,3.2978515625,0.061197515577077866,0.9941044449806213,,,,,False,False,False,False
B4,B,1,12,0.0867476686835289,3.3671875,0.045769888907670975,0.9962328672409058,,,,,False,False,False,False
B4,B,1,13,0.08965788781642914,3.682861328125,0.04987972974777222,0.9959794878959656,,,,,False,False,False,False
B4,B,1,14,0.11066035181283951,5.072265625,0.07347755134105682,0.9938753843307495,,,,,False,False,False,False
B4,B,1,15,0.09824936091899872,3.0888671875,0.056466177105903625,0.9951693415641785,,,,,False,False,False,False
B4,B,1,16,0.10236518085002899,3.2353515625,0.06449686735868454,0.9947599768638611,,,,,False,False,False,False
B4,B,1,17,0.10552254319190979,3.9287109375,0.06106613948941231,0.9944277405738831,,,,,False,False,False,False
B4,B,1,18,0.10476662218570709,3.39599609375,0.05854456499218941,0.9945058226585388,,,,,False,False,False,False
B4,B,1,19,0.10813645273447037,2.962890625,0.06568928807973862,0.9941545128822327,,,,,False,False,False,False
B4,B,1,20,0.11279306560754776,3.1240234375,0.07369370013475418,0.9936341047286987,,,,,False,False,False,False
B4,B,1,21,0.11054430156946182,4.3359375,0.0653965100646019,0.9938898086547852,,,,,False,False,False,False
B4,B,1,22,0.09560465812683105,3.6650390625,0.0494748093187809,0.9954265356063843,,,,,False,False,False,False
B4,B,1,23,0.13109996914863586,4.3740234375,0.08874743431806564,0.9914063811302185,,,,,False,False,False,False
B4,B,1,24,0.10662512481212616,3.4921875,0.0629163458943367,0.994317889213562,,,,,False,False,False,False
B4,B,1,25,0.1114518940448761,4.60546875,0.06113138794898987,0.9937846064567566,,,,,False,False,False,False
B4,B,1,26,0.08583394438028336,3.5458984375,0.05130878463387489,0.996318519115448,,,,,False,False,False,False
B4,B,1,27,0.08936137706041336,3.8857421875,0.046333953738212585,0.9960060119628906,,,,,False,False,False,False
B4,B,1,28,0.1387529969215393,5.7890625,0.10591369867324829,0.9903823733329773,,,,,False,False,False,False
B4,B,1,29,0.10075383633375168,6.203125,0.0656595528125763,0.9949225783348083,,,,,False,False,False,False
B4,B,1,30,0.11569550633430481,4.7490234375,0.0712592676281929,0.9933038353919983,,,,,False,False,False,False
B4,B,1,31,0.10595656931400299,4.974609375,0.05744156241416931,0.9943833351135254,,,,,False,False,False,False
B4,B,2,0,2.0404735550982878e-05,0.0078125,6.120855005065096e-07,0.9999982714653015,,,,,False,False,False,False
B4,B,2,1,0.028205621987581253,4.4501953125,0.003332813736051321,0.9995942115783691,,,,,False,False,False,False
B4,B,2,2,0.0318787507712841,3.67706298828125,0.005729130934923887,0.9994887709617615,,,,,False,False,False,False
B4,B,2,3,0.06528874486684799,4.54296875,0.01897749863564968,0.9978653192520142,,,,,False,False,False,False
B4,B,2,4,0.043797336518764496,4.96484375,0.009627015329897404,0.9990425109863281,,,,,False,False,False,False
B4,B,2,5,0.04614191874861717,3.39453125,0.011516280472278595,0.9989303350448608,,,,,False,False,False,False
B4,B,2,6,0.016306156292557716,4.1015625,0.0021781481336802244,0.9998664855957031,,,,,False,False,False,False
B4,B,2,7,0.06304323673248291,4.0986328125,0.02299286052584648,0.9980106949806213,,,,,False,False,False,False
B4,B,2,8,0.06006655842065811,3.2548828125,0.01996830478310585,0.9981945157051086,,,,,False,False,False,False
B4,B,2,9,0.09372526407241821,5.0625,0.04583488032221794,0.9956052303314209,,,,,False,False,False,False
B4,B,2,10,0.06775679439306259,3.7451171875,0.025877313688397408,0.9977003931999207,,,,,False,False,False,False
B4,B,2,11,0.10845494270324707,3.2978515625,0.06111167371273041,0.9941169619560242,,,,,False,False,False,False
B4,B,2,12,0.0866517722606659,3.3671875,0.04570512846112251,0.9962411522865295,,,,,False,False,False,False
B4,B,2,13,0.08955782651901245,3.682861328125,0.04981040582060814,0.9959883093833923,,,,,False,False,False,False
B4,B,2,14,0.11053311079740524,5.072265625,0.07336080819368362,0.9938892722129822,,,,,False,False,False,False
B4,B,2,15,0.09814031422138214,3.0888671875,0.056389033794403076,0.9951801896095276,,,,,False,False,False,False
B4,B,2,16,0.1022428572177887,3.2353515625,0.0643996074795723,0.9947728514671326,,,,,False,False,False,False
B4,B,2,17,0.10540202260017395,3.9287109375,0.060975488275289536,0.9944405555725098,,,,,False,False,False,False
B4,B,2,18,0.10464578121900558,3.39599609375,0.05845862999558449,0.9945183396339417,,,,,False,False,False,False
B4,B,2,19,0.10800880193710327,2.962890625,0.06558752804994583,0.9941685199737549,,,,,False,False,False,False
B4,B,2,20,0.11266231536865234,3.1240234375,0.0735793188214302,0.9936487674713135,,,,,False,False,False,False
B4,B,2,21,0.1104089543223381,4.3359375,0.06530136615037918,0.9939050078392029,,,,,False,False,False,False
B4,B,2,22,0.09548606723546982,3.6650390625,0.04940897598862648,0.9954379200935364,,,,,False,False,False,False
B4,B,2,23,0.13093049824237823,4.3740234375,0.08860763162374496,0.991428554058075,,,,,False,False,False,False
B4,B,2,24,0.10649438947439194,3.4921875,0.06282353401184082,0.9943317770957947,,,,,False,False,False,False
B4,B,2,25,0.11131826043128967,4.60546875,0.06104157492518425,0.9937993884086609,,,,,False,False,False,False
B4,B,2,26,0.08574283868074417,3.5458984375,0.05123758316040039,0.9963263273239136,,,,,False,False,False,False
B4,B,2,27,0.08926444500684738,3.8857421875,0.04627186805009842,0.9960148334503174,,,,,False,False,False,False
B4,B,2,28,0.1386035680770874,5.7890625,0.1057351753115654,0.9904031753540039,,,,,False,False,False,False
B4,B,2,29,0.1006423681974411,6.203125,0.0655699372291565,0.9949341416358948,,,,,False,False,False,False
B4,B,2,30,0.11556544899940491,4.7490234375,0.07115143537521362,0.9933187365531921,,,,,False,False,False,False
B4,B,2,31,0.10584957897663116,4.974609375,0.05735885724425316,0.9943946003913879,,,,,False,False,False,False
B4,B,16,0,5.379385038395412e-05,0.0078125,4.540500867733499e-06,0.9999960660934448,,,,,False,False,False,False
B4,B,16,1,0.036006707698106766,4.4501953125,0.005575959105044603,0.9993466734886169,,,,,False,False,False,False
B4,B,16,2,0.053392499685287476,3.67706298828125,0.012836378999054432,0.9985710978507996,,,,,False,False,False,False
B4,B,16,3,0.07813406735658646,4.54296875,0.027492646127939224,0.9969449043273926,,,,,False,False,False,False
B4,B,16,4,0.0594518706202507,4.96484375,0.017081495374441147,0.998232364654541,,,,,False,False,False,False
B4,B,16,5,0.05843247473239899,3.39453125,0.017878498882055283,0.9982833862304688,,,,,False,False,False,False
B4,B,16,6,0.027970604598522186,4.220703125,0.004713721573352814,0.9996083974838257,,,,,False,False,False,False
B4,B,16,7,0.07835318893194199,4.0986328125,0.0346362330019474,0.9969297647476196,,,,,False,False,False,False
B4,B,16,8,0.06844132393598557,3.2548828125,0.025773581117391586,0.9976562261581421,,,,,False,False,False,False
B4,B,16,9,0.12005417048931122,5.0625,0.07364501804113388,0.9927888512611389,,,,,False,False,False,False
B4,B,16,10,0.09922202676534653,3.7451171875,0.053588926792144775,0.9950730800628662,,,,,False,False,False,False
B4,B,16,11,0.13303282856941223,3.3955078125,0.0906536802649498,0.9911485314369202,,,,,False,False,False,False
B4,B,16,12,0.1123698502779007,3.3671875,0.07480108737945557,0.9936801195144653,,,,,False,False,False,False
B4,B,16,13,0.11400596797466278,3.682861328125,0.07910420000553131,0.9935017824172974,,,,,False,False,False,False
B4,B,16,14,0.14215990900993347,5.072265625,0.11840202659368515,0.9898900985717773,,,,,False,False,False,False
B4,B,16,15,0.127391517162323,3.0888671875,0.09163247048854828,0.9918810725212097,,,,,False,False,False,False
B4,B,16,16,0.138183131814003,3.2353515625,0.11375131458044052,0.9904521703720093,,,,,False,False,False,False
B4,B,16,17,0.13216477632522583,3.9287109375,0.0941430851817131,0.9912610054016113,,,,,False,False,False,False
B4,B,16,18,0.13826119899749756,3.39599609375,0.0994955375790596,0.9904351234436035,,,,,False,False,False,False
B4,B,16,19,0.1450866311788559,2.962890625,0.11413805186748505,0.9894742369651794,,,,,False,False,False,False
B4,B,16,20,0.13590049743652344,3.1240234375,0.10553571581840515,0.9907614588737488,,,,,False,False,False,False
B4,B,16,21,0.14908117055892944,4.3359375,0.11478451639413834,0.9888889193534851,,,,,False,False,False,False
B4,B,16,22,0.12698635458946228,3.6650390625,0.08591867983341217,0.9919316172599792,,,,,False,False,False,False
B4,B,16,23,0.16461195051670074,4.3740234375,0.1375640332698822,0.9864507913589478,,,,,False,False,False,False
B4,B,16,24,0.14403584599494934,3.4921875,0.11086007952690125,0.9896307587623596,,,,,False,False,False,False
B4,B,16,25,0.15179502964019775,4.60546875,0.11205604672431946,0.9884716868400574,,,,,False,False,False,False
B4,B,16,26,0.11530878394842148,3.5458984375,0.08482915163040161,0.9933570623397827,,,,,False,False,False,False
B4,B,16,27,0.13401080667972565,3.8857421875,0.09760996699333191,0.9910175204277039,,,,,False,False,False,False
B4,B,16,28,0.17169325053691864,5.7890625,0.15754500031471252,0.9852672815322876,,,,,False,False,False,False
B4,B,16,29,0.13210327923297882,6.203125,0.10635865479707718,0.9912781119346619,,,,,False,False,False,False
B4,B,16,30,0.14686329662799835,4.7490234375,0.11131425201892853,0.9892089366912842,,,,,False,False,False,False
B4,B,16,31,0.14476042985916138,4.974609375,0.10057719051837921,0.9895216822624207,,,,,False,False,False,False
B4,B,127,0,0.00013762414164375514,0.0078125,2.9524540877901018e-05,0.9999943375587463,,,,,False,False,False,False
B4,B,127,1,0.03279929980635643,4.4501953125,0.004679142031818628,0.9994601011276245,,,,,False,False,False,False
B4,B,127,2,0.0491105392575264,3.67706298828125,0.010773827321827412,0.9987914562225342,,,,,False,False,False,False
B4,B,127,3,0.07224155962467194,4.54296875,0.022906221449375153,0.9973897933959961,,,,,False,False,False,False
B4,B,127,4,0.055302590131759644,4.96484375,0.014382139779627323,0.9984761476516724,,,,,False,False,False,False
B4,B,127,5,0.0542311929166317,3.39453125,0.01533504854887724,0.9985275864601135,,,,,False,False,False,False
B4,B,127,6,0.026065174490213394,4.220703125,0.0047319610603153706,0.9996595978736877,,,,,False,False,False,False
B4,B,127,7,0.07261141389608383,4.0986328125,0.02950919046998024,0.9973660707473755,,,,,False,False,False,False
B4,B,127,8,0.06374530494213104,3.2548828125,0.02244022861123085,0.997972846031189,,,,,False,False,False,False
B4,B,127,9,0.1113479733467102,5.0625,0.062305402010679245,0.9938008785247803,,,,,False,False,False,False
B4,B,127,10,0.09192321449518204,3.7451171875,0.04626990482211113,0.9957726001739502,,,,,False,False,False,False
B4,B,127,11,0.12346918880939484,3.3955078125,0.07770302891731262,0.9923787117004395,,,,,False,False,False,False
B4,B,127,12,0.10399249196052551,3.3671875,0.06498684734106064,0.9945908188819885,,,,,False,False,False,False
B4,B,127,13,0.10666131228208542,3.682861328125,0.06920889019966125,0.9943130612373352,,,,,False,False,False,False
B4,B,127,14,0.1324067860841751,5.072265625,0.10232187062501907,0.991232693195343,,,,,False,False,False,False
B4,B,127,15,0.11814669519662857,3.0888671875,0.08051522821187973,0.9930219054222107,,,,,False,False,False,False
B4,B,127,16,0.1280573010444641,3.2353515625,0.0982506051659584,0.9918057918548584,,,,,False,False,False,False
B4,B,127,17,0.12309516221284866,3.9287109375,0.08185741305351257,0.9924252033233643,,,,,False,False,False,False
B4,B,127,18,0.12857353687286377,3.39599609375,0.0863601341843605,0.9917325973510742,,,,,False,False,False,False
B4,B,127,19,0.13507890701293945,2.962890625,0.09803503751754761,0.9908763766288757,,,,,False,False,False,False
B4,B,127,20,0.12695053219795227,3.1240234375,0.09091749042272568,0.9919421076774597,,,,,False,False,False,False
B4,B,127,21,0.13887393474578857,4.3359375,0.09883608669042587,0.990364134311676,,,,,False,False,False,False
B4,B,127,22,0.11845766752958298,3.6650390625,0.07487468421459198,0.9929822683334351,,,,,False,False,False,False
B4,B,127,23,0.15365801751613617,4.3740234375,0.11751779913902283,0.9881977438926697,,,,,False,False,False,False
B4,B,127,24,0.13469786942005157,3.4921875,0.09523365646600723,0.9909349083900452,,,,,False,False,False,False
B4,B,127,25,0.1411411613225937,4.60546875,0.09630782902240753,0.9900403022766113,,,,,False,False,False,False
B4,B,127,26,0.10824138671159744,3.5458984375,0.07399904727935791,0.9941484332084656,,,,,False,False,False,False
B4,B,127,27,0.12539760768413544,3.8857421875,0.08466929197311401,0.9921374917030334,,,,,False,False,False,False
B4,B,127,28,0.1605704128742218,5.7890625,0.13404223322868347,0.9871201515197754,,,,,False,False,False,False
B4,B,127,29,0.12286346405744553,6.203125,0.09213552623987198,0.9924589395523071,,,,,False,False,False,False
B4,B,127,30,0.13755705952644348,4.7490234375,0.09565256536006927,0.9905363917350769,,,,,False,False,False,False
B4,B,127,31,0.1349363774061203,4.974609375,0.08629661798477173,0.990901529788971,,,,,False,False,False,False
B4,B,128,0,0.00013809307711198926,0.0078125,2.973977279907558e-05,0.9999943971633911,,,,,False,False,False,False
B4,B,128,1,0.032771721482276917,4.4501953125,0.0046725100837647915,0.999460756778717,,,,,False,False,False,False
B4,B,128,2,0.04907649755477905,3.67706298828125,0.010758237913250923,0.9987930059432983,,,,,False,False,False,False
B4,B,128,3,0.07220306247472763,4.54296875,0.02287166938185692,0.997392475605011,,,,,False,False,False,False
B4,B,128,4,0.055276524275541306,4.96484375,0.014361774548888206,0.9984776377677917,,,,,False,False,False,False
B4,B,128,5,0.05420150235295296,3.39453125,0.015315426513552666,0.998529314994812,,,,,False,False,False,False
B4,B,128,6,0.026052502915263176,4.220703125,0.004729392006993294,0.9996599555015564,,,,,False,False,False,False
B4,B,128,7,0.07256807386875153,4.0986328125,0.029467904940247536,0.9973691701889038,,,,,False,False,False,False
B4,B,128,8,0.06371068954467773,3.2548828125,0.022409740835428238,0.9979750514030457,,,,,False,False,False,False
B4,B,128,9,0.11128615587949753,5.0625,0.06221266835927963,0.993807852268219,,,,,False,False,False,False
B4,B,128,10,0.09187459945678711,3.7451171875,0.046205535531044006,0.9957771897315979,,,,,False,False,False,False
B4,B,128,11,0.1233971118927002,3.3955078125,0.0775919109582901,0.9923876523971558,,,,,False,False,False,False
B4,B,128,12,0.10393214225769043,3.3671875,0.06489761918783188,0.9945971369743347,,,,,False,False,False,False
B4,B,128,13,0.10660608112812042,3.682861328125,0.06911485642194748,0.994318962097168,,,,,False,False,False,False
B4,B,128,14,0.13232988119125366,5.072265625,0.10217851400375366,0.9912426471710205,,,,,False,False,False,False
B4,B,128,15,0.11807746440172195,3.0888671875,0.08040793240070343,0.9930306673049927,,,,,False,False,False,False
B4,B,128,16,0.12798595428466797,3.2353515625,0.0981142446398735,0.9918151497840881,,,,,False,False,False,False
B4,B,128,17,0.12302468717098236,3.9287109375,0.08174784481525421,0.9924337267875671,,,,,False,False,False,False
B4,B,128,18,0.12848763167858124,3.39599609375,0.08624405413866043,0.9917436838150024,,,,,False,False,False,False
B4,B,128,19,0.13499455153942108,2.962890625,0.09789911657571793,0.9908876419067383,,,,,False,False,False,False
B4,B,128,20,0.1268744021654129,3.1240234375,0.09079398214817047,0.9919516444206238,,,,,False,False,False,False
B4,B,128,21,0.1387953758239746,4.3359375,0.09870727360248566,0.9903750419616699,,,,,False,False,False,False
B4,B,128,22,0.11838103830814362,3.6650390625,0.0747872143983841,0.9929912686347961,,,,,False,False,False,False
B4,B,128,23,0.15356650948524475,4.3740234375,0.11736317723989487,0.9882118105888367,,,,,False,False,False,False
B4,B,128,24,0.1346181035041809,3.4921875,0.09511305391788483,0.9909456372261047,,,,,False,False,False,False
B4,B,128,25,0.14105673134326935,4.60546875,0.09618400037288666,0.9900522232055664,,,,,False,False,False,False
B4,B,128,26,0.1081913635134697,3.5458984375,0.0739084929227829,0.9941540360450745,,,,,False,False,False,False
B4,B,128,27,0.12533938884735107,3.8857421875,0.08456476032733917,0.9921448230743408,,,,,False,False,False,False
B4,B,128,28,0.16048790514469147,5.7890625,0.1338604837656021,0.9871333241462708,,,,,False,False,False,False
B4,B,128,29,0.12280192226171494,6.203125,0.09202169626951218,0.9924665689468384,,,,,False,False,False,False
B4,B,128,30,0.13748329877853394,4.7490234375,0.0955299511551857,0.9905467629432678,,,,,False,False,False,False
B4,B,128,31,0.13486818969249725,4.974609375,0.08618471771478653,0.9909107685089111,,,,,False,False,False,False
B4,B,129,0,0.00013850984396412969,0.0078125,2.9869539503124543e-05,0.999994158744812,,,,,False,False,False,False
B4,B,129,1,0.03274960070848465,4.4501953125,0.0046658506616950035,0.9994613528251648,,,,,False,False,False,False
B4,B,129,2,0.04904742166399956,3.67706298828125,0.010742958635091782,0.9987946152687073,,,,,False,False,False,False
B4,B,129,3,0.07215955853462219,4.54296875,0.022839820012450218,0.9973957538604736,,,,,False,False,False,False
B4,B,129,4,0.055246952921152115,4.96484375,0.014344269409775734,0.9984793066978455,,,,,False,False,False,False
B4,B,129,5,0.054168786853551865,3.39453125,0.01529656257480383,0.9985309839248657,,,,,False,False,False,False
B4,B,129,6,0.02603936567902565,4.220703125,0.004727207589894533,0.9996604919433594,,,,,False,False,False,False
B4,B,129,7,0.0725235864520073,4.0986328125,0.029427362605929375,0.9973724484443665,,,,,False,False,False,False
B4,B,129,8,0.06367571651935577,3.2548828125,0.022380013018846512,0.997977077960968,,,,,False,False,False,False
B4,B,129,9,0.11122973263263702,5.0625,0.06212160736322403,0.9938139915466309,,,,,False,False,False,False
B4,B,129,10,0.09182115644216537,3.7451171875,0.0461476594209671,0.9957823753356934,,,,,False,False,False,False
B4,B,129,11,0.12331995368003845,3.3955078125,0.07748865336179733,0.9923973679542542,,,,,False,False,False,False
B4,B,129,12,0.10386976599693298,3.3671875,0.06481638550758362,0.9946035146713257,,,,,False,False,False,False
B4,B,129,13,0.10655372589826584,3.682861328125,0.06902892142534256,0.9943246245384216,,,,,False,False,False,False
B4,B,129,14,0.13225585222244263,5.072265625,0.10204010456800461,0.991252601146698,,,,,False,False,False,False
B4,B,129,15,0.1180000826716423,3.0888671875,0.08030518889427185,0.9930398464202881,,,,,False,False,False,False
B4,B,129,16,0.12790857255458832,3.2353515625,0.09797956049442291,0.9918251633644104,,,,,False,False,False,False
B4,B,129,17,0.12295137345790863,3.9287109375,0.08163687586784363,0.992442786693573,,,,,False,False,False,False
B4,B,129,18,0.12840108573436737,3.39599609375,0.0861247256398201,0.9917553067207336,,,,,False,False,False,False
B4,B,129,19,0.13492242991924286,2.962890625,0.09776118397712708,0.9908972978591919,,,,,False,False,False,False
B4,B,129,20,0.1268024444580078,3.1240234375,0.09066719561815262,0.9919610619544983,,,,,False,False,False,False
B4,B,129,21,0.13870932161808014,4.3359375,0.09856870770454407,0.9903870224952698,,,,,False,False,False,False
B4,B,129,22,0.11830794811248779,3.6650390625,0.07468554377555847,0.9930000305175781,,,,,False,False,False,False
B4,B,129,23,0.15346701443195343,4.3740234375,0.11719566583633423,0.9882273077964783,,,,,False,False,False,False
B4,B,129,24,0.1345372498035431,3.4921875,0.09497877210378647,0.9909564256668091,,,,,False,False,False,False
B4,B,129,25,0.14096935093402863,4.60546875,0.0960487499833107,0.9900647401809692,,,,,False,False,False,False
B4,B,129,26,0.10812530666589737,3.5458984375,0.07380793243646622,0.9941611886024475,,,,,False,False,False,False
B4,B,129,27,0.1252734512090683,3.8857421875,0.08444791287183762,0.9921528697013855,,,,,False,False,False,False
B4,B,129,28,0.16039526462554932,5.7890625,0.13366585969924927,0.9871479868888855,,,,,False,False,False,False
B4,B,129,29,0.12272686511278152,6.203125,0.0918957069516182,0.9924758076667786,,,,,False,False,False,False
B4,B,129,30,0.13740850985050201,4.7490234375,0.0953962504863739,0.990557074546814,,,,,False,False,False,False
B4,B,129,31,0.134796604514122,4.974609375,0.08606325089931488,0.9909200668334961,,,,,False,False,False,False
B4,B,255,0,0.001510292524471879,1.30859375,6.362384738167748e-05,0.9999905228614807,,,,,False,False,False,False
B4,B,255,1,0.03738102316856384,4.4501953125,0.006023797206580639,0.9992992877960205,,,,,False,False,False,False
B4,B,255,2,0.05459810420870781,4.23046875,0.012780600227415562,0.9985119700431824,,,,,False,False,False,False
B4,B,255,3,0.0833849310874939,4.54296875,0.030567923560738564,0.996527910232544,,,,,False,False,False,False
B4,B,255,4,0.06026891618967056,4.96484375,0.016513941809535027,0.998192548751831,,,,,False,False,False,False
B4,B,255,5,0.05244418978691101,3.5703125,0.014002240262925625,0.998630702495575,,,,,False,False,False,False
B4,B,255,6,0.03253226354718208,4.220703125,0.006234217435121536,0.9994723200798035,,,,,False,False,False,False
B4,B,255,7,0.07637473940849304,4.0986328125,0.03145140781998634,0.9970915913581848,,,,,False,False,False,False
B4,B,255,8,0.0677274838089943,3.2548828125,0.02435629442334175,0.9977166056632996,,,,,False,False,False,False
B4,B,255,9,0.11814999580383301,5.0625,0.06798308342695236,0.9930251836776733,,,,,False,False,False,False
B4,B,255,10,0.09656780958175659,3.7451171875,0.048831988126039505,0.9953432083129883,,,,,False,False,False,False
B4,B,255,11,0.13209553062915802,3.3955078125,0.0856914296746254,0.9912905097007751,,,,,False,False,False,False
B4,B,255,12,0.10991815477609634,3.3671875,0.07024654746055603,0.9939613938331604,,,,,False,False,False,False
B4,B,255,13,0.11775586009025574,3.682861328125,0.07982085645198822,0.9930724501609802,,,,,False,False,False,False
B4,B,255,14,0.14487339556217194,5.072265625,0.11772885173559189,0.989503026008606,,,,,False,False,False,False
B4,B,255,15,0.12685270607471466,3.0888671875,0.08953964710235596,0.991958498954773,,,,,False,False,False,False
B4,B,255,16,0.14313486218452454,3.2353515625,0.11715219914913177,0.9897599816322327,,,,,False,False,False,False
B4,B,255,17,0.13332614302635193,3.9287109375,0.0928669422864914,0.9911201596260071,,,,,False,False,False,False
B4,B,255,18,0.1417306512594223,3.39599609375,0.10168379545211792,0.989953875541687,,,,,False,False,False,False
B4,B,255,19,0.14513342082500458,2.962890625,0.10865484178066254,0.9894724488258362,,,,,False,False,False,False
B4,B,255,20,0.13947339355945587,3.1240234375,0.10266320407390594,0.9902808666229248,,,,,False,False,False,False
B4,B,255,21,0.15495026111602783,4.3359375,0.11567196249961853,0.9880037903785706,,,,,False,False,False,False
B4,B,255,22,0.13602842390537262,3.6650390625,0.09264490008354187,0.9907483458518982,,,,,False,False,False,False
B4,B,255,23,0.16499096155166626,4.3740234375,0.12896260619163513,0.9863997101783752,,,,,False,False,False,False
B4,B,255,24,0.1471029669046402,3.4921875,0.10818146914243698,0.9891878962516785,,,,,False,False,False,False
B4,B,255,25,0.15771740674972534,4.60546875,0.1137009859085083,0.9875708222389221,,,,,False,False,False,False
B4,B,255,26,0.12397383153438568,3.5458984375,0.08869301527738571,0.992322564125061,,,,,False,False,False,False
B4,B,255,27,0.13731808960437775,3.8857421875,0.09505216777324677,0.9905760288238525,,,,,False,False,False,False
B4,B,255,28,0.18088538944721222,5.7890625,0.15953855216503143,0.9836565256118774,,,,,False,False,False,False
B4,B,255,29,0.13648442924022675,6.203125,0.10810314118862152,0.990696370601654,,,,,False,False,False,False
B4,B,255,30,0.1493355631828308,4.7490234375,0.10494379699230194,0.9888556599617004,,,,,False,False,False,False
B4,B,255,31,0.14830847084522247,4.974609375,0.0989094004034996,0.9890124797821045,,,,,False,False,False,False
B4,B,256,0,0.0015092100948095322,1.30859375,6.373832729877904e-05,0.9999903440475464,,,,,False,False,False,False
B4,B,256,1,0.03735704347491264,4.4501953125,0.006016762927174568,0.999299943447113,,,,,False,False,False,False
B4,B,256,2,0.05456875264644623,4.23046875,0.012765079736709595,0.9985135197639465,,,,,False,False,False,False
B4,B,256,3,0.08333638310432434,4.54296875,0.030529148876667023,0.9965320229530334,,,,,False,False,False,False
B4,B,256,4,0.06023862212896347,4.96484375,0.01649390161037445,0.9981943368911743,,,,,False,False,False,False
B4,B,256,5,0.052415404468774796,3.5703125,0.013986161909997463,0.9986320734024048,,,,,False,False,False,False
B4,B,256,6,0.032516591250896454,4.220703125,0.006228519603610039,0.9994727373123169,,,,,False,False,False,False
B4,B,256,7,0.07633049041032791,4.0986328125,0.03141334280371666,0.9970951080322266,,,,,False,False,False,False
B4,B,256,8,0.06769207864999771,3.2548828125,0.02432805486023426,0.9977190494537354,,,,,False,False,False,False
B4,B,256,9,0.11809157580137253,5.0625,0.06789856404066086,0.9930319786071777,,,,,False,False,False,False
B4,B,256,10,0.09651733189821243,3.7451171875,0.048773184418678284,0.9953480362892151,,,,,False,False,False,False
B4,B,256,11,0.13202479481697083,3.3955078125,0.08558525890111923,0.991299569606781,,,,,False,False,False,False
B4,B,256,12,0.1098492443561554,3.3671875,0.07015927881002426,0.9939689040184021,,,,,False,False,False,False
B4,B,256,13,0.11770476400852203,3.682861328125,0.07972392439842224,0.9930784106254578,,,,,False,False,False,False
B4,B,256,14,0.14480440318584442,5.072265625,0.11758404225111008,0.9895129203796387,,,,,False,False,False,False
B4,B,256,15,0.12678278982639313,3.0888671875,0.08943253010511398,0.9919673204421997,,,,,False,False,False,False
B4,B,256,16,0.14306007325649261,3.2353515625,0.11700835078954697,0.9897705912590027,,,,,False,False,False,False
B4,B,256,17,0.13326352834701538,3.9287109375,0.09275471419095993,0.9911285638809204,,,,,False,False,False,False
B4,B,256,18,0.14166314899921417,3.39599609375,0.10156012326478958,0.9899635314941406,,,,,False,False,False,False
B4,B,256,19,0.14506244659423828,2.962890625,0.10852134227752686,0.9894829392433167,,,,,False,False,False,False
B4,B,256,20,0.1394108533859253,3.1240234375,0.1025383397936821,0.9902895092964172,,,,,False,False,False,False
B4,B,256,21,0.1548769474029541,4.3359375,0.11553122848272324,0.9880151748657227,,,,,False,False,False,False
B4,B,256,22,0.1359579712152481,3.6650390625,0.09253376722335815,0.9907581210136414,,,,,False,False,False,False
B4,B,256,23,0.16490313410758972,4.3740234375,0.12880410254001617,0.9864141941070557,,,,,False,False,False,False
B4,B,256,24,0.1470264345407486,3.4921875,0.10804951190948486,0.989199161529541,,,,,False,False,False,False
B4,B,256,25,0.15763096511363983,4.60546875,0.11356230825185776,0.9875842332839966,,,,,False,False,False,False
B4,B,256,26,0.1239146813750267,3.5458984375,0.08858715742826462,0.9923298954963684,,,,,False,False,False,False
B4,B,256,27,0.13725146651268005,3.8857421875,0.09493755549192429,0.990585207939148,,,,,False,False,False,False
B4,B,256,28,0.18079222738742828,5.7890625,0.15933987498283386,0.9836735129356384,,,,,False,False,False,False
B4,B,256,29,0.136415496468544,6.203125,0.1079719066619873,0.9907059073448181,,,,,False,False,False,False
B4,B,256,30,0.1492677628993988,4.7490234375,0.10481544584035873,0.9888659119606018,,,,,False,False,False,False
B4,B,256,31,0.14823509752750397,4.974609375,0.09878778457641602,0.9890235066413879,,,,,False,False,False,False
B4,B,257,0,0.0015082613099366426,1.30859375,6.387254688888788e-05,0.999990701675415,,,,,False,False,False,False
B4,B,257,1,0.03733377531170845,4.4501953125,0.006009423639625311,0.9993008971214294,,,,,False,False,False,False
B4,B,257,2,0.054539263248443604,4.23046875,0.012749484740197659,0.9985151290893555,,,,,False,False,False,False
B4,B,257,3,0.08328403532505035,4.54296875,0.030490625649690628,0.9965363144874573,,,,,False,False,False,False
B4,B,257,4,0.060203853994607925,4.96484375,0.016475200653076172,0.9981963038444519,,,,,False,False,False,False
B4,B,257,5,0.05238080769777298,3.5703125,0.013971520587801933,0.9986340999603271,,,,,False,False,False,False
B4,B,257,6,0.032497696578502655,4.220703125,0.0062232669442892075,0.999473512172699,,,,,False,False,False,False
B4,B,257,7,0.07627374678850174,4.0986328125,0.03137519210577011,0.9970995187759399,,,,,False,False,False,False
B4,B,257,8,0.0676431730389595,3.2548828125,0.024300826713442802,0.9977223873138428,,,,,False,False,False,False
B4,B,257,9,0.11801083385944366,5.0625,0.06781450659036636,0.9930413365364075,,,,,False,False,False,False
B4,B,257,10,0.09644997119903564,3.7451171875,0.04871411994099617,0.9953543543815613,,,,,False,False,False,False
B4,B,257,11,0.1319284737110138,3.3955078125,0.085478775203228,0.9913124442100525,,,,,False,False,False,False
B4,B,257,12,0.10976901650428772,3.3671875,0.07008133828639984,0.9939777851104736,,,,,False,False,False,False
B4,B,257,13,0.11763082444667816,3.682861328125,0.07963782548904419,0.993087112903595,,,,,False,False,False,False
B4,B,257,14,0.14471586048603058,5.072265625,0.1174493208527565,0.9895258545875549,,,,,False,False,False,False
B4,B,257,15,0.12669821083545685,3.0888671875,0.08933704346418381,0.9919780492782593,,,,,False,False,False,False
B4,B,257,16,0.14297138154506683,3.2353515625,0.11687760055065155,0.9897833466529846,,,,,False,False,False,False
B4,B,257,17,0.13317549228668213,3.9287109375,0.09265520423650742,0.9911400675773621,,,,,False,False,False,False
B4,B,257,18,0.14156483113765717,3.39599609375,0.10144902020692825,0.9899776577949524,,,,,False,False,False,False
B4,B,257,19,0.14498165249824524,2.962890625,0.1083969697356224,0.9894947409629822,,,,,False,False,False,False
B4,B,257,20,0.13933975994586945,3.1240234375,0.10242386907339096,0.9902994632720947,,,,,False,False,False,False
B4,B,257,21,0.1547885537147522,4.3359375,0.11540183424949646,0.9880288243293762,,,,,False,False,False,False
B4,B,257,22,0.13587409257888794,3.6650390625,0.09243486076593399,0.9907695055007935,,,,,False,False,False,False
B4,B,257,23,0.1648029386997223,4.3740234375,0.12865644693374634,0.986430823802948,,,,,False,False,False,False
B4,B,257,24,0.14694316685199738,3.4921875,0.10792726278305054,0.9892114996910095,,,,,False,False,False,False
B4,B,257,25,0.15753203630447388,4.60546875,0.1134328544139862,0.9875996708869934,,,,,False,False,False,False
B4,B,257,26,0.12384931743144989,3.5458984375,0.08849089592695236,0.9923378229141235,,,,,False,False,False,False
B4,B,257,27,0.13717935979366302,3.8857421875,0.09483274072408676,0.9905950427055359,,,,,False,False,False,False
B4,B,257,28,0.1806986778974533,5.7890625,0.1591508984565735,0.9836902618408203,,,,,False,False,False,False
B4,B,257,29,0.1363435536623001,6.203125,0.10784812271595001,0.990715742111206,,,,,False,False,False,False
B4,B,257,30,0.14919085800647736,4.7490234375,0.10469572246074677,0.9888774752616882,,,,,False,False,False,False
B4,B,257,31,0.1481538712978363,4.974609375,0.09867343306541443,0.989035427570343,,,,,False,False,False,False
B4,C,0,0,0.0,0.0,0.0,0.9999873638153076,,,,,False,False,False,False
B4,C,0,1,0.044158097356557846,5.5625,0.00699528306722641,0.999014675617218,,,,,False,False,False,False
B4,C,0,2,0.055202361196279526,4.546875,0.01378694735467434,0.9984748363494873,,,,,False,False,False,False
B4,C,0,3,0.04500792548060417,3.43359375,0.010080779902637005,0.9989838600158691,,,,,False,False,False,False
B4,C,0,4,0.014119810424745083,2.8955078125,0.0015069186920300126,0.9998952746391296,,,,,False,False,False,False
B4,C,0,5,0.04372459277510643,3.59765625,0.009100532159209251,0.999039888381958,,,,,False,False,False,False
B4,C,0,6,0.026583129540085793,4.3662109375,0.004279202315956354,0.9996470212936401,,,,,False,False,False,False
B4,C,0,7,0.033196400851011276,4.35546875,0.006319541018456221,0.9994435906410217,,,,,False,False,False,False
B4,C,0,8,0.06393177807331085,3.2421875,0.022887101396918297,0.997957170009613,,,,,False,False,False,False
B4,C,0,9,0.08978181332349777,5.22265625,0.045478615909814835,0.9959701299667358,,,,,False,False,False,False
B4,C,0,10,0.07877738028764725,3.515625,0.0335266999900341,0.996894359588623,,,,,False,False,False,False
B4,C,0,11,0.09136685729026794,4.02734375,0.04623884707689285,0.995820164680481,,,,,False,False,False,False
B4,C,0,12,0.08475735038518906,3.53857421875,0.04206600785255432,0.9964048862457275,,,,,False,False,False,False
B4,C,0,13,0.1088794469833374,3.00390625,0.07206245511770248,0.9940705299377441,,,,,False,False,False,False
B4,C,0,14,0.09704755246639252,4.708984375,0.05850563198328018,0.9952925443649292,,,,,False,False,False,False
B4,C,0,15,0.11293809115886688,3.24365234375,0.07104237377643585,0.9936159253120422,,,,,False,False,False,False
B4,C,0,16,0.10938709229230881,3.55078125,0.06982492655515671,0.994013249874115,,,,,False,False,False,False
B4,C,0,17,0.10486622154712677,3.5458984375,0.062213242053985596,0.9944953918457031,,,,,False,False,False,False
B4,C,0,18,0.11914681643247604,3.5830078125,0.07758650928735733,0.9928976893424988,,,,,False,False,False,False
B4,C,0,19,0.11561482399702072,3.4990234375,0.072177454829216,0.9933105707168579,,,,,False,False,False,False
B4,C,0,20,0.08441825211048126,3.431640625,0.04245590418577194,0.996432900428772,,,,,False,False,False,False
B4,C,0,21,0.12620066106319427,4.625,0.08368974179029465,0.9920306205749512,,,,,False,False,False,False
B4,C,0,22,0.12095378339290619,3.5048828125,0.07998838275671005,0.9926818609237671,,,,,False,False,False,False
B4,C,0,23,0.10192252695560455,4.150390625,0.05721822753548622,0.9948036074638367,,,,,False,False,False,False
B4,C,0,24,0.0918361097574234,3.5078125,0.0482681579887867,0.9957842230796814,,,,,False,False,False,False
B4,C,0,25,0.12168393284082413,4.609375,0.0762670710682869,0.992595374584198,,,,,False,False,False,False
B4,C,0,26,0.11269925534725189,3.4970703125,0.07893829792737961,0.9936500787734985,,,,,False,False,False,False
B4,C,0,27,0.0981466993689537,3.96875,0.05597875639796257,0.9951865077018738,,,,,False,False,False,False
B4,C,0,28,0.11514082551002502,5.28515625,0.07498929649591446,0.9933745265007019,,,,,False,False,False,False
B4,C,0,29,0.10783451795578003,5.64453125,0.07346827536821365,0.9941844940185547,,,,,False,False,False,False
B4,C,0,30,0.10975714027881622,4.029296875,0.07300067692995071,0.99396812915802,,,,,False,False,False,False
B4,C,0,31,0.10586921125650406,4.857421875,0.05687415599822998,0.9943939447402954,,,,,False,False,False,False
B4,C,1,0,1.1042896403523628e-05,0.00390625,2.079046055314393e-07,0.9999872446060181,,,,,False,False,False,False
B4,C,1,1,0.044119659811258316,5.5625,0.006982455030083656,0.9990161657333374,,,,,False,False,False,False
B4,C,1,2,0.055152494460344315,4.546875,0.013763029128313065,0.9984774589538574,,,,,False,False,False,False
B4,C,1,3,0.04496629536151886,3.43359375,0.01006567943841219,0.9989857077598572,,,,,False,False,False,False
B4,C,1,4,0.014107946306467056,2.8955078125,0.0015091149834915996,0.9998958706855774,,,,,False,False,False,False
B4,C,1,5,0.04367934539914131,3.59765625,0.009088021703064442,0.9990420937538147,,,,,False,False,False,False
B4,C,1,6,0.026564911007881165,4.3662109375,0.004275249317288399,0.9996477365493774,,,,,False,False,False,False
B4,C,1,7,0.03316877409815788,4.35546875,0.006311372853815556,0.9994444847106934,,,,,False,False,False,False
B4,C,1,8,0.06387203931808472,3.2421875,0.022848758846521378,0.9979610443115234,,,,,False,False,False,False
B4,C,1,9,0.08970955014228821,5.22265625,0.04539766535162926,0.9959765672683716,,,,,False,False,False,False
B4,C,1,10,0.07870969921350479,3.515625,0.03347211703658104,0.9968997836112976,,,,,False,False,False,False
B4,C,1,11,0.0912904366850853,4.02734375,0.046163756400346756,0.9958273768424988,,,,,False,False,False,False
B4,C,1,12,0.08467891812324524,3.53857421875,0.042002223432064056,0.9964117407798767,,,,,False,False,False,False
B4,C,1,13,0.10877950489521027,3.00390625,0.0719500258564949,0.9940813183784485,,,,,False,False,False,False
B4,C,1,14,0.0969606414437294,4.708984375,0.058418821543455124,0.9953012466430664,,,,,False,False,False,False
B4,C,1,15,0.11283427476882935,3.24365234375,0.07092989236116409,0.9936276078224182,,,,,False,False,False,False
B4,C,1,16,0.1092853993177414,3.55078125,0.06971164047718048,0.9940245151519775,,,,,False,False,False,False
B4,C,1,17,0.10477051138877869,3.5458984375,0.0621151402592659,0.9945054054260254,,,,,False,False,False,False
B4,C,1,18,0.11902908980846405,3.5830078125,0.07746034115552902,0.9929116368293762,,,,,False,False,False,False
B4,C,1,19,0.11551067233085632,3.4990234375,0.0720604807138443,0.9933224320411682,,,,,False,False,False,False
B4,C,1,20,0.08433816581964493,3.431640625,0.042402952909469604,0.9964399337768555,,,,,False,False,False,False
B4,C,1,21,0.12608084082603455,4.625,0.08356305211782455,0.9920457005500793,,,,,False,False,False,False
B4,C,1,22,0.12083305418491364,3.5048828125,0.07987166941165924,0.9926962852478027,,,,,False,False,False,False
B4,C,1,23,0.1018296480178833,4.150390625,0.057146914303302765,0.9948132634162903,,,,,False,False,False,False
B4,C,1,24,0.09175541251897812,3.5078125,0.04821521043777466,0.9957916736602783,,,,,False,False,False,False
B4,C,1,25,0.12157168984413147,4.609375,0.07615819573402405,0.9926089644432068,,,,,False,False,False,False
B4,C,1,26,0.11259692907333374,3.4970703125,0.07883115112781525,0.9936612248420715,,,,,False,False,False,False
B4,C,1,27,0.09806381165981293,3.96875,0.055931106209754944,0.9951947331428528,,,,,False,False,False,False
B4,C,1,28,0.11504381150007248,5.28515625,0.07490260154008865,0.9933857917785645,,,,,False,False,False,False
B4,C,1,29,0.10774557292461395,5.64453125,0.07338627427816391,0.9941940903663635,,,,,False,False,False,False
B4,C,1,30,0.10966511815786362,4.029296875,0.07291025668382645,0.9939784407615662,,,,,False,False,False,False
B4,C,1,31,0.10578840225934982,4.857421875,0.05681907758116722,0.9944027066230774,,,,,False,False,False,False
B4,C,2,0,1.7565011148690246e-05,0.00390625,5.337891479939572e-07,0.9999871850013733,,,,,False,False,False,False
B4,C,2,1,0.04407956078648567,5.5625,0.006969858426600695,0.9990180730819702,,,,,False,False,False,False
B4,C,2,2,0.0550973154604435,4.546875,0.013738084584474564,0.998480498790741,,,,,False,False,False,False
B4,C,2,3,0.04492160305380821,3.43359375,0.010049508884549141,0.9989879727363586,,,,,False,False,False,False
B4,C,2,4,0.014095374383032322,2.8955078125,0.0015100841410458088,0.9998959302902222,,,,,False,False,False,False
B4,C,2,5,0.043639376759529114,3.59765625,0.009075311943888664,0.9990438222885132,,,,,False,False,False,False
B4,C,2,6,0.02654292806982994,4.3662109375,0.004272783640772104,0.9996482133865356,,,,,False,False,False,False
B4,C,2,7,0.03314119949936867,4.35546875,0.006306292023509741,0.9994454383850098,,,,,False,False,False,False
B4,C,2,8,0.0638144388794899,3.2421875,0.022811803966760635,0.9979647994041443,,,,,False,False,False,False
B4,C,2,9,0.0896327942609787,5.22265625,0.04531737416982651,0.995983362197876,,,,,False,False,False,False
B4,C,2,10,0.07863777875900269,3.515625,0.03342047706246376,0.9969053268432617,,,,,False,False,False,False
B4,C,2,11,0.09121135622262955,4.02734375,0.0460892878472805,0.9958347082138062,,,,,False,False,False,False
B4,C,2,12,0.08460094034671783,3.53857421875,0.04193785414099693,0.9964183568954468,,,,,False,False,False,False
B4,C,2,13,0.10867441445589066,3.00390625,0.07183317095041275,0.9940928220748901,,,,,False,False,False,False
B4,C,2,14,0.09686395525932312,4.708984375,0.058329079300165176,0.9953104257583618,,,,,False,False,False,False
B4,C,2,15,0.11272945255041122,3.24365234375,0.07084958255290985,0.9936394691467285,,,,,False,False,False,False
B4,C,2,16,0.1091681644320488,3.55078125,0.06962801516056061,0.9940370917320251,,,,,False,False,False,False
B4,C,2,17,0.10466572642326355,3.5458984375,0.062050290405750275,0.9945163726806641,,,,,False,False,False,False
B4,C,2,18,0.11890352517366409,3.5830078125,0.07737048715353012,0.9929267168045044,,,,,False,False,False,False
B4,C,2,19,0.11540133506059647,3.4990234375,0.07198093086481094,0.9933350086212158,,,,,False,False,False,False
B4,C,2,20,0.0842566043138504,3.431640625,0.04238223284482956,0.9964467883110046,,,,,False,False,False,False
B4,C,2,21,0.12595823407173157,4.625,0.08346036076545715,0.9920612573623657,,,,,False,False,False,False
B4,C,2,22,0.12071716040372849,3.5048828125,0.07977844029664993,0.9927104115486145,,,,,False,False,False,False
B4,C,2,23,0.1017327532172203,4.150390625,0.05710038170218468,0.9948230981826782,,,,,False,False,False,False
B4,C,2,24,0.09167354553937912,3.5078125,0.048186928033828735,0.9957993030548096,,,,,False,False,False,False
B4,C,2,25,0.12145742028951645,4.609375,0.07607387751340866,0.9926228523254395,,,,,False,False,False,False
B4,C,2,26,0.11248868703842163,3.4970703125,0.07874830067157745,0.9936737418174744,,,,,False,False,False,False
B4,C,2,27,0.09797130525112152,3.96875,0.0558943934738636,0.9952035546302795,,,,,False,False,False,False
B4,C,2,28,0.11492997407913208,5.28515625,0.0748390182852745,0.993398904800415,,,,,False,False,False,False
B4,C,2,29,0.10764455050230026,5.64453125,0.07332377135753632,0.9942048192024231,,,,,False,False,False,False
B4,C,2,30,0.10956010222434998,4.029296875,0.072843037545681,0.9939900040626526,,,,,False,False,False,False
B4,C,2,31,0.10569503158330917,4.857421875,0.05677437782287598,0.994412362575531,,,,,False,False,False,False
B4,C,16,0,5.406159834819846e-05,0.0078125,4.7844227992754895e-06,0.9999890327453613,,,,,False,False,False,False
B4,C,16,1,0.06710679084062576,5.5625,0.01503754686564207,0.9977372884750366,,,,,False,False,False,False
B4,C,16,2,0.07551352679729462,4.546875,0.02454470843076706,0.9971480369567871,,,,,False,False,False,False
B4,C,16,3,0.05527240037918091,3.43359375,0.015510514378547668,0.9984748363494873,,,,,False,False,False,False
B4,C,16,4,0.01717679761350155,2.8955078125,0.0019168731523677707,0.9998499751091003,,,,,False,False,False,False
B4,C,16,5,0.07087647914886475,3.59765625,0.024373669177293777,0.9974864721298218,,,,,False,False,False,False
B4,C,16,6,0.04651310294866562,4.3662109375,0.011487599462270737,0.9989141821861267,,,,,False,False,False,False
B4,C,16,7,0.04107365012168884,4.35546875,0.009677932597696781,0.9991496205329895,,,,,False,False,False,False
B4,C,16,8,0.0833519771695137,3.2421875,0.03855036571621895,0.9965248107910156,,,,,False,False,False,False
B4,C,16,9,0.11181116849184036,5.22265625,0.07079062610864639,0.9937454462051392,,,,,False,False,False,False
B4,C,16,10,0.10429318994283676,3.515625,0.056271594017744064,0.9945578575134277,,,,,False,False,False,False
B4,C,16,11,0.11892253160476685,4.02734375,0.07497750967741013,0.9929203391075134,,,,,False,False,False,False
B4,C,16,12,0.117772176861763,3.53857421875,0.0786818265914917,0.9930573105812073,,,,,False,False,False,False
B4,C,16,13,0.1334407776594162,3.00390625,0.10655730217695236,0.9910900592803955,,,,,False,False,False,False
B4,C,16,14,0.1227189302444458,4.708984375,0.09148719161748886,0.9924737811088562,,,,,False,False,False,False
B4,C,16,15,0.14005683362483978,3.490234375,0.10942251235246658,0.9901814460754395,,,,,False,False,False,False
B4,C,16,16,0.13338255882263184,3.55078125,0.1024666503071785,0.9910986423492432,,,,,False,False,False,False
B4,C,16,17,0.13256286084651947,3.5458984375,0.0965014398097992,0.9912121295928955,,,,,False,False,False,False
B4,C,16,18,0.1566791832447052,3.5830078125,0.1292986124753952,0.9877209067344666,,,,,False,False,False,False
B4,C,16,19,0.1423211395740509,3.4990234375,0.10731185227632523,0.9898650646209717,,,,,False,False,False,False
B4,C,16,20,0.12286221981048584,3.431640625,0.08326053619384766,0.9924517869949341,,,,,False,False,False,False
B4,C,16,21,0.16737031936645508,4.625,0.14318202435970306,0.9859856367111206,,,,,False,False,False,False
B4,C,16,22,0.15065181255340576,3.5048828125,0.12271895259618759,0.9886520504951477,,,,,False,False,False,False
B4,C,16,23,0.14142222702503204,4.150390625,0.10315520316362381,0.9900001287460327,,,,,False,False,False,False
B4,C,16,24,0.12014374881982803,3.5107421875,0.0793832466006279,0.9927855730056763,,,,,False,False,False,False
B4,C,16,25,0.15325681865215302,4.609375,0.11981213837862015,0.988264262676239,,,,,False,False,False,False
B4,C,16,26,0.1458960324525833,3.4970703125,0.12915509939193726,0.9893543124198914,,,,,False,False,False,False
B4,C,16,27,0.13302110135555267,3.96875,0.09826881438493729,0.9911512136459351,,,,,False,False,False,False
B4,C,16,28,0.15405704081058502,5.28515625,0.12840531766414642,0.9881357550621033,,,,,False,False,False,False
B4,C,16,29,0.13861292600631714,5.64453125,0.11755017191171646,0.9903908371925354,,,,,False,False,False,False
B4,C,16,30,0.1485765129327774,4.029296875,0.12356171756982803,0.9889554977416992,,,,,False,False,False,False
B4,C,16,31,0.1423933357000351,4.857421875,0.09815072268247604,0.9898563027381897,,,,,False,False,False,False
B4,C,127,0,0.00013919005868956447,0.0078125,3.151665077893995e-05,0.9999867081642151,,,,,False,False,False,False
B4,C,127,1,0.06097119674086571,5.5625,0.01249779388308525,0.9981329441070557,,,,,False,False,False,False
B4,C,127,2,0.06840475648641586,4.546875,0.020474284887313843,0.9976624846458435,,,,,False,False,False,False
B4,C,127,3,0.04997788742184639,3.43359375,0.013796122744679451,0.9987549185752869,,,,,False,False,False,False
B4,C,127,4,0.015621584840118885,2.8955078125,0.0025158573407679796,0.9998839497566223,,,,,False,False,False,False
B4,C,127,5,0.06412036716938019,3.59765625,0.021210061386227608,0.997944712638855,,,,,False,False,False,False
B4,C,127,6,0.042131390422582626,4.3662109375,0.010874860920011997,0.9991114735603333,,,,,False,False,False,False
B4,C,127,7,0.0371728390455246,4.35546875,0.009532605297863483,0.9993030428886414,,,,,False,False,False,False
B4,C,127,8,0.07499291002750397,3.2421875,0.03411244973540306,0.9971925020217896,,,,,False,False,False,False
B4,C,127,9,0.10075001418590546,5.22265625,0.061737652868032455,0.9949251413345337,,,,,False,False,False,False
B4,C,127,10,0.09429608285427094,3.515625,0.05040941387414932,0.9955528378486633,,,,,False,False,False,False
B4,C,127,11,0.107472725212574,4.02734375,0.06659853458404541,0.9942237734794617,,,,,False,False,False,False
B4,C,127,12,0.10653805732727051,3.53857421875,0.06959673017263412,0.994319498538971,,,,,False,False,False,False
B4,C,127,13,0.12027831375598907,3.00390625,0.09427430480718613,0.9927680492401123,,,,,False,False,False,False
B4,C,127,14,0.11076083779335022,4.708984375,0.08142033964395523,0.9938737154006958,,,,,False,False,False,False
B4,C,127,15,0.12613186240196228,3.490234375,0.09601416438817978,0.9920424818992615,,,,,False,False,False,False
B4,C,127,16,0.12022484093904495,3.55078125,0.08995865285396576,0.9927707314491272,,,,,False,False,False,False
B4,C,127,17,0.11992332339286804,3.5458984375,0.08495863527059555,0.9928092360496521,,,,,False,False,False,False
B4,C,127,18,0.1412629634141922,3.5830078125,0.11205456405878067,0.990021824836731,,,,,False,False,False,False
B4,C,127,19,0.12794102728366852,3.4990234375,0.09348905831575394,0.9918116331100464,,,,,False,False,False,False
B4,C,127,20,0.11048924177885056,3.431640625,0.0739060640335083,0.9938949346542358,,,,,False,False,False,False
B4,C,127,21,0.15047422051429749,4.625,0.12388511747121811,0.9886740446090698,,,,,False,False,False,False
B4,C,127,22,0.13550612330436707,3.5048828125,0.10731024295091629,0.9908224940299988,,,,,False,False,False,False
B4,C,127,23,0.1272146999835968,4.150390625,0.09107774496078491,0.9919120073318481,,,,,False,False,False,False
B4,C,127,24,0.10828816890716553,3.5107421875,0.07118789106607437,0.9941433668136597,,,,,False,False,False,False
B4,C,127,25,0.13794811069965363,4.609375,0.10443522036075592,0.9904931783676147,,,,,False,False,False,False
B4,C,127,26,0.13098083436489105,3.4970703125,0.11388062685728073,0.9914187788963318,,,,,False,False,False,False
B4,C,127,27,0.11980265378952026,3.96875,0.08856473863124847,0.9928210973739624,,,,,False,False,False,False
B4,C,127,28,0.13843153417110443,5.28515625,0.11321108043193817,0.9904240965843201,,,,,False,False,False,False
B4,C,127,29,0.12493358552455902,5.64453125,0.1041475385427475,0.9921973347663879,,,,,False,False,False,False
B4,C,127,30,0.13352961838245392,4.029296875,0.10872603952884674,0.9910870790481567,,,,,False,False,False,False
B4,C,127,31,0.12881726026535034,4.857421875,0.08656350523233414,0.9917019605636597,,,,,False,False,False,False
B4,C,128,0,0.0001397600572090596,0.0078125,3.1762407161295414e-05,0.9999867677688599,,,,,False,False,False,False
B4,C,128,1,0.060928381979465485,5.5625,0.01247875951230526,0.9981353878974915,,,,,False,False,False,False
B4,C,128,2,0.06835398823022842,4.546875,0.020443899556994438,0.9976657629013062,,,,,False,False,False,False
B4,C,128,3,0.04993542283773422,3.43359375,0.013777785003185272,0.9987570643424988,,,,,False,False,False,False
B4,C,128,4,0.015609722584486008,2.8955078125,0.0025156200863420963,0.9998841881752014,,,,,False,False,False,False
B4,C,128,5,0.06406918168067932,3.59765625,0.02118179015815258,0.9979477524757385,,,,,False,False,False,False
B4,C,128,6,0.04210357740521431,4.3662109375,0.010872469283640385,0.9991124272346497,,,,,False,False,False,False
B4,C,128,7,0.03714537248015404,4.35546875,0.00952884741127491,0.9993043541908264,,,,,False,False,False,False
B4,C,128,8,0.07492426037788391,3.2421875,0.034071825444698334,0.9971976280212402,,,,,False,False,False,False
B4,C,128,9,0.10066279023885727,5.22265625,0.0616585798561573,0.9949341416358948,,,,,False,False,False,False
B4,C,128,10,0.09421668946743011,3.515625,0.05034838989377022,0.9955604076385498,,,,,False,False,False,False
B4,C,128,11,0.10738370567560196,4.02734375,0.06651178002357483,0.9942331314086914,,,,,False,False,False,False
B4,C,128,12,0.10644463449716568,3.53857421875,0.06950581818819046,0.9943292140960693,,,,,False,False,False,False
B4,C,128,13,0.12017900496721268,3.00390625,0.09416212141513824,0.9927799105644226,,,,,False,False,False,False
B4,C,128,14,0.11066652834415436,4.708984375,0.08132275193929672,0.9938842058181763,,,,,False,False,False,False
B4,C,128,15,0.1260174661874771,3.490234375,0.09589891135692596,0.9920569658279419,,,,,False,False,False,False
B4,C,128,16,0.12012714147567749,3.55078125,0.0898473933339119,0.9927824139595032,,,,,False,False,False,False
B4,C,128,17,0.11982864141464233,3.5458984375,0.08485301584005356,0.9928207397460938,,,,,False,False,False,False
B4,C,128,18,0.14114482700824738,3.5830078125,0.11190440505743027,0.9900383353233337,,,,,False,False,False,False
B4,C,128,19,0.12783794105052948,3.4990234375,0.09336783736944199,0.9918249249458313,,,,,False,False,False,False
B4,C,128,20,0.11039849370718002,3.431640625,0.0738181471824646,0.9939048290252686,,,,,False,False,False,False
B4,C,128,21,0.15035338699817657,4.625,0.12372715771198273,0.9886924028396606,,,,,False,False,False,False
B4,C,128,22,0.13538667559623718,3.5048828125,0.10719652473926544,0.9908385276794434,,,,,False,False,False,False
B4,C,128,23,0.12710629403591156,4.150390625,0.0909886583685875,0.9919258952140808,,,,,False,False,False,False
B4,C,128,24,0.1082027330994606,3.5107421875,0.07112769037485123,0.9941526651382446,,,,,False,False,False,False
B4,C,128,25,0.1378396451473236,4.609375,0.10432275384664536,0.9905081987380981,,,,,False,False,False,False
B4,C,128,26,0.13088129460811615,3.4970703125,0.11375924199819565,0.9914320707321167,,,,,False,False,False,False
B4,C,128,27,0.11971450597047806,3.96875,0.08848387748003006,0.9928314685821533,,,,,False,False,False,False
B4,C,128,28,0.13832761347293854,5.28515625,0.11308864504098892,0.99043869972229,,,,,False,False,False,False
B4,C,128,29,0.12483836710453033,5.64453125,0.10403834283351898,0.9922093152999878,,,,,False,False,False,False
B4,C,128,30,0.1334208846092224,4.029296875,0.10860321670770645,0.9911017417907715,,,,,False,False,False,False
B4,C,128,31,0.1287316232919693,4.857421875,0.08646945655345917,0.9917130470275879,,,,,False,False,False,False
B4,C,129,0,0.00014013773761689663,0.0078125,3.188901973771863e-05,0.9999868869781494,,,,,False,False,False,False
B4,C,129,1,0.06088605150580406,5.5625,0.012459804303944111,0.9981379508972168,,,,,False,False,False,False
B4,C,129,2,0.06830538064241409,4.546875,0.020413560792803764,0.9976691603660583,,,,,False,False,False,False
B4,C,129,3,0.04989955946803093,3.43359375,0.013765417039394379,0.9987590312957764,,,,,False,False,False,False
B4,C,129,4,0.015599696896970272,2.8955078125,0.002519470639526844,0.9998845458030701,,,,,False,False,False,False
B4,C,129,5,0.06401702016592026,3.59765625,0.021157873794436455,0.9979509711265564,,,,,False,False,False,False
B4,C,129,6,0.04208069667220116,4.3662109375,0.010863951407372952,0.9991135001182556,,,,,False,False,False,False
B4,C,129,7,0.03712092712521553,4.35546875,0.009522151201963425,0.999305248260498,,,,,False,False,False,False
B4,C,129,8,0.07486727088689804,3.2421875,0.03402934595942497,0.9972020387649536,,,,,False,False,False,False
B4,C,129,9,0.10059806704521179,5.22265625,0.06157507747411728,0.9949405789375305,,,,,False,False,False,False
B4,C,129,10,0.094153493642807,3.515625,0.050286028534173965,0.9955664277076721,,,,,False,False,False,False
B4,C,129,11,0.10731377452611923,4.02734375,0.0664256364107132,0.9942407608032227,,,,,False,False,False,False
B4,C,129,12,0.10636729001998901,3.53857421875,0.06941571831703186,0.9943374395370483,,,,,False,False,False,False
B4,C,129,13,0.12009111791849136,3.00390625,0.094056636095047,0.9927905201911926,,,,,False,False,False,False
B4,C,129,14,0.1105869933962822,4.708984375,0.0812358632683754,0.9938927888870239,,,,,False,False,False,False
B4,C,129,15,0.12592284381389618,3.490234375,0.09578479081392288,0.992068886756897,,,,,False,False,False,False
B4,C,129,16,0.12004214525222778,3.55078125,0.0897362008690834,0.9927923679351807,,,,,False,False,False,False
B4,C,129,17,0.11974439769983292,3.5458984375,0.08475206047296524,0.9928308129310608,,,,,False,False,False,False
B4,C,129,18,0.1410369575023651,3.5830078125,0.11175905168056488,0.9900535345077515,,,,,False,False,False,False
B4,C,129,19,0.12774920463562012,3.4990234375,0.09324999153614044,0.9918363690376282,,,,,False,False,False,False
B4,C,129,20,0.11031625419855118,3.431640625,0.07373521476984024,0.9939140677452087,,,,,False,False,False,False
B4,C,129,21,0.15024101734161377,4.625,0.12357760220766068,0.9887093305587769,,,,,False,False,False,False
B4,C,129,22,0.13527925312519073,3.5048828125,0.10707263648509979,0.9908531904220581,,,,,False,False,False,False
B4,C,129,23,0.12701649963855743,4.150390625,0.09089626371860504,0.9919371008872986,,,,,False,False,False,False
B4,C,129,24,0.10812931507825851,3.5107421875,0.07106795161962509,0.9941608309745789,,,,,False,False,False,False
B4,C,129,25,0.13774123787879944,4.609375,0.10420633852481842,0.9905217885971069,,,,,False,False,False,False
B4,C,129,26,0.13078853487968445,3.4970703125,0.11363616585731506,0.9914441704750061,,,,,False,False,False,False
B4,C,129,27,0.11963414400815964,3.96875,0.08840775489807129,0.9928411841392517,,,,,False,False,False,False
B4,C,129,28,0.13823333382606506,5.28515625,0.11296997964382172,0.9904516339302063,,,,,False,False,False,False
B4,C,129,29,0.12475427240133286,5.64453125,0.10393265634775162,0.9922195672988892,,,,,False,False,False,False
B4,C,129,30,0.1333308219909668,4.029296875,0.10848668962717056,0.9911136031150818,,,,,False,False,False,False
B4,C,129,31,0.12865284085273743,4.857421875,0.08637776225805283,0.991723358631134,,,,,False,False,False,False
B4,C,255,0,0.00542041240260005,2.4951171875,0.00013375091657508165,0.9999833106994629,,,,,False,False,False,False
B4,C,255,1,0.06528998166322708,5.5625,0.014652309007942677,0.9978618025779724,,,,,False,False,False,False
B4,C,255,2,0.07463445514440536,4.546875,0.02457030676305294,0.9972171187400818,,,,,False,False,False,False
B4,C,255,3,0.05456123501062393,3.43359375,0.016568033024668694,0.9985185265541077,,,,,False,False,False,False
B4,C,255,4,0.018637409433722496,3.3076171875,0.003363637253642082,0.9998390078544617,,,,,False,False,False,False
B4,C,255,5,0.06739740073680878,3.59765625,0.024244604632258415,0.997731626033783,,,,,False,False,False,False
B4,C,255,6,0.04773930832743645,4.3662109375,0.01367916539311409,0.9988625645637512,,,,,False,False,False,False
B4,C,255,7,0.039880674332380295,4.35546875,0.01156020537018776,0.9992114305496216,,,,,False,False,False,False
B4,C,255,8,0.07539192587137222,3.2421875,0.03638637065887451,0.9971678256988525,,,,,False,False,False,False
B4,C,255,9,0.1084783747792244,5.22265625,0.07256913185119629,0.9941191673278809,,,,,False,False,False,False
B4,C,255,10,0.10003922134637833,3.515625,0.058386851102113724,0.995002806186676,,,,,False,False,False,False
B4,C,255,11,0.11295374482870102,4.02734375,0.07538722455501556,0.9936252236366272,,,,,False,False,False,False
B4,C,255,12,0.12123505026102066,3.53857421875,0.09080226719379425,0.9926497340202332,,,,,False,False,False,False
B4,C,255,13,0.12693366408348083,3.0478515625,0.10839097946882248,0.9919483065605164,,,,,False,False,False,False
B4,C,255,14,0.1245332732796669,4.708984375,0.10264578461647034,0.9922566413879395,,,,,False,False,False,False
B4,C,255,15,0.13164642453193665,3.7578125,0.10777098685503006,0.9913369417190552,,,,,False,False,False,False
B4,C,255,16,0.12084226310253143,3.55078125,0.09548763185739517,0.9927070736885071,,,,,False,False,False,False
B4,C,255,17,0.12500935792922974,3.5458984375,0.09540091454982758,0.9921916723251343,,,,,False,False,False,False
B4,C,255,18,0.14746473729610443,3.5830078125,0.12640665471553802,0.9891311526298523,,,,,False,False,False,False
B4,C,255,19,0.1356121450662613,3.4990234375,0.10890138894319534,0.9908058643341064,,,,,False,False,False,False
B4,C,255,20,0.1211509257555008,3.431640625,0.09027832001447678,0.992661714553833,,,,,False,False,False,False
B4,C,255,21,0.16041667759418488,4.625,0.14321587979793549,0.9871397614479065,,,,,False,False,False,False
B4,C,255,22,0.14359557628631592,3.5048828125,0.12338999658823013,0.9897042512893677,,,,,False,False,False,False
B4,C,255,23,0.1341407597064972,4.150390625,0.10478755831718445,0.9910174608230591,,,,,False,False,False,False
B4,C,255,24,0.11469507217407227,3.5107421875,0.0823422446846962,0.9934313893318176,,,,,False,False,False,False
B4,C,255,25,0.145612433552742,4.609375,0.1192312091588974,0.9894093871116638,,,,,False,False,False,False
B4,C,255,26,0.1374693363904953,3.662109375,0.13088303804397583,0.9905522465705872,,,,,False,False,False,False
B4,C,255,27,0.13112470507621765,3.96875,0.10806018114089966,0.9914048314094543,,,,,False,False,False,False
B4,C,255,28,0.14697064459323883,5.28515625,0.13155673444271088,0.9892128109931946,,,,,False,False,False,False
B4,C,255,29,0.1317111998796463,5.64453125,0.11873903125524521,0.9913384318351746,,,,,False,False,False,False
B4,C,255,30,0.14496749639511108,4.029296875,0.127822145819664,0.9894976615905762,,,,,False,False,False,False
B4,C,255,31,0.13996097445487976,4.857421875,0.10405614972114563,0.9902114868164062,,,,,False,False,False,False
B4,C,256,0,0.005416984669864178,2.4951171875,0.00013383016630541533,0.9999836087226868,,,,,False,False,False,False
B4,C,256,1,0.06525204330682755,5.5625,0.014633695594966412,0.9978644847869873,,,,,False,False,False,False
B4,C,256,2,0.07458876073360443,4.546875,0.024540254846215248,0.9972207546234131,,,,,False,False,False,False
B4,C,256,3,0.05452277138829231,3.43359375,0.016549859195947647,0.9985204935073853,,,,,False,False,False,False
B4,C,256,4,0.018625644966959953,3.3076171875,0.003362732008099556,0.999839186668396,,,,,False,False,False,False
B4,C,256,5,0.06735290586948395,3.59765625,0.024216795340180397,0.9977348446846008,,,,,False,False,False,False
B4,C,256,6,0.04771312326192856,4.3662109375,0.013671749271452427,0.9988638162612915,,,,,False,False,False,False
B4,C,256,7,0.039856571704149246,4.35546875,0.011552824638783932,0.9992125630378723,,,,,False,False,False,False
B4,C,256,8,0.07533590495586395,3.2421875,0.03634873777627945,0.9971716403961182,,,,,False,False,False,False
B4,C,256,9,0.10840162634849548,5.22265625,0.07249849289655685,0.9941273927688599,,,,,False,False,False,False
B4,C,256,10,0.09996970742940903,3.515625,0.05833776667714119,0.9950097799301147,,,,,False,False,False,False
B4,C,256,11,0.11287728697061539,4.02734375,0.07531342655420303,0.9936338663101196,,,,,False,False,False,False
B4,C,256,12,0.12114855647087097,3.53857421875,0.09070666879415512,0.9926605224609375,,,,,False,False,False,False
B4,C,256,13,0.12684988975524902,3.0478515625,0.10828544944524765,0.9919591546058655,,,,,False,False,False,False
B4,C,256,14,0.12444734573364258,4.708984375,0.10254168510437012,0.992267370223999,,,,,False,False,False,False
B4,C,256,15,0.1315487027168274,3.7578125,0.10765688866376877,0.9913500547409058,,,,,False,False,False,False
B4,C,256,16,0.12076421827077866,3.55078125,0.09538678079843521,0.9927166104316711,,,,,False,False,False,False
B4,C,256,17,0.12493046373128891,3.5458984375,0.09530087560415268,0.9922015070915222,,,,,False,False,False,False
B4,C,256,18,0.1473647803068161,3.5830078125,0.12626604735851288,0.989145815372467,,,,,False,False,False,False
B4,C,256,19,0.13552330434322357,3.4990234375,0.1087823212146759,0.9908180236816406,,,,,False,False,False,False
B4,C,256,20,0.12106981873512268,3.431640625,0.09018540382385254,0.9926716685295105,,,,,False,False,False,False
B4,C,256,21,0.16031166911125183,4.625,0.14306046068668365,0.9871565699577332,,,,,False,False,False,False
B4,C,256,22,0.14349226653575897,3.5048828125,0.12326756119728088,0.9897186756134033,,,,,False,False,False,False
B4,C,256,23,0.13404591381549835,4.150390625,0.10468883067369461,0.991030216217041,,,,,False,False,False,False
B4,C,256,24,0.11462020128965378,3.5107421875,0.08226960897445679,0.9934402704238892,,,,,False,False,False,False
B4,C,256,25,0.14551833271980286,4.609375,0.11911206692457199,0.9894232153892517,,,,,False,False,False,False
B4,C,256,26,0.1373824030160904,3.662109375,0.1307547688484192,0.9905641674995422,,,,,False,False,False,False
B4,C,256,27,0.13104458153247833,3.96875,0.10795977711677551,0.9914151430130005,,,,,False,False,False,False
B4,C,256,28,0.1468789428472519,5.28515625,0.13142384588718414,0.9892263412475586,,,,,False,False,False,False
B4,C,256,29,0.1316271722316742,5.64453125,0.11862174421548843,0.9913495779037476,,,,,False,False,False,False
B4,C,256,30,0.1448679268360138,4.029296875,0.12768851220607758,0.9895123243331909,,,,,False,False,False,False
B4,C,256,31,0.13988256454467773,4.857421875,0.10394853353500366,0.9902223348617554,,,,,False,False,False,False
B4,C,257,0,0.005414100363850594,2.4951171875,0.0001338008005404845,0.9999837875366211,,,,,False,False,False,False
B4,C,257,1,0.06521430611610413,5.5625,0.014615055173635483,0.9978669881820679,,,,,False,False,False,False
B4,C,257,2,0.07454469054937363,4.546875,0.024509984999895096,0.9972242116928101,,,,,False,False,False,False
B4,C,257,3,0.05449073761701584,3.43359375,0.0165344700217247,0.9985222220420837,,,,,False,False,False,False
B4,C,257,4,0.018615437671542168,3.3076171875,0.0033636526204645634,0.9998394250869751,,,,,False,False,False,False
B4,C,257,5,0.0673079639673233,3.59765625,0.0241932962089777,0.9977379441261292,,,,,False,False,False,False
B4,C,257,6,0.04769151285290718,4.3662109375,0.013661792501807213,0.9988647103309631,,,,,False,False,False,False
B4,C,257,7,0.039834778755903244,4.35546875,0.011545932851731777,0.9992136359214783,,,,,False,False,False,False
B4,C,257,8,0.07528796046972275,3.2421875,0.03631066903471947,0.997175395488739,,,,,False,False,False,False
B4,C,257,9,0.10834447294473648,5.22265625,0.07241451740264893,0.9941338300704956,,,,,False,False,False,False
B4,C,257,10,0.09991437196731567,3.515625,0.058274950832128525,0.9950152039527893,,,,,False,False,False,False
B4,C,257,11,0.11281687021255493,4.02734375,0.07523024827241898,0.9936407804489136,,,,,False,False,False,False
B4,C,257,12,0.12107621133327484,3.53857421875,0.09060288965702057,0.9926692247390747,,,,,False,False,False,False
B4,C,257,13,0.12677277624607086,3.0478515625,0.10817787796258926,0.9919689297676086,,,,,False,False,False,False
B4,C,257,14,0.1243736743927002,4.708984375,0.1024387925863266,0.9922765493392944,,,,,False,False,False,False
B4,C,257,15,0.13146740198135376,3.7578125,0.10754359513521194,0.9913609027862549,,,,,False,False,False,False
B4,C,257,16,0.12069536745548248,3.55078125,0.09528718888759613,0.9927250146865845,,,,,False,False,False,False
B4,C,257,17,0.12485890835523605,3.5458984375,0.09520113468170166,0.992210328578949,,,,,False,False,False,False
B4,C,257,18,0.14727351069450378,3.5830078125,0.12612465023994446,0.989159107208252,,,,,False,False,False,False
B4,C,257,19,0.1354462206363678,3.4990234375,0.10866279900074005,0.9908286333084106,,,,,False,False,False,False
B4,C,257,20,0.12099601328372955,3.431640625,0.09009348601102829,0.9926806688308716,,,,,False,False,False,False
B4,C,257,21,0.16021354496479034,4.625,0.14290660619735718,0.9871723055839539,,,,,False,False,False,False
B4,C,257,22,0.14339889585971832,3.5048828125,0.12313857674598694,0.9897321462631226,,,,,False,False,False,False
B4,C,257,23,0.13396765291690826,4.150390625,0.10458790510892868,0.9910406470298767,,,,,False,False,False,False
B4,C,257,24,0.1145557314157486,3.5107421875,0.08219790458679199,0.993447482585907,,,,,False,False,False,False
B4,C,257,25,0.14543475210666656,4.609375,0.11899097263813019,0.9894355535507202,,,,,False,False,False,False
B4,C,257,26,0.13730350136756897,3.662109375,0.13062593340873718,0.9905750155448914,,,,,False,False,False,False
B4,C,257,27,0.13097307085990906,3.96875,0.10786868631839752,0.9914243221282959,,,,,False,False,False,False
B4,C,257,28,0.14679685235023499,5.28515625,0.13130155205726624,0.9892387390136719,,,,,False,False,False,False
B4,C,257,29,0.13155458867549896,5.64453125,0.11851230263710022,0.9913590550422668,,,,,False,False,False,False
B4,C,257,30,0.14478757977485657,4.029296875,0.12756524980068207,0.9895240664482117,,,,,False,False,False,False
B4,C,257,31,0.13981138169765472,4.857421875,0.10384715348482132,0.9902323484420776,,,,,False,False,False,False
B4,D,0,0,0.0,0.0,0.0,1.0000008344650269,,,,,False,False,False,False
B4,D,0,1,0.06759385019540787,5.666015625,0.020203037187457085,0.9977015852928162,,,,,False,False,False,False
B4,D,0,2,0.06055213138461113,3.826171875,0.015867827460169792,0.9981654286384583,,,,,False,False,False,False
B4,D,0,3,0.045886896550655365,4.5,0.009908030740916729,0.9989437460899353,,,,,False,False,False,False
B4,D,0,4,0.046460021287202835,5.03125,0.01064342726022005,0.9989206790924072,,,,,False,False,False,False
B4,D,0,5,0.0645383894443512,3.525390625,0.022208169102668762,0.9979168176651001,,,,,False,False,False,False
B4,D,0,6,0.036859311163425446,4.275390625,0.0082011129707098,0.9993201494216919,,,,,False,False,False,False
B4,D,0,7,0.03585236892104149,3.294921875,0.009329767897725105,0.9993573427200317,,,,,False,False,False,False
B4,D,0,8,0.09234964847564697,4.20703125,0.04940446838736534,0.99573814868927,,,,,False,False,False,False
B4,D,0,9,0.10849784314632416,5.083984375,0.061403486877679825,0.9941114187240601,,,,,False,False,False,False
B4,D,0,10,0.09727663546800613,3.396484375,0.0497884564101696,0.9952657222747803,,,,,False,False,False,False
B4,D,0,11,0.07989656180143356,3.3466796875,0.03432868421077728,0.9968021512031555,,,,,False,False,False,False
B4,D,0,12,0.08487946540117264,3.44140625,0.041891299188137054,0.996390163898468,,,,,False,False,False,False
B4,D,0,13,0.108961321413517,3.796875,0.06789031624794006,0.9940577149391174,,,,,False,False,False,False
B4,D,0,14,0.11617311835289001,5.306640625,0.08123607933521271,0.9932514429092407,,,,,False,False,False,False
B4,D,0,15,0.10109952092170715,3.162109375,0.05785759165883064,0.9948837757110596,,,,,False,False,False,False
B4,D,0,16,0.08500293642282486,3.216796875,0.04579892382025719,0.9963862299919128,,,,,False,False,False,False
B4,D,0,17,0.10945695638656616,3.447265625,0.06513063609600067,0.9940051436424255,,,,,False,False,False,False
B4,D,0,18,0.1088106632232666,3.3076171875,0.06328350305557251,0.994073212146759,,,,,False,False,False,False
B4,D,0,19,0.10531533509492874,3.36328125,0.05961619317531586,0.9944522380828857,,,,,False,False,False,False
B4,D,0,20,0.10137016326189041,3.541259765625,0.05875317007303238,0.9948570132255554,,,,,False,False,False,False
B4,D,0,21,0.09784947335720062,4.3359375,0.05146297067403793,0.995211124420166,,,,,False,False,False,False
B4,D,0,22,0.09785318374633789,3.7421875,0.055419471114873886,0.995207667350769,,,,,False,False,False,False
B4,D,0,23,0.10784676671028137,4.2900390625,0.060546085238456726,0.9941818118095398,,,,,False,False,False,False
B4,D,0,24,0.08739621937274933,3.412109375,0.04296788200736046,0.9961813688278198,,,,,False,False,False,False
B4,D,0,25,0.11098676919937134,4.61328125,0.060769472271203995,0.9938358068466187,,,,,False,False,False,False
B4,D,0,26,0.10917553305625916,3.8828125,0.0763150304555893,0.9940392971038818,,,,,False,False,False,False
B4,D,0,27,0.09618456661701202,3.283203125,0.05450814962387085,0.9953800439834595,,,,,False,False,False,False
B4,D,0,28,0.11838560551404953,5.12109375,0.07521872967481613,0.9929898381233215,,,,,False,False,False,False
B4,D,0,29,0.11077757179737091,5.5703125,0.07514402270317078,0.993867039680481,,,,,False,False,False,False
B4,D,0,30,0.10741817206144333,4.09716796875,0.06236039847135544,0.994223952293396,,,,,False,False,False,False
B4,D,0,31,0.10448785871267319,4.81640625,0.05874814838171005,0.9945370554924011,,,,,False,False,False,False
B4,D,1,0,1.2620225788850803e-05,0.001953125,3.0169766773724405e-07,1.0000007152557373,,,,,False,False,False,False
B4,D,1,1,0.06752984970808029,5.666015625,0.020164357498288155,0.9977062344551086,,,,,False,False,False,False
B4,D,1,2,0.06049840524792671,3.826171875,0.015841947868466377,0.9981684684753418,,,,,False,False,False,False
B4,D,1,3,0.04584427922964096,4.5,0.00989337358623743,0.9989458322525024,,,,,False,False,False,False
B4,D,1,4,0.04641567915678024,5.03125,0.010627341456711292,0.9989228844642639,,,,,False,False,False,False
B4,D,1,5,0.06447526812553406,3.525390625,0.022170623764395714,0.9979206919670105,,,,,False,False,False,False
B4,D,1,6,0.03682328760623932,4.275390625,0.008196142502129078,0.9993214011192322,,,,,False,False,False,False
B4,D,1,7,0.035821180790662766,3.294921875,0.009325711987912655,0.9993586540222168,,,,,False,False,False,False
B4,D,1,8,0.09226501733064651,4.20703125,0.04932568594813347,0.9957461953163147,,,,,False,False,False,False
B4,D,1,9,0.1084037646651268,5.083984375,0.0613064169883728,0.9941219687461853,,,,,False,False,False,False
B4,D,1,10,0.09719172865152359,3.396484375,0.04972483962774277,0.9952740669250488,,,,,False,False,False,False
B4,D,1,11,0.07982577383518219,3.3466796875,0.034303877502679825,0.9968078136444092,,,,,False,False,False,False
B4,D,1,12,0.08480823785066605,3.44140625,0.04184543341398239,0.9963963031768799,,,,,False,False,False,False
B4,D,1,13,0.10884401947259903,3.796875,0.06780128926038742,0.9940704703330994,,,,,False,False,False,False
B4,D,1,14,0.1160382553935051,5.306640625,0.08111954480409622,0.993267297744751,,,,,False,False,False,False
B4,D,1,15,0.10099495202302933,3.162109375,0.05777929723262787,0.9948947429656982,,,,,False,False,False,False
B4,D,1,16,0.0849120169878006,3.216796875,0.04574623331427574,0.9963935613632202,,,,,False,False,False,False
B4,D,1,17,0.1093418076634407,3.447265625,0.06503859907388687,0.9940177798271179,,,,,False,False,False,False
B4,D,1,18,0.10868725180625916,3.3076171875,0.06319781392812729,0.9940864443778992,,,,,False,False,False,False
B4,D,1,19,0.10520389676094055,3.36328125,0.059534162282943726,0.9944638609886169,,,,,False,False,False,False
B4,D,1,20,0.1012628823518753,3.541259765625,0.05867397412657738,0.9948679804801941,,,,,False,False,False,False
B4,D,1,21,0.09774424880743027,4.3359375,0.0514017753303051,0.9952211380004883,,,,,False,False,False,False
B4,D,1,22,0.09774143993854523,3.7421875,0.055349525064229965,0.9952183365821838,,,,,False,False,False,False
B4,D,1,23,0.10772813111543655,4.2900390625,0.060467999428510666,0.9941944479942322,,,,,False,False,False,False
B4,D,1,24,0.08730058372020721,3.412109375,0.042922407388687134,0.9961898922920227,,,,,False,False,False,False
B4,D,1,25,0.11086533218622208,4.61328125,0.06069163605570793,0.9938494563102722,,,,,False,False,False,False
B4,D,1,26,0.10905176401138306,3.8828125,0.07620420306921005,0.994053065776825,,,,,False,False,False,False
B4,D,1,27,0.09607217460870743,3.283203125,0.05444444343447685,0.9953908324241638,,,,,False,False,False,False
B4,D,1,28,0.11824055761098862,5.12109375,0.07511682063341141,0.9930070638656616,,,,,False,False,False,False
B4,D,1,29,0.11065351217985153,5.5703125,0.07504245638847351,0.9938808679580688,,,,,False,False,False,False
B4,D,1,30,0.10729282349348068,4.09716796875,0.0622817799448967,0.9942376017570496,,,,,False,False,False,False
B4,D,1,31,0.10438508540391922,4.81640625,0.05867492035031319,0.9945476651191711,,,,,False,False,False,False
B4,D,2,0,1.9005667127203196e-05,0.0078125,5.97872826801904e-07,1.0000007152557373,,,,,False,False,False,False
B4,D,2,1,0.06746820360422134,5.666015625,0.02012588642537594,0.9977104067802429,,,,,False,False,False,False
B4,D,2,2,0.06044140085577965,3.826171875,0.015820039436221123,0.9981718063354492,,,,,False,False,False,False
B4,D,2,3,0.04579630866646767,4.5,0.009880132041871548,0.9989483952522278,,,,,False,False,False,False
B4,D,2,4,0.046369440853595734,5.03125,0.010613207705318928,0.9989251494407654,,,,,False,False,False,False
B4,D,2,5,0.06440876424312592,3.525390625,0.022135170176625252,0.9979252815246582,,,,,False,False,False,False
B4,D,2,6,0.036783166229724884,4.275390625,0.008190718479454517,0.9993228912353516,,,,,False,False,False,False
B4,D,2,7,0.03578163683414459,3.294921875,0.009318196214735508,0.9993602633476257,,,,,False,False,False,False
B4,D,2,8,0.09216064214706421,4.20703125,0.04924147203564644,0.9957561492919922,,,,,False,False,False,False
B4,D,2,9,0.10829165577888489,5.083984375,0.06120087578892708,0.9941341876983643,,,,,False,False,False,False
B4,D,2,10,0.09709468483924866,3.396484375,0.0496484637260437,0.995283305644989,,,,,False,False,False,False
B4,D,2,11,0.07974513620138168,3.3466796875,0.03425820171833038,0.9968143105506897,,,,,False,False,False,False
B4,D,2,12,0.08471730351448059,3.44140625,0.041781701147556305,0.9964040517807007,,,,,False,False,False,False
B4,D,2,13,0.10872381180524826,3.796875,0.06769073009490967,0.9940833449363708,,,,,False,False,False,False
B4,D,2,14,0.1159072071313858,5.306640625,0.08098120242357254,0.993282675743103,,,,,False,False,False,False
B4,D,2,15,0.10088879615068436,3.162109375,0.05768655240535736,0.9949057102203369,,,,,False,False,False,False
B4,D,2,16,0.08481331914663315,3.216796875,0.04567638412117958,0.9964017868041992,,,,,False,False,False,False
B4,D,2,17,0.10921915620565414,3.447265625,0.06493277847766876,0.9940313696861267,,,,,False,False,False,False
B4,D,2,18,0.10856422036886215,3.3076171875,0.06309516727924347,0.994100034236908,,,,,False,False,False,False
B4,D,2,19,0.10508382320404053,3.36328125,0.05943728983402252,0.9944764971733093,,,,,False,False,False,False
B4,D,2,20,0.10114899277687073,3.541259765625,0.05857929587364197,0.9948797225952148,,,,,False,False,False,False
B4,D,2,21,0.09762609750032425,4.3359375,0.05132751166820526,0.9952326416969299,,,,,False,False,False,False
B4,D,2,22,0.09762298315763474,3.7421875,0.055269211530685425,0.9952301383018494,,,,,False,False,False,False
B4,D,2,23,0.10759440809488297,4.2900390625,0.06037464365363121,0.9942090511322021,,,,,False,False,False,False
B4,D,2,24,0.08720149844884872,3.412109375,0.04286244511604309,0.9961985945701599,,,,,False,False,False,False
B4,D,2,25,0.11073949933052063,4.61328125,0.06059710308909416,0.9938632845878601,,,,,False,False,False,False
B4,D,2,26,0.1089305579662323,3.8828125,0.0760832205414772,0.9940664172172546,,,,,False,False,False,False
B4,D,2,27,0.09596668928861618,3.283203125,0.05437086522579193,0.9954009652137756,,,,,False,False,False,False
B4,D,2,28,0.11810710281133652,5.12109375,0.07499832659959793,0.9930230379104614,,,,,False,False,False,False
B4,D,2,29,0.11052338033914566,5.5703125,0.07492810487747192,0.9938950538635254,,,,,False,False,False,False
B4,D,2,30,0.10717067122459412,4.09716796875,0.06219053268432617,0.9942507147789001,,,,,False,False,False,False
B4,D,2,31,0.10428111255168915,4.81640625,0.058587390929460526,0.9945583939552307,,,,,False,False,False,False
B4,D,16,0,5.7435056078247726e-05,0.0078125,5.188014256418683e-06,0.9999960660934448,,,,,False,False,False,False
B4,D,16,1,0.09105020016431808,5.666015625,0.03479724004864693,0.9958410263061523,,,,,False,False,False,False
B4,D,16,2,0.0728016123175621,3.826171875,0.022909702733159065,0.9973474144935608,,,,,False,False,False,False
B4,D,16,3,0.05846531689167023,4.5,0.015981929376721382,0.998289942741394,,,,,False,False,False,False
B4,D,16,4,0.0616571307182312,5.03125,0.018210772424936295,0.998102605342865,,,,,False,False,False,False
B4,D,16,5,0.08175481110811234,3.525390625,0.03508506342768669,0.9966543912887573,,,,,False,False,False,False
B4,D,16,6,0.046577196568250656,4.275390625,0.012784221209585667,0.9989134073257446,,,,,False,False,False,False
B4,D,16,7,0.03733276203274727,3.294921875,0.009858150966465473,0.9993017911911011,,,,,False,False,False,False
B4,D,16,8,0.10580112040042877,4.20703125,0.06493144482374191,0.9944080710411072,,,,,False,False,False,False
B4,D,16,9,0.130715474486351,5.083984375,0.08870211243629456,0.9914548993110657,,,,,False,False,False,False
B4,D,16,10,0.1220163032412529,3.396484375,0.07793615013360977,0.9925562739372253,,,,,False,False,False,False
B4,D,16,11,0.10368014872074127,3.3662109375,0.0553668774664402,0.9946205615997314,,,,,False,False,False,False
B4,D,16,12,0.10343034565448761,3.44140625,0.06126370653510094,0.9946427941322327,,,,,False,False,False,False
B4,D,16,13,0.1370258778333664,3.796875,0.10945781320333481,0.9906030893325806,,,,,False,False,False,False
B4,D,16,14,0.1413653939962387,5.306640625,0.11772283166646957,0.9900119304656982,,,,,False,False,False,False
B4,D,16,15,0.12279709428548813,3.162109375,0.08489441126585007,0.9924544095993042,,,,,False,False,False,False
B4,D,16,16,0.10314774513244629,3.22265625,0.06687559932470322,0.9946805238723755,,,,,False,False,False,False
B4,D,16,17,0.135285422205925,3.447265625,0.09830927103757858,0.9908447861671448,,,,,False,False,False,False
B4,D,16,18,0.13519752025604248,3.3076171875,0.0972566157579422,0.9908531308174133,,,,,False,False,False,False
B4,D,16,19,0.1367896944284439,3.36328125,0.09788045287132263,0.9906412363052368,,,,,False,False,False,False
B4,D,16,20,0.12588316202163696,3.541259765625,0.08714503794908524,0.9920722842216492,,,,,False,False,False,False
B4,D,16,21,0.13779497146606445,4.3359375,0.095645010471344,0.9904972314834595,,,,,False,False,False,False
B4,D,16,22,0.12607738375663757,3.7421875,0.08756943047046661,0.99204421043396,,,,,False,False,False,False
B4,D,16,23,0.14908616244792938,4.2900390625,0.11052176356315613,0.9888854622840881,,,,,False,False,False,False
B4,D,16,24,0.11381164193153381,3.412109375,0.06936784088611603,0.9935238361358643,,,,,False,False,False,False
B4,D,16,25,0.1450275033712387,4.61328125,0.1028270274400711,0.9894719123840332,,,,,False,False,False,False
B4,D,16,26,0.1361771523952484,3.8828125,0.11572191119194031,0.9907289743423462,,,,,False,False,False,False
B4,D,16,27,0.12464082986116409,3.283203125,0.08642598241567612,0.9922343492507935,,,,,False,False,False,False
B4,D,16,28,0.1549118012189865,5.12109375,0.12389318645000458,0.9879994988441467,,,,,False,False,False,False
B4,D,16,29,0.14603379368782043,5.5703125,0.12618675827980042,0.989337682723999,,,,,False,False,False,False
B4,D,16,30,0.14127188920974731,4.09716796875,0.10330937057733536,0.9900164604187012,,,,,False,False,False,False
B4,D,16,31,0.1386537253856659,4.81640625,0.09767472743988037,0.9903833866119385,,,,,False,False,False,False
B4,D,127,0,0.00014703396300319582,0.0078125,3.406087125767954e-05,0.9999989867210388,,,,,False,False,False,False
B4,D,127,1,0.08260587602853775,5.666015625,0.028828158974647522,0.9965773224830627,,,,,False,False,False,False
B4,D,127,2,0.06589812785387039,3.826171875,0.019933614879846573,0.9978264570236206,,,,,False,False,False,False
B4,D,127,3,0.05284013971686363,4.5,0.014092596247792244,0.9986060261726379,,,,,False,False,False,False
B4,D,127,4,0.05581488460302353,5.03125,0.015905631706118584,0.998447060585022,,,,,False,False,False,False
B4,D,127,5,0.07405497878789902,3.525390625,0.030103053897619247,0.9972612857818604,,,,,False,False,False,False
B4,D,127,6,0.04218224436044693,4.275390625,0.011906666681170464,0.9991106986999512,,,,,False,False,False,False
B4,D,127,7,0.033809587359428406,3.294921875,0.00968219805508852,0.9994334578514099,,,,,False,False,False,False
B4,D,127,8,0.09526025503873825,4.20703125,0.05563255399465561,0.995469868183136,,,,,False,False,False,False
B4,D,127,9,0.11764844506978989,5.083984375,0.07631570100784302,0.9930792450904846,,,,,False,False,False,False
B4,D,127,10,0.11023905128240585,3.396484375,0.06810413300991058,0.993924617767334,,,,,False,False,False,False
B4,D,127,11,0.09414250403642654,3.3662109375,0.050434716045856476,0.9955670833587646,,,,,False,False,False,False
B4,D,127,12,0.09391063451766968,3.44140625,0.055289290845394135,0.9955887198448181,,,,,False,False,False,False
B4,D,127,13,0.12459264695644379,3.796875,0.0974188819527626,0.9922366142272949,,,,,False,False,False,False
B4,D,127,14,0.12844349443912506,5.306640625,0.1042100340127945,0.9917587041854858,,,,,False,False,False,False
B4,D,127,15,0.11154297739267349,3.162109375,0.07652532309293747,0.9937829375267029,,,,,False,False,False,False
B4,D,127,16,0.0938899964094162,3.22265625,0.0612298920750618,0.9955989718437195,,,,,False,False,False,False
B4,D,127,17,0.12324412912130356,3.447265625,0.08711344003677368,0.9924042820930481,,,,,False,False,False,False
B4,D,127,18,0.12282367795705795,3.3076171875,0.08633562177419662,0.9924548864364624,,,,,False,False,False,False
B4,D,127,19,0.12369566410779953,3.36328125,0.08626116067171097,0.992350161075592,,,,,False,False,False,False
B4,D,127,20,0.11397174000740051,3.541259765625,0.07778292149305344,0.9935093522071838,,,,,False,False,False,False
B4,D,127,21,0.12495987862348557,4.3359375,0.08544112741947174,0.9921923875808716,,,,,False,False,False,False
B4,D,127,22,0.11443091928958893,3.7421875,0.07874299585819244,0.9934511780738831,,,,,False,False,False,False
B4,D,127,23,0.13474173843860626,4.2900390625,0.0976177304983139,0.9909300208091736,,,,,False,False,False,False
B4,D,127,24,0.10333161056041718,3.412109375,0.0633191168308258,0.9946693778038025,,,,,False,False,False,False
B4,D,127,25,0.13126389682292938,4.61328125,0.09092119336128235,0.9913844466209412,,,,,False,False,False,False
B4,D,127,26,0.12303416430950165,3.8828125,0.1022522822022438,0.9924361705780029,,,,,False,False,False,False
B4,D,127,27,0.11298493295907974,3.283203125,0.07799918949604034,0.9936193227767944,,,,,False,False,False,False
B4,D,127,28,0.13948847353458405,5.12109375,0.10880475491285324,0.9902752041816711,,,,,False,False,False,False
B4,D,127,29,0.13187669217586517,5.5703125,0.11067282408475876,0.9913083910942078,,,,,False,False,False,False
B4,D,127,30,0.12731429934501648,4.09716796875,0.09202530235052109,0.9919023513793945,,,,,False,False,False,False
B4,D,127,31,0.12552541494369507,4.81640625,0.08583953231573105,0.9921261072158813,,,,,False,False,False,False
B4,D,128,0,0.00014737002493347973,0.0078125,3.426106559345499e-05,0.9999985098838806,,,,,False,False,False,False
B4,D,128,1,0.08253680914640427,5.666015625,0.028783809393644333,0.9965828657150269,,,,,False,False,False,False
B4,D,128,2,0.06583648920059204,3.826171875,0.019909804686903954,0.9978305697441101,,,,,False,False,False,False
B4,D,128,3,0.052791956812143326,4.5,0.01407727412879467,0.9986085295677185,,,,,False,False,False,False
B4,D,128,4,0.05576677992939949,5.03125,0.01588595286011696,0.9984497427940369,,,,,False,False,False,False
B4,D,128,5,0.07399530708789825,3.525390625,0.030063141137361526,0.9972656965255737,,,,,False,False,False,False
B4,D,128,6,0.04214701056480408,4.275390625,0.011896821670234203,0.9991121888160706,,,,,False,False,False,False
B4,D,128,7,0.033779241144657135,3.294921875,0.009675838053226471,0.9994345903396606,,,,,False,False,False,False
B4,D,128,8,0.09515456110239029,4.20703125,0.05555634945631027,0.9954800605773926,,,,,False,False,False,False
B4,D,128,9,0.11751630902290344,5.083984375,0.07620923221111298,0.9930949211120605,,,,,False,False,False,False
B4,D,128,10,0.11012470722198486,3.396484375,0.06801150739192963,0.9939371347427368,,,,,False,False,False,False
B4,D,128,11,0.09404264390468597,3.3662109375,0.05036997050046921,0.9955766201019287,,,,,False,False,False,False
B4,D,128,12,0.09381518512964249,3.44140625,0.05521581694483757,0.995597779750824,,,,,False,False,False,False
B4,D,128,13,0.12446728348731995,3.796875,0.09728683531284332,0.9922522306442261,,,,,False,False,False,False
B4,D,128,14,0.12832382321357727,5.306640625,0.10406527668237686,0.9917738437652588,,,,,False,False,False,False
B4,D,128,15,0.11143580079078674,3.162109375,0.07644481956958771,0.9937950968742371,,,,,False,False,False,False
B4,D,128,16,0.09379982203245163,3.22265625,0.06116389110684395,0.995607852935791,,,,,False,False,False,False
B4,D,128,17,0.12313103675842285,3.447265625,0.08699948340654373,0.9924183487892151,,,,,False,False,False,False
B4,D,128,18,0.12270485609769821,3.3076171875,0.08622252196073532,0.9924691915512085,,,,,False,False,False,False
B4,D,128,19,0.12357102334499359,3.36328125,0.08614923059940338,0.9923656582832336,,,,,False,False,False,False
B4,D,128,20,0.11385542154312134,3.541259765625,0.07768598943948746,0.9935227036476135,,,,,False,False,False,False
B4,D,128,21,0.12483356148004532,4.3359375,0.08533193916082382,0.9922078847885132,,,,,False,False,False,False
B4,D,128,22,0.1143115758895874,3.7421875,0.07864683121442795,0.9934648871421814,,,,,False,False,False,False
B4,D,128,23,0.1346091479063034,4.2900390625,0.09749215841293335,0.990947961807251,,,,,False,False,False,False
B4,D,128,24,0.10322535037994385,3.412109375,0.06324635446071625,0.9946801662445068,,,,,False,False,False,False
B4,D,128,25,0.13113270699977875,4.61328125,0.09080374240875244,0.9914022088050842,,,,,False,False,False,False
B4,D,128,26,0.12290071696043015,3.8828125,0.10215010493993759,0.9924523830413818,,,,,False,False,False,False
B4,D,128,27,0.11287374049425125,3.283203125,0.07793241739273071,0.9936319589614868,,,,,False,False,False,False
B4,D,128,28,0.13933390378952026,5.12109375,0.10868644714355469,0.9902969002723694,,,,,False,False,False,False
B4,D,128,29,0.13174118101596832,5.5703125,0.11055281013250351,0.9913263916969299,,,,,False,False,False,False
B4,D,128,30,0.12717993557453156,4.09716796875,0.09196365624666214,0.9919194579124451,,,,,False,False,False,False
B4,D,128,31,0.12540584802627563,4.81640625,0.08576049655675888,0.9921413660049438,,,,,False,False,False,False
B4,D,129,0,0.0001479629281675443,0.0078125,3.45205444318708e-05,0.9999986886978149,,,,,False,False,False,False
B4,D,129,1,0.08245857059955597,5.666015625,0.028739526867866516,0.9965892434120178,,,,,False,False,False,False
B4,D,129,2,0.06577659398317337,3.826171875,0.019888602197170258,0.9978345036506653,,,,,False,False,False,False
B4,D,129,3,0.052747517824172974,4.5,0.014064562506973743,0.9986108541488647,,,,,False,False,False,False
B4,D,129,4,0.05571824684739113,5.03125,0.015868205577135086,0.9984524250030518,,,,,False,False,False,False
B4,D,129,5,0.07393627613782883,3.525390625,0.030025098472833633,0.9972702264785767,,,,,False,False,False,False
B4,D,129,6,0.04211350902915001,4.275390625,0.011889164336025715,0.9991136193275452,,,,,False,False,False,False
B4,D,129,7,0.033755067735910416,3.294921875,0.009679894894361496,0.9994354844093323,,,,,False,False,False,False
B4,D,129,8,0.0950927883386612,4.20703125,0.05550285801291466,0.9954859018325806,,,,,False,False,False,False
B4,D,129,9,0.11744122952222824,5.083984375,0.07613007724285126,0.9931036829948425,,,,,False,False,False,False
B4,D,129,10,0.11005710810422897,3.396484375,0.06795208156108856,0.9939448237419128,,,,,False,False,False,False
B4,D,129,11,0.09399574249982834,3.3662109375,0.05036085844039917,0.9955810308456421,,,,,False,False,False,False
B4,D,129,12,0.09376615285873413,3.44140625,0.05520697683095932,0.9956026673316956,,,,,False,False,False,False
B4,D,129,13,0.12439074367284775,3.796875,0.09723194688558578,0.9922618865966797,,,,,False,False,False,False
B4,D,129,14,0.12824706733226776,5.306640625,0.10400846600532532,0.9917839765548706,,,,,False,False,False,False
B4,D,129,15,0.11137289553880692,3.162109375,0.07642930746078491,0.9938020706176758,,,,,False,False,False,False
B4,D,129,16,0.09376143664121628,3.22265625,0.061194803565740585,0.9956115484237671,,,,,False,False,False,False
B4,D,129,17,0.12306983768939972,3.447265625,0.08700650930404663,0.9924260377883911,,,,,False,False,False,False
B4,D,129,18,0.12263573706150055,3.3076171875,0.08622689545154572,0.9924777746200562,,,,,False,False,False,False
B4,D,129,19,0.12349949032068253,3.36328125,0.08615119755268097,0.9923744201660156,,,,,False,False,False,False
B4,D,129,20,0.11379598826169968,3.541259765625,0.07771909236907959,0.9935293197631836,,,,,False,False,False,False
B4,D,129,21,0.1247793585062027,4.3359375,0.0853816419839859,0.9922149181365967,,,,,False,False,False,False
B4,D,129,22,0.1142616793513298,3.7421875,0.07869676500558853,0.9934705495834351,,,,,False,False,False,False
B4,D,129,23,0.13453921675682068,4.2900390625,0.09750733524560928,0.9909573793411255,,,,,False,False,False,False
B4,D,129,24,0.1031765341758728,3.412109375,0.06330905109643936,0.9946852326393127,,,,,False,False,False,False
B4,D,129,25,0.1310672014951706,4.61328125,0.09084142744541168,0.9914105534553528,,,,,False,False,False,False
B4,D,129,26,0.1228361651301384,3.8828125,0.10217061638832092,0.9924602508544922,,,,,False,False,False,False
B4,D,129,27,0.11281328648328781,3.283203125,0.07797142118215561,0.9936386942863464,,,,,False,False,False,False
B4,D,129,28,0.1392456740140915,5.12109375,0.10868439078330994,0.9903088212013245,,,,,False,False,False,False
B4,D,129,29,0.1316521316766739,5.5703125,0.11053295433521271,0.9913380742073059,,,,,False,False,False,False
B4,D,129,30,0.1270880550146103,4.09716796875,0.09197130054235458,0.9919309020042419,,,,,False,False,False,False
B4,D,129,31,0.12530341744422913,4.81640625,0.08572233468294144,0.9921541213989258,,,,,False,False,False,False
B4,D,255,0,0.0034299148246645927,3.1298828125,8.149947097990662e-05,0.9999948740005493,,,,,False,False,False,False
B4,D,255,1,0.08852560073137283,5.666015625,0.03371536731719971,0.9960789680480957,,,,,False,False,False,False
B4,D,255,2,0.06922169774770737,3.826171875,0.023630233481526375,0.9976074695587158,,,,,False,False,False,False
B4,D,255,3,0.06054152548313141,4.5,0.018786363303661346,0.9981720447540283,,,,,False,False,False,False
B4,D,255,4,0.06003084033727646,5.03125,0.019234009087085724,0.9982085824012756,,,,,False,False,False,False
B4,D,255,5,0.08069367706775665,3.525390625,0.03652702644467354,0.9967542290687561,,,,,False,False,False,False
B4,D,255,6,0.04875096678733826,4.275390625,0.016742689535021782,0.9988160133361816,,,,,False,False,False,False
B4,D,255,7,0.033365678042173386,3.294921875,0.010679835453629494,0.9994582533836365,,,,,False,False,False,False
B4,D,255,8,0.09603643417358398,4.20703125,0.05936114490032196,0.9953963160514832,,,,,False,False,False,False
B4,D,255,9,0.11970115453004837,5.083984375,0.08120158314704895,0.992840588092804,,,,,False,False,False,False
B4,D,255,10,0.11203020811080933,3.396484375,0.07353802025318146,0.993729293346405,,,,,False,False,False,False
B4,D,255,11,0.10079221427440643,3.52734375,0.060364171862602234,0.9949250817298889,,,,,False,False,False,False
B4,D,255,12,0.1023528128862381,3.44140625,0.06719344109296799,0.994766116142273,,,,,False,False,False,False
B4,D,255,13,0.13477009534835815,3.796875,0.11845901608467102,0.9909228682518005,,,,,False,False,False,False
B4,D,255,14,0.13262374699115753,5.306640625,0.11516726016998291,0.9912206530570984,,,,,False,False,False,False
B4,D,255,15,0.11985946446657181,4.1484375,0.09288224577903748,0.9928229451179504,,,,,False,False,False,False
B4,D,255,16,0.0977972149848938,3.22265625,0.06993705779314041,0.9952273368835449,,,,,False,False,False,False
B4,D,255,17,0.1294364631175995,4.88916015625,0.09978044778108597,0.9916247129440308,,,,,False,False,False,False
B4,D,255,18,0.12756922841072083,3.3076171875,0.09765501320362091,0.9918655753135681,,,,,False,False,False,False
B4,D,255,19,0.13276998698711395,3.36328125,0.10325287282466888,0.9911884665489197,,,,,False,False,False,False
B4,D,255,20,0.11763592809438705,3.541259765625,0.0858464166522026,0.9930885434150696,,,,,False,False,False,False
B4,D,255,21,0.1380922943353653,4.3359375,0.10710012912750244,0.9904801845550537,,,,,False,False,False,False
B4,D,255,22,0.12164583802223206,3.7421875,0.09217354655265808,0.9926067590713501,,,,,False,False,False,False
B4,D,255,23,0.1433127373456955,4.2900390625,0.11505051702260971,0.9897434711456299,,,,,False,False,False,False
B4,D,255,24,0.10892713814973831,3.412109375,0.07406120002269745,0.9940776228904724,,,,,False,False,False,False
B4,D,255,25,0.14167794585227966,4.61328125,0.10984329134225845,0.9899734854698181,,,,,False,False,False,False
B4,D,255,26,0.13092294335365295,3.8828125,0.11917579919099808,0.991436779499054,,,,,False,False,False,False
B4,D,255,27,0.11897913366556168,3.345703125,0.09030944108963013,0.9929302334785461,,,,,False,False,False,False
B4,D,255,28,0.15033788979053497,5.12109375,0.13144461810588837,0.9887022972106934,,,,,False,False,False,False
B4,D,255,29,0.13898858428001404,5.5703125,0.12753474712371826,0.9903540015220642,,,,,False,False,False,False
B4,D,255,30,0.136246919631958,4.09716796875,0.10949134081602097,0.990729808807373,,,,,False,False,False,False
B4,D,255,31,0.13340383768081665,4.81640625,0.09941107034683228,0.9911149144172668,,,,,False,False,False,False
B4,D,256,0,0.0034281346015632153,3.1298828125,8.158697164617479e-05,0.9999948143959045,,,,,False,False,False,False
B4,D,256,1,0.088470458984375,5.666015625,0.033671993762254715,0.9960839152336121,,,,,False,False,False,False
B4,D,256,2,0.06918169558048248,3.826171875,0.023604407906532288,0.9976100921630859,,,,,False,False,False,False
B4,D,256,3,0.06050406023859978,4.5,0.018767142668366432,0.9981738924980164,,,,,False,False,False,False
B4,D,256,4,0.05999283865094185,5.03125,0.019215190783143044,0.9982110261917114,,,,,False,False,False,False
B4,D,256,5,0.0806417167186737,3.525390625,0.036491286009550095,0.9967585802078247,,,,,False,False,False,False
B4,D,256,6,0.04871968924999237,4.275390625,0.016740623861551285,0.9988176226615906,,,,,False,False,False,False
B4,D,256,7,0.03334818780422211,3.294921875,0.010693064890801907,0.9994590282440186,,,,,False,False,False,False
B4,D,256,8,0.09597939997911453,4.20703125,0.05932064354419708,0.9954017996788025,,,,,False,False,False,False
B4,D,256,9,0.11963321268558502,5.083984375,0.08114264160394669,0.9928485155105591,,,,,False,False,False,False
B4,D,256,10,0.11196712404489517,3.396484375,0.07349330931901932,0.9937365651130676,,,,,False,False,False,False
B4,D,256,11,0.10073396563529968,3.52734375,0.06034524366259575,0.994931161403656,,,,,False,False,False,False
B4,D,256,12,0.10229197889566422,3.44140625,0.06716000288724899,0.9947722554206848,,,,,False,False,False,False
B4,D,256,13,0.13467749953269958,3.796875,0.11837542057037354,0.9909353256225586,,,,,False,False,False,False
B4,D,256,14,0.13252539932727814,5.306640625,0.11507576704025269,0.9912335276603699,,,,,False,False,False,False
B4,D,256,15,0.11977916955947876,4.1484375,0.09282026439905167,0.9928327202796936,,,,,False,False,False,False
B4,D,256,16,0.09773007780313492,3.22265625,0.06990012526512146,0.995233952999115,,,,,False,False,False,False
B4,D,256,17,0.12934985756874084,4.88916015625,0.09969688206911087,0.9916359186172485,,,,,False,False,False,False
B4,D,256,18,0.12747657299041748,3.3076171875,0.09757057577371597,0.9918773770332336,,,,,False,False,False,False
B4,D,256,19,0.13267841935157776,3.36328125,0.1031564399600029,0.9912008047103882,,,,,False,False,False,False
B4,D,256,20,0.11755596846342087,3.541259765625,0.08577525615692139,0.9930979609489441,,,,,False,False,False,False
B4,D,256,21,0.137994647026062,4.3359375,0.10699925571680069,0.9904938340187073,,,,,False,False,False,False
B4,D,256,22,0.121558278799057,3.7421875,0.09209796041250229,0.9926177859306335,,,,,False,False,False,False
B4,D,256,23,0.14321093261241913,4.2900390625,0.11494279652833939,0.9897582530975342,,,,,False,False,False,False
B4,D,256,24,0.10885182023048401,3.412109375,0.07400592416524887,0.9940856099128723,,,,,False,False,False,False
B4,D,256,25,0.14157851040363312,4.61328125,0.10974059253931046,0.9899877309799194,,,,,False,False,False,False
B4,D,256,26,0.13082870841026306,3.8828125,0.1190609410405159,0.9914492964744568,,,,,False,False,False,False
B4,D,256,27,0.11889079958200455,3.345703125,0.09023600816726685,0.9929406642913818,,,,,False,False,False,False
B4,D,256,28,0.1502206176519394,5.12109375,0.13131631910800934,0.988720178604126,,,,,False,False,False,False
B4,D,256,29,0.13888943195343018,5.5703125,0.12741105258464813,0.9903678297996521,,,,,False,False,False,False
B4,D,256,30,0.13614904880523682,4.09716796875,0.109400175511837,0.9907435774803162,,,,,False,False,False,False
B4,D,256,31,0.13331955671310425,4.81640625,0.0993170216679573,0.9911263585090637,,,,,False,False,False,False
B4,D,257,0,0.00342605821788311,3.1298828125,8.16875253804028e-05,0.9999948143959045,,,,,False,False,False,False
B4,D,257,1,0.08841712772846222,5.666015625,0.0336286686360836,0.9960885047912598,,,,,False,False,False,False
B4,D,257,2,0.06914013624191284,3.826171875,0.023587407544255257,0.9976130127906799,,,,,False,False,False,False
B4,D,257,3,0.060463014990091324,4.5,0.01874985359609127,0.9981765747070312,,,,,False,False,False,False
B4,D,257,4,0.05995359644293785,5.03125,0.019197698682546616,0.9982132911682129,,,,,False,False,False,False
B4,D,257,5,0.08058812469244003,3.525390625,0.03645644709467888,0.9967628121376038,,,,,False,False,False,False
B4,D,257,6,0.048686183989048004,4.275390625,0.016731854528188705,0.9988194108009338,,,,,False,False,False,False
B4,D,257,7,0.03332486376166344,3.294921875,0.010693112388253212,0.9994599223136902,,,,,False,False,False,False
B4,D,257,8,0.09591329097747803,4.20703125,0.05926012620329857,0.9954084753990173,,,,,False,False,False,False
B4,D,257,9,0.11955740302801132,5.083984375,0.08105648308992386,0.9928574562072754,,,,,False,False,False,False
B4,D,257,10,0.11189746111631393,3.396484375,0.07341994345188141,0.9937447905540466,,,,,False,False,False,False
B4,D,257,11,0.10067187249660492,3.52734375,0.06029215827584267,0.9949376583099365,,,,,False,False,False,False
B4,D,257,12,0.10222138464450836,3.44140625,0.06709293276071548,0.9947794675827026,,,,,False,False,False,False
B4,D,257,13,0.13458164036273956,3.796875,0.11827012896537781,0.9909486174583435,,,,,False,False,False,False
B4,D,257,14,0.1324300616979599,5.306640625,0.1149652898311615,0.9912460446357727,,,,,False,False,False,False
B4,D,257,15,0.11969859153032303,4.1484375,0.09273720532655716,0.992841899394989,,,,,False,False,False,False
B4,D,257,16,0.09765811264514923,3.22265625,0.06984273344278336,0.995241105556488,,,,,False,False,False,False
B4,D,257,17,0.12925660610198975,4.88916015625,0.09959681332111359,0.9916480183601379,,,,,False,False,False,False
B4,D,257,18,0.1273844987154007,3.3076171875,0.09747205674648285,0.9918892979621887,,,,,False,False,False,False
B4,D,257,19,0.13258028030395508,3.36328125,0.1030462309718132,0.9912140369415283,,,,,False,False,False,False
B4,D,257,20,0.11747127771377563,3.541259765625,0.08569013327360153,0.9931080341339111,,,,,False,False,False,False
B4,D,257,21,0.13788773119449615,4.3359375,0.10688626766204834,0.9905089139938354,,,,,False,False,False,False
B4,D,257,22,0.12146484851837158,3.7421875,0.09200995415449142,0.9926290512084961,,,,,False,False,False,False
B4,D,257,23,0.14309771358966827,4.2900390625,0.11482197046279907,0.989774763584137,,,,,False,False,False,False
B4,D,257,24,0.1087740957736969,3.412109375,0.07393623143434525,0.9940943121910095,,,,,False,False,False,False
B4,D,257,25,0.14147669076919556,4.61328125,0.10962221771478653,0.9900023341178894,,,,,False,False,False,False
B4,D,257,26,0.13073855638504028,3.8828125,0.11893277615308762,0.9914611577987671,,,,,False,False,False,False
B4,D,257,27,0.1188085749745369,3.345703125,0.09014632552862167,0.992950439453125,,,,,False,False,False,False
B4,D,257,28,0.15011386573314667,5.12109375,0.1311718374490738,0.988736093044281,,,,,False,False,False,False
B4,D,257,29,0.13878633081912994,5.5703125,0.12727051973342896,0.9903820753097534,,,,,False,False,False,False
B4,D,257,30,0.13605430722236633,4.09716796875,0.10928691178560257,0.9907565116882324,,,,,False,False,False,False
B4,D,257,31,0.13323450088500977,4.81640625,0.09921009838581085,0.991137683391571,,,,,False,False,False,False
