active_batch_cache_enabled,active_capacity,allocator_protocol_valid,arrival_protocol,batch_size,cache_mode,completed_requests,compressed_domain_runtime_preserved,context_length,decode_length,decode_only_wall_ms,decode_window_peak_cuda_allocated_bytes,decode_window_peak_cuda_reserved_bytes,failure_class,fallback_count,fixed_split_softmax_enabled,fp16_tail_value_fusion_enabled,full_lifecycle_peak_cuda_allocated_bytes,full_lifecycle_peak_cuda_reserved_bytes,full_model_forward_executed,git_sha,gpu_uuid,historical_fp16_k_materialization,historical_fp16_v_materialization,initial_prefill_ms,invalid_reason,kv_pool_bytes,max_active_batch_size,mean_active_batch_size,mean_decode_first_token_ms,mean_tpot_ms,median_tpot_ms,membership_changes_in_timed_window,method,method_config,min_active_batch_size,mixed_v_backend,model,model_config,output_tokens,p95_tpot_ms,page_batch_pack_calls,peak_cuda_allocated_bytes,peak_cuda_reserved_bytes,phase,physical_gpu,prefill_calls_in_timed_window,prefill_prep_s,prefill_tokens_in_timed_window,pytorch_cuda_alloc_conf,refill_calls_in_timed_window,run_index,run_valid,scheduler,scheduler_overhead_s,scope,selective_prefill_enabled,serial_attention_dispatches,serial_mlp_request_dispatches,serial_request_forward_dispatches,serial_rmsnorm_request_dispatches,status,subprocess_isolation,system_profile_enabled,throughput_tokens_s,total_requests,true_batch_preserved,wall_time_s,warmup,warmup_result,workload_hash,returncode,stderr_tail
1,1,True,saturated_steady_state,1,,1,False,2048,8,244.86762890592217,16612160512,16678649856,,0,1,1,16612160512,16678649856,True,0978f629f1397e337b3d58b0b9741535ce3df2ee,GPU-624f86d9-284b-cb46-a671-51d77559dab6,,,519.343287916854,,16612160512,1,1.0,32.37401391379535,30.604021856561303,30.604021856561303,0,FP16_FULL_MODEL,,1,,DeepSeek-R1-Distill-Llama-8B,"{'head_dim': 128, 'hidden_size': 4096, 'num_attention_heads': 32, 'num_hidden_layers': 32, 'num_key_value_heads': 8}",8,30.604021856561303,0,16612160512,16678649856,batch_scaling,1,0,0.5192296940367669,0,expandable_segments:True,0,0,True,FIFO,0.0,full_model_decode_serving,1,0,0,0,0,PASS,True,0,32.67071288983482,1,True,0.24486762890592217,False,"{'active_capacity': 1, 'arrival_protocol': 'saturated_steady_state', 'completed_requests': 1, 'compressed_domain_runtime_preserved': False, 'context_length': 2048, 'decode_length': 8, 'decode_only_wall_ms': 286.35284095071256, 'decode_window_peak_cuda_allocated_bytes': 16612160512, 'decode_window_peak_cuda_reserved_bytes': 16678649856, 'fallback_count': 0, 'full_lifecycle_peak_cuda_allocated_bytes': 16612160512, 'full_lifecycle_peak_cuda_reserved_bytes': 16678649856, 'full_model_forward_executed': True, 'historical_fp16_k_materialization': None, 'historical_fp16_v_materialization': None, 'initial_prefill_ms': 1056.7326780874282, 'invalid_reason': '', 'kv_pool_bytes': 16612160512, 'max_active_batch_size': 1, 'mean_active_batch_size': 1.0, 'mean_decode_first_token_ms': 75.99179190583527, 'mean_tpot_ms': 35.78969923546538, 'median_tpot_ms': 35.78969923546538, 'membership_changes_in_timed_window': 0, 'method': 'FP16_FULL_MODEL', 'min_active_batch_size': 1, 'model': 'DeepSeek-R1-Distill-Llama-8B', 'output_tokens': 8, 'p95_tpot_ms': 35.78969923546538, 'page_batch_pack_calls': 0, 'peak_cuda_allocated_bytes': 16612160512, 'peak_cuda_reserved_bytes': 16678649856, 'physical_gpu': 1, 'prefill_calls_in_timed_window': 0, 'prefill_prep_s': 1.0566157649736851, 'prefill_tokens_in_timed_window': 0, 'refill_calls_in_timed_window': 0, 'run_index': -1, 'run_valid': True, 'scheduler': 'FIFO', 'scheduler_overhead_s': 0.0, 'scope': 'full_model_decode_serving', 'serial_attention_dispatches': 0, 'serial_mlp_request_dispatches': 0, 'serial_request_forward_dispatches': 0, 'serial_rmsnorm_request_dispatches': 0, 'throughput_tokens_s': 27.937561134156763, 'total_requests': 1, 'true_batch_preserved': True, 'wall_time_s': 0.28635284095071256, 'warmup': True, 'workload_hash': '84b535aa485e36d3e3ef3baa517b896c3aa6f4b40ab9e91cd042a7a50686d7da'}",84b535aa485e36d3e3ef3baa517b896c3aa6f4b40ab9e91cd042a7a50686d7da,0,"You are attempting to use Flash Attention 2.0 with a model not initialized on GPU. Make sure to move the model to GPU after initializing it on CPU with `model.to('cuda')`.

Loading checkpoint shards:   0%|          | 0/2 [00:00<?, ?it/s]
Loading checkpoint shards:  50%|█████     | 1/2 [00:01<00:01,  1.06s/it]
Loading checkpoint shards: 100%|██████████| 2/2 [00:02<00:00,  1.01it/s]
Loading checkpoint shards: 100%|██████████| 2/2 [00:02<00:00,  1.00s/it]
We detected that you are passing `past_key_values` as a tuple and this is deprecated and will be removed in v4.43. Please use an appropriate `Cache` class (https://huggingface.co/docs/transformers/v4.41.3/en/internal/generation_utils#transformers.Cache)
"
1,1,True,saturated_steady_state,1,,1,False,2048,8,551.7732228618115,16142532096,16433283072,,0,1,1,16372932608,16433283072,True,0978f629f1397e337b3d58b0b9741535ce3df2ee,GPU-624f86d9-284b-cb46-a671-51d77559dab6,,,534.1457270551473,,16372932608,1,1.0,63.528147991746664,68.9668008708395,68.9668008708395,0,KIVI_PAPER_G128_FULL_MODEL,"{'asym': True, 'backend_method': 'kivi_official', 'cache_mode': None, 'compact_kernel_storage_note': 'Packed payload plus FP16 scale/min; Python cache may store indices/masks at wider tensor dtypes.', 'group_size': 128, 'initial_pattern_count': None, 'k_bits': 2, 'key_quant_axis': 'per-channel: quantize transposed K along token axis', 'kivi_quantized_region_theoretical_bits': 2.25, 'method': 'kivi_paper_g128', 'mixed_key_int4_ratio': 0.0, 'mixed_key_mask_path': '', 'pattern_group': None, 'pattern_selection_position': None, 'patternkv_cache_path': None, 'quantized_region_affine_bits': 2.25, 'recent_length': 128, 'residual_length': 128, 'sink_length': 0, 'v_bits': 2, 'value_quant_axis': 'per-token: quantize V along head_dim axis'}",1,,DeepSeek-R1-Distill-Llama-8B,"{'head_dim': 128, 'hidden_size': 4096, 'num_attention_heads': 32, 'num_hidden_layers': 32, 'num_key_value_heads': 8}",8,68.9668008708395,0,16372932608,16433283072,batch_scaling,1,0,0.5340990209951997,0,expandable_segments:True,0,0,True,FIFO,0.0,full_model_decode_serving,1,0,0,0,0,PASS,True,0,14.498710101420697,1,True,0.5517732228618115,False,"{'active_capacity': 1, 'arrival_protocol': 'saturated_steady_state', 'completed_requests': 1, 'compressed_domain_runtime_preserved': False, 'context_length': 2048, 'decode_length': 8, 'decode_only_wall_ms': 526.4178919605911, 'decode_window_peak_cuda_allocated_bytes': 16142532096, 'decode_window_peak_cuda_reserved_bytes': 16433283072, 'fallback_count': 0, 'full_lifecycle_peak_cuda_allocated_bytes': 16372932608, 'full_lifecycle_peak_cuda_reserved_bytes': 16433283072, 'full_model_forward_executed': True, 'historical_fp16_k_materialization': None, 'historical_fp16_v_materialization': None, 'initial_prefill_ms': 2317.4875879194587, 'invalid_reason': '', 'kv_pool_bytes': 16372932608, 'max_active_batch_size': 1, 'mean_active_batch_size': 1.0, 'mean_decode_first_token_ms': 103.90955791808665, 'mean_tpot_ms': 65.79694448737428, 'median_tpot_ms': 65.79694448737428, 'membership_changes_in_timed_window': 0, 'method': 'KIVI_PAPER_G128_FULL_MODEL', 'min_active_batch_size': 1, 'model': 'DeepSeek-R1-Distill-Llama-8B', 'output_tokens': 8, 'p95_tpot_ms': 65.79694448737428, 'page_batch_pack_calls': 0, 'peak_cuda_allocated_bytes': 16372932608, 'peak_cuda_reserved_bytes': 16433283072, 'physical_gpu': 1, 'prefill_calls_in_timed_window': 0, 'prefill_prep_s': 2.317394199082628, 'prefill_tokens_in_timed_window': 0, 'refill_calls_in_timed_window': 0, 'run_index': -1, 'run_valid': True, 'scheduler': 'FIFO', 'scheduler_overhead_s': 0.0, 'scope': 'full_model_decode_serving', 'serial_attention_dispatches': 0, 'serial_mlp_request_dispatches': 0, 'serial_request_forward_dispatches': 0, 'serial_rmsnorm_request_dispatches': 0, 'throughput_tokens_s': 15.19705185210327, 'total_requests': 1, 'true_batch_preserved': True, 'wall_time_s': 0.5264178919605911, 'warmup': True, 'workload_hash': '84b535aa485e36d3e3ef3baa517b896c3aa6f4b40ab9e91cd042a7a50686d7da'}",84b535aa485e36d3e3ef3baa517b896c3aa6f4b40ab9e91cd042a7a50686d7da,0,"
Loading checkpoint shards:   0%|          | 0/2 [00:00<?, ?it/s]
Loading checkpoint shards:  50%|█████     | 1/2 [00:01<00:01,  1.07s/it]
Loading checkpoint shards: 100%|██████████| 2/2 [00:01<00:00,  1.04it/s]
Loading checkpoint shards: 100%|██████████| 2/2 [00:01<00:00,  1.02it/s]
"
1,1,True,saturated_steady_state,1,segmented_rolling,1,False,2048,8,1793.028512969613,16188168704,16542334976,,0,1,1,16493797376,16542334976,True,0978f629f1397e337b3d58b0b9741535ce3df2ee,GPU-624f86d9-284b-cb46-a671-51d77559dab6,,,2082.318091066554,,16493797376,1,1.0,226.7173530999571,224.12222289131023,224.12222289131023,0,PATTERNKV_PAPER_FULL_MODEL,"{'asym': True, 'backend_method': 'patternkv', 'cache_mode': '', 'compact_kernel_storage_note': 'Packed payload plus FP16 scale/min; Python cache may store indices/masks at wider tensor dtypes.', 'group_size': 128, 'initial_pattern_count': 32, 'k_bits': 2, 'key_quant_axis': 'per-channel: quantize transposed K along token axis', 'kivi_quantized_region_theoretical_bits': None, 'method': 'patternkv_paper', 'mixed_key_int4_ratio': 0.0, 'mixed_key_mask_path': '', 'pattern_group': 128, 'pattern_selection_position': 'post-RoPE key/value states', 'patternkv_cache_path': '', 'quantized_region_affine_bits': 2.25, 'recent_length': 128, 'residual_length': 128, 'sink_length': 0, 'v_bits': 2, 'value_quant_axis': 'per-token: quantize V residual/centroids along head_dim axis'}",1,,DeepSeek-R1-Distill-Llama-8B,"{'head_dim': 128, 'hidden_size': 4096, 'num_attention_heads': 32, 'num_hidden_layers': 32, 'num_key_value_heads': 8, 'patternkv_v4_budget_fraction': 0.0, 'patternkv_v_precision_selector': 'base_v2'}",8,224.12222289131023,0,16493797376,16542334976,batch_scaling,1,0,2.082245958968997,0,expandable_segments:True,0,0,True,FIFO,0.0,full_model_decode_serving,1,0,0,0,0,PASS,True,0,4.461724920788016,1,True,1.793028512969613,False,"{'active_capacity': 1, 'arrival_protocol': 'saturated_steady_state', 'completed_requests': 1, 'compressed_domain_runtime_preserved': False, 'context_length': 2048, 'decode_length': 8, 'decode_only_wall_ms': 1882.3205190710723, 'decode_window_peak_cuda_allocated_bytes': 16188168704, 'decode_window_peak_cuda_reserved_bytes': 16521363456, 'fallback_count': 0, 'full_lifecycle_peak_cuda_allocated_bytes': 16493797376, 'full_lifecycle_peak_cuda_reserved_bytes': 16521363456, 'full_model_forward_executed': True, 'historical_fp16_k_materialization': None, 'historical_fp16_v_materialization': None, 'initial_prefill_ms': 4410.333418054506, 'invalid_reason': '', 'kv_pool_bytes': 16493797376, 'max_active_batch_size': 1, 'mean_active_batch_size': 1.0, 'mean_decode_first_token_ms': 322.4923450034112, 'mean_tpot_ms': 235.28256826102734, 'median_tpot_ms': 235.28256826102734, 'membership_changes_in_timed_window': 0, 'method': 'PATTERNKV_PAPER_FULL_MODEL', 'min_active_batch_size': 1, 'model': 'DeepSeek-R1-Distill-Llama-8B', 'output_tokens': 8, 'p95_tpot_ms': 235.28256826102734, 'page_batch_pack_calls': 0, 'peak_cuda_allocated_bytes': 16493797376, 'peak_cuda_reserved_bytes': 16521363456, 'physical_gpu': 1, 'prefill_calls_in_timed_window': 0, 'prefill_prep_s': 4.410239334916696, 'prefill_tokens_in_timed_window': 0, 'refill_calls_in_timed_window': 0, 'run_index': -1, 'run_valid': True, 'scheduler': 'FIFO', 'scheduler_overhead_s': 0.0, 'scope': 'full_model_decode_serving', 'serial_attention_dispatches': 0, 'serial_mlp_request_dispatches': 0, 'serial_request_forward_dispatches': 0, 'serial_rmsnorm_request_dispatches': 0, 'throughput_tokens_s': 4.250073204295733, 'total_requests': 1, 'true_batch_preserved': True, 'wall_time_s': 1.8823205190710723, 'warmup': True, 'workload_hash': '84b535aa485e36d3e3ef3baa517b896c3aa6f4b40ab9e91cd042a7a50686d7da'}",84b535aa485e36d3e3ef3baa517b896c3aa6f4b40ab9e91cd042a7a50686d7da,0,"
Loading checkpoint shards:   0%|          | 0/2 [00:00<?, ?it/s]
Loading checkpoint shards:  50%|█████     | 1/2 [00:00<00:00,  1.04it/s]
Loading checkpoint shards: 100%|██████████| 2/2 [00:01<00:00,  1.09it/s]
Loading checkpoint shards: 100%|██████████| 2/2 [00:01<00:00,  1.08it/s]
"
1,1,True,saturated_steady_state,1,,1,True,2048,8,1321.389748947695,16222673408,16588472320,,0,1,1,16513622016,16588472320,True,0978f629f1397e337b3d58b0b9741535ce3df2ee,GPU-624f86d9-284b-cb46-a671-51d77559dab6,0,0,8671.339661814272,,16513622016,1,1.0,171.15204501897097,165.16838225652464,165.16838225652464,0,CAUSAL_V4_25_FULL_MODEL,,1,fused_page,DeepSeek-R1-Distill-Llama-8B,"{'head_dim': 128, 'hidden_size': 4096, 'num_attention_heads': 32, 'num_hidden_layers': 32, 'num_key_value_heads': 8}",8,165.16838225652464,0,16513622016,16588472320,batch_scaling,1,0,8.671291755046695,0,expandable_segments:True,0,0,True,FIFO,0.0,full_model_decode_serving,1,0,0,0,0,PASS,True,0,6.054231922391481,1,True,1.321389748947695,False,"{'active_capacity': 1, 'arrival_protocol': 'saturated_steady_state', 'completed_requests': 1, 'compressed_domain_runtime_preserved': True, 'context_length': 2048, 'decode_length': 8, 'decode_only_wall_ms': 1383.8731870055199, 'decode_window_peak_cuda_allocated_bytes': 16222673408, 'decode_window_peak_cuda_reserved_bytes': 16565403648, 'fallback_count': 0, 'full_lifecycle_peak_cuda_allocated_bytes': 16513622016, 'full_lifecycle_peak_cuda_reserved_bytes': 16565403648, 'full_model_forward_executed': True, 'historical_fp16_k_materialization': 0, 'historical_fp16_v_materialization': 0, 'initial_prefill_ms': 11085.759232053533, 'invalid_reason': '', 'kv_pool_bytes': 16513622016, 'max_active_batch_size': 1, 'mean_active_batch_size': 1.0, 'mean_decode_first_token_ms': 235.40594289079309, 'mean_tpot_ms': 172.97774148755707, 'median_tpot_ms': 172.97774148755707, 'membership_changes_in_timed_window': 0, 'method': 'CAUSAL_V4_25_FULL_MODEL', 'min_active_batch_size': 1, 'model': 'DeepSeek-R1-Distill-Llama-8B', 'output_tokens': 8, 'p95_tpot_ms': 172.97774148755707, 'page_batch_pack_calls': 0, 'peak_cuda_allocated_bytes': 16513622016, 'peak_cuda_reserved_bytes': 16565403648, 'physical_gpu': 1, 'prefill_calls_in_timed_window': 0, 'prefill_prep_s': 11.085658173076808, 'prefill_tokens_in_timed_window': 0, 'refill_calls_in_timed_window': 0, 'run_index': -1, 'run_valid': True, 'scheduler': 'FIFO', 'scheduler_overhead_s': 0.0, 'scope': 'full_model_decode_serving', 'serial_attention_dispatches': 0, 'serial_mlp_request_dispatches': 0, 'serial_request_forward_dispatches': 0, 'serial_rmsnorm_request_dispatches': 0, 'throughput_tokens_s': 5.780876510304185, 'total_requests': 1, 'true_batch_preserved': True, 'wall_time_s': 1.3838731870055199, 'warmup': True, 'workload_hash': '84b535aa485e36d3e3ef3baa517b896c3aa6f4b40ab9e91cd042a7a50686d7da'}",84b535aa485e36d3e3ef3baa517b896c3aa6f4b40ab9e91cd042a7a50686d7da,0,"
Loading checkpoint shards:   0%|          | 0/2 [00:00<?, ?it/s]
Loading checkpoint shards:  50%|█████     | 1/2 [00:00<00:00,  1.00it/s]
Loading checkpoint shards: 100%|██████████| 2/2 [00:01<00:00,  1.16it/s]
Loading checkpoint shards: 100%|██████████| 2/2 [00:01<00:00,  1.13it/s]
"
1,1,True,saturated_steady_state,1,,1,False,2048,8,595.6691871397197,16142532096,16433283072,,0,1,1,16372932608,16433283072,True,0978f629f1397e337b3d58b0b9741535ce3df2ee,GPU-624f86d9-284b-cb46-a671-51d77559dab6,,,532.4710961431265,,16372932608,1,1.0,73.53374711237848,74.45185125106946,74.45185125106946,0,KIVI_PAPER_G128_FULL_MODEL,"{'asym': True, 'backend_method': 'kivi_official', 'cache_mode': None, 'compact_kernel_storage_note': 'Packed payload plus FP16 scale/min; Python cache may store indices/masks at wider tensor dtypes.', 'group_size': 128, 'initial_pattern_count': None, 'k_bits': 2, 'key_quant_axis': 'per-channel: quantize transposed K along token axis', 'kivi_quantized_region_theoretical_bits': 2.25, 'method': 'kivi_paper_g128', 'mixed_key_int4_ratio': 0.0, 'mixed_key_mask_path': '', 'pattern_group': None, 'pattern_selection_position': None, 'patternkv_cache_path': None, 'quantized_region_affine_bits': 2.25, 'recent_length': 128, 'residual_length': 128, 'sink_length': 0, 'v_bits': 2, 'value_quant_axis': 'per-token: quantize V along head_dim axis'}",1,,DeepSeek-R1-Distill-Llama-8B,"{'head_dim': 128, 'hidden_size': 4096, 'num_attention_heads': 32, 'num_hidden_layers': 32, 'num_key_value_heads': 8}",8,74.45185125106946,0,16372932608,16433283072,batch_scaling,1,0,0.5324217998422682,0,expandable_segments:True,0,1,True,FIFO,0.0,full_model_decode_serving,1,0,0,0,0,PASS,True,0,13.430273334120816,1,True,0.5956691871397197,False,"{'active_capacity': 1, 'arrival_protocol': 'saturated_steady_state', 'completed_requests': 1, 'compressed_domain_runtime_preserved': False, 'context_length': 2048, 'decode_length': 8, 'decode_only_wall_ms': 658.6707842070609, 'decode_window_peak_cuda_allocated_bytes': 16142532096, 'decode_window_peak_cuda_reserved_bytes': 16433283072, 'fallback_count': 0, 'full_lifecycle_peak_cuda_allocated_bytes': 16372932608, 'full_lifecycle_peak_cuda_reserved_bytes': 16433283072, 'full_model_forward_executed': True, 'historical_fp16_k_materialization': None, 'historical_fp16_v_materialization': None, 'initial_prefill_ms': 2340.6424950808287, 'invalid_reason': '', 'kv_pool_bytes': 16372932608, 'max_active_batch_size': 1, 'mean_active_batch_size': 1.0, 'mean_decode_first_token_ms': 122.63426813296974, 'mean_tpot_ms': 82.32722189859487, 'median_tpot_ms': 82.32722189859487, 'membership_changes_in_timed_window': 0, 'method': 'KIVI_PAPER_G128_FULL_MODEL', 'min_active_batch_size': 1, 'model': 'DeepSeek-R1-Distill-Llama-8B', 'output_tokens': 8, 'p95_tpot_ms': 82.32722189859487, 'page_batch_pack_calls': 0, 'peak_cuda_allocated_bytes': 16372932608, 'peak_cuda_reserved_bytes': 16433283072, 'physical_gpu': 1, 'prefill_calls_in_timed_window': 0, 'prefill_prep_s': 2.3405433220323175, 'prefill_tokens_in_timed_window': 0, 'refill_calls_in_timed_window': 0, 'run_index': -1, 'run_valid': True, 'scheduler': 'FIFO', 'scheduler_overhead_s': 0.0, 'scope': 'full_model_decode_serving', 'serial_attention_dispatches': 0, 'serial_mlp_request_dispatches': 0, 'serial_request_forward_dispatches': 0, 'serial_rmsnorm_request_dispatches': 0, 'throughput_tokens_s': 12.145673061286267, 'total_requests': 1, 'true_batch_preserved': True, 'wall_time_s': 0.6586707842070609, 'warmup': True, 'workload_hash': '84b535aa485e36d3e3ef3baa517b896c3aa6f4b40ab9e91cd042a7a50686d7da'}",84b535aa485e36d3e3ef3baa517b896c3aa6f4b40ab9e91cd042a7a50686d7da,0,"
Loading checkpoint shards:   0%|          | 0/2 [00:00<?, ?it/s]
Loading checkpoint shards:  50%|█████     | 1/2 [00:01<00:01,  1.03s/it]
Loading checkpoint shards: 100%|██████████| 2/2 [00:01<00:00,  1.03it/s]
Loading checkpoint shards: 100%|██████████| 2/2 [00:01<00:00,  1.02it/s]
"
1,1,True,saturated_steady_state,1,segmented_rolling,1,False,2048,8,1302.066670032218,16188168704,16542334976,,0,1,1,16493797376,16542334976,True,0978f629f1397e337b3d58b0b9741535ce3df2ee,GPU-624f86d9-284b-cb46-a671-51d77559dab6,,,1753.6229440011084,,16493797376,1,1.0,163.89107587747276,162.75336360558867,162.75336360558867,0,PATTERNKV_PAPER_FULL_MODEL,"{'asym': True, 'backend_method': 'patternkv', 'cache_mode': '', 'compact_kernel_storage_note': 'Packed payload plus FP16 scale/min; Python cache may store indices/masks at wider tensor dtypes.', 'group_size': 128, 'initial_pattern_count': 32, 'k_bits': 2, 'key_quant_axis': 'per-channel: quantize transposed K along token axis', 'kivi_quantized_region_theoretical_bits': None, 'method': 'patternkv_paper', 'mixed_key_int4_ratio': 0.0, 'mixed_key_mask_path': '', 'pattern_group': 128, 'pattern_selection_position': 'post-RoPE key/value states', 'patternkv_cache_path': '', 'quantized_region_affine_bits': 2.25, 'recent_length': 128, 'residual_length': 128, 'sink_length': 0, 'v_bits': 2, 'value_quant_axis': 'per-token: quantize V residual/centroids along head_dim axis'}",1,,DeepSeek-R1-Distill-Llama-8B,"{'head_dim': 128, 'hidden_size': 4096, 'num_attention_heads': 32, 'num_hidden_layers': 32, 'num_key_value_heads': 8, 'patternkv_v4_budget_fraction': 0.0, 'patternkv_v_precision_selector': 'base_v2'}",8,162.75336360558867,0,16493797376,16542334976,batch_scaling,1,0,1.753581777913496,0,expandable_segments:True,0,1,True,FIFO,0.0,full_model_decode_serving,1,0,0,0,0,PASS,True,0,6.144078628325575,1,True,1.302066670032218,False,"{'active_capacity': 1, 'arrival_protocol': 'saturated_steady_state', 'completed_requests': 1, 'compressed_domain_runtime_preserved': False, 'context_length': 2048, 'decode_length': 8, 'decode_only_wall_ms': 1390.7284028828144, 'decode_window_peak_cuda_allocated_bytes': 16188168704, 'decode_window_peak_cuda_reserved_bytes': 16521363456, 'fallback_count': 0, 'full_lifecycle_peak_cuda_allocated_bytes': 16493797376, 'full_lifecycle_peak_cuda_reserved_bytes': 16521363456, 'full_model_forward_executed': True, 'historical_fp16_k_materialization': None, 'historical_fp16_v_materialization': None, 'initial_prefill_ms': 3627.8119441121817, 'invalid_reason': '', 'kv_pool_bytes': 16493797376, 'max_active_batch_size': 1, 'mean_active_batch_size': 1.0, 'mean_decode_first_token_ms': 226.38409095816314, 'mean_tpot_ms': 173.83430924382992, 'median_tpot_ms': 173.83430924382992, 'membership_changes_in_timed_window': 0, 'method': 'PATTERNKV_PAPER_FULL_MODEL', 'min_active_batch_size': 1, 'model': 'DeepSeek-R1-Distill-Llama-8B', 'output_tokens': 8, 'p95_tpot_ms': 173.83430924382992, 'page_batch_pack_calls': 0, 'peak_cuda_allocated_bytes': 16493797376, 'peak_cuda_reserved_bytes': 16521363456, 'physical_gpu': 1, 'prefill_calls_in_timed_window': 0, 'prefill_prep_s': 3.6276867708656937, 'prefill_tokens_in_timed_window': 0, 'refill_calls_in_timed_window': 0, 'run_index': -1, 'run_valid': True, 'scheduler': 'FIFO', 'scheduler_overhead_s': 0.0, 'scope': 'full_model_decode_serving', 'serial_attention_dispatches': 0, 'serial_mlp_request_dispatches': 0, 'serial_request_forward_dispatches': 0, 'serial_rmsnorm_request_dispatches': 0, 'throughput_tokens_s': 5.752381258207535, 'total_requests': 1, 'true_batch_preserved': True, 'wall_time_s': 1.3907284028828144, 'warmup': True, 'workload_hash': '84b535aa485e36d3e3ef3baa517b896c3aa6f4b40ab9e91cd042a7a50686d7da'}",84b535aa485e36d3e3ef3baa517b896c3aa6f4b40ab9e91cd042a7a50686d7da,0,"
Loading checkpoint shards:   0%|          | 0/2 [00:00<?, ?it/s]
Loading checkpoint shards:  50%|█████     | 1/2 [00:00<00:00,  1.01it/s]
Loading checkpoint shards: 100%|██████████| 2/2 [00:01<00:00,  1.12it/s]
Loading checkpoint shards: 100%|██████████| 2/2 [00:01<00:00,  1.10it/s]
"
1,1,True,saturated_steady_state,1,,1,True,2048,8,1315.2867571916431,16222673408,16588472320,,0,1,1,16513622016,16588472320,True,0978f629f1397e337b3d58b0b9741535ce3df2ee,GPU-624f86d9-284b-cb46-a671-51d77559dab6,0,0,8692.15194019489,,16513622016,1,1.0,170.94780621118844,164.40525214420632,164.40525214420632,0,CAUSAL_V4_25_FULL_MODEL,,1,fused_page,DeepSeek-R1-Distill-Llama-8B,"{'head_dim': 128, 'hidden_size': 4096, 'num_attention_heads': 32, 'num_hidden_layers': 32, 'num_key_value_heads': 8}",8,164.40525214420632,0,16513622016,16588472320,batch_scaling,1,0,8.69211021088995,0,expandable_segments:True,0,1,True,FIFO,0.0,full_model_decode_serving,1,0,0,0,0,PASS,True,0,6.082323840225789,1,True,1.3152867571916431,False,"{'active_capacity': 1, 'arrival_protocol': 'saturated_steady_state', 'completed_requests': 1, 'compressed_domain_runtime_preserved': True, 'context_length': 2048, 'decode_length': 8, 'decode_only_wall_ms': 1446.974121965468, 'decode_window_peak_cuda_allocated_bytes': 16222673408, 'decode_window_peak_cuda_reserved_bytes': 16565403648, 'fallback_count': 0, 'full_lifecycle_peak_cuda_allocated_bytes': 16513622016, 'full_lifecycle_peak_cuda_reserved_bytes': 16565403648, 'full_model_forward_executed': True, 'historical_fp16_k_materialization': 0, 'historical_fp16_v_materialization': 0, 'initial_prefill_ms': 10988.829290959984, 'invalid_reason': '', 'kv_pool_bytes': 16513622016, 'max_active_batch_size': 1, 'mean_active_batch_size': 1.0, 'mean_decode_first_token_ms': 298.3125459868461, 'mean_tpot_ms': 180.86483349907212, 'median_tpot_ms': 180.86483349907212, 'membership_changes_in_timed_window': 0, 'method': 'CAUSAL_V4_25_FULL_MODEL', 'min_active_batch_size': 1, 'model': 'DeepSeek-R1-Distill-Llama-8B', 'output_tokens': 8, 'p95_tpot_ms': 180.86483349907212, 'page_batch_pack_calls': 0, 'peak_cuda_allocated_bytes': 16513622016, 'peak_cuda_reserved_bytes': 16565403648, 'physical_gpu': 1, 'prefill_calls_in_timed_window': 0, 'prefill_prep_s': 10.988734112819657, 'prefill_tokens_in_timed_window': 0, 'refill_calls_in_timed_window': 0, 'run_index': -1, 'run_valid': True, 'scheduler': 'FIFO', 'scheduler_overhead_s': 0.0, 'scope': 'full_model_decode_serving', 'serial_attention_dispatches': 0, 'serial_mlp_request_dispatches': 0, 'serial_request_forward_dispatches': 0, 'serial_rmsnorm_request_dispatches': 0, 'throughput_tokens_s': 5.528778903891773, 'total_requests': 1, 'true_batch_preserved': True, 'wall_time_s': 1.446974121965468, 'warmup': True, 'workload_hash': '84b535aa485e36d3e3ef3baa517b896c3aa6f4b40ab9e91cd042a7a50686d7da'}",84b535aa485e36d3e3ef3baa517b896c3aa6f4b40ab9e91cd042a7a50686d7da,0,"
Loading checkpoint shards:   0%|          | 0/2 [00:00<?, ?it/s]
Loading checkpoint shards:  50%|█████     | 1/2 [00:01<00:01,  1.10s/it]
Loading checkpoint shards: 100%|██████████| 2/2 [00:01<00:00,  1.08it/s]
Loading checkpoint shards: 100%|██████████| 2/2 [00:01<00:00,  1.05it/s]
"
1,1,True,saturated_steady_state,1,,1,False,2048,8,249.93671593256295,16612160512,16678649856,,0,1,1,16612160512,16678649856,True,0978f629f1397e337b3d58b0b9741535ce3df2ee,GPU-624f86d9-284b-cb46-a671-51d77559dab6,,,515.5823340173811,,16612160512,1,1.0,31.842730939388275,31.195382005535066,31.195382005535066,0,FP16_FULL_MODEL,,1,,DeepSeek-R1-Distill-Llama-8B,"{'head_dim': 128, 'hidden_size': 4096, 'num_attention_heads': 32, 'num_hidden_layers': 32, 'num_key_value_heads': 8}",8,31.195382005535066,0,16612160512,16678649856,batch_scaling,1,0,0.5155210879165679,0,expandable_segments:True,0,1,True,FIFO,0.0,full_model_decode_serving,1,0,0,0,0,PASS,True,0,32.008102411646206,1,True,0.24993671593256295,False,"{'active_capacity': 1, 'arrival_protocol': 'saturated_steady_state', 'completed_requests': 1, 'compressed_domain_runtime_preserved': False, 'context_length': 2048, 'decode_length': 8, 'decode_only_wall_ms': 297.1150418743491, 'decode_window_peak_cuda_allocated_bytes': 16612160512, 'decode_window_peak_cuda_reserved_bytes': 16678649856, 'fallback_count': 0, 'full_lifecycle_peak_cuda_allocated_bytes': 16612160512, 'full_lifecycle_peak_cuda_reserved_bytes': 16678649856, 'full_model_forward_executed': True, 'historical_fp16_k_materialization': None, 'historical_fp16_v_materialization': None, 'initial_prefill_ms': 986.1217539291829, 'invalid_reason': '', 'kv_pool_bytes': 16612160512, 'max_active_batch_size': 1, 'mean_active_batch_size': 1.0, 'mean_decode_first_token_ms': 83.31565884873271, 'mean_tpot_ms': 37.1339911071118, 'median_tpot_ms': 37.1339911071118, 'membership_changes_in_timed_window': 0, 'method': 'FP16_FULL_MODEL', 'min_active_batch_size': 1, 'model': 'DeepSeek-R1-Distill-Llama-8B', 'output_tokens': 8, 'p95_tpot_ms': 37.1339911071118, 'page_batch_pack_calls': 0, 'peak_cuda_allocated_bytes': 16612160512, 'peak_cuda_reserved_bytes': 16678649856, 'physical_gpu': 1, 'prefill_calls_in_timed_window': 0, 'prefill_prep_s': 0.9860013059806079, 'prefill_tokens_in_timed_window': 0, 'refill_calls_in_timed_window': 0, 'run_index': -1, 'run_valid': True, 'scheduler': 'FIFO', 'scheduler_overhead_s': 0.0, 'scope': 'full_model_decode_serving', 'serial_attention_dispatches': 0, 'serial_mlp_request_dispatches': 0, 'serial_request_forward_dispatches': 0, 'serial_rmsnorm_request_dispatches': 0, 'throughput_tokens_s': 26.925597403389713, 'total_requests': 1, 'true_batch_preserved': True, 'wall_time_s': 0.2971150418743491, 'warmup': True, 'workload_hash': '84b535aa485e36d3e3ef3baa517b896c3aa6f4b40ab9e91cd042a7a50686d7da'}",84b535aa485e36d3e3ef3baa517b896c3aa6f4b40ab9e91cd042a7a50686d7da,0,"You are attempting to use Flash Attention 2.0 with a model not initialized on GPU. Make sure to move the model to GPU after initializing it on CPU with `model.to('cuda')`.

Loading checkpoint shards:   0%|          | 0/2 [00:00<?, ?it/s]
Loading checkpoint shards:  50%|█████     | 1/2 [00:01<00:01,  1.03s/it]
Loading checkpoint shards: 100%|██████████| 2/2 [00:01<00:00,  1.10it/s]
Loading checkpoint shards: 100%|██████████| 2/2 [00:01<00:00,  1.08it/s]
We detected that you are passing `past_key_values` as a tuple and this is deprecated and will be removed in v4.43. Please use an appropriate `Cache` class (https://huggingface.co/docs/transformers/v4.41.3/en/internal/generation_utils#transformers.Cache)
"
1,1,True,saturated_steady_state,1,segmented_rolling,1,False,2048,8,1289.1050782054663,16188168704,16542334976,,0,1,1,16493797376,16542334976,True,0978f629f1397e337b3d58b0b9741535ce3df2ee,GPU-624f86d9-284b-cb46-a671-51d77559dab6,,,1679.838532116264,,16493797376,1,1.0,160.2280382066965,161.13326101913117,161.13326101913117,0,PATTERNKV_PAPER_FULL_MODEL,"{'asym': True, 'backend_method': 'patternkv', 'cache_mode': '', 'compact_kernel_storage_note': 'Packed payload plus FP16 scale/min; Python cache may store indices/masks at wider tensor dtypes.', 'group_size': 128, 'initial_pattern_count': 32, 'k_bits': 2, 'key_quant_axis': 'per-channel: quantize transposed K along token axis', 'kivi_quantized_region_theoretical_bits': None, 'method': 'patternkv_paper', 'mixed_key_int4_ratio': 0.0, 'mixed_key_mask_path': '', 'pattern_group': 128, 'pattern_selection_position': 'post-RoPE key/value states', 'patternkv_cache_path': '', 'quantized_region_affine_bits': 2.25, 'recent_length': 128, 'residual_length': 128, 'sink_length': 0, 'v_bits': 2, 'value_quant_axis': 'per-token: quantize V residual/centroids along head_dim axis'}",1,,DeepSeek-R1-Distill-Llama-8B,"{'head_dim': 128, 'hidden_size': 4096, 'num_attention_heads': 32, 'num_hidden_layers': 32, 'num_key_value_heads': 8, 'patternkv_v4_budget_fraction': 0.0, 'patternkv_v_precision_selector': 'base_v2'}",8,161.13326101913117,0,16493797376,16542334976,batch_scaling,1,0,1.6798026207834482,0,expandable_segments:True,0,2,True,FIFO,0.0,full_model_decode_serving,1,0,0,0,0,PASS,True,0,6.205855624381386,1,True,1.2891050782054663,False,"{'active_capacity': 1, 'arrival_protocol': 'saturated_steady_state', 'completed_requests': 1, 'compressed_domain_runtime_preserved': False, 'context_length': 2048, 'decode_length': 8, 'decode_only_wall_ms': 1336.7227849084884, 'decode_window_peak_cuda_allocated_bytes': 16188168704, 'decode_window_peak_cuda_reserved_bytes': 16521363456, 'fallback_count': 0, 'full_lifecycle_peak_cuda_allocated_bytes': 16493797376, 'full_lifecycle_peak_cuda_reserved_bytes': 16521363456, 'full_model_forward_executed': True, 'historical_fp16_k_materialization': None, 'historical_fp16_v_materialization': None, 'initial_prefill_ms': 3672.151505947113, 'invalid_reason': '', 'kv_pool_bytes': 16493797376, 'max_active_batch_size': 1, 'mean_active_batch_size': 1.0, 'mean_decode_first_token_ms': 210.69174096919596, 'mean_tpot_ms': 167.08380423369817, 'median_tpot_ms': 167.08380423369817, 'membership_changes_in_timed_window': 0, 'method': 'PATTERNKV_PAPER_FULL_MODEL', 'min_active_batch_size': 1, 'model': 'DeepSeek-R1-Distill-Llama-8B', 'output_tokens': 8, 'p95_tpot_ms': 167.08380423369817, 'page_batch_pack_calls': 0, 'peak_cuda_allocated_bytes': 16493797376, 'peak_cuda_reserved_bytes': 16521363456, 'physical_gpu': 1, 'prefill_calls_in_timed_window': 0, 'prefill_prep_s': 3.672059303149581, 'prefill_tokens_in_timed_window': 0, 'refill_calls_in_timed_window': 0, 'run_index': -1, 'run_valid': True, 'scheduler': 'FIFO', 'scheduler_overhead_s': 0.0, 'scope': 'full_model_decode_serving', 'serial_attention_dispatches': 0, 'serial_mlp_request_dispatches': 0, 'serial_request_forward_dispatches': 0, 'serial_rmsnorm_request_dispatches': 0, 'throughput_tokens_s': 5.984786142885772, 'total_requests': 1, 'true_batch_preserved': True, 'wall_time_s': 1.3367227849084884, 'warmup': True, 'workload_hash': '84b535aa485e36d3e3ef3baa517b896c3aa6f4b40ab9e91cd042a7a50686d7da'}",84b535aa485e36d3e3ef3baa517b896c3aa6f4b40ab9e91cd042a7a50686d7da,0,"
Loading checkpoint shards:   0%|          | 0/2 [00:00<?, ?it/s]
Loading checkpoint shards:  50%|█████     | 1/2 [00:00<00:00,  1.01it/s]
Loading checkpoint shards: 100%|██████████| 2/2 [00:01<00:00,  1.17it/s]
Loading checkpoint shards: 100%|██████████| 2/2 [00:01<00:00,  1.15it/s]
"
1,1,True,saturated_steady_state,1,,1,True,2048,8,1334.7105830907822,16222673408,16588472320,,0,1,1,16513622016,16588472320,True,0978f629f1397e337b3d58b0b9741535ce3df2ee,GPU-624f86d9-284b-cb46-a671-51d77559dab6,0,0,8474.71668291837,,16513622016,1,1.0,170.2657809946686,166.83370963437483,166.83370963437483,0,CAUSAL_V4_25_FULL_MODEL,,1,fused_page,DeepSeek-R1-Distill-Llama-8B,"{'head_dim': 128, 'hidden_size': 4096, 'num_attention_heads': 32, 'num_hidden_layers': 32, 'num_key_value_heads': 8}",8,166.83370963437483,0,16513622016,16588472320,batch_scaling,1,0,8.474663796136156,0,expandable_segments:True,0,2,True,FIFO,0.0,full_model_decode_serving,1,0,0,0,0,PASS,True,0,5.993808771242708,1,True,1.3347105830907822,False,"{'active_capacity': 1, 'arrival_protocol': 'saturated_steady_state', 'completed_requests': 1, 'compressed_domain_runtime_preserved': True, 'context_length': 2048, 'decode_length': 8, 'decode_only_wall_ms': 1394.5260029286146, 'decode_window_peak_cuda_allocated_bytes': 16222673408, 'decode_window_peak_cuda_reserved_bytes': 16565403648, 'fallback_count': 0, 'full_lifecycle_peak_cuda_allocated_bytes': 16513622016, 'full_lifecycle_peak_cuda_reserved_bytes': 16565403648, 'full_model_forward_executed': True, 'historical_fp16_k_materialization': 0, 'historical_fp16_v_materialization': 0, 'initial_prefill_ms': 10533.339475980029, 'invalid_reason': '', 'kv_pool_bytes': 16513622016, 'max_active_batch_size': 1, 'mean_active_batch_size': 1.0, 'mean_decode_first_token_ms': 248.17916913889349, 'mean_tpot_ms': 174.30879388120957, 'median_tpot_ms': 174.30879388120957, 'membership_changes_in_timed_window': 0, 'method': 'CAUSAL_V4_25_FULL_MODEL', 'min_active_batch_size': 1, 'model': 'DeepSeek-R1-Distill-Llama-8B', 'output_tokens': 8, 'p95_tpot_ms': 174.30879388120957, 'page_batch_pack_calls': 0, 'peak_cuda_allocated_bytes': 16513622016, 'peak_cuda_reserved_bytes': 16565403648, 'physical_gpu': 1, 'prefill_calls_in_timed_window': 0, 'prefill_prep_s': 10.533250076929107, 'prefill_tokens_in_timed_window': 0, 'refill_calls_in_timed_window': 0, 'run_index': -1, 'run_valid': True, 'scheduler': 'FIFO', 'scheduler_overhead_s': 0.0, 'scope': 'full_model_decode_serving', 'serial_attention_dispatches': 0, 'serial_mlp_request_dispatches': 0, 'serial_request_forward_dispatches': 0, 'serial_rmsnorm_request_dispatches': 0, 'throughput_tokens_s': 5.736716262873097, 'total_requests': 1, 'true_batch_preserved': True, 'wall_time_s': 1.3945260029286146, 'warmup': True, 'workload_hash': '84b535aa485e36d3e3ef3baa517b896c3aa6f4b40ab9e91cd042a7a50686d7da'}",84b535aa485e36d3e3ef3baa517b896c3aa6f4b40ab9e91cd042a7a50686d7da,0,"
Loading checkpoint shards:   0%|          | 0/2 [00:00<?, ?it/s]
Loading checkpoint shards:  50%|█████     | 1/2 [00:01<00:01,  1.06s/it]
Loading checkpoint shards: 100%|██████████| 2/2 [00:01<00:00,  1.07it/s]
Loading checkpoint shards: 100%|██████████| 2/2 [00:01<00:00,  1.05it/s]
"
1,1,True,saturated_steady_state,1,,1,False,2048,8,233.47688606008887,16612160512,16678649856,,0,1,1,16612160512,16678649856,True,0978f629f1397e337b3d58b0b9741535ce3df2ee,GPU-624f86d9-284b-cb46-a671-51d77559dab6,,,513.5308089666069,,16612160512,1,1.0,29.36031692661345,29.180017882026732,29.180017882026732,0,FP16_FULL_MODEL,,1,,DeepSeek-R1-Distill-Llama-8B,"{'head_dim': 128, 'hidden_size': 4096, 'num_attention_heads': 32, 'num_hidden_layers': 32, 'num_key_value_heads': 8}",8,29.180017882026732,0,16612160512,16678649856,batch_scaling,1,0,0.5134929618798196,0,expandable_segments:True,0,2,True,FIFO,0.0,full_model_decode_serving,1,0,0,0,0,PASS,True,0,34.26463379309023,1,True,0.23347688606008887,False,"{'active_capacity': 1, 'arrival_protocol': 'saturated_steady_state', 'completed_requests': 1, 'compressed_domain_runtime_preserved': False, 'context_length': 2048, 'decode_length': 8, 'decode_only_wall_ms': 295.46499298885465, 'decode_window_peak_cuda_allocated_bytes': 16612160512, 'decode_window_peak_cuda_reserved_bytes': 16678649856, 'fallback_count': 0, 'full_lifecycle_peak_cuda_allocated_bytes': 16612160512, 'full_lifecycle_peak_cuda_reserved_bytes': 16678649856, 'full_model_forward_executed': True, 'historical_fp16_k_materialization': None, 'historical_fp16_v_materialization': None, 'initial_prefill_ms': 997.4469551816583, 'invalid_reason': '', 'kv_pool_bytes': 16612160512, 'max_active_batch_size': 1, 'mean_active_batch_size': 1.0, 'mean_decode_first_token_ms': 67.21868296153843, 'mean_tpot_ms': 36.92792050424032, 'median_tpot_ms': 36.92792050424032, 'membership_changes_in_timed_window': 0, 'method': 'FP16_FULL_MODEL', 'min_active_batch_size': 1, 'model': 'DeepSeek-R1-Distill-Llama-8B', 'output_tokens': 8, 'p95_tpot_ms': 36.92792050424032, 'page_batch_pack_calls': 0, 'peak_cuda_allocated_bytes': 16612160512, 'peak_cuda_reserved_bytes': 16678649856, 'physical_gpu': 1, 'prefill_calls_in_timed_window': 0, 'prefill_prep_s': 0.9973672681953758, 'prefill_tokens_in_timed_window': 0, 'refill_calls_in_timed_window': 0, 'run_index': -1, 'run_valid': True, 'scheduler': 'FIFO', 'scheduler_overhead_s': 0.0, 'scope': 'full_model_decode_serving', 'serial_attention_dispatches': 0, 'serial_mlp_request_dispatches': 0, 'serial_request_forward_dispatches': 0, 'serial_rmsnorm_request_dispatches': 0, 'throughput_tokens_s': 27.075965646805987, 'total_requests': 1, 'true_batch_preserved': True, 'wall_time_s': 0.29546499298885465, 'warmup': True, 'workload_hash': '84b535aa485e36d3e3ef3baa517b896c3aa6f4b40ab9e91cd042a7a50686d7da'}",84b535aa485e36d3e3ef3baa517b896c3aa6f4b40ab9e91cd042a7a50686d7da,0,"You are attempting to use Flash Attention 2.0 with a model not initialized on GPU. Make sure to move the model to GPU after initializing it on CPU with `model.to('cuda')`.

Loading checkpoint shards:   0%|          | 0/2 [00:00<?, ?it/s]
Loading checkpoint shards:  50%|█████     | 1/2 [00:00<00:00,  1.02it/s]
Loading checkpoint shards: 100%|██████████| 2/2 [00:01<00:00,  1.21it/s]
Loading checkpoint shards: 100%|██████████| 2/2 [00:01<00:00,  1.18it/s]
We detected that you are passing `past_key_values` as a tuple and this is deprecated and will be removed in v4.43. Please use an appropriate `Cache` class (https://huggingface.co/docs/transformers/v4.41.3/en/internal/generation_utils#transformers.Cache)
"
1,1,True,saturated_steady_state,1,,1,False,2048,8,454.2478728108108,16142532096,16433283072,,0,1,1,16372932608,16433283072,True,0978f629f1397e337b3d58b0b9741535ce3df2ee,GPU-624f86d9-284b-cb46-a671-51d77559dab6,,,534.4431998673826,,16372932608,1,1.0,56.985256960615516,56.77684198599309,56.77684198599309,0,KIVI_PAPER_G128_FULL_MODEL,"{'asym': True, 'backend_method': 'kivi_official', 'cache_mode': None, 'compact_kernel_storage_note': 'Packed payload plus FP16 scale/min; Python cache may store indices/masks at wider tensor dtypes.', 'group_size': 128, 'initial_pattern_count': None, 'k_bits': 2, 'key_quant_axis': 'per-channel: quantize transposed K along token axis', 'kivi_quantized_region_theoretical_bits': 2.25, 'method': 'kivi_paper_g128', 'mixed_key_int4_ratio': 0.0, 'mixed_key_mask_path': '', 'pattern_group': None, 'pattern_selection_position': None, 'patternkv_cache_path': None, 'quantized_region_affine_bits': 2.25, 'recent_length': 128, 'residual_length': 128, 'sink_length': 0, 'v_bits': 2, 'value_quant_axis': 'per-token: quantize V along head_dim axis'}",1,,DeepSeek-R1-Distill-Llama-8B,"{'head_dim': 128, 'hidden_size': 4096, 'num_attention_heads': 32, 'num_hidden_layers': 32, 'num_key_value_heads': 8}",8,56.77684198599309,0,16372932608,16433283072,batch_scaling,1,0,0.5344072231091559,0,expandable_segments:True,0,2,True,FIFO,0.0,full_model_decode_serving,1,0,0,0,0,PASS,True,0,17.611529913166837,1,True,0.4542478728108108,False,"{'active_capacity': 1, 'arrival_protocol': 'saturated_steady_state', 'completed_requests': 1, 'compressed_domain_runtime_preserved': False, 'context_length': 2048, 'decode_length': 8, 'decode_only_wall_ms': 495.95970404334366, 'decode_window_peak_cuda_allocated_bytes': 16142532096, 'decode_window_peak_cuda_reserved_bytes': 16433283072, 'fallback_count': 0, 'full_lifecycle_peak_cuda_allocated_bytes': 16372932608, 'full_lifecycle_peak_cuda_reserved_bytes': 16433283072, 'full_model_forward_executed': True, 'historical_fp16_k_materialization': None, 'historical_fp16_v_materialization': None, 'initial_prefill_ms': 2268.3199539314955, 'invalid_reason': '', 'kv_pool_bytes': 16372932608, 'max_active_batch_size': 1, 'mean_active_batch_size': 1.0, 'mean_decode_first_token_ms': 97.49253606423736, 'mean_tpot_ms': 61.989935871679336, 'median_tpot_ms': 61.989935871679336, 'membership_changes_in_timed_window': 0, 'method': 'KIVI_PAPER_G128_FULL_MODEL', 'min_active_batch_size': 1, 'model': 'DeepSeek-R1-Distill-Llama-8B', 'output_tokens': 8, 'p95_tpot_ms': 61.989935871679336, 'page_batch_pack_calls': 0, 'peak_cuda_allocated_bytes': 16372932608, 'peak_cuda_reserved_bytes': 16433283072, 'physical_gpu': 1, 'prefill_calls_in_timed_window': 0, 'prefill_prep_s': 2.2682283539325, 'prefill_tokens_in_timed_window': 0, 'refill_calls_in_timed_window': 0, 'run_index': -1, 'run_valid': True, 'scheduler': 'FIFO', 'scheduler_overhead_s': 0.0, 'scope': 'full_model_decode_serving', 'serial_attention_dispatches': 0, 'serial_mlp_request_dispatches': 0, 'serial_request_forward_dispatches': 0, 'serial_rmsnorm_request_dispatches': 0, 'throughput_tokens_s': 16.130342716917283, 'total_requests': 1, 'true_batch_preserved': True, 'wall_time_s': 0.49595970404334366, 'warmup': True, 'workload_hash': '84b535aa485e36d3e3ef3baa517b896c3aa6f4b40ab9e91cd042a7a50686d7da'}",84b535aa485e36d3e3ef3baa517b896c3aa6f4b40ab9e91cd042a7a50686d7da,0,"
Loading checkpoint shards:   0%|          | 0/2 [00:00<?, ?it/s]
Loading checkpoint shards:  50%|█████     | 1/2 [00:00<00:00,  1.04it/s]
Loading checkpoint shards: 100%|██████████| 2/2 [00:01<00:00,  1.24it/s]
Loading checkpoint shards: 100%|██████████| 2/2 [00:01<00:00,  1.21it/s]
"
1,2,True,saturated_steady_state,2,,2,False,2048,8,225.84602097049356,17155259392,17265852416,,0,1,1,17155259392,17265852416,True,0978f629f1397e337b3d58b0b9741535ce3df2ee,GPU-624f86d9-284b-cb46-a671-51d77559dab6,,,971.3961679954082,,17155259392,2,2.0,29.07322789542377,28.226274502230808,28.226274502230808,0,FP16_FULL_MODEL,,2,,DeepSeek-R1-Distill-Llama-8B,"{'head_dim': 128, 'hidden_size': 4096, 'num_attention_heads': 32, 'num_hidden_layers': 32, 'num_key_value_heads': 8}",16,28.226274502230808,0,17155259392,17265852416,batch_scaling,1,0,0.9713556761853397,0,expandable_segments:True,0,0,True,FIFO,0.0,full_model_decode_serving,1,0,0,0,0,PASS,True,0,70.84472832970732,2,True,0.22584602097049356,False,"{'active_capacity': 2, 'arrival_protocol': 'saturated_steady_state', 'completed_requests': 2, 'compressed_domain_runtime_preserved': False, 'context_length': 2048, 'decode_length': 8, 'decode_only_wall_ms': 255.30420406721532, 'decode_window_peak_cuda_allocated_bytes': 17155259392, 'decode_window_peak_cuda_reserved_bytes': 17265852416, 'fallback_count': 0, 'full_lifecycle_peak_cuda_allocated_bytes': 17155259392, 'full_lifecycle_peak_cuda_reserved_bytes': 17265852416, 'full_model_forward_executed': True, 'historical_fp16_k_materialization': None, 'historical_fp16_v_materialization': None, 'initial_prefill_ms': 1309.7985410131514, 'invalid_reason': '', 'kv_pool_bytes': 17155259392, 'max_active_batch_size': 2, 'mean_active_batch_size': 2.0, 'mean_decode_first_token_ms': 49.76073210127652, 'mean_tpot_ms': 31.908511271467432, 'median_tpot_ms': 31.908511271467432, 'membership_changes_in_timed_window': 0, 'method': 'FP16_FULL_MODEL', 'min_active_batch_size': 2, 'model': 'DeepSeek-R1-Distill-Llama-8B', 'output_tokens': 16, 'p95_tpot_ms': 31.908511271467432, 'page_batch_pack_calls': 0, 'peak_cuda_allocated_bytes': 17155259392, 'peak_cuda_reserved_bytes': 17265852416, 'physical_gpu': 1, 'prefill_calls_in_timed_window': 0, 'prefill_prep_s': 1.309716379037127, 'prefill_tokens_in_timed_window': 0, 'refill_calls_in_timed_window': 0, 'run_index': -1, 'run_valid': True, 'scheduler': 'FIFO', 'scheduler_overhead_s': 0.0, 'scope': 'full_model_decode_serving', 'serial_attention_dispatches': 0, 'serial_mlp_request_dispatches': 0, 'serial_request_forward_dispatches': 0, 'serial_rmsnorm_request_dispatches': 0, 'throughput_tokens_s': 62.670335016448036, 'total_requests': 2, 'true_batch_preserved': True, 'wall_time_s': 0.2553042040672153, 'warmup': True, 'workload_hash': 'a5a671008333da73b6edcd2567a71a050dd9d97c8477024b440b17cd694248b9'}",a5a671008333da73b6edcd2567a71a050dd9d97c8477024b440b17cd694248b9,0,"You are attempting to use Flash Attention 2.0 with a model not initialized on GPU. Make sure to move the model to GPU after initializing it on CPU with `model.to('cuda')`.

Loading checkpoint shards:   0%|          | 0/2 [00:00<?, ?it/s]
Loading checkpoint shards:  50%|█████     | 1/2 [00:00<00:00,  1.10it/s]
Loading checkpoint shards: 100%|██████████| 2/2 [00:01<00:00,  1.13it/s]
Loading checkpoint shards: 100%|██████████| 2/2 [00:01<00:00,  1.12it/s]
We detected that you are passing `past_key_values` as a tuple and this is deprecated and will be removed in v4.43. Please use an appropriate `Cache` class (https://huggingface.co/docs/transformers/v4.41.3/en/internal/generation_utils#transformers.Cache)
"
1,2,True,saturated_steady_state,2,,2,False,2048,8,494.78705297224224,16216003072,16798187520,,0,1,1,16668401664,16798187520,True,0978f629f1397e337b3d58b0b9741535ce3df2ee,GPU-624f86d9-284b-cb46-a671-51d77559dab6,,,1003.9501460269094,,16668401664,2,2.0,62.978345900774,61.843463365221396,61.843463365221396,0,KIVI_PAPER_G128_FULL_MODEL,"{'asym': True, 'backend_method': 'kivi_official', 'cache_mode': None, 'compact_kernel_storage_note': 'Packed payload plus FP16 scale/min; Python cache may store indices/masks at wider tensor dtypes.', 'group_size': 128, 'initial_pattern_count': None, 'k_bits': 2, 'key_quant_axis': 'per-channel: quantize transposed K along token axis', 'kivi_quantized_region_theoretical_bits': 2.25, 'method': 'kivi_paper_g128', 'mixed_key_int4_ratio': 0.0, 'mixed_key_mask_path': '', 'pattern_group': None, 'pattern_selection_position': None, 'patternkv_cache_path': None, 'quantized_region_affine_bits': 2.25, 'recent_length': 128, 'residual_length': 128, 'sink_length': 0, 'v_bits': 2, 'value_quant_axis': 'per-token: quantize V along head_dim axis'}",2,,DeepSeek-R1-Distill-Llama-8B,"{'head_dim': 128, 'hidden_size': 4096, 'num_attention_heads': 32, 'num_hidden_layers': 32, 'num_key_value_heads': 8}",16,61.843463365221396,0,16668401664,16798187520,batch_scaling,1,0,1.0039121629670262,0,expandable_segments:True,0,0,True,FIFO,0.0,full_model_decode_serving,1,0,0,0,0,PASS,True,0,32.33714363358171,2,True,0.49478705297224224,False,"{'active_capacity': 2, 'arrival_protocol': 'saturated_steady_state', 'completed_requests': 2, 'compressed_domain_runtime_preserved': False, 'context_length': 2048, 'decode_length': 8, 'decode_only_wall_ms': 548.6891199834645, 'decode_window_peak_cuda_allocated_bytes': 16216003072, 'decode_window_peak_cuda_reserved_bytes': 16756244480, 'fallback_count': 0, 'full_lifecycle_peak_cuda_allocated_bytes': 16668401664, 'full_lifecycle_peak_cuda_reserved_bytes': 16756244480, 'full_model_forward_executed': True, 'historical_fp16_k_materialization': None, 'historical_fp16_v_materialization': None, 'initial_prefill_ms': 2573.0629169847816, 'invalid_reason': '', 'kv_pool_bytes': 16668401664, 'max_active_batch_size': 2, 'mean_active_batch_size': 2.0, 'mean_decode_first_token_ms': 105.56669696234167, 'mean_tpot_ms': 68.58039600774646, 'median_tpot_ms': 68.58039600774646, 'membership_changes_in_timed_window': 0, 'method': 'KIVI_PAPER_G128_FULL_MODEL', 'min_active_batch_size': 2, 'model': 'DeepSeek-R1-Distill-Llama-8B', 'output_tokens': 16, 'p95_tpot_ms': 68.58039600774646, 'page_batch_pack_calls': 0, 'peak_cuda_allocated_bytes': 16668401664, 'peak_cuda_reserved_bytes': 16756244480, 'physical_gpu': 1, 'prefill_calls_in_timed_window': 0, 'prefill_prep_s': 2.572980815079063, 'prefill_tokens_in_timed_window': 0, 'refill_calls_in_timed_window': 0, 'run_index': -1, 'run_valid': True, 'scheduler': 'FIFO', 'scheduler_overhead_s': 0.0, 'scope': 'full_model_decode_serving', 'serial_attention_dispatches': 0, 'serial_mlp_request_dispatches': 0, 'serial_request_forward_dispatches': 0, 'serial_rmsnorm_request_dispatches': 0, 'throughput_tokens_s': 29.16041054446675, 'total_requests': 2, 'true_batch_preserved': True, 'wall_time_s': 0.5486891199834645, 'warmup': True, 'workload_hash': 'a5a671008333da73b6edcd2567a71a050dd9d97c8477024b440b17cd694248b9'}",a5a671008333da73b6edcd2567a71a050dd9d97c8477024b440b17cd694248b9,0,"
Loading checkpoint shards:   0%|          | 0/2 [00:00<?, ?it/s]
Loading checkpoint shards:  50%|█████     | 1/2 [00:00<00:00,  1.09it/s]
Loading checkpoint shards: 100%|██████████| 2/2 [00:01<00:00,  1.13it/s]
Loading checkpoint shards: 100%|██████████| 2/2 [00:01<00:00,  1.12it/s]
"
1,2,True,saturated_steady_state,2,segmented_rolling,2,False,2048,8,1306.3048149924725,16273181696,16980639744,,0,1,1,16876068864,16980639744,True,0978f629f1397e337b3d58b0b9741535ce3df2ee,GPU-624f86d9-284b-cb46-a671-51d77559dab6,,,2999.8001989442855,,16876068864,2,2.0,165.16786604188383,163.28201512806118,163.28201512806118,0,PATTERNKV_PAPER_FULL_MODEL,"{'asym': True, 'backend_method': 'patternkv', 'cache_mode': '', 'compact_kernel_storage_note': 'Packed payload plus FP16 scale/min; Python cache may store indices/masks at wider tensor dtypes.', 'group_size': 128, 'initial_pattern_count': 32, 'k_bits': 2, 'key_quant_axis': 'per-channel: quantize transposed K along token axis', 'kivi_quantized_region_theoretical_bits': None, 'method': 'patternkv_paper', 'mixed_key_int4_ratio': 0.0, 'mixed_key_mask_path': '', 'pattern_group': 128, 'pattern_selection_position': 'post-RoPE key/value states', 'patternkv_cache_path': '', 'quantized_region_affine_bits': 2.25, 'recent_length': 128, 'residual_length': 128, 'sink_length': 0, 'v_bits': 2, 'value_quant_axis': 'per-token: quantize V residual/centroids along head_dim axis'}",2,,DeepSeek-R1-Distill-Llama-8B,"{'head_dim': 128, 'hidden_size': 4096, 'num_attention_heads': 32, 'num_hidden_layers': 32, 'num_key_value_heads': 8, 'patternkv_v4_budget_fraction': 0.0, 'patternkv_v_precision_selector': 'base_v2'}",16,163.28201512806118,0,16876068864,16980639744,batch_scaling,1,0,2.9997378909029067,0,expandable_segments:True,0,0,True,FIFO,0.0,full_model_decode_serving,1,0,0,0,0,PASS,True,0,12.248289845040645,2,True,1.3063048149924725,False,"{'active_capacity': 2, 'arrival_protocol': 'saturated_steady_state', 'completed_requests': 2, 'compressed_domain_runtime_preserved': False, 'context_length': 2048, 'decode_length': 8, 'decode_only_wall_ms': 1342.709707096219, 'decode_window_peak_cuda_allocated_bytes': 16273181696, 'decode_window_peak_cuda_reserved_bytes': 16961765376, 'fallback_count': 0, 'full_lifecycle_peak_cuda_allocated_bytes': 16876068864, 'full_lifecycle_peak_cuda_reserved_bytes': 16961765376, 'full_model_forward_executed': True, 'historical_fp16_k_materialization': None, 'historical_fp16_v_materialization': None, 'initial_prefill_ms': 4864.035167032853, 'invalid_reason': '', 'kv_pool_bytes': 16876068864, 'max_active_batch_size': 2, 'mean_active_batch_size': 2.0, 'mean_decode_first_token_ms': 193.0075769778341, 'mean_tpot_ms': 167.83177462639287, 'median_tpot_ms': 167.83177462639287, 'membership_changes_in_timed_window': 0, 'method': 'PATTERNKV_PAPER_FULL_MODEL', 'min_active_batch_size': 2, 'model': 'DeepSeek-R1-Distill-Llama-8B', 'output_tokens': 16, 'p95_tpot_ms': 167.83177462639287, 'page_batch_pack_calls': 0, 'peak_cuda_allocated_bytes': 16876068864, 'peak_cuda_reserved_bytes': 16961765376, 'physical_gpu': 1, 'prefill_calls_in_timed_window': 0, 'prefill_prep_s': 4.863968051970005, 'prefill_tokens_in_timed_window': 0, 'refill_calls_in_timed_window': 0, 'run_index': -1, 'run_valid': True, 'scheduler': 'FIFO', 'scheduler_overhead_s': 0.0, 'scope': 'full_model_decode_serving', 'serial_attention_dispatches': 0, 'serial_mlp_request_dispatches': 0, 'serial_request_forward_dispatches': 0, 'serial_rmsnorm_request_dispatches': 0, 'throughput_tokens_s': 11.916201927669116, 'total_requests': 2, 'true_batch_preserved': True, 'wall_time_s': 1.342709707096219, 'warmup': True, 'workload_hash': 'a5a671008333da73b6edcd2567a71a050dd9d97c8477024b440b17cd694248b9'}",a5a671008333da73b6edcd2567a71a050dd9d97c8477024b440b17cd694248b9,0,"
Loading checkpoint shards:   0%|          | 0/2 [00:00<?, ?it/s]
Loading checkpoint shards:  50%|█████     | 1/2 [00:00<00:00,  1.05it/s]
Loading checkpoint shards: 100%|██████████| 2/2 [00:01<00:00,  1.10it/s]
Loading checkpoint shards: 100%|██████████| 2/2 [00:01<00:00,  1.10it/s]
"
1,2,True,saturated_steady_state,2,,2,True,2048,8,1320.8548999391496,16337505280,17064525824,,0,1,1,16911032320,17064525824,True,0978f629f1397e337b3d58b0b9741535ce3df2ee,GPU-624f86d9-284b-cb46-a671-51d77559dab6,0,0,10841.694628121331,,16911032320,2,2.0,169.8137919884175,165.09995338856243,165.09995338856243,0,CAUSAL_V4_25_FULL_MODEL,,2,fused_page,DeepSeek-R1-Distill-Llama-8B,"{'head_dim': 128, 'hidden_size': 4096, 'num_attention_heads': 32, 'num_hidden_layers': 32, 'num_key_value_heads': 8}",16,165.09995338856243,0,16911032320,17064525824,batch_scaling,1,0,10.841634989948943,0,expandable_segments:True,0,0,True,FIFO,0.0,full_model_decode_serving,1,0,0,0,0,PASS,True,0,12.113366881356235,2,True,1.3208548999391496,False,"{'active_capacity': 2, 'arrival_protocol': 'saturated_steady_state', 'completed_requests': 2, 'compressed_domain_runtime_preserved': True, 'context_length': 2048, 'decode_length': 8, 'decode_only_wall_ms': 1362.2038247995079, 'decode_window_peak_cuda_allocated_bytes': 16337505280, 'decode_window_peak_cuda_reserved_bytes': 17047748608, 'fallback_count': 0, 'full_lifecycle_peak_cuda_allocated_bytes': 16911032320, 'full_lifecycle_peak_cuda_reserved_bytes': 17047748608, 'full_model_forward_executed': True, 'historical_fp16_k_materialization': 0, 'historical_fp16_v_materialization': 0, 'initial_prefill_ms': 13015.207226155326, 'invalid_reason': '', 'kv_pool_bytes': 16911032320, 'max_active_batch_size': 2, 'mean_active_batch_size': 2.0, 'mean_decode_first_token_ms': 206.50141988880932, 'mean_tpot_ms': 170.2689182420727, 'median_tpot_ms': 170.2689182420727, 'membership_changes_in_timed_window': 0, 'method': 'CAUSAL_V4_25_FULL_MODEL', 'min_active_batch_size': 2, 'model': 'DeepSeek-R1-Distill-Llama-8B', 'output_tokens': 16, 'p95_tpot_ms': 170.2689182420727, 'page_batch_pack_calls': 0, 'peak_cuda_allocated_bytes': 16911032320, 'peak_cuda_reserved_bytes': 17047748608, 'physical_gpu': 1, 'prefill_calls_in_timed_window': 0, 'prefill_prep_s': 13.01510418113321, 'prefill_tokens_in_timed_window': 0, 'refill_calls_in_timed_window': 0, 'run_index': -1, 'run_valid': True, 'scheduler': 'FIFO', 'scheduler_overhead_s': 0.0, 'scope': 'full_model_decode_serving', 'serial_attention_dispatches': 0, 'serial_mlp_request_dispatches': 0, 'serial_request_forward_dispatches': 0, 'serial_rmsnorm_request_dispatches': 0, 'throughput_tokens_s': 11.745672496812226, 'total_requests': 2, 'true_batch_preserved': True, 'wall_time_s': 1.3622038247995079, 'warmup': True, 'workload_hash': 'a5a671008333da73b6edcd2567a71a050dd9d97c8477024b440b17cd694248b9'}",a5a671008333da73b6edcd2567a71a050dd9d97c8477024b440b17cd694248b9,0,"
Loading checkpoint shards:   0%|          | 0/2 [00:00<?, ?it/s]
Loading checkpoint shards:  50%|█████     | 1/2 [00:00<00:00,  1.06it/s]
Loading checkpoint shards: 100%|██████████| 2/2 [00:01<00:00,  1.10it/s]
Loading checkpoint shards: 100%|██████████| 2/2 [00:01<00:00,  1.09it/s]
"
1,2,True,saturated_steady_state,2,,2,False,2048,8,497.6923179347068,16216003072,16798187520,,0,1,1,16668401664,16798187520,True,0978f629f1397e337b3d58b0b9741535ce3df2ee,GPU-624f86d9-284b-cb46-a671-51d77559dab6,,,1006.7677579354495,,16668401664,2,2.0,63.46641294658184,62.206883245380595,62.206883245380595,0,KIVI_PAPER_G128_FULL_MODEL,"{'asym': True, 'backend_method': 'kivi_official', 'cache_mode': None, 'compact_kernel_storage_note': 'Packed payload plus FP16 scale/min; Python cache may store indices/masks at wider tensor dtypes.', 'group_size': 128, 'initial_pattern_count': None, 'k_bits': 2, 'key_quant_axis': 'per-channel: quantize transposed K along token axis', 'kivi_quantized_region_theoretical_bits': 2.25, 'method': 'kivi_paper_g128', 'mixed_key_int4_ratio': 0.0, 'mixed_key_mask_path': '', 'pattern_group': None, 'pattern_selection_position': None, 'patternkv_cache_path': None, 'quantized_region_affine_bits': 2.25, 'recent_length': 128, 'residual_length': 128, 'sink_length': 0, 'v_bits': 2, 'value_quant_axis': 'per-token: quantize V along head_dim axis'}",2,,DeepSeek-R1-Distill-Llama-8B,"{'head_dim': 128, 'hidden_size': 4096, 'num_attention_heads': 32, 'num_hidden_layers': 32, 'num_key_value_heads': 8}",16,62.206883245380595,0,16668401664,16798187520,batch_scaling,1,0,1.0067310051526874,0,expandable_segments:True,0,1,True,FIFO,0.0,full_model_decode_serving,1,0,0,0,0,PASS,True,0,32.14837646358662,2,True,0.4976923179347068,False,"{'active_capacity': 2, 'arrival_protocol': 'saturated_steady_state', 'completed_requests': 2, 'compressed_domain_runtime_preserved': False, 'context_length': 2048, 'decode_length': 8, 'decode_only_wall_ms': 546.8541188165545, 'decode_window_peak_cuda_allocated_bytes': 16216003072, 'decode_window_peak_cuda_reserved_bytes': 16756244480, 'fallback_count': 0, 'full_lifecycle_peak_cuda_allocated_bytes': 16668401664, 'full_lifecycle_peak_cuda_reserved_bytes': 16756244480, 'full_model_forward_executed': True, 'historical_fp16_k_materialization': None, 'historical_fp16_v_materialization': None, 'initial_prefill_ms': 2561.4781531039625, 'invalid_reason': '', 'kv_pool_bytes': 16668401664, 'max_active_batch_size': 2, 'mean_active_batch_size': 2.0, 'mean_decode_first_token_ms': 105.12195783667266, 'mean_tpot_ms': 68.35130773833953, 'median_tpot_ms': 68.35130773833953, 'membership_changes_in_timed_window': 0, 'method': 'KIVI_PAPER_G128_FULL_MODEL', 'min_active_batch_size': 2, 'model': 'DeepSeek-R1-Distill-Llama-8B', 'output_tokens': 16, 'p95_tpot_ms': 68.35130773833953, 'page_batch_pack_calls': 0, 'peak_cuda_allocated_bytes': 16668401664, 'peak_cuda_reserved_bytes': 16756244480, 'physical_gpu': 1, 'prefill_calls_in_timed_window': 0, 'prefill_prep_s': 2.561392981093377, 'prefill_tokens_in_timed_window': 0, 'refill_calls_in_timed_window': 0, 'run_index': -1, 'run_valid': True, 'scheduler': 'FIFO', 'scheduler_overhead_s': 0.0, 'scope': 'full_model_decode_serving', 'serial_attention_dispatches': 0, 'serial_mlp_request_dispatches': 0, 'serial_request_forward_dispatches': 0, 'serial_rmsnorm_request_dispatches': 0, 'throughput_tokens_s': 29.258260017544632, 'total_requests': 2, 'true_batch_preserved': True, 'wall_time_s': 0.5468541188165545, 'warmup': True, 'workload_hash': 'a5a671008333da73b6edcd2567a71a050dd9d97c8477024b440b17cd694248b9'}",a5a671008333da73b6edcd2567a71a050dd9d97c8477024b440b17cd694248b9,0,"
Loading checkpoint shards:   0%|          | 0/2 [00:00<?, ?it/s]
Loading checkpoint shards:  50%|█████     | 1/2 [00:00<00:00,  1.08it/s]
Loading checkpoint shards: 100%|██████████| 2/2 [00:01<00:00,  1.11it/s]
Loading checkpoint shards: 100%|██████████| 2/2 [00:01<00:00,  1.11it/s]
"
1,2,True,saturated_steady_state,2,segmented_rolling,2,False,2048,8,1302.379152039066,16273181696,16980639744,,0,1,1,16876068864,16980639744,True,0978f629f1397e337b3d58b0b9741535ce3df2ee,GPU-624f86d9-284b-cb46-a671-51d77559dab6,,,2995.388725074008,,16876068864,2,2.0,163.95939397625625,162.78905238141306,162.78905238141306,0,PATTERNKV_PAPER_FULL_MODEL,"{'asym': True, 'backend_method': 'patternkv', 'cache_mode': '', 'compact_kernel_storage_note': 'Packed payload plus FP16 scale/min; Python cache may store indices/masks at wider tensor dtypes.', 'group_size': 128, 'initial_pattern_count': 32, 'k_bits': 2, 'key_quant_axis': 'per-channel: quantize transposed K along token axis', 'kivi_quantized_region_theoretical_bits': None, 'method': 'patternkv_paper', 'mixed_key_int4_ratio': 0.0, 'mixed_key_mask_path': '', 'pattern_group': 128, 'pattern_selection_position': 'post-RoPE key/value states', 'patternkv_cache_path': '', 'quantized_region_affine_bits': 2.25, 'recent_length': 128, 'residual_length': 128, 'sink_length': 0, 'v_bits': 2, 'value_quant_axis': 'per-token: quantize V residual/centroids along head_dim axis'}",2,,DeepSeek-R1-Distill-Llama-8B,"{'head_dim': 128, 'hidden_size': 4096, 'num_attention_heads': 32, 'num_hidden_layers': 32, 'num_key_value_heads': 8, 'patternkv_v4_budget_fraction': 0.0, 'patternkv_v_precision_selector': 'base_v2'}",16,162.78905238141306,0,16876068864,16980639744,batch_scaling,1,0,2.995332814985886,0,expandable_segments:True,0,1,True,FIFO,0.0,full_model_decode_serving,1,0,0,0,0,PASS,True,0,12.285208938541167,2,True,1.302379152039066,False,"{'active_capacity': 2, 'arrival_protocol': 'saturated_steady_state', 'completed_requests': 2, 'compressed_domain_runtime_preserved': False, 'context_length': 2048, 'decode_length': 8, 'decode_only_wall_ms': 1331.9569930899888, 'decode_window_peak_cuda_allocated_bytes': 16273181696, 'decode_window_peak_cuda_reserved_bytes': 16961765376, 'fallback_count': 0, 'full_lifecycle_peak_cuda_allocated_bytes': 16876068864, 'full_lifecycle_peak_cuda_reserved_bytes': 16961765376, 'full_model_forward_executed': True, 'historical_fp16_k_materialization': None, 'historical_fp16_v_materialization': None, 'initial_prefill_ms': 4718.744227895513, 'invalid_reason': '', 'kv_pool_bytes': 16876068864, 'max_active_batch_size': 2, 'mean_active_batch_size': 2.0, 'mean_decode_first_token_ms': 196.25804899260402, 'mean_tpot_ms': 166.48879650165327, 'median_tpot_ms': 166.48879650165327, 'membership_changes_in_timed_window': 0, 'method': 'PATTERNKV_PAPER_FULL_MODEL', 'min_active_batch_size': 2, 'model': 'DeepSeek-R1-Distill-Llama-8B', 'output_tokens': 16, 'p95_tpot_ms': 166.48879650165327, 'page_batch_pack_calls': 0, 'peak_cuda_allocated_bytes': 16876068864, 'peak_cuda_reserved_bytes': 16961765376, 'physical_gpu': 1, 'prefill_calls_in_timed_window': 0, 'prefill_prep_s': 4.7186738778837025, 'prefill_tokens_in_timed_window': 0, 'refill_calls_in_timed_window': 0, 'run_index': -1, 'run_valid': True, 'scheduler': 'FIFO', 'scheduler_overhead_s': 0.0, 'scope': 'full_model_decode_serving', 'serial_attention_dispatches': 0, 'serial_mlp_request_dispatches': 0, 'serial_request_forward_dispatches': 0, 'serial_rmsnorm_request_dispatches': 0, 'throughput_tokens_s': 12.012399862011925, 'total_requests': 2, 'true_batch_preserved': True, 'wall_time_s': 1.3319569930899888, 'warmup': True, 'workload_hash': 'a5a671008333da73b6edcd2567a71a050dd9d97c8477024b440b17cd694248b9'}",a5a671008333da73b6edcd2567a71a050dd9d97c8477024b440b17cd694248b9,0,"
Loading checkpoint shards:   0%|          | 0/2 [00:00<?, ?it/s]
Loading checkpoint shards:  50%|█████     | 1/2 [00:01<00:01,  1.00s/it]
Loading checkpoint shards: 100%|██████████| 2/2 [00:01<00:00,  1.23it/s]
Loading checkpoint shards: 100%|██████████| 2/2 [00:01<00:00,  1.19it/s]
"
1,2,True,saturated_steady_state,2,,2,True,2048,8,1330.248799873516,16337505280,17064525824,,0,1,1,16911032320,17064525824,True,0978f629f1397e337b3d58b0b9741535ce3df2ee,GPU-624f86d9-284b-cb46-a671-51d77559dab6,0,0,10905.684057157487,,16911032320,2,2.0,171.79377586580813,166.2747487425804,166.2747487425804,0,CAUSAL_V4_25_FULL_MODEL,,2,fused_page,DeepSeek-R1-Distill-Llama-8B,"{'head_dim': 128, 'hidden_size': 4096, 'num_attention_heads': 32, 'num_hidden_layers': 32, 'num_key_value_heads': 8}",16,166.2747487425804,0,16911032320,17064525824,batch_scaling,1,0,10.905610556015745,0,expandable_segments:True,0,1,True,FIFO,0.0,full_model_decode_serving,1,0,0,0,0,PASS,True,0,12.027825171893655,2,True,1.330248799873516,False,"{'active_capacity': 2, 'arrival_protocol': 'saturated_steady_state', 'completed_requests': 2, 'compressed_domain_runtime_preserved': True, 'context_length': 2048, 'decode_length': 8, 'decode_only_wall_ms': 1371.3485379703343, 'decode_window_peak_cuda_allocated_bytes': 16337505280, 'decode_window_peak_cuda_reserved_bytes': 17047748608, 'fallback_count': 0, 'full_lifecycle_peak_cuda_allocated_bytes': 16911032320, 'full_lifecycle_peak_cuda_reserved_bytes': 17047748608, 'full_model_forward_executed': True, 'historical_fp16_k_materialization': 0, 'historical_fp16_v_materialization': 0, 'initial_prefill_ms': 13058.38876310736, 'invalid_reason': '', 'kv_pool_bytes': 16911032320, 'max_active_batch_size': 2, 'mean_active_batch_size': 2.0, 'mean_decode_first_token_ms': 209.86554911360145, 'mean_tpot_ms': 171.4115985087119, 'median_tpot_ms': 171.4115985087119, 'membership_changes_in_timed_window': 0, 'method': 'CAUSAL_V4_25_FULL_MODEL', 'min_active_batch_size': 2, 'model': 'DeepSeek-R1-Distill-Llama-8B', 'output_tokens': 16, 'p95_tpot_ms': 171.4115985087119, 'page_batch_pack_calls': 0, 'peak_cuda_allocated_bytes': 16911032320, 'peak_cuda_reserved_bytes': 17047748608, 'physical_gpu': 1, 'prefill_calls_in_timed_window': 0, 'prefill_prep_s': 13.058280524797738, 'prefill_tokens_in_timed_window': 0, 'refill_calls_in_timed_window': 0, 'run_index': -1, 'run_valid': True, 'scheduler': 'FIFO', 'scheduler_overhead_s': 0.0, 'scope': 'full_model_decode_serving', 'serial_attention_dispatches': 0, 'serial_mlp_request_dispatches': 0, 'serial_request_forward_dispatches': 0, 'serial_rmsnorm_request_dispatches': 0, 'throughput_tokens_s': 11.667347546584192, 'total_requests': 2, 'true_batch_preserved': True, 'wall_time_s': 1.3713485379703343, 'warmup': True, 'workload_hash': 'a5a671008333da73b6edcd2567a71a050dd9d97c8477024b440b17cd694248b9'}",a5a671008333da73b6edcd2567a71a050dd9d97c8477024b440b17cd694248b9,0,"
Loading checkpoint shards:   0%|          | 0/2 [00:00<?, ?it/s]
Loading checkpoint shards:  50%|█████     | 1/2 [00:00<00:00,  1.15it/s]
Loading checkpoint shards: 100%|██████████| 2/2 [00:01<00:00,  1.26it/s]
Loading checkpoint shards: 100%|██████████| 2/2 [00:01<00:00,  1.24it/s]
"
1,2,True,saturated_steady_state,2,,2,False,2048,8,227.54277708008885,17155259392,17265852416,,0,1,1,17155259392,17265852416,True,0978f629f1397e337b3d58b0b9741535ce3df2ee,GPU-624f86d9-284b-cb46-a671-51d77559dab6,,,974.6577830519527,,17155259392,2,2.0,29.499759199097753,28.436598018743098,28.436598018743098,0,FP16_FULL_MODEL,,2,,DeepSeek-R1-Distill-Llama-8B,"{'head_dim': 128, 'hidden_size': 4096, 'num_attention_heads': 32, 'num_hidden_layers': 32, 'num_key_value_heads': 8}",16,28.436598018743098,0,17155259392,17265852416,batch_scaling,1,0,0.9746047970838845,0,expandable_segments:True,0,1,True,FIFO,0.0,full_model_decode_serving,1,0,0,0,0,PASS,True,0,70.31644864898716,2,True,0.22754277708008885,False,"{'active_capacity': 2, 'arrival_protocol': 'saturated_steady_state', 'completed_requests': 2, 'compressed_domain_runtime_preserved': False, 'context_length': 2048, 'decode_length': 8, 'decode_only_wall_ms': 250.17304089851677, 'decode_window_peak_cuda_allocated_bytes': 17155259392, 'decode_window_peak_cuda_reserved_bytes': 17265852416, 'fallback_count': 0, 'full_lifecycle_peak_cuda_allocated_bytes': 17155259392, 'full_lifecycle_peak_cuda_reserved_bytes': 17265852416, 'full_model_forward_executed': True, 'historical_fp16_k_materialization': None, 'historical_fp16_v_materialization': None, 'initial_prefill_ms': 1305.6398727931082, 'invalid_reason': '', 'kv_pool_bytes': 17155259392, 'max_active_batch_size': 2, 'mean_active_batch_size': 2.0, 'mean_decode_first_token_ms': 50.7205359172076, 'mean_tpot_ms': 31.266952370060608, 'median_tpot_ms': 31.266952370060608, 'membership_changes_in_timed_window': 0, 'method': 'FP16_FULL_MODEL', 'min_active_batch_size': 2, 'model': 'DeepSeek-R1-Distill-Llama-8B', 'output_tokens': 16, 'p95_tpot_ms': 31.266952370060608, 'page_batch_pack_calls': 0, 'peak_cuda_allocated_bytes': 17155259392, 'peak_cuda_reserved_bytes': 17265852416, 'physical_gpu': 1, 'prefill_calls_in_timed_window': 0, 'prefill_prep_s': 1.3055611469317228, 'prefill_tokens_in_timed_window': 0, 'refill_calls_in_timed_window': 0, 'run_index': -1, 'run_valid': True, 'scheduler': 'FIFO', 'scheduler_overhead_s': 0.0, 'scope': 'full_model_decode_serving', 'serial_attention_dispatches': 0, 'serial_mlp_request_dispatches': 0, 'serial_request_forward_dispatches': 0, 'serial_rmsnorm_request_dispatches': 0, 'throughput_tokens_s': 63.955732170559635, 'total_requests': 2, 'true_batch_preserved': True, 'wall_time_s': 0.2501730408985168, 'warmup': True, 'workload_hash': 'a5a671008333da73b6edcd2567a71a050dd9d97c8477024b440b17cd694248b9'}",a5a671008333da73b6edcd2567a71a050dd9d97c8477024b440b17cd694248b9,0,"You are attempting to use Flash Attention 2.0 with a model not initialized on GPU. Make sure to move the model to GPU after initializing it on CPU with `model.to('cuda')`.

Loading checkpoint shards:   0%|          | 0/2 [00:00<?, ?it/s]
Loading checkpoint shards:  50%|█████     | 1/2 [00:00<00:00,  1.15it/s]
Loading checkpoint shards: 100%|██████████| 2/2 [00:01<00:00,  1.25it/s]
Loading checkpoint shards: 100%|██████████| 2/2 [00:01<00:00,  1.23it/s]
We detected that you are passing `past_key_values` as a tuple and this is deprecated and will be removed in v4.43. Please use an appropriate `Cache` class (https://huggingface.co/docs/transformers/v4.41.3/en/internal/generation_utils#transformers.Cache)
"
1,2,True,saturated_steady_state,2,segmented_rolling,2,False,2048,8,1277.024410897866,16273181696,16980639744,,0,1,1,16876068864,16980639744,True,0978f629f1397e337b3d58b0b9741535ce3df2ee,GPU-624f86d9-284b-cb46-a671-51d77559dab6,,,3085.7820818200707,,16876068864,2,2.0,162.21759491600096,159.62133524590172,159.62133524590172,0,PATTERNKV_PAPER_FULL_MODEL,"{'asym': True, 'backend_method': 'patternkv', 'cache_mode': '', 'compact_kernel_storage_note': 'Packed payload plus FP16 scale/min; Python cache may store indices/masks at wider tensor dtypes.', 'group_size': 128, 'initial_pattern_count': 32, 'k_bits': 2, 'key_quant_axis': 'per-channel: quantize transposed K along token axis', 'kivi_quantized_region_theoretical_bits': None, 'method': 'patternkv_paper', 'mixed_key_int4_ratio': 0.0, 'mixed_key_mask_path': '', 'pattern_group': 128, 'pattern_selection_position': 'post-RoPE key/value states', 'patternkv_cache_path': '', 'quantized_region_affine_bits': 2.25, 'recent_length': 128, 'residual_length': 128, 'sink_length': 0, 'v_bits': 2, 'value_quant_axis': 'per-token: quantize V residual/centroids along head_dim axis'}",2,,DeepSeek-R1-Distill-Llama-8B,"{'head_dim': 128, 'hidden_size': 4096, 'num_attention_heads': 32, 'num_hidden_layers': 32, 'num_key_value_heads': 8, 'patternkv_v4_budget_fraction': 0.0, 'patternkv_v_precision_selector': 'base_v2'}",16,159.62133524590172,0,16876068864,16980639744,batch_scaling,1,0,3.0857310651335865,0,expandable_segments:True,0,2,True,FIFO,0.0,full_model_decode_serving,1,0,0,0,0,PASS,True,0,12.529126196382201,2,True,1.277024410897866,False,"{'active_capacity': 2, 'arrival_protocol': 'saturated_steady_state', 'completed_requests': 2, 'compressed_domain_runtime_preserved': False, 'context_length': 2048, 'decode_length': 8, 'decode_only_wall_ms': 1314.3679939676076, 'decode_window_peak_cuda_allocated_bytes': 16273181696, 'decode_window_peak_cuda_reserved_bytes': 16961765376, 'fallback_count': 0, 'full_lifecycle_peak_cuda_allocated_bytes': 16876068864, 'full_lifecycle_peak_cuda_reserved_bytes': 16961765376, 'full_model_forward_executed': True, 'historical_fp16_k_materialization': None, 'historical_fp16_v_materialization': None, 'initial_prefill_ms': 4702.8349079191685, 'invalid_reason': '', 'kv_pool_bytes': 16876068864, 'max_active_batch_size': 2, 'mean_active_batch_size': 2.0, 'mean_decode_first_token_ms': 191.5556371677667, 'mean_tpot_ms': 164.2899629950989, 'median_tpot_ms': 164.2899629950989, 'membership_changes_in_timed_window': 0, 'method': 'PATTERNKV_PAPER_FULL_MODEL', 'min_active_batch_size': 2, 'model': 'DeepSeek-R1-Distill-Llama-8B', 'output_tokens': 16, 'p95_tpot_ms': 164.2899629950989, 'page_batch_pack_calls': 0, 'peak_cuda_allocated_bytes': 16876068864, 'peak_cuda_reserved_bytes': 16961765376, 'physical_gpu': 1, 'prefill_calls_in_timed_window': 0, 'prefill_prep_s': 4.702765257097781, 'prefill_tokens_in_timed_window': 0, 'refill_calls_in_timed_window': 0, 'run_index': -1, 'run_valid': True, 'scheduler': 'FIFO', 'scheduler_overhead_s': 0.0, 'scope': 'full_model_decode_serving', 'serial_attention_dispatches': 0, 'serial_mlp_request_dispatches': 0, 'serial_request_forward_dispatches': 0, 'serial_rmsnorm_request_dispatches': 0, 'throughput_tokens_s': 12.173150954248143, 'total_requests': 2, 'true_batch_preserved': True, 'wall_time_s': 1.3143679939676076, 'warmup': True, 'workload_hash': 'a5a671008333da73b6edcd2567a71a050dd9d97c8477024b440b17cd694248b9'}",a5a671008333da73b6edcd2567a71a050dd9d97c8477024b440b17cd694248b9,0,"
Loading checkpoint shards:   0%|          | 0/2 [00:00<?, ?it/s]
Loading checkpoint shards:  50%|█████     | 1/2 [00:00<00:00,  1.10it/s]
Loading checkpoint shards: 100%|██████████| 2/2 [00:01<00:00,  1.29it/s]
Loading checkpoint shards: 100%|██████████| 2/2 [00:01<00:00,  1.25it/s]
"
1,2,True,saturated_steady_state,2,,2,True,2048,8,1319.0030120313168,16337505280,17064525824,,0,1,1,16911032320,17064525824,True,0978f629f1397e337b3d58b0b9741535ce3df2ee,GPU-624f86d9-284b-cb46-a671-51d77559dab6,0,0,10856.522888876498,,16911032320,2,2.0,171.26280395314097,164.8688406276051,164.8688406276051,0,CAUSAL_V4_25_FULL_MODEL,,2,fused_page,DeepSeek-R1-Distill-Llama-8B,"{'head_dim': 128, 'hidden_size': 4096, 'num_attention_heads': 32, 'num_hidden_layers': 32, 'num_key_value_heads': 8}",16,164.8688406276051,0,16911032320,17064525824,batch_scaling,1,0,10.856454459019005,0,expandable_segments:True,0,2,True,FIFO,0.0,full_model_decode_serving,1,0,0,0,0,PASS,True,0,12.130374118978976,2,True,1.3190030120313168,False,"{'active_capacity': 2, 'arrival_protocol': 'saturated_steady_state', 'completed_requests': 2, 'compressed_domain_runtime_preserved': True, 'context_length': 2048, 'decode_length': 8, 'decode_only_wall_ms': 1369.2909721285105, 'decode_window_peak_cuda_allocated_bytes': 16337505280, 'decode_window_peak_cuda_reserved_bytes': 17047748608, 'fallback_count': 0, 'full_lifecycle_peak_cuda_allocated_bytes': 16911032320, 'full_lifecycle_peak_cuda_reserved_bytes': 17047748608, 'full_model_forward_executed': True, 'historical_fp16_k_materialization': 0, 'historical_fp16_v_materialization': 0, 'initial_prefill_ms': 12945.643913000822, 'invalid_reason': '', 'kv_pool_bytes': 16911032320, 'max_active_batch_size': 2, 'mean_active_batch_size': 2.0, 'mean_decode_first_token_ms': 210.79690102487803, 'mean_tpot_ms': 171.1554432695266, 'median_tpot_ms': 171.1554432695266, 'membership_changes_in_timed_window': 0, 'method': 'CAUSAL_V4_25_FULL_MODEL', 'min_active_batch_size': 2, 'model': 'DeepSeek-R1-Distill-Llama-8B', 'output_tokens': 16, 'p95_tpot_ms': 171.1554432695266, 'page_batch_pack_calls': 0, 'peak_cuda_allocated_bytes': 16911032320, 'peak_cuda_reserved_bytes': 17047748608, 'physical_gpu': 1, 'prefill_calls_in_timed_window': 0, 'prefill_prep_s': 12.94555147178471, 'prefill_tokens_in_timed_window': 0, 'refill_calls_in_timed_window': 0, 'run_index': -1, 'run_valid': True, 'scheduler': 'FIFO', 'scheduler_overhead_s': 0.0, 'scope': 'full_model_decode_serving', 'serial_attention_dispatches': 0, 'serial_mlp_request_dispatches': 0, 'serial_request_forward_dispatches': 0, 'serial_rmsnorm_request_dispatches': 0, 'throughput_tokens_s': 11.684879492872586, 'total_requests': 2, 'true_batch_preserved': True, 'wall_time_s': 1.3692909721285105, 'warmup': True, 'workload_hash': 'a5a671008333da73b6edcd2567a71a050dd9d97c8477024b440b17cd694248b9'}",a5a671008333da73b6edcd2567a71a050dd9d97c8477024b440b17cd694248b9,0,"
Loading checkpoint shards:   0%|          | 0/2 [00:00<?, ?it/s]
Loading checkpoint shards:  50%|█████     | 1/2 [00:00<00:00,  1.13it/s]
Loading checkpoint shards: 100%|██████████| 2/2 [00:01<00:00,  1.27it/s]
Loading checkpoint shards: 100%|██████████| 2/2 [00:01<00:00,  1.25it/s]
"
1,2,True,saturated_steady_state,2,,2,False,2048,8,223.76181604340672,17155259392,17265852416,,0,1,1,17155259392,17265852416,True,0978f629f1397e337b3d58b0b9741535ce3df2ee,GPU-624f86d9-284b-cb46-a671-51d77559dab6,,,974.9593450687826,,17155259392,2,2.0,28.809534152969718,27.965773129835725,27.965773129835725,0,FP16_FULL_MODEL,,2,,DeepSeek-R1-Distill-Llama-8B,"{'head_dim': 128, 'hidden_size': 4096, 'num_attention_heads': 32, 'num_hidden_layers': 32, 'num_key_value_heads': 8}",16,27.965773129835725,0,17155259392,17265852416,batch_scaling,1,0,0.9749207431450486,0,expandable_segments:True,0,2,True,FIFO,0.0,full_model_decode_serving,1,0,0,0,0,PASS,True,0,71.504603792169,2,True,0.22376181604340672,False,"{'active_capacity': 2, 'arrival_protocol': 'saturated_steady_state', 'completed_requests': 2, 'compressed_domain_runtime_preserved': False, 'context_length': 2048, 'decode_length': 8, 'decode_only_wall_ms': 249.60820889100432, 'decode_window_peak_cuda_allocated_bytes': 17155259392, 'decode_window_peak_cuda_reserved_bytes': 17265852416, 'fallback_count': 0, 'full_lifecycle_peak_cuda_allocated_bytes': 17155259392, 'full_lifecycle_peak_cuda_reserved_bytes': 17265852416, 'full_model_forward_executed': True, 'historical_fp16_k_materialization': None, 'historical_fp16_v_materialization': None, 'initial_prefill_ms': 1302.2601651027799, 'invalid_reason': '', 'kv_pool_bytes': 17155259392, 'max_active_batch_size': 2, 'mean_active_batch_size': 2.0, 'mean_decode_first_token_ms': 47.40074300207198, 'mean_tpot_ms': 31.19640311342664, 'median_tpot_ms': 31.19640311342664, 'membership_changes_in_timed_window': 0, 'method': 'FP16_FULL_MODEL', 'min_active_batch_size': 2, 'model': 'DeepSeek-R1-Distill-Llama-8B', 'output_tokens': 16, 'p95_tpot_ms': 31.19640311342664, 'page_batch_pack_calls': 0, 'peak_cuda_allocated_bytes': 17155259392, 'peak_cuda_reserved_bytes': 17265852416, 'physical_gpu': 1, 'prefill_calls_in_timed_window': 0, 'prefill_prep_s': 1.302182286977768, 'prefill_tokens_in_timed_window': 0, 'refill_calls_in_timed_window': 0, 'run_index': -1, 'run_valid': True, 'scheduler': 'FIFO', 'scheduler_overhead_s': 0.0, 'scope': 'full_model_decode_serving', 'serial_attention_dispatches': 0, 'serial_mlp_request_dispatches': 0, 'serial_request_forward_dispatches': 0, 'serial_rmsnorm_request_dispatches': 0, 'throughput_tokens_s': 64.1004559549028, 'total_requests': 2, 'true_batch_preserved': True, 'wall_time_s': 0.24960820889100432, 'warmup': True, 'workload_hash': 'a5a671008333da73b6edcd2567a71a050dd9d97c8477024b440b17cd694248b9'}",a5a671008333da73b6edcd2567a71a050dd9d97c8477024b440b17cd694248b9,0,"You are attempting to use Flash Attention 2.0 with a model not initialized on GPU. Make sure to move the model to GPU after initializing it on CPU with `model.to('cuda')`.

Loading checkpoint shards:   0%|          | 0/2 [00:00<?, ?it/s]
Loading checkpoint shards:  50%|█████     | 1/2 [00:00<00:00,  1.03it/s]
Loading checkpoint shards: 100%|██████████| 2/2 [00:01<00:00,  1.20it/s]
Loading checkpoint shards: 100%|██████████| 2/2 [00:01<00:00,  1.17it/s]
We detected that you are passing `past_key_values` as a tuple and this is deprecated and will be removed in v4.43. Please use an appropriate `Cache` class (https://huggingface.co/docs/transformers/v4.41.3/en/internal/generation_utils#transformers.Cache)
"
1,2,True,saturated_steady_state,2,,2,False,2048,8,490.0263580493629,16216003072,16798187520,,0,1,1,16668401664,16798187520,True,0978f629f1397e337b3d58b0b9741535ce3df2ee,GPU-624f86d9-284b-cb46-a671-51d77559dab6,,,1007.967869983986,,16668401664,2,2.0,62.1786389965564,61.24692125013098,61.24692125013098,0,KIVI_PAPER_G128_FULL_MODEL,"{'asym': True, 'backend_method': 'kivi_official', 'cache_mode': None, 'compact_kernel_storage_note': 'Packed payload plus FP16 scale/min; Python cache may store indices/masks at wider tensor dtypes.', 'group_size': 128, 'initial_pattern_count': None, 'k_bits': 2, 'key_quant_axis': 'per-channel: quantize transposed K along token axis', 'kivi_quantized_region_theoretical_bits': 2.25, 'method': 'kivi_paper_g128', 'mixed_key_int4_ratio': 0.0, 'mixed_key_mask_path': '', 'pattern_group': None, 'pattern_selection_position': None, 'patternkv_cache_path': None, 'quantized_region_affine_bits': 2.25, 'recent_length': 128, 'residual_length': 128, 'sink_length': 0, 'v_bits': 2, 'value_quant_axis': 'per-token: quantize V along head_dim axis'}",2,,DeepSeek-R1-Distill-Llama-8B,"{'head_dim': 128, 'hidden_size': 4096, 'num_attention_heads': 32, 'num_hidden_layers': 32, 'num_key_value_heads': 8}",16,61.24692125013098,0,16668401664,16798187520,batch_scaling,1,0,1.0079295630566776,0,expandable_segments:True,0,2,True,FIFO,0.0,full_model_decode_serving,1,0,0,0,0,PASS,True,0,32.65130484754095,2,True,0.4900263580493629,False,"{'active_capacity': 2, 'arrival_protocol': 'saturated_steady_state', 'completed_requests': 2, 'compressed_domain_runtime_preserved': False, 'context_length': 2048, 'decode_length': 8, 'decode_only_wall_ms': 538.7951640877873, 'decode_window_peak_cuda_allocated_bytes': 16216003072, 'decode_window_peak_cuda_reserved_bytes': 16756244480, 'fallback_count': 0, 'full_lifecycle_peak_cuda_allocated_bytes': 16668401664, 'full_lifecycle_peak_cuda_reserved_bytes': 16756244480, 'full_model_forward_executed': True, 'historical_fp16_k_materialization': None, 'historical_fp16_v_materialization': None, 'initial_prefill_ms': 2569.216493051499, 'invalid_reason': '', 'kv_pool_bytes': 16668401664, 'max_active_batch_size': 2, 'mean_active_batch_size': 2.0, 'mean_decode_first_token_ms': 102.50061796978116, 'mean_tpot_ms': 67.34360213158652, 'median_tpot_ms': 67.34360213158652, 'membership_changes_in_timed_window': 0, 'method': 'KIVI_PAPER_G128_FULL_MODEL', 'min_active_batch_size': 2, 'model': 'DeepSeek-R1-Distill-Llama-8B', 'output_tokens': 16, 'p95_tpot_ms': 67.34360213158652, 'page_batch_pack_calls': 0, 'peak_cuda_allocated_bytes': 16668401664, 'peak_cuda_reserved_bytes': 16756244480, 'physical_gpu': 1, 'prefill_calls_in_timed_window': 0, 'prefill_prep_s': 2.569131087977439, 'prefill_tokens_in_timed_window': 0, 'refill_calls_in_timed_window': 0, 'run_index': -1, 'run_valid': True, 'scheduler': 'FIFO', 'scheduler_overhead_s': 0.0, 'scope': 'full_model_decode_serving', 'serial_attention_dispatches': 0, 'serial_mlp_request_dispatches': 0, 'serial_request_forward_dispatches': 0, 'serial_rmsnorm_request_dispatches': 0, 'throughput_tokens_s': 29.695886426688638, 'total_requests': 2, 'true_batch_preserved': True, 'wall_time_s': 0.5387951640877873, 'warmup': True, 'workload_hash': 'a5a671008333da73b6edcd2567a71a050dd9d97c8477024b440b17cd694248b9'}",a5a671008333da73b6edcd2567a71a050dd9d97c8477024b440b17cd694248b9,0,"
Loading checkpoint shards:   0%|          | 0/2 [00:00<?, ?it/s]
Loading checkpoint shards:  50%|█████     | 1/2 [00:00<00:00,  1.08it/s]
Loading checkpoint shards: 100%|██████████| 2/2 [00:01<00:00,  1.12it/s]
Loading checkpoint shards: 100%|██████████| 2/2 [00:01<00:00,  1.11it/s]
"
1,4,True,saturated_steady_state,4,,4,False,2048,8,294.2893300205469,18241457152,18440257536,,0,1,1,18241457152,18440257536,True,0978f629f1397e337b3d58b0b9741535ce3df2ee,GPU-624f86d9-284b-cb46-a671-51d77559dab6,,,1894.1108300350606,,18241457152,4,4.0,38.125904044136405,36.77923476789147,36.77923476789147,0,FP16_FULL_MODEL,,4,,DeepSeek-R1-Distill-Llama-8B,"{'head_dim': 128, 'hidden_size': 4096, 'num_attention_heads': 32, 'num_hidden_layers': 32, 'num_key_value_heads': 8}",32,36.77923476789147,0,18241457152,18440257536,batch_scaling,1,0,1.8940559008624405,0,expandable_segments:True,0,0,True,FIFO,0.0,full_model_decode_serving,1,0,0,0,0,PASS,True,0,108.7365280887547,4,True,0.2942893300205469,False,"{'active_capacity': 4, 'arrival_protocol': 'saturated_steady_state', 'completed_requests': 4, 'compressed_domain_runtime_preserved': False, 'context_length': 2048, 'decode_length': 8, 'decode_only_wall_ms': 318.1716769468039, 'decode_window_peak_cuda_allocated_bytes': 18241457152, 'decode_window_peak_cuda_reserved_bytes': 18440257536, 'fallback_count': 0, 'full_lifecycle_peak_cuda_allocated_bytes': 18241457152, 'full_lifecycle_peak_cuda_reserved_bytes': 18440257536, 'full_model_forward_executed': True, 'historical_fp16_k_materialization': None, 'historical_fp16_v_materialization': None, 'initial_prefill_ms': 2233.616871992126, 'invalid_reason': '', 'kv_pool_bytes': 18241457152, 'max_active_batch_size': 4, 'mean_active_batch_size': 4.0, 'mean_decode_first_token_ms': 60.22704695351422, 'mean_tpot_ms': 39.7652487445157, 'median_tpot_ms': 39.7652487445157, 'membership_changes_in_timed_window': 0, 'method': 'FP16_FULL_MODEL', 'min_active_batch_size': 4, 'model': 'DeepSeek-R1-Distill-Llama-8B', 'output_tokens': 32, 'p95_tpot_ms': 39.7652487445157, 'page_batch_pack_calls': 0, 'peak_cuda_allocated_bytes': 18241457152, 'peak_cuda_reserved_bytes': 18440257536, 'physical_gpu': 1, 'prefill_calls_in_timed_window': 0, 'prefill_prep_s': 2.2335277618840337, 'prefill_tokens_in_timed_window': 0, 'refill_calls_in_timed_window': 0, 'run_index': -1, 'run_valid': True, 'scheduler': 'FIFO', 'scheduler_overhead_s': 0.0, 'scope': 'full_model_decode_serving', 'serial_attention_dispatches': 0, 'serial_mlp_request_dispatches': 0, 'serial_request_forward_dispatches': 0, 'serial_rmsnorm_request_dispatches': 0, 'throughput_tokens_s': 100.57463413171807, 'total_requests': 4, 'true_batch_preserved': True, 'wall_time_s': 0.3181716769468039, 'warmup': True, 'workload_hash': 'f1dcf6282270b886442b437c83104047865ea9188ac4c7665b79b515dcb46c81'}",f1dcf6282270b886442b437c83104047865ea9188ac4c7665b79b515dcb46c81,0,"You are attempting to use Flash Attention 2.0 with a model not initialized on GPU. Make sure to move the model to GPU after initializing it on CPU with `model.to('cuda')`.

Loading checkpoint shards:   0%|          | 0/2 [00:00<?, ?it/s]
Loading checkpoint shards:  50%|█████     | 1/2 [00:00<00:00,  1.16it/s]
Loading checkpoint shards: 100%|██████████| 2/2 [00:01<00:00,  1.28it/s]
Loading checkpoint shards: 100%|██████████| 2/2 [00:01<00:00,  1.26it/s]
We detected that you are passing `past_key_values` as a tuple and this is deprecated and will be removed in v4.43. Please use an appropriate `Cache` class (https://huggingface.co/docs/transformers/v4.41.3/en/internal/generation_utils#transformers.Cache)
"
1,4,True,saturated_steady_state,4,,4,False,2048,8,498.6642899457365,16362945024,17527996416,,0,1,1,17259339776,17527996416,True,0978f629f1397e337b3d58b0b9741535ce3df2ee,GPU-624f86d9-284b-cb46-a671-51d77559dab6,,,1964.0821691136807,,17259339776,4,4.0,67.15449085459113,62.327605875907466,62.327605875907466,0,KIVI_PAPER_G128_FULL_MODEL,"{'asym': True, 'backend_method': 'kivi_official', 'cache_mode': None, 'compact_kernel_storage_note': 'Packed payload plus FP16 scale/min; Python cache may store indices/masks at wider tensor dtypes.', 'group_size': 128, 'initial_pattern_count': None, 'k_bits': 2, 'key_quant_axis': 'per-channel: quantize transposed K along token axis', 'kivi_quantized_region_theoretical_bits': 2.25, 'method': 'kivi_paper_g128', 'mixed_key_int4_ratio': 0.0, 'mixed_key_mask_path': '', 'pattern_group': None, 'pattern_selection_position': None, 'patternkv_cache_path': None, 'quantized_region_affine_bits': 2.25, 'recent_length': 128, 'residual_length': 128, 'sink_length': 0, 'v_bits': 2, 'value_quant_axis': 'per-token: quantize V along head_dim axis'}",4,,DeepSeek-R1-Distill-Llama-8B,"{'head_dim': 128, 'hidden_size': 4096, 'num_attention_heads': 32, 'num_hidden_layers': 32, 'num_key_value_heads': 8}",32,62.327605875907466,0,17259339776,17527996416,batch_scaling,1,0,1.9640357389580458,0,expandable_segments:True,0,0,True,FIFO,0.0,full_model_decode_serving,1,0,0,0,0,PASS,True,0,64.17142884541053,4,True,0.4986642899457365,False,"{'active_capacity': 4, 'arrival_protocol': 'saturated_steady_state', 'completed_requests': 4, 'compressed_domain_runtime_preserved': False, 'context_length': 2048, 'decode_length': 8, 'decode_only_wall_ms': 542.474881047383, 'decode_window_peak_cuda_allocated_bytes': 16362945024, 'decode_window_peak_cuda_reserved_bytes': 17527996416, 'fallback_count': 0, 'full_lifecycle_peak_cuda_allocated_bytes': 17259339776, 'full_lifecycle_peak_cuda_reserved_bytes': 17527996416, 'full_model_forward_executed': True, 'historical_fp16_k_materialization': None, 'historical_fp16_v_materialization': None, 'initial_prefill_ms': 3518.113885074854, 'invalid_reason': '', 'kv_pool_bytes': 17259339776, 'max_active_batch_size': 4, 'mean_active_batch_size': 4.0, 'mean_decode_first_token_ms': 108.06073108687997, 'mean_tpot_ms': 67.80345688457601, 'median_tpot_ms': 67.80345688457601, 'membership_changes_in_timed_window': 0, 'method': 'KIVI_PAPER_G128_FULL_MODEL', 'min_active_batch_size': 4, 'model': 'DeepSeek-R1-Distill-Llama-8B', 'output_tokens': 32, 'p95_tpot_ms': 67.80345688457601, 'page_batch_pack_calls': 0, 'peak_cuda_allocated_bytes': 17259339776, 'peak_cuda_reserved_bytes': 17527996416, 'physical_gpu': 1, 'prefill_calls_in_timed_window': 0, 'prefill_prep_s': 3.5180205199867487, 'prefill_tokens_in_timed_window': 0, 'refill_calls_in_timed_window': 0, 'run_index': -1, 'run_valid': True, 'scheduler': 'FIFO', 'scheduler_overhead_s': 0.0, 'scope': 'full_model_decode_serving', 'serial_attention_dispatches': 0, 'serial_mlp_request_dispatches': 0, 'serial_request_forward_dispatches': 0, 'serial_rmsnorm_request_dispatches': 0, 'throughput_tokens_s': 58.98890643234213, 'total_requests': 4, 'true_batch_preserved': True, 'wall_time_s': 0.542474881047383, 'warmup': True, 'workload_hash': 'f1dcf6282270b886442b437c83104047865ea9188ac4c7665b79b515dcb46c81'}",f1dcf6282270b886442b437c83104047865ea9188ac4c7665b79b515dcb46c81,0,"
Loading checkpoint shards:   0%|          | 0/2 [00:00<?, ?it/s]
Loading checkpoint shards:  50%|█████     | 1/2 [00:00<00:00,  1.11it/s]
Loading checkpoint shards: 100%|██████████| 2/2 [00:01<00:00,  1.16it/s]
Loading checkpoint shards: 100%|██████████| 2/2 [00:01<00:00,  1.15it/s]
"
1,4,True,saturated_steady_state,4,segmented_rolling,4,False,2048,8,1271.461172029376,16476943360,17999855616,,0,1,1,17674346496,17999855616,True,0978f629f1397e337b3d58b0b9741535ce3df2ee,GPU-624f86d9-284b-cb46-a671-51d77559dab6,,,5729.165775934234,,17674346496,4,4.0,162.30859514325857,158.92638938385062,158.92638938385062,0,PATTERNKV_PAPER_FULL_MODEL,"{'asym': True, 'backend_method': 'patternkv', 'cache_mode': '', 'compact_kernel_storage_note': 'Packed payload plus FP16 scale/min; Python cache may store indices/masks at wider tensor dtypes.', 'group_size': 128, 'initial_pattern_count': 32, 'k_bits': 2, 'key_quant_axis': 'per-channel: quantize transposed K along token axis', 'kivi_quantized_region_theoretical_bits': None, 'method': 'patternkv_paper', 'mixed_key_int4_ratio': 0.0, 'mixed_key_mask_path': '', 'pattern_group': 128, 'pattern_selection_position': 'post-RoPE key/value states', 'patternkv_cache_path': '', 'quantized_region_affine_bits': 2.25, 'recent_length': 128, 'residual_length': 128, 'sink_length': 0, 'v_bits': 2, 'value_quant_axis': 'per-token: quantize V residual/centroids along head_dim axis'}",4,,DeepSeek-R1-Distill-Llama-8B,"{'head_dim': 128, 'hidden_size': 4096, 'num_attention_heads': 32, 'num_hidden_layers': 32, 'num_key_value_heads': 8, 'patternkv_v4_budget_fraction': 0.0, 'patternkv_v_precision_selector': 'base_v2'}",32,158.92638938385062,0,17674346496,17999855616,batch_scaling,1,0,5.72911233198829,0,expandable_segments:True,0,0,True,FIFO,0.0,full_model_decode_serving,1,0,0,0,0,PASS,True,0,25.16789399783627,4,True,1.271461172029376,False,"{'active_capacity': 4, 'arrival_protocol': 'saturated_steady_state', 'completed_requests': 4, 'compressed_domain_runtime_preserved': False, 'context_length': 2048, 'decode_length': 8, 'decode_only_wall_ms': 1422.7495780214667, 'decode_window_peak_cuda_allocated_bytes': 16476943360, 'decode_window_peak_cuda_reserved_bytes': 17913872384, 'fallback_count': 0, 'full_lifecycle_peak_cuda_allocated_bytes': 17674346496, 'full_lifecycle_peak_cuda_reserved_bytes': 17913872384, 'full_model_forward_executed': True, 'historical_fp16_k_materialization': None, 'historical_fp16_v_materialization': None, 'initial_prefill_ms': 7648.444226942956, 'invalid_reason': '', 'kv_pool_bytes': 17674346496, 'max_active_batch_size': 4, 'mean_active_batch_size': 4.0, 'mean_decode_first_token_ms': 194.89639601670206, 'mean_tpot_ms': 177.82868273206986, 'median_tpot_ms': 177.82868273206986, 'membership_changes_in_timed_window': 0, 'method': 'PATTERNKV_PAPER_FULL_MODEL', 'min_active_batch_size': 4, 'model': 'DeepSeek-R1-Distill-Llama-8B', 'output_tokens': 32, 'p95_tpot_ms': 177.82868273206986, 'page_batch_pack_calls': 0, 'peak_cuda_allocated_bytes': 17674346496, 'peak_cuda_reserved_bytes': 17913872384, 'physical_gpu': 1, 'prefill_calls_in_timed_window': 0, 'prefill_prep_s': 7.648331214906648, 'prefill_tokens_in_timed_window': 0, 'refill_calls_in_timed_window': 0, 'run_index': -1, 'run_valid': True, 'scheduler': 'FIFO', 'scheduler_overhead_s': 0.0, 'scope': 'full_model_decode_serving', 'serial_attention_dispatches': 0, 'serial_mlp_request_dispatches': 0, 'serial_request_forward_dispatches': 0, 'serial_rmsnorm_request_dispatches': 0, 'throughput_tokens_s': 22.491660158845733, 'total_requests': 4, 'true_batch_preserved': True, 'wall_time_s': 1.4227495780214667, 'warmup': True, 'workload_hash': 'f1dcf6282270b886442b437c83104047865ea9188ac4c7665b79b515dcb46c81'}",f1dcf6282270b886442b437c83104047865ea9188ac4c7665b79b515dcb46c81,0,"
Loading checkpoint shards:   0%|          | 0/2 [00:00<?, ?it/s]
Loading checkpoint shards:  50%|█████     | 1/2 [00:01<00:01,  1.03s/it]
Loading checkpoint shards: 100%|██████████| 2/2 [00:01<00:00,  1.06it/s]
Loading checkpoint shards: 100%|██████████| 2/2 [00:01<00:00,  1.05it/s]
"
1,4,True,saturated_steady_state,4,,4,True,2048,8,1325.7187060080469,16605606912,18064867328,,0,1,1,17744289792,18064867328,True,0978f629f1397e337b3d58b0b9741535ce3df2ee,GPU-624f86d9-284b-cb46-a671-51d77559dab6,0,0,16793.371771927923,,17744289792,4,4.0,176.50591302663088,165.7085524930153,165.7085524930153,0,CAUSAL_V4_25_FULL_MODEL,,4,fused_page,DeepSeek-R1-Distill-Llama-8B,"{'head_dim': 128, 'hidden_size': 4096, 'num_attention_heads': 32, 'num_hidden_layers': 32, 'num_key_value_heads': 8}",32,165.7085524930153,0,17744289792,18064867328,batch_scaling,1,0,16.793283664854243,0,expandable_segments:True,0,0,True,FIFO,0.0,full_model_decode_serving,1,0,0,0,0,PASS,True,0,24.137850552291873,4,True,1.3257187060080469,False,"{'active_capacity': 4, 'arrival_protocol': 'saturated_steady_state', 'completed_requests': 4, 'compressed_domain_runtime_preserved': True, 'context_length': 2048, 'decode_length': 8, 'decode_only_wall_ms': 1830.8770151343197, 'decode_window_peak_cuda_allocated_bytes': 16605606912, 'decode_window_peak_cuda_reserved_bytes': 18123587584, 'fallback_count': 0, 'full_lifecycle_peak_cuda_allocated_bytes': 17744289792, 'full_lifecycle_peak_cuda_reserved_bytes': 18123587584, 'full_model_forward_executed': True, 'historical_fp16_k_materialization': 0, 'historical_fp16_v_materialization': 0, 'initial_prefill_ms': 24523.447609040886, 'invalid_reason': '', 'kv_pool_bytes': 17744289792, 'max_active_batch_size': 4, 'mean_active_batch_size': 4.0, 'mean_decode_first_token_ms': 273.87807914055884, 'mean_tpot_ms': 228.84981200331822, 'median_tpot_ms': 228.84981200331822, 'membership_changes_in_timed_window': 0, 'method': 'CAUSAL_V4_25_FULL_MODEL', 'min_active_batch_size': 4, 'model': 'DeepSeek-R1-Distill-Llama-8B', 'output_tokens': 32, 'p95_tpot_ms': 228.84981200331822, 'page_batch_pack_calls': 0, 'peak_cuda_allocated_bytes': 17744289792, 'peak_cuda_reserved_bytes': 18123587584, 'physical_gpu': 1, 'prefill_calls_in_timed_window': 0, 'prefill_prep_s': 24.523330020951107, 'prefill_tokens_in_timed_window': 0, 'refill_calls_in_timed_window': 0, 'run_index': -1, 'run_valid': True, 'scheduler': 'FIFO', 'scheduler_overhead_s': 0.0, 'scope': 'full_model_decode_serving', 'serial_attention_dispatches': 0, 'serial_mlp_request_dispatches': 0, 'serial_request_forward_dispatches': 0, 'serial_rmsnorm_request_dispatches': 0, 'throughput_tokens_s': 17.47796260233917, 'total_requests': 4, 'true_batch_preserved': True, 'wall_time_s': 1.8308770151343197, 'warmup': True, 'workload_hash': 'f1dcf6282270b886442b437c83104047865ea9188ac4c7665b79b515dcb46c81'}",f1dcf6282270b886442b437c83104047865ea9188ac4c7665b79b515dcb46c81,0,"
Loading checkpoint shards:   0%|          | 0/2 [00:00<?, ?it/s]
Loading checkpoint shards:  50%|█████     | 1/2 [00:00<00:00,  1.08it/s]
Loading checkpoint shards: 100%|██████████| 2/2 [00:01<00:00,  1.24it/s]
Loading checkpoint shards: 100%|██████████| 2/2 [00:01<00:00,  1.22it/s]
"
1,4,True,saturated_steady_state,4,,4,False,2048,8,508.23244103230536,16362945024,17527996416,,0,1,1,17259339776,17527996416,True,0978f629f1397e337b3d58b0b9741535ce3df2ee,GPU-624f86d9-284b-cb46-a671-51d77559dab6,,,1969.6926660835743,,17259339776,4,4.0,67.75401113554835,63.52373451227322,63.52373451227322,0,KIVI_PAPER_G128_FULL_MODEL,"{'asym': True, 'backend_method': 'kivi_official', 'cache_mode': None, 'compact_kernel_storage_note': 'Packed payload plus FP16 scale/min; Python cache may store indices/masks at wider tensor dtypes.', 'group_size': 128, 'initial_pattern_count': None, 'k_bits': 2, 'key_quant_axis': 'per-channel: quantize transposed K along token axis', 'kivi_quantized_region_theoretical_bits': 2.25, 'method': 'kivi_paper_g128', 'mixed_key_int4_ratio': 0.0, 'mixed_key_mask_path': '', 'pattern_group': None, 'pattern_selection_position': None, 'patternkv_cache_path': None, 'quantized_region_affine_bits': 2.25, 'recent_length': 128, 'residual_length': 128, 'sink_length': 0, 'v_bits': 2, 'value_quant_axis': 'per-token: quantize V along head_dim axis'}",4,,DeepSeek-R1-Distill-Llama-8B,"{'head_dim': 128, 'hidden_size': 4096, 'num_attention_heads': 32, 'num_hidden_layers': 32, 'num_key_value_heads': 8}",32,63.52373451227322,0,17259339776,17527996416,batch_scaling,1,0,1.9696493579540402,0,expandable_segments:True,0,1,True,FIFO,0.0,full_model_decode_serving,1,0,0,0,0,PASS,True,0,62.963316420735815,4,True,0.5082324410323054,False,"{'active_capacity': 4, 'arrival_protocol': 'saturated_steady_state', 'completed_requests': 4, 'compressed_domain_runtime_preserved': False, 'context_length': 2048, 'decode_length': 8, 'decode_only_wall_ms': 545.0223688967526, 'decode_window_peak_cuda_allocated_bytes': 16362945024, 'decode_window_peak_cuda_reserved_bytes': 17527996416, 'fallback_count': 0, 'full_lifecycle_peak_cuda_allocated_bytes': 17259339776, 'full_lifecycle_peak_cuda_reserved_bytes': 17527996416, 'full_model_forward_executed': True, 'historical_fp16_k_materialization': None, 'historical_fp16_v_materialization': None, 'initial_prefill_ms': 3668.924967991188, 'invalid_reason': '', 'kv_pool_bytes': 17259339776, 'max_active_batch_size': 4, 'mean_active_batch_size': 4.0, 'mean_decode_first_token_ms': 108.17379597574472, 'mean_tpot_ms': 68.12187086325139, 'median_tpot_ms': 68.12187086325139, 'membership_changes_in_timed_window': 0, 'method': 'KIVI_PAPER_G128_FULL_MODEL', 'min_active_batch_size': 4, 'model': 'DeepSeek-R1-Distill-Llama-8B', 'output_tokens': 32, 'p95_tpot_ms': 68.12187086325139, 'page_batch_pack_calls': 0, 'peak_cuda_allocated_bytes': 17259339776, 'peak_cuda_reserved_bytes': 17527996416, 'physical_gpu': 1, 'prefill_calls_in_timed_window': 0, 'prefill_prep_s': 3.6688320790417492, 'prefill_tokens_in_timed_window': 0, 'refill_calls_in_timed_window': 0, 'run_index': -1, 'run_valid': True, 'scheduler': 'FIFO', 'scheduler_overhead_s': 0.0, 'scope': 'full_model_decode_serving', 'serial_attention_dispatches': 0, 'serial_mlp_request_dispatches': 0, 'serial_request_forward_dispatches': 0, 'serial_rmsnorm_request_dispatches': 0, 'throughput_tokens_s': 58.713186515216194, 'total_requests': 4, 'true_batch_preserved': True, 'wall_time_s': 0.5450223688967526, 'warmup': True, 'workload_hash': 'f1dcf6282270b886442b437c83104047865ea9188ac4c7665b79b515dcb46c81'}",f1dcf6282270b886442b437c83104047865ea9188ac4c7665b79b515dcb46c81,0,"
Loading checkpoint shards:   0%|          | 0/2 [00:00<?, ?it/s]
Loading checkpoint shards:  50%|█████     | 1/2 [00:01<00:01,  1.02s/it]
Loading checkpoint shards: 100%|██████████| 2/2 [00:01<00:00,  1.06it/s]
Loading checkpoint shards: 100%|██████████| 2/2 [00:01<00:00,  1.05it/s]
"
1,4,True,saturated_steady_state,4,segmented_rolling,4,False,2048,8,1265.4434661380947,16476943360,17999855616,,0,1,1,17674346496,17999855616,True,0978f629f1397e337b3d58b0b9741535ce3df2ee,GPU-624f86d9-284b-cb46-a671-51d77559dab6,,,5707.161637954414,,17674346496,4,4.0,162.1403070166707,158.17346487892792,158.17346487892792,0,PATTERNKV_PAPER_FULL_MODEL,"{'asym': True, 'backend_method': 'patternkv', 'cache_mode': '', 'compact_kernel_storage_note': 'Packed payload plus FP16 scale/min; Python cache may store indices/masks at wider tensor dtypes.', 'group_size': 128, 'initial_pattern_count': 32, 'k_bits': 2, 'key_quant_axis': 'per-channel: quantize transposed K along token axis', 'kivi_quantized_region_theoretical_bits': None, 'method': 'patternkv_paper', 'mixed_key_int4_ratio': 0.0, 'mixed_key_mask_path': '', 'pattern_group': 128, 'pattern_selection_position': 'post-RoPE key/value states', 'patternkv_cache_path': '', 'quantized_region_affine_bits': 2.25, 'recent_length': 128, 'residual_length': 128, 'sink_length': 0, 'v_bits': 2, 'value_quant_axis': 'per-token: quantize V residual/centroids along head_dim axis'}",4,,DeepSeek-R1-Distill-Llama-8B,"{'head_dim': 128, 'hidden_size': 4096, 'num_attention_heads': 32, 'num_hidden_layers': 32, 'num_key_value_heads': 8, 'patternkv_v4_budget_fraction': 0.0, 'patternkv_v_precision_selector': 'base_v2'}",32,158.17346487892792,0,17674346496,17999855616,batch_scaling,1,0,5.707101234933361,0,expandable_segments:True,0,1,True,FIFO,0.0,full_model_decode_serving,1,0,0,0,0,PASS,True,0,25.287577719815673,4,True,1.2654434661380947,False,"{'active_capacity': 4, 'arrival_protocol': 'saturated_steady_state', 'completed_requests': 4, 'compressed_domain_runtime_preserved': False, 'context_length': 2048, 'decode_length': 8, 'decode_only_wall_ms': 1295.7179530058056, 'decode_window_peak_cuda_allocated_bytes': 16476943360, 'decode_window_peak_cuda_reserved_bytes': 17913872384, 'fallback_count': 0, 'full_lifecycle_peak_cuda_allocated_bytes': 17674346496, 'full_lifecycle_peak_cuda_reserved_bytes': 17913872384, 'full_model_forward_executed': True, 'historical_fp16_k_materialization': None, 'historical_fp16_v_materialization': None, 'initial_prefill_ms': 7408.719236962497, 'invalid_reason': '', 'kv_pool_bytes': 17674346496, 'max_active_batch_size': 4, 'mean_active_batch_size': 4.0, 'mean_decode_first_token_ms': 192.433477146551, 'mean_tpot_ms': 161.9570961338468, 'median_tpot_ms': 161.9570961338468, 'membership_changes_in_timed_window': 0, 'method': 'PATTERNKV_PAPER_FULL_MODEL', 'min_active_batch_size': 4, 'model': 'DeepSeek-R1-Distill-Llama-8B', 'output_tokens': 32, 'p95_tpot_ms': 161.9570961338468, 'page_batch_pack_calls': 0, 'peak_cuda_allocated_bytes': 17674346496, 'peak_cuda_reserved_bytes': 17913872384, 'physical_gpu': 1, 'prefill_calls_in_timed_window': 0, 'prefill_prep_s': 7.408629989018664, 'prefill_tokens_in_timed_window': 0, 'refill_calls_in_timed_window': 0, 'run_index': -1, 'run_valid': True, 'scheduler': 'FIFO', 'scheduler_overhead_s': 0.0, 'scope': 'full_model_decode_serving', 'serial_attention_dispatches': 0, 'serial_mlp_request_dispatches': 0, 'serial_request_forward_dispatches': 0, 'serial_rmsnorm_request_dispatches': 0, 'throughput_tokens_s': 24.69673274632525, 'total_requests': 4, 'true_batch_preserved': True, 'wall_time_s': 1.2957179530058056, 'warmup': True, 'workload_hash': 'f1dcf6282270b886442b437c83104047865ea9188ac4c7665b79b515dcb46c81'}",f1dcf6282270b886442b437c83104047865ea9188ac4c7665b79b515dcb46c81,0,"
Loading checkpoint shards:   0%|          | 0/2 [00:00<?, ?it/s]
Loading checkpoint shards:  50%|█████     | 1/2 [00:00<00:00,  1.04it/s]
Loading checkpoint shards: 100%|██████████| 2/2 [00:01<00:00,  1.26it/s]
Loading checkpoint shards: 100%|██████████| 2/2 [00:01<00:00,  1.22it/s]
"
1,4,True,saturated_steady_state,4,,4,True,2048,8,1322.7843618951738,16605606912,18064867328,,0,1,1,17744289792,18064867328,True,0978f629f1397e337b3d58b0b9741535ce3df2ee,GPU-624f86d9-284b-cb46-a671-51d77559dab6,0,0,16728.732887888327,,17744289792,4,4.0,176.0720598977059,165.34163276082836,165.34163276082836,0,CAUSAL_V4_25_FULL_MODEL,,4,fused_page,DeepSeek-R1-Distill-Llama-8B,"{'head_dim': 128, 'hidden_size': 4096, 'num_attention_heads': 32, 'num_hidden_layers': 32, 'num_key_value_heads': 8}",32,165.34163276082836,0,17744289792,18064867328,batch_scaling,1,0,16.72864969004877,0,expandable_segments:True,0,1,True,FIFO,0.0,full_model_decode_serving,1,0,0,0,0,PASS,True,0,24.19139575716869,4,True,1.3227843618951738,False,"{'active_capacity': 4, 'arrival_protocol': 'saturated_steady_state', 'completed_requests': 4, 'compressed_domain_runtime_preserved': True, 'context_length': 2048, 'decode_length': 8, 'decode_only_wall_ms': 1372.7245579939336, 'decode_window_peak_cuda_allocated_bytes': 16605606912, 'decode_window_peak_cuda_reserved_bytes': 18123587584, 'fallback_count': 0, 'full_lifecycle_peak_cuda_allocated_bytes': 17744289792, 'full_lifecycle_peak_cuda_reserved_bytes': 18123587584, 'full_model_forward_executed': True, 'historical_fp16_k_materialization': 0, 'historical_fp16_v_materialization': 0, 'initial_prefill_ms': 18843.695739051327, 'invalid_reason': '', 'kv_pool_bytes': 17744289792, 'max_active_batch_size': 4, 'mean_active_batch_size': 4.0, 'mean_decode_first_token_ms': 219.13465508259833, 'mean_tpot_ms': 171.5836467628833, 'median_tpot_ms': 171.5836467628833, 'membership_changes_in_timed_window': 0, 'method': 'CAUSAL_V4_25_FULL_MODEL', 'min_active_batch_size': 4, 'model': 'DeepSeek-R1-Distill-Llama-8B', 'output_tokens': 32, 'p95_tpot_ms': 171.5836467628833, 'page_batch_pack_calls': 0, 'peak_cuda_allocated_bytes': 17744289792, 'peak_cuda_reserved_bytes': 18123587584, 'physical_gpu': 1, 'prefill_calls_in_timed_window': 0, 'prefill_prep_s': 18.84359510289505, 'prefill_tokens_in_timed_window': 0, 'refill_calls_in_timed_window': 0, 'run_index': -1, 'run_valid': True, 'scheduler': 'FIFO', 'scheduler_overhead_s': 0.0, 'scope': 'full_model_decode_serving', 'serial_attention_dispatches': 0, 'serial_mlp_request_dispatches': 0, 'serial_request_forward_dispatches': 0, 'serial_rmsnorm_request_dispatches': 0, 'throughput_tokens_s': 23.311304379054764, 'total_requests': 4, 'true_batch_preserved': True, 'wall_time_s': 1.3727245579939336, 'warmup': True, 'workload_hash': 'f1dcf6282270b886442b437c83104047865ea9188ac4c7665b79b515dcb46c81'}",f1dcf6282270b886442b437c83104047865ea9188ac4c7665b79b515dcb46c81,0,"
Loading checkpoint shards:   0%|          | 0/2 [00:00<?, ?it/s]
Loading checkpoint shards:  50%|█████     | 1/2 [00:00<00:00,  1.06it/s]
Loading checkpoint shards: 100%|██████████| 2/2 [00:01<00:00,  1.13it/s]
Loading checkpoint shards: 100%|██████████| 2/2 [00:01<00:00,  1.11it/s]
"
1,4,True,saturated_steady_state,4,,4,False,2048,8,252.36155511811376,18241457152,18440257536,,0,1,1,18241457152,18440257536,True,0978f629f1397e337b3d58b0b9741535ce3df2ee,GPU-624f86d9-284b-cb46-a671-51d77559dab6,,,1902.2767459973693,,18241457152,4,4.0,32.6982440892607,31.539900635834783,31.539900635834783,0,FP16_FULL_MODEL,,4,,DeepSeek-R1-Distill-Llama-8B,"{'head_dim': 128, 'hidden_size': 4096, 'num_attention_heads': 32, 'num_hidden_layers': 32, 'num_key_value_heads': 8}",32,31.539900635834783,0,18241457152,18440257536,batch_scaling,1,0,1.9022077950648963,0,expandable_segments:True,0,1,True,FIFO,0.0,full_model_decode_serving,1,0,0,0,0,PASS,True,0,126.80219847679618,4,True,0.25236155511811376,False,"{'active_capacity': 4, 'arrival_protocol': 'saturated_steady_state', 'completed_requests': 4, 'compressed_domain_runtime_preserved': False, 'context_length': 2048, 'decode_length': 8, 'decode_only_wall_ms': 267.3391359858215, 'decode_window_peak_cuda_allocated_bytes': 18241457152, 'decode_window_peak_cuda_reserved_bytes': 18440257536, 'fallback_count': 0, 'full_lifecycle_peak_cuda_allocated_bytes': 18241457152, 'full_lifecycle_peak_cuda_reserved_bytes': 18440257536, 'full_model_forward_executed': True, 'historical_fp16_k_materialization': None, 'historical_fp16_v_materialization': None, 'initial_prefill_ms': 2395.310505060479, 'invalid_reason': '', 'kv_pool_bytes': 18241457152, 'max_active_batch_size': 4, 'mean_active_batch_size': 4.0, 'mean_decode_first_token_ms': 50.42266799136996, 'mean_tpot_ms': 33.412050746846944, 'median_tpot_ms': 33.412050746846944, 'membership_changes_in_timed_window': 0, 'method': 'FP16_FULL_MODEL', 'min_active_batch_size': 4, 'model': 'DeepSeek-R1-Distill-Llama-8B', 'output_tokens': 32, 'p95_tpot_ms': 33.412050746846944, 'page_batch_pack_calls': 0, 'peak_cuda_allocated_bytes': 18241457152, 'peak_cuda_reserved_bytes': 18440257536, 'physical_gpu': 1, 'prefill_calls_in_timed_window': 0, 'prefill_prep_s': 2.3952349631581455, 'prefill_tokens_in_timed_window': 0, 'refill_calls_in_timed_window': 0, 'run_index': -1, 'run_valid': True, 'scheduler': 'FIFO', 'scheduler_overhead_s': 0.0, 'scope': 'full_model_decode_serving', 'serial_attention_dispatches': 0, 'serial_mlp_request_dispatches': 0, 'serial_request_forward_dispatches': 0, 'serial_rmsnorm_request_dispatches': 0, 'throughput_tokens_s': 119.69814999962124, 'total_requests': 4, 'true_batch_preserved': True, 'wall_time_s': 0.2673391359858215, 'warmup': True, 'workload_hash': 'f1dcf6282270b886442b437c83104047865ea9188ac4c7665b79b515dcb46c81'}",f1dcf6282270b886442b437c83104047865ea9188ac4c7665b79b515dcb46c81,0,"You are attempting to use Flash Attention 2.0 with a model not initialized on GPU. Make sure to move the model to GPU after initializing it on CPU with `model.to('cuda')`.

Loading checkpoint shards:   0%|          | 0/2 [00:00<?, ?it/s]
Loading checkpoint shards:  50%|█████     | 1/2 [00:01<00:01,  1.02s/it]
Loading checkpoint shards: 100%|██████████| 2/2 [00:01<00:00,  1.08it/s]
Loading checkpoint shards: 100%|██████████| 2/2 [00:01<00:00,  1.06it/s]
We detected that you are passing `past_key_values` as a tuple and this is deprecated and will be removed in v4.43. Please use an appropriate `Cache` class (https://huggingface.co/docs/transformers/v4.41.3/en/internal/generation_utils#transformers.Cache)
"
1,4,True,saturated_steady_state,4,segmented_rolling,4,False,2048,8,1307.7334549743682,16476943360,17999855616,,0,1,1,17674346496,17999855616,True,0978f629f1397e337b3d58b0b9741535ce3df2ee,GPU-624f86d9-284b-cb46-a671-51d77559dab6,,,5844.678458990529,,17674346496,4,4.0,167.04911808483303,163.46001712372527,163.46001712372527,0,PATTERNKV_PAPER_FULL_MODEL,"{'asym': True, 'backend_method': 'patternkv', 'cache_mode': '', 'compact_kernel_storage_note': 'Packed payload plus FP16 scale/min; Python cache may store indices/masks at wider tensor dtypes.', 'group_size': 128, 'initial_pattern_count': 32, 'k_bits': 2, 'key_quant_axis': 'per-channel: quantize transposed K along token axis', 'kivi_quantized_region_theoretical_bits': None, 'method': 'patternkv_paper', 'mixed_key_int4_ratio': 0.0, 'mixed_key_mask_path': '', 'pattern_group': 128, 'pattern_selection_position': 'post-RoPE key/value states', 'patternkv_cache_path': '', 'quantized_region_affine_bits': 2.25, 'recent_length': 128, 'residual_length': 128, 'sink_length': 0, 'v_bits': 2, 'value_quant_axis': 'per-token: quantize V residual/centroids along head_dim axis'}",4,,DeepSeek-R1-Distill-Llama-8B,"{'head_dim': 128, 'hidden_size': 4096, 'num_attention_heads': 32, 'num_hidden_layers': 32, 'num_key_value_heads': 8, 'patternkv_v4_budget_fraction': 0.0, 'patternkv_v_precision_selector': 'base_v2'}",32,163.46001712372527,0,17674346496,17999855616,batch_scaling,1,0,5.844615355832502,0,expandable_segments:True,0,2,True,FIFO,0.0,full_model_decode_serving,1,0,0,0,0,PASS,True,0,24.4698182785476,4,True,1.3077334549743682,False,"{'active_capacity': 4, 'arrival_protocol': 'saturated_steady_state', 'completed_requests': 4, 'compressed_domain_runtime_preserved': False, 'context_length': 2048, 'decode_length': 8, 'decode_only_wall_ms': 1339.1896281391382, 'decode_window_peak_cuda_allocated_bytes': 16476943360, 'decode_window_peak_cuda_reserved_bytes': 17913872384, 'fallback_count': 0, 'full_lifecycle_peak_cuda_allocated_bytes': 17674346496, 'full_lifecycle_peak_cuda_reserved_bytes': 17913872384, 'full_model_forward_executed': True, 'historical_fp16_k_materialization': None, 'historical_fp16_v_materialization': None, 'initial_prefill_ms': 7541.863780003041, 'invalid_reason': '', 'kv_pool_bytes': 17674346496, 'max_active_batch_size': 4, 'mean_active_batch_size': 4.0, 'mean_decode_first_token_ms': 203.78320920281112, 'mean_tpot_ms': 167.39157287520356, 'median_tpot_ms': 167.39157287520356, 'membership_changes_in_timed_window': 0, 'method': 'PATTERNKV_PAPER_FULL_MODEL', 'min_active_batch_size': 4, 'model': 'DeepSeek-R1-Distill-Llama-8B', 'output_tokens': 32, 'p95_tpot_ms': 167.39157287520356, 'page_batch_pack_calls': 0, 'peak_cuda_allocated_bytes': 17674346496, 'peak_cuda_reserved_bytes': 17913872384, 'physical_gpu': 1, 'prefill_calls_in_timed_window': 0, 'prefill_prep_s': 7.541789854876697, 'prefill_tokens_in_timed_window': 0, 'refill_calls_in_timed_window': 0, 'run_index': -1, 'run_valid': True, 'scheduler': 'FIFO', 'scheduler_overhead_s': 0.0, 'scope': 'full_model_decode_serving', 'serial_attention_dispatches': 0, 'serial_mlp_request_dispatches': 0, 'serial_request_forward_dispatches': 0, 'serial_rmsnorm_request_dispatches': 0, 'throughput_tokens_s': 23.895047667345946, 'total_requests': 4, 'true_batch_preserved': True, 'wall_time_s': 1.3391896281391382, 'warmup': True, 'workload_hash': 'f1dcf6282270b886442b437c83104047865ea9188ac4c7665b79b515dcb46c81'}",f1dcf6282270b886442b437c83104047865ea9188ac4c7665b79b515dcb46c81,0,"
Loading checkpoint shards:   0%|          | 0/2 [00:00<?, ?it/s]
Loading checkpoint shards:  50%|█████     | 1/2 [00:00<00:00,  1.10it/s]
Loading checkpoint shards: 100%|██████████| 2/2 [00:01<00:00,  1.26it/s]
Loading checkpoint shards: 100%|██████████| 2/2 [00:01<00:00,  1.24it/s]
"
1,4,True,saturated_steady_state,4,,4,True,2048,8,1332.8659920953214,16605606912,18064867328,,0,1,1,17744289792,18064867328,True,0978f629f1397e337b3d58b0b9741535ce3df2ee,GPU-624f86d9-284b-cb46-a671-51d77559dab6,0,0,16872.74250993505,,17744289792,4,4.0,178.72116807848215,166.60092188976705,166.60092188976705,0,CAUSAL_V4_25_FULL_MODEL,,4,fused_page,DeepSeek-R1-Distill-Llama-8B,"{'head_dim': 128, 'hidden_size': 4096, 'num_attention_heads': 32, 'num_hidden_layers': 32, 'num_key_value_heads': 8}",32,166.60092188976705,0,17744289792,18064867328,batch_scaling,1,0,16.872654232895,0,expandable_segments:True,0,2,True,FIFO,0.0,full_model_decode_serving,1,0,0,0,0,PASS,True,0,24.00841509182379,4,True,1.3328659920953214,False,"{'active_capacity': 4, 'arrival_protocol': 'saturated_steady_state', 'completed_requests': 4, 'compressed_domain_runtime_preserved': True, 'context_length': 2048, 'decode_length': 8, 'decode_only_wall_ms': 1368.5575409326702, 'decode_window_peak_cuda_allocated_bytes': 16605606912, 'decode_window_peak_cuda_reserved_bytes': 18123587584, 'fallback_count': 0, 'full_lifecycle_peak_cuda_allocated_bytes': 17744289792, 'full_lifecycle_peak_cuda_reserved_bytes': 18123587584, 'full_model_forward_executed': True, 'historical_fp16_k_materialization': 0, 'historical_fp16_v_materialization': 0, 'initial_prefill_ms': 18855.388941941783, 'invalid_reason': '', 'kv_pool_bytes': 17744289792, 'max_active_batch_size': 4, 'mean_active_batch_size': 4.0, 'mean_decode_first_token_ms': 224.9724839348346, 'mean_tpot_ms': 171.06313511612825, 'median_tpot_ms': 171.06313511612825, 'membership_changes_in_timed_window': 0, 'method': 'CAUSAL_V4_25_FULL_MODEL', 'min_active_batch_size': 4, 'model': 'DeepSeek-R1-Distill-Llama-8B', 'output_tokens': 32, 'p95_tpot_ms': 171.06313511612825, 'page_batch_pack_calls': 0, 'peak_cuda_allocated_bytes': 17744289792, 'peak_cuda_reserved_bytes': 18123587584, 'physical_gpu': 1, 'prefill_calls_in_timed_window': 0, 'prefill_prep_s': 18.85527632315643, 'prefill_tokens_in_timed_window': 0, 'refill_calls_in_timed_window': 0, 'run_index': -1, 'run_valid': True, 'scheduler': 'FIFO', 'scheduler_overhead_s': 0.0, 'scope': 'full_model_decode_serving', 'serial_attention_dispatches': 0, 'serial_mlp_request_dispatches': 0, 'serial_request_forward_dispatches': 0, 'serial_rmsnorm_request_dispatches': 0, 'throughput_tokens_s': 23.382283201765883, 'total_requests': 4, 'true_batch_preserved': True, 'wall_time_s': 1.3685575409326702, 'warmup': True, 'workload_hash': 'f1dcf6282270b886442b437c83104047865ea9188ac4c7665b79b515dcb46c81'}",f1dcf6282270b886442b437c83104047865ea9188ac4c7665b79b515dcb46c81,0,"
Loading checkpoint shards:   0%|          | 0/2 [00:00<?, ?it/s]
Loading checkpoint shards:  50%|█████     | 1/2 [00:01<00:01,  1.02s/it]
Loading checkpoint shards: 100%|██████████| 2/2 [00:01<00:00,  1.17it/s]
Loading checkpoint shards: 100%|██████████| 2/2 [00:01<00:00,  1.13it/s]
"
1,4,True,saturated_steady_state,4,,4,False,2048,8,252.47078901156783,18241457152,18440257536,,0,1,1,18241457152,18440257536,True,0978f629f1397e337b3d58b0b9741535ce3df2ee,GPU-624f86d9-284b-cb46-a671-51d77559dab6,,,1904.1645789984614,,18241457152,4,4.0,32.72518492303789,31.553811364574358,31.553811364574358,0,FP16_FULL_MODEL,,4,,DeepSeek-R1-Distill-Llama-8B,"{'head_dim': 128, 'hidden_size': 4096, 'num_attention_heads': 32, 'num_hidden_layers': 32, 'num_key_value_heads': 8}",32,31.553811364574358,0,18241457152,18440257536,batch_scaling,1,0,1.9041125040967017,0,expandable_segments:True,0,2,True,FIFO,0.0,full_model_decode_serving,1,0,0,0,0,PASS,True,0,126.74733629692822,4,True,0.25247078901156783,False,"{'active_capacity': 4, 'arrival_protocol': 'saturated_steady_state', 'completed_requests': 4, 'compressed_domain_runtime_preserved': False, 'context_length': 2048, 'decode_length': 8, 'decode_only_wall_ms': 269.3318461533636, 'decode_window_peak_cuda_allocated_bytes': 18241457152, 'decode_window_peak_cuda_reserved_bytes': 18440257536, 'fallback_count': 0, 'full_lifecycle_peak_cuda_allocated_bytes': 18241457152, 'full_lifecycle_peak_cuda_reserved_bytes': 18440257536, 'full_model_forward_executed': True, 'historical_fp16_k_materialization': None, 'historical_fp16_v_materialization': None, 'initial_prefill_ms': 2237.3100218828768, 'invalid_reason': '', 'kv_pool_bytes': 18241457152, 'max_active_batch_size': 4, 'mean_active_batch_size': 4.0, 'mean_decode_first_token_ms': 52.024505101144314, 'mean_tpot_ms': 33.661078894510865, 'median_tpot_ms': 33.661078894510865, 'membership_changes_in_timed_window': 0, 'method': 'FP16_FULL_MODEL', 'min_active_batch_size': 4, 'model': 'DeepSeek-R1-Distill-Llama-8B', 'output_tokens': 32, 'p95_tpot_ms': 33.661078894510865, 'page_batch_pack_calls': 0, 'peak_cuda_allocated_bytes': 18241457152, 'peak_cuda_reserved_bytes': 18440257536, 'physical_gpu': 1, 'prefill_calls_in_timed_window': 0, 'prefill_prep_s': 2.2372288301121444, 'prefill_tokens_in_timed_window': 0, 'refill_calls_in_timed_window': 0, 'run_index': -1, 'run_valid': True, 'scheduler': 'FIFO', 'scheduler_overhead_s': 0.0, 'scope': 'full_model_decode_serving', 'serial_attention_dispatches': 0, 'serial_mlp_request_dispatches': 0, 'serial_request_forward_dispatches': 0, 'serial_rmsnorm_request_dispatches': 0, 'throughput_tokens_s': 118.81253723623341, 'total_requests': 4, 'true_batch_preserved': True, 'wall_time_s': 0.2693318461533636, 'warmup': True, 'workload_hash': 'f1dcf6282270b886442b437c83104047865ea9188ac4c7665b79b515dcb46c81'}",f1dcf6282270b886442b437c83104047865ea9188ac4c7665b79b515dcb46c81,0,"You are attempting to use Flash Attention 2.0 with a model not initialized on GPU. Make sure to move the model to GPU after initializing it on CPU with `model.to('cuda')`.

Loading checkpoint shards:   0%|          | 0/2 [00:00<?, ?it/s]
Loading checkpoint shards:  50%|█████     | 1/2 [00:00<00:00,  1.02it/s]
Loading checkpoint shards: 100%|██████████| 2/2 [00:01<00:00,  1.09it/s]
Loading checkpoint shards: 100%|██████████| 2/2 [00:01<00:00,  1.08it/s]
We detected that you are passing `past_key_values` as a tuple and this is deprecated and will be removed in v4.43. Please use an appropriate `Cache` class (https://huggingface.co/docs/transformers/v4.41.3/en/internal/generation_utils#transformers.Cache)
"
1,4,True,saturated_steady_state,4,,4,False,2048,8,497.69092397764325,16362945024,17527996416,,0,1,1,17259339776,17527996416,True,0978f629f1397e337b3d58b0b9741535ce3df2ee,GPU-624f86d9-284b-cb46-a671-51d77559dab6,,,1965.7574410084635,,17259339776,4,4.0,66.80548703297973,62.20611886237748,62.20611886237748,0,KIVI_PAPER_G128_FULL_MODEL,"{'asym': True, 'backend_method': 'kivi_official', 'cache_mode': None, 'compact_kernel_storage_note': 'Packed payload plus FP16 scale/min; Python cache may store indices/masks at wider tensor dtypes.', 'group_size': 128, 'initial_pattern_count': None, 'k_bits': 2, 'key_quant_axis': 'per-channel: quantize transposed K along token axis', 'kivi_quantized_region_theoretical_bits': 2.25, 'method': 'kivi_paper_g128', 'mixed_key_int4_ratio': 0.0, 'mixed_key_mask_path': '', 'pattern_group': None, 'pattern_selection_position': None, 'patternkv_cache_path': None, 'quantized_region_affine_bits': 2.25, 'recent_length': 128, 'residual_length': 128, 'sink_length': 0, 'v_bits': 2, 'value_quant_axis': 'per-token: quantize V along head_dim axis'}",4,,DeepSeek-R1-Distill-Llama-8B,"{'head_dim': 128, 'hidden_size': 4096, 'num_attention_heads': 32, 'num_hidden_layers': 32, 'num_key_value_heads': 8}",32,62.20611886237748,0,17259339776,17527996416,batch_scaling,1,0,1.965714676072821,0,expandable_segments:True,0,2,True,FIFO,0.0,full_model_decode_serving,1,0,0,0,0,PASS,True,0,64.29693301266123,4,True,0.49769092397764325,False,"{'active_capacity': 4, 'arrival_protocol': 'saturated_steady_state', 'completed_requests': 4, 'compressed_domain_runtime_preserved': False, 'context_length': 2048, 'decode_length': 8, 'decode_only_wall_ms': 540.5017931479961, 'decode_window_peak_cuda_allocated_bytes': 16362945024, 'decode_window_peak_cuda_reserved_bytes': 17527996416, 'fallback_count': 0, 'full_lifecycle_peak_cuda_allocated_bytes': 17259339776, 'full_lifecycle_peak_cuda_reserved_bytes': 17527996416, 'full_model_forward_executed': True, 'historical_fp16_k_materialization': None, 'historical_fp16_v_materialization': None, 'initial_prefill_ms': 3520.1328198891133, 'invalid_reason': '', 'kv_pool_bytes': 17259339776, 'max_active_batch_size': 4, 'mean_active_batch_size': 4.0, 'mean_decode_first_token_ms': 106.45422199741006, 'mean_tpot_ms': 67.55673000589013, 'median_tpot_ms': 67.55673000589013, 'membership_changes_in_timed_window': 0, 'method': 'KIVI_PAPER_G128_FULL_MODEL', 'min_active_batch_size': 4, 'model': 'DeepSeek-R1-Distill-Llama-8B', 'output_tokens': 32, 'p95_tpot_ms': 67.55673000589013, 'page_batch_pack_calls': 0, 'peak_cuda_allocated_bytes': 17259339776, 'peak_cuda_reserved_bytes': 17527996416, 'physical_gpu': 1, 'prefill_calls_in_timed_window': 0, 'prefill_prep_s': 3.520041675074026, 'prefill_tokens_in_timed_window': 0, 'refill_calls_in_timed_window': 0, 'run_index': -1, 'run_valid': True, 'scheduler': 'FIFO', 'scheduler_overhead_s': 0.0, 'scope': 'full_model_decode_serving', 'serial_attention_dispatches': 0, 'serial_mlp_request_dispatches': 0, 'serial_request_forward_dispatches': 0, 'serial_rmsnorm_request_dispatches': 0, 'throughput_tokens_s': 59.20424391864692, 'total_requests': 4, 'true_batch_preserved': True, 'wall_time_s': 0.5405017931479961, 'warmup': True, 'workload_hash': 'f1dcf6282270b886442b437c83104047865ea9188ac4c7665b79b515dcb46c81'}",f1dcf6282270b886442b437c83104047865ea9188ac4c7665b79b515dcb46c81,0,"
Loading checkpoint shards:   0%|          | 0/2 [00:00<?, ?it/s]
Loading checkpoint shards:  50%|█████     | 1/2 [00:00<00:00,  1.05it/s]
Loading checkpoint shards: 100%|██████████| 2/2 [00:01<00:00,  1.09it/s]
Loading checkpoint shards: 100%|██████████| 2/2 [00:01<00:00,  1.08it/s]
"
1,8,True,saturated_steady_state,8,,8,False,2048,8,320.174063090235,20413852672,20789067776,,0,1,1,20413852672,20789067776,True,0978f629f1397e337b3d58b0b9741535ce3df2ee,GPU-624f86d9-284b-cb46-a671-51d77559dab6,,,3777.680086903274,,20413852672,8,8.0,41.480991058051586,40.01429962227121,40.01429962227121,0,FP16_FULL_MODEL,,8,,DeepSeek-R1-Distill-Llama-8B,"{'head_dim': 128, 'hidden_size': 4096, 'num_attention_heads': 32, 'num_hidden_layers': 32, 'num_key_value_heads': 8}",64,40.01429962227121,0,20413852672,20789067776,batch_scaling,1,0,3.777584547875449,0,expandable_segments:True,0,0,True,FIFO,0.0,full_model_decode_serving,1,0,0,0,0,PASS,True,0,199.8912697121341,8,True,0.320174063090235,False,"{'active_capacity': 8, 'arrival_protocol': 'saturated_steady_state', 'completed_requests': 8, 'compressed_domain_runtime_preserved': False, 'context_length': 2048, 'decode_length': 8, 'decode_only_wall_ms': 328.7508599460125, 'decode_window_peak_cuda_allocated_bytes': 20413852672, 'decode_window_peak_cuda_reserved_bytes': 20789067776, 'fallback_count': 0, 'full_lifecycle_peak_cuda_allocated_bytes': 20413852672, 'full_lifecycle_peak_cuda_reserved_bytes': 20789067776, 'full_model_forward_executed': True, 'historical_fp16_k_materialization': None, 'historical_fp16_v_materialization': None, 'initial_prefill_ms': 4095.631832955405, 'invalid_reason': '', 'kv_pool_bytes': 20413852672, 'max_active_batch_size': 8, 'mean_active_batch_size': 8.0, 'mean_decode_first_token_ms': 53.94652299582958, 'mean_tpot_ms': 41.087607241934165, 'median_tpot_ms': 41.087607241934165, 'membership_changes_in_timed_window': 0, 'method': 'FP16_FULL_MODEL', 'min_active_batch_size': 8, 'model': 'DeepSeek-R1-Distill-Llama-8B', 'output_tokens': 64, 'p95_tpot_ms': 41.087607241934165, 'page_batch_pack_calls': 0, 'peak_cuda_allocated_bytes': 20413852672, 'peak_cuda_reserved_bytes': 20789067776, 'physical_gpu': 1, 'prefill_calls_in_timed_window': 0, 'prefill_prep_s': 4.095549256075174, 'prefill_tokens_in_timed_window': 0, 'refill_calls_in_timed_window': 0, 'run_index': -1, 'run_valid': True, 'scheduler': 'FIFO', 'scheduler_overhead_s': 0.0, 'scope': 'full_model_decode_serving', 'serial_attention_dispatches': 0, 'serial_mlp_request_dispatches': 0, 'serial_request_forward_dispatches': 0, 'serial_rmsnorm_request_dispatches': 0, 'throughput_tokens_s': 194.67629684834918, 'total_requests': 8, 'true_batch_preserved': True, 'wall_time_s': 0.3287508599460125, 'warmup': True, 'workload_hash': '291de5a55656f9eabb3368f990600601c0166a00ec4ac2cc8b74b8cf62237295'}",291de5a55656f9eabb3368f990600601c0166a00ec4ac2cc8b74b8cf62237295,0,"You are attempting to use Flash Attention 2.0 with a model not initialized on GPU. Make sure to move the model to GPU after initializing it on CPU with `model.to('cuda')`.

Loading checkpoint shards:   0%|          | 0/2 [00:00<?, ?it/s]
Loading checkpoint shards:  50%|█████     | 1/2 [00:01<00:01,  1.01s/it]
Loading checkpoint shards: 100%|██████████| 2/2 [00:01<00:00,  1.19it/s]
Loading checkpoint shards: 100%|██████████| 2/2 [00:01<00:00,  1.15it/s]
We detected that you are passing `past_key_values` as a tuple and this is deprecated and will be removed in v4.43. Please use an appropriate `Cache` class (https://huggingface.co/docs/transformers/v4.41.3/en/internal/generation_utils#transformers.Cache)
"
1,8,True,saturated_steady_state,8,,8,False,2048,8,630.9374677948654,16656828928,18947768320,,0,1,1,18441216000,18947768320,True,0978f629f1397e337b3d58b0b9741535ce3df2ee,GPU-624f86d9-284b-cb46-a671-51d77559dab6,,,3901.016430929303,,18441216000,8,8.0,78.20729492232203,78.85802211239934,78.85802211239934,0,KIVI_PAPER_G128_FULL_MODEL,"{'asym': True, 'backend_method': 'kivi_official', 'cache_mode': None, 'compact_kernel_storage_note': 'Packed payload plus FP16 scale/min; Python cache may store indices/masks at wider tensor dtypes.', 'group_size': 128, 'initial_pattern_count': None, 'k_bits': 2, 'key_quant_axis': 'per-channel: quantize transposed K along token axis', 'kivi_quantized_region_theoretical_bits': 2.25, 'method': 'kivi_paper_g128', 'mixed_key_int4_ratio': 0.0, 'mixed_key_mask_path': '', 'pattern_group': None, 'pattern_selection_position': None, 'patternkv_cache_path': None, 'quantized_region_affine_bits': 2.25, 'recent_length': 128, 'residual_length': 128, 'sink_length': 0, 'v_bits': 2, 'value_quant_axis': 'per-token: quantize V along head_dim axis'}",8,,DeepSeek-R1-Distill-Llama-8B,"{'head_dim': 128, 'hidden_size': 4096, 'num_attention_heads': 32, 'num_hidden_layers': 32, 'num_key_value_heads': 8}",64,78.85802211239934,0,18441216000,18947768320,batch_scaling,1,0,3.9008832599502057,0,expandable_segments:True,0,0,True,FIFO,0.0,full_model_decode_serving,1,0,0,0,0,PASS,True,0,101.4363598086524,8,True,0.6309374677948654,False,"{'active_capacity': 8, 'arrival_protocol': 'saturated_steady_state', 'completed_requests': 8, 'compressed_domain_runtime_preserved': False, 'context_length': 2048, 'decode_length': 8, 'decode_only_wall_ms': 681.4293251372874, 'decode_window_peak_cuda_allocated_bytes': 16656828928, 'decode_window_peak_cuda_reserved_bytes': 18947768320, 'fallback_count': 0, 'full_lifecycle_peak_cuda_allocated_bytes': 18441216000, 'full_lifecycle_peak_cuda_reserved_bytes': 18947768320, 'full_model_forward_executed': True, 'historical_fp16_k_materialization': None, 'historical_fp16_v_materialization': None, 'initial_prefill_ms': 5703.173988033086, 'invalid_reason': '', 'kv_pool_bytes': 18441216000, 'max_active_batch_size': 8, 'mean_active_batch_size': 8.0, 'mean_decode_first_token_ms': 120.94426807016134, 'mean_tpot_ms': 85.16939601395279, 'median_tpot_ms': 85.16939601395279, 'membership_changes_in_timed_window': 0, 'method': 'KIVI_PAPER_G128_FULL_MODEL', 'min_active_batch_size': 8, 'model': 'DeepSeek-R1-Distill-Llama-8B', 'output_tokens': 64, 'p95_tpot_ms': 85.16939601395279, 'page_batch_pack_calls': 0, 'peak_cuda_allocated_bytes': 18441216000, 'peak_cuda_reserved_bytes': 18947768320, 'physical_gpu': 1, 'prefill_calls_in_timed_window': 0, 'prefill_prep_s': 5.703050639014691, 'prefill_tokens_in_timed_window': 0, 'refill_calls_in_timed_window': 0, 'run_index': -1, 'run_valid': True, 'scheduler': 'FIFO', 'scheduler_overhead_s': 0.0, 'scope': 'full_model_decode_serving', 'serial_attention_dispatches': 0, 'serial_mlp_request_dispatches': 0, 'serial_request_forward_dispatches': 0, 'serial_rmsnorm_request_dispatches': 0, 'throughput_tokens_s': 93.92023154727886, 'total_requests': 8, 'true_batch_preserved': True, 'wall_time_s': 0.6814293251372874, 'warmup': True, 'workload_hash': '291de5a55656f9eabb3368f990600601c0166a00ec4ac2cc8b74b8cf62237295'}",291de5a55656f9eabb3368f990600601c0166a00ec4ac2cc8b74b8cf62237295,0,"
Loading checkpoint shards:   0%|          | 0/2 [00:00<?, ?it/s]
Loading checkpoint shards:  50%|█████     | 1/2 [00:00<00:00,  1.10it/s]
Loading checkpoint shards: 100%|██████████| 2/2 [00:01<00:00,  1.24it/s]
Loading checkpoint shards: 100%|██████████| 2/2 [00:01<00:00,  1.22it/s]
"
1,8,True,saturated_steady_state,8,segmented_rolling,8,False,2048,8,1350.114095956087,16884483072,19788726272,,0,1,1,19270918144,19788726272,True,0978f629f1397e337b3d58b0b9741535ce3df2ee,GPU-624f86d9-284b-cb46-a671-51d77559dab6,,,11564.064043108374,,19270918144,8,8.0,158.53903978131711,168.75584237277508,168.75584237277508,0,PATTERNKV_PAPER_FULL_MODEL,"{'asym': True, 'backend_method': 'patternkv', 'cache_mode': '', 'compact_kernel_storage_note': 'Packed payload plus FP16 scale/min; Python cache may store indices/masks at wider tensor dtypes.', 'group_size': 128, 'initial_pattern_count': 32, 'k_bits': 2, 'key_quant_axis': 'per-channel: quantize transposed K along token axis', 'kivi_quantized_region_theoretical_bits': None, 'method': 'patternkv_paper', 'mixed_key_int4_ratio': 0.0, 'mixed_key_mask_path': '', 'pattern_group': 128, 'pattern_selection_position': 'post-RoPE key/value states', 'patternkv_cache_path': '', 'quantized_region_affine_bits': 2.25, 'recent_length': 128, 'residual_length': 128, 'sink_length': 0, 'v_bits': 2, 'value_quant_axis': 'per-token: quantize V residual/centroids along head_dim axis'}",8,,DeepSeek-R1-Distill-Llama-8B,"{'head_dim': 128, 'hidden_size': 4096, 'num_attention_heads': 32, 'num_hidden_layers': 32, 'num_key_value_heads': 8, 'patternkv_v4_budget_fraction': 0.0, 'patternkv_v_precision_selector': 'base_v2'}",64,168.75584237277508,0,19270918144,19788726272,batch_scaling,1,0,11.563964166911319,0,expandable_segments:True,0,0,True,FIFO,0.0,full_model_decode_serving,1,0,0,0,0,PASS,True,0,47.4034010841715,8,True,1.3501140959560871,False,"{'active_capacity': 8, 'arrival_protocol': 'saturated_steady_state', 'completed_requests': 8, 'compressed_domain_runtime_preserved': False, 'context_length': 2048, 'decode_length': 8, 'decode_only_wall_ms': 1321.6959841083735, 'decode_window_peak_cuda_allocated_bytes': 16884483072, 'decode_window_peak_cuda_reserved_bytes': 19809697792, 'fallback_count': 0, 'full_lifecycle_peak_cuda_allocated_bytes': 19270918144, 'full_lifecycle_peak_cuda_reserved_bytes': 19809697792, 'full_model_forward_executed': True, 'historical_fp16_k_materialization': None, 'historical_fp16_v_materialization': None, 'initial_prefill_ms': 13280.781995039433, 'invalid_reason': '', 'kv_pool_bytes': 19270918144, 'max_active_batch_size': 8, 'mean_active_batch_size': 8.0, 'mean_decode_first_token_ms': 194.4989929907024, 'mean_tpot_ms': 165.20421174936928, 'median_tpot_ms': 165.20421174936928, 'membership_changes_in_timed_window': 0, 'method': 'PATTERNKV_PAPER_FULL_MODEL', 'min_active_batch_size': 8, 'model': 'DeepSeek-R1-Distill-Llama-8B', 'output_tokens': 64, 'p95_tpot_ms': 165.20421174936928, 'page_batch_pack_calls': 0, 'peak_cuda_allocated_bytes': 19270918144, 'peak_cuda_reserved_bytes': 19809697792, 'physical_gpu': 1, 'prefill_calls_in_timed_window': 0, 'prefill_prep_s': 13.280672530876473, 'prefill_tokens_in_timed_window': 0, 'refill_calls_in_timed_window': 0, 'run_index': -1, 'run_valid': True, 'scheduler': 'FIFO', 'scheduler_overhead_s': 0.0, 'scope': 'full_model_decode_serving', 'serial_attention_dispatches': 0, 'serial_mlp_request_dispatches': 0, 'serial_request_forward_dispatches': 0, 'serial_rmsnorm_request_dispatches': 0, 'throughput_tokens_s': 48.42263332075939, 'total_requests': 8, 'true_batch_preserved': True, 'wall_time_s': 1.3216959841083735, 'warmup': True, 'workload_hash': '291de5a55656f9eabb3368f990600601c0166a00ec4ac2cc8b74b8cf62237295'}",291de5a55656f9eabb3368f990600601c0166a00ec4ac2cc8b74b8cf62237295,0,"
Loading checkpoint shards:   0%|          | 0/2 [00:00<?, ?it/s]
Loading checkpoint shards:  50%|█████     | 1/2 [00:00<00:00,  1.02it/s]
Loading checkpoint shards: 100%|██████████| 2/2 [00:01<00:00,  1.20it/s]
Loading checkpoint shards: 100%|██████████| 2/2 [00:01<00:00,  1.17it/s]
"
1,8,True,saturated_steady_state,8,,8,True,2048,8,1333.8530787732452,17141810176,19878903808,,0,1,1,19410804736,19878903808,True,0978f629f1397e337b3d58b0b9741535ce3df2ee,GPU-624f86d9-284b-cb46-a671-51d77559dab6,0,0,30442.16598989442,,19410804736,8,8.0,168.1135599501431,166.7227119905874,166.7227119905874,0,CAUSAL_V4_25_FULL_MODEL,,8,fused_page,DeepSeek-R1-Distill-Llama-8B,"{'head_dim': 128, 'hidden_size': 4096, 'num_attention_heads': 32, 'num_hidden_layers': 32, 'num_key_value_heads': 8}",64,166.7227119905874,0,19410804736,19878903808,batch_scaling,1,0,30.44206657796167,0,expandable_segments:True,0,0,True,FIFO,0.0,full_model_decode_serving,1,0,0,0,0,PASS,True,0,47.98129645497485,8,True,1.3338530787732452,False,"{'active_capacity': 8, 'arrival_protocol': 'saturated_steady_state', 'completed_requests': 8, 'compressed_domain_runtime_preserved': True, 'context_length': 2048, 'decode_length': 8, 'decode_only_wall_ms': 1370.5088798888028, 'decode_window_peak_cuda_allocated_bytes': 17141810176, 'decode_window_peak_cuda_reserved_bytes': 19753074688, 'fallback_count': 0, 'full_lifecycle_peak_cuda_allocated_bytes': 19410804736, 'full_lifecycle_peak_cuda_reserved_bytes': 19753074688, 'full_model_forward_executed': True, 'historical_fp16_k_materialization': 0, 'historical_fp16_v_materialization': 0, 'initial_prefill_ms': 32330.286782002077, 'invalid_reason': '', 'kv_pool_bytes': 19410804736, 'max_active_batch_size': 8, 'mean_active_batch_size': 8.0, 'mean_decode_first_token_ms': 205.80161386169493, 'mean_tpot_ms': 171.3048421079293, 'median_tpot_ms': 171.3048421079293, 'membership_changes_in_timed_window': 0, 'method': 'CAUSAL_V4_25_FULL_MODEL', 'min_active_batch_size': 8, 'model': 'DeepSeek-R1-Distill-Llama-8B', 'output_tokens': 64, 'p95_tpot_ms': 171.3048421079293, 'page_batch_pack_calls': 0, 'peak_cuda_allocated_bytes': 19410804736, 'peak_cuda_reserved_bytes': 19753074688, 'physical_gpu': 1, 'prefill_calls_in_timed_window': 0, 'prefill_prep_s': 32.33014697115868, 'prefill_tokens_in_timed_window': 0, 'refill_calls_in_timed_window': 0, 'run_index': -1, 'run_valid': True, 'scheduler': 'FIFO', 'scheduler_overhead_s': 0.0, 'scope': 'full_model_decode_serving', 'serial_attention_dispatches': 0, 'serial_mlp_request_dispatches': 0, 'serial_request_forward_dispatches': 0, 'serial_rmsnorm_request_dispatches': 0, 'throughput_tokens_s': 46.69798272681946, 'total_requests': 8, 'true_batch_preserved': True, 'wall_time_s': 1.3705088798888028, 'warmup': True, 'workload_hash': '291de5a55656f9eabb3368f990600601c0166a00ec4ac2cc8b74b8cf62237295'}",291de5a55656f9eabb3368f990600601c0166a00ec4ac2cc8b74b8cf62237295,0,"
Loading checkpoint shards:   0%|          | 0/2 [00:00<?, ?it/s]
Loading checkpoint shards:  50%|█████     | 1/2 [00:00<00:00,  1.05it/s]
Loading checkpoint shards: 100%|██████████| 2/2 [00:01<00:00,  1.10it/s]
Loading checkpoint shards: 100%|██████████| 2/2 [00:01<00:00,  1.09it/s]
"
1,8,True,saturated_steady_state,8,,8,False,2048,8,503.3935019746423,16656828928,18947768320,,0,1,1,18441216000,18947768320,True,0978f629f1397e337b3d58b0b9741535ce3df2ee,GPU-624f86d9-284b-cb46-a671-51d77559dab6,,,3902.717304881662,,18441216000,8,8.0,64.28328691981733,62.91639112168923,62.91639112168923,0,KIVI_PAPER_G128_FULL_MODEL,"{'asym': True, 'backend_method': 'kivi_official', 'cache_mode': None, 'compact_kernel_storage_note': 'Packed payload plus FP16 scale/min; Python cache may store indices/masks at wider tensor dtypes.', 'group_size': 128, 'initial_pattern_count': None, 'k_bits': 2, 'key_quant_axis': 'per-channel: quantize transposed K along token axis', 'kivi_quantized_region_theoretical_bits': 2.25, 'method': 'kivi_paper_g128', 'mixed_key_int4_ratio': 0.0, 'mixed_key_mask_path': '', 'pattern_group': None, 'pattern_selection_position': None, 'patternkv_cache_path': None, 'quantized_region_affine_bits': 2.25, 'recent_length': 128, 'residual_length': 128, 'sink_length': 0, 'v_bits': 2, 'value_quant_axis': 'per-token: quantize V along head_dim axis'}",8,,DeepSeek-R1-Distill-Llama-8B,"{'head_dim': 128, 'hidden_size': 4096, 'num_attention_heads': 32, 'num_hidden_layers': 32, 'num_key_value_heads': 8}",64,62.91639112168923,0,18441216000,18947768320,batch_scaling,1,0,3.9026211409363896,0,expandable_segments:True,0,1,True,FIFO,0.0,full_model_decode_serving,1,0,0,0,0,PASS,True,0,127.13711986537305,8,True,0.5033935019746423,False,"{'active_capacity': 8, 'arrival_protocol': 'saturated_steady_state', 'completed_requests': 8, 'compressed_domain_runtime_preserved': False, 'context_length': 2048, 'decode_length': 8, 'decode_only_wall_ms': 559.1545309871435, 'decode_window_peak_cuda_allocated_bytes': 16656828928, 'decode_window_peak_cuda_reserved_bytes': 18947768320, 'fallback_count': 0, 'full_lifecycle_peak_cuda_allocated_bytes': 18441216000, 'full_lifecycle_peak_cuda_reserved_bytes': 18947768320, 'full_model_forward_executed': True, 'historical_fp16_k_materialization': None, 'historical_fp16_v_materialization': None, 'initial_prefill_ms': 5451.66130294092, 'invalid_reason': '', 'kv_pool_bytes': 18441216000, 'max_active_batch_size': 8, 'mean_active_batch_size': 8.0, 'mean_decode_first_token_ms': 102.20724204555154, 'mean_tpot_ms': 69.88710712175816, 'median_tpot_ms': 69.88710712175816, 'membership_changes_in_timed_window': 0, 'method': 'KIVI_PAPER_G128_FULL_MODEL', 'min_active_batch_size': 8, 'model': 'DeepSeek-R1-Distill-Llama-8B', 'output_tokens': 64, 'p95_tpot_ms': 69.88710712175816, 'page_batch_pack_calls': 0, 'peak_cuda_allocated_bytes': 18441216000, 'peak_cuda_reserved_bytes': 18947768320, 'physical_gpu': 1, 'prefill_calls_in_timed_window': 0, 'prefill_prep_s': 5.4515599720180035, 'prefill_tokens_in_timed_window': 0, 'refill_calls_in_timed_window': 0, 'run_index': -1, 'run_valid': True, 'scheduler': 'FIFO', 'scheduler_overhead_s': 0.0, 'scope': 'full_model_decode_serving', 'serial_attention_dispatches': 0, 'serial_mlp_request_dispatches': 0, 'serial_request_forward_dispatches': 0, 'serial_rmsnorm_request_dispatches': 0, 'throughput_tokens_s': 114.45851987824012, 'total_requests': 8, 'true_batch_preserved': True, 'wall_time_s': 0.5591545309871435, 'warmup': True, 'workload_hash': '291de5a55656f9eabb3368f990600601c0166a00ec4ac2cc8b74b8cf62237295'}",291de5a55656f9eabb3368f990600601c0166a00ec4ac2cc8b74b8cf62237295,0,"
Loading checkpoint shards:   0%|          | 0/2 [00:00<?, ?it/s]
Loading checkpoint shards:  50%|█████     | 1/2 [00:00<00:00,  1.05it/s]
Loading checkpoint shards: 100%|██████████| 2/2 [00:01<00:00,  1.22it/s]
Loading checkpoint shards: 100%|██████████| 2/2 [00:01<00:00,  1.19it/s]
"
1,8,True,saturated_steady_state,8,segmented_rolling,8,False,2048,8,1313.0522051360458,16884483072,19788726272,,0,1,1,19270918144,19788726272,True,0978f629f1397e337b3d58b0b9741535ce3df2ee,GPU-624f86d9-284b-cb46-a671-51d77559dab6,,,11701.215062988922,,19270918144,8,8.0,164.68225000426173,164.12272112211213,164.12272112211213,0,PATTERNKV_PAPER_FULL_MODEL,"{'asym': True, 'backend_method': 'patternkv', 'cache_mode': '', 'compact_kernel_storage_note': 'Packed payload plus FP16 scale/min; Python cache may store indices/masks at wider tensor dtypes.', 'group_size': 128, 'initial_pattern_count': 32, 'k_bits': 2, 'key_quant_axis': 'per-channel: quantize transposed K along token axis', 'kivi_quantized_region_theoretical_bits': None, 'method': 'patternkv_paper', 'mixed_key_int4_ratio': 0.0, 'mixed_key_mask_path': '', 'pattern_group': 128, 'pattern_selection_position': 'post-RoPE key/value states', 'patternkv_cache_path': '', 'quantized_region_affine_bits': 2.25, 'recent_length': 128, 'residual_length': 128, 'sink_length': 0, 'v_bits': 2, 'value_quant_axis': 'per-token: quantize V residual/centroids along head_dim axis'}",8,,DeepSeek-R1-Distill-Llama-8B,"{'head_dim': 128, 'hidden_size': 4096, 'num_attention_heads': 32, 'num_hidden_layers': 32, 'num_key_value_heads': 8, 'patternkv_v4_budget_fraction': 0.0, 'patternkv_v_precision_selector': 'base_v2'}",64,164.12272112211213,0,19270918144,19788726272,batch_scaling,1,0,11.70110916509293,0,expandable_segments:True,0,1,True,FIFO,0.0,full_model_decode_serving,1,0,0,0,0,PASS,True,0,48.74139790456309,8,True,1.3130522051360458,False,"{'active_capacity': 8, 'arrival_protocol': 'saturated_steady_state', 'completed_requests': 8, 'compressed_domain_runtime_preserved': False, 'context_length': 2048, 'decode_length': 8, 'decode_only_wall_ms': 1354.5239169616252, 'decode_window_peak_cuda_allocated_bytes': 16884483072, 'decode_window_peak_cuda_reserved_bytes': 19809697792, 'fallback_count': 0, 'full_lifecycle_peak_cuda_allocated_bytes': 19270918144, 'full_lifecycle_peak_cuda_reserved_bytes': 19809697792, 'full_model_forward_executed': True, 'historical_fp16_k_materialization': None, 'historical_fp16_v_materialization': None, 'initial_prefill_ms': 13430.143564939499, 'invalid_reason': '', 'kv_pool_bytes': 19270918144, 'max_active_batch_size': 8, 'mean_active_batch_size': 8.0, 'mean_decode_first_token_ms': 195.6223549786955, 'mean_tpot_ms': 169.3064806459006, 'median_tpot_ms': 169.3064806459006, 'membership_changes_in_timed_window': 0, 'method': 'PATTERNKV_PAPER_FULL_MODEL', 'min_active_batch_size': 8, 'model': 'DeepSeek-R1-Distill-Llama-8B', 'output_tokens': 64, 'p95_tpot_ms': 169.3064806459006, 'page_batch_pack_calls': 0, 'peak_cuda_allocated_bytes': 19270918144, 'peak_cuda_reserved_bytes': 19809697792, 'physical_gpu': 1, 'prefill_calls_in_timed_window': 0, 'prefill_prep_s': 13.430019691120833, 'prefill_tokens_in_timed_window': 0, 'refill_calls_in_timed_window': 0, 'run_index': -1, 'run_valid': True, 'scheduler': 'FIFO', 'scheduler_overhead_s': 0.0, 'scope': 'full_model_decode_serving', 'serial_attention_dispatches': 0, 'serial_mlp_request_dispatches': 0, 'serial_request_forward_dispatches': 0, 'serial_rmsnorm_request_dispatches': 0, 'throughput_tokens_s': 47.24907341877019, 'total_requests': 8, 'true_batch_preserved': True, 'wall_time_s': 1.3545239169616252, 'warmup': True, 'workload_hash': '291de5a55656f9eabb3368f990600601c0166a00ec4ac2cc8b74b8cf62237295'}",291de5a55656f9eabb3368f990600601c0166a00ec4ac2cc8b74b8cf62237295,0,"
Loading checkpoint shards:   0%|          | 0/2 [00:00<?, ?it/s]
Loading checkpoint shards:  50%|█████     | 1/2 [00:00<00:00,  1.06it/s]
Loading checkpoint shards: 100%|██████████| 2/2 [00:01<00:00,  1.11it/s]
Loading checkpoint shards: 100%|██████████| 2/2 [00:01<00:00,  1.10it/s]
"
1,8,True,saturated_steady_state,8,,8,True,2048,8,1326.765260193497,17141810176,19878903808,,0,1,1,19410804736,19878903808,True,0978f629f1397e337b3d58b0b9741535ce3df2ee,GPU-624f86d9-284b-cb46-a671-51d77559dab6,0,0,30176.3115208596,,19410804736,8,8.0,167.10040904581547,165.83777064806782,165.83777064806782,0,CAUSAL_V4_25_FULL_MODEL,,8,fused_page,DeepSeek-R1-Distill-Llama-8B,"{'head_dim': 128, 'hidden_size': 4096, 'num_attention_heads': 32, 'num_hidden_layers': 32, 'num_key_value_heads': 8}",64,165.83777064806782,0,19410804736,19878903808,batch_scaling,1,0,30.176193431951106,0,expandable_segments:True,0,1,True,FIFO,0.0,full_model_decode_serving,1,0,0,0,0,PASS,True,0,48.23762116794207,8,True,1.326765260193497,False,"{'active_capacity': 8, 'arrival_protocol': 'saturated_steady_state', 'completed_requests': 8, 'compressed_domain_runtime_preserved': True, 'context_length': 2048, 'decode_length': 8, 'decode_only_wall_ms': 1382.1160970255733, 'decode_window_peak_cuda_allocated_bytes': 17141810176, 'decode_window_peak_cuda_reserved_bytes': 19753074688, 'fallback_count': 0, 'full_lifecycle_peak_cuda_allocated_bytes': 19410804736, 'full_lifecycle_peak_cuda_reserved_bytes': 19753074688, 'full_model_forward_executed': True, 'historical_fp16_k_materialization': 0, 'historical_fp16_v_materialization': 0, 'initial_prefill_ms': 32107.290543150157, 'invalid_reason': '', 'kv_pool_bytes': 19410804736, 'max_active_batch_size': 8, 'mean_active_batch_size': 8.0, 'mean_decode_first_token_ms': 205.33927506767213, 'mean_tpot_ms': 172.75585437892005, 'median_tpot_ms': 172.75585437892005, 'membership_changes_in_timed_window': 0, 'method': 'CAUSAL_V4_25_FULL_MODEL', 'min_active_batch_size': 8, 'model': 'DeepSeek-R1-Distill-Llama-8B', 'output_tokens': 64, 'p95_tpot_ms': 172.75585437892005, 'page_batch_pack_calls': 0, 'peak_cuda_allocated_bytes': 19410804736, 'peak_cuda_reserved_bytes': 19753074688, 'physical_gpu': 1, 'prefill_calls_in_timed_window': 0, 'prefill_prep_s': 32.107151361880824, 'prefill_tokens_in_timed_window': 0, 'refill_calls_in_timed_window': 0, 'run_index': -1, 'run_valid': True, 'scheduler': 'FIFO', 'scheduler_overhead_s': 0.0, 'scope': 'full_model_decode_serving', 'serial_attention_dispatches': 0, 'serial_mlp_request_dispatches': 0, 'serial_request_forward_dispatches': 0, 'serial_rmsnorm_request_dispatches': 0, 'throughput_tokens_s': 46.30580610249257, 'total_requests': 8, 'true_batch_preserved': True, 'wall_time_s': 1.3821160970255733, 'warmup': True, 'workload_hash': '291de5a55656f9eabb3368f990600601c0166a00ec4ac2cc8b74b8cf62237295'}",291de5a55656f9eabb3368f990600601c0166a00ec4ac2cc8b74b8cf62237295,0,"
Loading checkpoint shards:   0%|          | 0/2 [00:00<?, ?it/s]
Loading checkpoint shards:  50%|█████     | 1/2 [00:01<00:01,  1.02s/it]
Loading checkpoint shards: 100%|██████████| 2/2 [00:01<00:00,  1.17it/s]
Loading checkpoint shards: 100%|██████████| 2/2 [00:01<00:00,  1.13it/s]
"
1,8,True,saturated_steady_state,8,,8,False,2048,8,323.53892480023205,20413852672,20789067776,,0,1,1,20413852672,20789067776,True,0978f629f1397e337b3d58b0b9741535ce3df2ee,GPU-624f86d9-284b-cb46-a671-51d77559dab6,,,3787.4415828846395,,20413852672,8,8.0,41.28495487384498,40.434371621813625,40.434371621813625,0,FP16_FULL_MODEL,,8,,DeepSeek-R1-Distill-Llama-8B,"{'head_dim': 128, 'hidden_size': 4096, 'num_attention_heads': 32, 'num_hidden_layers': 32, 'num_key_value_heads': 8}",64,40.434371621813625,0,20413852672,20789067776,batch_scaling,1,0,3.7873386228457093,0,expandable_segments:True,0,1,True,FIFO,0.0,full_model_decode_serving,1,0,0,0,0,PASS,True,0,197.81236535763531,8,True,0.32353892480023205,False,"{'active_capacity': 8, 'arrival_protocol': 'saturated_steady_state', 'completed_requests': 8, 'compressed_domain_runtime_preserved': False, 'context_length': 2048, 'decode_length': 8, 'decode_only_wall_ms': 339.8292020428926, 'decode_window_peak_cuda_allocated_bytes': 20413852672, 'decode_window_peak_cuda_reserved_bytes': 20789067776, 'fallback_count': 0, 'full_lifecycle_peak_cuda_allocated_bytes': 20413852672, 'full_lifecycle_peak_cuda_reserved_bytes': 20789067776, 'full_model_forward_executed': True, 'historical_fp16_k_materialization': None, 'historical_fp16_v_materialization': None, 'initial_prefill_ms': 4254.962835926563, 'invalid_reason': '', 'kv_pool_bytes': 20413852672, 'max_active_batch_size': 8, 'mean_active_batch_size': 8.0, 'mean_decode_first_token_ms': 58.60914499498904, 'mean_tpot_ms': 42.470559623325244, 'median_tpot_ms': 42.470559623325244, 'membership_changes_in_timed_window': 0, 'method': 'FP16_FULL_MODEL', 'min_active_batch_size': 8, 'model': 'DeepSeek-R1-Distill-Llama-8B', 'output_tokens': 64, 'p95_tpot_ms': 42.470559623325244, 'page_batch_pack_calls': 0, 'peak_cuda_allocated_bytes': 20413852672, 'peak_cuda_reserved_bytes': 20789067776, 'physical_gpu': 1, 'prefill_calls_in_timed_window': 0, 'prefill_prep_s': 4.254859917098656, 'prefill_tokens_in_timed_window': 0, 'refill_calls_in_timed_window': 0, 'run_index': -1, 'run_valid': True, 'scheduler': 'FIFO', 'scheduler_overhead_s': 0.0, 'scope': 'full_model_decode_serving', 'serial_attention_dispatches': 0, 'serial_mlp_request_dispatches': 0, 'serial_request_forward_dispatches': 0, 'serial_rmsnorm_request_dispatches': 0, 'throughput_tokens_s': 188.32990106577728, 'total_requests': 8, 'true_batch_preserved': True, 'wall_time_s': 0.3398292020428926, 'warmup': True, 'workload_hash': '291de5a55656f9eabb3368f990600601c0166a00ec4ac2cc8b74b8cf62237295'}",291de5a55656f9eabb3368f990600601c0166a00ec4ac2cc8b74b8cf62237295,0,"You are attempting to use Flash Attention 2.0 with a model not initialized on GPU. Make sure to move the model to GPU after initializing it on CPU with `model.to('cuda')`.

Loading checkpoint shards:   0%|          | 0/2 [00:00<?, ?it/s]
Loading checkpoint shards:  50%|█████     | 1/2 [00:01<00:01,  1.04s/it]
Loading checkpoint shards: 100%|██████████| 2/2 [00:01<00:00,  1.16it/s]
Loading checkpoint shards: 100%|██████████| 2/2 [00:01<00:00,  1.13it/s]
We detected that you are passing `past_key_values` as a tuple and this is deprecated and will be removed in v4.43. Please use an appropriate `Cache` class (https://huggingface.co/docs/transformers/v4.41.3/en/internal/generation_utils#transformers.Cache)
"
1,8,True,saturated_steady_state,8,segmented_rolling,8,False,2048,8,1302.4449988733977,16884483072,19788726272,,0,1,1,19270918144,19788726272,True,0978f629f1397e337b3d58b0b9741535ce3df2ee,GPU-624f86d9-284b-cb46-a671-51d77559dab6,,,11600.895090028644,,19270918144,8,8.0,162.369878962636,162.79733361443505,162.79733361443505,0,PATTERNKV_PAPER_FULL_MODEL,"{'asym': True, 'backend_method': 'patternkv', 'cache_mode': '', 'compact_kernel_storage_note': 'Packed payload plus FP16 scale/min; Python cache may store indices/masks at wider tensor dtypes.', 'group_size': 128, 'initial_pattern_count': 32, 'k_bits': 2, 'key_quant_axis': 'per-channel: quantize transposed K along token axis', 'kivi_quantized_region_theoretical_bits': None, 'method': 'patternkv_paper', 'mixed_key_int4_ratio': 0.0, 'mixed_key_mask_path': '', 'pattern_group': 128, 'pattern_selection_position': 'post-RoPE key/value states', 'patternkv_cache_path': '', 'quantized_region_affine_bits': 2.25, 'recent_length': 128, 'residual_length': 128, 'sink_length': 0, 'v_bits': 2, 'value_quant_axis': 'per-token: quantize V residual/centroids along head_dim axis'}",8,,DeepSeek-R1-Distill-Llama-8B,"{'head_dim': 128, 'hidden_size': 4096, 'num_attention_heads': 32, 'num_hidden_layers': 32, 'num_key_value_heads': 8, 'patternkv_v4_budget_fraction': 0.0, 'patternkv_v_precision_selector': 'base_v2'}",64,162.79733361443505,0,19270918144,19788726272,batch_scaling,1,0,11.600807257927954,0,expandable_segments:True,0,2,True,FIFO,0.0,full_model_decode_serving,1,0,0,0,0,PASS,True,0,49.13835137403835,8,True,1.3024449988733977,False,"{'active_capacity': 8, 'arrival_protocol': 'saturated_steady_state', 'completed_requests': 8, 'compressed_domain_runtime_preserved': False, 'context_length': 2048, 'decode_length': 8, 'decode_only_wall_ms': 1332.3737969622016, 'decode_window_peak_cuda_allocated_bytes': 16884483072, 'decode_window_peak_cuda_reserved_bytes': 19809697792, 'fallback_count': 0, 'full_lifecycle_peak_cuda_allocated_bytes': 19270918144, 'full_lifecycle_peak_cuda_reserved_bytes': 19809697792, 'full_model_forward_executed': True, 'historical_fp16_k_materialization': None, 'historical_fp16_v_materialization': None, 'initial_prefill_ms': 13294.507005950436, 'invalid_reason': '', 'kv_pool_bytes': 19270918144, 'max_active_batch_size': 8, 'mean_active_batch_size': 8.0, 'mean_decode_first_token_ms': 194.74054710008204, 'mean_tpot_ms': 166.53825438697822, 'median_tpot_ms': 166.53825438697822, 'membership_changes_in_timed_window': 0, 'method': 'PATTERNKV_PAPER_FULL_MODEL', 'min_active_batch_size': 8, 'model': 'DeepSeek-R1-Distill-Llama-8B', 'output_tokens': 64, 'p95_tpot_ms': 166.53825438697822, 'page_batch_pack_calls': 0, 'peak_cuda_allocated_bytes': 19270918144, 'peak_cuda_reserved_bytes': 19809697792, 'physical_gpu': 1, 'prefill_calls_in_timed_window': 0, 'prefill_prep_s': 13.294397102901712, 'prefill_tokens_in_timed_window': 0, 'refill_calls_in_timed_window': 0, 'run_index': -1, 'run_valid': True, 'scheduler': 'FIFO', 'scheduler_overhead_s': 0.0, 'scope': 'full_model_decode_serving', 'serial_attention_dispatches': 0, 'serial_mlp_request_dispatches': 0, 'serial_request_forward_dispatches': 0, 'serial_rmsnorm_request_dispatches': 0, 'throughput_tokens_s': 48.03456818643487, 'total_requests': 8, 'true_batch_preserved': True, 'wall_time_s': 1.3323737969622016, 'warmup': True, 'workload_hash': '291de5a55656f9eabb3368f990600601c0166a00ec4ac2cc8b74b8cf62237295'}",291de5a55656f9eabb3368f990600601c0166a00ec4ac2cc8b74b8cf62237295,0,"
Loading checkpoint shards:   0%|          | 0/2 [00:00<?, ?it/s]
Loading checkpoint shards:  50%|█████     | 1/2 [00:00<00:00,  1.09it/s]
Loading checkpoint shards: 100%|██████████| 2/2 [00:01<00:00,  1.10it/s]
Loading checkpoint shards: 100%|██████████| 2/2 [00:01<00:00,  1.10it/s]
"
1,8,True,saturated_steady_state,8,,8,True,2048,8,1327.4541310966015,17141810176,19878903808,,0,1,1,19410804736,19878903808,True,0978f629f1397e337b3d58b0b9741535ce3df2ee,GPU-624f86d9-284b-cb46-a671-51d77559dab6,0,0,30113.853571936488,,19410804736,8,8.0,167.19444817863405,165.92327726539224,165.92327726539224,0,CAUSAL_V4_25_FULL_MODEL,,8,fused_page,DeepSeek-R1-Distill-Llama-8B,"{'head_dim': 128, 'hidden_size': 4096, 'num_attention_heads': 32, 'num_hidden_layers': 32, 'num_key_value_heads': 8}",64,165.92327726539224,0,19410804736,19878903808,batch_scaling,1,0,30.113747836090624,0,expandable_segments:True,0,2,True,FIFO,0.0,full_model_decode_serving,1,0,0,0,0,PASS,True,0,48.21258866935764,8,True,1.3274541310966015,False,"{'active_capacity': 8, 'arrival_protocol': 'saturated_steady_state', 'completed_requests': 8, 'compressed_domain_runtime_preserved': True, 'context_length': 2048, 'decode_length': 8, 'decode_only_wall_ms': 1357.6737048570067, 'decode_window_peak_cuda_allocated_bytes': 17141810176, 'decode_window_peak_cuda_reserved_bytes': 19753074688, 'fallback_count': 0, 'full_lifecycle_peak_cuda_allocated_bytes': 19410804736, 'full_lifecycle_peak_cuda_reserved_bytes': 19753074688, 'full_model_forward_executed': True, 'historical_fp16_k_materialization': 0, 'historical_fp16_v_materialization': 0, 'initial_prefill_ms': 32018.172501120716, 'invalid_reason': '', 'kv_pool_bytes': 19410804736, 'max_active_batch_size': 8, 'mean_active_batch_size': 8.0, 'mean_decode_first_token_ms': 205.77276381663978, 'mean_tpot_ms': 169.7002858563792, 'median_tpot_ms': 169.7002858563792, 'membership_changes_in_timed_window': 0, 'method': 'CAUSAL_V4_25_FULL_MODEL', 'min_active_batch_size': 8, 'model': 'DeepSeek-R1-Distill-Llama-8B', 'output_tokens': 64, 'p95_tpot_ms': 169.7002858563792, 'page_batch_pack_calls': 0, 'peak_cuda_allocated_bytes': 19410804736, 'peak_cuda_reserved_bytes': 19753074688, 'physical_gpu': 1, 'prefill_calls_in_timed_window': 0, 'prefill_prep_s': 32.018043604912236, 'prefill_tokens_in_timed_window': 0, 'refill_calls_in_timed_window': 0, 'run_index': -1, 'run_valid': True, 'scheduler': 'FIFO', 'scheduler_overhead_s': 0.0, 'scope': 'full_model_decode_serving', 'serial_attention_dispatches': 0, 'serial_mlp_request_dispatches': 0, 'serial_request_forward_dispatches': 0, 'serial_rmsnorm_request_dispatches': 0, 'throughput_tokens_s': 47.13945609393726, 'total_requests': 8, 'true_batch_preserved': True, 'wall_time_s': 1.3576737048570067, 'warmup': True, 'workload_hash': '291de5a55656f9eabb3368f990600601c0166a00ec4ac2cc8b74b8cf62237295'}",291de5a55656f9eabb3368f990600601c0166a00ec4ac2cc8b74b8cf62237295,0,"
Loading checkpoint shards:   0%|          | 0/2 [00:00<?, ?it/s]
Loading checkpoint shards:  50%|█████     | 1/2 [00:00<00:00,  1.04it/s]
Loading checkpoint shards: 100%|██████████| 2/2 [00:01<00:00,  1.21it/s]
Loading checkpoint shards: 100%|██████████| 2/2 [00:01<00:00,  1.18it/s]
"
1,8,True,saturated_steady_state,8,,8,False,2048,8,322.7623039856553,20413852672,20789067776,,0,1,1,20413852672,20789067776,True,0978f629f1397e337b3d58b0b9741535ce3df2ee,GPU-624f86d9-284b-cb46-a671-51d77559dab6,,,3785.710043972358,,20413852672,8,8.0,41.26504692249,40.33829411491752,40.33829411491752,0,FP16_FULL_MODEL,,8,,DeepSeek-R1-Distill-Llama-8B,"{'head_dim': 128, 'hidden_size': 4096, 'num_attention_heads': 32, 'num_hidden_layers': 32, 'num_key_value_heads': 8}",64,40.33829411491752,0,20413852672,20789067776,batch_scaling,1,0,3.7856202009133995,0,expandable_segments:True,0,2,True,FIFO,0.0,full_model_decode_serving,1,0,0,0,0,PASS,True,0,198.28833543970606,8,True,0.3227623039856553,False,"{'active_capacity': 8, 'arrival_protocol': 'saturated_steady_state', 'completed_requests': 8, 'compressed_domain_runtime_preserved': False, 'context_length': 2048, 'decode_length': 8, 'decode_only_wall_ms': 331.7455230280757, 'decode_window_peak_cuda_allocated_bytes': 20413852672, 'decode_window_peak_cuda_reserved_bytes': 20789067776, 'fallback_count': 0, 'full_lifecycle_peak_cuda_allocated_bytes': 20413852672, 'full_lifecycle_peak_cuda_reserved_bytes': 20789067776, 'full_model_forward_executed': True, 'historical_fp16_k_materialization': None, 'historical_fp16_v_materialization': None, 'initial_prefill_ms': 4264.73737298511, 'invalid_reason': '', 'kv_pool_bytes': 20413852672, 'max_active_batch_size': 8, 'mean_active_batch_size': 8.0, 'mean_decode_first_token_ms': 55.21248606964946, 'mean_tpot_ms': 41.461284505203366, 'median_tpot_ms': 41.461284505203366, 'membership_changes_in_timed_window': 0, 'method': 'FP16_FULL_MODEL', 'min_active_batch_size': 8, 'model': 'DeepSeek-R1-Distill-Llama-8B', 'output_tokens': 64, 'p95_tpot_ms': 41.461284505203366, 'page_batch_pack_calls': 0, 'peak_cuda_allocated_bytes': 20413852672, 'peak_cuda_reserved_bytes': 20789067776, 'physical_gpu': 1, 'prefill_calls_in_timed_window': 0, 'prefill_prep_s': 4.264638794120401, 'prefill_tokens_in_timed_window': 0, 'refill_calls_in_timed_window': 0, 'run_index': -1, 'run_valid': True, 'scheduler': 'FIFO', 'scheduler_overhead_s': 0.0, 'scope': 'full_model_decode_serving', 'serial_attention_dispatches': 0, 'serial_mlp_request_dispatches': 0, 'serial_request_forward_dispatches': 0, 'serial_rmsnorm_request_dispatches': 0, 'throughput_tokens_s': 192.9189561198198, 'total_requests': 8, 'true_batch_preserved': True, 'wall_time_s': 0.3317455230280757, 'warmup': True, 'workload_hash': '291de5a55656f9eabb3368f990600601c0166a00ec4ac2cc8b74b8cf62237295'}",291de5a55656f9eabb3368f990600601c0166a00ec4ac2cc8b74b8cf62237295,0,"You are attempting to use Flash Attention 2.0 with a model not initialized on GPU. Make sure to move the model to GPU after initializing it on CPU with `model.to('cuda')`.

Loading checkpoint shards:   0%|          | 0/2 [00:00<?, ?it/s]
Loading checkpoint shards:  50%|█████     | 1/2 [00:00<00:00,  1.06it/s]
Loading checkpoint shards: 100%|██████████| 2/2 [00:01<00:00,  1.10it/s]
Loading checkpoint shards: 100%|██████████| 2/2 [00:01<00:00,  1.10it/s]
We detected that you are passing `past_key_values` as a tuple and this is deprecated and will be removed in v4.43. Please use an appropriate `Cache` class (https://huggingface.co/docs/transformers/v4.41.3/en/internal/generation_utils#transformers.Cache)
"
1,8,True,saturated_steady_state,8,,8,False,2048,8,502.55372701212764,16656828928,18947768320,,0,1,1,18441216000,18947768320,True,0978f629f1397e337b3d58b0b9741535ce3df2ee,GPU-624f86d9-284b-cb46-a671-51d77559dab6,,,3908.2700449507684,,18441216000,8,8.0,62.189572025090456,62.812176009174436,62.812176009174436,0,KIVI_PAPER_G128_FULL_MODEL,"{'asym': True, 'backend_method': 'kivi_official', 'cache_mode': None, 'compact_kernel_storage_note': 'Packed payload plus FP16 scale/min; Python cache may store indices/masks at wider tensor dtypes.', 'group_size': 128, 'initial_pattern_count': None, 'k_bits': 2, 'key_quant_axis': 'per-channel: quantize transposed K along token axis', 'kivi_quantized_region_theoretical_bits': 2.25, 'method': 'kivi_paper_g128', 'mixed_key_int4_ratio': 0.0, 'mixed_key_mask_path': '', 'pattern_group': None, 'pattern_selection_position': None, 'patternkv_cache_path': None, 'quantized_region_affine_bits': 2.25, 'recent_length': 128, 'residual_length': 128, 'sink_length': 0, 'v_bits': 2, 'value_quant_axis': 'per-token: quantize V along head_dim axis'}",8,,DeepSeek-R1-Distill-Llama-8B,"{'head_dim': 128, 'hidden_size': 4096, 'num_attention_heads': 32, 'num_hidden_layers': 32, 'num_key_value_heads': 8}",64,62.812176009174436,0,18441216000,18947768320,batch_scaling,1,0,3.908175549004227,0,expandable_segments:True,0,2,True,FIFO,0.0,full_model_decode_serving,1,0,0,0,0,PASS,True,0,127.34956793675426,8,True,0.5025537270121276,False,"{'active_capacity': 8, 'arrival_protocol': 'saturated_steady_state', 'completed_requests': 8, 'compressed_domain_runtime_preserved': False, 'context_length': 2048, 'decode_length': 8, 'decode_only_wall_ms': 560.5280110612512, 'decode_window_peak_cuda_allocated_bytes': 16656828928, 'decode_window_peak_cuda_reserved_bytes': 18947768320, 'fallback_count': 0, 'full_lifecycle_peak_cuda_allocated_bytes': 18441216000, 'full_lifecycle_peak_cuda_reserved_bytes': 18947768320, 'full_model_forward_executed': True, 'historical_fp16_k_materialization': None, 'historical_fp16_v_materialization': None, 'initial_prefill_ms': 5447.147635975853, 'invalid_reason': '', 'kv_pool_bytes': 18441216000, 'max_active_batch_size': 8, 'mean_active_batch_size': 8.0, 'mean_decode_first_token_ms': 102.52444702200592, 'mean_tpot_ms': 70.0573006470222, 'median_tpot_ms': 70.0573006470222, 'membership_changes_in_timed_window': 0, 'method': 'KIVI_PAPER_G128_FULL_MODEL', 'min_active_batch_size': 8, 'model': 'DeepSeek-R1-Distill-Llama-8B', 'output_tokens': 64, 'p95_tpot_ms': 70.0573006470222, 'page_batch_pack_calls': 0, 'peak_cuda_allocated_bytes': 18441216000, 'peak_cuda_reserved_bytes': 18947768320, 'physical_gpu': 1, 'prefill_calls_in_timed_window': 0, 'prefill_prep_s': 5.447049359092489, 'prefill_tokens_in_timed_window': 0, 'refill_calls_in_timed_window': 0, 'run_index': -1, 'run_valid': True, 'scheduler': 'FIFO', 'scheduler_overhead_s': 0.0, 'scope': 'full_model_decode_serving', 'serial_attention_dispatches': 0, 'serial_mlp_request_dispatches': 0, 'serial_request_forward_dispatches': 0, 'serial_rmsnorm_request_dispatches': 0, 'throughput_tokens_s': 114.1780584324919, 'total_requests': 8, 'true_batch_preserved': True, 'wall_time_s': 0.5605280110612512, 'warmup': True, 'workload_hash': '291de5a55656f9eabb3368f990600601c0166a00ec4ac2cc8b74b8cf62237295'}",291de5a55656f9eabb3368f990600601c0166a00ec4ac2cc8b74b8cf62237295,0,"
Loading checkpoint shards:   0%|          | 0/2 [00:00<?, ?it/s]
Loading checkpoint shards:  50%|█████     | 1/2 [00:00<00:00,  1.05it/s]
Loading checkpoint shards: 100%|██████████| 2/2 [00:01<00:00,  1.23it/s]
Loading checkpoint shards: 100%|██████████| 2/2 [00:01<00:00,  1.20it/s]
"
